400 400
8120 7854 8174 8084 8578 7729 7844 7925 7912 7976 8005 8292 8104 7961 8698 7926 8301 8255 8433 7724 7846 8320 8260 8033 7796 7898 8407 7796 7679 8619 8131 8196 8079 8225 7844 8549 8086 8504 8147 8023 7887 8021 8193 8241 8065 7869 8029 7802 8038 8213 8613 8119 8351 8270 7902 7699 8391 7718 8174 8097 7681 8209 8343 8015 8241 8318 8262 7518 7739 7670 8254 8258 8310 7869 7774 7901 7824 8335 7585 8421 7746 7766 8247 8395 7829 8511 8590 8131 8513 7976 8330 7705 8402 8012 7806 8244 8050 8140 8068 7582 7783 8253 6933 7681 7763 8015 8157 8071 8034 7788 7995 8286 7825 7734 8063 8289 8593 7867 7829 7815 8588 7886 7793 7820 8114 8419 7890 7916 7927 8020 7881 7693 7758 8135 7805 8279 8142 7371 7846 7763 8082 8165 7968 8271 7641 8087 7474 7977 7854 8043 7573 8343 7947 8064 8024 7900 8790 7180 8005 8137 8250 8150 8653 8144 7626 7854 7687 8146 8201 7691 8057 8213 7729 7737 7619 7923 7748 7369 8124 8263 8049 7943 8779 8317 7699 7835 8130 7766 8666 7910 8018 8739 8135 8533 8128 7336 8307 7641 8021 8714 8491 8396 7946 7381 8044 8080 7981 7856 8163 8075 8413 7822 8226 7968 7601 7799 7842 7935 7566 8318 8154 8030 8034 8394 7732 8323 8383 8111 8374 7618 7812 7955 8365 7819 7645 8395 8187 7922 8413 7488 8247 7730 7924 8816 7954 7460 7790 7571 7772 7885 7748 7899 8103 7956 8374 8090 7707 7900 8130 8413 7753 7707 7673 7888 7600 7677 8616 7762 8069 7857 7657 7799 8307 7813 7756 8214 8058 8082 8199 7277 8421 8146 8063 7888 7651 7626 8118 8255 7649 8401 8533 8247 7976 8007 7236 7749 7891 7953 7701 7845 7777 7930 8069 7931 8233 8336 8246 8191 7606 7863 8357 7929 8134 8043 8223 8392 7832 8072 8113 7949 8315 8490 7952 8561 7913 8014 7843 8574 7727 7844 7769 8651 8245 8301 7700 7943 7785 8277 7979 7687 7896 7956 7304 8139 8079 7842 7456 8448 7924 8283 7699 7887 7833 8458 7750 8526 8222 7552 8225 7705 8406 8273 8470 7519 7573 7974 7942 7878 8605 8060 7953 8366 7829 7437 7822 8013 8137 8042 7988 7819 8294 7363 7868 7751 7813 7988 7683 8686 8176 8144 7796 8048 7985 7812 8011 7778 8012 7896 8146 8158 
7917 8135 8107 8072 8555 8301 8040 7785 8270 8156 8211 8182 8108 8003 8641 8057 8748 8246 8627 7603 8082 8471 8443 8026 8131 8173 8511 8052 8025 8663 7986 8255 8224 8387 7753 8275 8732 8180 8255 8561 8164 8457 8247 8249 8206 7810 7866 7598 7893 8314 8961 8236 8500 8025 8127 7885 8117 8309 7974 8165 8039 8435 8337 8190 8199 8222 8023 7780 7799 7959 8286 8496 8265 7782 8331 8266 7695 8415 7896 8409 7768 8701 8130 8653 7767 8401 8944 8445 8466 8261 8591 7751 8392 8220 7726 8568 8116 8386 8536 7718 7761 8196 7334 8057 8018 8201 7738 7799 8017 7838 7830 8651 8051 8142 8193 8029 8519 7711 8392 7712 8345 7979 7928 8000 8326 8345 8295 8374 8450 8119 7977 8002 7870 8488 7956 8560 8402 6968 8245 7767 8317 8410 8094 7988 8200 8128 7733 7836 8277 8416 8063 8529 8141 8410 8425 7926 8426 7633 8264 8382 8337 8476 8880 8399 8019 7916 8041 8435 8363 7752 8107 8427 7550 7961 7947 8097 7999 7594 8305 8384 8421 8174 8932 8539 7977 7539 8472 8170 8783 7901 8574 8929 8099 8685 8679 7361 8662 7560 8233 8761 8191 8117 8259 7238 8027 7815 8040 8092 7842 7817 8467 8172 8639 8154 7832 7714 8077 8161 7555 8181 8069 8326 8179 8309 7786 8391 8540 8239 8359 8137 7925 8352 8057 7618 7758 8591 8032 8095 8278 7570 8075 8073 7788 8664 8305 7240 7609 7773 7736 8413 7690 7944 8446 8372 8217 8066 7911 7696 8381 8235 8244 7901 7760 8358 7770 7664 8742 7643 7913 7450 8048 7667 7791 8346 8215 8272 8134 8185 7853 7268 8688 8194 8386 8202 7853 7857 8121 8395 7868 7977 8580 8583 7861 8304 7913 7863 8108 8062 7651 7820 8101 8006 8019 8357 8019 7947 8111 8446 7937 7948 8735 7884 8364 8247 8010 8536 8136 7802 8145 7952 8287 8155 8292 8686 8003 8347 8095 8497 7959 8191 7855 8460 8226 8576 8201 8485 7934 8410 7949 7877 8154 8158 7470 7910 8301 8105 7581 8500 7863 8495 7995 7837 8342 8784 7873 8178 7859 7777 8471 8028 8386 7967 8096 7880 7802 8522 8022 7947 8264 7958 7945 8288 7827 7934 8243 8218 8190 7908 8325 7838 8550 7678 7958 7988 7843 8518 8036 8471 8369 8114 7812 8373 8229 8334 8351 7998 7942 7418 8685 8322 
8015 7906 7908 7896 8559 7779 7599 7550 8124 7522 8059 7755 7919 7989 8667 7907 8573 8078 8215 7707 8184 7883 8096 8054 7693 7761 8144 7863 7800 8542 7678 7860 7862 7658 7492 8226 8336 8024 8126 8010 7936 7821 8098 8123 7753 7434 8081 7470 7872 8171 8684 8385 8089 8034 8049 7654 7895 7693 7631 7895 7724 8353 7782 8240 7819 8178 7708 7706 7516 7916 8234 8390 7961 7652 8153 7870 7656 7821 7626 8231 7954 8282 7865 8394 7882 8433 8474 8093 8472 8130 8294 7800 8047 7960 7785 8691 8040 7919 7962 7475 7844 8230 7122 7956 7868 7753 7422 7783 8297 7577 7547 8231 7478 8063 7931 8116 8281 7465 8047 7541 8627 7676 7520 7529 7714 8358 7790 7861 7833 7839 7741 7760 7579 8519 7924 8237 7950 7329 7429 7501 7891 7729 7935 7947 8130 8194 7422 7604 8211 8449 7821 8330 7925 7821 8069 7580 8640 7400 7892 8216 8130 7915 8490 8173 7421 8005 7672 7914 7595 7455 8092 8097 7743 7551 7744 7806 7910 7711 8066 8259 7829 7886 8050 8295 7653 7432 7997 7781 8050 7621 7953 8452 8038 8571 8100 7470 8423 7588 8142 8647 7629 8160 8010 7369 7953 7627 7705 7722 8061 8138 8172 7916 7904 7886 7774 7355 7878 7895 7638 7735 7931 7781 7974 8075 7309 8107 8335 8130 8127 7974 7826 8454 7814 7665 7885 8351 7955 7860 7975 7418 7914 7643 7539 8506 7965 7609 7695 7175 7749 8159 7766 7882 8207 7775 8100 8180 7735 7610 7943 8022 7660 7272 7450 8022 7522 7456 8206 7869 7755 7579 7883 7482 7595 7790 7830 8297 8082 8083 7792 7205 7940 7925 8119 7879 7864 7754 7774 8319 7770 8100 8248 7991 7798 7940 7781 7996 7473 7968 7705 8046 7786 7830 7739 7848 7831 8088 8204 7934 7623 7486 8447 7777 7828 8170 7812 8070 7851 7894 7728 8104 7974 8081 8015 8624 7957 7770 7834 7807 7731 7833 7865 8214 7904 8188 7631 7954 7872 8290 7634 7584 7344 7935 7615 7825 7886 7952 7693 8002 7893 8370 7847 7657 7979 8677 7698 8182 7938 7612 7998 7781 7875 8016 8269 7746 7879 8024 7726 7832 7987 7522 7914 7792 7424 7320 7766 8125 7977 7656 8102 7601 8094 7600 7876 8143 7651 8133 7770 8316 7940 8001 7763 7832 8234 7683 7998 7600 7897 7519 8217 8282 
8188 8575 8052 8296 8668 8334 7941 8529 8405 8346 8515 8623 8242 7961 9090 8285 9023 8076 8970 8134 8291 8422 8645 8296 8268 8089 8196 8378 8244 8838 8277 8499 8514 8380 8042 8491 8714 8389 8448 8724 8526 8760 8724 8513 8267 8356 8595 7880 8508 8585 9314 8973 8454 8246 8379 8328 8283 8421 8428 8769 8195 8788 8460 8413 8230 8314 8419 8072 8056 8376 8694 8805 8734 8125 8371 8622 8313 8417 8140 9063 8069 8695 8539 8525 8155 8860 9050 8780 8985 8333 8496 8115 8709 8365 8309 9108 8517 8321 8461 7744 8136 8170 7549 8365 8093 8389 8252 8246 8634 8046 8340 8681 8030 8312 8201 8816 8491 8160 8506 8107 8881 8280 8063 8075 8291 8781 8204 8714 8495 8403 8324 8368 8421 8870 8195 8615 8649 7458 8208 8157 8740 8700 8571 8490 8289 8612 8170 7988 8852 8776 8133 8765 8316 8325 8684 8515 9251 7608 8801 8239 8683 8797 8716 8399 7816 8329 8029 8648 8361 7765 8525 8512 8406 8121 8176 8468 8267 8125 8721 8742 8481 8138 8669 8625 8399 8102 8870 8177 9039 8085 8441 9299 8832 9254 9039 7739 8918 7906 8449 9261 8407 8737 8566 7698 8481 8230 8571 8155 8329 8428 8420 8166 8778 8205 7778 7798 8241 8241 8200 8281 8417 8392 8266 9235 7877 8569 8763 8343 8400 8034 8424 8992 8493 8073 8129 9009 8371 8259 8462 7959 8564 8182 8362 8957 8455 8047 8225 7749 8101 8678 8121 8417 8862 8205 8836 8623 8423 8435 8637 8633 8283 8070 8071 8587 7987 7941 9029 8000 8447 8355 8378 7789 8092 8651 8393 8702 8326 8512 8635 7699 9035 8423 8622 8187 7865 8355 8389 8925 8447 8549 8537 8660 8434 8726 7955 8399 8143 8836 8303 8605 8619 8663 8474 8397 8651 8602 8434 8726 8218 8134 8806 8099 8546 8524 8286 8884 7995 8252 8219 8619 8591 8625 8517 8845 7887 8678 8298 8601 8444 8661 8377 8673 8477 8617 7833 8658 8539 8553 8330 8596 8376 8493 8320 8458 8432 8642 8202 8741 8582 8655 8363 7807 8843 9012 7878 8859 8255 7819 8497 8154 8651 8386 8578 8003 8249 8391 8368 8132 8338 7981 8442 8229 8100 8165 8449 8803 8647 8263 8556 7987 8742 7881 8462 8513 8366 8579 8110 8961 8306 8344 8459 8339 8471 8506 8579 7879 8556 8024 8875 8979 
8337 8516 8559 8738 8700 8579 7999 8402 8331 8552 8514 8646 8156 8412 8884 8216 8942 8585 8646 7849 8500 8445 8666 8126 8615 8028 8854 8213 8331 8802 8369 8563 8278 8174 7950 8520 8636 8269 8713 8518 8803 8416 8218 8747 8541 7788 8376 8120 8810 8758 8970 8657 8323 8676 8562 7593 8205 8361 8797 8434 8528 8676 8554 8561 8581 8510 8375 8020 8447 8378 8391 8431 8907 8068 8301 8451 8200 8593 7755 8696 8034 8623 8494 8776 7963 8825 8847 8408 9034 8191 8538 8369 8605 8293 8312 8946 8603 8606 8343 7596 8234 8590 7691 8264 8166 8282 8110 8082 8861 7814 8036 8463 7999 8274 8681 8438 8740 8028 8732 8000 8919 8300 8005 8045 8363 8618 8223 8500 8504 8193 8515 8215 8213 8592 7930 8753 8690 7582 8360 8023 8579 8516 8344 8599 8331 8654 7999 8300 8496 8679 7703 8759 8315 8182 8584 8315 9231 7615 8713 8606 8470 8135 9018 8381 8200 8199 8520 8284 8540 8267 8070 8496 7935 8264 8098 8281 8537 7944 8565 8554 8427 8303 9054 8581 7883 8326 8709 8156 8743 8011 8379 9186 8359 8962 8240 7643 8785 7794 8237 9077 8591 8644 8163 8015 8445 8146 8374 8061 8307 8424 8664 8319 8666 8321 8272 7886 8076 8686 7857 8520 8194 8564 8666 8700 8148 8616 8726 8878 8512 8161 8108 8506 8064 8451 8059 8982 8385 8369 8447 7745 8742 8045 8206 9096 8180 7978 8216 7829 8140 8542 8079 8173 8569 8158 8344 8431 8217 7882 8309 8477 8126 8373 7737 8477 8223 8032 8837 8084 8136 8230 8243 7859 7973 8793 8125 8617 8568 8618 8247 7695 8598 8370 8116 8281 8088 8188 8415 8661 8255 8585 8576 8416 8101 8497 8088 8261 8206 8088 8314 7942 8285 8053 8386 8367 8415 8447 8374 8724 8253 8120 9020 8212 8418 8565 8645 9025 8233 8350 8310 8374 8664 8735 8394 8874 8123 8670 8626 8497 8189 8415 8251 8761 8619 8503 8123 8831 8392 8364 7886 8478 8157 8118 8130 8356 8284 8053 8051 8686 8217 8267 8403 7904 8559 8941 7815 8589 8215 8018 8751 8327 8571 8143 8262 8166 7947 8710 8432 8130 8443 8206 8214 8244 8134 8006 8081 8201 8733 8191 8586 8007 8253 8245 8215 8229 8396 8764 8190 8600 8033 8060 8306 8533 8559 8296 8298 7969 8399 7861 8768 8731 
8103 8138 8169 8207 8694 7849 7846 7909 8257 7713 7975 8258 8352 8084 8591 8066 8902 8587 8327 7843 8149 8085 8172 8079 7985 7790 8334 8173 7895 8410 7639 8192 8146 8058 7982 8327 8566 7962 8117 8384 7930 8149 8232 8037 8295 7823 8020 7560 8007 8242 8220 8174 8211 8385 8215 7629 8384 8258 8231 8526 7966 8269 8380 8080 8022 8262 7967 7528 8155 8007 8449 8190 8463 7805 7887 8167 7660 8370 7567 8324 7971 8328 8214 8548 8017 8597 9048 8270 8779 8087 8249 8046 8800 7845 7888 8656 8165 8403 8041 7791 7831 8480 7692 7983 7674 8287 7650 8449 8371 7975 7723 8223 7783 8191 7950 8245 8448 8027 8416 7799 8535 7908 7856 7875 7943 8048 8145 8327 8339 8261 7932 8049 7587 8333 7732 8195 8130 7423 8023 7860 8185 8533 8166 8215 7965 8278 7697 8097 8282 8305 7639 8494 8109 8000 8256 7981 8594 7491 8450 8086 8509 7948 8775 8368 7371 7972 7953 7990 8290 7743 7594 8318 7721 7951 7710 7980 7836 7727 8331 8247 8051 8215 8926 8605 7836 7745 8324 8030 8507 7892 8232 8861 8391 8561 8736 7614 8197 7996 8357 8780 7948 7838 8192 7460 8038 7875 7886 7677 8132 7876 8142 8013 8383 7751 8080 8087 7979 8195 7609 8173 8081 8198 8114 8316 7915 8316 8430 8527 8450 8047 7963 8232 8114 7897 7564 8469 8113 8083 8485 7658 8582 7910 7781 8601 8081 7681 8295 7770 7853 8418 8215 7847 8210 8128 8465 8276 7886 7724 8064 8371 7929 7818 8139 7874 7696 7669 8476 7641 8032 7975 7759 7474 8050 8116 8190 8149 8215 8119 8121 7575 8317 7979 8060 8027 7748 7799 8257 8459 7834 8420 8202 8101 7775 8098 7771 7678 8284 8152 7984 7941 8028 8183 8168 8140 8239 8070 7846 8384 7862 8005 8587 7915 7966 8531 8188 8334 8175 8033 8080 8004 8332 8517 8039 8449 7968 8201 8090 8632 8117 8122 7946 8546 8171 8251 7617 8274 8164 8471 8192 8116 7834 7596 7583 8033 8143 7906 7917 8375 7866 8068 7960 7765 8102 8638 7642 8397 8100 7899 8318 7937 8352 8191 8458 7894 7649 8434 8271 7792 8389 7838 7897 8657 7703 7744 7952 8152 8451 8060 8331 7774 8190 7866 8051 7975 7782 8098 7795 8644 7970 7944 8156 7976 7926 7811 8185 7632 8115 7656 8413 8393 
7721 7530 7845 7867 8133 7688 7385 7674 7797 7728 7844 8104 7432 7231 8385 7819 8347 7696 8151 7424 7801 8154 8322 7524 7712 7764 8436 7615 7830 8458 7592 7758 7555 8084 7561 8195 8254 7978 8070 7901 8218 8244 7731 8177 7937 7432 7771 7221 7970 8271 8564 8018 7959 8054 7773 7467 7995 7619 7891 7793 7835 8327 7958 7880 7748 7904 7926 7542 7823 7964 7966 8009 7924 7388 7729 8131 7640 8201 7370 7875 7724 8092 7866 8360 7764 8301 8799 8024 8241 7952 8303 7541 8335 7681 7887 8266 7940 8103 7732 7156 7736 7967 7300 7691 7592 7727 7452 7615 7851 7751 7448 7949 7418 7589 7687 7977 8214 7821 8194 7679 8267 7892 7286 7427 7685 8005 7924 7860 7854 7818 7482 7916 7613 8255 7266 8434 7733 6970 7678 7342 7625 8135 7798 8140 7686 8107 7532 7644 8003 8147 7708 8433 7731 7930 8032 8003 8329 7269 7723 8238 8053 7714 8231 8082 7645 7556 7697 7945 8146 7470 7847 8206 7477 7371 7554 7747 7550 7260 7755 8208 8016 7784 8195 8273 7322 7624 8066 7949 8455 7729 7687 8504 7930 8311 8398 7415 8010 7404 7906 8171 8121 7965 7959 7478 7709 7614 7729 7784 8065 7831 8189 7822 8148 7730 7603 7633 7483 7946 7530 8206 8048 7990 7424 8070 7591 8535 8302 8290 7742 7848 7693 8044 8118 7596 7518 8274 7823 7926 7831 7262 8349 7453 7488 8096 7892 7077 7413 7040 7621 7938 7502 7808 8255 7774 7792 7674 7378 7867 8198 8358 7493 7459 7391 7719 7415 7216 8339 7462 7685 7490 7317 7225 7707 8214 7674 7761 7919 8334 7724 7185 8206 7972 7833 7950 7628 7594 8114 8144 7439 7944 7953 7908 7430 8373 7440 7550 8246 7834 7535 7695 8041 8044 7889 7537 7929 7855 7766 7705 7353 7549 8342 7659 8089 8106 7809 8312 7974 7517 7458 7630 7985 8424 8047 8306 7619 7715 7790 8108 7642 7826 7940 8369 7918 7741 7746 8033 7654 7718 7653 7670 7635 7927 7621 7765 7539 7711 7544 8002 7798 7860 7733 7400 7657 8097 7625 7987 7384 7808 8171 7601 8007 7982 7915 7481 7342 8014 7650 7644 8215 7465 7761 8119 7561 7501 7919 8173 8110 7468 8087 7576 7944 7444 7783 7644 7718 7971 7740 8135 7892 7648 7839 7589 8034 7918 7809 7652 7991 7370 8195 8004 
8283 8502 8717 8461 8905 8364 8085 8247 8657 8205 8672 8573 8606 8407 8702 8459 8876 8259 8528 7717 8259 8509 8700 8353 8216 8456 8796 8304 8294 8932 8039 8517 8474 8218 7998 8929 8974 8308 8575 8406 8453 8337 8526 8823 8296 7645 8583 7966 8461 8471 9147 8577 8542 8548 8700 7782 8382 8053 8438 8464 8226 8758 8755 8535 8492 8316 8267 7926 8143 8416 8387 8814 8701 7875 7945 8130 8217 8690 7922 8760 8104 8610 8572 8532 8341 8868 9151 8510 8699 8635 8653 8300 8179 8138 8129 8827 8269 8478 8298 7826 7786 8342 7597 8089 8014 7893 8219 8254 8438 8223 8423 8593 8057 8651 8267 8688 8881 8425 8621 7956 8690 8249 7740 8075 8371 8661 8302 8581 8560 8043 8307 8195 8253 8616 8157 8608 8684 7516 8118 8330 8479 8324 8449 8611 8135 8702 7913 8167 8552 8569 8461 8628 8488 8742 8722 8140 8954 7973 8730 8487 8890 8534 8906 8589 8099 8068 7850 8198 8366 8278 8544 8407 7791 8460 8170 8724 8307 7910 8550 8525 8545 7987 8715 8784 8159 8017 8669 8561 8683 8287 8386 9026 8547 8930 8660 7547 8762 7883 8531 8927 8192 8390 8675 7709 8761 8326 8293 8134 8417 8618 8839 8501 8382 8542 8171 7857 8541 8546 8118 8417 8290 8498 8615 8874 7986 8771 8668 8697 8688 8025 8049 8676 8293 8088 7856 8597 8305 8114 8360 7643 8570 8232 8311 8871 8222 8247 8102 7703 8363 8324 8091 8197 8842 8377 8831 8355 8132 8189 8547 8352 8003 8093 7907 8482 8003 8183 9249 8263 8224 7936 7969 7780 8184 8311 8010 8758 8575 8497 8175 7514 9028 8819 8633 8154 7921 8229 7982 8696 8494 8531 8666 8389 7981 8409 8146 8338 8315 8534 8112 8219 8476 8470 8126 8210 8537 8601 8528 8822 8228 8171 8968 8138 8635 8800 8362 8660 8326 8046 8531 8306 8509 8715 8438 9049 7997 8332 8303 8460 8148 8123 8430 8691 8765 8465 8318 8801 8412 8702 8033 8556 8334 8270 7869 8168 8312 8023 8188 8928 8424 8322 8114 8073 8379 9031 7773 8593 8107 8004 8577 8330 8284 8369 8389 8088 8169 8785 8540 8406 8791 7916 8353 8415 7629 8274 8100 8642 8584 7903 8434 8542 8522 8108 8333 8072 8241 8592 8307 8865 8164 8224 8326 8513 8422 8312 8262 7977 8632 8134 8566 8287 
8387 8377 8036 8281 8841 8545 8054 7853 8365 8136 8698 8304 8122 8073 8740 8216 8821 8320 8855 7511 8375 8427 8606 8416 8433 7901 9050 8399 8574 8817 8320 8561 8471 8548 7975 8805 8945 8380 8714 8421 8375 8279 8714 8626 8451 7845 8618 8142 8132 8745 8879 8945 8714 8758 8505 7981 8231 8591 8375 8713 8306 8508 8589 8656 8236 8591 8358 8295 8245 8416 8616 8164 8457 8186 8404 8607 8219 8633 8065 8646 8264 8451 8867 8927 8081 9016 8522 8750 8689 8586 8635 8110 8855 8603 8006 8884 8371 8254 8581 7719 8387 8735 7802 8267 8187 7998 8111 8410 8621 8628 8267 8440 7988 8197 8392 8329 8740 8278 8482 8276 8836 8217 8212 8308 8627 8707 7935 8655 8189 8232 8298 8194 8256 8874 8278 8811 8424 7643 8371 8262 8053 8400 8306 8277 8074 8817 7966 8306 8363 8725 7885 8520 8370 8471 8552 8101 9208 7628 8565 8704 8289 8374 8976 8705 7871 7948 8118 8494 8919 8280 8191 8770 7909 8247 7959 8198 8180 8033 8616 8773 8343 8474 8778 8737 8100 7974 8335 8498 8828 8010 8493 8785 8583 8947 8838 7791 8461 8264 8294 8860 8411 8445 8445 8057 8203 7980 8429 8375 8049 8710 8598 8344 8610 8008 8004 7914 8192 8575 7997 8626 8381 8624 8238 8513 7868 8961 8894 8615 8702 8416 8348 8483 8251 8177 7975 8901 8454 7955 8491 7430 8522 8096 8363 8913 8445 7961 8131 7832 8078 8585 8322 8202 8637 8641 9029 8437 8375 8110 8320 8503 8089 7921 7899 8942 8268 8020 8977 7962 7947 8175 8259 8034 8235 8444 8478 8598 8466 8697 8286 7630 8605 8324 8546 8891 8000 8529 8094 8337 7800 8579 8744 8671 8161 8625 8127 8442 8214 8454 7952 8073 8447 8139 8416 8306 8782 8360 8610 8708 7899 8304 8874 8009 8521 8723 8421 8593 8220 8361 8672 8667 8403 8511 8346 8814 8071 8724 8641 8593 8541 8201 8394 8808 8366 8552 8281 8820 8458 8775 8343 8159 7967 8355 7799 8193 8151 8292 7950 8686 7988 8550 8177 8219 8345 8935 8121 8604 8379 8155 8438 8267 8587 8394 8484 7883 8251 8471 8204 8087 8600 8232 8005 8368 7772 8071 8272 8467 8309 8046 8286 8125 8506 7987 8189 8271 8283 8439 8002 8987 8116 8479 8194 8403 8327 8405 8693 7949 8303 8201 8697 8666 
7992 8018 8365 8292 8741 8480 8001 8097 8627 8037 8472 8596 8049 7937 8878 8133 9017 7875 8619 7741 8384 8228 8289 8700 8137 8000 8533 8462 8356 9091 8085 8368 8458 8559 8383 8792 8779 8105 8453 8666 8467 8477 8860 8671 7959 7662 8464 8052 8461 8787 9196 8543 8572 8495 8219 7884 8348 8339 8158 8526 8201 8753 8361 8422 8223 8250 8253 7963 8005 8414 8837 8301 8725 7921 7946 8515 8085 8567 7916 8779 8058 8756 8449 8628 8240 8785 9184 8465 8843 8354 8407 8115 8805 8033 7966 9195 8307 8373 8638 7841 8108 8269 7361 8298 8150 8456 7975 8270 8800 8066 8019 8635 7902 8151 8309 8407 8346 7856 8308 7993 8956 8188 7977 7888 8458 8786 8367 8406 8102 8307 8228 8230 7963 8864 8013 8593 8497 7608 8276 8224 8269 8446 8389 8291 8570 8313 7977 8181 8171 8234 8005 8539 8403 8354 8688 8025 9122 7778 8507 8198 8146 8532 9193 8633 8113 7904 8035 8203 8663 8410 8346 8575 8056 8153 7806 8090 8233 8166 8321 8705 8450 8279 8523 8794 7828 8086 8689 8341 8985 8276 8387 8998 8665 9117 8964 7594 8523 8070 7979 8886 8766 8495 8198 8177 8000 8082 8534 8392 8347 8576 8619 8046 8475 8219 7782 7873 8304 8430 8167 8301 8652 8365 8368 8942 7964 8906 8658 8425 8737 8395 8227 8310 8476 8355 8058 8398 8489 8053 8536 7986 8394 8114 8439 9075 8302 8236 8119 7786 8010 8363 7958 8065 8552 8146 8538 8556 8226 8190 8542 8824 8077 7917 8038 8250 8017 7752 9216 8132 8428 7784 7881 7905 7913 8654 8267 8677 8389 8383 8578 7734 8786 8331 8277 8429 7725 8119 8333 8495 8390 8485 8715 8405 8254 8774 7895 8472 8313 8225 8001 8289 8442 8173 8599 8611 8655 8421 8800 8555 8232 8100 8654 8237 8405 8624 8394 8832 7715 8403 8403 8312 8374 8361 8414 8594 8175 8622 8309 8186 8095 8495 8225 8943 8426 8510 7759 8611 8224 8612 8042 8224 8120 8518 7935 8563 8134 8244 7755 8861 8335 8727 8286 8040 8618 8901 7678 8650 7980 8157 8401 8450 8569 8592 8530 8183 8245 8490 8377 8099 8405 8051 8141 8076 7863 7806 8010 8724 8407 7956 8546 8081 8790 7709 8452 8280 8027 8341 7985 8639 8430 8562 8553 8387 8456 8296 8362 7881 8283 7920 8829 8500 
8054 8832 8173 8623 8993 8712 8422 8301 8567 8343 8875 8556 8601 8019 9053 8438 9111 8588 9184 7931 8776 8585 8815 8770 8517 8281 8858 8518 8610 9077 8211 8387 8640 8648 8399 8784 8769 8384 9003 8987 8558 8590 8550 8804 8640 8111 8641 8392 8259 8892 9051 9026 8467 8901 8716 8038 8546 8470 8783 8742 8259 9191 8876 8750 8463 8355 8800 8307 8378 8598 8898 9055 8804 8627 8115 8668 8299 8839 8372 9104 8268 8633 8944 8946 8496 9090 9172 8870 9010 8316 8588 8049 8969 8521 8376 9214 8612 8109 8463 8344 8218 8727 7957 8458 8455 8405 8488 8306 8928 8610 8607 8890 8102 8371 8490 8413 8938 8225 8652 7992 9077 8406 8671 8405 8657 8997 8372 8466 8454 8562 8679 8398 8392 8825 8080 8966 8356 7772 8340 8459 8561 8523 8532 8694 8615 8770 8446 8775 8612 8993 8221 9242 8562 8605 8804 8475 9151 7692 8733 8647 8667 8758 9180 9030 8536 8493 8138 8287 8928 8046 8599 8563 8345 8842 7972 8676 8624 8128 8792 8809 8942 8542 8681 8909 8366 8311 8593 8722 8936 8429 8344 9427 9112 9122 8877 8163 8889 7968 8356 8948 8894 8719 8581 8283 8574 8568 8685 8153 8483 8802 9109 8269 8905 8357 8336 8161 8413 8630 8039 8958 8490 8723 8621 9028 8198 8675 9038 8784 8856 8418 8603 8796 8543 8095 8385 8846 8501 8734 8652 7780 8825 8551 8599 9369 8417 7992 8338 8220 8216 8988 8570 8856 8951 8729 8848 8620 8233 8500 8849 8834 8774 8564 8360 8967 8655 8061 9056 8285 8049 8226 8534 8235 8102 8743 8490 8626 8360 8815 8602 7861 8957 8540 8898 8521 7922 8316 8508 8768 8180 8568 8630 8501 8201 8941 8465 8679 8616 9094 7996 8436 8266 8903 8404 8598 8883 8744 8504 8747 8368 8232 8901 8625 8615 9211 8654 9244 8446 7942 8816 8550 9032 8688 8483 9102 8088 8576 8562 8752 8591 8355 8385 8870 8948 8756 8484 8932 8563 8738 8142 8394 8266 8691 8269 8676 8502 8641 8338 9085 8526 8819 8307 8570 8580 9280 8235 8875 8359 8391 8789 8339 8889 8843 9044 8619 8403 8580 8524 8158 8991 8318 8478 8709 7968 8018 8222 8576 8814 8274 8880 8365 8748 7940 8699 8679 8597 9203 8255 9121 8921 8300 8389 8531 8634 8609 8816 8008 8565 8361 9001 8740 
8137 8621 8041 8188 8822 8367 7986 8050 8202 8139 8704 8818 8186 8231 8994 8219 8935 8503 8838 7642 8361 8683 8767 8402 8636 8111 8235 8352 8221 8998 8263 8330 8679 8554 8226 8267 8799 8309 8433 8677 8207 8597 8532 8356 8545 8014 8234 7752 8309 8726 8918 8613 8615 8417 8210 7715 8359 8571 8122 8840 8159 8999 8506 8702 8304 8244 8344 8381 8185 8384 8596 8270 8733 8390 8214 8594 8118 8671 8007 8797 8445 8476 8422 8570 8423 8870 9041 8301 8859 8609 8753 7810 8721 8181 8276 9171 8249 8467 8531 7798 7986 8451 7725 8239 8334 8507 8126 8214 8796 8017 8383 8612 8130 8173 8401 8754 8948 8023 8489 8098 8722 7935 8201 8061 8259 8329 8153 8346 8366 8453 8605 8222 8104 8665 8094 8356 8409 7717 8258 8382 8290 8575 8118 8094 8082 8602 7869 8164 8368 8532 8066 8549 8449 8077 8744 8226 8605 7801 8422 8508 8691 8374 8814 8569 7869 8025 8278 8027 8381 8171 8525 8677 7985 8369 8160 7868 8376 8037 8788 8438 8437 8417 8607 8792 8294 8094 8775 8452 9034 8186 8416 9081 8454 9006 8618 7618 8503 7942 8298 9197 8252 8379 8331 7936 8386 8199 8409 8367 7938 8691 8730 8344 8500 8063 7989 8032 8159 8194 7923 8505 8314 8182 8163 8724 8168 8817 9090 8231 8668 8339 8313 8790 8497 7934 8123 8717 8379 8165 8440 7710 8338 8195 7837 8907 8720 7777 8503 8107 7978 8464 7764 8138 8590 8405 8438 8625 8419 8033 8446 8559 8163 8347 7901 8503 8222 7945 8851 8150 8072 8269 8319 7789 8139 8317 8337 8998 8287 8566 8411 7565 8456 8514 8516 8047 7894 8211 8250 8670 8415 8415 8691 8472 8127 8471 8166 8430 8245 8316 8126 8270 8266 8210 8337 8474 8405 8259 8155 8689 8439 8111 8890 8055 8338 8483 8447 8872 8229 8297 8696 8555 8500 8542 8390 8874 8051 8324 8332 8629 8272 8545 7971 8962 8391 8637 8440 8793 8183 8679 8117 8453 8029 8191 7967 8475 8624 8391 8218 8672 8317 8255 8389 8133 8225 8916 7980 8586 8112 7808 8507 8123 8529 8795 8609 8429 8162 8526 8791 7973 8773 8147 8241 8371 7864 7837 7976 8401 8484 8007 8603 8026 8548 7471 8271 8405 8292 8646 8406 8930 8269 8033 8355 8378 8232 8097 8296 7737 8087 7968 8876 8783 
7502 7976 7674 7509 8564 7909 7477 7687 7650 7788 7774 8395 7786 7651 8569 7706 8516 7861 8048 7377 8133 7745 8043 7756 7855 7515 7738 8029 7866 8337 7494 8015 7657 7745 7478 7863 8330 7798 8311 8039 7610 8141 7960 8220 7715 7525 7744 7579 7843 7857 8512 8281 8180 8018 7886 7525 7814 7903 7741 8008 7882 7932 7925 7824 7978 7963 7594 7943 7850 7627 8334 7752 7955 7824 7898 7944 7587 8021 7465 8516 8004 8070 7876 8227 7710 8575 8650 8121 8396 7766 7993 7505 8101 7876 7847 8302 7788 7747 7701 7582 7445 7677 6874 7720 7724 7660 7499 7895 8036 7886 7952 7945 7666 7693 7802 8042 8159 7462 7956 7602 8322 7768 7483 7557 7971 8043 7705 7726 8141 7692 7945 7541 7524 8273 7565 8344 7795 6938 7806 7758 7810 8123 7858 7859 7774 8294 7520 7751 8013 8032 7626 8266 7890 7861 8025 7849 8409 7127 8461 8013 8191 7774 8424 7978 7696 7710 7705 7901 7833 7415 7968 8002 7766 7674 7443 7732 8001 7370 8054 8145 7767 7927 8221 8105 7418 7624 7988 7763 8287 7658 8068 8478 8134 8522 7932 7188 8042 7316 7567 8562 7837 7866 7777 7258 7753 8051 7846 7759 7542 7762 8164 7876 7982 7633 7366 7245 7977 7745 7327 7937 7510 7859 7892 8060 7795 8149 8447 7834 8133 7616 7511 8004 7624 7927 7974 8544 7683 7620 7962 7231 8366 7743 7659 8661 7851 7397 7486 7623 7530 7770 7655 7673 8007 7872 8256 7839 7881 7850 7845 7887 7642 7787 7432 8029 7395 7390 8316 7851 7724 7956 7580 7369 7814 7869 7930 8231 7838 8406 7778 7177 8115 7908 8012 7955 7553 7410 7649 8152 7626 8047 8358 7905 7696 7815 7508 7850 7842 7791 7553 7887 8246 7567 7753 7701 8235 8090 7727 8280 7852 7901 8274 7452 7812 8261 8037 8248 7435 7829 8178 8200 8006 7921 7691 8125 7599 8281 7868 8200 7983 7569 7720 8115 8082 8071 7620 8403 7770 8061 7590 7837 7898 7741 7448 7824 7633 7795 7590 8211 7575 8078 7860 7478 7981 8161 7313 7718 7638 7384 7584 7918 7991 7914 7910 7859 7629 8285 7887 7602 8001 7637 7630 7726 7178 7866 7841 7909 7859 7514 7700 7710 8111 7710 8003 7668 7700 8028 7918 8209 7522 7736 7803 7896 7956 7986 7827 7717 7806 7579 8322 8315 
7880 7932 7908 8206 8491 7798 7999 7834 8306 7625 8053 8222 7901 7941 8551 8023 8595 7886 8429 7603 8274 7794 8112 7979 7856 7757 8310 7944 7823 8594 7778 8311 8040 7939 7985 8163 8398 7915 8190 8263 8327 8115 8094 8101 7904 7522 7875 7534 7854 8326 8944 8382 8144 7963 8093 7505 7904 8038 7710 8205 7624 8306 8352 8293 8004 7892 8018 8053 7740 7789 8486 8363 8285 7772 7766 8008 7799 8160 7653 8540 8269 8163 7864 8307 7979 8977 8395 8058 8461 7774 8401 7619 7984 7814 7939 8695 8040 8139 7930 7394 7783 8231 7085 7896 7801 7914 7466 7595 8068 7736 7549 8089 7961 7797 8120 8110 8233 7678 7974 7837 8482 7741 7503 7714 8133 8352 8265 8018 7821 8168 7962 8113 7536 8585 7877 8202 8230 7066 8030 7661 7904 8104 7818 7999 8085 8437 7485 7666 8006 8092 7897 8250 8067 7991 8172 8224 8360 7602 8416 8244 8223 8191 8737 8152 7726 7409 7702 8123 8028 7476 8192 8531 7340 7909 7919 7752 8177 7908 8268 8445 8152 7892 8115 8271 7574 7533 8493 7936 8736 7528 7747 8880 8091 8932 8703 7237 8169 7602 8001 8432 8092 8271 8191 7478 8015 7803 7785 7982 8049 8103 8442 8160 8135 7900 7759 7490 7791 7692 7618 7733 8016 8206 7815 8402 7770 8331 8628 8191 8469 7673 7807 8106 7767 7485 8084 8379 8073 7828 8386 7717 8392 7910 7911 8652 8358 7562 7983 7385 7625 7892 7661 7820 8517 7661 8158 8301 7923 8230 8321 8068 8128 7703 7366 8125 7341 7401 8684 7828 7940 7453 7987 7315 7989 7934 7882 8432 8261 8044 8202 7746 8285 7905 7949 7954 7412 7865 8024 8150 8393 7972 8292 8162 7904 8059 7508 8113 7876 8061 7693 7617 8011 8010 7758 8385 8168 8053 8228 8082 7966 7463 8355 7896 7897 8512 7814 8256 7801 7465 8047 8233 8173 7964 7975 8410 7558 8270 7911 8356 7710 8008 7880 8440 8271 8319 7765 8141 8213 8104 7760 7947 7747 8184 7501 8090 8032 7638 7954 8146 7774 8137 7754 7775 7989 8627 7913 8456 7993 7736 7998 8140 7961 8117 8295 8079 7944 8089 7854 7939 8565 7858 7817 8395 7389 7452 7722 8293 8239 7835 7930 7545 8343 7598 8112 7843 7721 8222 8100 8379 8194 7545 7778 8074 7945 8060 8026 8206 7828 7913 8002 8322 
7729 7819 8102 8348 8372 7548 7618 7571 8020 7614 8016 8239 7857 7760 8448 7794 8565 8112 8266 7525 7949 8155 8115 7961 7895 7723 8347 7761 7629 8587 7651 8057 8024 8037 7735 8326 8113 7986 8001 8410 7896 8134 8024 8194 7795 7623 7943 7505 7855 8427 8372 8500 8062 8232 8009 7787 8140 7703 8004 8021 7593 8270 7965 8117 7975 8090 8009 7447 7871 7887 8017 8235 8021 7857 7613 8060 7448 8165 7706 8263 8036 8386 7863 8175 7709 8636 8402 8171 8262 8132 8281 7344 8321 8100 7561 8679 8258 8053 8035 7390 7521 7953 7164 8333 7732 7623 7812 8026 7919 7646 7821 7872 7669 7810 7755 8050 8210 7664 8147 7891 8549 7597 7661 7708 8028 8451 7877 7975 7900 8108 7919 7641 7678 8427 7432 8151 8026 7356 7689 7681 7940 8005 7759 7916 7722 8292 7617 7825 8030 8172 7893 8510 7999 7961 8136 7981 8330 7201 7989 8255 8469 8086 8500 8037 7576 8016 7499 7910 8263 7484 7810 7911 7708 7509 7595 7853 7936 7722 8026 8314 8331 8056 8227 8220 7560 7667 8181 7971 8152 7662 8123 8655 8227 8551 8356 7385 8190 7505 7775 8409 7910 7876 7836 7470 7906 7950 8117 7547 7738 8042 7821 7938 7992 7801 7853 7580 8051 7906 7680 8098 8253 7859 7598 8335 7646 8046 8459 8066 8213 7797 7908 8197 7938 7615 7814 8336 8132 7901 8144 7551 8071 8083 7629 8694 8042 7610 7666 7423 7583 7995 7686 7979 8301 7420 8076 7834 7735 8071 7879 8438 7741 7810 7351 7970 7626 7237 8642 7652 7555 7843 7546 7528 7740 7996 8153 8073 8016 8137 8035 7393 8101 8257 7883 7717 7579 7744 7890 8257 7969 8194 8206 8144 7707 8065 7818 8079 7851 8420 7759 7776 7941 7939 7786 8061 8112 8020 8132 8001 7689 7503 8610 7879 8137 8449 8299 8456 7551 7745 8229 8079 8287 8310 8102 8297 7914 7846 7730 8027 7654 7765 7633 8326 8044 8351 7733 7985 7902 7933 7934 8158 7966 8474 7597 8161 7556 7826 7648 8213 7670 8002 7871 7929 8007 8379 7628 8464 8037 7498 7720 7813 8120 8139 8062 7637 7663 8169 8063 8056 8120 7554 7659 8115 7363 7538 7784 8238 8198 7914 8010 7987 7987 7712 8177 7879 7804 8321 7543 8483 8233 7805 8196 7997 8048 7934 8042 7551 7849 8010 8186 8075 
8263 7783 8284 8097 8753 8233 7664 7825 8254 8071 8329 7958 8157 8065 8722 8032 8594 7777 8779 7855 8001 8037 8242 8125 8076 7949 8457 8115 7823 8649 8202 7901 7981 7852 7758 8567 8706 8024 8097 8258 8137 8344 8251 8338 7997 7784 8346 7728 8008 8199 8758 8266 8334 8409 8003 7471 8123 7827 8327 8239 7791 8236 8104 8399 7979 7991 7979 7528 8053 8272 8549 8137 8548 7774 8098 8218 7880 8402 7927 8520 8208 8075 8285 8573 8270 8594 8725 8096 8281 7840 8253 7629 8188 7903 7751 8689 8351 7959 8063 7669 7701 8495 7322 7854 8034 8055 7788 7991 8464 7969 8002 8033 8132 7812 7977 8196 8696 8005 8099 7862 8513 7824 7787 7913 8190 8376 8016 8118 8113 8059 8011 8254 7718 8364 7775 8510 8135 7226 7807 7891 8241 8168 7942 8129 7875 8425 7946 8233 8024 8411 7491 8510 8216 8211 8414 7889 8464 7654 7992 8361 8244 8107 8619 8177 8051 7459 7890 7966 8429 7679 8043 8414 7822 7890 7694 8159 8166 7750 8314 8456 8158 7974 8749 8268 7756 7944 8640 8277 8662 7754 8084 8684 8027 8556 8579 7461 8307 7801 7797 8659 8223 8322 7954 7755 8281 7922 8013 8123 7958 7964 8274 8076 8496 7757 7786 7631 7663 7993 7783 8194 7999 8283 7965 8460 7684 8389 8782 8407 8042 7972 8226 8405 7991 7710 7865 8714 7840 8010 8338 7781 8279 8022 7975 8640 8142 7560 7782 7459 7655 8095 7703 7947 8298 8171 8352 8167 7878 7905 8551 8365 8075 8069 7477 7778 7667 7699 8627 7703 7833 7718 7736 7431 8002 8262 8051 8460 8062 8252 8160 7229 8597 8111 8116 8165 7539 7929 7730 8335 7928 8241 8336 8235 7927 8214 7926 8043 8015 8283 7745 7693 8170 8077 8189 8196 8353 8012 8301 8444 8196 7601 8648 7949 8099 8410 8111 8398 7936 7956 7815 8126 8482 8319 8121 8766 7763 8367 8001 8043 8069 8083 7897 8645 8254 8387 8127 8756 8142 8132 7709 8080 7848 8040 7890 7975 8046 7984 7657 8538 7934 8353 8083 7901 8229 8593 7691 8481 7701 7789 8340 8189 8188 8162 8075 7680 7994 8130 7871 7716 8343 7791 8063 8176 7800 7466 7999 8292 7779 8026 8086 7651 8017 7863 8191 8113 7870 8259 8083 8424 8179 7961 8038 8090 8221 8095 8025 7768 7981 7581 8246 8239 
8028 7934 8025 8371 8812 8215 8132 8031 8275 7618 8264 8572 7855 7730 8578 7875 8561 7829 8502 7502 8245 8221 8485 8165 8495 8071 8463 8101 8173 8727 7813 8284 8378 8126 7727 8628 8333 8245 8148 8681 8438 8031 7973 8169 8271 7495 8495 7503 8010 8342 8760 8514 8210 8214 8238 7913 8155 8012 8107 8521 7906 8414 8256 8393 8013 8171 7986 7819 8279 8426 8404 8444 8218 8037 7663 8315 7972 8248 7724 8389 7966 8322 8604 8484 7583 8528 8516 8278 8621 8308 8200 7630 8418 8250 8164 8717 8398 8210 8163 7527 8011 8211 7346 8208 7612 7981 7410 7922 8188 8045 8240 8418 7769 8429 8488 8252 8340 7639 8142 7554 8968 7934 7932 8228 8192 8681 7926 7797 8112 7921 8047 7631 7965 8358 7782 8317 8057 7550 8149 7849 7886 8181 8336 8059 7869 8149 7655 8130 8393 8291 7986 8205 7945 7923 8267 7879 8600 7703 8860 8258 8176 8083 8933 8596 7773 7951 8040 8020 8258 7902 8099 8700 7747 7977 7324 8025 8187 7803 8087 8195 8396 8148 8261 8324 7762 8026 8242 8194 8592 8212 8000 9004 8251 8630 8438 7444 8241 7574 7914 8599 8134 8332 7765 7824 8179 7968 8266 8077 8059 8137 8570 7716 8326 7958 7542 7690 8144 8165 7940 8296 7802 7968 7939 8733 7891 8487 8498 8167 8239 7750 8096 8499 7921 7788 7925 8348 8463 8144 8499 7667 8242 7840 7915 8609 8191 7844 8033 7657 7883 7938 7940 8166 8457 7843 8384 8225 7953 8175 8047 8719 8010 7822 7533 8272 7752 7753 8737 7633 7825 7694 7932 7725 7993 8436 8029 8353 8523 8332 8305 7489 8395 8177 8151 8245 7621 7937 8121 8277 7889 8244 8398 8391 8118 7829 7902 8353 7996 8354 7458 8040 8389 8184 8496 7903 8420 8274 8223 8016 8073 7766 8788 7793 7992 8425 8056 8513 7697 8008 8246 8228 8400 8398 7944 8660 7942 8338 8025 8292 8116 7793 8149 8594 8177 8238 7988 8404 8261 8562 7683 8091 7926 8263 8079 8274 8298 8231 7638 8489 7940 8151 7915 7962 8250 8446 7420 8234 7994 7880 8137 8160 8373 8331 8283 7965 7625 7978 8121 7807 8307 7902 7860 7938 7874 7784 7890 8449 8402 7610 8524 7876 8379 7679 7972 8191 7826 8275 8109 8827 8253 8137 8331 8402 8628 7711 8279 7687 7974 7600 8208 8200 
8265 8386 8143 8257 8883 8506 7914 7799 8103 8401 8668 8600 8278 8201 9353 8443 8816 8186 8824 8185 8099 8513 8890 8488 8279 8361 8779 8300 8381 9270 8203 8617 8440 8324 7967 8649 9111 8502 8519 8545 8118 8281 8586 8863 8265 8248 8377 7848 8497 8623 9149 8759 8428 8613 8519 7868 8425 8283 8493 8656 7947 8839 8589 8555 8146 8449 8465 8236 8055 8397 8829 8402 8515 8327 8056 8104 8195 8769 8015 8748 8379 8170 8776 8947 8128 9049 9093 8092 8841 8421 8509 8251 8739 8201 8412 8982 8247 8570 8400 7773 8065 8615 7462 8258 8259 8152 8135 8155 8561 7806 8203 8460 8155 8208 8368 8784 8573 8102 8393 8103 8860 7993 7927 8169 8274 8835 8085 8688 8488 8454 8304 8091 8318 8703 8052 8574 8448 7673 8053 8019 8210 8738 8707 8089 8332 8515 7959 7935 8536 8632 8035 8686 8250 8445 8660 8548 9038 7643 8423 8326 8690 8406 8881 8464 8107 8291 8499 8324 8309 7914 8449 8805 7900 8049 8141 8247 8057 7846 8522 8426 8674 8077 8821 8566 7907 8194 8261 8322 8650 8051 8271 9152 8559 9070 8792 7790 8874 8232 8045 9013 8651 8531 8118 8133 8475 8263 8494 8208 8165 8547 8663 8706 8842 7963 7928 7751 7992 8236 7776 8482 8327 8245 8209 8679 7958 8780 8917 8841 8745 8376 8357 8802 8078 8133 8408 8858 8476 8299 8728 7497 8444 8395 8409 8954 8440 7772 8361 7333 8121 8385 7830 8544 8651 8330 8642 8541 8172 8250 8462 8573 8214 8255 7711 8262 7962 7867 8565 7843 8097 7964 8241 8074 8390 8691 8222 8773 8559 8256 8389 7801 8289 8636 8073 8372 7711 8425 8345 8754 8130 8447 8322 8516 8011 8364 8016 8461 8351 8291 8062 8167 8458 8343 8348 8257 8525 8420 8277 8548 8006 8034 8577 8030 8536 8773 8296 8317 8282 7968 8586 8433 8615 8709 8426 8985 7765 8591 8600 8319 8328 8299 8476 8617 8443 8527 8306 8322 8674 8338 8134 8268 8329 8285 8364 8098 8113 8406 7888 8574 7787 8355 8276 8014 8343 8883 8043 8412 7964 8105 8939 8412 8583 8483 8376 8043 8047 8500 8183 8413 8834 8127 8208 8927 7896 7843 7970 8495 8783 7970 8195 8121 8304 8155 8387 8525 8167 8622 8252 8952 8368 8095 8299 8221 8454 7928 8419 8023 8097 8190 8556 8661 
7627 7177 7753 7395 8311 7417 7765 7326 8039 7278 7726 7858 7726 7410 8387 7347 8296 7565 8124 7566 7763 7892 8037 7589 7713 7556 7928 7664 7553 8340 7694 7889 7351 7633 7462 8018 8245 7750 7786 8096 7620 7892 7592 7793 7959 7279 7444 7170 7399 8192 8327 7916 7751 7860 7676 7432 7725 7654 7674 7987 7385 7691 7574 8028 7720 7778 7531 7322 7607 7432 8130 7723 7928 7267 7265 7609 7798 7960 7550 7813 7742 7635 7825 7831 7572 8325 8243 7794 7946 7711 8106 7562 8100 7330 7446 8143 7996 8061 7706 7008 7449 7452 6901 7545 7392 7586 7505 7572 7883 7546 7702 7861 7485 7784 7675 7793 7908 7420 7608 7467 8238 7505 7432 7941 7768 7851 7647 8054 7822 7520 7573 7720 7475 8088 7405 7785 7849 6767 7529 7365 7457 7714 7755 7818 7599 7937 7395 7480 8096 8096 7472 7950 7804 7648 7795 7623 8355 7275 7873 7812 8077 7850 8231 7465 7557 7450 7286 7441 7790 7264 7923 8279 7247 7411 7673 7641 7753 7326 7810 8098 7842 7354 7719 7997 7381 7367 8056 7385 8066 7360 7836 8370 7742 8173 8054 7209 8022 7472 7730 8157 7710 7898 7567 7300 7632 7483 7629 7891 7552 7900 8140 7466 7863 7670 7218 7544 7710 7371 7311 7746 7707 7779 7790 8031 7644 8141 7953 7769 7863 7633 7328 8125 7659 7508 7335 8127 7930 7562 7682 7129 7776 7648 7255 8432 7541 7534 7597 7294 7576 7624 7597 7529 8169 7527 7926 7574 7725 7255 7651 7774 7647 7455 7552 7851 7285 7225 8297 7608 7539 7239 7562 7125 7546 7701 7777 8055 7897 7910 7567 7072 7682 7418 7773 7749 7477 7551 7387 7951 7382 7744 7926 7970 7537 7921 7399 7677 7834 7919 7278 7516 7736 7468 7497 7917 7876 7911 7761 7836 7752 7481 8116 7351 7893 7913 7320 7945 7264 7787 7710 7826 7986 8160 7538 8110 7561 7859 7910 7630 7730 7839 7414 8264 7485 7951 7397 7916 7789 7910 7441 7420 7652 7797 7476 7644 7883 7575 7532 7563 7849 7347 7695 7665 7928 7982 7394 7903 7675 7881 8017 7846 8010 8002 7921 7552 7555 7847 7559 7367 7960 7387 7709 7510 7180 7252 7348 8012 7451 7490 7832 7402 7805 7267 7720 7852 7599 7531 7474 8373 7803 7745 7610 7921 7692 7611 7677 7218 7509 7240 8142 7715 
8049 8218 8345 8304 8874 8116 7960 8036 7992 7945 8512 8222 8163 8010 8878 8145 8500 8047 8902 7726 7972 8175 8557 8085 8252 8149 8472 8326 8146 8947 8203 8481 8309 8217 8163 8471 8584 8466 8369 8367 8331 8187 8466 8540 8074 8024 8239 7787 8319 8679 8771 8385 8532 8196 8427 7499 8368 8019 7931 8222 7971 8709 8316 8349 8189 8427 8131 7923 8110 8263 8894 8608 8552 7890 8150 8656 7762 8816 7680 8545 8072 8392 8566 8611 8341 8884 8832 8505 8667 8532 8370 8168 8386 8112 7810 9120 8257 8405 8470 7807 7935 8138 7176 7804 8187 8049 7973 7863 8270 7943 8344 8287 8057 8112 7985 8698 8401 8072 8238 7658 8878 7812 7911 7816 7999 8386 8151 8255 8535 8224 8071 7878 7838 8703 8282 8731 8469 7457 7649 7908 8205 8130 8656 8302 8463 8319 8056 8105 8224 8451 8213 8819 8132 8363 8211 8181 8683 7546 8265 8140 8462 8128 8649 8403 8129 8112 7914 8111 8310 7932 8343 8662 7799 8203 7908 8293 8236 7865 8572 8724 8128 8280 8586 8762 8044 8207 8570 8424 8600 8114 8207 8744 8116 8970 8947 7363 8576 7547 8125 9011 8595 8231 8123 7757 8464 8265 8256 8224 8337 8322 8676 8164 8275 8201 7953 7768 8473 8607 7686 8029 8088 8291 8330 8599 7829 8767 8751 8488 8361 7919 8225 8407 8125 7612 8117 8716 8098 8031 8405 7784 8781 8122 8433 9152 8473 8139 8277 7617 7998 8367 8018 8292 8493 8306 8345 8281 8164 8443 8325 8419 8128 8348 7671 8487 8129 7891 8917 8236 8121 7860 8010 7745 7818 8223 8159 8656 8469 8216 7856 7373 8815 8482 8199 8283 7810 8096 8348 8743 8359 8289 8644 8460 7952 8395 8040 8400 8012 8494 8020 8037 8426 8178 7993 8449 8283 8396 8399 8169 8112 7887 8653 8062 8163 8811 7966 8741 8072 8218 8366 8037 8366 8541 8566 8631 7871 8333 8215 8432 7886 8330 7824 8728 8307 8612 8156 8610 8404 8419 8156 8181 8137 8357 7852 8352 8291 8072 7985 8500 8219 8282 7986 7933 8158 8827 8003 8211 7897 7902 8616 8044 8171 8638 8472 7888 7937 8228 8168 8029 8543 7943 8381 8317 7764 8039 8343 8568 8545 7763 8220 7733 7977 7967 8226 8019 8064 8370 8177 8752 8396 8495 8280 8411 8297 8098 8267 8086 8091 8093 8652 8476 
7731 7724 8153 7862 8219 8074 7431 7830 7891 7747 8123 8080 7848 7297 8512 7847 8478 7628 8478 7775 7810 7897 8248 7718 7753 7715 7950 7971 7828 8508 7848 7877 7863 8051 7265 8028 8222 8171 8189 8372 8079 8061 8086 8107 7703 7558 7995 7416 8119 8103 8578 8190 8294 8258 7765 7561 7770 7884 7950 8078 7494 8178 7827 8031 8017 7719 7876 7622 7694 7851 8398 8340 8217 7820 7667 8063 7727 8115 7466 8528 7750 7953 8106 8106 7674 8558 8525 7838 8156 7904 8477 7555 8275 7899 7791 8416 8049 8233 7851 7446 7786 8017 7063 7880 7673 7904 7585 7765 8233 7724 7702 8495 7831 7719 7907 8010 8323 7453 8012 7336 8234 7617 7564 7544 7761 8169 8040 8026 7687 7945 8025 8120 7779 8278 7692 8252 7843 7147 7770 7732 7780 7705 8147 7898 7708 8059 7872 7919 7868 8276 7537 8269 7800 7777 8182 7945 8576 7007 8128 7973 7647 7958 8131 8099 7671 7769 7766 7746 7885 7599 8108 8532 7478 7594 7674 7639 7670 7819 8082 8320 7967 7736 8052 8124 7622 7814 8319 7950 8636 7535 7870 8450 8259 8386 8307 7234 8296 7526 7838 8341 8119 7805 7904 7444 7647 7731 8099 8275 7896 8264 8361 7781 8330 7777 7577 7707 7603 8085 7653 8069 7864 7852 7843 8109 7637 8226 8214 8141 8297 7629 7681 8423 7889 7792 7789 8507 7988 8096 8345 7533 8275 7686 7563 8573 8018 7541 7947 7414 7587 7980 7612 7802 8273 7929 8043 8282 7737 7853 8081 8129 7931 7805 7642 7989 7378 7336 8568 7520 7656 7704 7669 7523 7698 7799 7826 8368 8101 8158 7996 7554 8170 7821 8067 7889 7754 7666 7739 8182 7431 7844 7947 7997 7573 8135 7481 7804 8123 8230 7280 7712 8344 8193 7966 8194 8082 8025 8149 8269 7866 7513 8114 7692 8041 8039 7894 8077 7800 7645 7884 7699 8116 8480 7720 8420 7666 8292 7952 8031 7553 7737 7940 8387 8074 8061 7911 8493 8045 8189 7429 7723 7492 7908 7433 7967 7976 7940 7652 8179 8225 8312 7853 8012 7801 8431 7388 8011 7725 7897 8127 7690 8229 7975 8085 7954 7688 8226 7750 7551 8186 7392 7953 7719 7550 7415 7586 7945 8025 7664 8236 8022 8262 7352 7938 7759 7882 7969 7333 8551 8054 8197 7650 8034 8009 7790 8128 7478 7729 7402 8505 8119 
8829 8539 8802 8714 8845 8381 8256 8061 8407 8315 8503 8901 8541 8514 9174 8433 9040 8505 9168 8328 8426 8839 8758 8577 8519 8097 8641 8649 8258 9206 8433 8770 8859 8391 8213 8975 9038 8938 9111 8849 8775 8664 8559 8633 8599 8234 8580 8257 8415 8954 9309 8751 8699 8487 8297 7913 8584 8620 8798 8776 8381 8862 8897 8529 8372 8659 8778 8202 8714 8477 8995 9081 9099 8646 8338 8875 8632 8895 8189 8739 8907 9073 8514 9106 8285 9317 9242 8755 8744 8628 8871 7852 8922 8801 8145 9095 8782 8669 8663 8020 8398 8610 7955 8415 8443 8635 8249 8283 9023 8451 8300 8773 8212 8589 8533 8795 9169 8316 8589 8317 9096 8100 8319 8760 8547 8673 8400 8663 8491 8125 8552 8552 8332 9147 8442 9033 8666 7651 7999 8446 8549 8923 8480 8641 8452 9129 8118 8514 8667 8927 7991 8952 8411 8699 8739 8527 9380 8091 8650 9235 8665 8692 9111 8776 8269 8684 8284 8540 8743 8298 8703 8933 8089 8312 8098 8554 8536 8250 8832 8586 8525 8580 8943 8946 8172 8321 8725 8747 9359 8221 8356 9412 8547 9444 8945 8039 8932 8282 8661 9367 8397 8667 8677 7930 8809 8493 8494 8361 8359 8538 9168 8751 9018 8403 8036 8261 8487 8670 8140 8907 8483 8229 8448 8783 7826 8984 8988 8634 8832 8226 8507 8913 8512 8088 8380 9031 8696 8492 8820 7841 8755 8516 7960 9240 8619 8128 8387 7941 8303 8556 8488 8723 8922 8697 8644 8532 8105 8655 8792 8596 8667 8274 8057 8608 8479 8110 9077 8243 8511 8137 8242 7756 8353 8704 8449 8816 8305 8914 8577 7855 9006 8611 8751 8633 8147 8466 8751 8963 8438 8341 8895 8692 8803 8507 7958 8815 8519 8585 8141 8314 8574 8827 8589 8482 8727 8860 8350 8557 8140 8263 8941 8373 8355 8894 8578 8882 8678 8561 8371 8963 8803 9057 8693 9036 8323 8676 8328 8952 8401 8238 8436 9282 8872 8913 8624 8805 8825 8868 8365 8596 8288 8390 8254 8803 8733 8596 8692 8692 8498 8862 8682 8300 8983 9158 8103 8864 8519 8209 8698 8378 8895 8837 8902 8297 8381 8768 8536 8340 8706 8563 8384 8831 8003 8283 8624 8878 8702 8291 8880 8379 8572 8476 8688 8770 8226 8785 8321 9155 8547 8289 8592 8807 8966 8529 8494 8284 8513 8241 8783 9183 
7377 7707 8016 7981 8103 7527 7481 7436 7766 7739 7728 7955 7670 7428 8253 7691 8302 7805 8107 7563 7819 7694 7914 7837 7607 7776 8030 7707 7511 8541 7558 7849 7652 7410 7554 8055 8340 7981 7593 8019 7805 7801 7993 7893 7791 7312 7714 7272 7756 8403 8388 8074 8004 7571 7807 7325 7931 7666 7379 7895 7377 7966 7739 7845 7765 7760 7672 7446 7563 7443 7877 8105 8133 7327 7540 7852 7546 7854 7390 8201 7626 7581 7663 8160 7700 8228 8402 8096 8239 7744 8259 7482 8252 7853 7556 8398 7862 7894 8101 7139 7534 7806 6788 7691 7455 7499 7516 7883 7712 7921 7629 7755 7370 7544 7748 7667 8157 7555 7781 7466 8554 7513 7148 7840 7619 8179 7557 7820 7540 7370 7624 7695 7670 7995 7337 7817 7713 6917 7713 7355 7973 7780 7811 7796 7690 8333 7505 7545 7883 8096 7418 8081 7876 7783 8255 7964 8173 7409 7809 7963 8089 7743 8254 7790 7504 7632 7238 7460 7871 7373 7931 8151 7650 7494 7597 7473 7635 7520 7479 7971 8004 7447 7821 8366 7661 7374 8136 7641 7961 7665 7670 8424 7987 8206 8288 7076 8058 7396 7874 8002 7859 7960 8007 7308 7748 7639 7902 7336 7992 7863 8019 7764 7737 7685 7372 7232 7767 7624 7151 8130 8020 7816 7716 7939 7509 8024 7924 8071 7714 7318 7642 8117 7919 7466 7317 8267 7910 7865 7849 7334 8009 7534 7439 8476 7708 7399 7489 7090 7756 7953 7445 7573 7918 7650 8144 7559 7804 7612 8010 7904 7407 7423 7338 7820 7263 7203 8219 7592 7656 7396 7813 6950 7349 7606 7633 8155 7990 7855 7611 7370 8189 7718 7616 7863 7405 7726 7481 7939 7575 7583 8018 7806 7396 7785 7633 7509 7764 8047 7696 7585 7960 7468 7675 7914 7788 7955 7732 8074 7699 7757 7992 7236 7605 7915 7938 8152 7482 7686 8001 7710 7588 8067 7780 8239 7494 7878 8043 8058 7371 7884 7516 8012 8007 8009 7656 8101 7903 7680 7431 7688 7732 7666 7460 7657 7799 7794 7292 7841 7343 7769 7381 7401 7638 8287 7164 7994 7325 7211 7885 7544 8085 7670 7970 7408 7530 8077 7837 7575 7837 7503 7839 7788 7589 7413 7624 7859 7921 7596 7863 7383 7582 7336 7755 7719 7777 8010 7580 8270 8003 7466 7764 7611 7731 7641 8050 7257 7783 7371 8177 8105 
8184 8471 8457 8753 8938 8515 8343 7880 8608 8344 8692 8584 8493 8085 8941 8425 9284 8030 9015 8124 8441 8379 8740 8711 8356 8596 8733 8271 8341 9046 8381 8776 8360 8526 8237 8822 9110 8555 8612 8777 8197 8654 8816 8918 8535 8194 8305 8075 8414 8799 9190 8583 8543 8550 8354 8225 8526 8473 8353 8981 8030 8826 8716 8777 8730 8520 8305 8512 8406 8403 9041 8746 8722 8123 8563 8523 8253 8714 8387 8828 8431 8766 8629 9099 8443 8813 8986 8577 8868 8574 8979 8077 8833 8283 8189 9176 8614 8723 8730 8012 8214 8724 7512 8403 7698 8495 8177 8163 8496 8508 8490 8528 8059 8339 8494 8718 8781 8230 8276 7875 9148 8329 8015 8047 8269 8691 8277 8619 8378 8368 8231 8401 8420 8969 7922 8874 8386 7364 8372 8397 8499 8734 8289 8403 8518 8571 8350 8103 8378 8738 8065 8801 8503 8432 8788 8127 8949 7741 8863 8548 8690 8576 9229 8804 8184 8148 8457 8363 8674 8042 8543 8866 7867 8351 8090 8349 8230 8039 8743 8929 8711 8729 8513 9053 8209 7962 8747 8724 8826 8663 8548 9258 8710 8944 9039 8124 8635 8141 8564 9010 8483 8554 8518 8124 8452 8565 8673 8593 8349 8357 9099 8033 8568 8529 8149 8001 8026 8539 8314 8647 8253 8566 8272 8780 8200 8801 8925 8536 8645 8575 8379 8860 8516 8038 7804 8881 8646 8720 8688 8032 8840 8019 8187 9161 8836 7869 8566 8013 7911 8816 8535 8345 8835 8611 8860 8637 8427 8048 8597 8494 8215 8178 8332 8364 8116 7927 9037 8146 8545 8223 8324 7674 8490 8822 8461 8799 8597 8530 8253 7853 8729 8414 8677 8154 8083 8441 8371 8711 8434 8437 8491 8526 8377 8316 8360 8389 8344 8883 8245 8199 8298 8709 8357 8402 8509 8761 8674 8842 8318 8223 8980 8269 8492 8991 8694 8866 8159 8062 8419 8408 8926 8889 8035 9027 8040 8532 8730 8704 8146 8432 8214 8640 8686 8962 8387 8774 8512 8643 8089 8411 8363 8446 8031 8568 8214 8551 8266 8728 8401 8702 8018 8154 8813 8996 8264 8496 8245 8159 8862 8210 8518 8525 8565 8649 7903 8294 8553 8129 8535 7894 8553 8461 8117 7981 8159 8399 8702 8192 8696 8375 8564 8288 8315 8283 8441 8699 8426 8939 8902 8099 8495 8559 8655 8197 8375 8196 8412 7770 9032 8793 
7758 8083 8210 8047 8826 8089 7738 7866 8176 8042 8182 8235 7928 7683 8801 7972 8739 8181 8505 7901 7912 8271 8235 8176 8221 7813 8313 8230 8352 8610 8208 8302 8074 8136 7873 8479 8480 7953 8009 8758 8169 7998 8420 8301 8232 7899 7986 7724 7960 8261 8872 8520 8356 8294 8087 7451 8541 8243 7961 8267 7700 8456 8167 8465 8112 8516 7991 7847 7732 7878 8535 8359 8557 8044 7632 8035 8003 8320 7677 8715 8000 8359 8230 8150 8260 8596 8761 8361 8530 8232 8223 7809 8350 8175 7768 8454 8113 8437 8183 7450 7635 8373 7331 8015 7955 7982 7887 7945 8691 7523 7683 8190 8219 8070 7938 7969 8602 7940 8004 7901 8726 7967 7884 7950 7771 8139 7918 8208 8311 8062 7951 8005 7927 8664 7660 8398 8195 7228 7884 7947 8423 8314 8315 8151 7844 8026 7881 7951 8221 8387 7904 8440 8069 8066 8230 8004 8677 7640 8397 8196 8387 8224 8893 8098 8099 7846 8092 8073 8197 7880 7903 8599 7741 7733 7534 7925 7962 7772 8192 8494 8352 8129 8317 8567 7830 7723 8326 7914 8308 7770 8330 8957 8721 8741 8489 7287 8558 7697 7963 8989 8044 7811 8262 7692 7948 7820 8183 8113 8043 7986 8420 7916 8226 7967 7552 7626 8099 8221 7770 8343 8327 8066 8125 8515 7869 8566 8819 8431 8415 7575 7918 8282 7652 7868 8165 8493 7939 7912 8533 7941 8286 8008 7671 8733 7936 7767 7967 7506 7811 7948 7671 7761 8534 8444 8561 7964 7871 7799 8216 8324 7828 7836 7775 7911 7565 7521 8804 7518 7800 7823 7844 7476 7981 8236 7895 8304 8423 8112 8201 7832 8335 8090 7994 8093 7433 7989 7936 8604 7922 8254 8376 8521 8157 8050 7763 8083 8111 8131 7881 7909 8244 8160 8066 8373 8312 8205 8289 8208 7870 7921 8625 8004 8234 8238 8097 8411 8032 7846 7855 8219 8142 8390 8213 8357 7771 8323 8140 8363 7927 8029 8130 8597 8102 8173 8051 8580 8273 8485 7922 7977 7834 7869 7538 8156 7972 8134 7839 8346 7801 8070 8089 8136 8226 8322 7773 8193 7921 7775 8390 7928 8374 8359 8423 7853 7898 8194 8217 7789 8360 7807 7850 7845 7698 8323 8137 8182 7896 7722 8405 7631 8241 7763 8438 7762 8277 8370 8000 8303 8102 8016 7987 8484 8126 7958 8195 7745 8280 7877 8310 8545 
8611 8467 8336 8308 8955 8592 8126 7982 8641 7988 8636 8543 8380 8357 8688 8310 8849 8427 8553 8067 8399 8644 8607 8035 8150 8265 8555 8397 8252 8948 8269 8396 8655 8187 7940 8559 8629 8184 8445 8567 8346 8453 8229 8349 8219 7946 8309 7763 8195 8585 8873 8784 8653 8408 8523 7867 8573 8100 8295 8592 8367 8743 8587 8571 8240 8233 7851 8055 8384 8329 8876 8274 8589 8191 8232 8555 7918 8383 7738 8670 8324 8909 8196 8655 8241 8684 8901 8763 8752 8356 8523 8091 8790 8193 8205 8853 8337 7886 8721 7482 8326 8372 7526 8467 8128 8116 8365 8387 8594 8185 8304 8182 7973 8247 8504 8578 8759 8005 8467 7897 8888 8131 7817 8228 7937 8673 8178 8255 8358 8074 8199 8220 7895 8891 7956 8898 8532 7668 8001 8282 7788 8448 8537 8103 8307 8631 8007 8050 8394 8343 8071 8782 8278 8405 8555 8123 8850 7750 8514 8425 8724 8496 8937 8888 8085 8348 7999 8518 8343 7732 8214 8827 7931 8027 8248 8263 8257 7995 8061 8569 8605 8444 8757 8366 7939 8169 8461 8406 8577 7819 8431 8925 8485 8521 8769 7679 8729 7769 8284 8953 8197 8119 8806 7706 8382 8054 8175 8251 8195 8489 8148 8297 8998 8180 7861 7908 8424 8314 7785 8292 8343 8358 8085 8664 7965 8637 8760 8463 8539 8216 8229 8505 8494 8272 8098 8628 8633 8372 8614 7656 8512 8197 8093 8987 8628 7778 8068 7676 8150 8486 7888 8199 8557 8362 8849 8489 8063 8086 8544 8605 8449 8277 7667 8440 7560 7851 8893 7738 8138 7989 8288 8079 8355 8379 8226 8680 8670 8502 8394 7897 8590 8525 8519 8256 7891 8238 8313 8857 8321 8673 8631 8472 8126 8315 8046 8234 8215 8350 8190 8176 8571 8222 8410 8442 8829 8398 8500 8648 8052 8100 8768 8163 8149 8532 8261 8876 8396 7879 8698 8730 8688 8607 8260 8879 8096 8803 8280 8407 8299 8297 8393 8359 8537 8592 8315 8785 8157 8662 8151 8247 8025 7740 7782 8164 8482 8259 7906 8916 8004 8810 7940 8184 8054 8931 8106 8916 8117 7974 8662 8148 8554 8292 8351 8067 8224 8494 8117 8340 8448 8438 7963 8761 8051 8173 8211 8681 8283 8204 8291 8038 8522 7818 8293 8691 8226 8533 8233 8777 8290 8120 8551 8304 8688 8214 8211 7880 8473 8029 8378 8617 
7863 8055 7881 8058 8382 8149 7552 7699 8117 7879 8267 8219 7876 8091 8524 7884 8260 7672 8542 7539 7714 8310 8260 8111 7986 8073 8341 7944 7983 8688 7880 8261 8083 8217 7500 8299 8593 8040 8105 8646 8307 7863 8140 8257 8061 7669 8051 7731 7812 8504 8892 8485 8283 8014 8079 7594 8221 7941 7971 8359 7792 8196 8424 8150 7899 7982 8100 7731 7866 8044 8242 8589 8021 7770 7988 7898 7824 8177 7469 8308 8247 8249 8351 8722 8058 8431 8427 8251 8489 8024 8512 7540 8040 8306 7860 8495 8057 8345 8505 7316 7843 8054 6984 7963 8003 8100 7721 7948 7836 8033 7907 8469 7947 7660 8156 8338 8589 7703 8126 8018 8702 7858 7606 7955 7815 8422 7939 7897 7782 7788 8086 7974 8015 8207 7557 8407 7994 7356 7805 7522 8331 8393 8244 8048 8163 7994 7483 7820 8152 8204 7847 8698 8091 8195 8475 7838 8765 7364 8188 8368 8378 8071 8343 8372 7784 7964 7783 8251 8119 7352 7993 8428 7757 7757 7784 7596 8234 7813 7906 8389 7802 8102 8401 8619 7607 8044 8388 8309 8898 7639 7621 8970 7904 8747 8474 7393 8189 7864 8000 8903 8189 8339 8010 7791 8011 7636 8321 7925 7766 8367 8435 8257 8238 7936 7832 7607 7483 8280 7846 8021 7996 8137 8009 8320 7233 8402 8496 8350 7892 7942 7991 8403 7960 7651 7571 8422 8214 8044 7968 7364 8099 7965 7893 8663 7903 7463 7815 7690 7715 8085 7605 8085 8266 8159 8427 8036 7796 7922 8095 8234 8037 7768 7504 8280 7851 7364 8663 7753 7810 7633 8127 7423 7720 7940 7990 8316 8388 8042 7711 7160 8295 8437 8079 7884 7635 7659 8203 8620 7871 8181 8181 8268 7788 8306 7992 8103 8202 7769 7763 7759 8132 7881 7703 8098 8457 8254 8116 8077 7596 7502 8511 7790 8098 7990 7797 8554 8016 7772 7749 8221 8251 8215 8010 8718 7669 8059 8063 8247 7967 7973 7868 8131 8182 8388 7896 8044 8152 8075 7622 8147 8147 8444 7856 7761 8126 8162 7971 8398 7911 8349 8157 7724 8261 8498 7669 8317 7913 7711 8249 7943 8346 8211 8264 7896 7813 8225 8122 8022 8314 7708 8013 8061 7356 7625 7937 8025 7900 7673 8049 7719 8116 7557 7832 7765 7629 8024 7859 8582 8246 7900 7896 8545 7938 7800 7903 7889 8198 7445 8112 8479 
7664 7716 8356 7863 8393 8040 7723 7909 8363 7141 8369 7957 7934 7543 8725 7639 8641 8120 8194 7539 7889 8075 8071 8138 8107 7712 8396 7867 7795 8139 7800 7993 7934 8049 7818 7963 8446 7829 7962 7932 7970 8294 7890 8347 7435 7741 7694 7616 7944 8307 8658 8043 8118 8014 8141 7287 7613 7998 8142 7756 7525 8201 7918 8194 7818 7957 8175 7303 8009 7765 8017 8323 8347 7657 7524 8067 7741 8289 7690 8317 7813 8144 8187 8306 8126 8345 8681 7908 8245 8024 8163 7507 8252 7948 7705 8381 8059 8012 7756 7060 7834 8058 7271 7800 7808 7851 7717 7709 8433 7757 7808 8188 7624 7982 7747 8168 8055 7760 8010 7845 8130 7957 7710 7819 7972 8147 7878 7999 8020 7382 8094 8069 7520 8571 7463 8346 8217 7204 7450 7898 7963 8226 8045 8305 7999 7966 7694 7526 8233 7945 7924 8234 7622 7970 8086 7980 8340 7276 8247 8135 8543 7942 8432 7962 7522 7597 7673 7846 8018 7868 8107 8200 7351 7527 7311 7743 8148 7457 8237 8216 8183 7995 8295 8190 7787 7619 8474 7865 8515 7638 8112 8264 8264 8852 8643 7101 8069 7521 7448 8606 8237 7960 7894 7718 7631 7837 8223 7700 8016 7882 8276 7880 7907 7876 7695 7764 7897 7692 7646 8213 7835 7801 7976 8418 7674 8366 8837 7990 8036 7564 7595 8263 8012 7540 7626 8137 8153 7870 8391 7484 8252 7804 7654 8472 7678 7431 7705 7450 7895 7787 7884 7989 8086 7913 8112 8232 7776 7923 8184 8485 7821 7963 7572 8079 7411 7560 8498 7742 7966 7671 7759 7274 7890 7893 7795 8656 8002 8224 7955 7257 8214 8010 7960 7981 7644 8102 8055 7765 7424 8229 8165 7938 7654 8233 7643 7785 7946 7721 7977 7837 8109 8165 8014 7913 8087 8160 8193 8007 7615 7749 8465 7974 8067 8289 8453 8252 7927 8088 8099 8022 8210 8305 7997 8327 7485 8375 7788 8125 7569 8123 7803 8383 8125 8068 7838 8638 7549 8010 7604 8166 7774 7928 7866 8077 8100 7876 7965 8572 8102 8253 8086 7728 7963 8498 7626 8209 7806 7914 8574 7933 8253 8103 8192 7831 7898 8211 7887 7757 8118 7612 7787 7784 7489 7311 7691 8293 7959 7530 7877 7875 8072 7616 8181 7885 7751 8175 7741 8370 7919 7613 8087 7941 7808 7679 7914 7627 8158 7400 8340 7947 
7731 7662 7992 8116 8388 7907 7558 7712 7756 7589 7821 8392 7705 7438 8539 7858 8569 7885 8392 7521 7711 8216 8163 7592 8036 7875 8086 7864 7762 8566 7795 7806 8079 8237 7719 7882 8179 7911 8152 8184 7846 8158 8186 8563 7737 7943 8033 7566 8003 8175 8555 8289 8126 8288 7608 7490 8073 7905 7676 8220 7593 7870 8039 7955 8015 8182 8079 7850 7810 7629 8476 7934 8415 8029 7656 8017 7766 8243 7559 8297 7938 8043 8213 8156 7885 8375 8705 7863 8433 8092 8069 7591 8050 7955 7718 8293 8172 8339 7867 7338 7484 8005 6952 7893 7649 7731 7419 7721 8233 7638 7746 7900 7784 8184 7697 8076 8512 7869 7867 7566 8476 7778 7491 7571 7880 7982 7604 7867 8103 7992 7682 7754 7607 8382 7561 8080 7985 7170 7758 7858 7819 7981 7941 7789 7382 8321 7602 7930 8134 8269 7798 8147 7831 7731 8332 7758 8584 7569 8119 8152 8222 7660 8621 8072 7702 7690 7845 7617 8025 7865 7747 8038 7674 7414 7206 7876 7966 7682 8002 8512 8000 7638 8155 8095 7573 7758 8148 7627 8303 7766 7627 8612 8209 8446 8330 7033 7820 7420 7819 8875 7939 8040 7837 7569 7936 8076 7767 7951 7505 8082 8452 7776 8211 7478 7516 7647 7586 7826 7704 8167 7933 7900 7855 7909 7858 8192 8262 7870 8321 7916 7505 8088 7700 7660 7844 8276 7834 7719 8218 7412 8017 7655 7639 8703 7994 7383 7567 7510 7994 7984 7529 7662 8123 7718 8137 8375 7875 8043 8034 8085 7502 7622 7438 7878 7650 7253 8363 7582 7731 7835 7476 7388 7793 8230 8047 8120 8239 8022 8032 7280 8194 8150 7764 7549 7314 8019 7844 8498 7638 8026 7998 7979 7816 8247 7607 7687 8097 7905 7696 7468 7977 7718 8025 7639 8026 8016 7845 7905 7620 7842 8447 7661 8066 8118 8191 8306 7705 7739 8158 8122 8279 8318 7970 8330 7745 8309 7925 8094 7503 7879 7902 8239 8065 8201 7567 8171 7845 8277 7504 8073 7533 7531 7832 8030 7695 7946 7485 8032 7732 8039 7531 7631 7955 8743 7381 8032 7817 7510 8050 8037 8341 7846 7808 7650 7440 7885 7834 7671 7994 7707 7650 7678 7553 7423 7673 8111 7940 7672 7894 7827 7830 7452 7844 7853 7578 8052 7679 8555 7772 7932 7864 7931 8122 7780 7898 7525 7776 7343 8403 8184 
7575 7788 7941 7731 8338 7982 7297 7501 8043 7577 8088 8133 7647 7380 8564 7643 8519 7719 8451 7391 7970 7552 8321 7767 7631 7682 8072 8135 7969 8669 7843 8240 8133 7749 7282 7889 8720 8168 7938 8140 7916 8209 8066 8409 7689 7791 7884 7434 7821 8053 8412 8044 8184 8376 7621 7344 7964 7793 7787 8040 7305 8097 7876 8091 7949 7955 8143 7617 7826 7950 8128 8072 7932 7548 7564 8250 7945 8111 7931 8624 7674 7953 8371 8072 8107 8091 8546 8033 8715 7771 8208 7605 8114 7836 7593 8552 8146 8189 7963 7480 7418 7780 7117 7984 7687 7977 7661 7831 8244 7687 7842 8275 7572 7802 8089 8247 8238 7576 7769 7541 8529 7661 7815 7811 7885 8295 7878 7967 7949 7983 7769 7732 7684 8102 7877 7957 7888 7175 7618 7531 7574 8073 7765 7372 7872 8051 7549 7508 7989 8061 7619 8242 7902 8198 8026 7829 8365 7139 8412 8094 8104 8139 8518 7965 7704 7550 7306 7733 8118 7453 7942 8315 7624 7506 7503 7671 7867 7685 8164 8544 7870 8045 8230 8574 7873 7486 8147 7783 8386 7646 7503 8329 8263 8427 8355 7285 8420 7675 8121 8385 8052 8227 7911 7503 7874 7712 8047 7699 7648 7800 8316 7733 8074 7928 8010 7648 7908 7769 7511 7909 8074 7755 7721 8388 7793 8240 8517 8013 8102 7276 7855 8310 8007 7626 7665 8601 8047 8034 7887 7745 7983 7673 7667 8537 8113 7563 7505 7306 7578 8006 7680 7809 8233 7927 8201 8051 7597 7853 8182 8167 7551 7414 7634 7732 7494 7365 8482 7505 7936 7794 7355 7357 7768 7970 7999 8191 8199 8239 7905 7533 8360 7732 8045 7774 7395 7891 7950 8258 7530 8251 8100 7751 7732 8060 7629 7797 7616 7992 7586 7823 7971 8028 7737 7977 8093 7817 7862 8167 8030 7776 8076 7530 7881 8336 8233 7837 7725 7595 7943 7863 8166 8208 7992 8405 7676 7944 7887 8355 7659 8028 7702 8121 8148 8120 7498 8255 8119 8035 7848 8005 7448 7919 7516 7663 7915 7737 8001 8121 7919 7899 7693 7738 7627 8483 7473 8068 7501 7809 8360 7872 8095 8327 8334 7724 7630 8229 7792 7836 8330 7417 7926 7664 7197 7561 7905 7824 8129 7466 8047 7924 8032 7628 7925 7643 7943 8110 7672 8276 8106 8203 7856 8145 7794 7675 8150 7776 8031 7639 8277 8028 
8265 8344 8261 8553 8949 8283 7854 8102 8383 7966 8558 8541 8474 8316 8983 8419 8834 8226 8793 8089 8460 8384 8431 8339 8276 8291 8385 8440 8172 8904 8490 8276 8322 8308 8336 8616 8889 8435 8537 8501 8360 8475 8247 8633 8172 7741 8754 7867 8405 8906 8865 8671 8550 8671 8142 7808 7694 8480 8034 8659 8016 8550 8805 8416 8477 8500 8344 8108 8100 8175 8797 8906 8519 8028 7995 8583 8131 8366 8015 8549 7919 8489 8732 8769 7749 8954 8983 8457 8908 8133 8305 7935 8517 8190 8151 8738 8482 8236 8688 7643 8442 8264 7624 8006 7892 8101 8214 8434 8591 8305 8207 8032 7774 8180 8227 8547 8481 8259 8226 8173 8841 8075 7906 8257 8177 8811 8296 8461 8152 8440 8061 8149 8079 8867 8178 8693 8441 7713 7641 8150 8255 8383 8267 8344 8149 8694 7823 8128 8629 8458 8043 8626 8345 8427 8491 8281 9207 8096 8576 8498 8465 8549 8861 8293 8082 8233 8006 8372 8341 7907 8408 8575 8261 8069 7593 8352 8469 7915 8367 8720 8407 8175 8776 8433 8233 8200 8385 8252 8858 8092 8209 9081 8575 8884 8594 7592 8547 7872 8467 9197 8526 8501 8391 7709 8515 8363 8682 8058 8446 8388 8464 8351 8990 8383 7866 8045 7851 8439 7878 8352 8367 8253 8192 9023 8077 8874 8861 8788 8667 8263 7960 8441 8320 8463 7654 8707 8846 8222 8665 7842 8555 8127 8044 8686 8159 7924 8573 7781 8275 8440 8029 8023 8373 8350 8707 8527 8032 8440 8262 8637 7976 8092 7927 8329 8023 7759 8879 8077 8572 7988 8302 7954 8224 8353 8266 8967 8616 8347 8143 7573 8536 8479 8709 8140 7890 8215 8304 8902 8252 8563 8979 8338 8178 8580 7861 8285 8027 8295 8200 7908 8540 8492 8399 8016 8593 8637 8448 8374 8386 8166 8890 7989 8399 8648 8402 8727 8030 8040 8199 8373 8293 8603 8485 8920 8444 8449 8283 8441 7831 8230 8260 8493 8802 8543 8306 8620 8263 8900 8583 8285 7987 8300 8199 8170 8261 8427 7952 8540 8118 8440 7656 8410 8260 8976 8045 8599 8107 7869 8330 7912 8599 8326 8565 8427 8078 8557 8263 7955 8201 7941 8230 8435 7954 7854 7925 8503 8609 8259 8450 8141 8470 7766 8589 8695 8423 8485 8251 9181 8328 8106 8406 8538 8411 7882 8350 7846 8391 7978 8562 8486 
8056 8044 8331 8169 8648 8092 7856 7857 7924 8057 8178 8169 7793 7920 9205 8063 8535 8149 8775 7689 8325 8300 8538 8080 8144 8124 8176 8142 7931 8013 7808 8395 8077 8074 7914 8160 8509 8076 8150 8431 8154 8303 8331 8397 8251 7795 8126 7376 8061 8334 8812 8510 8408 8399 8321 7523 8252 8082 8318 8581 8016 8617 8518 8277 7856 8087 7838 8135 7918 8079 8735 8021 8318 7768 7880 8435 7949 8511 7829 8347 8120 8314 8263 8595 8264 8604 8649 8399 8262 8080 8832 7574 8187 7728 7651 8604 8153 8094 8274 7369 8143 8170 7297 8025 8035 7963 7946 7896 8446 7795 7958 8057 7893 7667 8043 8205 8769 7874 8228 7574 8749 7647 7983 7442 8251 8456 8151 8360 8397 8091 8057 7951 8192 8600 8024 8468 8297 7402 7877 8092 7852 8467 8299 8105 7967 8428 7948 7749 7947 8139 7847 8661 7977 7872 8229 8158 8837 7415 8122 8091 8250 8347 8750 8389 7726 8022 8118 7959 8244 8109 7949 8114 7918 7937 7586 7716 8276 7741 8602 8351 8127 8171 8359 8661 8055 7985 8404 8098 8804 8395 8064 8554 8512 8884 8410 7470 8427 7528 7898 8632 8274 8501 7938 7952 8105 8227 8264 8085 7984 8368 8480 8209 8388 7925 7671 7639 7739 8205 7973 8192 8035 8232 7809 8618 7758 8526 8921 8218 8309 7855 7852 8621 8035 7835 8037 8750 8144 8073 8166 7388 8339 7956 7976 9008 8240 7730 7866 7354 7977 8014 8022 7886 8464 8067 8381 8179 7809 7908 8076 8620 7976 7780 7551 8078 7663 7952 8681 7542 8199 7753 8302 7976 7994 8089 8115 8256 8157 8306 7993 7617 8532 7932 8207 8161 7630 8080 8282 8615 8014 8156 8269 7905 7865 8266 7634 8188 8165 8137 7838 8061 8041 8429 7997 8224 7988 8291 8136 8189 7652 8085 8352 8113 8087 8280 8118 8657 7877 7561 7965 8193 8481 8572 7955 8673 8009 8414 8405 8313 8206 7984 7737 8612 8236 8340 8012 8746 8278 8538 7714 7795 7933 8163 8057 8027 8084 8107 7607 8352 7890 8520 8140 7741 8203 8642 7805 8374 7955 7813 8242 7989 8383 8331 8257 7864 7864 8177 8155 7919 8530 7328 7922 8061 7586 7842 8061 8178 8430 7752 8372 7886 8016 7780 8268 8130 8008 8069 8061 8659 8321 7670 7808 8200 7988 7928 7908 7808 8277 7783 8777 8364 
7771 8069 8184 8353 8238 8264 7987 7851 7821 7901 8183 8477 7708 7696 8411 7696 8210 7932 8466 7500 8115 8136 8442 8436 7773 8049 8252 8238 8303 8792 8044 8146 8383 8109 7672 8174 8371 7723 8223 8357 8075 8354 8077 8265 7795 7528 8115 7801 8044 8739 8603 8487 8242 8138 7788 7400 8128 7924 8001 8285 7922 8596 8142 7949 8208 8065 8230 8012 7663 7874 8257 8432 8582 7763 8031 8200 7610 8215 8266 8267 7792 7814 8047 8514 7784 8648 8750 8113 8891 8085 8099 7383 8091 8370 7780 8852 8427 8367 8281 7355 7819 8291 7246 7650 8264 7917 7598 8004 8380 7825 7562 8102 7777 7907 7908 8156 8521 7778 8159 7851 8683 7745 7708 7708 8057 8310 7933 7816 7899 8010 7833 7881 7589 8614 7971 8295 8434 7092 7849 7683 8383 8301 8060 8098 7992 8256 7805 7586 7950 8251 7850 8711 8001 8069 8451 7966 8612 7515 8225 8036 8029 8135 8781 8189 7778 7954 7476 8041 8434 7845 8129 8326 7418 7562 7613 7538 7816 7927 8181 8460 8095 7832 8370 8053 7504 7573 8347 8328 8524 7815 8337 8412 8041 8730 8408 7499 8377 7786 8157 8765 8026 7929 7926 7498 8001 7846 8056 7913 8178 8083 8528 7937 8315 7827 8015 7684 8013 8218 7721 8326 8201 8020 7754 8206 7494 8412 8211 7952 8356 7929 7917 8294 7909 7675 7394 8646 8179 7915 8104 7549 8130 8128 7927 8812 8235 7515 7710 7772 7966 8066 8042 7906 8509 8509 8347 8162 7678 8299 8353 8119 8320 7530 7530 8232 7704 7327 8536 7852 7896 7531 7941 7620 7882 8262 8118 8361 8382 8217 7852 7582 8377 8108 7850 7944 7463 7942 7555 8399 7738 8341 8223 8315 7773 8268 7919 8103 8180 8167 7538 7417 8194 7895 8132 8184 8590 8091 8132 7968 7738 8007 8462 8011 8206 8302 8068 8325 8061 7801 8057 8291 8113 8396 8178 8579 7879 8008 7882 8056 7582 8080 8031 8276 8307 8610 8089 8443 8352 8039 7932 7894 7721 7952 7506 8119 8323 7797 7888 8161 7735 8036 7925 7603 8236 8683 7833 8519 7666 7770 8157 7776 8355 8280 8599 8098 7934 8174 8128 7518 8538 7595 7710 7724 7703 7729 7941 8612 8340 7580 8100 7699 8035 7934 8086 7909 8051 8252 7659 8534 8166 7770 7937 8297 7909 8041 8101 7974 8008 7934 8309 8345 
7729 7707 7970 7623 8492 8040 7389 7552 8003 7451 8001 8395 8035 7749 8241 7864 8568 7471 8423 7295 7952 7817 8146 8072 7717 8026 8151 7818 7989 8360 7308 8156 7930 8258 7563 7966 8215 8013 8158 8328 7960 8080 8021 8104 7841 7626 7890 7614 8064 8059 8554 8501 8064 7889 7818 7506 8080 7929 7850 8045 7543 7979 8046 8034 7760 7742 7574 7674 7694 7769 8212 7790 8057 7435 7555 7992 7634 8113 7619 8256 7898 8067 7792 8402 7607 8408 8555 8185 8536 7752 8119 7723 8260 7885 7690 8376 8100 7921 8045 7159 7796 8021 7244 7781 7893 7864 7697 7420 8121 7865 7458 8108 7595 7799 7833 7951 8230 7497 7769 7858 8492 7714 7481 7807 7695 8325 7923 8106 7818 7671 8041 7649 7945 8366 7580 8229 8277 7319 7768 7719 7991 8057 8052 7844 7794 8013 7580 7521 7995 7940 7516 8241 8035 7967 8073 7836 8372 7361 8002 7709 7756 7862 8503 8062 7330 7712 7986 7832 8037 7768 7923 8404 7276 7687 7531 7372 7957 7511 8203 8410 8179 7875 8376 8318 7545 7745 8307 7721 8184 7700 7797 8580 7838 8569 8116 7520 8143 7590 7756 8542 8245 8039 7962 7288 7969 7680 7826 7996 7699 7895 8320 7717 8119 7693 7279 7531 8060 8143 7534 8032 7867 7800 7649 8295 7364 7992 8317 7718 8179 7793 7831 8114 8000 7640 7839 7985 7921 7920 8500 7354 8056 7946 7779 8702 8034 7155 7511 7616 7826 8344 7844 7530 8306 8257 8214 8117 7850 7860 8106 8501 8047 7408 7748 8186 7590 7426 8583 7679 7659 7533 7745 7551 7935 8178 7901 8395 7936 7815 7892 7373 8160 8007 7989 8058 7436 7941 7732 8137 7619 8041 8128 8002 7474 7946 7707 7824 7900 8015 7894 7531 7997 7866 7854 8032 7726 7931 8299 8032 7792 7746 8016 7754 7797 8060 8347 8466 7839 7504 8235 7833 8154 8022 7716 8145 7599 8299 7729 7666 7918 7853 8387 8134 7982 7989 7823 8490 7755 8159 7844 8035 7829 7623 7492 7982 7670 8129 7960 8332 7844 8096 7479 7482 8036 8463 7590 8114 7623 7819 8047 7691 7991 8214 8285 7763 7632 7940 8136 8009 8482 7487 7728 7631 7455 7696 7812 8121 8207 7711 8086 7567 7907 7545 7693 8078 7824 8210 8106 8711 7887 7355 7677 8290 7938 7979 7922 7620 8327 7493 8106 8249 
8143 8201 8248 8650 9047 8551 8047 8240 8621 7818 8723 8449 8232 8404 9188 8241 8894 8482 8922 7659 8209 8115 8648 8855 8569 8373 8580 8373 8569 8966 8049 8437 8532 8216 7856 8339 9052 8382 8421 8568 8616 8501 8570 8547 8400 7766 8545 7938 8177 8638 8868 8771 8671 8705 8483 7559 8171 8316 8635 8741 8186 8728 8544 8552 8424 8202 8374 8383 8397 8313 8826 8358 8416 7898 8258 8575 8153 8790 8172 9024 8343 8845 8774 8883 8303 9150 8860 8291 8742 8460 8625 8270 8562 8112 8176 8967 8657 8353 8305 7672 8377 8147 7715 7805 7934 8237 7824 8617 8759 8103 8164 8329 8190 8274 8272 8468 8813 8284 8336 7937 8895 8131 7966 8349 8509 8623 8243 8777 8463 8307 8360 8187 8287 8753 8155 8486 8531 7546 8232 8017 8301 8429 8280 8202 8409 8656 8248 8336 8874 8675 7989 8760 7945 8318 8723 8483 8847 7807 8843 8578 8658 8285 8918 8669 8101 8506 8101 8299 8499 7880 8454 8606 7996 8391 8004 8059 8399 8090 8638 8790 8181 8641 8692 8890 8015 8129 8622 8325 8999 7957 8422 8960 8419 8967 8535 7920 8522 8036 8393 9004 8319 8674 8339 7808 8325 8075 8324 8146 8428 8508 8777 8300 8649 8462 8082 7795 8113 8212 7768 8153 8379 8417 8319 8851 8038 8923 8881 8791 8478 8334 7790 8491 8111 8044 8283 8733 8337 8405 8407 8195 8510 8519 8183 8993 8573 8191 8306 8084 8321 8478 8169 8327 8260 8413 8745 8376 8269 8442 8393 8810 8354 8198 7880 8649 7867 7626 9042 8188 8415 7924 8261 7825 8451 8213 8543 8722 8481 8498 8501 7538 8768 8328 8197 8627 7712 8319 8244 8859 8240 8374 8433 8390 7979 8570 8011 8385 8564 8367 8036 8297 8346 8499 8199 8022 8649 8484 8445 8723 8254 8319 8956 8030 8271 8764 8439 8703 8203 7857 8080 8487 8620 8646 8534 9017 8054 8599 8323 8672 8293 8544 8333 8659 8592 8305 8229 8972 8424 8548 8145 8321 7936 8212 8059 8150 8636 8336 8330 8823 8400 8441 8121 8347 8567 8890 8077 8456 8521 8401 8687 8607 8515 8597 8568 8181 7856 8738 8527 8102 8446 8130 8145 8163 7568 8000 8355 8653 8525 8223 8658 8337 8732 7997 8051 8126 8225 8700 8184 8878 8300 8380 8314 8262 8598 8330 8716 7766 8198 8046 8325 8497 
8248 8450 8386 8319 8710 8231 8051 8258 8447 8355 8506 8430 7944 8200 8662 8178 8910 8198 8540 7882 8403 8534 8957 8338 8093 8200 8506 8403 8275 8781 8230 8554 8415 8249 8050 8785 9032 8526 8134 8695 8164 8191 8565 8628 8398 8090 8021 8026 8095 8486 9289 8646 8612 8366 8521 8354 8370 8124 8295 8208 8208 8542 8356 8260 7933 8318 8104 7984 8361 8357 8596 8790 8499 8013 8106 8219 8141 8395 8179 8815 8364 8294 8543 8578 8300 9106 8736 8410 8956 8531 8701 8109 8923 8197 8013 9007 8236 8370 8601 7581 8229 8386 7384 7923 7986 8518 8363 8411 8364 8364 8457 8801 8038 8238 8382 8746 8485 8034 8280 8098 8948 8386 7963 8374 8190 8970 8007 8296 8396 8227 8139 8314 7946 8926 8308 8481 8616 7400 8061 7853 8296 8692 8539 8501 8095 8657 7691 7979 8198 8745 8259 8900 8446 8185 8532 8466 8986 7596 8490 8309 8499 8693 8968 8445 7792 8370 8055 8576 8579 7967 8528 8884 8035 7965 8136 7818 8181 8252 8585 8610 8402 8522 8671 8562 7996 8370 8643 8402 8847 8040 8383 8906 8475 9127 9120 7625 8602 8274 8694 9129 8774 8607 8362 7803 8375 7780 8331 8149 8121 8594 8550 8128 8417 8394 8121 7949 8116 8282 7772 8331 8479 8537 8173 8486 7970 9104 8981 8377 8516 7889 8276 8783 8261 8217 8037 8643 8355 8150 8497 7899 8598 8092 8244 8971 8484 7654 8315 7856 8146 8297 8118 8137 8639 8386 8727 8412 8151 8525 8489 8720 8068 7961 7879 8280 8147 8098 8962 8263 8043 8152 8493 7912 8432 8286 8358 8621 8429 8543 8340 7737 8817 8482 8385 8432 8078 8033 8599 8752 8156 8444 8840 8663 8094 8539 7752 8230 8089 8157 8066 8330 8177 8485 8164 8566 8575 8382 8329 8406 8335 8030 8953 8060 8188 8436 7838 8785 8167 8234 8352 8615 8656 8459 8111 8950 8094 8372 8257 8766 8484 8019 8090 8820 8708 8600 8090 8496 8274 8693 8399 8292 7897 8353 8094 8258 8813 8319 7990 8857 8449 8495 8273 8228 8360 8949 7963 8585 8031 7917 8126 8195 8577 8675 8765 8194 8000 8148 8501 8447 9053 7866 8346 8004 8173 8183 7944 8520 8464 8208 8447 7999 8370 7645 8248 8167 8327 8444 8012 8969 8349 8345 8282 8448 8122 8271 8559 7905 8216 7990 8750 8774 
7963 8023 8223 7966 8790 8156 7984 8030 8272 7895 8172 8442 8126 8215 8725 8246 8690 8405 8693 7481 7974 8265 8534 8164 8147 7941 7932 8188 7926 8582 8348 8425 8483 8043 8036 8641 8850 8057 8059 8597 8509 8275 8228 8274 8054 8339 8111 7440 8257 8633 8918 8712 8178 8293 8253 7784 8396 8105 8210 8408 8149 8468 8366 8352 8001 8141 8179 7771 7971 8456 8727 8182 8232 8127 8133 8438 7784 8468 7900 8682 8052 8097 8514 8299 8117 9251 8810 8313 8545 8319 8387 7866 8587 7790 8151 8668 8266 8352 8016 7504 8191 8262 7393 8041 8000 8394 8188 8450 8254 7759 8088 8576 7980 7906 8298 8394 8505 7906 8435 7771 8771 7947 7650 7985 8171 8563 8066 8115 8316 8361 7951 8259 7862 8746 7857 8440 8186 7342 7590 7802 8056 8309 8338 8113 8136 8382 8027 7754 8287 8569 8000 8369 8135 8293 8483 7871 8674 7601 8064 8154 8363 8161 8567 8586 7835 8178 8004 8479 7914 7719 8221 8518 8059 7695 7695 7934 8140 7796 8293 8347 7995 7899 8830 8410 7910 7755 8281 8139 8737 7929 8027 8885 8614 8621 8880 7740 8252 7880 8417 8724 8291 8296 8445 7482 8366 8301 8200 8289 7928 8353 8350 8110 8687 8317 7505 7884 8133 8077 7821 8179 8022 8439 8083 8409 8103 8539 8540 8421 8485 8072 8193 8537 8044 8355 7808 8729 8697 8353 8370 7655 8591 8056 7951 8699 8373 7927 8731 7652 7957 8416 8003 7974 8245 8407 8626 8145 8016 8392 8361 8328 7952 8079 7894 8264 7731 7713 8996 7945 8065 8028 8216 7877 8196 7909 8530 8766 8649 8525 8295 7564 8305 8054 8077 8054 7799 7814 8425 8603 8034 8534 8497 8414 8056 8178 7679 8087 7882 8458 7994 8561 7866 8293 8296 8405 8652 8262 8202 8557 8183 8288 8451 8154 8169 8873 7973 8416 8170 8205 8317 8360 8175 8875 8029 8961 7978 8417 8334 8228 8174 8297 7942 8602 8608 8603 8002 8278 8286 8508 7944 8164 7816 8232 7764 8446 8194 8376 8059 8553 7999 8468 7937 7816 7731 8714 8027 8834 7891 7955 8245 8331 8535 8323 8426 7793 7720 8429 8057 8010 8697 7892 8355 8364 7707 7762 8057 8233 8697 7972 8524 7765 8421 7604 8109 8026 8355 8542 8106 8967 8080 8309 7843 8135 8002 7945 8364 7665 8260 8047 8333 8523 
7818 7853 8085 8175 8291 8230 7732 7496 7979 7818 8263 8067 7970 7804 8520 7987 8583 7897 8105 7521 8125 8290 8126 7711 7677 7838 8281 7879 7800 8458 7705 7755 7866 7779 7574 8267 8489 7834 8150 8348 8077 7969 8365 8512 7961 7453 8075 7475 7817 8309 8891 8367 7948 8179 7895 7537 8113 8095 7786 8192 8104 7936 8229 8075 8148 7964 7884 7626 7780 7828 8243 8137 8062 7866 8006 8200 7649 8025 7653 8515 8054 8502 8227 8607 7877 8852 8801 8031 8244 8146 8239 7936 8033 7777 7817 8418 7916 8181 8094 7574 7542 8063 7257 7807 7662 7631 8010 7896 8071 7818 7797 8425 7760 7982 7765 7908 8044 7832 8081 7875 8398 7968 7551 7875 7874 8306 7829 8129 7949 8302 7720 7965 7693 8472 7698 8624 8102 6971 7807 7863 7840 8217 7906 7922 7970 8403 7902 8096 8452 8198 7879 8441 7979 7815 8281 7923 8564 7610 8137 7884 8314 8160 8478 7995 7880 7767 7973 8237 8227 7302 7770 8222 7513 7767 7663 8149 8051 7867 8239 8095 8071 7748 8089 8350 7918 7575 8440 8199 8316 7726 8090 8855 8074 8624 8510 7221 8447 7592 7930 8575 7886 7810 7944 7547 7949 7895 8142 7742 8090 8105 8399 8054 8729 7801 7590 7381 7998 8393 7656 8150 7552 7993 7865 8069 7522 8226 8370 8235 8240 7900 7870 8142 7723 7944 7947 8583 8135 7824 8184 7539 8432 7994 8212 8335 7903 7351 7679 7357 7602 8149 7558 7950 8434 8297 8365 7798 7648 8029 8452 8339 7976 7986 7648 8239 7453 7374 8719 7849 8066 7697 7425 7481 7556 8305 7800 8139 8106 7928 7769 7450 8195 7969 8087 7649 7750 7850 7841 8220 7792 8135 8123 8170 8018 7847 7776 8024 7863 8093 7548 7730 8147 7787 7934 7870 8206 7919 7863 8179 7739 7772 8598 7546 8251 8027 7900 8308 7718 7688 7923 8195 7960 8383 7804 8610 7516 8265 8135 7991 7980 7972 8011 8319 8522 7802 8101 8262 7980 8295 7877 7846 8012 8238 7870 7699 7632 7886 7419 8053 7593 8199 7804 8098 7868 8776 7544 8114 7844 7416 8256 7982 8338 7812 8091 8156 7750 7906 7970 7774 8247 7335 7964 8197 7382 7658 7960 8137 8159 7867 7987 7592 8158 7765 8198 7888 7831 8190 7719 8634 7940 7815 7725 8092 8083 7971 7792 7584 7969 7712 8430 8492 
7751 7869 7927 8028 8578 8060 7738 7690 8238 7889 8034 7887 7750 8049 8971 8045 8489 8109 8511 7583 8238 8168 8258 8163 7726 7737 8076 7771 7850 8547 7785 8010 7781 7880 7833 8185 8416 8124 8167 8485 8061 8040 7635 8047 8087 7456 8160 7595 8124 7964 8842 8443 8153 8168 7875 7723 7995 7938 8009 7936 7916 8150 8345 8027 7940 8074 7838 8053 8052 7962 8330 8510 8146 7626 7777 8255 7724 8562 7618 8494 8192 8378 8318 8280 7824 8359 8510 8008 8567 8042 8092 7756 8003 7821 7912 8627 8166 8156 8180 7546 7745 7948 7099 7757 7852 7922 7417 7795 8458 7752 7858 8255 7832 7976 8181 8125 8489 7632 8002 7642 8261 8078 7928 7952 7883 8366 7943 7782 8172 7762 8076 7928 7611 8303 7933 8306 8427 7245 7589 7938 8131 8129 8095 8120 7850 8183 7336 7675 8059 8004 7512 8332 7941 7938 8042 7839 8281 7186 8259 8078 8188 8165 8545 7893 7748 7861 7749 7772 8088 7522 8029 8203 7705 7630 7478 7894 8125 7750 8143 8280 7892 8176 7934 8279 7693 7631 8435 8044 8316 7877 7710 8799 8373 8513 8387 7551 8210 7683 8061 8382 8041 8100 7859 7433 8036 7758 8231 7704 7985 8106 8314 7902 8140 8041 7837 8039 8114 8009 7782 7811 7961 8015 8212 8337 7762 8258 8450 8115 8133 7684 7610 8149 7880 7839 7638 8484 7906 8247 8204 7696 8163 7746 7915 8339 7813 7762 7979 7327 7635 7954 7680 7830 8318 7983 8188 8323 7705 7857 8035 8474 7956 7890 7523 8025 7776 7569 8507 7723 8083 7810 8046 7550 7600 8117 7795 8068 8201 8106 7819 7477 8233 7923 8003 8279 7662 7708 8026 8046 7918 8291 8275 8206 7721 8145 7611 8116 7784 8033 7851 7764 7859 7641 8008 7919 8034 8358 8254 8127 7912 7624 8508 7782 8076 8095 7944 8587 7799 7683 7985 7855 8314 8275 7808 8751 7965 8011 7647 7887 7883 7889 7900 8603 8096 8084 7869 8155 8140 8278 7657 7841 7559 7946 7802 7799 8113 7779 7965 8300 7917 8339 7704 7610 7940 8464 7771 8344 7832 7688 8030 8146 8077 7925 8440 7855 7557 8159 7743 7835 8463 7247 7928 7592 7658 7322 7661 8132 7918 7696 8210 7592 8145 7883 7991 7929 7815 7787 7811 8574 8096 7856 7792 8065 7818 7892 7850 7755 7974 7765 8233 8272 
8201 8315 8412 8496 8976 8142 7906 8068 8581 8373 8465 8373 7926 8499 8988 8007 8775 8316 9084 8062 8327 8382 8560 8682 8247 8258 8788 8422 8586 9147 8489 8307 8444 8230 8064 8677 9027 8743 8365 8727 8232 8517 8573 8613 8651 7897 8351 7851 8469 9132 9002 8728 8412 8666 8437 7984 8518 8464 8295 8360 8268 8619 8675 8344 8530 8648 8611 8334 8365 8605 8727 8442 8524 7982 8084 8484 8128 9076 8077 8574 8453 8553 8441 8599 8326 8971 8855 8546 8920 8434 8668 8209 8903 8290 7818 8893 8409 8578 8757 8175 8279 8392 7511 8133 8126 8505 8102 8570 8658 8126 8119 8689 8413 8100 8137 8518 8902 8123 8368 8050 8725 8106 7980 8094 8361 9075 8315 8597 8484 8239 8351 8313 8353 8474 7981 8768 8569 7510 8245 8230 8501 8688 8594 8171 8152 8575 8044 8079 8444 8544 7843 8914 8553 8312 8575 8244 8929 7917 8600 8366 8630 8498 9011 8544 7889 8156 8231 8386 8655 8223 8173 8891 7676 8034 8074 8129 8335 7939 8453 8698 8377 8132 8342 8542 7954 7989 8857 8489 8782 8134 8530 9134 8567 8976 9082 7644 8792 7703 8610 8849 8215 8807 8591 7680 8493 8309 8255 8166 8398 8417 8793 8146 8502 8460 8041 8048 7700 8758 7981 8539 8336 8317 8144 8641 8012 8919 8682 8556 8484 7805 8314 8797 8076 7932 7873 9006 8554 8441 8563 7993 8314 8182 8019 8925 8355 7795 8090 7828 7982 8286 7773 8098 8591 8516 9040 8724 8113 8525 8493 8669 8324 8332 7799 8713 8182 7891 9150 8071 8301 8016 8145 7199 8309 8653 8111 8753 8635 8439 8264 7510 8866 8495 8203 8286 7741 8341 8089 8487 7921 8467 8581 8377 8202 8515 7967 8346 8275 8525 8145 8162 8433 8791 8455 8455 8509 8522 8393 8744 8370 8089 8838 8169 8348 8960 8553 8786 8458 8055 8169 8187 8791 8682 8477 8657 7754 8652 8184 8609 7926 8341 8429 8743 8703 8643 8402 8889 8167 8755 8028 8385 8038 8196 7836 8303 8568 8274 8094 8723 8341 8468 8140 8226 8263 9041 7961 8734 8408 7982 8623 8574 8320 8577 8744 8269 7892 8771 8575 8169 8613 8234 8287 8369 8113 8239 7982 8593 8342 8212 8633 8117 8714 8007 8468 8221 8340 8348 8335 8964 8468 8255 8450 8457 8676 8171 8386 7985 8302 7792 8578 8674 
8412 8429 8234 8368 9027 8499 7916 7918 8480 8227 8428 8556 8176 8315 9003 8302 8855 8679 8711 7939 8343 8661 8800 8376 8449 8314 8662 8205 8405 9267 7980 8506 8505 8414 8148 8270 8854 8453 8695 8618 8606 8302 8151 8709 8458 8157 8706 7876 8710 8737 8844 8317 8591 8571 8181 8046 8630 8410 8624 8891 8224 8462 8758 8455 8620 8564 8315 7840 8214 8582 8725 8656 8506 8076 8044 8291 8046 8582 8169 8615 8227 8508 9011 8767 8216 8781 9324 8363 9010 8466 8625 8323 8555 8229 8143 9041 8540 8476 8645 7761 8193 8395 7653 8287 8295 8270 8211 8228 8644 8408 8511 8797 8152 8163 8586 8637 8686 8163 8509 8004 8598 8300 8062 8255 8378 8702 8536 8450 8700 8261 8428 8493 8390 8845 8293 8613 8866 7326 7834 7964 8482 8454 8564 8551 8378 8645 8211 8196 8696 8550 8081 8774 8593 8181 8793 8359 8755 7853 8669 8461 8704 8612 8897 8597 8252 8223 8343 8338 8397 8047 8386 8825 8091 8151 8041 8174 8623 8246 8547 8795 8529 8420 8544 8930 8288 8227 8881 8605 8782 8463 8240 8954 8498 8897 8738 7717 8681 7934 8029 8998 8685 8708 8264 7994 8614 8166 8297 7945 8272 8827 8771 8378 8585 8296 8273 8112 8264 8629 8039 8729 7978 8462 8593 8850 8425 8940 8795 8505 8653 8316 7952 8572 8194 8093 8015 8805 8227 8324 8377 7814 8990 8372 8244 9392 8699 8108 8335 7772 8028 8747 8413 8532 8743 8557 8557 8826 7881 8160 8668 8430 8469 8207 8267 8388 7949 8245 9202 8014 8280 7813 8153 8005 8163 8464 8320 8848 8756 8318 8159 7858 8526 8202 8419 8487 8046 7938 8041 8935 8133 8313 8631 8326 8088 8612 7960 8691 8526 8751 8239 8205 8370 8412 8019 8504 8304 8505 8276 8627 8322 8608 8827 8266 8435 8868 8111 8784 8137 8101 8649 8132 8686 8446 8359 8961 8149 8440 8279 8565 8387 8423 8056 9005 8610 8611 8227 8779 8203 8619 8129 8189 7985 8610 8376 7804 8351 8374 8387 8956 8261 8487 8102 8352 8413 9055 7815 8738 8056 8525 8793 8433 8310 8401 8548 8377 7908 8632 8369 8154 8667 7771 8073 8414 7987 7946 8498 8466 8571 7897 8668 8302 8593 8018 8214 8135 8112 8507 8310 8875 8052 8490 8241 8307 8332 8394 8383 7676 8387 7881 8784 8523 
8108 7949 8262 7923 8722 8118 7845 7700 8358 8288 8434 8226 8136 8179 8874 8251 8896 8144 8707 7567 8346 8371 8505 8394 8244 8047 8354 8396 8063 8925 8023 8379 8131 8206 7687 8639 8821 8711 8283 8513 8660 8053 8595 8366 8287 7656 8340 7820 8076 8579 8858 8529 8429 8660 8323 7731 8544 8144 8448 8465 8279 8574 8268 8148 7907 8557 7827 8372 8216 8358 8587 8406 8630 8012 8180 8241 8153 8528 7645 8536 8154 8355 8388 8426 8074 8435 9144 8347 8686 8406 8576 8297 8452 8163 8225 8763 8346 8576 8480 7515 7927 8012 7568 8373 8016 8234 7775 7948 8514 7894 7983 8045 7910 8308 8342 8301 8658 8016 8145 7779 8656 8107 7868 8462 8174 8571 8226 8337 7951 8308 8261 7865 8059 8697 8104 8331 8292 7306 8237 8026 8048 8232 8223 8035 8283 8780 7690 8135 8275 8563 7875 8590 8564 8061 8430 8238 8585 7808 8534 8764 8398 8235 8629 8524 8294 8183 8202 8116 8204 7875 8291 8599 7505 8160 8006 8076 8105 7866 8364 8736 8286 8266 8343 8528 8387 7949 8425 8394 8509 7634 8385 9165 8292 8853 8764 7665 8693 7824 8363 8683 8101 8373 8309 7631 8472 8176 8192 8215 8308 8328 8786 7993 8450 8406 8277 8013 7885 7953 7804 8367 8289 8326 8316 8633 7992 8595 8698 8605 8668 8275 7988 8503 8209 8129 8005 8490 8428 8270 8181 7659 8068 8072 8243 8768 8034 7850 8318 7634 8125 8241 8127 8053 8445 8100 8376 8353 8145 8340 8595 8630 7971 8076 7807 7974 7832 7739 8788 8029 8289 8234 8004 7687 8160 8066 8179 8764 8153 8531 8291 7809 8459 8664 8493 8089 7928 7793 8175 8958 7994 8537 8421 8185 8206 8380 7944 8271 7934 8493 7872 8052 8550 8120 8046 8204 8370 8244 8262 8427 8085 8155 8525 8167 8460 8601 7999 8504 8086 7777 8451 8307 8116 8892 8208 8651 8006 8536 8358 8741 8147 8486 8271 8606 8513 8650 7683 8227 8443 8381 7978 8319 7661 8196 7818 8254 8136 8240 8067 8550 8188 8297 8020 8020 8513 8899 7911 8494 8088 7938 8106 8085 8569 8418 8527 8191 7764 8642 8402 7988 8286 7725 7959 8535 7836 7890 8098 8603 8244 8133 8550 8402 8249 7982 8331 8245 7839 8211 8106 8495 7988 8202 8176 8441 8195 8014 8362 7701 8315 7855 8334 8935 
8202 8049 8029 8013 8340 7985 8117 7385 8355 7973 8143 8323 7987 7711 8655 8118 8790 8080 8340 7505 8406 8596 8554 8139 7884 8235 8401 8013 8182 8682 7655 8264 8120 7947 7983 8304 8635 8056 8205 8411 8227 8360 8353 8496 8004 7817 8004 7562 8214 8412 8798 8708 8317 8094 7919 7988 8291 7960 7770 8241 7991 8175 8008 8253 8403 7878 8091 7974 8018 7976 8455 8344 8486 7675 7787 8377 7900 8477 7662 8314 8149 8547 8067 8611 7719 8548 8832 8517 8573 8065 8374 7883 8369 8176 7760 8679 8492 8168 8178 7513 7760 8291 7326 7943 8097 7997 7775 8088 8367 8029 8102 8139 7808 7702 7990 8334 8447 7853 8140 7976 8608 7884 7896 7773 8067 8814 8063 8213 8386 8141 7951 7821 7948 8855 7844 8305 8690 6962 8164 8041 8024 8264 8105 8171 8183 8633 7739 7998 8199 8483 7578 8664 8344 7851 8527 8321 8627 7334 8338 8165 8177 8313 8938 8234 8037 7983 8127 8169 8379 7674 8094 8564 7476 7803 7782 8096 8317 7956 8384 8247 8335 8253 8634 8808 7983 7859 8689 7913 8160 8136 8025 8621 8258 8699 8123 7461 8573 7737 8104 8656 8288 8040 7983 7466 8173 8158 8328 7856 7996 8016 8252 7812 8166 7912 7921 7923 8278 8198 8022 8381 8230 8219 8146 8559 8102 8499 8591 8142 8333 8185 8025 8575 8261 8115 8003 8875 8340 8116 8352 7422 8392 8146 8177 8909 8316 7441 7801 7513 7899 8309 8110 7885 8560 8011 8318 8322 7888 8317 8586 8474 7951 7616 7789 8060 7531 7738 8920 7670 7751 8078 7882 7667 7924 8196 8164 8722 8384 8289 8225 7822 8542 8114 8190 7871 7522 7712 8411 8377 8149 8342 8322 8184 7622 8406 7930 8555 8180 8639 8122 7654 8194 7834 8324 8382 7952 8363 8512 8286 8104 8188 8695 7951 8274 8253 8324 8962 8060 8085 8510 8292 8170 8660 7840 8625 8138 8211 8116 8067 8025 8128 8071 8331 8195 8423 7972 8378 8062 8245 7968 8138 8072 7959 7773 8382 8057 7991 7911 8380 8169 8166 8242 7718 8342 8720 7780 8355 7916 8094 8209 7973 8583 7951 8274 7790 7705 8306 8216 8241 8343 7748 7974 8190 7669 8089 8045 8554 8380 8025 8625 7986 8029 7836 8003 8082 8080 8375 7912 8568 8069 7844 7973 8417 7922 7693 8060 7908 8266 7926 8363 8402 
7648 7933 7642 7916 8048 7636 7715 7524 7787 7801 7943 8067 7769 7635 8180 7784 8464 7484 8359 7383 7575 8125 8122 7771 8085 7867 8554 7492 8054 8639 7769 8271 7880 8041 7290 7959 8380 7827 7983 8107 7824 7916 7795 8267 7841 7633 7760 7275 8052 8121 8507 8098 8350 8027 7851 7241 7910 7546 8046 7897 7818 8301 7678 7994 8060 8141 7806 7677 7729 7949 7980 7913 8109 7662 7456 7996 7619 8030 7798 8227 7805 8033 8195 8188 7739 8375 8430 7836 8316 7977 8262 7623 8312 7850 7892 8388 7996 8100 8095 7262 7695 8160 7449 7494 7887 7814 7753 7869 7937 7571 7727 7906 7585 7743 8154 8033 8423 7736 8070 7422 8597 7776 7539 7625 7828 8180 7868 7927 8027 7935 7621 7594 7537 8273 7478 8334 8252 7073 7700 7426 7900 7986 8042 8086 7864 7905 7905 7921 8024 8278 7319 8271 7760 7615 8148 8066 8785 7212 7793 8034 8086 7984 8587 8334 7375 8033 7730 7949 7948 7427 8109 8139 7630 7529 7439 7710 7527 7413 7820 8290 7785 8076 8358 8229 7913 7429 8002 7772 8121 7926 7760 8380 8248 8392 8322 7173 8284 7705 7897 8272 7776 8029 7956 7499 7710 7643 7861 7840 7848 7942 8283 7833 7937 7907 7501 7885 7773 7600 7318 8018 8229 7753 7750 8194 7486 8237 8373 7971 7906 7707 7591 8314 7934 7525 8072 8328 7855 7947 8082 7519 7900 7651 7862 8445 8027 7359 7617 7122 7559 7999 7551 7831 7848 7872 8045 8070 7652 7788 8113 8231 7754 7519 7479 7902 7416 7502 8384 7309 7486 7701 7864 7554 7740 7657 7806 8319 7856 8009 7580 7342 8143 7680 7565 7940 7719 7782 7857 8221 7843 8132 8224 7934 7467 8082 7525 7854 7978 7913 7486 7783 7622 7882 7797 7951 8002 8238 8171 8110 7805 7826 8314 7416 8055 8170 8134 8393 7923 7702 7913 7778 8175 8215 7773 8450 7842 7990 7773 8198 7745 7723 7865 8098 8167 8156 7793 8175 7861 8167 7879 8005 7465 7489 7347 7767 7902 7832 7462 8041 7749 7972 7937 7714 8047 8324 7428 8010 7606 7818 8006 7603 7999 8121 8120 7843 7493 8054 8106 7951 8020 7734 7418 7759 7734 7620 7719 8021 7993 7354 8291 7628 8046 7402 7676 7809 7482 8175 7508 8298 7758 7719 7805 7818 7848 7427 7766 7180 8024 7480 8162 7955 
7985 7822 7970 8125 8698 7957 7764 8032 8428 7730 8185 8523 7823 7598 8489 8022 8762 7927 8733 7582 8195 8126 8201 7982 7831 7926 8360 8093 8316 8769 8037 8399 8115 7867 7865 8294 8536 8045 8178 8366 8329 8346 8236 8375 8206 7892 8128 7760 8005 8438 8529 8731 8323 8154 7986 7773 8362 8085 7890 8389 7776 8142 8335 8328 8216 8451 8151 8096 7823 8101 8414 8383 8284 7905 7617 8299 7807 8148 7880 8485 8115 8331 8441 8311 8076 8369 8704 8285 8489 8075 8245 7556 8208 8007 7774 8547 8139 8176 8208 7589 7632 8221 7216 7838 8088 7861 7659 7800 8439 8070 7672 8410 7842 8016 8101 8266 8465 7904 8148 8018 8450 7831 7596 7835 7787 8225 8097 7764 8224 8125 8146 7682 7684 8677 8182 8247 8107 7228 7839 7830 7998 8305 7944 7905 7982 8146 7577 7811 8267 8251 8153 8422 7787 8010 8771 7787 8719 7675 8014 8351 8412 8250 8739 8152 7863 7946 7814 8168 8221 7910 7934 8323 7755 7423 7814 8005 8377 7656 8427 8294 8115 8093 8109 8711 7600 7828 8647 8154 8650 8025 7953 8756 8504 9037 8581 7438 8359 7912 7928 8797 7961 8087 7919 7621 8194 7922 8196 7848 7784 7981 8334 7925 8470 7883 7476 7794 8203 8285 7874 8185 7974 8039 7858 8320 7977 8235 8428 8195 8501 7837 7936 8129 8024 8220 7824 8636 7908 8232 8057 7824 8577 7890 7970 8685 8342 7873 7900 7584 7495 8078 8118 8205 8306 7940 8648 8399 7817 7981 8210 8322 7914 7908 7718 8245 7746 7525 8446 7727 7891 7578 8138 7474 7892 8260 8248 8392 8300 8214 7926 7546 8220 8026 8273 8164 7780 7997 7700 8157 7886 8188 8366 8043 7502 8248 7569 8164 8178 8311 7953 7970 8405 7861 8082 7861 8073 8281 7813 8035 7815 7972 8211 7633 8191 8391 8265 8375 7894 7631 8080 8253 8231 8567 8076 8739 7629 8041 7706 8139 7717 8233 7846 8446 8375 8406 7866 8606 8209 8263 7828 8059 7994 8014 7972 8027 8065 8451 7992 8607 7717 7994 7948 8110 8291 8823 7738 8386 7822 8082 8153 8374 7887 8307 8364 7915 7615 8238 7865 7746 8583 7765 7870 8157 7504 7852 8057 8254 8310 7921 8103 7785 8515 7707 8071 8091 8032 8216 8036 8452 8390 8160 8289 8269 7915 8115 8182 7782 8183 7773 8274 8387 
7919 8258 8328 8347 8510 8389 7843 7820 8275 7965 8316 8370 7980 7879 8508 7988 8736 8013 8700 7943 8092 8342 8283 8113 8073 7992 8558 7869 8055 8777 8152 8352 8305 8168 8258 8050 8606 8020 8602 8265 8731 8474 8309 8140 8087 8005 8446 7911 8652 8334 8634 8521 8245 8140 8406 7798 8319 8233 8219 8267 8068 8460 8019 8314 8236 8285 8470 8212 7865 8350 8386 8381 8405 8162 8033 8341 8109 8338 7773 8613 7897 8050 8443 8352 8247 8926 8804 8441 8858 8337 8274 7756 8651 7955 8111 8963 8278 8389 8247 7702 7769 8358 7423 8040 7752 8169 7793 8157 8282 7896 8071 8182 8078 7892 8255 8361 8727 8198 8169 7943 8542 7872 7734 8189 8298 8292 7826 8190 8193 7938 8294 8192 8303 8803 8208 8579 8345 7113 7893 7867 8137 8070 8086 8038 7927 8495 8022 8061 8373 8448 7722 8531 8335 7851 8482 8055 8651 7756 8118 8545 8419 8497 8592 8360 7843 7900 7958 8174 8240 7779 8062 8714 7640 7755 7780 8286 8540 7810 8340 8556 8083 8407 8484 8622 8018 7862 8547 8099 8678 7883 7890 8561 8491 9217 8526 7601 8471 7899 8151 9004 8119 8056 8594 7931 8487 8322 8150 8161 8094 8130 8482 8332 8382 8210 7702 7931 7958 8675 7747 8661 8174 8219 8368 8589 8197 8730 8488 8412 8589 7771 7612 8558 8379 7751 8128 8285 8350 8032 8407 7772 8669 8205 8068 8930 8330 7900 8073 7690 7927 8364 7919 8159 8598 8020 8420 8166 8150 8240 8233 8406 7963 8347 7902 8385 7715 7768 8735 7805 7926 7725 7975 8033 8002 8697 8023 8829 8406 8419 7980 7674 8519 8206 8253 8285 7583 7893 8239 8556 8041 8224 8586 8432 7972 8077 7768 8315 7874 8787 8111 7889 8382 8001 8016 8226 8375 8420 8245 8527 8138 8046 8595 8077 8233 8763 8262 8800 8097 7967 8509 8187 8347 8364 8089 9026 8309 8646 8223 8227 8025 8257 8045 8551 8451 8502 8144 8526 8148 8151 8170 7663 8074 8043 8219 8208 8171 8223 8061 8646 8321 8143 7949 7841 8351 8989 7826 8592 8413 8197 8158 8124 8243 8430 8401 8058 7728 8148 8122 7670 8407 7823 8367 8270 7995 7428 7968 8438 8438 8029 8565 7945 7979 7826 8449 8204 8208 8543 7836 9036 8194 8028 8044 8070 7892 7907 8105 7598 8673 7776 8786 8588 
8235 8132 8189 7903 8735 7942 7981 7866 8159 7926 8390 8475 7777 7967 8792 8057 8819 7951 8615 7724 7945 7969 8345 8187 8084 7988 8388 8119 7932 8673 8213 8047 8233 7970 7761 8341 8586 8250 8713 8408 8221 8287 8255 8324 8170 7914 8352 7675 8076 8110 9012 8541 8577 8175 8200 7950 8218 8054 8371 8380 8013 8314 8395 8445 8087 8424 8311 8054 8031 8073 8357 8344 8152 8022 7886 8311 7995 8468 7804 8437 8210 8586 8564 8623 7981 8896 8872 8338 8664 8283 8521 8030 8452 8237 7797 8850 8301 8068 8281 7780 7900 8316 7378 7811 8088 8125 7748 7930 8434 8038 7861 8389 7752 7964 8123 8285 8576 7954 8105 8341 8442 7878 7775 7698 7948 8591 7960 8248 8426 8279 8257 8250 8123 8614 7871 8318 8222 7125 7950 7842 8085 8472 8513 8409 7837 8198 7741 7697 8218 8403 8069 8470 8184 8091 8459 7906 8980 7587 8344 8692 8235 8251 8904 8478 7806 7960 7831 7997 8315 7986 8168 8375 7766 7713 7928 7772 8320 8105 8212 8701 8189 8145 8282 8303 7826 7962 8677 8291 8538 7922 8145 8771 8152 8727 8575 7607 8596 8198 7973 8975 8346 8215 8465 7738 8267 8271 8232 8019 8228 8449 8518 7997 8632 8378 7631 8034 8173 8316 7585 8194 8214 8011 8019 8517 7477 8613 8394 8088 8380 8253 8019 8681 8205 7774 7878 8633 8320 8035 8430 7713 8134 7755 8191 8981 8059 8019 8137 7726 8018 8460 7619 8319 8389 8214 8387 8470 7991 8376 8482 8294 8032 8003 7702 8241 7780 7585 8761 8107 7832 7918 8178 7826 8117 8025 8200 8253 8234 8371 7748 7511 8357 8108 8134 7940 7747 7706 7693 8468 8099 8191 8548 8216 7829 8284 7871 8086 8240 8307 7884 7883 8026 8516 8250 8050 8526 8165 8423 8509 7655 7964 8471 7889 8422 8418 8524 8362 7943 8186 8026 8046 8584 8620 8225 8540 7835 8489 7965 8191 7812 8078 7778 8825 8563 8331 7811 8527 8606 8068 7879 8096 8044 8200 7899 7909 8322 8437 7827 8310 8084 8253 8005 8212 8387 8785 7695 8477 8119 8018 8365 8321 8147 8428 8128 8146 8219 8306 8421 7878 8470 8086 8015 7854 7555 7806 8162 8338 8506 8023 8431 8033 8161 7749 7935 8318 7909 8285 7973 8665 8294 8010 8096 7893 8080 8239 8119 7830 8326 7698 8581 8378 
8013 7990 8479 8327 8745 8174 7653 7837 8244 7948 8440 8542 7856 8093 8663 8313 8728 8265 8453 7606 8170 8167 8272 8197 8023 7868 8345 8178 7674 8820 8281 8166 7849 8271 7828 8299 8494 8095 8157 8356 8160 8008 8091 8528 8165 7681 8390 7458 8223 8514 8779 8377 7984 8160 8218 7638 8018 8102 8066 8521 7726 8374 8096 8558 8290 8292 8034 7712 7889 8034 8472 8380 8313 7806 7955 8209 7890 8357 7974 8472 8191 8391 8227 8539 8132 8510 8541 8232 8322 8221 8467 7937 8388 7991 7874 8766 8157 8226 8244 7467 7870 8002 7161 8248 8044 7947 7989 7991 8399 7875 7739 8283 7481 7964 8097 8145 8339 8189 8237 7959 8544 7550 7821 7790 7877 8487 8126 8188 8027 7819 8075 8148 8053 8519 7734 8627 8289 7444 7914 7627 8234 8269 8318 8124 8137 8384 7723 7630 8213 8347 7802 8668 8157 8228 8370 7877 9024 7565 8324 8471 8069 8066 8667 8220 7732 7902 7962 8032 7993 7691 8232 8228 7496 7778 8080 7969 8013 7907 8412 8296 8361 8233 8190 8608 7952 7917 8666 8240 8651 7536 8165 8666 8332 8559 8898 7450 8529 8113 8185 8600 8254 8200 8241 7486 8235 8032 8327 8076 8357 8326 8430 7952 8290 8383 7871 7733 8163 8354 7840 8347 8201 7720 7908 8509 7864 8564 8451 8248 8494 7949 7961 8534 8210 7981 7900 8474 8269 7985 8368 7809 8257 8009 7963 8588 8162 8061 8202 7209 8090 8268 7926 7941 8416 8019 8317 8135 8010 7923 8166 8442 8030 8124 7587 8192 7831 7828 8388 7720 8370 7955 7885 7670 7846 8023 7994 8544 8001 7991 7878 7693 8539 8183 8363 8162 7539 8235 7801 8321 8153 8412 8583 8058 7726 8206 7784 7913 8120 8390 7959 8095 8297 8092 8045 8463 8261 8385 8210 8095 8030 8037 8672 7833 8128 8495 7971 8301 8156 7849 8345 7951 8271 8678 8384 8681 7838 8066 8027 8252 7925 8052 8159 8292 8577 8378 7871 8516 8684 8393 7868 8223 8077 8393 7693 8387 8197 8130 7851 8403 7950 8223 8229 7815 8292 8555 7791 8617 8007 7951 8308 8059 8432 8070 8670 8005 7860 8262 8167 8365 8202 7772 8081 7891 7878 7779 7956 8370 8165 7721 7896 8241 8383 7962 8126 8343 7843 8403 7999 8428 8379 7993 8398 8163 8221 8110 8212 7692 7928 7949 8242 8324 
7924 7942 8283 7726 8835 8170 7631 7796 8314 8047 8434 8489 7995 8019 8567 7812 8623 8089 8583 7422 8013 8093 7954 8113 8135 7786 8241 8129 7931 8294 7781 8289 8377 8170 7806 8125 8430 8030 7857 8180 8192 8070 7979 8036 8214 7659 7941 7526 7874 8174 8732 8397 8036 8377 8222 7449 8236 8018 7809 8396 8058 8279 7798 8184 7820 8177 8289 7897 8022 7896 8310 8105 8303 7957 7659 8021 7904 8352 7793 7864 8086 8207 8317 8605 7979 8739 8628 8219 8531 7955 8396 7659 8370 7651 7918 8573 8392 8105 8171 7652 7647 8010 7287 7707 7949 7594 7980 8187 8327 7695 7599 8028 7630 8143 7947 8146 8759 7786 7927 7720 8623 7824 7543 7679 8050 8135 8047 8325 8168 8076 8105 7978 7675 8403 7823 8481 8142 7435 7722 7898 7989 8247 8129 8063 8153 8131 7890 8103 8265 8451 7973 8621 7880 8273 8202 7942 8753 7416 7987 8507 8315 8054 8738 8265 7821 8046 7724 8166 8146 7458 7868 7842 7789 7922 7374 8213 8128 7596 8576 8633 7941 8217 8438 8745 7522 7789 8084 7958 8508 7953 7968 8574 8175 8556 8278 7679 8291 7707 7961 8778 8227 8194 8090 7748 8103 8026 8171 8115 7933 8071 8242 8048 8317 7916 7613 7658 7973 7958 7488 8459 8103 8249 8188 8509 7888 8047 8537 8271 8469 7815 7442 8363 8110 7876 8116 8203 7777 7976 8127 8003 8254 7903 8117 8573 8035 7424 7845 7647 8142 8135 7908 8190 7942 8110 8443 8509 7776 8010 7919 8758 7703 7828 7599 8160 7523 7486 8665 7772 7997 7696 8036 7595 8268 8054 8238 8493 7945 8412 8195 7387 8134 8105 8103 8146 7489 8290 8100 8360 7871 8392 8566 8311 7878 8227 7485 7780 7600 8216 7652 7987 8166 7927 7735 8029 8205 8236 8297 8119 7944 7996 8422 7570 7756 8354 8269 8389 7920 7753 8050 8293 8460 8158 8046 8381 7768 8392 7783 8246 7774 8017 7852 8375 8212 8112 7833 8227 8133 8220 7786 8169 7720 7838 7717 8135 8013 8450 7809 8276 7986 8198 7672 8037 8045 8725 7697 8349 8092 7863 7893 8151 8206 8218 8602 7841 7833 8133 8005 7583 8518 7848 7863 8048 7395 7840 8032 8102 8108 8028 8508 8026 7953 7748 7925 8022 7993 8113 8118 8462 8139 7741 7769 8002 8024 7794 8254 7697 8124 7761 8212 8394 
7591 7821 7469 7522 7983 7440 7227 7553 7713 7431 7857 7552 7642 6988 8097 7539 7744 7608 7713 6947 7684 7672 7631 7384 7434 7605 7805 7372 7714 8079 7251 7474 7348 7229 7327 7868 7663 7714 7601 7702 7687 7604 7854 7765 7640 7280 7612 7339 7372 7892 8390 8027 7518 7630 7515 6965 7386 7761 7195 7717 7691 8084 7598 7843 7277 7901 7498 7599 7371 7628 8109 7695 7677 7414 7176 7695 7404 7574 7257 7984 7603 7643 7454 7743 7532 8273 8077 7873 8082 7580 7989 7164 7584 7301 7339 8124 7834 7627 7666 7219 7365 7687 6610 7385 7172 7517 7470 7387 7731 7290 7195 7373 7456 7731 7666 7674 7706 7264 7837 7361 7893 7416 7288 7357 7384 7941 7367 7469 7430 7236 7287 7379 7100 7988 7506 8258 7704 6648 7112 7049 7519 7572 7951 7662 7676 7665 7249 7223 7590 7819 7443 7926 7330 7592 7912 7324 8342 7192 7656 7691 7732 7462 8079 7610 7317 7346 7551 7439 7795 7455 7328 7664 7039 7153 7340 7427 7603 7267 7740 7887 7421 7725 7749 7875 7025 7722 7617 7294 8106 7221 7543 8005 7531 8322 8329 7088 7765 7024 7834 7988 7550 7922 7610 7110 7616 7482 7287 7562 7502 7564 7908 7595 7831 7439 7188 7100 7294 7616 7085 7849 7670 7659 7608 7689 7416 7986 8135 7651 7767 7104 7345 7760 7479 7602 7247 8129 7156 7659 7555 7003 8002 7671 7117 7964 7613 6990 7353 7085 7138 7730 7091 7177 7742 7750 7818 7636 7531 7758 7450 7782 7426 7550 7036 7607 7376 7345 7975 7298 7628 7107 7172 7093 7188 7395 7375 7915 7493 7792 7609 7107 8016 7816 7679 7624 7105 7322 7442 7889 7435 7859 7986 7554 7366 7675 7310 7609 7461 7588 7415 7355 7636 7403 7581 7582 7893 7840 7534 7517 7074 7288 7912 7557 7513 8091 7406 7854 7619 7299 7493 7617 7541 7893 7836 7825 7464 7664 7463 7806 7448 7221 7458 7595 7812 7916 7296 7825 7414 7720 7105 7480 7630 7635 7033 7206 7473 7416 6974 8034 7298 7405 7584 7647 7624 8173 7530 7719 7281 7292 7463 7246 7669 7443 8070 7482 7359 7644 7636 7191 7718 7010 7438 7457 6998 7236 7305 7864 7814 7227 7821 7039 7491 7386 7446 7569 7423 7892 7496 8196 7633 7682 7520 7647 7552 7770 7581 7320 7322 7264 7539 7505 
7825 7772 7852 7753 8574 8275 7446 7799 7941 7686 7801 8018 7802 7459 8350 7504 8476 7859 8376 7593 8096 7833 8030 7889 7866 7537 7863 7672 7575 8257 7788 7897 7935 7709 7504 8244 8231 8100 7775 8353 8158 7863 7831 8285 7991 7314 7752 7541 7395 8107 8646 8456 7956 8064 7884 7415 7685 7971 7589 8002 7434 8011 8018 7837 7735 7724 8017 7254 7735 7733 8037 8038 8021 7577 7712 7994 7282 8063 7755 8407 7766 7996 7995 8062 7718 8457 8493 7810 8429 7956 8206 7615 8028 7750 7846 8343 8245 7630 8015 7114 7766 7796 7144 7835 7531 7921 7688 7741 8286 7563 7695 7904 7402 7685 7653 7854 8421 7628 7718 7673 8477 7883 7510 7964 7801 8466 7633 7630 7734 7371 7891 7417 7602 8506 7706 8246 7627 7225 7725 8032 7873 7949 7870 8037 7766 8182 7866 8175 7875 8215 7604 7916 7702 7829 8047 7666 8372 7419 8236 8099 7810 7949 8457 7972 7564 7732 7894 7810 7846 7511 7801 8189 7192 7704 7255 7746 8120 7360 8105 8031 7887 7639 8308 8309 7737 7535 7762 8067 8553 7618 7904 8636 8133 8155 8204 7429 8269 7302 7812 8630 7988 7913 7931 7461 7953 7910 7959 7900 7554 7732 8046 7796 8209 7792 7324 7294 7921 7791 7744 8027 7760 7835 7912 8160 7612 7841 8400 7999 8168 7819 7706 8145 8114 7724 7650 7995 7924 7821 7916 7419 7867 8107 7665 8654 7697 7363 7601 7299 7647 7896 7815 7735 8048 7936 8296 7853 7907 7875 7783 8344 7825 7339 7754 7840 7337 7421 8202 7821 7679 7623 7771 7345 7590 7840 7811 8352 7746 8247 7708 6836 8040 7556 7985 7708 7478 7785 7587 7881 7658 7934 8100 7998 7768 7986 7482 7880 7693 8025 7509 7730 7834 7651 8042 8045 7960 8034 7864 8046 7601 7675 7998 7799 7731 8113 7789 8199 7859 7667 7538 7893 8100 8101 7892 8496 7836 8031 7903 7926 7885 7740 7709 8320 8066 8236 7672 8018 7740 8227 7713 7881 7495 7890 7642 8163 7875 8030 7286 8137 7587 7944 7666 7480 8018 8459 7591 8223 7827 7611 7960 8045 8263 7832 8268 7569 7428 7929 7786 7543 8294 7339 7704 7695 7659 7616 7758 8143 7960 7657 8104 7243 8286 7160 7939 7794 7949 8087 7724 8522 7995 7602 7612 8022 7891 7927 7829 7472 7630 7456 8144 8217 
7624 7923 8275 8120 8593 7888 7505 7587 8090 7675 8128 7912 7988 7597 8385 7677 8711 8081 8111 7514 7898 8248 8283 8039 8013 7899 8194 7621 7662 8563 7540 8016 8167 7962 7795 8132 8635 8029 7927 8093 8368 8055 8115 8272 7938 8051 7967 7569 7859 8153 8742 8619 7870 8254 7999 7726 8031 8017 7782 7947 7986 8069 8057 7970 8117 8101 8020 7750 7680 7921 8174 7804 8400 7890 7890 7928 7604 8110 7838 8215 7798 8009 8055 8104 7739 8524 8309 7874 8442 7856 8472 7703 8265 8055 7831 8433 8088 8268 7826 7614 7422 7815 7328 8248 7816 7979 7891 7763 7999 7774 7859 8245 7687 8099 7904 8194 8303 7805 7996 7699 8554 7535 7602 7860 8074 8267 7803 8054 7989 8024 7815 8039 7840 8487 7928 8749 7654 7158 7689 7931 7976 8094 7691 7694 7984 8623 7442 7640 8036 8220 7514 8146 7834 8047 8247 7457 8563 7709 8124 7874 8362 8035 8362 8197 7511 7718 7969 7704 8002 7807 8183 8346 7508 7717 7589 7620 8089 7757 8358 8434 7917 7956 8130 8222 7730 7723 8289 7887 8406 7845 8177 8423 8247 8488 8309 7440 8148 7527 8167 8863 8043 7834 8206 7636 8460 8114 8148 8276 7789 8158 8186 7900 8184 8023 7755 7867 7905 7949 7381 8174 7752 7901 8000 8334 7935 8473 7964 8132 8265 7955 7498 7958 7884 7663 7679 8503 8080 7620 7917 7859 8176 7958 7773 8776 7904 7448 8048 7598 7603 8037 7603 7957 8353 7946 8109 8129 7505 8005 8265 8047 7886 7650 7431 8083 7266 7616 8435 7810 7820 7622 7739 7363 7856 8075 7648 8222 7943 8339 7780 7400 8050 7757 7680 8056 7495 7696 7595 8611 7676 8295 8120 7915 7644 8014 7691 7876 8018 8124 7726 7729 7754 7883 7649 7934 8380 7613 7807 8389 7732 7812 8625 7989 8272 8528 7971 8525 7790 7704 8289 7921 8131 8373 7932 8668 7838 8215 7809 8185 7797 8248 7967 8397 8152 8328 7934 7996 8061 8205 7327 8117 7833 7915 7556 7866 7889 7803 7712 8216 7808 8115 7875 7956 7941 8378 7797 8011 7859 7699 8435 8147 7950 8271 8226 7656 7552 8105 7900 8009 8228 7490 7955 7793 7522 7722 7709 8203 8111 7921 7891 7968 8330 7880 8122 7845 7867 8362 7850 8396 8359 7714 7813 8030 8277 8071 7942 7561 7969 7546 8358 8053 
7939 8136 8378 8120 8547 8225 7934 7890 8507 8107 8361 8286 8029 8083 8845 7945 8857 7940 8743 7695 7913 8167 8437 8345 8372 8100 8192 8067 7933 8632 7849 8481 8504 8087 7717 8403 8691 8243 8212 8301 8349 8397 8309 8344 8129 8099 8256 7679 7926 8405 8733 8657 8371 7976 8407 7687 8059 7991 8211 8170 8040 7999 8232 8432 8340 7976 7833 7852 8076 7907 8735 8406 8524 7730 7909 8415 7719 8404 8054 8345 8244 8515 8679 8450 8187 9041 8656 8474 8055 8180 8338 7951 8344 8232 7913 8558 8341 8083 7962 7661 7847 7688 7718 7901 8275 8144 7978 7839 8334 8326 8196 8731 8030 7450 8265 8362 8381 7635 7992 7897 8993 7645 7719 8220 7875 8428 7904 8156 7884 8115 7941 8084 7798 8540 8031 8542 8278 7522 7725 8070 8007 8164 8090 8135 8035 8600 7905 7989 8072 8393 7845 8250 8099 8333 8352 8297 8345 7795 8531 8302 8281 8214 8576 8175 7919 7983 7571 7974 8493 7795 8490 8149 8231 7735 7838 8226 7955 7945 8485 8352 8203 7830 8674 8664 7763 7910 8403 8214 8743 7923 8110 8477 8128 8492 8802 7395 8308 7768 8040 9035 8369 8024 8088 7688 8133 8102 8266 8060 8043 8548 8653 8260 8244 8136 7770 7608 8179 8211 7856 7906 8284 8031 8373 8667 8171 8577 8342 8201 8635 7932 7905 8578 7952 7665 8110 8874 8147 7919 8219 7887 8476 8082 7966 8869 8348 7781 8098 7712 7826 8465 7812 7981 8750 7963 8306 8210 8029 8237 8415 8376 7704 7866 7755 8036 7805 8001 8891 7950 7934 8309 8089 7515 7886 8050 8098 8427 8267 8234 8448 7565 8670 8093 8404 8245 7723 8342 7770 8260 7962 8689 8326 8428 8014 8216 7708 7910 8111 8308 7949 7946 8071 8338 8031 8300 8065 8365 8243 8409 8083 7680 8535 7471 8069 8735 8363 8503 8012 8184 8561 8278 8430 8506 8195 8701 7522 8374 7616 8468 8132 8262 7940 8388 8442 8328 7902 8530 7922 8328 8254 8287 8100 8166 7854 8171 8217 8217 7830 8249 8094 8326 7922 7925 8052 8880 7611 8225 7762 8050 8341 8177 8498 8314 8121 8117 7645 8266 7892 8136 8394 8006 8259 7941 7544 7892 8125 8370 8191 8059 8033 8043 8200 7939 8129 7963 7981 8353 7952 8579 8150 7923 8259 8319 8092 8222 8661 7776 8052 8010 8449 8220 
7981 8325 8059 8569 8860 8304 8102 8243 8476 8102 8421 8636 8331 8322 8930 8541 8942 8353 8608 7875 8316 8580 8486 8688 8232 8366 8555 8208 8209 9249 8364 8561 8176 8469 8145 8396 8736 8605 8626 8590 8335 8847 8269 8382 8412 8099 8569 7720 8421 8548 9228 8788 8402 8539 8553 7887 8663 8369 8620 8720 8221 8664 8657 8234 8456 8666 8657 8047 8113 8240 8480 8746 8322 7912 8185 8228 8367 8676 7860 9003 8037 8629 8591 8528 8120 8622 9099 8612 8782 8360 8920 8137 8584 8278 8686 8845 8227 8466 8577 8113 8174 8574 7419 8577 8172 8299 8047 8534 8390 8099 7998 8464 7915 8619 8280 8337 8524 8327 8638 7922 8771 8503 7820 8142 8192 9004 8038 8284 8365 8145 8560 8328 8094 8954 8183 8525 8640 7589 8103 8127 8424 8424 8565 8440 8217 8841 8159 8114 8347 8300 7878 8662 8133 8557 8556 8275 9425 7476 8322 8752 8390 8135 8970 8274 7852 8251 8127 8446 8391 8116 8118 8674 7763 8345 8003 8288 8665 8249 8604 8500 8287 8557 8772 8812 8004 7982 8397 8511 8757 8114 8369 8764 8431 9244 8471 7686 8711 7878 8566 8829 8463 8500 8444 7854 8933 8357 8636 7903 8492 8719 8521 8133 8791 8109 8020 7792 8305 8505 7900 8784 8308 8220 8117 8668 8334 8771 8941 8580 8730 8487 8194 8645 8349 8171 8086 8995 8837 8287 8864 8063 8639 8241 8105 9203 8654 7995 8291 7681 7938 8504 7974 8740 8705 8452 8704 8667 8153 8134 8517 8667 8350 8375 8192 8357 7872 7600 9072 8045 8199 8056 8100 7796 8353 8376 8248 8795 8667 8156 8680 7733 8708 8472 8723 8388 7737 8386 8361 8652 7922 8407 8792 8810 8049 8666 8048 8764 8313 8734 8292 8115 8337 8090 8644 8110 8499 8439 8441 8591 8270 8535 8976 8481 8562 8480 8313 8808 8290 7930 8436 8266 8545 8581 8377 8897 8187 8826 8247 8432 8039 8531 8126 8874 8527 8617 8055 8309 8555 8547 8538 8309 8236 8476 8313 8667 8407 8653 8279 8808 8160 8768 8353 8073 8249 8960 7893 8703 8488 8177 8864 8377 8674 8546 8812 8279 7978 8571 8381 8485 8439 8188 8354 8536 7948 8059 8200 8711 8515 8187 8580 8395 8481 8085 8564 8378 8273 8569 8154 9225 8298 8491 8224 8381 8379 8126 8452 7946 8143 8089 8671 8582 
8060 8367 8275 8130 8680 8451 7843 7903 7968 8316 8431 8614 8265 7889 8599 7901 8713 8233 8514 7888 8196 8674 8795 8178 8148 7991 8559 8381 8298 8624 8058 8285 8197 8118 7689 8422 9032 8105 8237 8845 8319 8488 8256 8642 8485 7869 8391 7650 8177 8355 8622 8914 8313 8382 8203 8074 8462 7881 8577 8762 7905 8355 8217 8413 8155 8476 8365 7574 8185 7878 8559 8339 8474 8018 8216 8355 7782 8431 8184 8431 7957 8431 8602 8665 7810 8692 8797 8227 8508 8250 8764 8027 8453 7923 8264 8745 8496 8478 8603 7916 7992 8462 7548 8023 8216 8171 7752 8185 8467 8587 7786 8306 7932 8285 8129 8466 8516 7866 8419 8005 8967 8120 7901 8168 8149 8550 8069 8384 8002 8143 7986 8011 8024 8647 7933 8580 8347 7432 7707 7987 8226 8348 8278 8248 8092 8746 8015 7980 8619 8511 8011 8973 8269 8070 8758 8094 9099 7737 8382 8128 8443 8479 8857 7948 7686 8368 8167 8274 8693 7935 8294 8405 7824 7675 8039 8127 8371 8025 8395 8233 8548 8309 8783 8280 8153 8195 8323 8275 8515 8107 8454 9116 8670 8937 8483 7646 8571 7980 7969 8660 8353 8395 8039 7677 8294 8011 8687 8147 8241 8514 8363 8202 8601 8115 7847 7915 8043 8404 7890 8756 8041 8392 8215 8764 7777 8739 8629 8232 8612 8039 8019 8835 8124 8109 7939 8698 8284 8278 8364 7944 8422 8218 8199 8856 8339 7793 7700 7785 7884 8325 7876 8135 8583 8312 8638 8422 7739 8361 8055 8485 8370 8151 7901 7964 8021 7856 8875 8009 8019 8035 8044 7661 8065 8336 8206 8599 8214 8811 8077 7607 8444 8295 8106 8245 7932 8039 8099 8484 7918 8360 8353 8309 7741 8540 8005 8458 8582 8496 8099 7990 8351 8095 8285 8295 8356 8503 8573 8245 8145 8136 8972 8000 8361 8463 8310 8796 7917 7972 8210 8458 8648 8462 8144 8647 8335 8356 7982 8403 8212 7625 8535 8705 8667 8308 8008 8568 8547 8534 7899 8154 7877 8176 8215 8280 8241 8238 7861 8415 7959 8426 8131 8216 8493 8694 7830 8145 8067 8345 8664 8001 8556 8200 8311 8225 7764 8377 8222 8190 8582 7621 7912 8065 7759 7788 8037 8696 8321 7912 8604 8042 8676 7741 8150 8421 8066 8693 7901 8537 8281 8229 8213 8521 8184 8136 8253 7364 8111 7828 8462 8576 
7824 8424 8221 8224 8400 8024 7918 7916 8142 8189 8010 8214 7921 7962 8924 7810 8990 7826 8311 7925 7981 8369 8453 8328 8252 8032 8150 7899 7892 9141 7890 8434 8161 8116 7823 8665 8605 8165 8530 8660 8186 8396 8376 8580 8137 8047 8361 8009 8498 8394 8782 8863 8013 8513 8395 7895 8228 7922 8218 8353 7853 8673 8400 8398 8153 8020 8285 7843 8069 8120 8417 8625 8372 7871 7755 8040 7721 8486 8010 8708 8181 8335 8450 8490 8292 8644 8657 8137 8500 8172 8515 7816 8502 8183 8029 8849 8532 8199 8329 7631 8007 8357 7569 8121 7871 8190 8026 8148 8573 8186 7780 8165 7971 8296 8129 8282 8166 7813 8204 7739 8756 7822 7778 8094 8177 8228 7930 8112 8042 8024 8012 7719 8226 8727 7853 8347 8464 7079 7685 8200 8534 8215 8034 8147 7957 8582 7773 8078 8411 8276 7553 8617 8091 8159 8416 7992 8858 7601 8542 8382 8284 8279 8601 8516 7677 8103 8014 8053 7997 7792 8363 8486 8099 7975 7841 7992 8392 7847 8439 8529 8226 8162 8543 8563 7971 7571 8261 7985 8774 7991 8266 8766 8314 8427 8344 7617 8460 7614 8061 9022 8379 8175 8300 7399 8183 8171 8155 8047 8339 8276 8622 8074 8703 7968 7883 7790 7874 8122 7782 8533 7974 8224 8298 8491 7970 8602 8555 8384 8590 8158 7735 8193 8166 7875 7892 8670 8094 7808 8383 7486 8214 8104 7965 8965 8247 7712 8149 7374 7842 8179 7599 8045 8276 7990 8038 8312 8063 8136 8139 8564 7929 7926 7505 8189 7825 7791 8691 7831 7909 7978 8200 8001 8027 8387 8167 8365 8175 8535 7836 7310 8440 7990 8362 8131 7544 8008 8079 8319 8026 8099 8565 8142 8032 8432 7801 8290 8116 8334 7991 8100 7958 8115 7990 7868 8360 8264 8162 8458 7907 8005 8786 8268 8160 8593 8145 8662 8255 8109 8249 8081 8284 8639 8127 8870 7825 8344 8134 8230 7965 8303 8183 8678 8098 8253 7783 8605 8189 8305 8076 7779 8113 8146 8077 7973 8024 8127 8057 8406 8283 8394 8081 8062 8183 8649 7831 8477 8103 8088 8130 8153 8552 8280 8480 8027 8033 8416 8028 7773 8378 7756 7972 8193 7772 7618 7969 8510 8212 7763 7954 8067 8374 7747 8150 8241 8078 8350 7784 8832 8089 8230 8073 8086 8369 7897 8147 7953 8107 7791 8833 8517 
8003 8149 8112 8161 8762 8062 7727 7687 8275 7936 8088 8295 8148 8165 8706 7995 8683 8246 8484 8003 8472 8370 8415 8712 8031 8219 8218 8187 8171 8532 8025 8164 7919 8367 7846 8535 8617 8366 8211 8544 8281 8395 8249 8406 8123 7781 8003 7670 8066 8202 8869 8609 8633 8499 8099 8174 8260 7993 8127 8263 7724 8188 8201 8208 8068 8240 8239 7660 7795 7913 8328 8262 8252 7899 8048 8125 7891 8300 7579 8606 7982 7970 8440 8693 8099 8576 8614 8245 8671 8169 8365 7774 8376 8362 7806 8567 8177 8217 8280 7748 8148 8062 7677 8556 8012 8124 7969 8182 8500 8059 7624 8157 7810 7960 8137 8391 8366 8000 8197 8100 8847 8268 7999 7840 8097 8507 8153 8457 8274 8259 7779 8024 7988 8460 8008 8639 8206 7595 8032 7817 8492 8482 7800 8189 8223 8804 7807 7992 8019 8738 7927 8386 8371 7937 8230 7910 8924 7627 8374 8306 8900 8267 8750 8249 8094 7838 7809 8233 8413 7614 8330 8264 7601 7869 8097 7932 8001 7685 8512 8284 8330 8096 8598 8416 7926 7735 8377 8156 8647 7668 7961 8867 8351 8569 8451 7528 8628 7778 8011 9224 7939 8127 8186 7678 8138 7914 8054 8183 8309 8530 8152 8154 8241 8094 8091 7817 7757 7934 7924 8225 8519 8350 8010 8355 7632 8522 8449 8875 8409 7967 8064 8592 8414 7993 7519 8580 8162 7805 8128 7443 8336 8266 7674 8630 7935 7908 7996 7786 7858 8088 7921 7997 8274 8147 8610 8229 8000 7891 8320 8477 7839 8141 7637 8451 7782 7689 8540 7738 8277 7954 8229 7739 8273 8252 8096 8596 8320 8310 7798 7186 8533 8402 7877 8253 7861 8230 8040 8640 7845 8466 8401 8352 8208 8396 7589 8070 7811 8179 7940 7698 8014 8174 8086 8044 8412 8239 8181 8535 7880 8058 8387 8166 8309 8279 8024 8487 7916 7808 7847 8280 8279 8487 8323 8835 8120 8316 7956 8525 7688 8597 7856 8707 8209 8480 7860 8252 8366 8343 8143 8159 7898 8429 7644 7870 8381 7976 7925 8289 8129 8275 8157 7872 8292 8679 7650 8552 7959 7762 8343 8224 8241 8271 8332 7818 8036 8283 8048 7960 8476 7891 7742 8026 7594 7561 7785 8167 7858 8181 8013 7864 8348 7886 8101 8296 7828 8243 7791 8876 8338 8008 7932 8376 8244 8073 8244 7982 7953 7988 8290 8318 
8104 8500 8241 8539 8747 8199 8199 7703 8418 8358 8666 8626 8324 8133 9262 8446 8953 8306 8673 7682 8395 8241 8470 8392 8162 8281 8943 8230 8294 8867 8237 8157 8256 8053 8525 8642 8992 8640 8683 8775 8403 8484 8059 8673 8528 7932 8527 7962 8360 8821 9030 8612 8422 8165 8560 8065 8362 8413 8306 8398 7780 8561 8494 8505 8211 8199 8239 8034 8395 8242 8642 8661 8565 8261 8138 8469 8020 8509 7828 8502 8362 8699 8416 8485 8107 9170 8707 8326 8997 8577 8370 8379 8869 8118 8039 9005 8594 8581 8824 7854 8116 8528 7413 8457 8171 8343 8133 8189 8580 8045 8158 8477 8060 7967 8052 8653 8969 8143 8091 8171 9147 8143 8054 8069 8374 8613 8451 8338 8490 8071 8248 8328 8032 8812 7865 8973 8876 7718 8019 8266 8548 8373 8678 8432 8165 8574 8122 8166 8280 8437 8032 8724 8140 8449 8625 8392 9022 8001 8586 8284 8556 8355 8659 8296 8036 8083 8273 8342 8495 8048 8284 8528 7811 8025 7808 8196 8551 7875 8492 8515 8555 8216 8207 8840 8244 8071 8710 8479 8709 8116 8291 9090 8273 9252 8748 7554 8687 7835 8103 9138 8607 8448 8438 7877 8337 8616 8611 8232 8138 8411 8567 8169 8432 8108 7809 7994 8203 8286 7909 8517 8338 8229 8203 8856 7936 8924 8774 8444 8396 7893 8021 8618 8080 8169 8125 9128 8299 8496 8622 7984 8814 8155 8008 8898 8377 7974 8540 7759 8221 8616 7991 8399 8582 8474 8600 8436 8213 8415 8385 8701 8124 8106 8164 8569 8087 7921 8951 8434 8072 8183 8054 7760 8079 8283 8142 8809 8490 8278 7975 7605 8610 8121 8369 8510 7631 8251 8379 8675 8243 8589 8640 8425 8190 8360 8286 8419 8237 8854 8185 8374 8364 8540 8271 8640 8232 8596 8610 8302 8274 8017 8817 8322 8395 8582 8419 8874 8228 8138 8270 8524 8763 8747 8292 8835 8113 8464 8401 8267 8219 8120 8186 8948 8548 8255 8413 8835 8512 8558 8116 8386 8006 8268 8097 8521 8213 8337 8214 8568 8398 8496 8165 8140 8372 8692 8183 8484 8313 8287 8142 8097 8259 8708 8646 7938 7976 8557 8702 8098 8635 7865 8178 8136 7919 7914 7865 8580 8532 7836 8714 8290 8394 7747 8246 8328 8523 8783 8043 9185 8403 8241 8369 8603 8498 8198 8377 8048 8319 8266 8747 8726 
8321 8407 8380 8584 9048 8752 8012 7972 8171 8130 8753 8706 8047 8156 9086 8223 8847 8367 8675 8030 8621 8539 8547 8156 8162 8137 8641 8777 8236 8630 8239 8451 8374 8071 8070 8634 8531 8329 8355 8766 8492 8528 8657 8626 8373 8038 8492 8049 8376 8566 9046 8438 8685 8726 8339 8189 8303 8470 8347 8610 8057 8813 8589 8419 7982 8221 8452 7799 8221 8183 8574 8606 8677 8029 8143 8615 8130 8835 7877 8714 8515 8523 8511 9025 8240 8561 8883 8326 8977 8403 8675 7916 8672 8370 8284 9232 8672 8562 8495 8114 8055 8364 7727 8101 7881 8237 8205 8268 8759 8231 8034 8641 8167 8355 8283 8492 8688 7771 8740 8228 8819 8191 8072 8298 8488 8599 8222 8546 8589 8114 7943 8109 8465 8858 8195 8291 8561 7440 7975 8188 8632 8422 8549 8276 8324 8694 7828 7970 8882 8644 7941 8875 8773 8531 8577 8111 8986 7551 8968 8640 8548 8662 8766 8339 8109 8243 7926 8397 8488 7984 8449 8594 8425 8106 7806 8551 8214 8206 8763 8586 8466 8555 8984 8735 7905 8172 8358 8518 9082 8062 8141 8941 8535 8806 8943 7594 8585 7663 8111 8912 8366 8451 8413 7932 8169 8119 8991 7804 8480 8344 8768 8328 8530 8209 8103 7660 8151 8433 7970 8668 8267 8745 8049 8674 7911 8836 9003 8451 8303 8173 8313 8818 8077 7896 8049 8554 8671 8192 8578 7808 8558 8296 8244 8885 8209 7633 7748 7626 7845 7997 7905 8154 8532 8689 8740 8351 8062 8199 8407 9040 8161 8238 7797 8776 7984 7794 8879 8040 8262 8210 8127 7978 8507 8465 8248 8712 8540 8364 8256 7884 8599 8292 8411 8298 7861 8213 8528 8470 8218 8364 8766 8598 8044 8384 8114 8818 8309 8245 7916 8474 8369 8136 8610 8310 8661 8383 8499 8427 8205 8417 8728 8080 8739 8682 8456 8958 8158 8201 8642 8410 8842 8619 8348 8781 8292 8909 8280 8714 8341 8103 8059 8713 8601 8248 8173 8763 8214 8772 8367 8245 8248 8468 8147 8591 8404 8201 8130 8668 7982 8629 8080 7949 8609 8930 7748 8544 8097 8324 8473 8415 8705 8024 8439 8173 8237 8518 8288 7961 8369 7985 8072 8052 7673 8086 8387 8824 8527 8049 8462 8274 8547 8144 8108 8449 8282 8533 8056 8984 8243 8578 8061 8358 8298 8264 8307 8065 8393 7898 8737 8582 
7938 7818 8364 8260 8668 8002 7478 7613 8130 8025 8273 8282 8018 7842 8261 8045 8821 7950 8374 7678 7750 8133 8236 8119 7845 8077 8250 8061 8005 8607 8197 8118 8319 7928 7542 8276 8424 8166 8013 8258 8158 7885 8278 8433 8074 7568 7872 7677 7689 8205 8621 8251 8392 8214 7722 7770 8138 8199 8079 8301 7762 8374 8069 7918 7978 8046 8060 7562 7682 7982 8183 8330 8372 8015 7888 8101 7854 8146 7530 8253 7893 8098 8457 8301 7649 8668 8530 7999 8534 8488 8390 7692 8185 8092 7946 8478 8023 7886 8000 7153 7671 7954 7260 7929 8002 7917 7739 7917 8339 7953 7705 8153 7689 7931 7761 8150 8593 7657 8011 7885 8481 7892 7564 7957 8065 8398 8106 8307 8083 7784 8081 8121 7725 8413 7634 8228 8010 7593 7721 7614 8011 7956 8240 8206 7910 8559 7732 7929 8134 8406 7988 8556 7969 8012 8423 8142 8581 7259 8031 8327 8276 7903 8587 8250 7790 7792 7737 8073 8089 7347 8236 7984 7413 8032 7593 7701 7922 7972 8143 8265 7993 7919 8266 8353 7913 7897 8375 8283 8245 7553 8089 8750 8213 8581 8530 7352 8386 7777 7931 8781 7933 8195 8173 7685 8299 7730 8114 8008 8038 8223 8289 8134 8522 7918 7849 7626 7937 7960 7782 8250 8236 7882 7867 8476 7566 8498 8384 8211 8459 7821 7701 8303 7900 7788 7774 8076 8248 8260 8059 7710 7957 7988 7831 8560 8004 7382 7752 7431 7515 8318 7702 8152 8256 7805 8188 8113 7776 7914 8032 8461 7667 7644 7891 8204 7911 7527 8462 7954 8081 7930 7741 7447 7624 7687 7951 8428 8068 8082 7854 7354 8138 8065 8056 8116 7464 8239 7953 8491 7874 7981 8264 8153 7741 8189 7673 7967 7852 8064 7922 7913 8093 7729 8121 8177 8227 8299 7968 8295 7955 7846 8362 7723 8348 8335 8301 8424 8147 7796 8067 8124 8503 8309 7988 8268 7936 8303 7822 8271 7548 8057 7848 8579 8327 8053 7687 8466 8307 8448 7649 8008 7744 8121 7651 8225 8028 7905 7650 8271 8033 8242 7712 7745 8239 8614 7806 8318 7755 7899 8039 7708 8057 7967 8261 7862 7706 7889 8171 7863 8386 7680 8062 8043 7728 7859 7815 8178 8182 7954 8371 7886 8124 7606 8211 8285 7932 8238 7930 8631 7863 7808 7807 8030 8044 7809 7978 7443 7917 7335 8466 8232 
7981 8250 7985 8009 8637 8007 7698 7906 8193 7941 8007 8212 7761 8029 8561 7686 8639 7975 8215 7695 8194 8155 8144 8078 8048 8068 8377 7867 8165 8480 7853 8006 8074 8125 7764 8511 8398 7959 7939 8115 7870 8035 8067 8031 7894 7567 8065 7483 8062 8172 8777 8429 8452 8159 8378 7484 7963 8167 8001 8066 7667 8111 8014 8161 8127 8016 8149 7665 8105 7736 8321 8380 8153 7580 8033 7981 7563 8394 7356 8269 7758 8592 8257 8600 7661 8477 8292 8048 8440 7977 8309 7524 8291 8016 7844 8792 8271 8328 8269 7739 7950 8266 7010 7855 7532 7775 7568 7697 8589 7817 8025 8101 7773 8054 7761 8170 8555 7351 7992 7911 8399 7795 7723 7720 8157 8410 7738 8200 7900 7650 8154 7856 7954 8371 7845 8068 8334 6952 7638 7488 8082 7996 7810 8124 7996 8337 7596 7907 8131 7880 7623 8247 7821 7718 8199 7711 8661 7416 8375 7844 8064 8103 8554 8185 7620 7736 7610 7829 8139 7577 8134 8545 7595 7792 7221 7883 7911 7358 8235 8556 8117 8182 8257 8521 8075 7618 8201 7927 8659 7736 8118 8625 8041 8259 8364 7724 8038 7466 7767 8124 8234 7947 7659 7505 7812 7897 8159 7736 8008 7831 8187 7796 7916 8111 7526 7425 8014 7851 7358 8329 7896 8279 8068 8167 7636 8602 8545 8163 8072 7853 7737 8186 7971 7602 7658 8671 8207 7651 8099 7167 8272 7829 7789 8819 8078 7431 7682 7724 7930 7956 7650 7841 7915 7806 8022 8004 7702 7955 7935 8508 7913 7834 7433 8069 7722 7643 8287 7737 7670 7523 7758 7724 7620 7987 7922 8431 8118 8424 7886 7189 8325 8105 8174 7750 7405 7835 7668 7871 7827 7795 8123 8059 8097 8036 7876 8064 8211 8177 7811 7849 7919 7909 8056 7998 8078 8297 8095 8247 7658 7545 8432 8210 8149 8314 8098 8310 8053 8284 7965 7873 7941 8215 7906 8432 7750 8184 8009 8041 7728 8150 7632 8336 8171 8244 7716 8309 8092 8199 7802 8079 7901 8200 7892 8042 7988 8038 7625 8204 7910 8202 8097 7728 7938 8430 7505 8235 7704 7789 8427 8025 8446 8245 8420 7777 7828 7925 7932 7670 8303 7249 7593 7815 7516 7500 7740 8234 8007 7602 8118 7799 8102 7915 8058 7456 7950 8293 7614 8477 7845 7868 7845 8077 8149 8021 7969 7865 8079 7862 8222 8127 
8205 8348 8566 8142 9052 8356 7947 8076 8354 8274 8611 8647 8136 7999 9234 8364 9091 8631 9176 8076 8260 8306 8676 8714 8545 8154 8413 8409 8158 8745 8243 8439 8358 8220 7853 8526 8867 8513 8681 8214 8439 8450 8586 8702 8280 7855 8679 7908 8282 8740 9153 8648 8654 8650 8198 7903 8414 7895 8506 8743 8292 8587 8653 8863 8529 8877 8496 8090 8077 8132 9081 8696 8527 8194 8123 8843 8095 8737 7988 8477 8263 8594 8359 8809 8078 9112 9035 8172 8552 8318 8729 7921 8956 7973 8043 9051 8552 8608 8447 8177 8269 8199 7407 8213 8085 8070 8124 8520 8698 8090 8320 8450 7983 7957 8329 8479 8622 7868 8668 7984 8531 7834 8011 7822 8280 8476 8467 8415 8304 8553 8553 8182 8372 8809 8035 8869 8711 7593 8332 8368 8396 8542 8215 8295 8344 8445 8336 7993 8515 8881 8026 8797 8113 8381 8599 8532 8986 8054 8373 8708 8492 8337 9077 8344 8209 7897 8214 8325 8763 8007 8462 8553 7975 7896 7890 8282 8276 7792 8315 8268 8590 8377 8837 8779 7985 8361 8770 8300 8725 8082 8462 8725 8736 8925 8862 7802 8793 7678 8243 9065 8609 8804 8218 7900 8409 8359 8569 8501 8421 8627 8653 8467 8608 8193 8085 7923 8316 8238 8171 8300 8705 8350 8395 8897 8071 8518 8694 8756 8439 8290 8123 8867 8333 8057 8125 8989 8256 8458 8457 7838 8804 8380 8219 9089 8499 8289 8218 8274 8480 8693 8205 7930 8479 8418 8704 8465 8312 7930 8352 8041 8154 7994 7996 8651 8111 7878 8977 7942 8270 8044 8102 7716 8295 8647 8449 8641 8537 8124 8331 7327 8811 8585 8195 8121 8256 8381 8050 8705 8379 8450 8664 8468 8350 8730 8142 8094 8415 8452 8111 7991 8354 8649 8437 8363 8407 8624 8458 8783 7826 8181 8732 8233 8352 8444 8418 8773 8077 8150 8577 8455 8561 8954 8130 8859 7965 8665 8286 8474 8231 8478 8040 8704 8396 8863 8109 8751 8425 8411 8300 8217 8372 8403 8153 8342 8388 8305 7963 8660 8240 8604 8480 8298 8621 8806 7903 8723 8160 8140 8649 8266 8436 8404 8382 8425 8140 8704 8466 8199 8502 7815 8016 8604 7775 7729 8215 8370 8467 8032 8499 8277 8680 7672 8366 8257 8284 8784 8317 8733 8453 8178 8208 8503 8839 8225 8765 7858 8369 7996 8664 8270 
8069 7976 8288 8124 8803 8602 7958 7708 8278 7983 8370 8103 8524 8079 8750 7875 8578 8267 8382 7694 8185 8568 8675 8303 7955 8091 8331 8143 8160 8758 7778 8311 8249 8398 7963 8583 8909 8006 7915 8241 8339 8250 8350 8515 7962 7832 8378 8044 8129 8507 8957 8295 8401 8392 7886 7826 8051 8326 7927 8186 8261 8509 8375 8458 8070 8130 7799 7868 8144 8013 8478 8498 8244 8009 7711 7942 8026 8442 7779 8438 8274 8606 8688 8339 7799 8796 8562 8530 8807 8246 8473 7692 8474 8241 8164 8699 8427 8071 8300 7610 7790 8116 7175 8171 8106 8020 7940 8190 8218 8050 8107 8429 7958 8070 8477 8565 8631 8168 8513 7743 9040 8142 7805 8098 8224 8389 7936 8539 7980 8000 7969 8189 7918 8375 7943 8618 8201 7697 7689 8024 8156 8372 8511 8053 8080 8215 7730 7982 8239 7960 8095 8632 8573 8221 8411 7787 9063 7548 8228 7999 8578 8501 8840 8395 8153 7742 8131 8270 7938 7700 8222 8493 7858 8065 7722 8274 8421 7756 8350 8463 8469 8031 8574 8306 7899 7920 8220 8285 8788 7979 8169 8813 8382 8510 8523 7595 8361 7641 8021 8620 8453 8093 8204 7764 8495 7860 8580 7850 8193 8496 8530 7873 8339 8446 7779 7758 8083 8344 7681 8499 8092 8376 8430 8293 7853 8849 8501 8269 8620 7951 7985 8484 8087 7946 7762 8465 8255 8088 8403 7668 8777 8226 8050 8629 8132 7688 8167 7770 8163 8256 8081 8294 8147 8376 8287 8275 7922 7892 8124 8334 8197 8128 7701 8383 8006 7836 8638 7783 8126 8006 8304 7575 7929 8218 7829 8770 8773 8552 8131 7722 8424 8226 8092 8254 7637 7960 7984 8676 8177 8531 8720 8280 8323 8063 7918 8269 8080 8269 8062 8026 8573 7923 8201 8204 8267 8188 8224 8613 8186 7930 8638 7789 8287 8547 8194 8558 8362 8013 8704 8396 8763 8620 8222 8778 8016 8309 8095 8278 7884 8099 8010 8676 8579 8596 8125 8605 8315 8315 7875 7956 7977 8005 7836 8333 8236 8259 7733 8485 7913 8230 8014 8185 8199 8707 8117 8555 8197 8194 8415 8269 8563 8188 8298 7921 7701 8537 8160 8153 8504 7931 7727 7899 7772 7680 7637 8328 7886 8353 8203 7961 8412 7806 8402 8237 8070 8461 7880 9010 8129 8203 8058 8266 8190 7964 8405 7664 8056 7850 8692 8105 
8117 8475 8133 8341 8798 8488 8017 8118 8218 8252 8485 8832 8402 8196 8837 8228 8945 8206 8857 8013 8387 8617 8869 8402 8372 8505 8259 8658 8505 9202 8405 8438 8433 8465 8052 8406 9039 8561 8668 8913 8729 8788 8530 8386 8202 8187 8241 8084 8615 8579 9214 8476 8488 8679 8549 8004 8390 8584 8585 8926 8315 8816 8490 8440 8865 8449 8470 8171 8306 8249 8811 8640 8604 8065 7944 8504 8277 8802 8193 8676 8237 8488 8631 8666 8064 8931 9201 8317 9081 8348 8404 8177 9154 8328 8158 8869 8431 8372 8369 8008 8326 8296 7792 8309 8102 8386 8082 8554 9000 8369 8367 8561 7996 8399 8512 8889 8621 8116 8426 8157 9183 8325 8249 8527 8256 8528 8472 8411 8060 8633 8299 8284 8471 9020 8094 8611 8402 7373 8245 8306 8481 8519 8292 8399 8101 8611 8327 8244 8620 8667 8366 9251 8284 8252 9080 8259 8932 7795 8982 8578 8670 8571 8827 8544 8388 8215 7964 8719 8766 7822 8535 8703 7911 7834 8050 8372 8282 8260 8445 8656 8481 8414 8664 8803 8338 8211 8618 8148 8736 8205 8068 9088 8689 8684 8999 7932 8755 7634 8482 9040 8495 8375 8625 7867 8452 8152 8520 8287 8430 8514 8789 8250 8599 8529 7897 8352 8301 8612 8197 8583 8512 8439 8556 8798 8181 9078 8917 8696 8427 8288 8406 9173 8602 8235 7851 8905 8939 8343 8818 7555 8683 8350 8537 8749 8463 8180 8396 7929 8263 8486 8301 8528 8778 8519 8898 8587 8147 8222 8498 8457 8529 8125 7920 8482 8000 7757 9003 8097 8354 8277 8198 8089 8380 8795 8667 9016 8363 8416 8008 7859 8922 8371 8283 8350 7759 8361 8445 8838 8316 8617 8753 8431 8059 8776 8003 8300 8457 8646 8027 8339 8456 8593 8403 8578 8865 8581 8395 8710 8130 8598 8730 8399 8355 8834 8689 8739 8159 8258 8446 8620 8994 8879 8579 8847 8427 8522 8635 8407 7955 8677 8348 8662 8870 8556 8039 8631 9015 8565 8122 7892 8092 8529 8113 8409 8333 8641 8366 8997 8563 8152 8311 8253 8740 8818 7925 8810 8420 8252 8645 8327 8782 8565 8529 8130 8093 8962 8434 8247 8631 7990 8317 8597 8198 8159 8074 8743 8706 8012 8605 8425 8501 7753 8460 8462 8432 8404 8465 8952 8513 8210 8529 8200 8479 8397 8514 7855 8369 7911 8603 8823 
8304 8499 8470 8106 9184 8313 7980 7828 8283 7977 8569 8661 8105 8300 9160 7962 8670 8143 8668 7992 8302 8436 8527 8120 8102 8389 8456 8444 8310 8685 8200 8143 8462 8182 8064 8455 8479 8310 8659 8717 8254 8430 8461 8599 8272 8272 8199 7754 8437 8313 9029 8294 8567 8549 8254 8019 8663 8474 8058 8655 7964 8614 8624 8352 8449 8247 8251 7955 8106 8144 8627 8507 8550 8120 8172 8411 8129 8546 8154 8668 8356 8299 8604 8568 8454 8580 8875 8332 8555 8105 8564 7839 8656 8192 7958 8715 8172 8547 8258 7673 7934 8384 7529 8292 8154 8197 7830 8162 8732 8022 7860 8561 8360 8535 8044 8416 8757 7974 8288 8004 8804 8252 7934 7972 8269 8338 8337 8310 8372 8339 8089 8173 8001 8748 7982 8555 8266 7086 7843 7879 8407 8711 8290 8029 8245 8839 7738 7950 8225 8447 8073 8467 8302 8308 8597 8028 8752 7509 8638 8630 8436 8530 8794 8524 7804 7869 7953 7980 8417 8147 8348 8267 7807 8449 8046 8260 8035 7849 8604 8520 8037 8004 8480 8718 7863 8325 8472 8186 8985 7895 7964 9080 8263 8708 8693 7718 8749 7950 8263 8983 8262 7944 8229 7891 8259 8309 8313 8083 8034 8456 8745 8413 8749 8268 7869 7947 8196 8418 8111 8543 8338 8355 8206 8646 8117 9020 8556 8317 8469 7959 8351 8754 7984 7760 7978 8928 8691 8378 8134 8156 8483 8336 8173 8631 8432 7848 7926 7705 8144 8490 7813 8430 8522 8240 8693 7844 7955 7753 8480 8445 7962 7981 7915 8243 8030 7561 8814 8110 8113 8096 8188 7753 8223 8388 8489 8505 8124 8321 8292 7674 8507 8325 7985 8489 7889 8052 8041 8699 8078 8687 8617 8504 7915 8331 7981 8162 8418 8368 7874 8034 8377 8303 8308 8306 8659 8538 8144 8515 8305 8148 8661 8116 8494 8535 8587 8773 7843 8099 8383 8498 8419 8662 8177 9061 7896 8533 8419 8426 8119 8363 8196 8592 8242 8192 8044 8752 8195 8423 7869 8177 7934 8161 7820 8286 8276 8476 7946 8709 8318 8321 8005 8291 8184 9169 7916 8350 7443 7911 8393 7942 8564 8384 8429 7985 7985 8636 8453 8134 8680 8267 8282 8181 7544 8253 8220 8352 8566 8082 8237 8400 8289 7824 8373 8287 7929 8298 8300 8902 8088 8304 7976 8627 8407 8229 8112 7999 8003 7592 8531 8694 
7497 7583 7651 7650 8024 7980 7529 7483 7768 7524 7823 7916 7432 7221 8234 7659 8146 7825 8014 7533 7794 7842 7739 7519 7462 7598 8079 7623 7759 8225 7617 7790 8048 7656 7527 7948 7861 7654 7973 8036 7955 8034 7788 8251 7712 7276 7807 7223 7869 7852 8864 8093 7853 7746 7414 7229 7520 7625 7730 7941 7497 7843 7835 7938 7401 7713 7816 7457 7755 7684 8114 7980 8001 7332 7435 8025 7248 7850 7228 7767 7483 7838 8125 8230 7608 8296 8198 7504 8131 7764 8186 7296 8156 7833 7636 8246 7818 7690 7903 6926 7722 7708 6930 7423 7309 7673 7386 7731 7856 7608 7428 7941 7594 7889 7648 7894 7838 7533 7983 7420 8064 7454 7614 7679 7775 8019 7744 7755 8002 7757 7582 7295 7411 8137 7667 8049 7810 7197 7483 7479 7675 7814 7696 7607 7728 8066 7512 7873 7793 8035 7460 8356 7653 7706 7931 7561 8317 7019 7905 7800 7649 7951 8119 7809 7435 7746 7542 7725 7882 7416 7877 8051 7330 7541 7201 7396 7629 7213 7798 8126 7947 7826 7965 8032 7506 7755 7973 7504 8267 7459 7620 8659 7948 8170 8032 7183 7942 7201 7533 8308 7914 7940 7758 7380 7521 7542 7983 7729 7502 7265 8025 7461 7953 7763 7368 7109 7725 7851 7303 8074 7818 7974 7198 7766 7474 8335 8448 7849 8084 7356 7722 8187 7875 7806 7494 7932 8019 7568 7889 6948 8030 7694 7767 8114 7761 7317 7409 7411 7703 7803 7499 7613 7817 7848 8024 7690 7373 7607 7893 7827 7821 7468 7289 7906 7472 7066 8429 7291 7376 7270 7697 7460 7717 7794 7667 8333 8006 7946 7473 7138 7815 7684 7673 7681 7455 7473 7907 7864 7683 7838 8180 8053 7707 7775 7446 7821 7574 7520 7615 7419 7517 7626 7829 7777 7851 7770 7693 7588 7627 7659 8041 7579 7621 7820 7839 8041 7538 7691 7896 7792 7962 7911 7868 8270 7794 7924 7789 7716 7547 7735 7482 8072 7622 8086 7340 7982 7776 7560 7655 7645 7294 7440 7662 7603 7511 7874 7416 7977 7434 8136 7829 7517 7692 8336 7579 8247 7620 7563 7744 7543 8008 7692 7709 7579 7437 7670 7856 7442 7984 7303 7449 7602 7427 7238 7655 8036 7982 7543 7723 7356 7592 7507 7609 7608 7633 8078 7532 8275 7848 7621 7545 7803 7605 7682 7910 7453 7983 7460 7942 8066 
8158 8339 8255 8600 8517 8262 7925 7734 8219 7784 8190 8558 7857 8011 8732 7999 8638 7981 8573 7718 8103 8435 8426 7897 7938 8152 8234 8177 7807 8782 7845 8354 7947 8113 8161 8594 8683 8129 8549 8613 8337 8356 8186 8443 8066 7668 8420 7465 8254 8630 8717 8565 8234 8363 8288 7924 8097 7959 8392 8247 8103 8915 8089 8227 8140 8311 7937 8035 7956 8149 8521 8447 8126 7596 7825 8650 7682 8601 7915 8363 8294 8469 8301 8597 7953 8510 8425 8363 8796 8256 8338 7704 8395 7987 7901 8874 8207 8489 8191 7498 8147 8208 7277 8203 7927 8041 7986 8138 8384 7722 7784 8299 7946 8294 8390 8218 8272 7954 8176 7981 8636 7816 7953 7880 8434 8299 8113 8312 8397 8093 8209 7880 7989 8569 7683 8745 8380 7481 8012 8119 7870 8051 8284 8071 8011 8215 7664 7637 8250 8416 7891 8588 7893 8090 8498 7910 8854 7798 8344 8329 8563 8454 8828 8339 7646 7697 8011 8509 8098 7794 8154 8505 7885 7762 7842 7828 8029 7984 8373 8440 8479 8209 8255 8258 7729 7947 8497 8305 8561 8103 8411 8890 8454 8591 8531 7768 8200 7641 8216 8662 8277 8470 8301 7520 8286 8146 8107 8097 8093 8244 8359 7687 8139 8122 7708 7408 8090 8487 7471 8481 8199 8184 8047 8640 8321 8599 8535 8176 8521 7732 7909 8297 7988 7741 8191 8336 8394 8021 8382 7784 8482 8039 8178 8928 8297 8125 8204 7741 8124 8124 7958 7848 8356 7932 8269 8184 8230 8423 8248 8292 7951 8051 7362 8717 7889 7672 8815 7723 7904 7505 7987 7595 8002 8224 8032 8466 8387 8357 8065 7608 8360 8206 8419 8018 7728 7961 8358 8474 8212 8450 8695 8483 7882 8389 7909 8091 8056 8165 8080 8216 8352 8014 7960 8300 8327 8147 8405 8375 7967 7890 8567 8078 8216 8493 8217 8666 7793 7817 8280 7895 8324 8546 8270 8505 7844 8384 7967 8356 8105 8103 8105 8473 8477 8494 7826 8315 8160 8409 8022 7972 8247 8193 7912 8076 7905 7847 8163 8573 8275 8198 7876 7936 8201 8666 7893 8572 7980 8085 8293 8143 8379 8312 8430 8077 7845 8513 7972 7924 8489 7706 8037 7902 7452 7719 7827 8470 8465 7819 8007 7877 8190 7836 8061 8080 8252 8390 7849 8843 8400 8082 7920 8178 8236 7986 8334 7599 7880 8123 8463 8264 
7778 7800 7942 7646 8270 7526 7553 7486 7795 7756 7901 8004 7737 7212 8276 7641 8531 7945 8008 7469 7957 8021 8141 7955 7480 7640 7949 8216 7806 8239 7802 8099 7840 7571 7484 7984 8127 8101 8105 7977 7668 7936 7910 8206 7781 7314 7676 7420 7805 8036 8506 8032 7805 7963 7470 7710 7953 7860 7539 8002 7457 8135 8027 7875 7932 7938 7660 7674 7707 7780 7924 7893 7825 7390 7596 7853 7820 7920 7491 8202 7730 7958 7892 8184 7808 8027 8363 7746 8079 8027 7951 7521 7923 7916 7730 8334 8093 7890 7939 7433 7498 7879 7021 7762 7631 7578 7534 7924 8215 7667 7820 7883 7443 7731 7563 7921 8263 7514 7888 7550 7994 7658 7372 7498 7974 8089 7787 7888 7697 7679 7896 7947 7161 7978 8017 8057 7888 6855 7637 7556 7706 7834 7896 7586 7472 8094 7681 7460 8134 8131 7513 8532 7805 7669 8072 7654 8241 7332 8039 8090 8016 7648 8315 7841 7535 7506 7313 7612 8142 7653 7826 8421 7111 7557 7614 7458 7616 7416 7879 7903 8129 7598 7820 7909 7437 7372 8093 7865 8164 7885 8089 8331 8025 8323 8150 7117 8121 7387 7772 8384 7669 7905 7556 7352 7789 7593 7941 7539 7783 8150 7971 7811 8205 7363 7601 7218 7525 7728 7480 8249 7337 7866 7629 8360 7634 7973 8071 7731 7882 7543 7528 8118 7705 7593 7566 8319 8068 7906 8093 7370 7867 7587 7275 8349 7868 7265 7482 7052 7748 7632 7681 7752 8078 7707 8088 8091 7707 7867 7928 8164 8077 7275 7427 7785 7872 7210 8301 7560 7407 7486 7537 7318 8041 7596 7755 8174 7748 8007 7514 7281 8102 7912 7549 7656 7260 7608 7350 7898 7665 7812 7852 7832 7556 7883 7749 7973 7794 8083 7805 7480 7974 7794 7602 7649 8028 7850 7705 7786 7719 7450 8106 7645 7898 8003 7662 8002 7781 7572 7861 7921 8058 8273 7891 8007 7807 8104 7855 8014 7604 7674 7691 8299 7850 8128 7931 7948 7984 8103 7405 7554 7581 7769 7304 7640 7870 7699 7649 8292 7601 7939 7674 7425 7872 8363 7338 7935 7318 7749 7767 7670 7831 7901 8276 7683 7451 8397 7946 7430 7964 7447 7534 7874 7660 7597 7460 8308 8064 7328 8081 7633 8011 7589 7740 7709 8058 8204 7899 7944 7778 7923 7670 7881 7759 7833 7802 7640 7205 7644 8139 8070 
7773 8005 7949 7787 8572 7757 7575 7567 7701 7702 8180 8114 7663 7581 8355 7674 8495 7803 8465 7596 7896 7953 8333 8025 7856 7855 7858 7810 7942 8396 8069 8104 8255 7805 7474 7973 8533 7974 8160 7838 7950 8253 8067 8436 8473 7669 8051 7867 7435 7855 8633 8210 8169 7923 7528 7445 7901 7714 8011 7884 7934 7809 8031 8059 8121 8066 7986 7652 7843 7917 8334 8175 8210 7707 7604 7978 7749 8142 7479 8141 7779 8161 8423 8470 8034 8721 8577 8208 8679 7995 8374 7628 8251 7625 7715 8294 8079 7825 8174 7665 7926 7865 7215 7346 7911 7784 7451 7818 8297 7850 7825 8062 7614 7729 8127 7888 8086 7764 7759 7609 8291 7483 7424 8105 7615 8494 7719 7988 7879 7786 7929 7865 7578 8237 7850 8434 7859 7285 7538 7627 7638 8353 8100 7724 7756 7960 7818 7575 8183 8150 7666 8337 7757 8074 8359 7918 8522 7316 8091 7935 7935 8202 8249 7836 8056 7836 7687 7854 8160 7701 8172 8014 7732 7632 7428 7607 7790 7467 8229 8471 7876 7858 7923 8311 7645 7959 8299 7841 8372 7711 8024 8485 8139 8791 8375 7717 8304 7646 8269 8366 8211 7900 7996 7643 7777 7901 8164 7934 8033 8303 8417 7862 8336 7628 7652 7976 7756 7774 7526 8140 7806 8213 7572 8058 7608 8287 8210 8169 8253 7684 7595 8326 8060 7756 7908 8302 8052 7772 8040 7263 8099 7739 7779 8888 7948 7737 7711 7461 7570 7827 7750 7812 8265 8285 8616 7623 7486 7916 7903 7938 8081 7600 7418 8105 7527 7457 8426 7827 7442 7538 8120 7610 8073 7896 7933 8539 8057 8366 7973 7313 8429 7950 8139 7753 7485 7705 7591 8168 7597 8081 8078 7798 7446 7963 7606 7794 8101 8163 7758 7891 7805 8007 7658 8239 8204 8016 7595 8044 7566 7694 8226 7763 8003 8038 8152 7986 7974 7906 7983 8109 8099 8269 7514 8271 7616 7891 7855 8150 7668 8225 7871 8360 8305 8347 7745 8356 8259 8057 7583 7457 7521 8055 7406 7872 8423 7984 7545 8414 7912 7771 7561 7732 7812 8513 7701 8224 7715 7465 8344 7881 7881 8057 8019 7651 7597 8026 8028 7555 8395 7660 7509 7774 7385 7647 7728 8120 7966 7862 8273 7325 8085 7462 7665 7822 8151 8475 8085 8570 8252 7947 7858 8326 8015 8035 7812 7765 7964 7368 8567 8105 
8666 8220 8366 8442 9086 8362 8120 8087 8772 8332 8506 8905 8327 8416 9118 8252 9156 8609 8899 8063 8400 8734 8518 8349 8395 8188 8736 8231 8614 9243 8168 8742 8462 8375 8313 9047 8763 8412 8565 9157 8301 8730 8606 8928 8515 8023 8581 7875 8832 8620 9162 8945 8520 8709 8501 7930 8574 8557 8458 8604 8300 8466 8628 8437 8414 8571 8448 8258 8363 8346 8902 8758 8777 8187 8525 8553 8097 8623 8134 8771 8498 8775 9004 8835 8629 8795 9035 8371 8977 8605 8765 8255 8649 8371 8548 9223 8800 8705 8709 8158 8093 8548 7621 8305 7955 8430 8097 8670 8746 8524 8194 8611 8002 8392 7984 9037 8900 7917 8344 8319 9048 8288 8128 8259 8305 8765 8366 8313 8721 8288 8353 8648 8376 8855 8604 8510 8610 7720 8157 8134 8598 8434 8697 8515 8123 8909 8305 7887 8517 8827 8273 8980 8590 8195 8842 8308 9393 8063 8395 8712 8608 8489 9276 8627 8114 8433 8175 8289 8311 8206 8452 8834 8179 8131 8062 8580 8669 8180 8591 8880 8348 8186 8783 8815 8095 8141 8556 8316 8985 8081 8289 9258 8642 9191 9052 7934 8530 8252 8578 8956 8547 8851 8656 7965 8452 8352 8374 8168 8484 8694 8771 8297 9080 8452 8015 8084 8283 8927 8145 8660 8519 8484 8524 8841 8057 8692 8718 8588 8566 8055 8283 8676 8306 8415 8045 9081 8616 8417 8687 8017 8657 8340 8359 9483 8561 8149 8130 7785 8483 8477 7995 8296 8814 8361 8678 8515 8303 8488 8465 8699 8569 8330 8413 8393 8135 8049 9421 8267 8173 8180 8245 7971 8413 8215 8636 8854 8665 8696 8156 7890 8718 8359 8452 8510 8233 8132 8125 8698 8441 8871 8963 8567 7988 8609 7809 8663 8301 8838 8135 8558 8688 8639 8274 8588 8988 8950 8527 8349 8624 8156 9172 8363 8959 8759 8640 9054 8173 8167 8593 8438 8550 8947 8618 9146 8440 8567 8164 8420 8361 8165 8422 8539 8771 8549 8357 8720 8633 8541 7992 8340 8148 8680 7834 8427 8223 8345 7989 8874 8486 8431 8553 8053 8782 9071 7971 9006 8321 8399 8642 8283 8661 8635 8649 8399 8209 8612 8296 8480 8742 7958 8447 8353 7847 8014 8215 8967 8623 8086 8661 8331 8806 8021 8701 8541 8475 8619 8537 9407 8395 8435 8547 8604 8464 8196 8317 8242 8459 8486 8706 8767 
7673 7714 7788 7761 8135 7772 7432 7600 7651 7397 7716 7734 7968 7343 8042 7408 8248 7744 8008 7480 7584 7595 7817 7759 7391 7541 7797 7747 7693 8351 7383 7695 7791 7504 7244 7895 8138 7758 7975 7879 7558 7645 7687 7673 8003 7349 7938 7256 7566 7881 7863 7751 7891 7853 7516 7304 7740 7465 7438 7822 7278 7992 7781 7790 7792 7748 7913 7284 7610 7558 8126 7961 7911 7703 7394 7499 7308 7954 7271 7766 7687 7723 7962 8077 7259 8171 8423 7954 8115 7485 7824 7593 7743 7392 7366 8151 7835 7683 7964 7086 7557 7907 7000 7494 7524 7635 7151 7304 7814 7513 7496 8041 7618 7762 7582 7869 8224 7349 7559 7334 7844 7440 7348 7624 7927 8090 7639 7917 7856 7461 7387 7663 7337 8296 7510 7816 7607 7103 7155 7257 7669 7643 7958 7419 7492 7773 7457 7367 7842 7814 7598 7907 7747 7435 7822 7375 7845 7140 8120 7778 8050 8005 8515 7740 7439 7527 7577 7652 7717 7277 7697 7880 7135 7387 7128 7594 7753 7365 7956 8153 7554 7500 7968 7799 7308 7408 7572 7791 8186 7534 7734 8479 7747 8052 7795 7075 8102 7173 7532 8327 7677 7673 7526 7239 7568 7444 7486 7619 7484 7743 7951 7522 7857 7532 7563 7476 7491 7927 7282 7967 7573 7691 7673 8338 7522 8032 8339 7794 7818 7427 7157 7948 7555 7386 7624 8103 7696 7647 7657 7218 7627 7710 7085 8474 7470 7072 7425 7086 7534 7410 7373 7377 7832 7639 7726 7615 7457 7393 7490 7799 7376 7579 7319 7792 7307 7217 7895 7538 7232 7494 7564 7185 7429 7717 7411 7598 8121 7719 7633 7374 8100 7487 7929 7872 7258 7246 7623 8102 7400 7685 7709 7793 7310 7940 6859 7856 7591 7865 7424 7452 7649 7659 7853 7666 7828 7792 7821 7874 7581 7366 8064 7311 7559 7908 7569 7720 7372 7285 7502 7795 7939 7927 7793 8135 7235 7991 7489 8138 7685 7579 7703 8150 7682 7901 7564 8119 7582 7946 7462 7301 7426 7609 7332 7246 7424 7378 7374 7754 7592 8021 7628 7247 7667 8060 7262 7816 7553 7591 7864 7432 7587 7584 7831 7433 7606 7820 7747 7454 8129 7606 7414 7636 7145 7498 7572 7783 7941 7335 7765 7657 8031 7151 7504 7588 7430 7862 7616 8251 7690 7734 7315 7841 7768 7535 7468 7470 7485 7184 7924 7680 
7317 7709 7527 7811 7860 7319 7261 7193 7371 7764 7537 7977 7113 7308 8032 7365 7874 7465 7797 6959 7398 7330 7827 7699 7652 7557 7947 7477 7502 8048 7460 7954 7473 7616 7325 7623 7981 7658 7596 7701 7555 7542 7650 7736 7512 7522 7496 7343 7417 7564 8287 7786 7775 7798 7404 7150 7766 7414 7679 7895 7256 8034 7723 7641 7558 7778 7647 7237 7591 7389 7862 7477 7600 7168 7091 7611 7218 7675 7164 7800 7306 7550 7666 8098 7684 7775 8161 7721 8272 7379 7693 7387 7661 7555 7649 8338 7677 7755 7598 7102 7423 7441 6787 7214 7577 7399 7224 7280 7872 7494 7436 7635 7306 7489 7417 7707 7860 6927 7322 7345 7879 7365 6952 7336 7442 7710 7355 7337 7717 7560 6906 7492 7326 7732 7259 7823 7712 6527 7357 7420 7395 7535 7470 7759 7679 7794 7228 7515 7792 7748 7391 7871 7221 7521 7881 7508 8021 7026 7758 7784 7852 7755 8183 7922 7394 7500 7082 7492 7841 7181 7773 7591 7397 6983 7144 7483 7713 7074 7312 7838 7935 7648 7846 7974 7201 7146 7791 7598 7874 6904 7505 8068 7685 8094 7977 7071 7847 7112 7667 7634 7463 7492 7406 7251 7598 7448 7746 7411 7593 7833 7789 7546 7776 7215 7050 7139 7347 7586 6854 7743 7401 7454 7435 7756 7189 7910 8091 7613 7742 7535 7227 7529 7351 7510 6905 7881 7411 7442 7820 7024 7854 7449 7296 8354 7459 7010 7268 7156 7120 7407 7201 7384 7610 7517 7576 7883 7599 7668 7701 8100 7572 7359 6965 7743 6961 6984 8107 7237 7391 7182 7320 6947 7631 7662 7596 7737 7769 7882 7431 6887 7506 7677 7249 7496 7396 7498 7353 7953 7404 7541 7832 7744 7534 7637 7353 7673 7674 7433 7426 7286 7737 7266 7480 7403 7708 7657 7708 7770 7225 7490 7915 7411 7514 7905 7574 8038 7208 7329 7481 7591 7729 7975 7701 7800 7383 7875 7450 7734 7563 7758 7419 7725 8096 7746 7156 7574 7457 7708 7299 7346 7476 7574 7409 7486 7344 7262 7256 7688 7662 7681 7180 7423 7437 7892 7225 7611 7191 7490 7808 7691 7821 7693 7888 7595 7221 7510 7411 7270 7982 7199 7598 7559 6834 7051 7364 7570 7759 7211 8014 7317 7436 7196 7332 7320 7524 7647 7508 7731 7598 7518 7520 7590 7453 7217 7304 7243 7609 7341 7412 7797 
7816 8164 8219 8163 8302 7950 7507 7950 7950 7900 8078 8123 7772 8027 8790 7987 8676 8040 8489 7589 8074 7791 8193 8287 8088 7708 8287 7925 7530 8484 8050 7948 7960 7823 7692 8143 8425 8049 8201 8205 7830 8233 8133 8253 8090 7448 8061 7656 8011 8247 8513 8534 8427 8374 8087 7516 8181 8254 8091 8367 7448 8135 8034 8249 8256 8110 7989 7577 8083 8101 8150 8237 7955 7703 7778 7935 7623 8193 7774 8583 7741 7937 8360 8399 7976 8285 8546 8096 8481 8031 7945 7777 8096 8187 7762 8607 8221 7836 8281 7683 7754 8164 7193 8094 7825 8209 7637 7860 8545 8194 7858 7867 7723 7659 7728 8015 8014 7873 7830 7594 8296 7476 7567 7722 7875 8314 7802 8006 8256 8071 8202 7554 7831 8383 8060 8067 8269 7102 7875 7739 7871 8022 7816 7974 7745 8203 7609 7984 8162 8124 7531 8550 7717 8149 7940 8208 8601 7397 8330 7918 8185 8029 8518 8207 7529 7579 8043 8028 8384 7928 8016 8259 7686 8205 7425 7856 8128 7267 8304 8470 8087 7947 8371 8453 7874 7751 8150 7981 8376 7665 8034 8608 7943 8697 8165 7313 8362 7665 8105 8756 8119 7819 7932 7564 8038 7738 7987 7565 7916 8404 8252 7900 8391 7586 7733 7875 7845 8293 7406 8133 7598 7925 8260 8343 7704 8348 8467 8104 8346 7966 7744 8499 8038 7958 7804 8404 8254 7837 8260 7458 8044 7673 7914 8946 8022 7532 7998 7579 7802 8194 7861 7727 8413 7972 8135 8060 7922 7915 8172 8189 7711 7789 7488 8076 7703 7644 8547 7713 7558 7596 7912 7793 7849 8231 7925 8574 7873 7910 7859 7310 8185 7950 8054 7821 7475 7622 7792 8236 7710 7794 8378 8106 7517 8216 7892 8056 7726 8268 7896 7774 8273 7857 7812 8117 8021 8192 7973 8269 7793 7877 8412 7844 8092 8377 8060 8224 7567 7589 8115 7964 8118 8479 8307 8488 7661 7819 7817 8188 7880 8056 7857 8315 8259 8297 7778 8274 8244 7911 7674 8028 7952 8172 8167 7997 7760 8054 7867 8099 7848 8147 7764 7921 8075 8223 7559 8208 7783 7917 8131 7811 8258 8355 8227 7826 7869 8199 7918 7994 7984 7425 7771 8302 7953 7788 7851 8160 8255 7528 8491 7819 8057 7706 8217 7936 8111 8159 7975 8567 7955 7666 8054 8168 8143 8000 8068 7689 7955 7697 8249 7969 
8444 8495 8581 8478 9130 8548 8275 8341 8397 8367 8676 8664 8498 8460 9253 8253 8992 8597 8894 7871 8602 8561 8504 8746 8477 8367 8416 8610 8547 9063 8563 8579 8562 8549 8354 8907 9033 8623 8756 8772 8247 8817 8383 8620 8845 8158 8734 8184 8544 8908 9406 8650 8698 8693 8373 8233 8363 8589 8514 8650 8392 8610 8531 8708 8799 8463 8514 8030 8441 8670 9040 8736 8628 8655 8427 8656 8562 8942 7934 9129 8671 8610 9076 8760 8521 9193 9175 8651 8753 8805 8825 8425 9384 8056 8285 9228 8785 8731 8619 8245 8288 8641 7692 8440 8250 8454 8381 8623 8664 8580 8572 9101 8098 8458 8613 8845 8939 8644 8506 8266 8985 8291 8154 8505 8341 9014 8330 8816 8780 8445 8682 8731 8170 8877 8544 8986 8732 7726 8401 8023 8507 8826 8747 8454 8426 8807 8413 8085 8660 8758 8506 8776 8610 8654 8639 8341 9238 8120 8723 8643 8567 8573 9063 8652 8309 8541 8324 8269 8617 8048 8667 8952 8061 8280 7971 8345 8682 8206 8791 8799 8743 8672 8841 8953 8046 8452 9000 8506 8914 8219 8359 9317 8614 9251 8991 7899 8949 8247 8413 9115 8636 8448 8442 8062 8518 8627 9011 8308 8581 8757 8808 8381 8795 8422 8155 8119 8572 8719 8139 8589 8537 8546 8503 8990 8188 8863 9091 8725 8941 8278 8321 8721 8374 8227 8520 8937 8699 8361 8554 8358 8802 8413 8390 9453 8615 8259 8501 8026 8329 8379 8145 8338 8960 8423 9039 8743 8493 8272 8767 9092 8344 8559 8140 8771 8267 8127 9158 8817 8541 8356 8189 8038 8359 8624 8459 8979 8727 8499 8466 7822 8899 8490 8663 8620 7927 8193 8408 8892 8184 8858 8853 8688 8285 8392 8069 8222 8247 8860 8097 8493 8641 8461 8206 8440 8737 8792 8709 9061 8284 8197 9073 8493 8598 8941 8608 8769 8469 8393 8646 8635 8567 8954 8497 9154 7976 8235 8665 8615 8180 8543 8685 8936 8843 8700 8624 8947 8984 8838 8441 8544 8348 8445 8238 8577 8717 8496 8426 8504 8424 8540 8533 8548 8467 9155 8084 8928 8232 8015 8656 8438 8611 8606 8754 8376 8272 8838 8587 8493 9109 8327 8521 8440 8185 8344 8343 9121 8602 8113 8670 8371 8623 8017 8308 8968 8638 8862 8489 9225 8340 8438 8368 8771 8596 8188 8516 8092 8505 8081 9120 8710 
8309 7954 8299 8065 8792 8407 7730 7775 7993 8125 8495 8356 8166 7846 9053 7859 8576 8099 8459 8088 8291 8162 8694 8049 8176 8120 8424 8181 7936 8637 7731 8512 8273 8369 7987 8905 8722 8228 8418 8549 8385 8214 8469 8331 8322 7916 8483 7771 8226 8669 9036 8681 8541 8300 8183 7879 8422 8161 8334 8426 8020 8484 8413 8497 8024 8574 8171 8009 8214 7955 8726 8483 8145 7912 7931 8222 7737 8282 7994 8769 8345 8352 8327 8715 7908 9162 8965 8726 8809 8322 8410 8012 8376 8202 8152 8750 8393 8104 8438 7783 8058 8052 7594 8064 8176 7949 7852 8012 8048 8041 8064 8198 7874 8278 8175 8504 8506 8134 8293 7729 8584 7782 7653 8107 8053 8380 7872 8446 8368 8043 8231 8099 8201 8770 7904 8417 8308 7331 7773 8131 8250 8314 8396 8232 7988 8377 7706 8003 8336 8422 8199 8905 8361 8452 8451 7957 9007 7728 8629 8460 8227 8367 8950 8224 7850 7973 7690 8385 8444 7691 8181 8341 7825 8137 7777 8324 8318 7928 8448 8695 8251 7916 8450 8652 7767 8254 8541 8080 8841 8191 8074 8696 8359 8708 8607 7645 8580 7689 8343 8688 8051 8221 8297 7845 8483 7954 8096 8134 8294 8474 8541 8054 8573 8212 7769 7642 8276 8280 7617 8328 8174 8431 8129 8752 7766 8443 8709 8693 8639 8231 8081 8495 8208 7748 8079 8517 8215 7815 8409 7475 8741 8254 8045 8879 8229 8037 8159 7259 7905 8251 8266 8244 8462 8025 8627 8417 7928 8032 8304 8163 8013 7965 7655 8286 7852 7962 8718 8016 8094 7935 8040 7680 7980 8197 8007 8600 8457 8620 8211 7729 8528 8301 8588 8250 8122 7928 8229 8533 8075 8445 8519 8158 7961 8334 7656 7936 8350 8662 8225 8163 8388 8281 8037 8268 8529 8323 8288 8312 7641 7890 8694 7727 8439 8578 8348 8493 8443 7889 8262 8330 8582 8274 8424 8487 7909 8320 8071 8443 7937 7977 7991 8761 8377 8221 7664 8496 8559 8539 7823 8046 7892 8051 7982 8458 8027 8142 8077 8542 7869 8225 8073 8000 8344 8682 7920 8479 7827 8028 8473 8012 8484 8305 8107 8102 8205 8303 8256 7908 8430 7749 7754 8267 7674 8222 7958 8633 8205 7781 8071 7961 8397 7937 8115 8022 8079 8366 8246 8467 7688 8103 7931 8622 8183 8181 8270 8056 8185 7994 8460 8371 
8344 8121 8388 8149 8905 8148 8098 7990 8566 7876 8670 8481 8054 8048 9177 7872 8833 8421 8539 7863 8298 8323 8689 8232 7660 8158 8367 8285 7993 8867 8305 8541 8309 7909 7938 8316 8832 8396 8402 8745 8278 8222 8204 8692 8298 7790 8419 7798 8437 8752 8606 8565 8098 8261 8162 7980 8011 8022 8353 8673 7999 8577 8507 8400 8210 8571 8192 7895 8360 8519 8724 8762 8267 7933 8001 8519 8276 8459 8003 8312 8057 8076 8546 8392 8245 8791 8665 8098 8543 8379 8700 8063 8381 8472 7851 8591 8485 8505 8495 8027 8106 8358 7401 8160 7824 8094 7923 8190 8538 7718 8218 8293 7585 8231 8272 8292 8167 8141 8098 7958 8579 8341 8008 8003 8183 8445 8336 8362 8112 8254 8046 8328 7872 8809 8392 8561 8344 7530 7776 8014 8148 8520 8094 8197 8086 8287 7799 8215 8567 8697 7948 8655 8060 8337 8736 8186 8847 7685 8567 8369 8545 8319 8668 7974 8183 8150 8325 8381 8373 8303 8045 8592 8075 7756 7950 8411 8293 7894 8171 8538 8343 8073 8075 8323 7758 8072 8588 8171 8451 7816 8356 8960 8422 8893 8909 7443 8411 7765 8147 8932 7874 8259 8030 7458 8336 8133 8313 8223 8145 8532 8639 8294 8338 8324 8146 8040 8408 8580 8097 8428 8353 8162 8266 8450 8066 8974 8843 8105 8635 8160 7871 8680 8147 8249 8090 8788 8631 8487 8421 7733 8577 8347 8119 8757 8135 7913 8088 7704 8221 8145 8158 8023 8506 8366 8670 8336 8213 8234 8308 8444 8022 8019 7716 8590 7965 7900 8566 8215 7991 8137 8151 7549 8250 7883 8298 8536 8113 8349 8132 7572 8351 8105 8284 8359 7865 8348 8246 8840 7689 8651 8467 7876 8377 8514 7860 8287 8115 8403 8085 7868 8231 8547 8089 7982 8597 8275 8464 8689 8041 8102 8753 7942 8432 8462 8182 8581 7770 7851 8104 8618 8595 8628 7995 8812 8129 8271 7959 8491 8377 8196 8125 8819 8288 8243 8186 8412 8526 8336 8102 8240 8082 8274 7990 8163 8236 8012 8370 8305 8032 8618 8010 8235 8209 8758 8162 8282 8114 8171 8204 8193 8292 8061 8738 8138 8080 8397 8240 8450 8081 8178 8019 8364 7276 7810 7908 8393 8286 7895 8401 8282 8553 7867 7766 7999 8222 8606 8049 8722 8379 8228 7801 8619 8404 8333 8297 7778 8282 7846 8591 8400 
8286 8203 8136 8199 8473 8202 7794 8024 8311 8105 8394 8403 8338 7973 8679 8286 8963 8121 8652 7942 8486 8239 8420 8521 8107 7777 8480 8012 7731 8866 8320 8321 8381 8127 8000 8315 8600 8399 8286 8487 8309 8095 8313 8467 8441 8137 8532 7832 8127 8509 8635 8658 8244 8453 8166 7959 8494 8225 8453 8186 8156 8390 8579 8293 8249 8240 8064 7931 8144 8241 8769 8509 8386 8016 8048 8621 7787 8456 7797 8357 7913 8215 8404 8558 8034 8834 8773 8525 8702 7876 8840 8156 8540 7860 8157 8842 8571 8115 8338 7719 8158 8124 7670 8271 7903 8252 8031 8028 8410 8042 8108 8288 7943 8145 8166 8149 8696 7909 8503 7978 8895 7997 7754 8033 8422 8667 8260 8385 8330 8392 8089 7923 7801 8783 7851 8638 8166 7497 7959 8098 8311 8618 8304 8302 8273 8413 7916 8216 8245 8526 8117 8638 8144 8104 8326 7859 8847 7712 8425 8291 8630 8279 8806 8363 8177 7961 8042 8185 8213 7671 8223 8104 8064 8193 7882 8027 8443 7849 8382 8768 7748 8254 8413 8736 8124 7961 8279 8377 8609 8042 8085 8984 8482 8913 8494 7678 8473 8001 8221 8846 8089 8164 8112 7604 8309 8395 8110 8308 8268 8597 8497 8246 8604 8046 8150 8097 8385 8535 7896 8158 8158 8447 8296 8492 7975 8589 8853 8240 8551 8335 8108 8616 8056 8052 8000 8527 8348 8169 8194 7864 8526 8176 8158 8923 8401 8126 8267 7860 7855 8527 7785 8248 8763 8076 8727 8392 7929 8082 8557 8652 7871 8131 7978 8418 7858 7587 8895 8200 8201 8220 7763 7406 7832 8203 8225 8613 8325 8251 8221 7483 8591 8372 8032 8157 7940 7923 7925 8882 7859 8685 8446 8585 7914 8327 8150 8136 8151 8798 7783 7732 8294 8265 8093 8106 8428 8491 8333 8623 8330 7940 8774 8050 8157 8657 8436 8348 7999 8080 8332 8365 8707 8700 8150 8659 7907 8647 8258 8411 8170 8195 7966 8360 8619 8425 8301 8437 8033 8240 8096 8490 8072 8324 7714 8269 8180 8434 7906 8626 8180 8411 7932 8105 8251 9003 7613 8630 8264 7638 8552 7957 8616 8373 8517 8109 8114 8129 8131 7993 8354 7976 8225 8261 7685 7663 8278 8281 8089 8234 8331 8147 8012 7939 8327 8152 8022 8607 7836 8877 8520 8050 8054 8209 8258 8349 8221 7857 8219 7722 8470 8649 
8349 8713 8283 8432 8780 8364 7882 8440 8359 8355 8710 8613 8591 8377 9263 8368 8889 8457 8918 8476 8467 8642 9059 8298 8276 8260 8059 8340 8106 9077 8253 8402 8521 8524 8348 8706 8992 8387 8659 8821 8505 8857 8296 8605 8640 8354 8568 7992 8353 8976 9225 8672 8725 8629 8580 7982 8403 8305 8947 8736 8040 8442 8537 8443 8403 8563 8485 7823 8396 8292 8943 8645 8816 8427 8375 8606 8182 8669 7784 9135 8265 8604 8883 9096 8128 9055 9261 8453 8660 8302 8366 8027 8618 8155 8556 8949 8779 8284 8454 7982 8158 8230 7791 8440 8176 8347 8379 8506 8801 8275 8645 8418 8110 8061 8570 8737 8656 8321 8606 8114 9146 8248 8177 8211 8497 8959 8733 8550 8409 8599 8660 8600 8290 9245 8141 8773 8550 7834 8157 8076 8329 8754 8346 8493 8314 8924 8147 7937 8656 8691 8207 8980 8198 8360 8817 8550 9035 8000 8698 8493 8623 8767 8915 8481 8156 8364 7973 8358 8740 7956 8652 8945 8038 8008 8068 8486 8560 7916 8930 9073 8724 8275 8563 8504 8339 8280 8589 8249 9077 8457 8262 9292 8863 9102 8882 7905 8843 8162 8321 9327 8852 8857 8647 7976 8508 8162 8574 8081 8350 8468 8993 8407 8675 8681 7953 8022 8058 8646 8347 8420 8319 8507 8349 9160 8233 8944 9162 8551 8724 8508 8436 8642 8805 8309 8370 8795 8735 8231 8618 7989 8575 8321 8232 9025 8774 8033 8054 8021 8334 8339 7988 8637 8777 8390 8629 8564 8113 8613 8587 8888 8439 8153 8299 8523 8125 8099 8787 8405 8453 8388 8299 8005 8521 8792 7899 8836 8684 8900 8476 7651 8548 8283 8644 8465 7922 8065 8731 9028 8291 8613 8762 8854 8442 8790 8208 8349 8217 8753 8204 8251 8649 8365 8499 8300 8644 8570 8662 8964 8516 8362 8889 8342 8523 8838 8228 8995 8494 8377 8663 8396 8663 8724 8131 9298 8237 8786 8522 8604 8044 7854 8511 8712 8773 8737 8374 8686 8583 8866 8167 8295 8037 8440 8513 8390 8448 8169 8216 8867 8420 8194 8338 7970 8683 8941 8229 8805 8089 8280 8530 8349 8553 8584 8727 8231 8188 8240 8657 8430 8911 8174 8599 8676 8142 8204 8045 8834 8234 8272 8411 8038 8652 8022 8782 9049 8463 8715 8330 8982 8561 8376 8310 8743 8505 8328 8379 8016 8187 8054 8998 8787 
8049 7958 8057 8272 8331 7957 7527 7906 7924 8046 8016 8028 8047 7838 8404 7819 8204 7949 8315 7927 7826 8091 8758 8272 7800 8172 8424 7983 8033 8620 8148 8255 7861 8023 7506 8346 8558 8031 8303 8438 8011 7991 8215 8236 8347 7670 8292 7956 8124 8836 8288 8304 8174 8381 7965 7881 8057 8170 8069 8088 7817 8003 8115 7869 8040 8087 8041 7809 7915 8116 8412 8478 7944 7689 7723 8046 7741 8376 7724 8342 7798 7783 8126 8279 8103 8667 8728 7999 8721 8189 8514 7782 8281 7929 7984 8676 8375 8093 8272 7568 7806 8284 7332 8071 7730 8066 7525 7691 8343 7831 7942 8549 7692 8054 7920 8210 8218 7747 8377 7500 8527 7992 7720 7650 7786 8281 7844 8126 7851 7923 7701 7860 7588 8434 7716 8379 8240 7312 7743 7456 8110 8195 7966 8033 7803 8230 7762 7646 8089 8461 7823 8475 8193 7754 8187 7816 8701 7246 8417 8308 8441 8346 8399 8175 7805 8089 7778 7962 7920 7939 8366 8133 7563 7664 8147 8158 8048 7788 8304 8386 8022 8125 8152 8139 7668 7883 8276 8435 8650 7962 8011 8815 8227 8516 8182 7224 8585 7481 8086 8451 7630 7815 8265 7606 8180 7864 8111 7804 7895 8294 8542 8007 8079 8229 7658 7741 7623 8337 7594 8268 8243 7993 7785 8182 7535 8427 8314 8150 8474 7518 8007 8229 7655 7504 7505 8522 7910 8194 7959 7608 8469 7644 7802 8773 8172 7542 7965 7658 7978 7975 7929 8017 8583 8050 8529 8024 7670 8005 7948 8258 7789 7784 7466 8003 7575 7300 8371 7504 7582 7800 8124 7151 7838 8131 7983 8181 8120 7880 7828 7336 8462 8031 7790 7875 7856 7784 7749 8564 7616 8253 8055 7887 7787 8189 7713 8075 7952 8211 7750 8027 8057 8346 7957 8005 8373 8341 8068 8319 7741 7900 8565 7860 7919 8483 8058 8028 7998 7814 8038 7873 8229 8389 7986 8819 7824 8283 8077 8477 7819 8300 7736 8468 8540 8363 7898 8584 8084 8037 8212 8109 7710 8054 7903 7885 8188 7957 7921 8439 7880 7917 7679 8002 8046 8797 7568 8360 7530 8041 8351 8029 7923 8317 8207 7804 7563 7959 8317 7967 8512 7638 8095 7713 7577 7838 8046 8339 7889 7724 8167 7731 8229 7704 8012 7804 7727 8183 7572 8462 8228 8077 7860 8087 7978 7879 8172 7556 8046 7683 8277 8132 
7559 7794 7654 7933 8269 7923 7823 7342 7810 7706 7858 8014 7713 8006 8161 7665 8503 7833 8157 7468 7682 7950 7947 7798 7941 7720 8021 7539 7754 8435 7785 8246 8093 7725 7580 8253 8505 8182 8271 7855 7930 7870 7665 8031 7936 7648 7991 7600 7899 8328 8350 8229 8151 8102 7942 7734 7853 7775 7913 7901 7562 8064 7923 7659 7762 8057 8034 7742 7888 7809 8167 7915 8015 7902 7419 7920 7612 8271 7289 7945 7513 7850 8106 8082 7714 8593 8234 7864 8225 8018 8172 7954 8125 7522 7720 8335 8170 7966 8071 7658 7717 8025 7105 7921 7687 7957 7904 7564 7954 7720 8074 8284 7508 7708 8101 7844 8272 7653 7726 7358 8424 7479 7889 7789 7768 7946 7488 7987 7921 7710 7863 7817 7379 8283 7499 8223 8152 7390 7518 7741 7671 7797 7928 8049 7717 8115 7441 7715 8302 8086 7461 8249 8061 7799 8062 7873 8590 7276 8235 8022 7876 7832 8333 8148 7613 7837 7910 8016 7868 7467 7735 8094 7680 7439 7261 7569 7888 7413 7820 8094 7739 7804 8269 8330 7647 7544 8186 8111 8244 7689 7937 8225 8189 8411 8096 7209 8069 7629 7841 8487 7506 7914 8040 7562 7788 7623 7968 7581 8095 8131 8112 8043 7806 7796 7605 7449 7604 7830 7291 8154 7559 7916 8024 8038 7611 8250 8116 8104 8196 7657 7564 8208 7603 7716 7540 8212 8339 7904 7807 7266 8121 7786 7843 8604 8077 7275 8083 7366 7724 7988 7886 7789 7969 7973 8014 8269 7843 8101 8008 8277 7445 7915 7271 8129 7169 7495 8463 7544 7790 7454 7531 7635 7648 8129 8128 8334 8002 8267 7508 7382 7758 7721 7706 8004 7618 7856 8188 8029 7507 8115 8170 8077 7568 7813 7615 8034 7926 7953 7928 7714 7731 7528 7502 7890 8131 8163 8215 8199 7654 8070 8423 7889 7846 8269 7911 8130 7728 7604 8205 7763 8224 8208 7798 8596 7757 8169 7733 8005 7546 7988 7581 8093 8468 8005 7526 7890 7852 8322 7772 7939 7832 8005 7795 8201 7549 7739 7635 7965 7762 8349 7587 7843 8278 8462 7307 7862 7779 7610 8025 8042 8132 7972 7794 7613 7506 8027 7770 7527 8067 7639 7571 7909 7477 7569 7776 8158 7846 7775 7890 7959 7983 7318 7617 7630 7824 7638 7354 8592 8119 7518 7746 7840 7686 7765 7993 7349 8030 7386 8412 7968 
7890 8288 7902 8242 8920 8050 7980 8123 8179 7793 8369 8532 8138 7820 8468 7874 8553 8343 8698 7757 8335 8377 8222 8130 8133 8077 8295 8049 8209 8633 7850 8331 8082 8041 8091 8411 8692 8295 8317 8462 8370 8217 8076 8136 8201 7799 8325 7440 8276 8694 8627 8399 8263 8285 8326 7605 8014 8125 8059 8115 7832 8085 8427 8224 7943 8012 8165 7619 7971 8056 8559 8702 8380 7765 7948 8242 7779 8233 7786 8378 7885 8327 8327 8341 8153 8443 8933 8009 8719 8285 8106 7854 8265 7890 7689 8712 8157 8274 8186 7584 8195 8160 7087 8101 7961 8134 7710 7803 8402 7802 8015 8359 7916 7932 8147 8153 8581 7758 8053 7621 8403 7844 7861 8079 7994 8444 8110 8268 7813 8101 8037 7911 7906 8358 8053 8366 8336 7432 7717 8062 7947 8220 8290 7910 8277 8562 7800 8082 8483 8472 8064 8732 8131 7844 8070 8247 8624 7292 8009 8312 8270 8429 8608 8411 8024 8161 7849 8104 8046 7799 8261 8583 7707 7966 7693 8007 8009 7915 8094 8572 8053 8019 8537 8417 7963 8089 8643 8524 8751 7996 8144 8942 8156 8734 8830 7613 8359 7604 8239 8632 8084 8283 7874 7621 8169 8179 8367 8071 8034 8507 8329 8295 8926 7967 8015 7873 8058 8400 8072 8396 8247 8205 8296 8857 8012 8225 8468 8184 8502 8009 8109 8296 8258 7995 7834 8291 8238 8066 8076 7474 8693 8058 8008 8791 8153 7750 8037 7487 7865 8262 8148 8105 8483 8465 8368 8282 7916 7870 8058 8422 8345 8173 7957 8210 7491 7663 8796 8124 8068 7629 7971 8005 7868 8133 8006 8384 8121 8215 8121 7410 8508 7916 8333 8269 7961 8058 8170 8410 7958 8327 8499 8146 7824 8396 7619 8353 8087 8724 7915 8198 8301 8228 7893 8274 8217 8361 8233 8078 7965 7921 8502 7849 8169 8442 8148 8468 7686 7894 7955 8199 8485 8287 8204 8636 7876 8248 8014 8582 8283 8232 8103 8837 8124 8333 7985 8590 7949 8503 7842 7913 7718 8241 7905 7989 7906 8141 7872 8073 8406 8575 8037 8218 8012 8727 7663 8488 7906 8116 8279 8125 8041 8388 8011 7854 8062 8243 8108 7889 8330 7983 8293 8308 7628 7555 7977 8223 8172 7848 8232 7959 8381 7574 7873 8088 7758 7967 8217 8832 8256 8000 8195 8153 8567 8084 8131 7810 8125 7698 8658 8218 
7351 7357 7657 7585 8080 7624 7326 7585 7762 7492 7698 7946 7821 7565 8109 7504 8454 7653 7911 6876 7635 7438 7465 7639 7486 7404 7729 7465 7669 8450 7529 7854 7949 7289 7197 7509 8150 7674 7771 7969 7635 7789 7801 7761 7666 7244 7711 7211 7539 7899 8024 7801 7957 7545 7798 7476 7802 7184 7576 7754 7308 8075 7558 7860 7620 7717 7579 7235 7294 7725 7535 7994 7587 7288 7252 7775 7504 7698 7258 7866 7726 7681 7782 7722 7548 7833 8305 7465 7921 7716 7919 7245 7928 7684 7592 8240 7517 7455 7703 7077 7229 7565 6925 7505 7443 7673 7127 7524 7954 7209 7723 7833 7437 7614 7874 7541 7902 7138 7474 7290 8327 7294 7413 7373 7832 8103 7234 7544 7661 7518 7560 7330 7657 7926 7320 7597 7771 7058 7403 7387 7171 8005 7777 7545 7243 7711 7051 7552 7543 7960 7352 7959 7849 7322 7823 7456 8124 6843 7969 7857 8023 7633 8417 7912 7334 7325 7124 7689 7877 7288 7888 8104 7174 7444 7110 7593 7406 7389 7809 7753 7437 7536 7542 7829 7268 7355 7795 7624 7965 7467 7562 7965 7938 8291 8220 6978 7850 7249 7658 8415 7835 8113 7664 7326 7584 7266 7688 7450 7583 7899 8133 7427 7706 7297 7152 7193 7563 7541 7200 7587 7885 7315 7741 7970 7258 7662 7829 7318 7782 7566 7434 8167 7775 7254 7614 7612 7981 7526 7647 7399 7596 7519 7659 8391 7507 6825 7468 7326 7289 7822 7035 7236 7821 7290 7925 7871 7555 7508 7866 7812 7603 7466 7111 7573 7449 7474 7857 7118 7551 7478 7492 7212 7476 7360 7659 7708 7872 7609 7692 6832 7866 7522 7696 7276 7232 7219 7389 7950 7414 7812 8051 7580 7552 7902 7267 7609 7523 7739 7575 7344 7716 7531 7774 7769 7917 7524 7724 7615 7677 7491 7820 7468 7772 7833 7609 7957 7463 7136 7621 7675 7975 7975 7516 8339 7321 7591 7295 7665 7486 7653 7289 7984 7611 7649 7360 7814 7858 7729 7447 7556 7414 7358 7128 7753 7615 7532 7364 7825 7589 7592 7353 7416 7536 8492 7375 7987 7796 7491 8025 7521 7858 7793 7855 7607 7509 7756 7902 7592 7690 7753 7446 7468 7246 6960 7403 7946 8017 7587 7730 7544 7697 6998 7613 7718 7433 7695 7269 8372 7369 7602 7374 7655 7672 7484 7725 7251 7532 7198 7861 7653 
8259 8450 8504 8441 8675 8674 7701 7864 8160 8127 8395 8486 8222 8312 8926 8138 8879 8424 8688 8009 8335 8574 8208 8157 8073 8063 8686 8587 8267 8713 8083 8480 8603 8313 7846 8181 8637 8057 8106 8493 8338 8416 8631 8546 8003 7944 8557 7890 8379 8550 8941 8558 8490 8258 8321 7797 8253 8186 8521 8693 8182 8705 8537 8302 8453 8152 8366 8067 8095 8224 8656 8559 8761 7961 7985 8441 8033 8367 7871 8368 7873 8737 8639 8767 8211 8700 9092 8532 8638 8353 8799 7944 8505 8146 8166 8955 8450 8251 8557 7490 8195 8212 7697 8152 8242 8187 7925 8411 8590 8171 8111 8583 8070 8360 8274 8733 8807 8155 8717 7891 8628 8233 7997 8207 8151 8423 8202 8339 8031 7690 8235 8255 7950 8563 8177 8836 8454 7619 7854 8257 8290 8461 8733 8420 8478 8359 7952 8152 8574 8471 7941 8602 8166 8342 8646 8166 8865 7727 8272 8252 8286 8517 8702 8514 7990 8181 7853 8340 8284 7814 7997 8231 7850 7949 8000 8351 8683 7977 8375 8455 8410 8169 8840 8639 8011 8116 8725 8081 8892 7781 8285 8899 8594 8968 8752 7341 8803 7886 8285 9100 8269 8291 8369 7822 8254 8296 8394 8210 8356 8458 8375 8607 8698 8003 8082 8175 8279 8383 7867 8428 8204 7874 8228 8644 7699 8655 8779 8241 8310 7930 8140 8915 8026 8070 7766 8841 8228 8261 8480 7952 8688 8229 8117 8793 8293 7771 8295 7748 8388 8415 8088 8330 8584 8284 8617 8666 8115 8260 8192 8519 8212 8203 8060 8254 8105 8116 9096 7699 8289 8245 8158 7719 7999 8284 8243 8572 8351 8410 8379 7546 8878 8019 8366 8410 7733 8230 8231 8862 8215 8565 8866 8308 7903 8462 8074 8326 8484 8328 8132 7934 8479 8145 7988 8305 8649 8840 8394 8619 8229 8010 8902 8167 8331 8227 8238 8598 8535 8072 8233 8639 8694 8404 8272 8885 8079 8467 8116 8414 8062 8419 8194 8769 8474 8270 7973 8774 8286 8178 7809 7957 7977 8340 7865 8215 8605 8351 8175 8613 8370 8394 8401 7941 8532 8812 7884 8481 8393 8349 8641 7912 8680 8183 8721 8044 8016 8709 8206 8121 8268 8213 8528 8508 7712 8006 8275 8470 8328 7982 8512 8397 8369 7901 8263 8156 8049 8699 7864 9018 8302 8368 8156 8403 8069 8082 8365 7793 8127 7896 8517 8457 
7814 8083 8187 8093 8695 7855 7752 7864 8281 7913 8147 8380 8049 7844 8657 7923 8699 8138 8626 7695 7874 8224 8362 8232 8071 8015 8241 8066 8376 8742 7870 8253 8122 8235 7843 8126 8536 8237 8252 8453 8055 7916 8026 8338 8013 8024 8019 7806 8118 8695 8908 8472 8453 8392 7978 7784 8149 8056 8086 8358 7626 8273 8358 8393 8213 8133 8333 7897 8157 8034 8505 8622 8223 8136 7906 8277 8133 8439 7854 8533 8156 8527 8226 8553 8103 8509 8766 7995 8570 8290 8465 7786 8813 7977 7976 8653 8457 8377 8341 7546 7732 7909 7129 8371 8070 8138 7812 7918 8328 8159 7992 8211 7958 8422 8051 8267 8640 8010 8294 7792 8713 7859 8208 8092 7872 8447 7995 8370 8198 8004 8088 8094 8074 8771 7973 8348 8261 7721 7918 7785 8233 8308 8170 8256 7860 8234 7976 7821 8232 7965 7743 8658 8286 8308 8351 8087 8760 7416 8033 8437 8438 7952 8651 7927 7777 7948 8038 7938 8308 7899 8060 8512 7618 7812 7383 7951 8202 7780 8259 8710 7964 8063 8511 8491 7953 8075 8394 8197 8598 7768 7941 8705 8524 8816 8756 7384 8467 7684 8010 9022 8049 8091 7922 7814 8079 8114 8186 8067 8000 8379 8558 8170 8192 7981 7954 7955 7889 8280 8048 8365 8249 8377 8108 8466 7859 8520 8513 8149 8523 7852 7999 8115 8140 7968 7838 8781 8178 8312 8264 7729 8390 8083 7622 8993 8139 7442 8006 7642 8210 8178 7942 8121 8173 8060 8402 8400 7549 8082 8237 8332 8167 7995 7600 8325 7705 7786 8768 7878 8094 7725 7856 7522 8126 8057 8107 8308 8274 8433 7878 7539 8387 8050 8289 8056 7710 8200 7959 8442 7659 8527 8462 8157 7723 8162 7906 8009 8531 8432 8023 7830 8313 7996 7969 8143 8447 8262 8380 7921 7938 8114 8411 7959 8134 8489 8287 8726 8018 7715 8150 8005 8221 8318 8290 8573 7576 8483 7999 8289 7935 7822 8174 8605 7980 8265 7910 8609 8159 8467 8197 7967 7882 8098 7771 8120 8277 7985 7999 8199 8087 8114 8197 7987 8364 8823 7903 8362 7997 7871 8275 7890 8371 8340 8865 8083 7800 8360 8126 8187 8552 8017 7963 8056 7670 8031 7930 8336 8228 7829 8122 7806 8282 7839 8153 8323 7960 8540 7935 8595 7996 8242 8167 8577 8411 8255 8014 7675 8044 7354 8655 8472 
7836 7911 8044 8116 8551 8124 7717 8210 8071 7980 8167 8374 8284 7874 8905 7960 8762 8095 8577 7659 8019 8348 8423 8129 8072 7922 8339 8484 7928 8844 8107 8275 8191 8382 8023 8759 8913 8308 8099 8367 8390 8337 7970 8033 8035 7626 8265 7722 8159 8441 8809 8499 8311 8403 8342 7576 8598 7989 8273 8558 8097 8496 8274 8368 8207 8578 7969 7971 8081 8038 8327 8295 8379 7702 7880 8695 7825 8306 7989 8536 8053 8254 8327 8420 8082 8947 8826 8174 8621 8010 8639 7708 8448 7991 7897 8694 8311 8362 8475 7664 7956 7934 7241 7795 7834 8228 7755 8022 8275 7989 7812 8242 7922 8382 7909 8157 8522 8170 8201 8038 8509 8225 7687 7971 8181 8639 8132 8218 7991 8112 8365 8022 7787 8402 8089 8410 8188 7109 7676 7773 8079 8150 8350 8424 8053 8407 7839 8085 8253 8380 8206 8714 8255 8423 8418 8115 8761 7499 8683 8493 8428 8391 8717 8293 7834 7965 7914 8072 8154 8081 8104 8423 8245 8159 7864 8156 8183 7744 8115 8394 8253 8273 8480 8477 7787 8000 8438 8431 8822 7830 7611 8831 8496 8713 8675 7527 8293 7947 8187 8698 8453 8234 8228 7688 8367 7931 8326 8134 8148 8660 8366 8026 8579 8149 7673 8036 8128 8218 7898 8363 8133 7857 8401 8562 7814 8453 8660 8433 8552 8071 8011 8608 8088 7737 7497 8610 8147 8081 8454 8079 8576 8016 8128 8755 8162 8303 7983 7755 8033 8068 7921 7885 8551 7942 8449 8401 7847 8016 8409 8396 8170 8023 7906 8057 7804 7538 8927 8045 7984 7909 8051 7602 8119 8185 8169 8587 8365 8466 7902 7711 8262 8504 8151 8242 7676 8068 7769 8797 8270 8315 8498 8333 8071 8508 7915 8179 8329 8549 8032 7866 8582 8282 8147 8269 8366 8171 8430 8394 8021 7955 8576 8025 8385 8665 8111 8514 7942 7981 8472 8202 8411 8508 8058 8783 7887 8043 8005 8451 7974 8092 8075 8597 8197 8650 8088 8388 8259 8241 8083 8147 7835 8057 7965 7947 8165 8413 7966 8286 8147 8427 7897 8121 8374 8627 7901 8436 7868 8097 8341 8146 8508 8378 8520 7914 7796 8516 8163 8153 8193 7668 8235 8428 7972 7847 8005 8362 8251 8020 8597 7901 8271 7716 8282 7999 7868 8252 8005 8612 8058 8164 7993 8387 8078 7830 8291 7544 8047 7888 8499 8517 
8145 7669 8187 8355 8484 8133 8136 7824 8111 7951 8077 8428 7665 8005 8513 7901 8401 7933 8352 7804 7849 8229 8193 7996 7764 8060 8155 7895 7772 8383 7935 8107 8033 8263 7488 8369 8523 8158 8257 8265 8305 8179 8013 8007 8395 7632 8242 7406 8019 8433 8960 8206 8408 8226 7953 7591 7925 8223 8342 8044 8100 8021 8031 8464 8075 8252 8056 7616 7973 7690 8497 8148 8356 7696 7489 8011 8061 8211 7521 8204 7725 8328 8258 8925 7847 8593 8737 8231 8408 8182 8518 7913 8365 7870 7948 8741 8428 8022 8360 7524 8176 7908 7134 7960 7855 8074 7838 7995 8566 7886 7599 7764 7635 7923 8185 8035 8391 7832 8362 7775 8190 7826 7849 7845 7993 8150 8104 8351 7864 8293 7940 8130 8183 8137 7496 8490 8399 7324 7734 7466 7896 8219 8042 8563 7918 7892 7773 7916 8067 8403 7891 8291 7856 7936 8378 8171 8906 7528 8087 8389 8024 8234 8269 8242 8078 7907 7900 8018 8212 7855 7825 8014 7516 7819 7685 8241 7950 7744 7885 8355 8338 8063 8198 8544 7659 7879 8652 8062 8508 7595 8050 8498 7984 8626 8329 7082 8441 7884 8058 8688 8080 8128 7991 7765 7881 8016 8081 7811 8195 8466 8197 7710 8355 7802 7651 7853 7871 8178 7702 8612 8074 8295 8295 8245 7851 8516 8602 8348 8542 7958 7847 8428 7946 7971 7506 8145 7952 7653 8303 7533 8115 7924 7854 8622 8032 7723 7914 7775 7926 8075 7829 7867 8480 8237 8393 8152 7639 8047 7954 8411 7804 7841 7877 7927 7553 7557 8919 7755 7934 7648 7741 7475 7919 8249 8239 8867 7667 8309 7926 7297 8043 8293 8119 7846 7725 7853 7862 8339 8055 8116 8265 8504 7893 8083 7421 7825 8243 8354 7746 7732 8123 8303 7654 8304 8099 8377 8596 8217 7901 7689 8462 7847 8138 8428 8222 8244 7635 7751 8020 8197 8131 8425 7902 8535 7788 8174 8102 7898 7778 8115 7890 8381 8438 8205 7835 8284 8078 8175 7913 7822 8076 8516 7711 7967 8187 8233 7895 8186 8195 8010 7757 8093 7771 8574 7386 8418 7676 7911 8148 8048 8465 8072 7808 7674 7734 8101 8091 7882 8266 7815 7708 7936 7807 7710 7780 8330 7949 7704 8296 7747 8033 7712 8179 7895 7839 8363 7641 8501 8075 8092 7950 8172 8056 7826 8105 7644 8099 7669 8131 8577 
7917 8413 8163 8235 8507 8183 7630 8064 8086 8071 8253 8531 8328 7903 8644 8454 8828 8065 8539 7907 8011 8195 8448 8569 8134 8290 8230 8265 7923 8603 7941 8505 8243 8234 7948 8434 8717 8115 8179 8092 8098 8645 8118 8333 8391 7982 8397 7471 8363 8334 8561 8270 8272 8213 8101 7584 8625 8002 8229 8475 7857 8405 8213 8292 8326 8208 8087 8118 8401 8239 8786 8596 8765 8115 8239 8361 8026 8452 7884 8596 8094 8629 8528 8814 8210 8596 8891 8367 8693 8369 8616 8057 8821 8321 8229 8756 8617 8237 8404 7620 7942 8215 7489 8301 7903 8208 7851 8091 8541 8007 8108 8634 7924 8280 8075 8281 8769 8200 8216 7772 8799 8049 7946 7966 8130 8590 8146 8299 8337 7915 8232 8145 7946 8703 7862 8728 8369 7646 7812 8272 8393 8392 8413 7977 8161 8476 8185 7866 8295 8515 8095 8730 8146 8167 8388 7941 8860 7378 8320 8408 8377 8297 9021 8457 7845 8280 8105 7963 8198 7690 8138 8611 7902 7960 7701 8047 8290 7696 8679 8827 8232 8311 8425 8317 8040 7987 8720 8211 8760 8204 8173 9178 8801 9093 8621 7223 8580 7901 8153 8780 8458 8342 8261 7553 8144 8125 8348 7936 7969 8127 8730 8090 8297 8382 7873 7825 8234 8323 7956 8578 8191 8414 8170 8550 8041 8616 8421 8341 8568 8028 8213 8670 8268 8036 8102 8850 8058 8019 8499 7906 8620 7928 8127 9028 8517 7921 8132 7583 8174 8224 8163 8230 8529 8173 8385 8337 8144 8131 8424 8570 7796 8026 8088 8038 7833 7631 8692 7829 7882 8249 8072 7720 8417 8390 8085 8469 8421 8401 8306 7519 8422 8372 8300 8337 7810 8116 8293 8502 8140 8261 8525 8341 8166 8225 7812 8191 8195 8291 8367 8119 8213 8373 8374 8151 8453 8514 8444 8286 7796 8094 8850 7882 8493 8621 8492 8569 8108 8205 8383 8077 8539 8573 8065 8685 8017 8350 7998 8731 7956 8172 8049 8440 8186 8716 7891 8497 8136 8384 8143 7858 8187 8347 7993 8591 8171 8095 8293 8499 8098 8455 8435 7551 8563 8538 7636 8445 8006 7637 8493 8169 8327 8349 8610 7981 7565 8612 8101 7947 8500 8007 8132 8366 7912 7982 8034 8311 8392 7846 8384 8119 8444 7688 8227 8122 7876 8839 7973 8422 8371 8119 8264 8261 8076 7980 8052 7669 8442 7741 8624 8416 
7463 7650 7510 7684 7810 7789 7364 7495 7671 7674 7794 7427 7380 7274 8138 7744 7880 7446 8233 7150 7763 7489 7712 7422 7325 7265 7819 7518 7352 8016 7407 7808 7707 7260 7449 7870 7943 7517 7619 7760 7450 7640 7787 7702 7813 7396 7639 7064 7398 7809 8223 7927 7859 7716 7289 6958 7774 7836 7250 7998 7387 7892 7581 7839 7520 7404 7560 7310 7377 7830 8182 7867 7687 7466 7211 7956 7561 7717 7516 7999 7618 7721 8159 7656 7496 8342 8041 8075 7780 7554 7510 7171 7857 7381 7213 8167 7863 7613 7591 7046 7171 7948 6856 7628 7428 7693 7564 7589 7843 7311 7552 7920 7070 7105 7707 7797 8144 7448 7684 7062 8181 7524 7129 7271 7716 8203 7203 7520 7607 7602 7444 7485 7458 8073 7313 7896 7643 6834 7516 7505 7232 7641 7869 7669 7837 7700 7402 7700 7673 7967 7321 7750 7513 7466 7767 7632 8415 7187 7535 7427 7768 7694 8072 7808 7326 7251 7489 7708 7698 7162 7692 7753 7376 7491 7163 7593 7491 7442 7710 7811 7691 7541 7951 7986 7236 7321 7565 7638 7899 7344 7310 8128 7809 8215 7889 7029 7894 7429 7650 8175 7744 7439 7500 7311 7819 7605 7697 7469 7362 7803 7667 7440 7902 7587 7228 7215 7611 7899 7226 7523 7648 7732 7428 7831 7275 8062 7973 7502 7765 7103 7315 7632 7453 7226 7522 7897 7508 7521 7807 7187 7780 7484 7599 8471 7345 7118 7528 7078 7194 7581 7337 7268 7761 7467 7715 7672 7257 7474 7706 7764 7187 7122 7378 7548 7255 7266 8187 7414 7297 7069 7510 7446 7048 7651 7860 8121 7681 7902 7710 7208 8030 7260 7840 7792 7219 7195 7543 7894 7551 7941 7827 7491 7485 7823 7280 7601 7234 7920 7283 7471 7831 7419 7568 7555 7656 7790 7603 7960 7444 7224 7785 7503 7506 7866 7378 7741 7450 7092 7837 8064 7832 7926 7496 8088 7571 7709 8041 7539 7741 7170 7563 8000 8172 7942 7498 7845 7704 7634 7390 7516 7450 7437 7430 7687 7525 7717 7417 7730 7453 7889 7422 7410 7479 7943 7239 7747 7395 7226 7844 7461 7813 7940 7747 7328 7134 7719 7809 7246 8036 7211 7427 7770 7135 7425 7393 7908 8024 7299 7588 7155 7794 6822 7551 8093 7464 7634 7460 8378 7677 7613 7504 7673 7422 6998 7472 6953 7359 7248 8036 8030 
7814 7956 8279 8415 8803 7861 7890 7831 7986 8033 7955 8066 8042 7919 8661 7689 8713 8205 8337 7685 7994 8152 8162 7861 7763 8019 7972 8264 7685 8336 7834 8514 8162 8000 7607 8448 8636 7997 8025 8402 7969 8181 8270 8068 8105 7828 7841 7523 7990 8639 8613 8421 8455 8047 8026 7739 8323 7895 7869 8253 7769 8094 8083 8090 7898 8304 8116 7693 7949 8285 8787 8288 8255 7872 7990 8230 7578 8168 7601 8204 8404 8245 7983 8332 7946 8808 8424 8039 8333 8262 8133 7841 8630 7872 7643 8506 8236 8164 8043 7406 7880 8136 7222 7786 7849 8081 8023 8069 8270 7664 8152 8002 7566 8170 7833 8202 8395 7476 8152 7755 8590 7723 7864 7871 8035 8239 7778 8341 8108 7893 7695 7773 7759 8578 7803 8025 8071 7160 7678 7991 8078 8225 8143 8138 7804 8169 7862 7768 8130 8517 7968 8272 7939 7814 8236 7790 8426 7490 8049 8093 8482 8017 8384 8344 7998 8214 7827 8184 8179 7798 8314 8440 7520 7787 7532 7898 8047 7730 8010 8446 7865 8124 8358 8191 7933 7656 7999 8047 8576 7896 7899 8640 8087 8522 8644 7226 8542 7729 7872 8773 8084 8238 8081 7376 8017 7931 8118 8132 8020 7979 8257 7913 8226 8142 7697 7670 7844 8448 7626 8161 8134 8378 8142 8108 7667 8346 8344 8354 8092 7832 8103 8431 8016 7982 7790 8418 8096 8060 8392 7379 8536 7933 8010 8444 7786 7586 7930 7297 7799 8199 7402 7770 8384 7842 7976 8275 7917 8002 8120 8119 7717 7974 7545 8386 7749 7600 8527 8048 8005 8019 7998 7709 7673 7868 8157 8173 8108 8233 7807 7766 8299 8315 7875 8100 7620 7748 8029 8475 7755 8230 8359 8298 8104 8136 7661 7842 8159 8301 7733 8097 8141 8098 8070 8281 8146 8588 8070 8320 7874 7930 8336 7698 7874 8478 8117 8462 7861 7954 8302 8264 8133 8232 8080 8579 7645 8237 8237 8444 7875 7816 7913 8474 8247 8345 7832 8360 8142 8333 8078 8070 7777 8077 7760 8219 7919 7887 7923 8262 7917 8366 8034 7809 8254 8611 7645 8342 7873 7551 8138 8006 8453 8044 8291 7866 8005 8122 7980 7915 8319 7677 7940 8050 7535 7744 7789 8190 8007 7579 8083 8108 8228 7706 7981 7967 7816 7756 7556 8684 8116 8145 7755 8080 8059 7851 8274 7282 7973 7899 8240 8354 
8142 7891 8251 8338 8787 8189 7924 8063 8145 7851 8314 8405 7899 7787 8729 7885 8660 7860 8614 7961 7788 8233 8381 8045 7965 7945 8442 8178 8070 8986 8051 8320 8257 8123 7545 8442 8429 8289 8215 8343 8346 8099 8329 8254 8481 7800 8464 7792 8269 8111 8668 8736 8406 8264 8228 8067 8358 7964 8305 8374 8212 8305 8230 8278 7992 8432 8171 7864 7682 8279 8391 8456 8537 7809 8131 7960 7796 8579 7648 8601 8146 8112 8412 8570 7904 8852 8603 8267 9094 8511 8441 7765 8231 8147 7925 8730 8435 8520 8431 7515 7992 8079 7321 8072 7894 7935 7815 7996 8250 8050 8092 8045 7958 8030 8133 8484 8368 7868 8559 7963 8448 8119 7338 8054 8145 8768 8240 8076 8229 7877 8116 7813 7757 8414 7745 8301 8414 7313 7558 7809 8021 8373 8357 8205 8173 8357 7863 7754 8368 8313 7913 8691 8253 8030 8485 8027 8499 7501 8689 8160 8222 8333 8519 8279 7590 8086 7655 7968 8031 7719 8240 8394 7690 8002 8096 8157 8205 8082 8064 8327 8082 8141 8242 8414 7862 7945 8301 7990 8768 7801 8222 8626 8188 8774 8761 7595 8331 7747 7974 8528 8201 8262 8000 7937 8133 7966 8115 7997 8086 8470 8430 8257 8411 7829 7789 7879 7823 8108 7543 8253 7881 8263 8076 8399 7832 8656 8556 8403 8225 8179 8123 8181 8279 7962 7649 8845 8104 8247 8515 7590 8409 8207 7794 8653 8396 7778 7957 7239 7649 8249 7777 8129 8390 8158 8451 8140 8108 8240 8328 8753 8003 8085 7635 8468 7857 7766 8637 8108 7920 7848 8239 7766 8054 8401 8066 8843 8479 8464 7959 7403 8527 8403 8248 7989 7371 8136 8214 8959 8230 8502 8582 8443 8125 8367 7987 8175 8393 8026 7871 8192 8224 7972 8172 8095 8380 8484 8447 8293 7985 7797 8772 8260 8197 8282 8135 8410 7907 8157 8362 8250 8380 8519 8246 8623 7806 8262 8000 7993 7803 8189 7900 8430 8406 8529 7820 8064 8097 8311 7841 8319 7992 8119 7523 7866 8204 8153 8055 8382 7743 8300 7656 7787 8458 8715 7744 8457 8134 8357 8670 7957 8511 8118 8250 7896 8187 7976 8198 7993 8333 7808 7998 8331 7521 7622 7967 8475 8149 7714 8233 8054 8195 7681 8001 8036 7913 8392 7877 8500 8226 8263 8148 8440 8218 8197 7890 7735 8292 7699 8607 8400 
8046 8083 8036 8418 8549 8013 7831 7951 8063 8079 8369 8728 7887 7651 8859 7935 8634 8097 8491 7603 8219 8243 8374 8132 7941 7824 8325 8329 7994 8853 7883 8507 8365 8050 8064 8447 8653 8334 8263 8581 8382 8345 8154 8321 8197 7748 8116 7464 7953 8276 8680 8358 8104 8116 8142 7738 8107 8302 8343 8205 7987 8800 8433 8466 7957 8003 8108 8058 8229 7928 8525 8235 8536 8054 8063 8235 7728 8652 7633 8517 8524 8409 8402 8591 7863 8629 8918 7966 8665 8134 8559 8086 8079 7903 7757 8669 8596 8317 8146 7778 8140 8530 7365 7779 7871 7904 7617 8034 8558 8006 7598 8034 8041 7861 8243 8053 8526 7959 8368 7778 8481 7891 7416 7770 8134 8507 8089 8189 8041 8155 7949 8025 8363 8414 8014 8175 8547 7576 7849 7970 8076 8012 8566 8183 8255 8493 7965 7899 8181 8433 7972 8501 8208 7842 8250 8082 8696 7200 8553 8171 8280 8307 8707 8415 8004 7822 7871 7839 8011 7801 8168 8773 7418 7881 7830 8204 8210 8041 8465 8791 8082 8112 8192 8590 7812 7814 8251 8094 8723 8035 8136 8848 8384 8728 8600 7487 8324 7904 8340 8399 8306 8363 8202 7652 8186 8353 8082 7738 8456 8359 8394 8218 8189 8145 7742 7655 8147 8710 7964 8186 8073 8367 7869 8391 8017 8633 8668 8299 8309 8015 7912 8618 8199 7865 8002 8826 8299 8204 8538 7793 8696 7979 7887 8599 8270 7627 8094 7439 8191 8307 7718 8018 8367 7957 8395 8288 8118 8166 8481 8696 8011 8382 7698 8407 8131 7782 8504 8110 8036 8014 7956 7206 8198 8172 7857 8271 8065 8276 8022 7829 8389 8146 8243 8280 7739 8145 7895 8535 8304 8325 8581 8082 7937 8689 8010 8273 8209 8694 8107 7891 8557 8129 8362 8149 8379 8380 8559 8492 8235 7661 8773 7856 8400 8483 8670 8588 8022 7985 8421 8230 8547 8541 8241 8428 7501 8098 8068 8193 8050 7995 8337 8733 8282 8171 8083 8724 8449 8355 7834 8232 7862 8230 7862 8196 8146 8220 7997 8400 7952 8337 7929 7737 7883 9049 7561 8533 8140 7985 8269 8150 8356 8235 8513 8310 7909 8579 8313 7736 8432 7837 8099 8138 7492 7636 7567 8408 8514 7966 8315 7805 8110 7591 8226 8201 7854 8242 7670 8638 8306 7947 8135 8203 8054 8043 8266 7819 7924 8019 8362 8569 
8154 8404 7838 8018 8684 8179 8085 7785 7847 7902 8457 8424 7944 7966 8698 7935 8473 8023 8668 7991 8206 8172 8372 8201 7978 8163 8545 8250 8136 8533 8028 8387 8344 8293 7886 8526 8646 8107 8405 8450 8352 8087 8143 8108 8403 7853 8101 7661 7961 8252 8722 8817 8213 8191 8457 7582 8218 8339 8177 8406 7854 7863 8511 8267 8009 8317 8192 8016 8212 7911 8465 8609 8045 7858 8054 8310 8011 8220 8112 8456 8213 8272 8422 8890 8209 8981 8551 8607 8753 8458 8554 7961 8326 8419 8303 8528 8525 7818 8478 7519 8100 8339 7476 7970 8118 8106 7743 7885 8421 7930 8168 8297 8068 8084 8062 8246 8631 7751 8483 7971 8898 8055 7810 8147 8013 8103 8115 8264 8140 8095 8005 7771 7952 8532 7924 8307 8390 7488 7887 8096 8051 8198 8380 8044 8012 8241 7595 8036 8385 8522 7750 8562 8046 8355 8523 7665 8811 7700 8296 8290 8485 8586 8715 8119 7835 8027 7667 8296 8204 7867 7986 8433 7811 8014 7882 8302 7891 7801 8466 8305 7998 7983 8555 8459 8193 7748 8434 8295 8691 7809 8162 8913 8107 8836 8519 7306 8752 7967 8329 8867 7818 8060 8098 7459 7915 7983 8195 7859 8051 8542 8666 8207 8636 7948 7521 7728 7918 7942 7588 8375 8021 7976 8061 7997 7459 8651 8634 8310 8549 7949 7988 8447 8025 7763 7649 8566 8373 8102 8485 8057 8475 7904 8078 8774 8546 7771 8010 7534 7696 8293 7709 8279 8214 8384 8278 8014 7977 8293 8238 8524 7930 7799 8078 8412 7561 7838 8422 7758 7971 7885 8055 7842 8102 8119 7999 8784 8516 8174 7903 7274 8283 8310 8287 8156 7894 8138 8038 8513 7984 8383 8423 8339 7881 8182 7840 8226 7971 8320 7640 7987 8227 8116 8017 8254 8211 8470 8052 8499 7835 7860 8527 7817 8281 8721 8430 8385 8190 8163 7982 8285 8049 8397 8023 8849 7928 8564 8278 8516 7863 8215 8111 8362 8588 8380 8205 8151 8478 8375 7997 8009 7857 8136 7762 8437 8267 8346 7820 8464 7897 7799 7890 7848 8349 8438 7710 8757 8148 7729 8487 7941 8468 8115 8512 7921 7788 8270 8089 7801 8569 7938 7896 7798 7719 7873 8160 8402 8176 7844 8418 7872 8214 7814 8108 7926 7768 8185 7847 8991 8302 7972 8166 8243 7946 7868 8064 7791 8380 7788 8584 8766 
8081 8191 8434 8341 8790 8464 8020 7996 7889 8410 8422 8405 7993 7923 9151 8160 8988 8568 8767 8268 8409 8600 8614 8462 8278 8140 8397 8377 8132 8737 8046 8453 8346 8145 8032 8530 8754 8330 8403 8286 8447 8763 8426 8997 8186 8155 8338 7601 8202 8443 9251 8719 8388 8475 8292 7727 8302 8407 8672 8837 8484 8470 8401 8314 8462 8606 8234 8167 8130 8082 8767 8642 8378 8103 8188 8544 8131 8761 7906 8831 8004 8544 8341 9105 8349 8811 9108 8324 8837 8455 8968 8045 8887 8197 8293 8764 8680 8714 8338 7972 8587 8580 7518 8293 8306 8098 8168 8539 8757 8232 8196 8350 7762 8486 8501 8696 8873 7964 8369 8021 8904 8017 8082 8222 8008 8396 8163 8487 8391 8417 8341 8149 8301 8862 8126 8551 8593 7565 7759 8100 7998 8495 8266 7917 8367 8550 8193 8060 8459 8829 7906 8927 8222 8243 8684 8144 8982 7941 8451 8797 8484 8396 9147 8504 8366 8253 8131 8462 8209 8060 8337 8442 8079 8002 7994 8218 8252 7908 8444 8612 8410 8425 8926 8591 7862 8308 8260 8307 8474 7749 8449 9001 8478 8898 8507 7694 8523 7668 8212 8996 8234 8682 8274 7956 8412 8444 8491 8241 8285 8418 8592 8168 8858 8415 8105 7913 8256 8528 8040 8366 8269 8540 8257 8672 8198 9008 8866 8611 8610 8564 8110 8711 8105 8023 8081 9288 8413 8317 8671 7710 8845 8281 8054 9075 8308 7989 8103 7408 7925 8043 8064 8387 8537 8209 8568 8522 7955 8257 8246 8341 8086 8086 7859 8156 7979 7578 8825 8031 8304 8231 8269 7975 8140 8620 8335 9014 8730 8662 8292 7969 8541 8557 8302 7950 7914 8203 8193 8819 7820 8699 8330 8245 8047 8716 7963 8224 8297 8412 8085 8240 8243 8422 8220 8445 8370 8205 8341 8460 7990 7928 8862 8352 8569 8992 8604 8350 8265 8163 8576 8301 8818 8816 8082 8718 8069 8762 8135 8457 8193 8422 8407 8545 8451 8742 8246 8565 8521 8721 7886 8198 8209 8421 7887 8024 8221 8452 8235 8526 8263 8702 8296 8004 8492 8726 7980 8411 8215 8220 8891 8426 8510 8462 8687 8086 8071 8797 8015 8328 8439 8089 8228 8410 7876 7881 8323 8163 8296 8069 8575 7913 8500 8110 8332 8286 8190 8588 8340 8741 8297 8149 8369 8380 8149 8750 8187 7846 8271 7941 8729 8592 
8130 8235 8470 8518 9106 8347 8272 8354 8301 7955 8781 8581 8459 8327 9053 8300 9028 8398 8677 7998 8518 8745 8736 8440 8450 8333 8610 8600 8203 9114 8027 8480 8721 8388 7827 8683 8835 8775 8561 8675 8459 8684 8583 8461 8439 7980 8333 7824 8712 8639 9179 8772 8482 8362 8345 8199 8479 8035 8169 8760 8148 8790 8492 8500 8610 8464 8351 8322 8317 8145 8801 8907 8375 8125 8050 8241 8261 8393 8015 8911 8093 8846 8696 8691 8362 8953 8890 8567 9015 8512 8500 8111 8486 8351 7942 9069 8518 8258 8537 8056 8150 8640 7407 8057 8028 8296 8234 8187 8599 8217 8144 8618 7969 8268 8376 8477 8735 8232 8233 7770 9076 8097 7997 8117 8427 8257 8201 8528 8333 8322 8408 8365 8019 9000 8409 8763 8282 7812 7927 8427 8239 8554 8542 8397 8375 8647 8243 8525 8436 8874 8275 8855 7911 8465 8754 8531 9104 7761 8564 8767 8799 8564 8765 8871 7995 8222 8048 8375 8621 8003 8529 8568 8255 8167 7837 8407 8501 7847 8750 8961 8451 8322 8775 9150 7900 8033 8653 8235 9154 8019 8726 8764 8628 9000 9000 7585 8591 7888 8567 9084 8510 8506 8412 7917 8612 8237 8654 8469 8168 8630 8931 8315 8677 8263 8191 8173 8170 8828 8055 8496 8383 8327 8560 9046 8039 8703 8775 8166 9136 8235 8059 8614 8442 8149 8158 8535 8413 8102 8533 8129 8848 8128 8460 9109 8484 8254 8308 7870 8066 8528 8084 8458 8758 8462 8406 8480 8312 8405 8555 8464 8117 8037 7803 8709 7692 7619 9034 8028 8231 8200 8317 7858 8187 8764 8583 8682 8479 8652 8265 7684 8529 8421 8725 8132 7755 8258 8572 8646 8533 8663 8642 8461 8364 8671 8037 8333 8402 8516 7994 8286 8491 8414 8473 8617 8479 8507 8580 8687 7989 8241 9043 8179 8419 8586 8233 8921 8059 8090 8626 8372 8800 8595 8335 9024 8302 8620 8324 8469 8052 8475 8283 8771 8586 8713 7899 8559 8680 8578 8144 7980 8007 8800 8108 8508 8305 8014 8445 8685 8345 8573 8241 8246 8570 8857 7931 8773 8222 7949 8659 8156 8710 8645 8305 8373 8102 8485 8344 8069 8462 8188 8307 8627 7977 8325 8126 8478 8343 7896 8283 8379 8522 8007 8492 8396 8489 8111 8592 9051 8630 8343 8292 8354 8699 8159 8940 7964 8361 7973 8555 8864 
7615 7832 7520 7648 8370 7558 7596 7732 8002 7689 8007 7716 7814 7736 8327 7640 8455 7563 8052 7217 7737 7673 7926 7993 7608 7463 7997 7775 7626 8381 8000 7861 7654 7700 7717 8327 8483 7879 7691 8062 8093 7846 7840 7724 8013 7628 7807 7215 7808 8179 8130 8206 7467 7965 7853 7126 8200 7718 7937 8045 7328 8211 7929 7909 7878 7870 7787 7407 7444 7774 8157 8067 7892 7415 7556 7707 7457 8130 7589 7977 7623 7671 7770 7940 7944 8372 8272 8008 8083 7843 8181 7750 8129 7402 7484 8146 7557 7642 7960 7400 7685 7663 6907 7459 7655 7844 7678 7746 7663 7428 7656 7762 7656 7695 7702 7453 8004 7636 7630 7584 8385 7519 7475 7378 7412 8085 7784 7799 7577 7783 7741 7958 7174 8208 7362 7962 7732 6903 7454 7665 7903 7774 7718 7774 7463 7837 7631 7628 7774 8126 7413 8000 7786 7482 8110 7253 8370 7264 7613 7747 8015 7667 8674 7929 7565 7510 7817 7842 7781 7499 7463 8250 7209 7619 7517 7326 7978 7445 7762 8282 7964 7622 8086 7804 7420 7605 8122 7660 7926 7551 7568 8296 7624 8451 8105 7613 8044 7408 7713 8502 7820 7877 7625 7109 7988 7506 7719 7680 7921 7837 7818 7623 7974 7808 7692 7216 7690 7747 7169 7957 7937 7669 7645 8219 7438 8134 7951 7841 8248 7785 7366 7750 7767 7573 7432 8262 8032 7987 8006 7408 7960 7485 7594 8443 7715 7379 7655 7143 7687 8238 7574 7707 7897 7666 8073 7937 7621 7576 7912 7965 7805 7435 7624 7918 7516 7374 8331 7558 7509 7469 7540 7534 7595 7718 7801 7888 7757 8236 7740 7216 8131 7879 8209 8036 7087 7536 7727 8294 7313 7952 7932 7917 7468 7896 7361 7933 7848 8069 7466 7670 7876 7791 7718 7755 7922 7668 7869 7990 7919 7646 8122 7581 7532 8048 7615 8091 7783 7392 7389 7868 7973 8548 7947 8183 7565 7932 7815 8002 7523 7686 7665 8321 7844 8022 7808 7835 7791 8211 7361 7661 7484 7590 7346 7738 7789 7608 7537 7961 7681 8092 7609 7827 7902 8294 7679 7902 7624 7425 7806 7791 8181 7961 8269 7585 7401 7899 7579 7885 8021 7522 7747 7950 7004 7299 7768 7795 7864 7326 7904 7715 8057 7397 7378 7869 7561 8108 7530 8521 7531 7584 7527 7907 7934 7782 7434 7207 7406 7258 8370 8045 
7530 7656 7840 7520 8514 7477 7595 7514 7354 7364 7987 7889 7834 7580 8490 7757 8186 7937 8094 7625 7954 8066 7997 8001 7765 7621 7759 7948 7474 8175 7567 7730 7575 7693 7601 7810 8177 7861 7903 7984 7556 7602 7717 7853 7914 7332 7749 7235 7760 8250 8389 7818 7872 7811 7771 7483 8411 7671 7824 7958 7518 7861 7734 7916 8095 7990 7732 7439 7493 7653 8152 8232 7683 7665 7587 7976 7432 8145 7271 8016 7525 7792 7806 8289 7613 8236 8621 8068 8289 7941 8220 7440 7987 7987 7624 8156 8051 7744 7837 7511 7560 7561 6962 7702 7726 7765 7571 8150 8263 7590 7845 7869 7547 7457 7333 7665 7972 7754 8390 7622 8543 7669 7223 7579 7677 8322 7718 7847 7838 7816 7725 7665 7714 8173 7419 7873 7843 7109 7539 7628 7875 7968 7915 7894 7740 7967 7671 7693 7844 8155 7676 8141 7886 7525 8092 7746 8597 7273 8009 8029 8154 8302 8239 8160 7608 7719 7582 7800 8161 7699 8044 8111 7468 7468 7453 7829 8031 7401 7840 7720 8249 7868 7896 7895 7545 7559 8121 7590 8491 7683 7758 8555 8061 8397 8383 7165 8354 7415 7768 8518 8128 7664 7733 7152 7931 7747 7820 7592 8192 8193 8182 7526 7897 7427 7245 7557 7487 8146 7676 7944 7973 8138 7734 8367 7525 8002 8270 7825 7913 7774 7619 7764 7409 7656 7448 8092 8136 7731 8163 7249 8055 7364 7780 8110 7584 7493 7488 7296 7813 7832 7907 7711 8056 7906 7954 7783 7581 8036 7884 7968 7567 7661 7465 7840 7280 7267 8260 7670 7941 7679 7598 7221 7631 7853 7705 8392 8142 7863 7537 7333 8118 8050 7931 7618 7633 7798 7671 8348 7571 8058 7993 7852 7898 7967 7598 7634 7958 7934 7514 7866 8241 7784 7767 7710 7884 8030 8074 7969 7663 7812 8437 7523 7900 8024 7801 8222 7620 7856 7857 7563 8299 8357 7688 8129 7647 7901 7881 8022 7659 7596 7652 8181 7952 7992 7533 8203 8013 8434 7494 7625 7755 7676 7526 7827 7592 7639 7503 8181 7557 7779 7763 7760 7965 8662 7302 8022 7660 7706 8191 7238 8134 8064 7781 7594 7638 7911 7741 7653 7886 7421 7596 8064 7508 7474 7483 8289 7792 7260 7875 7772 7965 7422 7996 7876 7458 8088 7402 8199 7697 7748 7576 7888 7864 7806 7879 7502 7825 7371 8110 7793 
8327 8121 8435 8389 9017 8411 8034 7815 8422 8279 8826 8914 8396 8177 8926 7936 8852 8150 8897 7925 8202 8315 8378 8185 8198 8044 8766 8073 8054 8810 8130 8350 8370 8522 8075 8705 8886 8283 8361 8787 8432 8623 8025 8474 8480 8004 8317 7973 8383 8429 9164 8634 8431 8287 8524 8033 7998 8263 8421 8476 8038 8681 8740 8558 8251 8547 8432 7970 7956 8423 8347 8421 8541 8217 7901 8374 8139 8563 7675 8571 8063 8162 8537 8600 8030 8972 8999 8354 8909 8361 8477 7822 8696 8204 8479 8911 8389 8365 8404 8192 7805 8268 7516 8410 8303 8227 8239 8197 8557 8253 8335 8514 8100 8229 8304 8793 8505 8015 8224 8024 8571 8343 7764 8274 8368 8707 8368 7982 8161 8289 8508 8146 8133 8460 7972 8518 8422 7692 7862 8010 8259 8419 8654 8341 8060 8497 8017 8097 8324 8388 7982 8716 8602 8361 8361 8184 8982 7856 8488 8324 8613 8354 8481 8317 8273 7943 7899 8317 8386 7819 8449 8430 8086 8053 8063 8314 8144 7884 8481 8543 8305 8162 8702 8729 8336 8175 8346 8530 8820 8215 8231 9036 8399 8968 8580 7911 8715 7773 7967 8965 8602 8300 8612 8132 8341 8629 8327 7954 8157 8992 8498 8339 8791 7850 7920 8340 8087 8206 8228 8521 8612 8497 8149 8672 7874 8711 8976 8467 8230 8131 7777 8733 8216 8077 8335 8393 8365 8251 8130 7922 8772 8230 7992 8913 8409 7756 8417 7812 7997 8478 7768 8059 8550 8035 8418 8499 8175 8250 8399 8730 8211 8148 8122 8278 8176 7702 9153 8186 7984 7935 8227 7922 8396 8179 8065 8967 8635 8346 8196 7458 8354 8113 8231 8347 7747 8046 8210 8631 8044 8344 8710 8240 8081 8263 8147 8337 8100 8400 7937 8381 8618 8401 8060 8493 8772 8360 8415 8430 8365 7992 8600 8297 8494 8620 8008 8734 8055 8193 8334 8525 8753 8638 8416 8886 8273 8302 8260 7987 7835 8268 8163 8817 8477 8333 8342 8370 8390 8620 8003 8170 8119 8683 7777 7898 8185 8302 7630 8608 8311 8526 7960 8028 8129 9014 8035 8703 8093 8058 8247 8028 8360 8669 8313 8268 8095 8366 8790 8236 8423 8125 8501 8465 7567 7905 7917 8709 8575 8146 8671 8100 8130 7550 8647 8715 8024 8522 8529 9019 8101 8107 8183 8225 8295 8253 8268 7872 8162 8125 8763 8469 
8112 8030 8122 8067 8812 8044 7814 7801 8525 8032 8455 8304 8279 8013 8638 7902 8733 7682 8641 7531 8179 8118 8600 7959 7888 8036 8380 7910 8186 8534 8107 8329 8111 8284 7843 8508 8452 8494 8131 8316 8293 8344 8013 7927 8035 8141 8219 7876 8268 7987 8884 8321 8316 8154 8075 8021 8192 8206 8285 8216 8075 8255 8371 8672 7954 8027 8536 7949 7880 7993 8278 8499 8605 7963 7900 8202 8132 8355 7773 8771 7987 8219 8310 8145 7999 8498 8660 8309 8412 8228 8563 7823 8020 7767 7937 8699 8488 8087 8319 7727 7891 8520 7269 8097 8052 8185 8013 7623 8498 7798 7880 8152 8015 8497 8320 8339 8583 7808 8170 7603 8327 8133 8047 8229 8056 8500 7983 8049 8058 7749 7991 8004 7933 8453 7859 8374 8651 7431 7765 8198 7875 8150 7991 8039 8079 8268 7761 7924 8172 8345 7743 8345 8295 8082 8396 8165 8450 7330 8376 8251 8317 8338 8357 8352 7819 7651 7908 8422 8150 7887 8195 8664 7833 7960 7683 8447 8058 7586 8485 8442 8225 8062 8352 8215 8161 7704 8623 8070 8823 8071 8053 9083 7935 8653 8416 7495 8391 7844 8020 8944 8155 8200 8261 7401 8194 8246 8244 7911 7856 8529 8578 7749 8510 7608 8035 7852 8119 7920 7827 8498 8151 8154 8057 8555 8102 8264 8794 8075 8544 7937 7418 8409 8100 7981 8003 8657 8235 8366 8333 7701 8321 7886 7930 8853 8280 7283 8103 7504 7695 8213 8006 7760 8262 8063 8521 8222 7969 8034 8145 8514 7903 7974 7768 8248 7657 7708 8692 7896 8054 7843 7886 7740 7905 8030 8026 8475 8064 8199 8452 7466 8501 8011 8296 8134 7599 8036 8261 8585 7891 8246 8356 8419 8201 8146 7784 8143 8324 8705 8004 7855 8243 8221 7863 7957 8049 8152 8397 8211 8334 8035 8542 7871 8173 8406 8074 8630 8324 7835 8531 8091 8290 8382 8199 8805 7746 8276 7858 8195 8033 8224 8079 8707 8268 8295 8046 8807 7940 8374 7987 8280 7850 8027 7604 8199 8172 8315 7843 8480 8049 8612 7751 7968 8271 8867 7948 8171 8259 7845 8241 8055 8639 8144 8431 7835 7867 8100 7812 8012 8590 7786 8198 8281 7923 8098 8101 8248 8345 8095 8486 8152 8161 7712 8090 8291 7827 8396 7886 8964 7981 8243 8185 8255 8383 8120 8081 8230 8156 7722 8649 8238 
8026 7899 7999 8187 8423 7817 7696 7565 8045 7784 8215 8370 7798 7403 8314 7863 8277 8124 8128 7576 7936 8120 8059 7945 7800 8050 8226 7694 8024 8422 7669 7843 8003 8120 7795 8133 8555 7717 8339 8039 8185 8084 7663 7976 7844 7701 7872 7752 7871 8200 8678 8629 8158 8110 8021 7628 7767 8017 7993 7879 7712 8091 8214 8148 7843 7720 8059 7560 8070 7777 8272 8278 8062 7732 7616 7769 7754 8266 7305 8123 7718 8096 7880 8510 7702 8477 8499 8001 8321 8044 7929 7537 8120 7811 7538 8498 8348 7965 7916 7237 7893 8165 7121 8014 7881 7927 7730 7744 8249 7836 7684 8009 7640 7810 7614 8280 8056 7406 8177 7783 8424 7687 7696 7869 8028 8110 8049 7948 7885 7872 7959 7761 7548 8376 7811 8148 8006 7165 7518 7747 7885 7789 7992 8025 7957 8067 7350 8090 7802 8158 7598 8015 7940 7819 8267 7889 8382 7624 7984 7923 8085 7950 8176 8125 7783 7837 7731 7963 8249 7448 8117 8195 7260 7508 7392 7781 7990 7934 8068 8091 8306 7871 8521 8231 7283 7739 8252 7800 8225 7479 8005 8767 7945 8370 8282 7257 8222 7577 7686 8406 8286 7959 7927 7168 8013 7993 7809 7832 7847 8083 7955 8116 8363 7487 7667 7241 7906 8105 7489 7958 8136 7800 7749 8298 7588 8423 8422 8417 8133 8037 7679 8163 8240 7783 7309 8172 8116 7833 8103 7438 8043 7992 7563 8430 7782 7394 7861 7708 7745 7907 7519 7730 8093 7983 7878 7902 7647 8031 8154 8224 7659 7702 7579 8219 7997 7198 8324 7700 8074 7451 7742 7565 7943 7715 7620 8275 8066 8238 8200 7165 8562 8208 8245 8038 7450 7659 7985 8077 7791 7884 8242 8439 7492 8422 7687 8113 7989 8042 7925 7535 8056 7996 7836 7927 8121 8336 8053 8044 7733 7632 8536 7622 7955 8382 8255 8454 7468 7877 8007 8223 7909 7969 8071 8312 7665 8075 7953 8059 7771 7579 8152 8234 8427 8144 7858 8155 7950 8289 7959 7856 7940 7869 7536 7813 7643 7762 7678 8140 8066 7997 7711 7435 7797 8548 7355 8264 7692 7857 7996 7790 8273 8047 8280 7552 8014 7918 7810 7679 8314 7839 7838 8082 7435 7561 7507 8208 8027 7626 7988 7541 8050 7459 7894 8086 7768 7840 7666 8570 7797 7536 7796 8153 7905 7704 7977 7555 7819 7434 8457 8125 
8037 7882 8098 8458 8856 7987 7975 7952 8374 7994 8338 7986 8069 8243 8582 8053 8502 8010 8594 7799 7938 8237 8277 8402 7791 8262 8526 8087 7827 8884 7944 8411 8069 8414 8150 8250 8394 8252 8146 8108 8228 8266 8388 8371 8403 8040 8346 7962 8463 8788 8728 8264 8224 8321 8366 7629 7987 8356 8224 8496 7945 8309 8243 8562 8459 8095 8359 7942 7710 8143 8208 8685 8084 7670 7777 8121 8120 8451 7850 8501 8117 8267 8431 8723 8237 8750 8799 8230 8684 8069 8453 7961 8298 8296 7976 8669 8512 8111 8556 7611 7848 8496 7166 8041 7720 7750 8079 8222 8029 7821 7811 8379 7830 7923 8001 8509 8732 8023 8204 7998 8455 7959 7755 7968 8235 8155 7957 8162 8075 7941 8182 8204 8031 8323 8051 8338 8494 7293 7854 7940 8164 8392 8287 8262 8050 8394 7984 7744 8204 8170 7734 8689 7824 8310 8521 8039 8737 7449 8285 8259 8182 8287 8325 8378 7998 8115 7821 8214 8244 8012 8203 8373 7563 7876 7811 8317 8171 7910 8355 8646 8146 8211 8491 8844 7868 7705 8521 8039 8994 7777 7980 8814 8164 8775 8688 7447 8049 7774 8312 8763 8579 8274 8166 7573 8221 8067 8124 7696 8416 8260 8740 8060 8503 8257 7765 7928 8153 8478 7809 8555 8155 7896 8278 8670 8013 8467 8332 8176 8430 8022 8199 8356 8175 7725 7692 8354 8090 7932 8277 7818 8321 7775 8221 8865 8115 7486 8289 7477 8218 8337 7651 7905 8499 8191 8010 8282 8091 7782 8389 8553 8031 7696 8065 8354 7739 7799 8803 8125 7851 7777 8146 7513 8006 8295 7785 8714 8101 8049 8217 7243 8299 8032 8211 8365 7316 7827 8025 8531 8054 8317 8600 8436 8009 8205 7706 7994 8004 8325 7915 8145 8313 8266 8295 8236 8266 8337 8159 8435 8170 8116 8656 7707 8319 8275 8156 8653 8047 8107 8280 7988 7920 8453 8322 8655 7697 8089 8434 8281 7825 8193 8138 8456 8387 8708 8069 8671 8190 8063 7993 7908 8035 8214 7913 8410 8386 8456 7915 8590 7803 7991 7880 7779 8303 8780 7987 8547 7986 8155 8058 7949 8379 8349 8466 7844 7758 8547 8135 7924 8354 8008 8192 8238 7749 7827 7946 8427 8260 7850 8334 8129 8185 8008 8144 7917 8107 8210 8190 9136 8259 8135 8262 8408 8095 7973 8194 8110 8137 7931 8582 8638 
7638 8020 7800 7835 8421 8024 7544 7784 7629 7690 8017 8074 7832 7698 8283 7787 8354 7746 8357 7497 7768 7734 8019 7468 7728 7565 7893 7676 7659 8263 7941 8047 7853 7770 7576 8271 8445 8015 7837 8095 7780 7918 7913 8066 7755 7736 7996 7218 7765 8198 8492 8288 7874 8194 7914 7611 7942 7694 7652 8240 7733 8245 8273 7871 8031 7697 8155 7543 7561 8023 8231 7959 8291 7532 7927 7783 7372 8237 7471 8315 8299 7858 7928 8315 7804 8294 8410 7644 8392 8102 8270 7682 8020 7787 7706 8525 7783 8135 7947 7533 7294 8076 6918 7870 7524 8001 7602 7637 8047 7689 7731 7777 7765 7960 8116 8178 8352 7664 7906 7864 8663 7775 7534 7664 8165 8284 7704 7907 7965 7597 7628 7833 7566 8385 7704 8171 7923 6991 7596 8016 7908 7893 7943 8138 7618 8116 7681 7731 7909 8387 7133 8056 7983 7734 7957 7654 8262 7410 8056 7908 7976 7953 8491 7935 7233 7621 8052 7890 8013 7610 7999 8609 7793 7654 7496 7703 8042 7387 8347 8237 7729 7737 8177 7905 7729 7616 8124 7864 8407 7662 7656 8593 7986 8335 8543 7224 7923 7379 7971 8350 7982 8305 7837 7314 8026 7751 8260 7846 7945 8056 8275 7715 7861 7802 7482 7397 7643 7849 7438 8058 7725 7888 8032 8304 7647 8125 8478 8078 7797 7877 8034 8172 7987 7677 7565 8429 7842 7713 8235 7625 8347 7714 7784 8383 7862 7539 7892 7337 7601 7859 7653 7705 8188 7980 8068 8255 7778 7617 8010 8308 7684 7713 7619 8203 7342 7497 8513 7568 7621 7663 7769 7116 7745 7967 7458 8277 7964 7950 7702 7248 8023 7647 7835 7868 7272 7630 7738 7989 7972 7875 8160 8125 7673 7981 7542 8100 7988 8208 7552 7924 8210 7812 7881 7748 7966 7940 7821 7878 7972 7991 8102 7750 7832 8240 7430 8424 7876 7570 7956 7934 8263 7972 7861 8427 7615 8023 7880 8173 8157 7653 7840 8218 8061 8118 7736 8063 7943 8147 7570 7821 7670 8071 7654 8194 7941 7553 7485 8026 7533 8145 7592 7491 8205 8269 7714 8410 7793 7762 8311 8090 8038 7926 8324 7768 7407 8015 7852 7849 8107 7375 8116 7806 7623 7292 7889 8168 8191 7514 8033 7709 8157 7316 7806 7421 8016 7828 7757 8529 7855 7876 7858 7789 8152 7824 7729 7532 7719 7638 7984 7629 
8110 8143 8263 8379 8878 8333 7902 8087 8114 7830 8354 8037 8181 8102 8758 7986 8952 7994 8451 7871 8062 8349 8468 8344 8147 7893 8500 8211 7842 8899 8095 8321 7740 8173 7767 8462 8695 8385 8329 8601 8055 8300 8195 8312 8348 7650 8277 7925 8506 8853 8902 8478 8608 8359 7949 7862 8275 8280 7938 8503 7607 8591 8235 8407 8149 8078 8157 7626 7933 8091 8560 8713 8396 7823 8006 8230 8135 8650 8060 8405 8271 8411 8306 8620 8341 8463 8674 8200 8905 8475 8587 8049 8396 8090 7944 8601 8443 8317 8542 7424 7927 8389 7432 8323 7707 8196 8074 8184 8431 8136 8139 8493 8019 7973 8253 8148 8458 7990 8321 7750 8481 8106 8050 7830 8073 8359 8101 7926 8047 8096 8196 8126 8172 8646 7961 8264 8216 7475 8089 8105 8231 8227 8549 8200 8024 8233 8107 7918 8184 8496 7846 8701 8414 8234 8345 8206 8813 7476 8472 8324 8340 8202 8620 8539 7733 8193 8181 8176 8358 8152 8184 8804 7752 8150 7769 7957 8262 8130 8243 8358 8432 7932 8601 8229 8017 8254 8408 7939 8539 8109 8408 9001 8240 8938 8540 7492 8529 7606 8434 9011 8338 8366 8339 7560 8313 7669 8419 8219 7986 8094 8623 8003 8263 8288 7948 7774 7866 8106 7821 8379 8243 8122 8162 8737 7998 8924 8568 8438 8467 8026 8090 8413 8368 7926 7614 8944 8473 8091 8465 7523 8364 7974 7697 8736 8262 7555 8081 7717 7971 8378 7784 7919 8519 8302 8385 7976 8087 8116 8428 8506 8147 8186 7585 8317 7933 7686 8920 7839 7947 7955 8065 7749 7947 8415 8007 8522 8363 8125 8159 7132 8454 8249 8393 8061 7487 7949 8256 8744 7855 8287 8594 8378 7885 8535 7831 8053 7929 8165 7977 8196 8350 8414 8259 8102 8296 8211 8652 8260 7997 8114 8843 8185 8228 8151 8057 8734 7908 8163 8115 8097 8392 8503 8255 8724 7855 8164 8167 8398 8014 8388 7863 8682 8262 8424 8136 8537 8376 8529 7938 8179 8179 8333 8151 8100 8271 8149 7983 8387 8107 8240 7951 7905 7950 8713 8032 8574 7850 8043 8582 7932 8381 8302 8423 7795 7949 8588 8173 8080 8592 7952 8208 7953 7902 7697 7770 8325 8598 7988 8270 8133 8177 7711 8204 8148 8415 8387 7743 8719 8066 8308 8521 8312 8553 8130 8250 7986 8266 7792 8579 8527 
7681 7554 7517 7634 8387 7683 7261 7316 7648 7609 7744 8047 7394 7643 8244 7479 8243 7881 7995 7699 7729 8093 8101 7653 7731 7396 8051 7677 7436 7947 7621 7566 7609 7575 7326 7773 8221 7783 8003 7991 8160 8003 7786 7957 7652 7294 7595 7278 7719 8209 8169 8110 7752 7817 7626 7513 7681 7772 8009 7701 7475 7947 7696 7587 8117 7609 7509 7433 7468 7763 7815 7922 8036 7319 7666 7760 7205 7803 7075 7891 7621 7524 7660 8028 7423 8275 8068 7925 8233 7770 7797 7424 7920 7437 7505 8097 7425 7676 7820 7145 7713 7932 6954 7560 7491 7573 7213 7512 8217 7024 7353 7717 7341 7750 7848 7937 7947 7367 7740 7325 8080 7203 7198 7457 7720 7558 7769 7791 7483 7691 7483 7804 7279 7915 7236 7765 7955 6905 6966 7902 7770 7769 7859 7849 7499 7970 7517 7228 7877 7847 7344 8136 7318 7671 8039 7334 8372 7222 7629 7479 7915 7895 8206 7872 7259 7663 7303 7732 8017 7378 7758 7889 7164 7413 7295 7395 7531 7180 7623 7927 7568 7651 7919 7652 7173 7604 7960 7612 8212 7419 7546 8316 7767 8410 8050 7204 7811 7458 7511 8244 7705 7715 7527 7391 7863 7588 7667 7480 7405 7934 8024 7746 7603 7680 7465 7480 7704 7948 7219 8025 7699 7488 7457 7516 7664 7855 7934 7856 8016 7319 7404 8241 7818 7519 7334 8061 7902 7709 7694 6961 8116 7450 7396 8210 7704 7578 7449 7196 7473 7973 7464 7737 7911 7685 8004 7694 7233 7545 7650 7760 7802 7659 7271 7876 7458 7387 8291 7545 7306 7027 7676 7517 7669 7700 7574 8024 7778 8084 7579 6990 7795 7747 7652 7623 7352 7545 7702 7861 7478 7691 8163 8034 7312 7709 7292 7667 7736 8088 7324 7324 7542 7559 7352 7841 7956 7770 7508 8014 7485 7551 8020 7602 7771 8107 7739 8125 7498 7590 7852 7953 7905 7999 7669 8294 7474 7799 7728 7773 7263 7502 7555 8137 7964 7992 7416 7961 7922 7768 7321 7534 7356 7636 7034 7899 7819 7624 7301 8161 7371 7721 7718 7617 7783 8173 7331 8018 7587 7608 7926 7676 7772 7681 7807 7295 7445 7897 7558 7348 7554 7396 7828 7788 7179 7354 7298 7672 7412 7146 7614 7508 7453 7420 7330 7691 7733 7693 7364 8232 7646 7631 7455 7997 7904 7408 7545 7084 7304 7378 8006 7818 
7800 8133 8084 8063 8687 8229 8069 7883 8410 8087 8488 8499 8220 7797 8885 8097 8685 8139 8603 7733 7956 8044 8579 8527 7842 8390 8240 8078 8321 8751 7996 8270 8248 8121 7891 8219 8816 8456 8430 8307 8403 8645 8049 8532 8277 7578 8322 7841 8149 8573 8892 8484 8370 8338 8225 7685 8254 7940 8242 8302 8101 8668 8024 8272 8117 8447 8505 7898 8116 8089 8655 8380 8388 8058 7984 8427 7946 8294 7645 8443 7921 8444 8750 8641 7970 9128 8748 8299 8685 8333 8464 7951 8559 7989 8249 8768 8434 7962 8433 7741 7818 8252 7271 8378 8135 8141 7821 8255 8552 8064 7870 8189 7555 8212 8312 8335 8736 7868 8277 7990 8662 8071 7759 8170 8271 8959 8362 8272 8144 8217 8341 7940 7886 8516 7873 8470 8397 7567 8098 7628 8327 8163 8277 8148 7975 8444 7766 7982 8368 8349 8148 8887 8248 8246 8123 8140 9074 7491 8577 8541 8315 8089 8833 8367 8017 7971 8173 8360 8293 7750 8372 8795 7893 7873 7542 8064 8547 8024 8336 8585 8365 8381 8454 8462 7858 8080 8301 8268 8591 8233 8655 8896 8618 9068 8635 7745 8710 7732 8127 8871 8127 8330 8108 7487 8210 8055 8473 7813 8377 8126 8570 7895 8334 8132 8114 7648 8322 8168 7651 8628 8195 8185 7989 8572 7796 8464 8812 8363 8320 7998 7979 8251 8309 7977 7987 8530 8308 8035 8332 7779 8219 8191 8087 9020 8322 7828 7704 7882 8252 8134 8203 8190 8393 8073 8559 8252 8130 8340 8200 8428 8072 7957 7856 8456 8020 7454 8350 7963 7991 7731 7838 7773 7966 8149 8132 8439 8268 8320 7797 7881 8502 8350 8301 8171 7903 8103 8002 8452 7928 8254 8484 8329 7991 8348 7720 8230 8263 8087 8032 8097 8574 8029 7973 8291 8746 8092 8320 8172 7788 8156 8608 8104 8543 8595 8246 8356 8105 7660 8200 8195 8444 8314 8302 8820 7930 8252 7914 8462 8048 8318 7958 8467 8431 8391 7917 8479 8601 8552 8192 7991 8122 8401 7897 8079 7826 8107 8073 8575 8079 8249 7926 7886 8141 8446 8160 8575 7770 8080 8226 8510 8276 8375 8536 8172 7760 8528 8322 8177 8527 7805 7719 8231 8008 7809 7991 8490 8337 7714 8386 7843 8413 7871 8160 8355 7865 8558 8026 8711 8245 7940 8488 8319 8205 8011 8602 7634 8198 7748 8279 8135 
8094 8158 8106 8489 8699 8036 8032 8004 8316 8216 8284 8463 8295 8094 8982 8122 8774 8386 8328 7766 8794 8261 8470 8000 7983 8275 8241 8198 7997 8628 8130 8491 8305 8027 8073 8853 8849 8062 8262 8339 8118 8421 8431 8407 8374 7903 8117 7606 8079 8357 8950 8692 8537 8408 8431 7780 8349 8128 8173 8563 8100 8705 8348 8560 7999 8288 8237 8089 8315 7959 8506 8694 8453 8205 7940 8481 7919 8548 7993 8412 8295 8443 8230 8744 8160 8911 8770 8357 8784 8444 8415 8052 8833 8209 8093 9053 8426 8483 8300 7780 8224 8555 7499 8375 7895 8072 7997 8159 8509 8128 7959 8334 8046 8575 8237 8456 8809 8155 8367 7927 8662 7884 7677 8321 8387 8409 8071 8373 8127 8071 8300 7861 7853 8873 8232 8824 8507 7334 7847 7936 8238 8508 8568 8427 8113 8544 7809 8026 8128 8508 8087 8634 8413 8116 8576 8336 9140 7604 8279 8424 8303 8321 8775 8662 8085 7975 7994 8343 8107 7630 8242 8381 7901 7974 7948 8118 8255 8354 8496 8459 8119 8197 8515 8648 7989 7960 8476 8278 8785 8028 8061 9178 8294 8844 8540 7633 8708 7488 8090 8721 8200 8464 8478 7661 8265 8373 8147 8414 8104 8155 8379 8085 8543 7979 7688 7535 8155 8367 7912 8285 8394 8546 8369 8438 7923 8296 8500 8423 8351 7767 8176 8526 7812 7996 8153 8522 8159 8169 8168 7631 8746 8013 8369 8830 8297 7554 7809 7838 8609 8256 7904 7987 8239 8063 8421 8415 8022 8122 8269 8433 7755 8014 7889 8163 7754 7408 8739 7978 8267 8055 8172 7628 8141 8241 8140 8546 8706 8348 8066 7743 8239 8452 8212 7796 7906 7746 8169 8520 7930 8402 8696 8528 8258 8367 7941 8148 8081 8080 8015 7935 8288 8051 8120 8350 8727 8578 8380 8101 8134 7965 9015 8228 8188 8850 8256 8715 8179 7881 8330 8363 8431 8636 8075 8529 8140 8674 8263 8450 7918 7660 8017 8486 8328 8368 7835 8527 8271 8491 8126 7849 8445 8382 7812 8148 8250 8317 7737 8722 8214 8360 8446 7912 7972 8919 7751 8632 8018 8041 8040 8019 8382 8223 8478 8194 7896 8434 8227 7782 8760 7957 7937 8357 7827 7849 8023 8394 8231 8103 8305 7936 8328 7859 8519 8405 8064 8306 7996 8773 8488 8331 7897 8593 8269 8017 8283 8130 8120 7953 8383 8811 
7828 7987 7815 8206 8627 7897 7916 7802 7929 7846 8208 8279 7691 7559 8724 7807 8274 8118 8428 7698 7866 8298 8309 7949 7807 7765 7958 7934 8080 8569 8010 8076 8178 7803 7897 8217 8131 8455 8208 8256 8260 8193 8369 8647 8225 7890 8184 7494 7631 8417 8774 8560 8148 8079 8013 7760 8077 8150 7926 8227 7732 8043 8009 8335 7886 8172 8303 7713 7972 7947 8287 8308 8186 8122 7988 8224 7855 8458 7896 8445 8002 8280 8254 8596 7833 8428 8482 8143 8640 8124 8258 7898 8182 7745 7687 8609 8372 8294 7921 7953 7880 7920 7293 7981 8010 8015 7697 7633 8341 7748 8114 8247 7713 7928 8067 8203 8494 7804 8296 7541 8414 7642 7743 7971 7870 8539 7911 8075 8153 8221 7901 7872 7799 8414 7887 8408 8067 7155 7915 7568 8009 8152 7998 7982 8108 8461 7887 7794 8691 8252 7766 8636 7549 8154 8467 7925 8749 7665 8493 8013 8023 8300 8287 8277 8198 8099 7919 8109 8045 7395 8081 8377 7936 7841 7368 8190 8033 7725 8454 8222 7971 7790 8320 8866 8092 7787 8361 8028 8284 7988 7982 9011 8122 8788 8465 7479 8511 7433 8081 8352 7822 7910 8216 7536 8021 8188 8234 7919 8052 8255 8213 7551 8426 8124 7693 7737 7817 8123 7768 8305 8169 8248 8046 8618 7725 8235 8549 8077 8217 7939 7692 8043 7956 7954 7889 8498 7827 7962 8174 7492 8290 8168 7821 8686 8173 7475 7654 7445 7558 7928 7501 7899 8167 7889 8246 8116 7777 8255 8382 8289 7967 7453 7721 8052 7581 7758 8644 7774 7917 7566 7673 7115 7871 8311 7715 8337 8201 8339 7934 7381 8414 7787 7998 7688 7506 7757 7981 8178 7837 7895 8406 8126 7982 8253 7875 7942 7911 8342 7517 8259 8083 8094 8171 8059 8231 8219 8017 8271 7775 8037 8675 7799 8129 8275 8005 8397 7994 8056 7803 8050 8115 8623 8150 8406 7646 8225 8209 8161 7955 8024 7950 8470 8481 8281 7916 8270 7983 8360 7507 8179 7709 8176 7951 8080 7952 8188 7597 8303 7975 8282 7974 8150 7967 8483 7705 8226 8165 7647 8135 8008 8514 8120 8168 7719 7902 7945 8274 7858 8527 7922 7915 8115 7585 7597 8056 8444 8330 7791 8398 7824 8491 7488 8488 7656 8194 8567 8177 8542 8529 8226 8070 8256 8160 7832 8377 7801 8266 7605 8132 8464 
7521 7377 7663 7793 8040 7715 7624 7410 7973 7337 7834 8032 7239 7688 8079 7210 8725 7662 8004 7339 7817 7589 7305 7489 7359 7189 7973 7573 7778 8367 7297 8096 7854 7644 7462 7380 7927 7692 7914 8078 8050 7677 8004 8182 7664 7299 7716 7402 7931 7553 8470 8045 7615 7558 7726 7455 7725 7604 7524 7769 7456 8242 7783 7759 7753 7966 7472 7603 7428 7409 7852 7951 7775 7495 7477 7894 7313 7906 7282 8246 7908 7815 8009 7948 7558 7806 7939 7930 8221 7952 8030 7378 8096 7959 7584 8060 7706 7654 7797 7139 7248 7489 6833 7654 7277 7380 7486 7444 8128 7498 7419 8154 7364 7633 7535 7863 7924 7442 7611 7246 8071 7471 7571 7134 7804 8239 7646 7503 7951 7518 7666 7700 7402 8000 7338 7816 7676 7016 7403 7493 7767 7845 7897 7648 7430 7807 7545 7680 7822 8098 7458 8039 7760 7537 7862 7447 8395 6800 7970 7894 7944 7786 8416 7896 7266 7539 7215 7373 7240 7447 7982 8031 7529 7876 7445 7688 7708 7105 7611 7818 7734 7753 7673 7950 7409 7323 7979 7361 8119 7439 7561 8155 7966 8325 8060 7118 8113 7096 7274 8231 7523 7640 7787 7625 7397 7526 7877 7929 7612 7650 8039 7546 7857 7723 7338 7359 7662 7900 7323 8053 7556 7505 7906 7956 7428 7997 7895 7787 8049 7474 7525 8008 7710 7553 7599 8048 7659 7713 7827 7281 7857 7388 7485 8273 7837 7378 7172 7299 7296 7633 7501 7637 7897 7419 7925 7815 7626 7810 7998 8020 7596 7250 7345 7629 6996 7376 8317 7457 7240 7569 7564 7183 7395 7767 7744 8057 8170 8218 7549 7062 7506 7520 7759 7339 7167 7464 7807 8065 7651 7707 8103 7804 7477 7646 7317 7871 7784 7692 7186 7688 8000 7760 7474 7840 7823 7550 7793 7577 7961 7414 7898 7660 7640 7910 7848 8122 7432 7380 7710 7951 8137 8342 7833 7895 7413 7913 7330 7555 7303 7529 7429 7934 7442 8085 7269 7864 7328 7679 7345 7600 7192 7716 7003 7698 7532 7533 7457 8150 7574 8103 7601 7438 7511 8298 7448 7838 8084 7642 7808 7734 7775 7606 8142 7680 7314 7957 7947 7728 7810 7677 7458 7673 7075 7438 7678 7665 7865 7473 7895 7803 7857 7516 7723 7702 7811 7890 7322 8305 7923 7689 7701 7704 7957 7517 7687 7483 7955 7381 8039 7844 
8252 8524 8028 8295 9260 8592 8143 8473 8164 8121 8676 8615 8226 8430 9358 8480 8941 8466 8853 7988 8372 8465 8674 8445 8206 8278 8328 8417 8132 9005 8081 8600 8602 8357 8161 8396 9094 8341 8501 8723 8251 8263 8594 8473 8351 8008 8418 8101 8603 8587 9354 8624 8584 8363 8191 8167 8439 8511 8296 8872 8279 8917 8454 8530 8409 8580 7984 7931 8228 8422 8870 8788 8815 7999 8051 8542 8077 8983 7889 8631 8105 8683 8565 8890 8012 8991 9075 8211 8743 8528 8566 7915 8462 7928 8130 8821 8469 8498 8642 7757 7960 8592 7596 8371 8028 8286 7708 8588 8507 8286 8074 8717 8255 8494 8464 8562 8748 7903 8423 7900 8722 7940 7969 8159 8124 8522 8309 8593 8351 8162 8359 8518 8265 8932 8135 8486 8844 7336 7962 7933 8362 8598 8514 8348 7934 8739 8362 8057 8724 8503 8232 8921 8125 8361 8682 8143 9022 7859 8769 8398 8468 8344 9050 8534 8287 8250 8342 8256 8389 7787 8237 8631 8110 7859 7921 8234 8678 8137 8498 8968 7897 8284 8469 8681 8341 8282 8483 7921 8921 8168 8269 9165 8861 8899 8941 7852 8350 7501 8359 9018 8610 8843 8317 7901 8209 8100 8321 8504 8441 8391 8537 8397 8586 8198 7994 7877 8424 8205 7950 8162 8696 8559 8271 8808 8445 8796 8797 8513 8583 8173 8421 8811 8238 8256 8230 8609 8358 8172 8441 7560 8592 8289 7997 9208 8378 7907 8189 7928 8145 8482 7916 8302 8597 8147 8686 8281 8330 8320 8622 8954 8301 8441 7920 8536 7838 7967 9211 7833 8740 8151 8257 7838 8214 8586 8192 8891 8472 8449 8593 7342 8800 8333 8248 8303 8092 8364 8380 8834 8033 8619 8794 8615 8060 8558 8160 8385 8662 8291 8428 8185 8561 8544 8384 8495 8683 8416 8409 8479 8128 8315 8668 8147 8419 8547 8420 8637 8149 8359 8413 8422 8564 8758 8368 8708 8281 8569 8020 8305 8098 8386 8066 8591 8834 8530 7943 8804 8179 8613 7972 8131 8427 8361 8308 8718 8817 8418 7895 9035 7930 8521 8150 7928 8568 8823 7745 8581 8082 8097 8789 8345 8737 8324 8624 8080 7905 8626 8296 8246 8850 8069 8528 8600 8051 8215 8112 8464 8738 8203 8521 8330 8680 7973 8527 8441 7974 8493 8384 8963 8244 8480 8431 8605 8283 8623 8437 8130 8294 7807 8632 8681 
7501 7857 7557 7808 8108 7673 7328 7312 7922 7599 7972 8030 7612 7431 7981 7572 8132 7681 8261 7429 7699 7780 7880 7815 7706 7509 8320 7479 7827 8377 7460 7587 7527 7541 7434 8022 7960 7953 7810 7952 7752 7781 7980 8186 7483 7427 7614 7427 7669 7803 8075 7976 7964 7936 7979 7248 7665 7752 7711 8045 7654 7968 7864 7933 7887 7951 7861 7544 7562 7652 7648 7960 8023 7206 7437 7747 7455 8057 7708 8239 7489 8248 7754 7966 7809 7923 8122 7912 8045 7649 8109 7815 8144 7412 7474 8561 7955 7632 7958 7159 7343 7915 6920 7658 7538 7674 7372 7846 7818 7508 7557 7767 7568 7844 7800 7957 8279 7655 7607 7202 8028 7891 7160 7629 7386 8136 7377 7574 7471 7504 7700 7358 7409 7896 7260 7988 7805 6689 7760 7672 7693 7657 7784 7657 7701 8179 7339 7564 7802 7750 7323 8268 7706 7522 7897 7740 8287 7290 7679 7851 7901 7735 8308 8058 7420 7758 7536 7868 8061 7276 7758 8104 7497 7435 7325 7635 7462 7425 7622 8081 7789 7942 8129 8205 7597 7472 7773 7988 7850 7390 7709 8370 7881 8122 8049 7364 7921 7327 7702 8523 8000 7514 8050 7174 7944 7819 7918 7417 7309 7846 7736 7394 8023 7594 7478 7645 7644 7853 7366 7917 7858 7701 7923 8024 7555 7630 7831 7996 7677 7583 7385 7915 7829 7208 7467 8070 7380 7673 7874 7453 7829 7484 7692 8349 7604 7152 7638 7036 7186 8064 7607 7445 8102 7692 8051 7963 7625 7607 7885 7771 7801 7244 7435 7657 7365 7043 8186 7218 7640 7501 7691 7324 7638 8005 7629 8324 7783 7622 7637 7155 8103 7734 7459 7913 7314 7514 7478 8035 7437 7679 8043 7918 7414 7931 7619 7614 7703 7796 7409 7487 7631 7735 7863 7872 7731 7729 7623 8102 7195 7571 8361 7533 7900 7969 7716 8336 7498 7218 7549 7616 7987 8034 7938 8285 7499 8215 7779 7806 7611 7772 7604 8004 7829 7981 7462 8086 7656 7789 7312 7579 7444 7507 7162 7599 7635 7766 7164 7983 7488 7773 7498 7422 7672 8199 7507 7939 7788 7756 7856 7736 7886 7911 8162 7465 7360 8123 7862 7710 7797 7386 7932 7605 7406 7430 7506 7881 7814 7725 7786 7280 7526 7195 7785 7711 7707 7888 7690 8145 7696 7568 7844 7842 7796 7564 7505 7273 7571 7115 8014 8018 
8179 8016 8588 8033 8733 8464 7744 7923 8207 8155 8524 8653 8460 8040 9206 8318 8866 8118 8555 8022 8158 8442 8530 8160 8170 8156 8654 8208 8203 8931 8411 8578 8507 8200 7872 8700 8949 8399 8543 8371 8588 8218 8577 8667 8665 8039 8732 8039 8235 8687 8824 8652 8226 8218 8610 7765 8347 8260 8438 8737 8049 8502 8460 8892 8625 8210 8330 7947 8046 8441 8655 8520 8866 8146 8162 8668 8393 8574 7855 8641 8109 8568 8872 8855 8336 9175 8756 8211 8852 8416 8563 8176 8524 8415 8213 8821 8684 8225 8426 7858 8237 8083 7768 8289 8246 8150 8019 8161 8502 8145 8518 8400 8129 8385 8315 8303 8690 8399 8251 8075 8918 8010 8085 8384 8280 8706 8566 8402 8372 8232 8540 8350 8321 8750 7907 8786 8620 7621 8082 8246 8013 8413 8555 8435 8076 8462 8033 8126 8641 8375 7927 8638 8321 8670 8761 8146 8907 7686 8739 8524 8313 8626 8843 8215 8502 8428 8010 8443 8366 8162 8398 8656 8107 7839 7782 8193 8271 7966 8532 8694 8416 8286 8621 8872 8148 8059 8477 8257 8762 8135 8430 9055 8762 9121 8521 7535 8854 7886 8205 8905 8520 8544 8614 7927 8296 8493 8765 8145 8081 8488 8789 8173 8591 8159 8198 8044 8409 8380 7881 8652 8599 8343 8303 8778 8146 8770 8565 8302 8682 8122 7908 8967 8250 8239 8397 8603 8415 8272 8700 7838 8572 8354 8534 9248 7941 7619 8174 7965 8046 8549 8153 8314 8648 8542 8946 8396 8303 8467 8165 8551 8231 7737 8318 8370 7926 7900 8751 7965 8349 8042 8290 7935 8245 8322 8350 8666 8398 8476 8337 7481 8585 8305 8786 8448 7836 8345 8146 8966 7815 8358 8359 8506 8175 8349 7973 8449 8348 8619 7910 8037 8616 8471 8134 8597 8465 8563 8594 8513 8233 8132 8717 8200 8287 8676 8140 8731 8069 8137 8348 8443 8695 8639 7881 8705 8225 8617 8448 8556 8252 8116 8428 8477 8559 8484 8358 8894 8313 8525 8390 8093 8387 8377 7891 8176 8117 8120 8050 8640 8339 8327 8299 8018 8783 8783 8141 8342 8248 8158 8582 8399 8502 8351 8409 8049 8142 8438 8242 8160 8384 8099 8306 8228 7892 8142 8465 8449 8197 8246 8455 8352 8402 7924 8489 8435 8342 8917 7910 8971 8361 8520 8301 8305 8265 8189 8293 7800 8570 7971 8884 8731 
7127 7251 7375 7527 7499 7289 7067 7151 7344 7258 7432 7379 7230 6914 7441 7654 7860 7444 7648 6884 6706 7411 7871 7355 7424 7366 7648 6892 7235 7910 7317 7527 7220 7359 7005 7371 7784 7149 7459 7532 7075 7578 7496 7705 7482 6932 7370 6778 7529 7483 7661 7544 7313 7590 7295 6925 7494 7034 7390 7515 7176 7694 7177 7882 7135 7361 7160 7336 7299 7110 7381 7138 7466 7002 7075 7212 7188 7676 6863 7361 7157 7379 7815 7786 7312 7693 7636 7398 7686 7235 7736 7004 7630 7290 7262 7822 7429 7499 7584 6575 7171 7152 6517 7061 7070 7025 7145 7502 7453 7217 7512 7464 7031 7238 7440 7529 7596 6865 7101 6790 7905 7180 6936 7225 7224 7571 7291 7237 7117 7261 7343 7167 7228 7837 7089 7702 7476 6606 7139 6896 7051 7435 7550 7363 7423 7353 7159 7425 7409 7465 7025 7914 7400 7165 7517 7262 8001 6664 7320 7207 7690 7179 7568 7537 7115 7329 7209 7232 7614 7114 7241 7598 6892 7007 6770 7327 7357 6892 7553 7653 7210 7426 7659 7580 6924 7130 7501 7596 7711 7263 7311 7757 7343 7696 7711 6975 7270 6881 7168 8094 7620 7376 7871 6923 7118 7092 7269 7713 6947 7181 7534 6967 7406 7330 6952 6811 7185 7421 7205 7413 7449 7203 7421 7643 7193 7834 7526 7433 7448 7072 7001 7916 7113 7265 7230 7699 7591 6901 7407 6747 7596 7364 7316 7879 7377 6951 7395 6831 7351 7461 7153 7228 7469 7379 7722 7447 6988 7513 7255 7554 7192 7214 6607 7544 7215 6768 8025 6958 6949 7212 7335 6751 7299 7475 7241 7772 7646 7461 7096 6654 7275 7372 7222 7330 6672 7461 7435 7466 7250 7301 7690 7341 7223 7587 7047 7160 7225 7271 7366 7296 6978 7494 7392 7235 7445 7235 7655 7568 7346 7151 7679 6786 7397 7887 7345 7901 7076 6966 7303 7469 7406 7428 7238 7959 7156 7398 7044 7592 7424 7588 7251 7527 7355 7544 7010 7406 7258 7352 7136 7190 7110 7324 7046 6885 7265 7145 7241 7749 7401 7276 7038 7121 7115 7973 6873 7409 7400 7077 7516 7052 7209 7209 7435 7279 7155 7402 7288 7048 7688 6934 7232 7370 7024 7212 6872 7414 7419 7196 7385 7014 7184 6684 7546 7217 7269 7573 7060 7562 7356 7111 7280 7179 7435 7233 7318 6706 7430 6998 7519 7750 
8247 8093 8238 8310 8840 7940 7932 7898 8488 8197 8354 8233 8219 8211 8803 8045 8687 8501 8639 7988 8245 8310 8680 8551 8366 7922 8616 8063 7962 9041 7973 8317 8299 8147 7856 8485 8588 8210 8613 8368 8250 8243 8254 8224 8260 7803 8305 8074 7916 8681 8681 8623 8548 8302 8194 7720 8258 8469 8150 8566 8103 8656 8313 8372 8293 8760 8106 7906 7905 8165 8654 8488 8303 8035 7940 8302 7930 8359 7978 8546 8174 8672 7988 8618 8128 8938 9126 8540 8745 8307 8593 7899 8473 8399 8114 8635 8502 8349 8218 7800 8104 8448 7489 7927 7980 7922 7835 8285 8199 8135 7964 8394 7581 8149 7765 8375 8382 8159 8284 7817 8601 7761 7928 7877 8238 8285 8346 8300 8377 8184 8206 7964 8017 8301 8232 8555 8525 7403 7908 8144 8029 8485 8210 8442 8057 8595 7845 8055 8229 8634 7768 8664 7957 8240 8395 8162 8963 7805 8140 8471 8245 8161 8620 8414 8044 8030 7887 8120 8156 7846 8462 8517 7749 7888 7940 7923 8238 8142 8195 8536 8318 8227 8568 8611 7834 8018 8690 8351 8675 7957 8376 8761 8298 8847 8529 7780 8533 7956 8338 8852 8020 8494 8633 7733 8311 8306 7929 8078 8183 8612 8460 8141 8749 8151 7759 7871 7728 8224 7533 8139 7953 8106 8298 8324 7794 8449 8400 8400 8603 8053 7839 8366 8415 7878 7801 8317 7945 8316 8453 7785 8713 8052 7784 9015 8199 7888 8094 7545 8058 8361 7704 8183 8318 8064 8441 8141 7838 8290 8303 8489 7919 7764 7701 8144 7981 7886 8856 8013 7720 7886 8122 7604 8092 8328 7909 8634 8168 8321 8181 7473 8487 8191 8235 8220 8065 7784 8077 8578 8261 8027 8658 8497 8201 8411 7931 8071 8101 8042 7926 7962 8194 8313 8057 8369 8363 8195 8202 8282 7660 8085 8826 8087 8555 8494 8081 8627 7986 8245 8171 8334 8188 8599 8174 8827 8045 7877 8007 8000 7867 8180 8279 8704 8451 8485 7885 8430 8468 8620 7653 8341 8020 8149 7695 8068 8328 8414 8133 8349 8229 8375 7897 8281 7981 8874 8248 8720 7931 8163 8335 8084 8555 8335 8384 7962 7677 8166 8370 7597 8514 7866 8023 8174 7666 7938 7681 8203 8105 8035 8373 7860 8289 8155 8165 8131 8372 8218 8057 8434 8315 8014 8259 8594 8204 8151 8072 8003 8364 7785 8482 8864 
7525 7678 8128 7867 8507 8086 7887 7505 7870 7679 7875 8301 7857 7630 8630 8210 8230 8009 8539 7666 7962 8295 8269 7834 7718 7971 8205 7662 7725 8704 7851 8292 7999 8041 7799 8175 8504 8216 8092 7980 8076 8302 8125 8592 7724 7774 8254 7283 7903 8414 8361 8339 8107 8077 7873 7640 7911 7569 8024 8277 7627 8255 8131 8142 8084 8160 8150 7452 7779 7661 8420 8278 7956 7796 7683 8251 7602 8334 7379 8277 8010 8019 8145 8416 7695 8662 8529 7770 8432 8099 8224 7345 8288 7812 7734 8386 7964 8017 8318 7609 8027 7828 7313 7937 7726 7497 7716 7777 7907 8058 7777 8141 7427 7922 7885 8374 8058 7807 8212 7247 8582 7755 7453 7332 7983 8291 7746 8111 8237 8146 8031 7729 7433 8164 7625 8306 8095 7172 7491 7724 7621 8107 8046 8005 7970 8219 7785 7979 8215 8088 7772 8326 8006 7743 8016 7796 8788 7376 7989 8110 8264 7906 8507 7826 7991 7826 7865 8178 7975 7731 7960 8065 7792 7749 7409 7929 8019 7507 8146 8070 7786 8043 8441 8408 7662 7725 8019 8029 8226 8154 7718 8375 8345 8363 8329 7340 8599 7471 7831 8766 8092 8029 7712 7248 7764 7947 8292 7857 8009 8036 8510 7823 8306 7790 7690 7493 7836 8036 7614 7885 8122 7886 8054 8135 7989 8188 8256 8015 8497 8089 7821 8309 7824 7477 7438 8426 8052 7757 8153 7570 8285 7608 7934 8592 8333 7711 7857 7530 7472 8164 7809 7677 8316 7739 7948 8220 7736 7822 7903 7885 7817 7834 7416 8220 7693 7271 8581 7710 7919 7725 7862 7386 7865 7915 8063 8498 8028 8172 7603 7231 8048 7816 7733 7768 7659 7726 7804 8461 7581 7979 8338 7986 7756 7973 7464 7847 7737 8203 7498 7779 7810 7873 7777 8025 8222 8140 7700 7903 7993 7904 8196 7582 7869 8336 7988 8500 7668 7683 8111 8099 8450 8314 7901 8514 7687 7921 8127 7964 7620 8138 8075 8486 8261 7914 7720 8125 8044 7872 8001 8050 7779 8056 7975 7923 8151 8125 7680 7943 7747 8269 7473 7739 8119 8790 7336 8103 7865 7499 8379 7875 8358 8054 8264 7870 7690 8076 8119 7849 8103 7797 7701 8188 7201 7332 8001 7923 8207 7685 7853 7880 7591 7376 8045 7851 7808 8242 7685 8600 8015 7890 7573 8180 7972 7583 7918 7271 7628 7789 8404 8379 
7994 7984 7863 7928 8477 8100 7784 7276 8119 7555 8164 8275 8128 7951 8555 8014 8733 8014 8316 7447 7974 8036 8284 8035 7728 7776 8420 7967 7938 8323 7949 8271 7855 8096 7943 8388 8578 8076 8218 8358 7863 8120 7919 8331 7851 7569 7960 7671 8180 8060 8639 8250 8136 8140 7791 7913 8115 8108 8011 8096 7622 8428 8038 8164 7788 8299 8024 7811 7838 8100 8646 8040 7961 7774 7632 8146 7982 8202 7708 8268 7717 8249 8289 8362 7755 8729 8247 8399 8506 7867 8520 7706 8212 7908 7803 8239 8048 7974 7848 7863 7564 8116 7203 7892 7602 7906 7929 7940 8119 7846 7801 8102 7527 7941 7994 8151 8255 7362 8064 7593 8534 7883 7751 8010 8022 8149 7995 8244 8147 8020 7618 7795 7642 8092 7842 8367 8167 7254 7489 7693 8079 8229 7701 8044 7881 8151 7577 7961 8305 8085 7965 8450 8024 8284 8047 7826 8568 7037 7969 8140 8389 8151 8511 8058 7861 7962 7985 7902 8235 7615 7789 8143 7954 7795 7681 8126 7978 7816 8055 8135 7890 8123 8320 8635 7655 7562 7919 8168 8403 7938 7647 8711 8253 8560 8313 7412 8289 7338 7853 8480 7861 7868 8062 7596 7797 8113 8244 7835 7746 8157 8010 7948 8284 7631 7527 7542 8146 8064 7604 8330 7830 8152 8081 8112 7681 8095 8527 8150 8090 8043 7972 8279 8007 8036 7868 8175 7926 8208 8228 7450 8397 7973 7875 8647 8031 7513 7967 7522 7742 8012 7746 7900 8273 8039 8553 7972 7865 7852 8018 8514 7730 7900 7710 8257 7646 7320 8711 7633 7843 7704 7717 7477 7824 8027 8126 8294 8152 8026 7844 7219 8283 8054 7919 8081 7577 8102 8089 8502 7659 7814 8443 8317 7788 7993 7859 8089 7848 7963 7718 7934 8024 7997 7809 8033 8456 7912 8138 7938 7848 7848 8268 7638 7948 8214 8341 8266 7746 7978 8033 8067 8327 8329 7922 8402 7742 8168 7767 8137 7762 8270 7604 8487 8281 8286 7524 8076 7971 8120 8022 7714 8209 8161 7791 7879 7563 8008 7905 8381 7905 7933 7615 7985 8282 8655 7874 8125 7726 7889 8167 8092 8293 8200 8099 7989 7662 7968 8034 7821 8346 7738 8149 8306 7280 7795 7871 8007 8027 7484 8280 7565 8082 7673 7797 7719 7805 8341 7891 8555 8151 8026 7648 8271 8127 8033 7997 7798 7807 7581 8222 8262 
8000 7818 8137 7926 8279 7943 8054 7681 7992 7939 8214 8113 8228 7702 8403 7797 8769 7845 8692 7425 7786 8142 8262 7978 7691 7886 7980 7957 8078 8298 7936 8157 7952 7911 7637 8425 8368 8159 8307 8326 8204 8224 8371 8391 7902 7529 8302 7647 7807 8256 8684 8294 7836 8011 7779 7389 8141 7789 8000 8333 7884 8330 8183 8090 8351 7897 7614 7856 7838 7818 8345 8243 8299 7667 7717 7973 7600 8062 7517 8328 7994 8023 8175 8386 7601 8731 8304 8132 8384 8212 8074 7669 7970 8017 7567 8356 8379 8106 7764 7475 7742 8169 7278 7952 7706 7940 7944 7892 8442 7702 7765 8004 7816 7861 7924 8234 8463 7730 7903 7640 8582 7554 8000 7534 7931 7893 8009 8296 7583 7914 7949 8135 7725 8479 7705 8305 7824 7225 7865 8031 8208 8010 8267 8175 7491 8269 8028 7870 8166 8253 7561 8505 8132 7726 8415 7842 8861 7496 8331 8137 7694 8144 8716 8114 7677 8168 7709 8089 7852 8019 8073 8193 7581 7796 7524 7935 8144 7453 8215 8438 8021 7688 8436 8382 7653 7791 8116 7922 8481 8138 8092 8623 8089 8455 8462 7394 8089 7662 8089 8494 8345 8058 8131 7333 8149 7816 8036 8084 8153 8003 8583 7724 8108 8089 7474 7402 7909 8148 7881 7994 8020 7855 8189 8467 7989 8457 8175 7635 8222 7886 7918 8314 8155 7599 7719 8392 8273 7967 8134 7378 8066 7712 7970 8272 8159 7676 7662 7452 7626 8190 7783 7593 8357 8165 8324 7849 7922 7686 8220 8121 7973 7304 7586 7871 7857 7391 8929 7991 7632 7734 7728 7346 7971 8221 7803 8236 8052 8003 7933 7504 8014 8095 8154 7694 7372 7647 7671 8650 7987 8237 7952 8094 8140 8047 7660 7848 8010 8203 7633 7536 7961 8131 7970 8126 7964 8097 8329 8037 7779 7566 8213 7546 7988 8248 8075 8298 7848 7566 7950 8041 8603 8470 7898 8188 7687 8353 8067 8158 8012 7999 7973 8420 8231 8318 8024 8579 8145 8522 8075 7539 7778 8111 7409 7951 7983 7934 7604 8403 8053 8166 7760 7579 8194 8601 7765 8108 8153 7726 8245 7654 8156 8087 8257 7941 7588 8148 8294 7880 8142 7467 7979 7931 7653 7561 7752 7748 8188 7858 8135 7788 7887 7627 7685 7860 8075 8192 7962 8549 8105 7836 7776 7979 8037 8064 8012 7729 7939 7872 8121 8223 
7879 7837 7881 8146 8625 7989 7605 7859 7653 7671 8454 8215 8213 8058 8476 7876 8423 8266 8236 7624 8198 7987 8388 8336 7843 7785 8115 8038 7792 8477 7891 8239 7640 8003 7805 8411 8575 8104 8029 8215 8061 8455 8219 8208 8188 7776 7987 7564 7645 8432 8557 8394 8007 8045 7677 7579 8042 7975 8062 8343 7775 8331 8275 8164 8012 8084 8171 7601 7526 7962 8215 8383 7870 7717 7626 8032 8004 8463 7519 8263 8023 8380 8190 8352 7764 8603 8723 8292 8501 7896 8340 7809 8308 8095 7858 8688 8073 8038 8069 7315 7716 8131 7421 7860 7943 8213 7881 8194 8140 7875 8069 8206 7767 7682 7949 7803 8342 7747 8053 7520 8670 7743 7572 7748 7838 8049 8056 8011 7897 8115 8253 7771 8121 8378 7843 8004 8230 7531 7561 7939 8040 8425 8175 8014 7606 8149 7865 7540 8110 8422 7883 8171 7783 7898 8152 7717 8404 7449 8202 8098 8188 8436 8518 8075 7699 7797 7637 7947 8316 7577 8330 8369 7593 7701 7600 7976 8074 7822 8427 8326 8244 8260 8268 8322 7849 7733 8278 7590 8329 7786 8380 8503 8258 8420 8525 7735 7980 7506 8067 8372 8294 8056 7942 7546 8266 7865 8312 7824 8087 8241 8550 7812 8196 8179 7486 7615 7702 7659 7548 7839 7896 7837 7635 8459 7481 8629 8404 7968 8475 8088 7937 8377 7840 7716 7561 8347 8130 7778 8272 7732 7968 8109 7573 8632 8127 7863 7715 7439 7871 8159 7799 7876 8236 8057 8208 8067 7816 7918 7900 8500 7986 7689 7736 8128 7918 7565 8677 7799 7853 7777 7830 7648 7874 8171 7762 8035 8336 8343 8046 7446 8407 8069 8199 7973 7573 7583 7785 8451 7810 8115 8084 8193 7836 8182 7612 8026 8029 8443 7710 7998 7984 8080 8014 8163 8004 8312 7938 8147 7765 7971 8569 7731 7821 8352 8073 8512 7967 7844 7992 7981 8297 8283 8027 8616 7549 8248 7807 8404 7769 7946 7785 8336 8248 8178 7934 8249 8282 8321 7856 7896 7559 8203 7991 8447 8324 7830 7605 8115 7764 8125 7676 7892 8049 8358 7810 8716 7755 8090 8157 8002 8359 8228 8322 7551 7575 8263 7963 7787 8211 7714 7970 7977 7505 7635 7818 8121 8232 7555 7945 7722 8106 7982 7933 7732 8135 8061 7785 8618 7954 8010 7808 8268 7911 8032 8140 7537 7952 7921 8105 8261 
8216 8201 8056 8283 8824 8306 8213 8075 8251 8294 8422 8687 8043 8211 8701 8269 9139 8217 8644 7733 8299 8505 8324 8241 7926 7978 8643 8105 7842 8700 8507 8446 8166 8585 8006 8462 8762 8361 8396 8780 8445 8237 8264 8553 8186 7992 8384 7850 8272 8416 8776 8735 8442 8608 8305 7910 8169 8412 8179 8542 8121 8501 8476 8342 8512 8505 8280 7931 8310 8007 8507 8556 8534 8213 7701 8226 8038 8235 7892 8645 8217 8305 8575 8579 8102 8918 8821 8442 8793 8290 8685 8040 8604 7888 8381 8863 8340 8522 8331 7946 8056 8332 7640 8275 8120 8278 7961 8227 8603 7810 8037 8421 7725 8477 8210 8339 8627 7953 8279 8000 8722 8228 8217 8162 7902 8230 8358 8528 8163 8106 8058 8417 7822 8721 8065 8602 8174 7434 8051 7889 8205 8517 8475 8614 8138 8592 7768 7823 8600 8580 7982 8837 8284 8006 8668 7876 8933 7713 8863 8571 8740 8203 8917 8307 8004 8263 8252 8256 8385 8090 8064 8951 7808 7984 7871 8407 8491 7887 8084 8525 7968 8234 8461 8651 7858 8259 8525 8292 8638 8111 8231 8692 8304 8987 8550 7622 8620 7992 8308 8804 8219 8529 8508 7682 8402 7984 8092 8335 8236 8225 8546 8362 8441 8303 7940 7903 8464 8381 7691 8622 7973 8284 8440 8320 8232 8791 8726 8493 8742 8148 8038 8692 8282 7962 7881 8423 8655 8185 8702 7583 8613 8067 8167 8744 8186 7759 8364 7707 7963 8251 7914 8565 8703 8223 8682 8398 8125 8045 8146 8412 8187 7840 7939 8247 7994 7895 8844 8141 8573 8069 7992 7684 8054 8118 8460 8686 8585 8500 8207 7594 8212 8230 8585 8302 7694 8194 8208 8414 8094 8678 8530 8080 8235 8465 7701 8501 8420 8668 8024 7953 8094 8382 8233 8134 8366 8373 8377 8525 8550 8041 8903 8155 8214 8917 8220 8670 8151 8187 7986 8031 8599 8756 8451 8870 8194 8643 8180 8586 8149 8525 8049 8989 8541 8719 7988 8513 8073 8333 8098 8468 8052 8271 8096 8525 8238 8711 7963 8480 8243 8224 7848 8363 8646 9011 7972 8564 8197 8101 8525 8384 8574 8184 8494 8137 8128 8419 8080 8236 8653 8268 8468 8448 7947 7845 8080 8773 8151 8057 8658 8027 8040 7785 7982 8287 8107 8421 7825 8797 8310 8649 8310 8414 7924 8218 8343 7647 8074 7571 8435 8767 
8381 8704 8353 8664 9218 8531 7909 8247 8637 8155 8788 8932 8407 8158 9063 8506 9240 8422 9090 8291 8529 8736 8920 8224 8539 8422 8778 8912 8505 9207 8383 8841 8755 8539 8298 8659 9473 8471 9088 8793 8670 8823 8519 8991 8699 8425 8968 8132 8692 8588 9032 9110 8742 8677 8480 8284 8624 8457 8680 8785 8309 8705 8523 8745 8483 8563 8620 8562 8154 8555 9178 8743 8719 8621 8367 8974 8457 8857 8032 8871 8657 8656 8775 9154 8591 9302 9338 8467 9305 8831 8719 8501 9027 8310 8556 9310 8984 8626 8746 8167 8522 8907 8011 8775 8244 8654 8391 8184 8895 8377 8310 8982 8066 8349 8949 8668 8700 8545 8558 8082 9329 8483 8200 8409 8435 9023 8419 8818 8361 8400 8735 8415 8258 8958 8617 8655 8696 7871 8284 8549 8360 8893 8846 8499 8354 8815 8180 8446 8952 8969 8084 9095 8747 8745 8887 8539 9572 7876 8560 8753 9005 8575 9206 8748 8634 8359 8597 8640 8743 8115 8820 8709 8360 8212 8248 8354 8666 8462 8828 8835 8734 8876 8817 8923 8024 8455 8843 8446 9310 8382 8412 9393 8756 9280 9110 8079 8879 8207 8410 9390 8430 8706 8656 8161 8565 8512 8852 8750 8314 8986 8980 8600 8890 8081 8430 8514 8215 8670 7941 8893 8464 8724 8315 8988 8518 8867 9057 8642 9036 8367 8372 8966 8715 8470 8400 9258 8697 8479 8652 8051 9031 8596 8694 9292 8713 8221 8428 7785 8260 8584 8325 8333 8864 8573 8697 8501 8543 8556 8517 8583 8321 8342 7996 8659 8153 8171 9266 8194 8586 8528 8704 8062 8320 9045 8485 9105 8680 8801 8561 8108 9027 8505 8579 8378 8140 8497 8547 9006 8464 8717 8918 8627 8324 8817 8233 8679 8734 8734 8344 8271 8618 8109 8527 8565 8758 8651 8847 8614 8211 8263 9012 8396 8546 9237 8776 9031 8293 8307 8842 8661 8941 8850 8571 9135 8233 9038 8410 8720 8562 8515 8527 9103 8706 8706 8664 8926 8464 8878 8472 8590 8296 8784 8495 8859 8459 8690 8647 8738 8259 8687 8539 8004 8939 9079 8116 8714 8371 8301 8821 8278 8571 8789 8565 8306 8503 8751 8320 8205 8591 8566 8360 8729 8051 7895 8502 8896 8855 8043 8958 8491 8686 8029 8513 8759 8190 8901 8277 9204 8740 8886 8507 8268 8547 8210 8607 8002 8503 8083 9218 8970 
8281 8358 8648 8256 8827 8200 8170 8511 8571 8310 8583 8695 8635 8159 9217 8497 9130 8720 9081 8132 8324 8746 8758 8627 8323 8482 8449 8435 8091 9343 8262 8649 8449 8209 7984 8687 8802 8482 8696 8679 8451 8632 8640 8899 8514 8055 8706 8002 8514 8901 9033 8897 8690 8877 8255 8008 8463 8447 8419 8461 7874 8613 8534 8801 8629 8368 8232 8184 8306 8669 9067 8546 8721 8082 7908 8447 8206 8742 8041 8510 8424 8688 8849 8496 8434 9130 9223 8426 8971 8372 8807 7955 8923 8458 8254 9283 8436 8428 8432 7808 8130 8537 7694 8031 8411 8573 8337 8702 8687 8250 8318 8932 8370 7986 8056 8693 8670 8019 8445 8194 8902 8255 8038 8038 8441 8720 8241 8660 8377 8716 8304 8510 8380 9035 8003 8885 8367 7803 8128 8439 8337 8832 8528 8482 8456 8914 8042 8564 8627 8713 7903 8695 8280 8484 8650 8274 9133 7852 8669 8591 9049 8519 9219 8394 8321 8463 8257 8637 8485 8099 8707 8749 8099 8118 8014 8212 8334 8308 8922 8747 8764 8362 9150 8538 7819 8090 8577 8314 9134 8058 8276 9355 8839 9218 8839 8172 8737 7965 8235 9254 8651 8406 8320 8134 8421 8382 8733 8303 8232 8641 8624 8635 8750 8520 7987 8024 8002 8472 8316 8767 8515 8837 8363 8917 8434 8947 8985 8739 8420 8191 8204 8863 8360 8462 8329 8675 8425 8103 8818 8069 8991 8277 8023 9016 8296 8072 8400 7813 8378 8680 8161 8086 8874 8512 8594 8855 8033 8396 8714 8633 8277 8079 8343 8705 7816 7837 8969 8312 8395 8455 8363 8018 8422 8387 8270 8913 8612 8608 8161 7566 8574 8342 8636 8361 8186 8145 8340 8849 8228 8520 8734 8585 8355 8615 8066 8603 8248 8313 8357 8383 8532 8314 8608 8481 8618 8749 8370 8907 8080 8290 8936 8613 8658 8675 8604 8882 8293 8434 8303 8764 8717 9079 8200 9033 8208 8810 8562 8304 8051 8161 8354 8934 8712 8886 8241 8700 8519 8236 8241 8157 8276 8622 8358 8298 8476 8239 7977 8805 8106 8678 8410 8549 8350 9139 7884 8606 8615 8189 8660 8672 8817 8713 8773 8592 8216 8785 8418 8515 8592 8162 8634 8674 7539 8218 8427 8492 8676 8205 8324 8445 8671 7683 8305 8551 8131 8658 8425 8921 8607 8267 8349 8470 8736 8306 8426 7866 8414 8355 9069 8694 
7894 8143 7866 8246 8756 7708 7773 8050 8158 8092 8225 8242 8056 7765 8693 7813 8574 8082 8497 7920 7972 8115 8313 8121 8201 7908 8200 7977 7975 8826 7913 8444 7954 7957 7864 8591 8552 7879 8041 8316 8301 8286 7893 8377 8171 7730 8357 7534 8017 8297 8610 8649 8235 8112 8040 7485 8546 8059 8144 8615 8254 8205 8128 8368 8185 8345 8097 7836 8096 8185 8462 8280 8310 7730 8360 8434 7618 8136 8071 8448 7880 8503 8124 8139 7952 8733 8443 8444 8503 8487 8411 7900 8325 8078 7977 8591 8353 7981 8173 7548 7994 8235 7097 8339 8014 7955 8004 8281 7955 7787 8004 8268 7719 8207 8115 8220 8440 8170 8062 7669 8674 7809 7555 8086 8043 8189 8222 8048 8161 8061 7969 7752 7872 8421 7608 8457 8162 7542 7527 7903 7837 8019 8082 7790 8045 8159 7740 7937 8138 8209 7631 8642 7958 8049 8392 7849 8654 7749 8155 8197 8087 8181 8929 8401 7727 8006 7680 8488 8122 7880 8081 8393 7734 7606 7548 8124 7921 7755 8009 8588 8186 8010 8522 8324 7634 7757 8488 8228 8548 7579 8042 8554 8581 8665 8580 7415 8154 7640 8344 8446 8151 8060 8268 7589 8425 7845 8362 8075 8249 7958 8275 8047 8233 8417 7906 7637 7932 8177 7955 8392 8101 8343 7977 8535 8115 8389 8297 8179 8308 8078 7978 8139 8051 8049 7734 8585 8420 8054 8276 7794 8385 8205 8113 8909 8036 7896 8029 7594 8026 8137 7824 7966 8367 8040 7923 8057 7974 8483 8277 8128 7919 7769 7818 8152 7706 7499 8750 7556 7918 7585 7893 7405 8431 8078 8218 8210 8275 8683 7929 7473 8233 8021 8037 7847 7788 7959 8167 8106 7750 8226 8240 8483 8064 8473 7743 8162 8045 8229 7883 8163 8136 8113 8078 8307 8323 8157 8168 8549 8126 8369 8711 8021 8077 8494 8220 8534 7706 8000 8339 8430 8385 8404 7937 8512 7926 8477 7962 8489 8098 8058 8122 8324 8457 8322 7774 8266 8347 8302 8016 8160 7987 8204 7641 8231 7873 7632 7839 8284 8004 8195 8164 8174 8032 8504 7568 8357 7838 7844 8058 8430 8183 8134 8432 8033 7625 8290 8294 7930 8367 7579 8090 8023 7560 7797 7953 8184 8138 8049 8344 7882 8360 7445 7855 7953 8050 8253 7971 8673 8222 8396 8167 8157 8227 7898 7839 7237 7834 7607 8546 8430 
7869 7945 8356 8344 8603 8097 7859 7921 8143 7919 8214 8534 8094 8114 8681 7913 8611 8188 8285 7641 8115 8155 8225 8043 7861 7914 8280 8370 8057 8581 7927 8321 8008 8104 7819 8184 8786 8325 8313 8558 8247 8234 8233 8487 8201 7842 8447 7747 8337 8468 8843 8551 8416 8204 7875 7717 8024 8235 8332 8150 7896 8165 8201 8150 7923 8153 8285 7765 8110 8257 8447 8391 8361 7993 7613 8318 8015 8242 7691 8699 8047 8397 8334 8206 7983 8698 8810 8305 8633 7809 8749 7977 8387 8149 7988 8645 8503 8178 7914 7612 8185 8340 7272 7978 7808 7853 7702 7960 8194 7981 7601 8447 7903 8093 8333 7946 8588 7945 8028 7869 8484 8096 7593 8225 8207 8192 7821 8120 7999 7951 8056 8334 7886 8491 7846 8636 8339 7122 7599 7826 8164 8060 8159 8063 7934 8804 7965 7969 8538 8326 7795 8434 8028 8234 8088 8325 8443 7286 8239 8511 8222 7933 8835 7795 8081 8287 7895 8190 8412 7650 8209 8386 7518 7883 7598 8103 7977 7991 8180 8603 8292 7920 8625 8303 7994 7811 8704 8186 8606 7996 7911 8977 8330 8857 8638 7476 8406 7678 8066 8524 7996 8222 8266 7678 8174 7997 8186 7922 7906 8348 8627 8290 8385 7549 7766 7779 8129 8119 7554 8287 7952 8163 7934 8657 7769 8194 8681 8241 8343 7781 7805 8451 8104 7980 8319 8433 8237 7863 8198 7509 8667 8180 8163 8889 7859 7522 7969 7854 8031 8108 7925 7945 8475 8179 8510 8059 7941 8224 8324 8390 8225 7875 7789 8110 7898 7670 8445 7942 7771 7493 7548 7718 8155 8163 8095 8432 8409 8350 8210 7446 8225 8171 8286 8054 7753 7938 8137 8405 7924 7982 8437 8268 7957 8216 7750 8393 7862 8119 7876 7932 8050 8094 8437 8329 8496 8222 8117 8322 8096 7546 8477 7827 8048 8366 8283 8388 7866 7967 8067 8334 8160 8453 8132 8368 7740 8664 7730 8081 7934 8064 8088 8774 8101 7978 7952 8330 8169 8112 7932 8048 8234 8332 8049 8132 8312 8344 7862 8066 8061 8179 8034 7886 8204 8720 7742 8411 7617 8108 8195 8062 8395 8342 8006 7828 7650 8292 7956 7892 8403 8161 7906 8142 7651 7616 7891 8649 8241 7774 8289 7824 8084 7923 7987 8169 8035 8249 7805 8505 8203 8446 7746 8391 8017 8055 7930 7725 7788 7932 8212 8463 
7841 7893 7736 7485 8031 7560 7549 7620 7853 7175 7657 7854 7636 7363 8260 7567 8185 7617 8339 7498 7631 7946 7964 7861 7722 7827 8045 7696 7255 8598 7256 7671 7763 7636 7339 8165 8260 7989 7793 7804 7680 7682 7797 7911 7687 7401 7388 7140 7663 7878 8265 8138 7874 7560 7958 7121 7712 7413 7575 7861 7499 7804 7664 8126 7572 8073 7876 7524 7424 7742 8114 8086 7608 7411 7239 7773 7567 7933 7240 7939 7466 7879 8252 8158 7442 8267 8258 7557 8347 7790 8075 7282 8013 7845 7507 8466 7718 7641 7959 7273 7419 7871 6630 7709 7436 7961 7406 7934 7591 7473 7725 7744 7377 7818 7703 7971 7951 7248 7779 7423 8174 7601 7483 7554 7587 8219 7442 7476 7946 8020 7903 7426 7786 8246 7497 8011 7635 6952 7663 7566 7642 7805 7857 7872 7434 7562 7198 7669 7588 7827 7642 7823 7462 7894 8297 7750 8448 7220 8155 7850 7834 7682 8310 7935 7337 7320 7492 7812 7832 7606 7845 8147 7490 7328 7197 7655 7591 7711 7612 7977 7876 7842 8200 8068 7496 7562 7781 7620 8118 7331 7962 8606 7929 8385 8174 7007 7969 7348 7868 8388 7947 8027 8071 7197 7756 7403 7777 7411 7771 7720 7965 7593 8191 7914 7309 7539 7311 7905 7136 7794 7884 7916 7738 7958 7291 8191 8130 7866 8011 7497 7710 7976 7657 7615 7202 7903 7473 7439 7967 7089 7935 7217 7565 8135 7711 7418 7628 7131 7557 7731 7457 7656 8006 8015 7980 7744 7228 7697 7983 7685 7591 7588 7447 7923 7404 7140 8195 7341 7524 7278 7447 7227 7733 7739 7893 8323 8059 7815 7544 7017 7974 8071 8125 7674 7485 7163 7710 8067 7290 7787 7741 7854 7511 8022 7500 7818 7654 7744 7443 7526 7724 7934 7582 7907 8173 7948 7719 7900 7387 7320 8145 7484 7934 8009 7703 8066 7511 7462 7704 7539 8188 7857 7702 8180 7789 7759 7444 7707 7773 7317 7562 7892 8217 7786 7394 8023 7610 7782 7302 7421 7504 7692 7317 7650 7692 7535 7479 7959 7926 7550 7475 7614 7978 7859 7152 8003 7556 7492 7721 7853 7584 7870 7797 7603 7690 8040 7934 7898 7808 7480 7607 7563 7697 7148 7446 7751 8071 7394 7828 7831 7861 7426 7755 7623 7680 7793 7658 8089 8064 7535 7557 7753 7498 7567 7945 7447 7924 7394 7587 8055 
7947 8155 8144 8158 8867 7994 7729 8035 8178 8050 8284 8176 7974 8011 9031 7976 8746 8234 8509 7929 8361 8338 8258 8338 8076 8072 8082 7945 7815 8942 7886 8305 8137 8196 7909 8214 8689 8062 8269 8535 8214 8174 8158 8323 8060 8008 8297 7997 8269 8717 8912 8752 8493 8260 8004 7792 8449 8249 8040 8535 7885 8389 8334 8439 8074 8564 8236 8171 8050 8055 8404 8364 8545 7925 8153 8350 7922 8431 7947 8746 8112 8516 8369 8388 8260 8950 8932 8160 8807 8516 8509 7981 8645 8105 7957 9238 8507 8236 8449 7641 7737 8326 7525 8280 7939 8407 7995 8221 8369 7810 7858 8417 7703 8134 8315 8561 8573 8039 8356 7729 8628 8118 7887 7799 8213 8179 7977 8248 8191 7977 8286 8021 8019 8572 8241 8313 8200 7508 8002 7897 8368 8309 8613 7968 7865 8616 7917 8101 8136 8517 7885 8389 8072 8314 8115 8259 8819 7645 8266 8174 8537 7972 8386 8226 7886 8071 8287 8079 8270 8046 7991 8459 7901 7935 7855 8292 8374 8121 8141 8677 7918 8133 8432 8564 7912 7831 8501 7947 8892 7839 8095 8706 8348 8900 8852 7913 8782 7759 8068 9008 8160 8353 8521 7667 8209 7839 8202 8267 8211 8539 8814 8063 8608 8087 7823 8034 8036 8160 8009 8103 8416 8259 8070 8437 7827 8687 8638 8225 8422 7901 8357 8438 7886 7968 7644 8503 8187 8060 8408 7712 8337 8205 8258 8944 8290 8137 8086 7669 8076 8258 8069 8046 8399 8409 8421 8232 8195 8151 8216 8458 7913 8138 7769 8392 7756 7482 8537 7788 8110 8177 8043 7509 8354 7956 7844 8728 8481 8210 8047 7638 8312 8237 8257 8036 7753 8318 8347 8399 7865 8313 8521 8360 7935 8199 8105 8176 8249 8307 8039 8264 8083 8211 8316 8289 8260 8308 8231 8287 7844 8149 8900 7909 8580 8497 8345 8334 7702 8016 8094 8372 8433 8604 8153 8739 7967 8466 8303 7941 8152 7908 7989 8684 8371 8376 7846 8691 8442 8558 7952 8038 7845 8246 7938 8230 8270 8356 7930 8615 7849 8238 7930 7867 8390 8764 7924 8256 8117 8013 8274 7874 8806 8324 8414 7646 8229 8349 8392 8178 8311 7832 8040 8508 7618 8194 8144 8414 8450 7828 8402 7987 8023 7942 8233 8411 7831 7952 8004 8760 8258 8025 7967 8607 8164 8196 8171 7625 8027 7542 9032 8700 
8408 8480 8612 8260 8685 8392 7763 7890 8310 8275 8488 8257 8142 8285 8826 7963 8772 7932 8785 7874 8355 8528 8890 8042 8119 8236 8736 8287 8001 8554 8264 8421 8070 8180 7664 8373 8589 8365 8150 8556 8190 8404 8583 8723 8165 7932 8374 7867 8127 8807 8538 8498 8628 8385 8013 7968 8180 8328 8366 8422 7731 8773 8347 8478 8379 8203 8327 7615 8331 8498 8663 8734 8677 8018 8200 8444 8172 8557 8039 8751 8606 8694 8500 8436 8483 8654 8900 8307 8751 8328 8234 8107 8575 8089 8338 8879 8584 8217 8415 7915 7881 8612 7823 7795 8139 8144 8257 8068 8770 7851 8139 8191 7854 8364 8091 8629 8872 8219 8260 7951 8843 8084 7667 8140 8085 8441 8396 8359 8108 8243 7918 8417 8146 8579 8226 8283 8478 7600 8048 8305 8404 8204 8269 8671 8146 8456 7933 8130 8401 8387 8018 8536 8268 8246 8513 8202 9293 7673 8149 8484 8439 8469 8560 8780 8313 8374 8039 8086 8562 8181 8454 8544 7988 8079 7920 8383 8140 7996 8482 8676 8327 8437 8646 8361 8333 8070 8608 8223 8717 7762 7978 9123 8385 8883 9138 7528 8700 7932 8366 9130 8315 8530 8249 7803 8650 8417 8481 8096 8436 8684 8679 8471 8611 8289 8154 7885 7851 8281 7990 8408 8295 8423 8306 8693 7962 8519 8841 8913 8402 8148 8103 8704 8101 7900 7712 8619 8120 8458 8558 7868 8702 8214 8412 9118 8452 7607 8088 7643 8373 8477 8032 8464 8447 8346 8537 8342 8184 8279 8456 8769 8209 8217 7873 8472 7927 7986 8997 7800 8072 7801 7964 7772 8167 8363 8043 8386 8395 8625 8268 7745 8906 8158 8260 8268 8015 8090 8153 8910 8166 8173 8522 8363 8225 8366 7929 8346 7938 8792 7905 8049 8454 8391 7945 7817 8488 8587 8367 8635 8154 7891 8820 8329 8468 8535 8138 8852 8446 8250 8200 8629 8545 8816 8469 8795 7927 8312 8246 8492 8059 8314 8214 8596 8858 8570 7960 8907 8238 8325 8071 8421 7959 8034 8324 8781 8762 8339 8018 8671 8217 8402 8193 8483 8551 9215 8039 8460 8227 8097 8195 8302 8522 8665 8283 8095 7736 8436 8224 7972 8719 7732 8281 8003 8082 7845 7909 8852 8599 8352 8360 8061 8371 7784 8073 8379 8224 8507 7800 8722 8391 8385 8643 8452 8471 8010 8679 7835 8326 7896 8913 8676 
8193 8188 8381 8363 8673 8138 7996 7918 8386 8334 8419 8606 8206 7887 8872 8212 8959 7890 8615 8104 8312 8426 8729 8333 8204 7870 8540 8313 8567 9065 7883 8614 8283 8423 8050 8719 8849 8374 8568 8768 8347 8367 8269 8991 8448 7957 8585 8065 8261 8527 8654 8691 8477 8731 8455 7881 8401 8244 8517 8587 8207 8675 8648 8381 8415 8220 8139 8117 8209 8179 8592 8543 8531 8161 8019 8643 7997 8347 7952 8673 8015 8247 8540 8983 8095 8850 8715 8293 8938 8538 8556 7690 8593 8314 8494 8785 8523 8274 8680 7989 8400 8252 7630 8426 7868 8323 8048 8161 8388 8634 8048 8587 8124 8365 8436 8427 8877 7847 8277 8062 8929 8177 7857 8212 8286 8511 8519 8348 8142 8304 8168 8073 8014 8683 7933 8372 8191 7496 8259 8126 8359 8348 8460 8354 8164 8595 7865 8398 8448 8379 8286 8694 8301 8347 8707 8200 9257 7780 8492 8304 8438 8239 8895 8475 8058 7999 7890 8513 8499 7714 8291 8603 7998 7693 7856 8188 8116 7930 8325 8547 8716 8227 8639 8549 8254 8107 8693 8428 8889 7955 8100 8799 8565 9005 8904 8164 8338 7934 8098 9056 8104 8152 8303 7848 8067 8255 8368 7843 7988 8785 8970 8229 8580 7832 8297 7939 8032 8091 7759 8645 8204 8331 8096 8892 7976 8834 8587 8407 8657 8305 8382 8491 8336 8062 7825 8708 8669 8126 8655 8006 8610 8356 8230 9267 8416 7660 8140 7979 8024 8394 8639 8048 8532 8388 8507 8309 8397 8252 8505 8581 8377 7941 8057 8164 8050 7713 8697 7899 8224 7724 8260 8107 8394 8461 8431 8759 8236 8784 8220 7644 8738 8362 8364 8496 8044 8078 7910 8869 7951 8447 8480 8279 7851 8467 7888 8267 8651 8866 7699 8277 8550 8311 8237 7990 8651 8034 8179 8278 8338 8217 8716 7835 8507 8626 8462 8815 8112 8128 8175 8463 8440 8577 8236 9017 8160 8428 8294 8487 8097 8010 8166 8784 8519 8470 7891 8724 8417 8740 8308 8090 8217 8483 8122 8115 8135 8468 7743 8613 8034 8202 8094 8288 8761 8994 7749 8687 8309 8270 8021 8191 8591 8506 8442 8396 8000 8362 8245 8142 8435 7956 7913 8488 7904 8084 8009 8733 8572 7969 8246 8474 8647 7790 8289 8441 8338 8549 8022 8991 8381 8247 8202 8275 8321 8331 8325 7859 8163 8006 8823 8537 
7752 7891 7798 7461 8204 7531 7039 7603 7637 7734 8013 7666 7783 7516 8448 7793 7876 7882 8132 7279 7882 7862 8291 7852 7615 7596 7826 7652 7332 8061 7600 7521 7805 7673 7220 7986 8105 7591 7964 7810 7655 7953 7830 7877 7856 7506 7749 7430 7802 7890 8481 7914 8033 8067 7560 7063 8106 7675 7733 7857 7444 8061 8086 7903 7815 7443 7960 7264 7490 7914 7540 7777 8076 7507 7874 7709 7485 8266 7565 8025 7779 7774 7858 8072 7954 8437 8503 7749 8271 8033 7878 7390 7977 8084 7975 8351 7617 7580 7672 7213 7218 8040 7373 7511 7808 7929 7811 8058 8279 7326 7853 7641 7359 7540 7662 7939 7970 7493 7936 7273 8040 7454 7681 7486 7546 8189 7694 7759 7625 7494 7684 7860 7584 8194 7539 8196 7868 7027 7541 7807 7657 8023 7697 7750 7747 7833 7336 7467 7794 7981 7342 8042 7644 7909 7716 7665 8378 7202 7995 8046 7975 7945 8032 8121 7511 7753 7559 7866 8065 7577 7901 7694 7355 7991 7736 7551 7809 7375 7793 7953 7939 7626 8089 7806 7618 7317 7999 8023 8313 7370 7744 8448 7881 8147 8133 6915 8001 7502 7829 8180 7920 8056 7751 7301 7822 7596 7476 7307 7763 7837 7879 7883 8262 7529 7420 7335 7190 7429 7214 7734 7948 7841 7504 8222 7339 7916 8150 8209 7793 7707 7326 8021 7805 7520 7452 8376 7991 7687 8105 7047 7570 7437 7790 8323 7758 6995 7354 7196 7347 7775 7213 7790 8102 7881 8218 8139 7457 7701 7835 7764 7689 7543 7426 7538 7432 6941 8415 7294 7703 7531 7531 7360 7966 7946 7622 7987 7420 7957 7744 6886 8005 7739 7946 7517 7438 7528 7966 7691 7399 7883 7879 7787 7841 8035 7743 7741 7722 7728 7370 7690 7717 7839 7535 7915 8029 7753 7679 8077 7454 7499 7831 7756 7924 8207 7811 8019 7325 7570 7965 7741 7811 8007 7570 8176 7863 8189 7855 7966 7694 7521 7683 8274 7826 7731 7545 7804 7664 7858 7331 7770 7381 7922 7445 7533 7567 7655 7445 8069 7427 8066 7465 7710 7736 8156 7461 7985 7617 7406 7977 7634 7677 7499 7808 7319 7704 7671 7494 7833 7876 7255 7716 7906 7333 7579 7879 8126 7705 7814 7958 7634 8287 7136 7721 7970 7677 8091 7587 7998 7578 7541 7516 7207 8061 7557 7657 7563 7834 7458 8213 7563 
7852 7569 7849 7651 8358 7779 7327 7328 7785 7864 7908 7917 7840 7601 8140 7630 8269 7816 7924 7443 7883 7684 7987 7780 7762 7664 7825 7657 7713 8341 7513 7827 7848 7569 7340 7780 7916 7877 7696 7775 7781 8110 7842 7851 7851 7219 7635 7262 7580 8198 8150 8002 7870 7686 7756 7228 7565 7725 7754 7978 7492 7865 7434 7807 7745 7769 7863 7594 7413 7539 8054 8203 7786 7409 7298 7857 7448 7907 7366 7901 7720 7959 8155 8243 7378 8345 7873 7880 8038 7866 8311 7762 8306 7622 7683 8015 7925 7968 7878 7394 7665 7721 6766 7577 7698 7538 7477 7860 7903 7620 7668 8053 7278 7413 7588 7695 8348 7435 8180 7470 8367 7381 7381 7502 7827 7938 7799 7600 7859 7386 7811 7490 7191 7939 7619 8053 8052 7104 7472 7582 7691 7881 7878 7781 7529 7886 7422 7669 7810 8020 7474 8556 7947 7543 7952 7631 8354 7208 7937 7899 7835 7771 8218 7628 7558 7610 7635 7665 7786 7217 7831 7982 7445 7587 7551 7660 7548 7438 7801 7875 7825 7620 8354 8098 7208 7462 7961 7845 8211 7477 7851 8238 7739 8322 8089 7176 7951 7102 7638 8350 7799 7860 7601 7168 7672 7661 7873 7493 7766 7847 7976 7548 7795 7639 7357 7257 7884 7901 7401 7701 7557 7825 7850 7784 7535 7851 7918 7947 7956 7412 7546 8381 7734 7590 7476 8003 7731 7734 7821 7025 8288 7690 7480 8453 8011 7272 7299 7451 7305 7647 7515 7539 7966 7564 7951 7846 7306 7750 7725 7781 7386 7696 7333 7718 7220 7479 8416 7663 7675 7266 7615 7411 7289 7623 7601 8178 7815 7837 7468 7342 7781 7764 7374 7676 7159 7438 7427 7866 7654 7814 8308 8119 7576 7619 7244 7777 7508 7342 7404 7674 7962 7338 7563 7965 7775 7941 7843 7816 7481 7556 8124 7323 7983 7808 7688 7854 7735 7529 7784 7558 8409 7717 7891 8067 7583 7630 7699 8028 7179 7875 7465 8001 8081 7827 7876 7748 7777 7882 7365 7566 7598 7780 7502 7580 7757 7674 7546 8022 7392 7846 7654 7408 7872 8212 7634 7983 7487 7374 7897 7623 8041 7772 7762 7684 7522 7777 7501 7346 7989 7392 7565 7723 7161 7239 7434 8146 7870 7518 7904 7261 7713 7523 7490 7596 7457 7854 7493 8229 7712 7484 7530 7752 7498 7554 7581 7428 7522 7554 8096 7903 
7476 7800 7784 7950 8279 7775 7268 7254 7643 7574 7962 8091 7728 7681 8309 7713 8336 7768 7968 7374 7945 8181 8058 7543 7559 7388 7707 7965 7599 8324 7544 7768 7865 7598 7392 7784 8380 7472 7611 8132 7953 7730 7974 7841 7653 7705 7535 7149 7702 7940 8520 7975 7615 7649 7979 7201 7836 7806 7702 8122 7731 8125 7884 7741 7756 7786 7612 7718 7327 7718 7901 8158 7906 7336 7517 7701 7756 8046 7425 8218 7776 7815 7978 8191 7526 8436 8517 7927 7964 7577 8248 7497 7937 7693 7646 8224 7576 7832 7762 7127 7634 7723 6966 7567 7538 7567 7141 7793 7778 7472 7514 7786 7576 7681 8163 7907 8139 7612 8018 7505 8252 7484 7368 7519 7763 8057 7493 7998 7837 7673 7787 7446 7381 8196 7692 7908 7918 7043 7521 7506 7770 8045 7727 7651 7785 8119 7291 7495 7483 8091 7586 8094 7709 7667 8164 7722 8476 7377 8167 8030 8130 7788 8173 8136 7335 7897 7447 7595 7697 7577 7768 8310 7489 7643 7623 7602 7711 7451 7723 7987 7766 7513 7871 8368 7559 7831 7844 7741 8142 7569 7652 8442 7662 8183 8372 7244 7940 7186 7513 8323 7691 7935 7906 7181 7905 7710 7878 7904 7909 7823 8041 7906 8139 7692 7436 7274 7576 7689 7714 7503 8016 7657 7568 7992 7133 8281 8144 7859 8185 7818 7379 8132 7734 7453 7705 8173 8030 7485 7754 7336 7843 7322 7796 8359 7855 7317 7614 7122 7700 7789 7439 7626 7944 7622 7844 7653 7305 7944 7846 7873 7590 7628 7245 7656 7523 7340 8447 7491 7684 7534 7525 7402 7656 7899 7793 8117 8062 7907 7561 7378 7985 7976 7929 7754 7144 7611 7796 8290 7827 7781 8081 7994 7707 7784 7462 7678 7946 7899 7507 7612 8006 7650 7826 7708 7939 7767 7896 7966 7677 7669 8121 7542 7638 8091 7616 7786 7618 7410 7806 7977 8048 7951 7750 8239 7627 7978 7689 8089 7683 8031 7424 8267 7829 7923 7636 7784 7953 7912 7361 7693 7490 7645 7360 7618 7811 8035 7796 7700 7406 8011 7394 7468 7833 8250 7464 8016 7553 7324 7919 7899 8051 7713 7916 7425 7418 8155 7599 7710 7837 7503 7581 7653 7329 7493 7512 8200 7982 7825 7899 7683 7864 7411 7989 7793 7523 7818 7632 8457 7603 7553 7486 7668 7704 7684 7616 7389 7717 7386 7723 8038 
7350 7226 7644 7794 8046 7754 7511 7246 7524 7407 7839 7737 7400 7404 8229 7458 8338 7387 7771 6967 7424 7259 7686 7382 7264 7239 7556 7477 7272 8199 7893 7805 7493 7362 7273 8101 8081 7465 7705 7610 7572 7737 7738 7936 7684 7084 7585 7127 7365 7634 8431 7785 7667 7448 7703 7182 7277 7294 7689 7808 7539 7855 7794 7930 7405 7573 7502 7170 7591 7542 7934 7748 7601 7436 7272 7673 7772 7681 7467 7830 7302 7614 8011 7955 7266 7795 7825 7563 7966 7823 8054 7352 7946 7472 7212 8165 7789 7476 7639 6892 7534 7756 6760 7418 7401 7658 7332 7532 7665 7571 7555 7621 7188 7578 7651 7742 8120 7498 7605 7257 8177 7131 7127 7618 7764 7799 7358 7600 7771 7446 7360 7690 7274 7938 7341 8105 7782 6657 7013 7577 7200 8021 7801 7639 7364 7764 7241 7436 7681 7905 7072 8012 7542 7511 7942 7341 8331 7268 7577 7765 7506 7694 7938 7817 7251 7341 7145 7635 7498 7082 7637 7314 7359 7127 7411 7777 7630 7291 7859 7539 7412 7141 8002 7862 7240 7369 7691 7910 7888 7479 7816 8183 7756 7969 8023 6988 7781 7196 7557 7851 7840 7642 7503 6988 7518 7533 7883 7850 7619 7609 7679 7433 8137 7254 6999 7297 7744 7553 7462 7807 7603 7676 7611 7947 7413 8067 7988 7752 7730 7724 7472 7752 7399 7758 7434 7934 7784 7451 7669 6979 7701 7336 7509 8161 7399 7310 7321 7124 7142 7544 7309 7036 7374 7646 7774 7444 7486 7577 7657 7837 7521 7212 7330 7659 7313 7093 7883 7203 7345 7269 7433 7196 7138 7716 7646 7885 7796 7757 7572 6803 7480 7654 7836 7277 7308 7152 7341 7849 7355 7649 8012 7755 7254 7891 7271 7602 7563 7342 7497 7510 7384 7294 7589 7731 7769 7779 7934 7639 7533 7586 8434 7402 7484 7778 7755 8194 7183 7520 7557 7652 7793 8016 7551 7966 7409 8067 7564 7740 7486 7737 7468 7770 7589 7671 7473 7938 7551 7790 7402 7342 7659 7431 7395 7462 7185 7496 7215 7861 7673 8072 7364 7322 7367 8061 7041 7781 7307 7476 7808 7226 7969 7368 7430 7153 7479 7855 7484 7212 7803 7258 7509 7460 7016 7409 7679 7728 7568 7494 7710 7314 7676 7368 7560 7505 7431 7684 7570 8010 7601 7407 7298 7677 7446 7672 7375 7300 7500 7340 8070 7774 
8171 8073 8062 8140 8501 7976 7856 7945 7945 7715 8363 8207 8085 7467 8373 8178 8485 8069 8421 7654 8081 8022 8274 7842 7906 7728 8380 8034 7668 8584 7762 8342 8014 7883 7320 8166 8431 8289 8094 8148 8160 8076 8280 8250 7779 7693 7992 7435 7978 8263 8606 8416 8463 8256 7875 7607 7802 7856 8076 8268 7932 8113 8158 8104 8307 8043 8203 7826 7658 8014 8135 8223 7902 7832 7825 8058 7953 8398 7765 8516 8067 8429 8237 8244 8283 8577 8776 7951 8393 8019 8542 8011 8248 7723 7833 8631 8266 8195 8183 7526 7652 8011 7191 7943 7671 7749 7575 7952 8340 8036 7971 7664 7489 8054 8338 8168 8349 7862 8193 7744 8322 7988 7558 7996 7624 8154 8123 8031 8049 8078 7739 7935 7573 8434 7709 8255 8104 7677 8054 8082 7765 7962 8127 8342 7967 8224 7975 7545 8318 8433 7695 8454 7813 8132 8143 8079 8593 7523 8128 8354 8152 8190 8795 8059 7862 8080 7634 8049 8235 7669 7950 8436 7641 7618 7746 7909 7983 7928 7834 8377 8100 8286 8416 8187 7946 7709 7966 8255 8311 7344 8153 8512 8362 8837 8383 7358 8226 7477 7846 8711 8045 7997 8153 7768 7764 7867 8160 7849 7997 8188 8158 8366 8622 7836 7587 7909 7961 8301 8026 8107 8312 8428 8069 8377 7900 8166 8542 8289 8410 8136 7629 8382 7929 8074 7954 8346 8098 8148 8272 7284 8133 7979 8049 8780 8090 7732 7769 7134 7852 8201 8052 7944 8278 8038 8581 8225 7907 8002 8179 8391 8054 7937 7553 7940 7644 7628 8524 7762 7916 7830 8235 7401 7832 7953 8283 8602 8123 8043 8188 7562 8151 8025 7943 7848 7690 8124 8173 7872 8053 8100 8489 8200 7701 8229 7888 7723 8092 8092 7552 7910 8105 8378 7788 8058 8197 8313 8350 8057 7618 7932 8565 7945 8217 8504 7736 7916 7684 7564 8360 7896 8378 8194 7966 8479 8104 8057 7676 7980 8016 8008 8183 8413 8162 8141 7770 8423 7853 8167 7591 7808 7852 8083 7552 7838 7984 8045 7686 8482 7591 8459 7794 7818 8210 8719 7521 8219 7906 7739 8207 8136 8209 7809 8165 8017 7768 8297 8025 7900 8255 7793 7922 8148 7590 7909 7943 8227 8065 7851 8248 7989 7942 7466 7998 8221 7761 8131 8165 8395 8082 7610 8089 7978 8010 8214 8215 7694 8133 7423 8341 7978 
8345 8308 7989 8450 8828 8167 7909 7816 8314 7731 8403 8228 8116 7946 8954 7973 8446 8067 8636 7841 8099 8423 8508 8215 8137 8014 8224 8153 7891 8646 8004 8410 8181 8404 7822 8569 8443 7967 8249 8371 7978 8116 8277 8585 7814 8078 8169 7590 8273 8459 8837 8439 8356 8056 7976 7434 8276 8010 8093 8414 8084 8395 8320 8450 8417 8059 8280 7860 7718 8004 8481 8322 8421 7889 8008 8295 7946 8434 8020 8597 8195 8227 8174 8415 8410 8655 8624 7977 8711 7872 8574 8024 8400 8059 8070 9004 8305 8145 8456 7771 8021 8222 7545 8119 7862 8099 8060 8014 8499 7869 8009 8465 7874 7945 8162 8390 8456 7780 8051 8056 8706 7950 7946 7994 7902 8702 8102 7881 8108 7816 8275 7934 7971 8576 8094 8642 8370 7125 8024 7999 8322 8346 8100 8247 8334 8017 7697 8046 8157 8641 7720 8272 8126 8075 8456 7930 8996 7666 8302 8124 8565 8174 8704 8219 7823 8028 7671 8114 8287 7770 8125 8478 7544 7992 7787 8307 8202 7989 8329 8584 8149 8008 8206 8656 8053 8239 8565 8062 8714 8009 8215 8648 8110 8778 8517 7609 8140 7556 8285 8989 7995 8298 8053 7517 8449 8245 8240 7925 7990 8134 8431 7989 8313 8085 7931 7697 8139 8080 8048 7992 8189 7944 8316 8325 7774 8283 8475 8354 8514 7927 7705 8420 7861 7765 7835 8752 8093 7777 8240 7623 8496 8122 8060 8970 7918 7663 8035 7653 7816 8561 8164 8143 8152 8001 8692 8354 8248 8387 8246 8255 8106 7838 7526 8494 7963 7774 8559 7865 8206 7850 8373 7279 7763 8102 8165 8931 8214 8092 8273 7339 8452 8309 8258 8065 7600 8022 7663 8425 7829 8467 8816 8413 7992 8238 7855 8108 8260 8562 7942 7885 8159 8137 8378 7989 8049 8727 8298 8466 8230 8020 8209 7862 7983 8414 8501 8699 8101 7902 8281 8079 8324 8142 8122 8702 8081 8320 8014 8352 8249 8195 7549 8520 8132 8406 7919 8821 7908 8574 7913 7924 7901 8183 7724 8054 8442 7815 7430 8622 8339 8377 8063 8085 8489 9088 7659 8425 8217 7865 8381 8132 8217 8264 8624 8039 8056 8416 8093 8025 8301 7876 8121 7854 7585 7536 8194 8170 8276 8040 8062 7803 8371 7787 8123 8566 7906 8247 8093 8513 8145 8166 8207 7909 8174 8172 8179 8020 8043 7861 8427 8386 
8406 8197 8570 7778 8683 7840 7965 8282 8601 8035 8397 8657 8238 7853 8850 8249 8884 8373 8845 8180 8257 8487 8552 8428 7917 8252 8606 8242 8571 8746 8033 8398 8200 7945 8160 8492 8767 8041 8615 8638 8089 8753 8468 8488 8556 7689 8534 7809 8077 8610 8975 9029 8650 8518 8436 8005 8245 8078 8403 8495 8101 8577 8535 8352 8165 8537 8321 8170 8124 8351 8639 8534 8394 8281 7885 8264 8280 8416 7717 8757 8047 8526 8573 8533 8225 8584 8901 8329 8737 8344 8460 7956 8390 8275 8259 9116 8510 7974 8452 7787 7790 8621 7276 7999 8495 7979 8037 8282 8792 8022 8247 8241 8341 8303 8314 8455 8937 7942 8259 7952 8629 8350 7957 8081 8121 8383 8225 8332 8299 8307 8311 8132 8102 8724 8114 8360 8292 7593 7741 8114 8246 8313 8235 8318 7967 8690 7634 8226 8059 8412 7990 8392 8189 8347 8684 8100 8699 7862 8241 8434 8361 8518 8839 8260 7893 8121 7982 8162 8700 7805 8285 8558 8044 7765 7865 8521 8258 7916 8610 8447 8110 8238 8525 8640 7993 7787 8415 8487 8733 7833 8509 9231 8490 9051 8591 7670 8890 8013 8315 9007 8105 8269 8566 7635 8419 8173 8032 8032 8228 8760 8611 8155 8765 7859 7786 7864 8000 8218 7555 8390 8380 8270 8191 8472 8192 8642 9028 8456 8154 7691 7819 8517 8371 8411 8150 8751 8055 8380 8549 7922 8266 8208 7792 8774 8414 7807 7947 7729 8249 8155 8091 7928 8677 8356 8886 8488 8081 8072 8393 8507 8055 7722 8052 8196 7784 7763 8632 7769 8183 7786 7821 7798 8397 8443 8123 8471 8900 8548 8468 7621 8607 8188 8555 8498 7840 8173 8153 8431 8067 8422 8675 8423 8050 8684 7920 8385 8167 8178 7859 8201 8574 8456 8339 8375 8832 8516 8349 8497 8122 7971 8602 7787 8388 8788 8300 8605 8169 8201 7778 8472 8553 8701 8232 8616 8129 8611 7995 8588 8209 8055 8240 8454 8408 8753 7940 8640 8318 8389 8127 7969 8286 8290 7767 8184 8035 8257 7973 8509 8234 8194 8262 8187 8313 8626 8081 8487 8011 7938 8432 8113 8371 8011 8420 8114 8033 8186 8158 8037 8508 7587 7709 8280 7944 7804 8067 8580 8497 8123 8813 7753 8469 8030 8425 8273 7961 8415 8151 8744 8206 8041 8242 8389 8261 8040 8131 7889 8379 7699 8626 8543 
8196 8329 7866 8196 8526 7850 7974 7813 8163 7808 8135 8047 8052 7991 8709 7758 8440 8191 8456 7663 7675 8405 8421 8162 8071 7896 8301 7788 8107 8676 7815 7945 7952 8065 7867 8428 8472 7891 8103 8422 8351 8122 7990 8020 7852 7916 7906 7569 8040 8556 8430 8576 8196 8468 7931 7611 8114 7847 8163 8066 7984 8289 7949 8102 7925 8394 8123 7791 7793 7966 8267 8177 8172 7562 7672 8161 7697 8313 7527 8268 7681 8251 8013 8598 7469 8698 8483 8434 8677 8178 8301 7821 8433 8182 8302 8429 8298 7831 8191 7513 7990 8125 7169 7900 7744 8004 7847 7952 8346 7830 7756 7820 7743 8289 7861 8200 8552 7815 8233 7775 8701 7887 7631 7887 7875 8103 8024 8071 8179 7827 8108 7775 7749 8330 7959 8478 8369 6799 7702 7593 8003 8021 8046 8366 7862 8040 7588 7991 8359 8110 7719 8466 7616 7783 8247 7929 8947 7444 8344 8161 8343 8196 8540 8074 7795 8025 7827 8298 8207 7651 7972 8161 7772 7794 7484 8102 8032 7618 8228 8270 8068 8211 8645 8666 7947 8090 8511 8132 8181 7998 8164 8570 7979 8531 8225 7559 8241 7607 8072 8866 7993 8049 8279 7315 7942 7987 7920 7506 8181 8577 8174 7590 8254 8021 7589 7685 8194 8167 7526 8529 8003 7685 8359 8231 7544 8199 8468 8439 7920 7957 7910 7986 7862 7562 7833 8275 8250 8024 8262 7707 8276 7864 7674 8764 8240 8054 7941 7427 7710 7960 7685 8114 8029 8305 8301 8065 8040 8003 8202 8306 8173 7798 7340 8184 7893 7638 8592 7586 7740 7687 7756 7561 7920 7884 7778 8395 8142 8178 7905 7446 8274 8345 7909 8306 7377 7842 7979 8665 7837 7980 8294 8109 7914 8321 7958 8350 7835 7911 7704 7961 8081 7957 7911 7840 8321 8127 7876 8238 7924 7692 8573 7561 8238 8325 8129 8489 7616 7934 7837 7833 7963 8555 8059 8478 7924 8169 7795 8080 7735 8123 8203 8278 8593 8187 8058 8188 8262 8464 7852 8118 7915 8098 7916 7928 8147 8080 7916 8528 8163 8184 7727 8018 8161 8298 7478 8573 7862 7872 8201 7968 8293 8158 8313 7858 7617 8157 8145 8091 8041 7802 7468 7904 7520 7538 7784 8587 7977 7701 8474 7922 7871 7725 7902 7981 7890 8262 8054 8623 7985 7578 8094 8070 7906 7931 8243 7636 8107 7909 8174 8333 
7449 7755 7971 7624 8266 7767 7786 7603 7912 7661 7842 8060 7356 7790 8436 7793 8404 7963 8189 7587 7915 7470 8142 8091 7689 7778 7670 7876 7659 8145 7272 8280 7935 7596 7350 7743 8166 7532 7971 8104 7813 8116 8077 7659 7639 7492 7701 7385 8177 7775 8610 7949 8101 7804 7800 7514 7993 7619 8022 8185 7771 7857 7767 7796 7865 8082 7591 7718 7527 7841 7947 7873 7686 7388 7710 7980 7317 8006 7294 7809 7642 7833 8215 8159 7580 8048 8378 7798 8060 7722 8108 7657 8280 7749 7474 8285 7772 7925 7951 6850 7579 7629 6949 7544 7284 7593 7254 7797 7716 7616 7802 8013 7183 7790 7468 7914 7749 7364 8178 7221 8170 7698 7618 7327 7544 8006 7659 8004 7862 7408 7679 7432 7417 8222 7791 7901 7913 6903 7585 7341 7970 8195 7826 7705 7591 7861 7486 7413 7772 7726 7847 8220 7746 7846 8066 7591 8320 7528 8089 8079 8065 7479 8559 8005 7609 7704 7712 7731 7678 7282 7914 7925 7700 7513 7392 7516 7753 7636 8012 8025 7812 7902 7956 7999 7407 7573 8026 7601 8064 7435 7524 8374 7982 8438 8268 7058 8006 7309 7692 8531 7616 7869 7875 7320 7730 7513 8105 7625 7771 7772 7893 7872 7939 7990 7559 7096 7649 7758 7429 7893 7695 7831 7832 7956 7366 8129 8155 8072 8050 7575 7449 7952 7671 7564 7494 8088 7876 7428 8377 7166 7667 7942 7640 8446 7897 7654 7651 7252 7442 7705 7485 7777 8355 7706 7982 8139 7256 7735 7906 8016 7353 7322 7414 7864 7287 7324 8554 7481 7867 7669 7809 7057 7975 7734 8029 8291 8112 7770 7898 7147 8082 7765 7820 7614 7223 7419 7886 8118 7670 8102 8192 8048 7721 7925 7376 7824 7634 7745 7433 8012 7745 7901 7531 7474 7900 7813 7974 7722 7587 7714 8285 7783 8260 8096 7574 8068 7571 7483 7762 7796 7776 8098 7912 8199 7510 7713 7784 7983 7419 8065 7433 8073 8011 7752 7359 8126 7565 7725 7682 7629 7540 7759 7321 7493 7882 7683 7513 7850 7514 7848 7616 7944 7806 8375 7042 8143 7719 7934 8284 7474 7882 7805 7834 7839 7784 7884 7777 7419 7896 7445 7806 7780 7654 7493 7795 8395 7833 7452 7512 7855 8222 7461 7822 7684 7426 7848 7712 8125 7667 7793 7252 7390 7709 7604 7853 7608 7891 7258 8100 7947 
7762 7610 7631 7572 8524 7630 7122 7483 7575 7856 7913 8049 7653 7722 8856 7700 7824 8063 7743 7633 7729 7991 8050 7477 7730 7719 8332 7725 7615 8234 7636 7644 7923 7890 7383 8061 8281 8015 8142 8256 7964 8109 7938 8290 7905 7588 8029 7276 7690 8258 8763 8198 7952 7809 7575 7255 8001 7882 8041 7863 7578 7887 7850 7930 7885 7954 7928 7806 7425 7879 8007 8139 8152 7648 7641 8047 7591 7882 7738 8339 7603 7872 8409 8237 7900 8098 8211 7915 8168 8026 8163 7603 8342 7620 7630 8511 7882 7904 7838 7484 7443 7798 7093 7876 7595 7880 7481 7489 8101 7698 7412 8293 7607 7786 7622 8130 8232 7546 7957 7618 8264 7769 7511 7618 8009 7859 7844 7783 7965 7942 7739 7583 7656 7976 7670 8334 7908 7010 7447 7487 7947 7840 7951 7795 7489 8241 7270 7362 8142 7967 7524 8475 7644 7661 7961 7458 8531 7301 7724 8008 7762 8202 7921 8119 7344 7743 7570 7636 7664 7528 7898 7712 7189 7489 7475 7696 7538 7363 7961 8297 7799 7570 8250 8035 7724 7745 8239 7715 8157 7431 7664 8401 8089 8419 8228 7083 8455 7537 7672 8199 7900 8003 8014 7348 7992 7955 7657 7527 7710 7834 8104 7529 7968 8009 7408 7821 7609 8085 7370 8116 7764 7809 7484 8139 7166 8450 8301 8003 8137 7628 7911 7834 7988 7708 7412 8353 7973 7924 7912 7422 7843 7777 7854 8347 7673 7368 7292 7226 7539 7865 7472 8021 7878 7803 8022 7694 7636 7910 8052 7984 7629 7401 7585 7778 7588 7328 8398 7324 7650 7187 7488 7586 7598 7915 7924 8045 7954 7877 7630 7153 8060 7848 7829 7562 7600 7278 7736 7943 7590 8112 8069 7726 7739 7941 7359 7589 7904 8000 7556 7786 7795 7999 7627 8005 7824 8161 7794 7905 7650 7567 8289 7724 7940 8155 7747 7997 7786 7746 7741 7598 7860 8332 7982 8164 7812 7992 7930 8030 7756 7866 7821 8426 7813 8087 7595 7784 8092 8038 7655 7789 7305 7944 7412 7523 7390 7789 7569 8074 7735 7839 7948 7592 7917 8332 7344 7997 7539 7398 7879 7371 7997 7997 8096 7452 7577 8002 7824 7838 8250 7468 7955 7818 7297 7482 7763 8067 7904 7720 7914 7473 7878 7624 7958 7808 7504 7946 7795 8456 7701 7912 7737 7710 7826 7489 7798 7404 7589 7617 8023 8261 
7888 7936 7803 7911 8295 7776 7588 7238 7572 7660 8010 8169 7375 7620 8469 7872 8273 7757 8183 7465 7697 7909 8235 7689 7756 8057 8337 7607 7959 8370 7365 8067 7980 7706 7480 8001 7939 7655 7929 8122 7723 8163 7879 7877 7751 7339 7647 7360 7572 8146 8363 8206 7946 7809 7875 7417 7702 7636 7850 7859 7446 8414 7879 7974 7872 8170 7690 7677 7361 7780 8050 7939 7858 7430 7497 7704 7764 8091 7275 8116 7895 7983 7923 8259 7833 8068 8372 8252 8305 7694 7933 7334 8070 7792 7763 8286 7882 7712 7948 7519 7699 7996 6906 7368 7600 7488 7433 7734 8022 7344 7698 7923 7609 7748 7564 7879 8028 7034 7635 7396 8314 7857 7380 7483 7581 7854 7998 7397 7845 7757 7587 7326 7679 8012 7302 7814 7867 6891 7757 7489 7754 7808 7821 7749 7802 7829 7166 7772 7988 8261 7888 8386 7711 7718 8165 7734 8290 7146 7922 7956 7897 7753 8340 7971 7498 7703 7512 7731 7766 7424 7696 7874 7396 7379 7390 7743 7598 7356 7782 7969 7598 7728 8228 8093 7323 7426 8051 7533 8208 7385 7855 8305 7691 8256 7900 6980 8265 7292 7754 8593 7680 7637 7566 7369 7590 7812 7606 7399 7471 7891 8072 7913 8372 7465 7357 7552 7663 7930 7600 7878 7984 7568 7792 7984 7551 7921 8243 8064 8163 7743 7614 7967 7717 7593 7898 8162 7530 7658 7954 7323 7832 7621 7424 8609 8107 7375 7305 7135 7361 7866 7420 7711 7971 7736 7942 7827 7508 7789 7896 8086 7583 7621 7406 7689 7389 7372 8556 7557 7516 7752 7456 7495 7605 7860 8023 8258 7807 7610 7928 7253 7858 7885 8084 7491 7273 7739 7493 8299 7746 7861 8189 7848 7738 7805 7471 7536 7816 8116 7481 7471 7794 7982 7636 7735 7981 8228 7965 7683 7565 7288 7958 7370 7952 8000 7981 8227 7697 7510 8077 8040 7818 8175 7812 8167 7587 7739 7574 7797 7622 7740 7678 7858 7833 7903 7722 7963 7912 7811 7528 7809 7631 7628 7375 7585 7748 7533 7118 8028 7669 7973 7418 7534 7934 8262 7177 7858 7639 7560 7759 7761 7863 7756 7883 7477 7823 8048 7774 7601 7776 7483 7501 7836 7216 7501 7653 7830 8006 7410 7679 7571 7700 7332 7826 8142 7282 8329 7855 8327 7402 7643 7628 7803 7852 7462 7642 7186 7768 7229 7941 8136 
7890 7863 8209 7955 8876 8404 7833 7798 8323 8030 8112 8803 8119 7755 8911 7982 8883 8384 8513 7798 8283 8142 8518 8018 8152 8092 8536 7748 7652 8823 7779 8159 8281 8318 7935 8557 8627 8163 8246 8502 8462 8132 7824 8288 8303 7877 8334 7590 8096 8673 8714 8428 8291 8485 8226 7613 7930 8221 8400 8383 7940 8310 8366 8321 8279 8474 8403 7959 7889 8269 8496 8249 8535 8264 7930 8517 7870 8498 7899 8398 8228 8531 8171 8567 7997 8635 8704 8221 8681 8366 8670 7572 8535 8061 8295 8762 8504 8498 8324 7734 7887 8352 7240 8226 7814 8008 7927 8072 8360 8017 7904 8317 7890 8154 8160 8379 8359 7747 8007 7982 8694 8069 7725 8098 8198 8269 7881 8220 8287 8056 8113 8299 8146 8449 7984 8380 8439 7415 7670 7972 8081 8383 8236 8107 7754 8276 7915 7982 8035 8576 7798 8677 8016 8274 8423 7823 8577 7726 8653 8315 8459 8197 8652 8199 8116 7836 8164 8451 8247 7786 8229 8457 8010 7776 7439 8158 8085 7808 8100 8236 8193 8032 8325 8112 7700 7905 8046 8230 8874 8184 8000 8939 8382 8770 8546 7651 8399 7730 7961 8884 8220 8400 8139 7822 8094 8092 7879 8239 8055 8271 8336 8231 8671 8105 7748 7873 7980 8206 7746 8396 7907 8159 8205 8563 8068 8695 8494 8242 8397 7849 8171 8656 8004 7695 7855 8331 8443 8350 8293 7507 8210 8232 7859 8883 8255 7748 8124 7715 7943 8167 7843 7959 8757 8210 8114 8145 7921 7959 8243 8286 8232 7933 7577 8267 7782 7866 8912 7812 7735 7881 7957 7665 7966 8126 8166 8643 8225 8085 8146 7319 8263 8137 7992 8081 7699 7885 8089 8574 7760 8345 8473 8309 8083 8601 7762 8265 8304 8259 7974 8337 8093 8311 8069 8336 8337 7909 8156 8228 7867 7997 8522 8046 8399 8493 8234 8456 7933 7868 8208 8233 8580 8661 8333 8699 7932 8370 8291 8071 7957 8254 8074 8637 8552 8402 8459 8337 8091 8306 7775 8180 8130 7890 7754 8173 8177 8190 8025 8322 8001 8452 8043 8119 8162 8854 8097 8448 8155 7830 8611 8021 8520 8075 8459 8050 7982 8206 8189 8179 8510 7960 7982 8344 7603 7564 7952 8568 8579 8044 8326 7974 8183 7622 8136 8119 8107 8689 8038 8737 8314 8016 7764 8323 8296 7965 7952 7419 8312 7934 8768 8456 
7951 8384 8361 8414 8624 8402 8003 8255 8358 7991 8379 8498 8487 7663 9028 7951 8886 8251 8654 7851 8044 8263 8688 8135 8172 8249 8317 7896 8528 8908 8306 8269 7964 8188 8006 8453 8891 8026 8465 8735 8566 8523 8213 8404 8416 8082 8630 7999 8026 8715 8655 8380 8415 8652 8536 7965 8258 8446 8275 8775 8013 8350 8521 8641 8344 8070 8026 8101 7972 8016 8556 8398 8619 7917 8054 8158 8106 8269 7799 8676 8127 8382 8406 8398 8146 8644 8881 8433 8773 8073 8196 8349 8356 8229 8230 8743 8331 8349 8276 7736 7846 8031 7689 8294 8139 8158 7872 7862 8611 8365 8291 8257 7947 8028 8407 8565 8589 8007 8317 7997 8621 8298 7745 7783 8157 8413 8326 8337 8214 8095 7990 8071 8251 8772 7639 8406 8132 7124 8146 8005 8214 8573 8277 8406 7852 8538 7866 7878 8479 8226 8021 8350 8083 8209 8470 8097 8882 8039 8809 8437 8269 8217 8411 8331 7932 7916 7753 8007 8582 8130 8225 8303 7978 7802 7629 8461 8625 8133 8379 8547 8709 8131 8290 8565 8273 7698 8727 8277 8689 8040 8121 9066 8486 8958 8528 7403 8474 7864 8102 9013 8203 8383 8227 7781 8233 8254 8283 7896 8450 8404 8802 8189 8425 8231 7698 7779 8026 8365 7932 8432 8059 8338 8339 9023 7778 8529 8638 8415 8304 8253 7848 8406 8087 7700 7855 9043 8325 8191 8335 7755 8443 7958 7961 8782 8199 7943 8266 7816 7751 8298 7685 8105 8528 8231 8484 8451 7841 8228 8576 8504 8031 8218 7723 8200 7902 7825 8816 7980 8182 7824 7957 7605 8145 8295 8183 8478 8482 8303 8345 7496 8671 8081 8253 8285 7671 8008 8045 8578 8040 8494 8683 8527 8061 8495 7754 8056 7866 8479 7761 7964 8477 8423 8287 8244 8846 8554 8059 8377 8235 7980 8726 7958 8190 8519 8062 8189 7991 8020 8256 8249 8388 8249 8216 8822 7887 8699 8563 8302 8311 7941 8150 8550 8604 8352 7897 8869 8737 8437 8034 8152 8315 8197 8236 8012 8342 8307 7819 8451 8163 8350 7999 7900 8304 8936 7847 8470 8145 8108 8412 8115 8365 8227 8545 8023 7844 8221 8481 7961 8264 7910 8194 8302 7777 7668 7998 8394 8392 7679 8335 8066 8040 8019 8454 8404 7843 8420 8052 9169 8330 8061 8221 8565 8471 8238 8271 8047 8273 7699 8486 8509 
7837 8079 8200 8082 8655 8178 7731 7881 8165 7694 8551 8474 8258 7862 8698 8088 8573 7893 8537 7885 7974 8255 8498 8107 7996 8194 8232 8005 7966 8591 7901 8086 8018 8093 7921 8320 8505 8452 8135 8026 8346 8312 8312 8441 7785 7590 8116 7768 8508 8192 8484 8333 8373 8235 8282 7926 8352 8043 8140 8341 7810 8360 7889 7828 8275 8413 8254 7825 7615 8086 8474 8338 8303 7731 8133 8235 7751 8137 7893 8575 7722 7945 8526 8551 7980 8631 8588 8295 8717 8236 8249 7814 8367 8123 7953 8971 8314 7883 8055 7532 7748 8431 7536 8160 7661 8018 8170 7579 8252 7941 8076 8291 7651 7935 8058 7910 8391 7886 8091 7844 9078 7807 7625 7962 7886 8414 8061 8012 8263 8034 8178 8087 7708 8742 7991 8341 8022 7571 7826 7757 8089 8279 8054 8112 8009 8156 8076 7880 8068 8521 8057 8530 8018 8092 8590 8204 8572 7622 8657 8150 8554 8314 8479 8404 7786 7757 7608 8108 8285 7688 7976 8520 7621 7859 7832 8135 8154 7590 8272 8452 8311 7960 8416 8513 7656 8286 8234 8273 8543 7865 8049 8603 8542 8639 8755 7426 8620 7807 8356 8733 8384 7936 8310 7620 8042 7991 8239 8083 8110 8000 8449 8197 8124 7798 7952 7519 7737 8338 7792 8374 8239 8105 7771 8286 7876 8391 8661 8283 8321 7932 8022 8344 8195 7849 7795 8741 8388 8506 7955 7819 8017 7658 7798 8829 8213 7365 7763 7712 8024 8428 8007 8225 8595 8034 8532 8060 8039 7819 8440 8348 7852 7847 7704 8114 7965 7784 8692 7996 8119 8090 7863 7533 7951 8271 8129 8613 8066 8364 7937 7809 8451 8190 8158 7853 7726 8117 7792 8581 7810 8514 8305 8156 7685 8228 8019 7878 7960 7900 7681 7873 8561 8256 7753 8232 8381 7903 8464 8428 7769 7839 8714 7555 8092 8281 8279 8506 7782 7844 8396 7880 8208 8722 8148 8683 7877 8256 8046 8305 7823 8005 7872 8427 8601 8271 7940 8299 8321 8275 8026 8123 7794 8435 7716 7900 8192 8120 7834 8246 8062 7886 7833 7909 8361 8656 7388 8167 7919 7561 8341 8113 8476 8172 8030 7700 7765 8210 7709 7807 8288 7860 8308 7916 7764 7954 7827 8284 8425 7863 8531 7709 8199 7496 7991 7977 8095 8272 8079 8475 8341 7971 7928 8464 8169 8059 8246 7577 7935 7502 8542 8252 
8424 8012 8328 8393 8917 7977 7754 7988 8270 8098 8212 8218 8275 7997 8854 8247 8843 8340 8779 8040 8114 8565 8857 8328 8151 8354 8401 8173 7812 8538 7999 8408 8254 8098 7979 8481 8791 8197 8306 8448 8823 8224 8604 8373 8202 7703 8447 7497 8098 8512 9116 8200 8524 8309 7990 7905 8398 8102 8181 8709 8056 8178 8163 8362 7725 8539 7926 7910 7677 8097 8756 8650 8223 7756 8035 8153 8061 8462 7705 8422 8129 8433 8661 8925 7933 8708 8941 8198 8804 8196 8805 7871 8310 8289 8251 8788 8394 7985 8436 7681 7935 8206 7756 8158 8013 8096 7798 7888 8436 7994 8006 8009 7756 8231 8196 8604 8690 7925 7924 7773 8608 7927 8036 8008 7904 8365 8457 8270 8409 8188 8086 8344 7991 8455 8352 8262 8203 7618 8134 7917 8014 8566 8075 8261 8035 8449 7651 7729 8144 8619 8015 8460 8113 8314 8317 8245 8774 8164 8371 8642 8319 8555 8996 8223 8175 7927 7924 8205 8405 7815 8208 8484 8195 8128 7568 8209 8174 7967 8458 8570 8239 8172 8471 8691 8069 8035 8178 8360 8532 7939 7862 9064 8252 8436 8594 7475 8537 7740 8283 9189 8199 8671 8391 7568 8420 7890 8442 8267 8151 8384 8744 8118 8836 8089 7804 8000 8017 8437 7828 8192 8481 8054 7615 8329 8034 8334 8598 8503 8546 7936 7761 8731 8159 7581 7737 8769 8260 8222 8210 7565 8245 8050 8235 8890 8252 8031 7869 7573 7966 8296 7825 8044 8621 8035 8564 8673 7696 7956 8461 8303 7890 7855 7726 8060 7618 7831 8555 7786 8611 8143 7850 7575 8088 8268 8200 8352 8290 8346 8060 7495 8473 8468 7985 8291 7967 8209 8079 8737 7879 8300 8510 8347 8027 7984 7848 8200 8352 8360 7875 8253 8379 8326 8185 8515 8288 8134 8051 8411 7947 8159 8577 8016 8302 8491 8125 8446 8243 7924 7936 8075 8240 8508 8132 8783 8154 8535 7807 8732 7747 8202 8077 8806 8632 8583 8189 8705 8318 8127 8137 8016 7605 7903 7886 8286 8398 8420 8191 8537 7644 8086 7717 8261 8270 8549 7827 8248 7948 7848 8554 8310 8651 8262 8300 8106 7999 8334 8132 8388 8745 7704 8217 8381 8048 7823 8211 8674 8270 7866 8579 7953 8472 8109 8496 8237 7832 8478 7909 8883 8281 8086 7988 8348 8196 8273 8286 7758 8135 7728 8461 8277 
7937 8087 7929 8151 8752 8217 7760 7807 8189 7759 8469 8496 7962 7783 8760 8110 8694 8257 8728 7825 7946 7999 8359 8425 8100 8256 8029 7941 8133 8645 7959 8482 8245 8119 7901 8235 8719 8061 8093 8620 7895 8245 8148 8303 8146 7709 7872 7784 7960 8450 8882 8545 8516 8436 8203 7557 8091 8326 8052 8673 7730 8091 8094 8321 8166 7934 8168 7958 7977 7973 8402 8461 8462 7735 7880 8257 8064 8575 7834 8373 8126 8171 8424 8435 7881 8788 8697 8174 8983 8259 8438 7961 8188 8131 7782 8719 8506 8174 8154 7516 8073 8211 7333 8108 7955 7997 7764 8020 8526 8133 8153 8153 8196 7976 8077 8015 8674 7604 8214 8126 8635 7880 7532 8202 8071 8229 8032 8535 7938 8128 8113 7929 7800 8872 7928 8012 8587 7447 7939 7950 7993 8283 8134 8195 8039 8185 7865 7964 8058 8416 7956 8282 8205 7846 8552 8202 8632 7405 8389 8119 8238 8437 8536 8386 8037 8034 7907 8089 8042 7530 8419 8564 7899 7822 7661 8058 7985 7814 8530 8922 8081 8034 8210 8514 8020 7812 8412 8207 8814 8094 7919 8862 8218 8605 8698 7484 8519 7637 8064 8756 8165 8211 8230 7568 7910 8316 8284 8152 7964 8500 8675 8203 8623 7915 7477 7528 7853 7997 7823 8076 8169 8110 8038 8424 7891 8422 8436 8340 8499 8286 7824 8474 8104 7927 8019 8684 8235 8175 8163 7534 8201 7987 7689 8943 8182 7624 7838 7477 7994 8458 8003 7935 8270 8063 8533 8288 8223 8023 8221 8416 7880 7969 7818 8223 7664 7515 8654 7828 8172 7826 8083 7549 8137 7743 7939 8461 8403 8291 7930 7535 8573 8147 8032 8088 7703 8122 7876 8450 7827 8100 8498 8065 8006 8582 7740 7732 8460 8137 7923 7890 8524 8206 8346 8272 8286 8237 8358 8519 7716 7963 8373 7730 8451 8460 8043 8429 8241 8013 7848 8103 8186 8556 8042 8611 7981 8510 8024 8025 7573 8005 7843 8591 8103 8587 7744 8605 8338 8433 7933 8051 8084 7995 7872 8121 8426 8377 7887 8466 7845 8190 7936 7925 8236 8724 7949 8516 7938 7934 8365 8156 8421 7968 8468 8085 7941 8001 8087 7481 8534 7927 8075 7973 7601 7934 7959 8509 8139 7921 8395 8083 8081 7686 7915 7679 8051 8138 7726 8625 8261 8259 7960 8545 8124 8048 8514 7822 8122 7747 8629 8306 
7370 7502 7719 7696 7964 7426 7029 7625 7479 7361 7556 7873 7480 7328 8009 7351 7933 7537 7903 7393 7466 7794 7863 7441 7559 7758 7698 7473 7343 8032 7320 7502 7409 7493 7029 7449 7919 7520 7961 7627 7524 7814 7363 7945 7616 7028 7722 7183 7425 7740 8153 7891 7848 7374 7290 7359 7477 7231 7588 7709 7479 7723 7414 7467 7548 7890 7709 7186 7279 7332 8066 7872 7682 7246 7537 7546 7076 7841 6966 7556 7635 7444 7646 7876 7228 7571 8461 7676 8230 7508 8018 7060 7749 7765 7642 7978 7689 7423 7663 7043 7409 7623 6714 7317 7704 7541 7358 7527 7742 7204 7484 7293 7249 7477 7396 7767 7923 7356 7681 7241 8028 7590 7196 7278 7595 7743 7437 7312 7326 7279 7531 7300 7077 7919 7322 8007 7815 6902 7115 7208 7536 7946 7424 7580 7498 7786 7309 7572 7209 7736 7157 7917 7576 7399 7866 7423 8451 7192 7822 8036 7839 7406 7766 7691 7648 7365 7296 7393 7531 7532 7822 7554 7325 6996 7177 7543 7523 7407 7914 7997 7794 7771 7652 7516 7256 7563 7714 7453 7846 7130 7427 8346 7684 7987 7786 7166 7642 6902 7444 8328 7481 7908 7743 6928 7293 7305 7479 7423 7326 7715 7960 7381 7715 7566 7464 7081 7097 7716 7176 7664 7691 7540 7365 7560 7562 7836 8154 7502 7809 7390 7371 7778 7357 7330 7571 7847 7555 7320 7564 6914 7609 7335 7342 8227 7425 7021 7130 7010 7422 7643 7305 7253 7979 7383 7857 7853 7308 7748 7754 7493 7503 7295 7033 7993 7236 6808 7622 7274 7726 7708 7472 6934 7620 7583 7116 7870 7767 7731 7430 6776 7365 8073 7589 7393 6929 7310 7533 8290 7311 7834 7678 7604 7802 7650 7236 7561 7420 7442 7458 7293 7609 7249 7515 7409 7819 7819 7465 7616 7309 7198 7662 7426 7491 7651 7526 7883 7336 7140 7347 7681 7755 7715 7422 8171 7529 7880 7219 7514 7109 7320 7353 8060 7799 7990 7171 7665 7612 7643 7421 7381 7329 7634 7137 7201 7705 7394 7520 7653 7368 7395 7367 7469 7834 8090 7158 7396 7433 7410 7541 7403 7864 7488 7557 7757 7121 7558 7597 7454 7863 7291 7339 7336 7127 7309 7153 7856 7500 7381 7571 7300 7473 7034 7691 7666 7248 7827 7424 7851 7542 7329 7475 7744 7371 7739 7471 7319 7307 7182 7796 7646 
7357 7647 7292 7484 8200 7475 7620 7464 7481 7198 7994 8275 7454 7305 8154 7479 8202 7756 7675 7315 7597 7866 7934 7907 7779 7426 8003 7654 7595 8121 7333 7733 7620 7851 7598 7542 8096 7675 7857 7821 7772 8034 7860 7783 7518 7323 7549 7134 8011 7885 8159 7899 7868 7979 7691 7537 8035 7697 7779 8306 7232 7953 7854 7876 7676 7728 7512 7472 7326 7642 7735 7694 7647 7284 6908 7565 7261 7819 7223 8164 7478 7846 7820 8110 7485 7993 8283 7459 8114 7576 7811 7491 7865 7410 7305 8271 7766 7409 7575 7028 7415 7897 6980 7584 7251 7444 7338 7499 7894 7678 7264 7988 7497 7676 7578 7659 8024 7656 7806 7732 7983 7862 7233 7593 7603 7786 7484 7748 7680 7420 7649 7797 7521 7859 7606 7879 7732 6790 7542 7423 7789 7666 7502 7891 7189 7885 7459 7544 7739 7716 7464 7967 7801 7735 7794 7335 8299 7119 7859 7821 7795 7778 8427 7766 7410 7247 7271 7649 8040 7384 7287 7811 7447 7508 7287 7553 7778 7304 7911 7930 7958 7694 7982 8049 7710 7648 8105 7497 8359 7508 7360 8297 7588 8237 7995 6998 7727 7313 7399 8259 7919 7593 7526 6970 7400 7516 8015 7747 7482 7759 7752 7513 7925 7311 7158 7356 7411 7667 7576 8054 7450 7458 7578 7773 7430 7996 8067 8070 7742 7660 7471 7805 7439 7041 7139 8191 7722 7354 7733 7042 7740 7238 7492 8072 7716 7367 7392 7278 7391 7613 7725 7500 7866 7602 8393 7835 7432 7730 7819 7800 7418 7324 7447 7749 7350 6896 8431 7462 7546 7385 7312 7137 7572 7840 7592 7962 7792 7511 7749 6837 7900 7879 7655 7519 7086 7802 7550 8017 7403 7637 7892 7757 7792 7793 7520 7904 7944 7858 7409 7559 7807 7744 7377 7574 7558 7675 7785 7764 7548 7731 8265 7428 7775 7687 7706 8123 7599 7436 7795 7480 7862 7747 7493 8058 7568 7568 7432 8014 7402 7881 7269 8050 7992 7668 7477 8069 7556 7507 7410 7527 7341 7694 7253 7695 7633 7849 7444 8092 7789 7823 7601 7695 8106 8048 7283 8228 7685 7357 7831 7387 8008 7786 7931 7341 7296 7863 7800 7171 7620 7330 7190 7379 7247 7030 7326 7759 7646 7182 7684 7616 7802 7338 7636 7697 7550 7866 7514 8240 7600 7760 7424 7762 7487 7653 7464 7392 7615 7390 7671 7683 
8169 8289 8274 7976 8471 8261 7962 7775 8092 7957 8360 8431 8281 8235 8530 7989 8581 7955 8866 7827 7706 8248 8610 8183 8009 8365 8122 8123 8080 8616 7609 8215 8056 7966 7587 8641 8494 7980 8412 8408 8375 8315 8378 8232 7854 7671 8171 7742 8064 8315 8671 8173 8260 8364 8208 7764 7994 8183 8232 8691 8105 8194 8292 8139 8090 8260 7880 7749 8012 7988 8361 8420 8288 7879 8052 8145 7949 8672 7677 8209 8063 8418 8205 8721 7825 8714 8759 8387 8279 8001 8354 7833 8397 7987 7802 8129 8116 7904 8083 7286 7880 8229 7370 7908 7761 7737 7619 8111 8352 7815 8281 8134 8230 8431 8250 8127 8621 7738 8312 7676 8887 8143 7905 7871 8319 8154 8065 8290 8035 7991 8064 7969 7954 8348 7573 8466 8264 7306 7762 7936 7933 8168 7797 7983 7902 8375 7870 8224 7910 8398 7808 8646 8086 8175 8246 8331 8405 7295 8619 8449 8276 8354 8931 8189 7848 8182 7685 8255 8058 7700 8295 8283 8014 8222 7847 8185 7955 7462 8358 8491 8266 8108 8310 8360 8021 7942 8296 8277 8825 8238 7994 8980 8209 8542 8363 7591 8439 7179 7976 9014 7970 8234 8067 7667 8031 7887 8264 8035 7714 8269 8518 8157 8287 8012 7988 7627 7916 7947 7898 8073 8323 8256 8124 8487 7827 8632 8773 8157 8153 7790 8035 8366 7890 7549 7888 8708 7963 7870 8600 7519 8271 7947 7958 8886 8171 7735 7830 7914 7936 8342 8195 8011 8194 7927 8745 8062 7993 7981 8173 8009 7947 7906 7632 8122 7771 7618 8600 7939 7759 7611 8203 7422 8242 8037 8078 8554 8014 8131 7980 7536 8746 8283 7912 7896 7908 8082 8057 8676 7873 8152 8535 8217 7978 8204 7622 7805 8004 8331 7773 8140 8233 8144 8118 8137 8354 8304 8052 8596 7759 7825 8238 7966 8088 8236 8070 8269 7981 8036 8184 8335 8433 8233 7807 8643 7773 8239 8410 8485 7913 7972 8033 8573 8102 8329 7805 8903 7901 8209 8164 7633 7837 7995 7743 7920 8351 8220 7741 8326 7906 8301 7867 7900 8171 8667 7617 8501 7898 7870 8333 7985 8495 8331 8153 7967 7679 8427 8109 7922 8336 7726 8142 8245 7532 7951 8064 8272 8178 7667 8420 8005 8241 7749 8051 8105 8036 8534 8162 8462 7766 8034 7772 8135 8197 8101 8163 7589 8178 7455 8245 8271 
8383 8281 8366 7927 8660 8426 7628 7678 8073 7883 8509 8570 8448 8091 8812 8261 8636 8228 8427 8128 8233 8346 8550 8582 8345 8044 8671 8130 8214 8971 7681 8267 8483 7852 7692 8456 8606 8199 8498 8232 8212 8472 8459 8621 8081 7775 8432 7779 8133 8537 8779 8613 8619 8518 8237 8103 8665 8331 8232 8623 8057 8679 7995 8218 8178 8224 8041 7887 7950 7975 9004 8649 8133 7957 8076 8268 7894 8377 8276 8624 8419 8431 8411 8883 7971 8931 9010 8434 8792 8078 8500 8112 8385 8029 8291 8880 8312 8176 8244 7522 7964 8215 7442 8212 7954 8027 8127 8292 8323 7958 8521 8346 8420 8364 8189 8595 8752 8111 8485 8027 8903 8094 7839 7701 8231 8580 8186 8655 8470 8453 8286 8213 7878 8908 7956 8465 8275 7413 7865 8234 8381 8521 8539 8397 8527 8344 8136 7737 8381 8673 7831 9020 8436 8235 8569 8266 8896 7835 8369 8162 8580 8356 8647 8526 7807 8210 7961 8148 8103 7659 8298 8766 8191 7874 7760 8252 8322 7712 8742 8713 8295 8460 8743 8632 7784 8393 8464 8542 8627 8066 8026 9074 8248 8770 8438 7567 8404 7949 8094 9043 8312 8158 7970 7795 8545 8289 8520 8195 8244 8271 8316 8141 8715 8195 8019 7783 8187 8407 7958 8560 8504 8345 7977 8304 8240 8543 8945 8386 8444 7935 8221 8826 7980 7806 7973 8611 8123 8301 8561 7934 8516 8220 8268 8992 8516 7879 8283 7875 8252 8534 7921 8338 8380 8405 8594 8315 7855 8464 8279 8306 8194 8394 7832 8167 7649 7978 8937 7964 8334 8037 8035 7890 8031 8381 8310 8736 8843 8282 7980 7732 8638 8467 8171 8302 7767 8006 8277 8975 8383 8462 8709 8553 7824 8448 8011 8371 8327 8691 7991 8227 8329 8263 7973 8218 8558 8394 8218 8712 8050 8110 8850 8076 7970 8411 8067 8543 8152 8064 8265 8370 8681 8629 8404 8999 7940 8504 8449 8503 7973 7836 7967 8578 8615 8521 7960 8768 8416 8162 8042 8101 7796 7958 7832 8364 8310 8139 8030 8418 8100 8219 8242 8296 8411 8756 7709 8615 8032 8055 8426 7985 8407 8353 8365 8116 7869 8538 8334 8174 8608 8016 8342 8165 7771 7843 8516 8435 8619 8299 8411 8147 7933 7993 8473 7981 8103 8698 8120 8983 8138 8265 8327 8508 8142 8307 8376 7582 8379 7685 8660 8228 
8355 8012 8141 8370 8823 8334 7962 8213 8198 8259 8414 8413 8284 8016 8856 7812 9011 8231 8658 7807 8374 8528 8499 8073 8198 8051 8389 8439 8425 8682 8537 8655 8319 8420 8020 8594 8821 8416 8654 8643 8810 8260 8614 8522 8193 8342 8503 8037 8288 8360 9019 8561 8429 8763 8365 7996 8455 8358 8154 8489 8299 8979 8494 8289 8099 8540 8263 7944 8266 8361 8772 8278 8327 8128 7883 8266 8116 8571 8108 8640 8176 8352 8695 8370 8210 8803 8815 8232 8739 8502 8709 7938 8358 8148 8436 8673 8369 8463 8457 7989 8124 8560 7397 8105 8056 8230 8086 7946 8659 7793 8227 8432 8025 8376 8310 8435 8563 7983 8355 7646 8833 8187 8247 8322 8167 8226 8005 8086 8137 8046 7996 7891 8153 8745 8177 8769 8433 7353 7977 7993 8295 8135 8256 8244 8226 8620 7931 8281 8391 8570 7946 8563 8394 7974 8661 8192 9116 7633 8448 8244 8405 8353 8788 8644 7998 8352 7935 8276 8306 7903 8317 8491 7838 8021 7744 8264 8325 8068 8419 8519 8065 8079 8964 8979 7984 8210 8497 8273 9148 7939 8261 8826 8602 8970 9001 7641 8533 7739 8426 8754 8277 8388 8284 7944 8288 7984 8477 8298 8095 8500 8610 8298 8630 8401 7754 7750 8310 8520 7856 8662 8406 8455 8541 8424 8140 8639 8541 8773 8013 8346 8318 8853 8086 8031 8071 8451 8290 8160 8660 7764 8627 8190 8140 8978 8249 7999 8291 7358 7956 8142 7747 8167 8389 8458 8421 8442 8246 8197 8647 8527 8169 8254 7793 8394 8226 7949 8805 8078 8296 7671 8317 7890 8413 8420 8274 8844 8547 8572 8289 7582 8434 8887 8318 8464 7907 8686 8182 8771 8036 8334 8631 8279 8364 8800 8252 8275 7922 8343 8191 8253 8382 8445 8362 8259 8107 8323 8250 8165 7936 7887 8751 8145 8559 8656 8213 8666 8113 8128 8236 8613 8584 8771 8460 8755 8153 8574 8078 8409 8243 8381 8346 8697 8658 8304 7961 9078 8280 8682 8016 8347 8026 8381 8331 8354 8502 8426 8097 8825 8328 8711 8259 8387 7943 9067 7980 8420 8159 8326 8548 8314 8446 8449 8511 8092 8005 8577 8218 7983 8516 7931 7868 8132 7996 7862 8343 8338 8388 7741 8288 7914 8410 7837 8195 8317 8163 8394 8066 8930 8254 8470 8415 8555 8304 8439 8457 7967 8247 7984 8608 8562 
8308 8351 8634 8301 8973 8523 8356 8301 8925 8345 8865 8651 8394 8476 9223 8205 9235 8208 9037 7946 8721 8329 8730 8529 8110 8425 8834 8924 8987 9253 8605 8683 8584 8363 8271 8884 9121 8603 8571 9020 8386 8584 8600 8997 8412 8323 8530 8246 8469 8583 9131 9009 8640 8780 8610 8319 8512 8527 8613 8738 8111 8942 8499 8400 8477 8808 8630 8456 8141 8559 8955 8871 8736 8502 8307 8647 8215 8970 8086 9098 8459 8671 8779 8877 8085 9033 9070 8648 9149 8493 8902 8246 8846 8428 8209 9302 8754 8558 8665 7901 8276 8716 7518 8512 8533 8520 8202 8283 8838 8297 8416 8666 8290 8519 8658 8703 9067 8047 8416 8432 9211 8322 8684 8133 8688 9021 8430 8535 8674 8646 8415 8348 8372 9039 8144 8448 8569 7615 8231 8299 8482 8709 8672 8865 8299 8417 8003 8500 8493 8900 8175 8904 8478 8442 8892 8401 9111 7809 8907 8461 8613 8449 9165 8654 8241 8659 8556 8476 8389 7974 8661 8715 8130 8109 8071 8515 8595 8420 8866 9043 8533 8732 8651 8869 8009 8245 8837 8310 8887 8213 8339 9270 8844 9350 8742 7799 9010 8099 8181 9435 8502 8506 8673 8205 8488 8296 8542 8581 8482 8590 8725 8268 8637 8394 8327 8043 8350 8539 8383 8467 8590 8455 8412 8876 8167 9016 9178 8623 8887 8117 8208 8970 8639 8345 8818 8706 8650 8864 8862 8142 8650 8336 8529 8921 8585 7903 8173 8116 8251 8811 8234 8408 8782 8482 8854 8773 8366 8400 8693 9103 8246 8291 7991 9025 8067 8020 8927 8344 8236 8357 8250 7948 8175 8458 8580 8921 8655 8629 8667 8183 8690 8638 8821 8500 7822 8322 8804 8874 8167 8478 8816 8552 8259 8592 8104 8619 8450 8691 8093 8488 8910 8396 8447 8482 8735 8833 8780 8548 8665 8479 8943 8132 8172 9073 8478 8887 8599 8185 8762 8462 8948 8903 8497 9131 8071 8866 8672 8502 8436 8324 8028 8805 8784 8682 8174 8968 8804 8920 8335 8238 8513 8591 8087 8598 8368 8428 8395 8890 8391 8711 8254 8465 8747 9400 8327 8699 8463 8462 8575 8613 8872 8488 9225 8190 8199 8483 8697 8192 8742 7993 8427 8484 7693 8257 8359 8618 8769 8385 8728 8364 8417 8093 8470 8586 8462 8747 8247 9051 8574 8407 8580 8487 8788 8229 8464 8093 8550 8192 8773 8781 
8024 8070 8205 8090 8608 8001 7269 7717 8129 8036 8139 8537 7920 7902 8619 7940 8275 8047 8244 7258 7945 8446 8646 8062 7909 8117 8473 7898 7739 8700 7824 7869 7940 8162 7673 8298 8267 8125 8180 8436 8252 8136 8151 8362 8235 7842 8341 7648 8313 8340 8817 8501 7972 8370 8104 7739 8370 8168 8161 8261 7828 8498 8212 8251 8062 8043 8227 7770 7994 7930 8346 8348 8142 8004 7681 7899 7775 8249 7655 8492 8284 8120 8536 8282 8006 8741 8680 8128 8801 8173 8501 7847 8360 8172 8263 8833 8247 7930 8228 7479 8002 8028 7247 7984 7811 7725 8035 7869 8303 7815 7817 8289 7883 7845 8015 8431 8446 7806 8003 7641 8270 8005 7863 7855 7907 8485 8008 8215 8010 8023 8056 8065 7936 8365 7839 8083 8195 7129 7754 7673 7834 7862 7983 8246 8228 8520 7683 7874 8215 7991 7992 8329 7912 8116 8095 8059 8724 7690 8289 8361 8006 8331 8359 8112 7660 8116 7752 7809 7947 7718 7974 8219 7710 7659 7695 7884 8605 7662 8479 8311 8237 7911 8398 8506 7827 7730 8231 7877 8595 7406 8157 8924 8354 8838 8398 7300 8463 7715 8062 8182 8253 8132 7993 7431 8088 8045 8424 7783 8117 8361 8759 7882 8330 8060 7870 7544 8119 8238 7711 8211 8000 8107 7868 8419 7704 8583 8566 8472 8357 7834 8045 8187 7683 7703 7781 8944 8195 7874 8255 7865 8315 7968 7985 8911 7996 7469 7988 7425 7815 8032 7995 8230 8400 8000 8295 8292 7981 8238 8034 8394 7905 7894 7486 8019 7906 7453 8760 7730 7836 8053 7896 7682 7902 8378 7798 8401 8183 8272 8007 7663 8406 7942 8333 7797 7417 8027 7878 8242 8164 8163 8246 8194 7831 7999 7607 8063 7908 8058 7520 7717 7911 8096 7938 8119 8312 8110 8077 8188 7918 7841 8491 7914 8358 8270 7990 8571 7674 7589 8437 8112 8115 8437 8101 8277 7722 8035 8170 8147 7800 8060 8086 8515 8474 8207 7913 8299 8384 8367 7913 7989 7843 8530 7730 7950 7851 8179 7932 8177 7883 8028 7773 7952 8263 8665 7565 8316 7714 8079 8060 7979 8345 8198 8209 7990 7892 8153 8022 7735 8212 7346 7735 7957 7678 7819 7979 8410 8079 7816 8332 7835 7995 7800 8053 8098 8151 8583 7910 8592 7815 7923 8026 8277 7875 7859 7998 7916 8121 7832 8528 8109 
7513 7680 7747 8064 8577 8066 7635 7494 8058 7372 8002 7972 8170 7770 8273 7502 8500 7905 8019 7092 7565 7804 8011 7790 7817 7599 8070 7813 7612 8390 7749 7915 7719 7838 7366 8109 8190 8082 8051 7971 7818 7762 7979 7863 7691 7472 7967 7377 7881 8036 8383 7727 7740 8019 7686 7485 8039 7615 7590 8286 7735 8195 7715 8113 7749 7843 7691 7532 7527 7694 8138 8154 7871 7406 7530 7814 7662 8128 7658 8007 7887 7937 7888 8127 7601 8450 8401 8090 8273 7759 8227 7775 8165 7792 7481 8188 7718 7840 7954 7462 7426 7592 7145 7714 7395 7776 7631 7535 7956 7362 7753 8004 7268 7648 7671 7835 8390 7864 7787 7680 8321 7623 7522 7472 8079 8040 7538 7858 7868 7691 7608 7623 7425 7985 7841 8063 7855 7042 7471 7677 7543 7612 7828 8134 7486 7752 7397 8090 7865 8038 7430 8265 7580 7533 7987 7542 8224 6908 8292 8141 8128 7954 8065 7913 7815 7408 7942 7667 8047 7585 7647 7888 7609 7857 7304 7767 7696 7453 8101 8012 7577 7847 7997 8090 7603 7547 7870 8167 8221 7662 7684 8532 7848 8210 8148 7046 7941 7403 7698 8502 7825 7933 7730 7355 7683 7575 7848 7660 7835 8222 7897 7490 7962 7814 7680 7336 7889 7749 7641 8175 7566 7672 8107 8399 7376 8117 8072 8017 8140 7557 7469 8090 7705 7428 7400 8283 7779 8082 7820 7497 8036 7742 7892 8439 7885 7324 7429 7473 7742 8025 7835 7716 8079 7814 7963 8093 7606 7512 7888 7990 7366 7555 7445 7765 7507 7466 8513 7588 7384 7847 7564 7234 7574 7912 7655 8073 7806 7663 7717 7075 8238 8018 7417 7587 7365 7584 7501 8512 7811 7985 7944 8022 7715 7837 7382 7771 7665 7894 7536 7562 7892 7892 7593 7980 8120 7881 8124 7875 7862 7549 8368 7607 7909 8032 7975 8209 7581 7648 7847 7462 8091 8106 7796 8348 7726 7764 7676 8220 7525 7949 7606 8535 8074 8091 7619 8195 7827 8011 7589 7882 7292 7911 7463 7695 7926 7722 7777 8182 7966 8311 7672 7796 7901 8377 7462 8153 7763 7335 8052 7710 7866 8208 8067 7721 7419 8122 7852 7478 8113 7680 7622 7384 7239 7185 7505 7821 8125 7590 8211 7835 7980 7280 7472 7338 7435 8004 7512 8191 7714 8083 7655 8065 7916 7815 7779 7493 7711 7425 8128 8292 
8294 8154 8315 8249 8688 8423 7790 7815 8314 8231 8148 8668 8147 8101 8896 8152 8609 8412 8645 7925 7904 8320 8186 8068 8167 8013 8463 7909 8062 8801 8134 8494 8440 8170 7768 8470 8649 8088 8448 8484 8234 7999 8363 8444 8245 7996 8395 8043 8354 8399 8843 8249 8732 8437 7856 8060 8442 8319 7983 8443 7962 8219 8276 8466 8063 8297 8188 7839 7899 7998 8523 8472 8568 8238 7899 8367 7551 8516 8066 8422 8257 8446 8603 8715 7806 8895 8715 8195 8765 8463 8576 7928 8677 8320 8015 8757 8421 8219 8214 7648 7754 8371 7212 8224 7971 8129 7818 7969 8553 7943 7823 8318 7962 8204 8193 8342 8532 7866 8315 7784 8893 7851 7733 8130 8144 8647 8101 8275 8273 7912 8264 8259 7867 8644 7822 8413 8675 7287 7899 7838 8455 8506 8279 8299 8054 8422 7814 8065 8358 8336 7704 8746 8408 8012 8553 7968 8987 7603 8378 8300 8389 8457 8932 8619 8065 7867 7956 8132 8115 7681 8220 8452 7839 7882 8006 8075 8099 7856 8726 8424 8250 8043 8333 8340 7643 8041 8321 8302 8891 8224 8017 9192 8056 8635 8497 7453 8475 7775 7910 8819 8559 8469 8316 7898 8042 8266 8279 8174 8110 8077 8177 8107 8281 7943 7651 7726 8213 8220 7755 8590 8327 8474 8153 8078 8036 8391 8573 8684 8346 8272 7999 8278 8108 7876 8023 8729 8300 8153 8372 7804 8538 7991 8129 9016 8287 7793 8099 7752 8037 8180 8077 7830 8683 8033 8570 8244 8239 8144 8384 8662 7844 7937 7849 8350 7914 7890 8515 8018 7968 7949 8218 7486 7939 8452 8226 8636 8341 8144 8076 7713 8462 8100 8084 8294 7855 8007 8066 8429 8289 8136 8651 8568 8063 8228 7657 8169 8254 7988 8161 8001 8200 7968 8142 8257 8636 8248 8298 8401 7772 8097 8717 8171 8383 8306 8520 8483 8118 8386 8903 8247 8372 8836 8421 8652 7844 8166 8118 8258 7902 8400 8029 8581 8535 8676 7885 8622 7850 8491 7992 8276 8094 8281 7828 8309 7876 8109 7831 8461 8019 8085 8010 7898 8102 8909 7768 8785 7887 7974 8321 7980 8655 8349 8185 8272 7946 8504 8360 7856 8585 7650 7945 8174 7876 8032 7899 8724 8109 7989 8216 7823 8525 7621 8388 8319 8084 8446 7925 8554 8258 8301 8238 8331 8187 7930 8240 7817 8299 7915 8740 8341 
8118 8162 8549 8187 8744 8343 7868 7869 8393 8337 8580 8835 8552 8075 9148 7915 9235 8242 8845 7609 8263 8239 8562 8079 8051 8294 8583 8551 8147 8848 8447 8387 8471 8026 7840 8584 9035 8332 8477 8485 8386 8067 8836 8414 8328 8034 8565 8022 8239 8735 9046 8664 8370 8487 8224 8130 8181 8303 8408 8506 7865 8391 7973 8414 8435 8620 7963 8073 8175 8075 9147 8354 8664 8211 8155 8430 7824 8512 7974 8794 8160 8526 8720 8826 8104 9178 9085 8207 8710 8473 8594 8141 8607 8289 8197 9063 8392 8356 8407 8238 8212 8422 7686 8123 8161 8433 8246 8559 8563 8144 7997 8420 8027 8317 8382 8399 8738 8092 8282 8114 9022 8171 8148 8161 8561 8381 8362 8499 8020 8426 8242 8425 8071 8917 8125 8612 8418 7495 8377 7908 8175 8534 8251 8381 8157 8670 7897 8137 8346 8649 8112 8787 8293 8152 8884 8159 9052 7759 8813 8645 8419 8472 8773 8387 8077 8009 7968 8531 8707 8118 8490 8526 8222 8095 8060 8529 8396 7938 8552 8657 8468 8571 8537 8592 8165 8213 8419 8155 8815 8021 8128 9443 8469 9039 8922 7680 8727 8112 8218 9060 8478 8554 8608 7955 8279 8229 8558 8445 8370 8583 8554 8040 8783 8199 8182 8132 8189 8530 8084 8449 8610 8575 8503 8871 7947 8615 9127 8684 8223 8405 7977 8741 8304 8095 8006 8646 8530 8366 8877 8121 8601 8155 8525 8799 8468 7949 7860 8157 8056 8391 8267 8283 8821 8493 8744 8376 8441 8393 8603 8511 8043 8217 8135 8639 8229 7799 8834 7991 8453 8213 8110 7777 8460 8281 8551 8800 8484 8552 8326 7933 8725 8584 8434 8325 8300 8347 8394 8642 8338 8582 8501 8478 8469 8501 8055 8275 8487 8354 8162 8194 8462 8301 8291 8536 8762 8308 8564 8873 8366 8103 8769 8163 8410 8808 8358 8544 8095 8285 8334 8678 8704 8875 8160 8763 8190 8827 8426 8428 8304 8101 8445 8675 8442 8469 7911 8768 8471 8774 8035 8149 7931 8575 7936 8622 8419 8200 8240 8827 8173 8658 8322 8606 8679 9074 7944 8472 8201 8086 8246 8142 8717 8628 8266 8291 7800 8556 8082 8578 8274 7938 8348 8219 7863 7982 8146 8787 8279 7864 8390 8434 8462 7794 8001 8770 8268 8726 8226 8898 8413 8306 8139 8396 8271 8457 8534 7855 8189 7979 8729 8469 
8223 8148 8295 8622 9162 8330 7904 7730 8478 8074 8609 8414 7834 7985 8603 8417 8540 8262 8598 7814 8045 8543 8678 8408 8126 8194 8804 7940 8094 8620 8372 8228 8152 8109 7838 8715 8711 8493 8146 8622 8334 8385 8315 8519 8372 7772 8393 7761 8080 8684 8808 8621 8432 8397 8130 7849 8160 8452 8297 8375 8011 8243 8497 8483 8210 8458 8530 8396 8100 8324 8524 8689 8423 7882 8173 8412 8286 8598 7937 8558 8472 8627 8592 8545 7850 8623 8868 8558 8641 8449 8578 8274 8654 8028 7959 8819 8686 8286 8432 7648 8178 8585 7599 8268 7787 8206 8091 7870 8542 8146 8205 8504 7731 7956 8366 8291 8746 8426 8412 7860 8514 8141 7899 8198 8227 8403 8302 8287 8014 7866 8495 7907 8106 8447 7941 8570 8790 7650 8107 8264 8196 8408 8368 8295 8110 8690 7692 7700 8442 8727 7920 8471 8236 8327 8460 8339 8878 8010 8248 8374 8503 8388 8428 8351 7968 8339 8419 8140 8369 8090 8229 8618 7445 7865 7942 8320 8050 7794 8243 8708 8295 8411 8640 8841 8039 7919 8761 8398 8806 7872 8549 9077 8690 9060 8929 7346 8327 8276 8101 9026 8212 8556 8294 7476 8363 8417 8549 8071 8239 8743 8702 8319 8248 8267 8044 7991 7902 8277 8099 8366 8321 8057 8066 8698 7969 8470 8620 8570 8609 8030 7774 8437 8380 8169 7700 8910 8142 8062 8146 7756 8503 8246 8086 8898 8559 7795 8011 7635 7678 8445 7862 8181 8275 8362 8530 8471 8193 8563 8209 8397 7833 7977 8133 8600 8311 7862 9137 7790 8090 8016 8231 7767 8401 8401 7731 8583 8349 8461 8089 7146 8488 8212 8560 8280 8099 8311 7990 8324 8232 8476 8954 8600 8260 8204 7871 8350 7908 8317 8168 8388 8482 8326 8468 8111 8425 8859 8362 8442 7995 8128 8961 7834 8420 8497 8471 8798 8369 8466 8389 8178 8298 8730 8237 8630 8002 8373 8066 8515 8134 8601 8106 8920 8274 8465 8224 8427 8159 8303 8222 8315 8172 8308 7744 8252 8391 8536 7968 8427 7848 8379 8087 7616 8510 8849 8105 8590 8096 8002 8323 8292 8698 8354 8414 7917 8170 8524 8174 7931 8243 7897 8428 8381 8031 7742 8350 8409 8385 7967 8312 8044 8043 7761 8308 8225 8044 8437 8056 9069 8475 8328 8140 8298 8459 8147 8561 7987 8103 7695 8754 8414 
8798 8505 8584 8633 9401 8510 8263 8706 8311 8358 8836 9006 8549 8236 9144 8583 9265 8637 9330 8226 8231 8838 9009 8514 8297 8313 8744 8373 8615 9110 8499 8791 8738 8566 8270 9142 9049 8754 8751 8862 8502 8670 8917 8894 8594 7919 8995 8161 8376 9174 9031 8698 8847 8992 8590 8349 8510 8249 8805 8806 8407 8693 8929 8657 8510 8643 8705 8239 8661 8482 8905 8832 8700 8439 8197 8800 8510 8783 8357 8926 8510 8616 8828 9094 8403 9234 9177 8494 9397 8916 8942 8583 9035 8533 8712 9264 8796 8465 8736 8025 8519 8496 7674 8253 8456 8529 8087 8374 8683 8542 8584 8620 8237 8521 8705 8840 9032 8283 8515 8291 9075 8467 8320 8434 8451 8881 8392 8633 8435 8421 8660 8429 8220 9175 8073 8939 8333 7783 8431 8214 8376 8530 8837 8867 8054 9109 8070 8563 8583 8903 8014 8967 8679 8691 9203 8603 9311 8269 8938 8723 8622 8705 9118 8864 8230 8398 8106 8415 8737 8155 8609 8864 8598 8328 8163 8546 8573 8107 8531 8715 8662 8588 9056 8844 8166 8517 9057 8778 9030 8382 8379 9448 8683 9300 9219 8156 8917 8140 8590 9355 8597 8918 8654 8168 8747 8619 8636 8416 8271 8872 8948 8501 9276 8477 8453 8148 8325 8446 7727 8799 8717 8375 8471 8999 8070 8947 8934 9031 8742 8407 8370 8784 8406 8068 8323 8753 8577 8642 8942 8331 8737 8369 8410 9187 8683 8127 8323 8005 8208 8839 8237 8411 9066 8553 8837 8592 8583 8353 8707 8627 8441 8128 8344 8820 8295 8122 9420 8404 8482 8312 8144 8180 8320 8582 8308 8837 8808 8803 8649 7889 8878 8589 8632 8897 8270 8438 8126 9135 8203 8654 9072 8699 8267 8479 7888 8483 8633 8644 8018 8346 8863 9135 8651 8748 8807 8652 8206 8868 8354 8452 9031 8390 8506 9173 8334 8888 8696 8302 8225 8634 8973 8974 8437 9581 8128 8560 8595 8785 8587 8598 8716 8835 8782 8616 8406 8894 8705 8695 8409 8302 8029 8622 8453 8532 8829 8492 8266 9220 8341 8643 8333 8424 8660 9111 8409 8868 8441 8287 8723 8336 9115 8579 8965 8357 8171 8619 8476 8545 8941 8314 8746 8540 8359 8198 8381 8756 8816 8227 8820 8392 8736 7861 8560 8573 8532 8982 8432 9299 8446 8405 8606 8651 8715 8431 8638 8095 8599 8277 8938 8888 
7713 7839 7662 7986 8254 7688 7363 7609 7639 7615 7951 8136 8057 7424 8450 7540 8264 7745 8097 7570 8023 7898 7917 7600 7481 7283 7904 7938 7861 8672 7760 7927 7779 7665 7434 8302 8256 7833 8067 7697 7634 7884 8085 7886 7519 7573 7726 7601 7902 7938 8540 7888 8115 7490 7844 7403 7949 8064 7915 8204 7745 7997 7808 8043 7577 7876 7777 7453 7704 7625 8110 7847 7984 7565 7533 7841 7812 7992 7438 8593 7768 7970 7757 8328 7732 8471 8377 7760 8439 7884 8473 7453 8371 7759 7606 8474 7920 8084 7986 7527 7770 7964 7233 7707 7882 7704 7869 7648 8052 7508 7852 7832 7428 7956 7880 8060 8001 7662 7838 7698 8157 7503 7852 7572 7775 8411 7595 7884 7828 7569 7714 7604 7626 8049 7664 8222 7989 7139 7314 7422 7736 7803 7899 7854 7664 7916 7576 7346 8066 8250 7520 8522 7648 7517 8033 7883 8327 6854 8343 7837 8048 8171 8411 7804 7586 7688 7589 7845 8083 7438 7654 8235 7880 7577 7438 7678 7766 7745 8039 7963 7706 7803 7840 8286 7385 7524 7893 7818 8340 7722 7847 8212 7961 8592 8255 7399 8208 7569 7625 8365 8028 8201 7804 7416 7627 7657 7932 7687 7682 8117 8010 7402 8080 7741 7506 7401 7684 7823 7573 8103 7896 7814 7957 8143 7367 8202 8290 7888 8089 7407 7770 8019 7649 7534 7509 8242 7789 7849 8241 7612 7891 7834 7713 8617 8014 7461 7769 7104 7284 7706 7641 7734 8170 7830 7995 8129 7656 7636 7923 8144 7764 7369 7383 7811 7224 7526 8298 7459 7708 7679 7741 7319 7717 7748 7561 8134 8134 8107 7764 7146 7720 7767 7635 7699 7324 7881 7764 8140 7487 7929 8083 7717 7866 7987 7535 8053 8016 7958 7613 7913 7703 7704 7834 7813 8023 7973 7982 7731 7695 7680 8277 7410 8054 8259 7948 7965 7604 7496 7850 7855 8160 8149 7755 8370 7553 8071 7871 7713 7510 8314 7628 8061 8086 7859 7724 8156 7650 7997 7654 7570 7222 7709 7502 7564 7906 7829 7606 8136 7769 8047 7771 7768 7822 8424 7396 8094 7679 7745 8047 7982 8255 8158 8227 7264 7750 7754 7884 7416 8000 7664 7861 7595 7195 7279 7581 8155 7924 7715 8082 7438 7922 7333 7921 7668 7504 7982 7651 8132 7750 7848 7543 8149 8068 7991 7965 7316 7752 7274 8199 8122 
8384 8306 8371 8239 9137 8433 8022 8046 8182 8341 8389 8901 8170 8138 8851 8308 8792 8470 8663 7843 8596 8499 8268 8231 8181 8172 8446 8347 8279 9023 8236 8465 8389 8302 8224 8630 9031 8445 8512 8602 8324 8170 8580 8533 8608 7743 8552 7972 8058 8906 9042 8524 8364 8175 8339 7867 8482 8273 8256 8481 8121 8775 8764 8573 8271 8310 8129 8236 8199 8349 8527 8427 8656 8033 8071 8568 7846 8333 7968 8831 8347 8455 8153 8545 8173 8811 9042 8677 8883 8378 8844 7778 8467 8333 8197 8674 8600 8330 8272 7758 8126 8333 7632 8290 8434 8198 7988 8259 8521 8167 8107 8563 8032 8154 8175 8483 8866 8150 8273 8126 8587 8300 7733 7889 8179 8484 8527 7975 8184 7928 8137 8067 8019 8779 8081 8640 8312 7422 8205 8383 8498 8356 8540 8344 8140 8611 7902 7906 8621 8768 8080 8584 8467 8139 8536 8008 8634 7978 8783 8540 8478 8347 8652 8200 8013 8207 7997 8195 8488 7935 8368 8444 8004 7833 8074 8451 8401 8037 8526 8783 8413 8328 8575 8516 7768 7973 8506 8644 9135 8285 8247 8737 8558 8963 8649 7543 8736 7816 8051 8898 7941 8370 8331 8077 8213 8098 8431 8193 8174 8253 8535 8357 8444 8039 7788 7903 8321 8347 8068 8677 8274 8206 8395 8875 7843 8601 8629 8204 8479 8079 8169 8590 8122 8176 8176 8656 8386 7956 8613 7931 8734 8286 7932 9001 8225 7938 8363 7805 7873 8218 7958 8385 8489 8431 9001 8670 7797 8127 8269 8590 8225 7912 7974 8183 8065 7928 8719 8242 8169 8203 8085 7579 7951 8279 8311 9060 8591 8229 8378 7648 8314 8071 8299 8113 7973 8259 8007 8573 7963 8345 8693 8251 8188 8565 7785 8547 8164 8308 7894 8314 8447 8337 8193 8356 8539 8646 8286 8589 8460 8035 8930 8034 8278 8319 8068 8500 8240 8081 8185 8233 8665 8306 8157 8765 8170 8394 8237 8580 8226 8352 7968 8602 8779 8426 8384 8631 8314 8491 8136 8112 7908 8437 8238 8163 7999 8213 7940 8771 8270 8408 8104 8161 8572 9154 7878 8638 8008 8118 8076 8343 8117 8285 8749 7960 8205 8675 8662 7918 8606 7873 8071 8143 7664 8324 8122 8542 8146 8099 8181 8022 8418 8082 8161 8545 8099 8416 8285 8628 8584 8075 8145 8616 8320 8438 8011 7694 7991 7958 8623 8384 
7882 7966 7754 8144 8233 8053 7722 7712 7944 7839 8100 8092 7966 7784 8458 7988 8449 8155 8434 7624 7938 8072 8092 8243 7790 7967 8219 7803 7884 8502 7810 8310 8203 7798 7708 8394 8390 7816 8138 8415 8028 8327 8217 8150 8305 7785 7829 7803 7766 8233 8729 8527 8032 8267 8299 7616 8107 7809 7883 8457 7726 8474 8113 8151 8250 8017 7580 7680 7775 7824 8046 8211 8066 7392 7916 8196 7890 8460 7806 8339 7799 8112 8220 8472 7673 8492 8662 8180 8525 8109 8324 7730 8397 7977 7642 8777 8084 8019 8165 7591 7627 8159 7375 8154 7662 7804 7968 7988 8006 7987 7893 8056 7731 7723 8103 8049 8226 7907 7994 7571 8849 7801 7805 7601 8305 8248 7850 8333 7890 8027 7825 7646 7758 8353 7841 8198 8331 7100 8023 7763 7990 8084 7940 8218 7798 8261 7783 7985 8209 8271 7804 8444 8066 8192 8302 7927 8733 7563 8237 8022 8427 7980 8560 8126 7785 7637 7611 7934 8084 7578 7990 8243 8172 7601 7671 7969 8094 7782 8360 8626 7910 8114 8326 8444 7438 7401 8224 8033 8309 7702 7831 8681 8393 8523 8358 7564 8312 7280 8409 8569 8205 8106 8458 7443 7827 8035 7766 7873 8196 7899 8122 7793 8299 8431 7554 7480 7793 8137 7782 8221 8474 8113 7855 8217 7689 8353 8477 8057 8401 7927 7913 8273 8154 7699 7445 8283 7997 8018 8073 7743 8278 7906 7803 8720 7875 7753 7860 7549 7589 8220 8026 8073 8465 8015 8369 8032 7855 7861 8023 8417 7717 7743 8015 8049 7656 7544 8619 7804 8229 8137 7565 7453 8088 7946 7967 8198 8307 8383 8038 7496 8167 8001 8195 8157 7429 7696 7834 8272 7904 8240 8210 8181 7772 8198 7891 7971 8107 8561 7709 8077 8039 8367 7849 8153 8036 8155 8129 8370 8058 7855 8390 7828 8089 8607 7981 8159 8033 7347 7996 8286 8380 8263 7963 8329 7928 7944 8022 8088 7923 7679 7865 8121 8245 8274 7767 8436 8012 8028 7821 7788 7645 7999 7613 8177 7825 7922 7773 8333 8112 7831 7737 7735 8340 8796 7575 8400 7931 7957 7822 8129 8352 8091 8199 7872 7727 8501 8204 7871 8042 7531 8136 8139 7516 7851 7768 8227 8225 8045 7906 7639 8215 7591 8124 7835 7891 8294 7710 8751 8264 7993 7762 8183 8002 8003 8016 7436 8194 7723 8397 8339 
8135 8428 8356 8474 8722 8345 8370 7990 8444 8096 8504 8264 8300 7916 8591 8044 8670 8196 8586 7929 8247 8509 8458 8304 8244 8217 8286 8030 8094 8926 7955 8525 8429 8534 8128 8673 8832 8134 8406 8387 8076 8412 8067 8408 8196 8251 8508 7916 8301 8338 8799 8511 8505 8467 8242 7489 8386 8006 8168 8591 8069 8430 8672 8203 8195 8137 8037 7736 8075 8018 8501 8324 8506 7902 8085 8631 7876 8347 7797 8507 7956 8418 8479 8960 8169 8992 8939 8081 8850 8731 8278 8026 8331 8366 7982 8540 8546 8121 8879 7437 8097 8006 7427 8491 7896 7941 7945 8156 8290 8195 8198 8450 7746 8125 8406 8330 8254 8030 8510 7866 9169 8334 8337 8010 8098 8290 8397 8321 8201 8146 8361 8020 7972 8609 7963 8589 8323 7903 7782 8007 8156 8511 8491 8234 8289 7933 7867 8332 8254 8521 7886 8515 8358 8205 8650 8039 9253 7568 8519 8278 8459 8190 9140 8419 8213 7714 7984 8480 8052 7737 7933 8747 7861 7759 7969 8287 8243 7994 8421 8547 8417 8226 8624 8578 7870 7930 8609 8310 8676 7861 8588 8937 8563 8734 8832 7529 8883 7785 8293 8880 8234 8446 8542 7688 8219 8015 8288 8205 8204 8552 8786 8052 8569 8100 7953 7866 8206 7938 7741 8578 8013 8082 8189 8388 8042 8728 8527 8560 8366 7961 8263 8616 8301 7902 7588 8613 8505 8175 8561 7836 8397 8395 7963 8710 8135 7884 8015 7848 7852 8266 7985 8167 8704 8460 8480 8027 8546 8186 8499 8290 8306 7979 7842 8375 7950 7596 8788 7783 8194 7914 8012 7876 8275 8204 8288 8555 8242 8637 7698 7926 8242 8190 8295 8159 7605 8114 8332 8753 8309 8577 8303 8529 7729 8633 7781 8364 8368 8438 8030 8032 8195 8049 7897 8183 8831 8245 8469 8314 7991 8208 8767 7960 8417 8583 8318 8845 8023 8040 8507 8230 8507 8587 8086 8798 8268 8664 8207 8360 8057 8074 8531 8570 8579 8397 8012 8475 8397 8743 8141 8101 7935 8245 7739 8257 8288 8150 8192 8243 8297 8173 7946 8002 8056 8548 7715 8655 7782 8056 8501 7790 8570 8499 8484 8056 7878 8624 8393 8077 8678 7899 7953 8506 7710 7838 8193 8542 8416 7776 8576 8179 8335 7706 8307 8338 8154 8242 7964 8797 8503 8051 8314 8366 8083 8104 8324 7855 8151 7772 8750 8546 
7955 8100 8276 8118 8339 8336 7535 7816 7912 7885 8616 8398 8229 7746 8669 7861 8666 8072 8581 7999 7884 8047 8473 8228 8066 8096 8505 8199 7971 8840 8037 8391 7992 8176 7769 8374 8809 7858 8165 8316 8120 8189 8340 8373 8225 8013 8039 7614 8071 8619 8667 8154 8159 8493 8200 7527 8336 8071 7987 8235 7787 8314 8173 8171 8302 8074 8192 7874 7907 8081 8430 8294 8099 7887 7918 8059 7911 8264 7825 8579 7925 8334 8210 8454 7982 8628 8570 8634 8772 8088 8681 8080 8577 8412 7875 8899 8501 8313 8267 7493 7847 8159 7435 8086 8105 8358 7960 8343 8193 7993 8226 8221 7967 8273 8119 8226 8419 7871 8117 7763 8785 8050 7639 8117 8037 8109 8053 8111 7919 7904 8280 8307 7852 8509 7829 8450 8193 7560 7916 7770 8368 8403 8301 8320 8122 8163 8183 7895 8190 8580 7845 8601 8241 8367 8476 8091 8685 7352 8347 8187 8401 8361 8662 8330 7809 8136 7858 7889 8389 7694 8208 8317 7599 7947 7634 8134 7953 7962 8560 8739 8181 8124 8286 8513 7791 7854 8799 8187 8650 7723 8212 8441 8213 8764 8534 7767 8437 7546 8302 9042 8185 7894 8470 7935 8092 8122 8213 8094 8085 8159 8185 8089 8372 8026 7950 7868 7982 8324 7740 8348 8107 8162 8276 8703 7898 8315 8692 8396 8343 7884 8029 8605 8078 7713 8091 8583 8313 7861 8278 7639 8477 8058 7941 8916 8245 7929 8032 7589 7862 8202 7825 8298 8317 8161 8445 8191 7835 7852 8397 8370 7941 7809 8053 8357 7885 7830 8870 7694 7983 8013 7719 7412 7847 8230 8048 8450 8358 8091 8025 7428 8433 8182 8149 8221 7486 7861 8177 8136 7949 8224 8718 8585 8069 8164 7980 8155 7949 8300 7732 8166 8090 8108 8182 8282 8158 8112 8128 8515 8057 8036 8727 7739 8004 8641 8246 8230 8089 7932 8269 8287 8309 8164 8063 8615 8036 8439 8048 8482 7866 8348 7759 8655 8217 8439 8377 8605 8154 8306 7571 8368 8048 8047 7910 7893 8450 8196 7905 8779 8163 8419 8077 8210 8146 8605 7694 8450 8065 7932 8342 8000 8552 8442 8078 8097 7670 8203 8404 7997 8131 7727 8022 8178 7718 7781 8188 8522 8340 7779 8354 8105 8199 7872 8025 8032 7681 8404 8129 8787 8321 8363 8069 8014 8099 7941 8282 7792 7952 7767 8440 8437 
8358 7923 8368 8129 8703 8231 7986 7861 8573 7974 8320 8371 8315 7882 8745 7973 8609 8107 8324 7785 8284 8577 8393 8349 8287 8085 8577 7742 8059 8726 8122 8558 8286 8171 7980 8249 8766 8050 8176 8603 8246 7956 8257 8119 8107 7871 8300 7917 8352 8448 8761 8599 8018 8039 8044 7688 8094 8163 8112 8466 8023 8367 8296 8495 8154 8459 8304 7897 8165 7897 8527 8631 8322 8039 7958 8320 8045 8675 7500 8418 7893 8543 8171 8544 8043 8424 8916 8294 8612 8183 8780 7673 8441 8120 7859 8738 8550 7946 8314 8001 7938 8264 7261 8078 8050 8184 8061 8122 8175 8171 8421 8195 8249 8063 8418 8250 8350 7965 8210 8128 8653 8222 7995 7899 8393 8503 8236 8447 7946 8065 8246 8026 7903 8708 8026 8225 8584 7159 8110 8014 8270 8177 8116 8203 8233 8255 7727 8171 8116 8538 7636 8415 8185 8357 8418 7856 8591 7685 8356 8328 8685 8298 8590 8231 8010 7635 8254 8197 8605 7829 8178 8520 7900 7778 7794 8025 8258 7748 8463 8665 8527 8361 8528 8670 7909 7850 8468 8174 8737 7872 7988 9107 8522 8769 8908 7663 8419 7695 8203 8808 8150 8372 8225 7403 8318 7902 8514 7989 8023 8244 8535 7917 8302 8072 7854 7912 8096 8351 7946 8234 8183 8637 8402 8672 8046 8576 8699 8234 8277 7959 7611 8306 8076 7965 8053 8522 8330 8228 8117 7641 8391 8183 7739 8909 8054 7806 7969 7781 8059 8373 8189 7995 8411 8418 8604 8489 8030 8383 8289 8242 8145 8017 7638 8318 7737 7628 8615 7818 8241 7701 8264 7684 8019 7945 8237 8714 8363 8525 8157 7333 8642 8154 8360 8203 7608 7926 8133 8541 8144 8214 8381 8324 8318 8341 7971 7915 8047 8314 8035 8088 8159 8226 7988 8559 8552 8282 8305 8278 8022 8130 8799 7823 8458 8191 8137 8746 7750 7975 7873 8425 8468 8488 8046 8481 8151 8669 8199 8241 8077 8057 8088 8326 8283 8521 7911 8704 8322 8340 7991 8064 7699 8442 7663 8164 8275 7917 8133 8548 8134 8185 7856 8089 8474 8965 8004 8677 8008 7978 8344 7994 8317 7935 8238 7935 7855 8321 7876 7938 8357 7792 8178 8071 7473 7815 8070 8530 8013 7981 8125 7885 8121 7620 7924 8104 8106 8544 8078 8688 7861 8181 7916 8679 8115 8447 8248 7426 8130 7644 8824 8243 
8568 8240 8682 8859 8964 8478 8285 8261 8310 8120 8694 8755 8478 8614 8913 8274 9011 8418 8841 7875 8557 8447 8816 8314 8400 8313 8765 8355 8258 9098 8580 8440 8601 8596 8042 8774 9114 8794 8744 8715 8865 8726 8641 8885 8312 8230 8449 7969 8745 8896 9015 8954 8560 8608 8181 8018 8550 8437 8544 8529 8082 8866 8815 8373 8950 8478 8595 8025 8157 8361 8569 8551 8589 8084 8346 8808 8368 8594 8100 8836 8126 8685 8532 8667 8505 9403 8690 8509 8855 8564 8873 8396 8565 8314 8298 9163 8728 8714 8642 8100 8020 8466 7764 8854 8220 8443 8275 8327 9064 8049 8470 8723 8415 8400 8670 8626 9226 8292 8535 7951 9114 8418 8122 8088 8253 8585 8490 8583 8312 8406 8653 8304 8263 8658 8290 8938 8549 7804 8301 8069 8508 8738 8427 8523 8149 8686 7939 8340 8246 8372 8099 8841 8432 8537 8893 8381 9249 7778 8821 8778 8633 8601 9232 8707 8187 8291 8294 8633 8693 8477 8279 8818 7974 8101 8227 8437 8539 8415 8428 8542 8499 8344 8720 8808 8221 8376 8987 8525 8974 8430 8397 9291 8514 8981 8934 7749 8757 7999 8314 8769 8051 8516 8460 8136 8511 8185 8549 8234 8235 8595 8724 8603 8878 8219 8180 8070 8543 8430 8070 8455 8412 8308 8481 8589 8024 8967 8850 8775 8967 7958 8307 8813 8590 8306 8347 8904 8890 8450 8689 8249 8635 8423 8348 9318 8833 8075 8256 8052 8193 8505 8252 8695 9131 8514 8852 8259 8359 8654 8694 8663 8344 8165 7875 8381 8221 8078 9315 8148 8287 8009 8082 8011 8330 8528 8634 8635 8463 8603 8604 7963 8854 8542 8385 8448 7872 8389 8382 8603 8318 8639 9032 8654 8184 8395 7792 8456 8417 8799 7887 8329 8710 8640 8129 8459 8790 8405 8590 8515 8404 8254 8847 8374 8250 8947 8807 8663 8273 8022 8313 8451 8850 8895 8597 8793 8089 8709 8309 8731 8110 8380 8197 9036 8801 8500 8395 8619 8527 9106 8043 8512 8493 8759 8041 8472 8541 8564 8101 8595 8302 8632 8250 8244 8558 8929 8032 8876 8409 8157 8718 8365 8391 8846 8819 8349 8045 8512 8345 8664 8806 8354 8552 8384 8159 8129 8607 8785 8768 8213 8654 8214 8529 8196 8452 8640 8493 8481 8231 9177 8439 8361 8592 8405 8513 8352 8462 8194 8301 8056 8820 8520 
7551 7986 7562 8068 8258 8160 7670 7599 8296 7747 7796 7820 8347 7585 8488 7741 8250 7868 8013 7362 8091 8063 8275 8130 7636 7733 7878 7766 7621 8599 7493 8193 7774 7952 7790 8159 8423 7838 8010 8091 8123 8158 8030 7904 7840 7878 7960 7776 7914 8307 8552 8349 8158 7859 7950 7799 8331 7760 8015 8464 7881 7879 7958 8264 7748 7844 8358 7744 7751 7967 8025 8170 8043 7638 7903 8046 7874 8288 7811 8342 7836 8581 8096 8317 7860 8490 8497 8281 8108 7831 8200 7732 8069 7782 7925 8454 8264 7875 7920 7615 7485 7909 7397 8072 7739 7814 7532 7805 7978 7887 7781 8001 7672 8256 7841 8190 8196 7900 8119 7778 8354 8150 7613 8086 7814 8389 8200 7767 7764 7716 8080 7781 7765 8328 7900 8325 7836 7203 7775 7789 7925 8053 7753 7868 8244 8182 7318 7700 8129 8025 7835 8263 7910 8124 8310 7796 8343 7313 7886 8067 8013 8326 8305 7859 7624 7769 7803 7961 8527 7565 8029 8150 7506 7746 7584 7870 8111 7860 8391 8447 7981 7879 8053 8424 8203 7419 8196 7953 8617 7523 7942 8809 8255 8458 8419 7360 8021 7690 8101 8438 8181 8106 8072 7562 7988 7787 8054 7768 7508 8440 8307 7682 8330 7844 7424 7586 7811 8023 7579 8226 7681 8026 7894 8323 7722 8087 7963 7949 8167 7893 7631 8010 8044 7505 7711 8437 7954 7652 8122 7971 8307 8033 8048 8904 7731 7424 8025 7445 7509 8047 7758 8315 8361 7947 8287 8118 7715 7916 8106 8366 7759 7631 7465 7960 7666 7459 8846 7494 7612 7633 7587 7586 7945 8179 7712 8293 8063 8216 7944 7337 8088 7857 7785 8187 7596 7667 7742 8351 7830 8195 8373 8176 8056 8254 8107 8114 7672 8156 8025 7597 7705 7740 7826 7638 8115 8145 7870 8250 7802 7950 8258 7807 8144 8357 7771 8230 7865 7927 8392 8363 8236 8152 7871 8402 7821 8211 7947 8192 7907 7920 7858 8490 8163 8016 7654 8014 7970 7915 7826 7882 7786 7798 8006 8138 7858 8059 7992 8121 7629 7852 8042 8007 7920 8395 7561 8326 7656 7899 7897 7886 7943 8284 8288 7656 7521 8147 7856 7769 8480 7743 7856 8044 7620 7304 7755 8238 8196 7762 8016 7935 8309 7807 7941 7896 7681 8138 7789 8608 8263 7867 7827 7805 8228 7933 7680 7649 7912 7677 8608 8154 
7596 7802 7647 7560 8508 7419 7455 7333 7835 7665 7839 8047 7548 7765 8354 7858 8207 7315 8088 7356 7527 7820 7913 7728 7888 7731 8043 7584 7699 8336 7611 7825 8071 7721 7754 7706 8138 7446 7688 8359 7890 7835 7758 8103 7447 7442 7449 7421 7817 8010 8477 8235 8016 7790 7873 7429 8055 7600 7614 8015 7431 7737 7881 7812 7612 7800 7593 7479 7541 7549 7974 7980 7842 7986 7521 7670 7447 7823 7393 8266 7563 7817 8044 7969 7585 8286 8187 7743 8075 7911 7906 7468 7763 7639 7774 8305 7723 7655 7853 7232 7303 7659 7245 7816 7734 7794 7543 7511 8119 7718 7445 7683 7452 7609 7847 7717 8179 7467 7828 7480 8167 7815 7334 7531 7745 8258 7351 7644 7697 7539 7667 7653 7365 8058 7201 7952 7798 6610 7347 7577 7976 7645 7841 7997 7542 8157 7127 7740 8047 7819 7440 8069 7817 7758 7903 7532 8355 7232 7892 7869 7886 7901 8561 7900 7543 7549 7575 7549 7836 7286 7952 8289 7505 7860 7113 7523 7843 7490 7922 7884 7899 8067 8035 8003 7406 7548 8015 7888 8133 7980 7399 8280 7982 8292 8184 7422 7883 7697 7401 8464 8002 7676 7821 7271 8037 7623 7789 7636 7574 8052 8071 7614 8084 7643 7280 7471 7798 7581 7601 7802 7675 7659 7656 7841 7633 7992 8320 7724 7994 7501 7371 7772 7860 7399 7467 8002 7737 7809 7808 7396 8079 7378 7453 8281 8180 7164 7628 7016 7598 7508 7430 7646 7772 7829 7754 8105 7616 7687 7749 8157 7565 7606 7030 7946 7223 7166 8216 7463 7530 7567 7468 7314 7552 7718 7800 8088 7806 7944 7631 7263 8162 7656 7775 7918 7027 7525 7699 8355 7826 7858 7999 7744 7684 7953 7635 7499 7566 7901 7713 7738 7592 7653 7739 7659 7988 7948 7762 7838 7717 7170 8004 7673 7920 8049 7701 8398 7613 7395 7785 7841 7819 7788 7727 8240 7371 7840 7715 7942 7650 7907 7532 8077 7967 7877 7623 7832 7542 8053 7619 7801 7405 7538 7467 7962 7578 7755 7640 8107 7642 7966 7394 7267 7746 8226 7398 7922 7467 7476 7788 7506 8077 7740 8021 7496 7619 7965 7759 7868 7905 7445 7668 7938 7245 7257 7322 7744 7683 7349 7749 7643 7685 6982 7909 7966 7056 7846 7610 8182 7485 7440 7590 7975 7775 7453 7915 7269 7395 7548 7977 7866 
7910 8168 8077 7849 8629 7787 7514 7469 7871 7668 8387 8351 7920 7639 8676 8017 8445 7933 8749 7437 7940 8204 8285 8283 8046 7789 8112 7927 7984 8612 8090 8285 8128 8111 7867 8254 8564 7585 8189 8429 7969 8041 8202 8270 7898 7482 8076 7565 7924 8215 8819 8581 7956 8024 7798 7605 7830 7957 7877 8135 7863 8405 8243 8488 8055 8153 8138 7949 7759 8001 8550 8264 8234 7668 7933 7988 7866 8574 7763 8653 8042 8015 8272 8229 8081 8356 8628 7926 8672 7936 8233 7495 8370 8104 8034 8494 7888 8133 8200 7486 7822 7891 7408 8068 8185 8080 7605 7896 8317 7839 7944 8140 7907 7800 8154 7974 8552 7675 7997 7479 8599 8025 7559 8098 8102 8271 7934 8178 8006 7780 8335 7756 7815 8399 8105 8289 8471 7237 8039 8183 7997 8032 8257 7709 8014 8471 7549 7866 7863 8432 7395 8273 8051 7890 8483 8065 8435 7517 8103 8183 8352 8247 8530 8141 7608 7641 7800 7874 8207 7676 7892 8622 7748 7670 7408 7654 8030 7812 8317 8332 8033 8166 8196 8453 7558 7757 8322 8140 8682 7877 8054 8519 8041 8434 8442 7450 8184 7768 7920 8812 7931 8032 7953 7645 8206 7955 8330 8057 8113 8191 8196 7833 8264 7856 7698 7599 7698 7903 7834 8151 8372 7767 7826 8309 7984 8225 8525 8323 8371 7723 7721 8161 7851 7683 7851 8232 8309 8087 8123 7598 8108 7891 7890 8588 8268 7848 7656 7315 7922 8037 7675 8122 8008 8222 8126 8188 7732 8127 7948 8254 7936 7588 7344 8220 7505 7527 8599 7564 8028 7630 7932 7416 7994 7896 7914 8370 8472 8094 7907 7263 8303 8030 8008 7871 7232 7922 8290 8405 7901 8250 8478 8139 7866 8196 7434 7797 8102 8097 7625 7827 8042 8008 8161 7993 8313 8041 8367 8240 7939 7706 8307 7609 8149 8204 8272 8895 7977 7364 7857 7815 7854 8238 7914 8357 7981 8064 7798 8311 7791 8028 7907 8547 7990 8483 7928 8255 8072 8222 7670 8070 7653 7614 7395 8144 8156 7716 7558 8241 7850 8269 7788 7854 8184 8466 7767 8266 7628 7548 8227 7919 7944 8152 8390 8167 7920 8241 8001 7783 8202 7649 7875 7813 7652 7790 8051 8273 8163 7421 8489 7719 8120 7223 8084 8348 7748 8188 7870 8461 7691 7855 8118 7819 8085 7557 8121 7812 8215 7415 8261 8158 
8313 8256 8349 8709 8825 8186 8303 8341 8393 7980 8805 8849 8410 8485 9024 8388 9178 8824 8679 8080 8151 8669 8480 8539 8219 8335 8374 8475 8285 8898 8458 8630 8605 8170 7858 8857 9105 8408 8867 8955 8461 8644 8798 8348 8614 7941 8690 7898 8117 9028 9023 8775 8526 8479 8344 8049 8489 8398 8259 8813 8114 8863 8465 8480 8340 8409 8681 8131 8436 8256 8684 8704 8296 8266 7883 8680 8400 8763 8152 8798 8179 8635 8937 8569 8038 8769 8968 8513 8920 8799 8709 8310 8739 8516 8310 8931 8633 8611 8452 7816 8075 8285 7802 8383 7885 8364 8380 8197 8485 8299 8313 8740 7904 8294 8577 8368 8948 8128 8266 7800 8921 8191 8173 8328 8292 8390 8316 8489 8500 8081 8436 8551 8053 8947 8194 8800 8315 7428 8206 8325 8116 8622 8558 8444 8038 8538 7765 8237 8386 8585 8220 8633 8258 8262 8712 8297 8934 8196 8636 8937 8726 8623 8991 8776 7875 8447 8137 8479 8794 8203 8312 8388 7942 8069 8002 8221 8459 8057 8561 8691 8555 8393 8694 8714 8047 8287 8821 8626 8875 8261 8396 9181 8567 9103 8898 7650 8512 8190 8592 9069 8040 8504 8690 8080 8773 8203 8508 8293 8211 8601 8682 8404 8855 8348 8180 7955 8262 8846 7931 8769 8470 7932 8479 9146 7954 8600 8934 8707 8830 8306 8106 8888 8437 8393 8123 8759 8683 8237 8377 7940 8476 8604 8362 9172 8442 7822 8184 7945 7892 8129 7977 8712 8582 8385 8653 8747 8176 8533 8360 8730 8271 8276 8051 8715 8075 8159 9065 8150 8459 8201 8061 8036 8283 8096 8277 8740 8797 8486 8365 7579 8798 8018 8468 8382 8102 8353 8641 8478 8251 8547 8763 8568 8121 8364 8023 8383 8425 8423 8332 8501 8729 8667 8498 7923 8702 8646 8264 8597 8380 8297 9135 8024 8555 8790 8639 8664 8049 8192 8437 8335 8955 8670 8196 8814 8419 8951 8213 8837 8191 8468 8202 8925 8519 8562 8137 8560 8560 8787 8184 8447 8485 8891 8592 8273 8131 8343 8101 8707 8270 8538 8344 8218 8703 8916 7838 8395 8357 8170 8731 8266 8692 8408 8921 8121 8173 8673 8514 8433 8815 8055 8533 8547 8072 8027 8274 8746 8451 8130 8703 8472 8769 8065 8419 8328 7850 8251 8179 9078 8336 8171 8413 8322 8516 8093 8381 7926 8228 8065 8700 8481 
7834 8232 8164 8121 8821 8287 7593 7898 8246 8035 7926 8337 8485 7991 8514 7982 8901 8410 8892 7748 8161 8216 8473 8059 7584 8044 7978 8107 7912 8573 7912 7995 7897 7994 7860 8341 8746 7814 8265 8231 8062 8017 8151 8388 8121 7957 8329 7883 8249 8474 8695 8508 8168 8113 8144 7681 8397 8135 8209 8515 8125 8086 7930 8369 8227 8080 7979 7918 7846 7824 8843 8402 8338 7872 7719 8154 7925 8541 7511 8367 8179 8083 8390 8717 7924 8586 8893 8314 8725 7926 8329 7869 8569 7745 7956 8678 8044 8163 7883 7694 7888 8004 7266 8003 7830 7969 7825 8173 8591 7893 8049 8338 7403 8014 7975 8228 8159 7805 8177 7530 8496 7774 7778 7621 8124 8374 7836 8129 8027 8048 8195 7665 7811 8481 7896 8761 8161 7380 8014 8050 7942 8406 8146 7706 8124 8281 7630 7620 8302 8394 7881 8602 8388 8030 8276 7811 8795 7598 8433 8452 8264 8036 8479 8383 7779 8083 8205 8121 7956 7911 8168 8239 7759 7833 8111 8126 8160 7906 8625 8554 7968 7881 8462 8464 7563 7958 8683 8244 8660 8098 8062 8936 8203 8515 8365 7418 8590 7323 7842 8701 7941 8423 8260 7817 7864 8027 8017 8379 8063 8349 8610 8037 8512 7548 7666 7762 7691 8097 7764 8386 8015 8242 8223 8298 8043 8019 8578 8508 8322 7820 7712 8302 8220 7949 7849 8526 8260 8237 8460 7602 8421 7955 8072 8674 8107 7498 7985 7558 7998 8113 8095 7931 8380 7946 8524 8327 7667 8041 8205 8296 7907 7885 7761 7908 7715 7519 8726 7901 8244 7957 8001 7590 8091 8442 8087 8358 8221 8434 8104 7491 8505 8092 8026 7717 7949 7771 7986 8351 7835 8408 8521 8163 7838 8478 7650 7995 7900 8303 7750 7925 8326 7794 8302 8129 8641 8380 8074 8269 7965 8058 8311 8018 8030 8514 8248 8475 7989 7666 8194 8017 8180 8321 7901 8376 7834 8375 8132 8469 7974 7904 7831 8460 8337 8266 7887 8297 8026 8406 7830 7943 8008 7976 7648 7910 7855 8322 7801 8259 7949 8019 7845 7613 7871 8601 7586 8580 7957 7712 8319 8157 7980 8010 8078 8243 8081 8079 7984 7988 8487 7876 7722 8407 7993 8046 7947 8225 8288 7940 8510 7335 8372 7798 7989 8477 8003 8360 8286 8554 8154 8248 7981 8141 8515 7964 8203 7793 7887 7380 8398 8359 
7760 8039 7809 7812 8467 7678 7619 7983 7664 7788 8119 8141 7700 7692 8481 7899 8529 8095 8397 7550 7824 7904 8037 8163 8087 7771 7821 7971 7753 8378 7699 8269 8143 7837 7535 7927 8259 7857 8317 7867 7913 8079 7815 7981 8216 7466 8017 7545 7960 7928 8454 8229 8444 7834 7930 7413 8148 7722 8008 8051 7874 8274 8271 8245 8013 7944 7692 7594 7733 7874 8287 8225 8065 7753 7650 8079 7806 8202 7518 8290 7665 7836 8271 8377 7771 8299 8459 7479 8614 7806 8091 7468 8132 8000 7596 8226 7830 7640 8246 7347 8004 7971 6931 7935 7697 8017 7822 7850 8157 7881 7618 7864 7402 7819 8188 7812 8154 7621 7907 7551 8370 7530 7583 7607 7842 8070 7734 8142 7932 7960 8359 7596 7678 8194 7768 8002 7762 7501 7567 7649 7658 8065 8025 7688 7969 8175 7699 7727 7932 8260 7601 8589 7952 7862 7801 7657 8525 7437 7914 8014 7994 8134 8534 8504 7676 7741 7750 7856 7878 7762 7964 8095 7868 7742 7590 7646 8085 7330 8204 8341 7934 7992 8076 8151 7733 7691 8404 7933 8472 7690 8103 8344 8129 8423 8289 7289 8232 7221 7906 8407 8206 7886 7706 7311 7989 7731 7921 7786 8027 8295 8315 7897 8115 7973 7435 7562 7552 8062 7474 8162 7816 8079 7899 7997 7701 8483 8293 8037 7937 8065 8021 8003 7885 7672 7529 8383 8242 7780 8132 7548 8244 7803 7799 8751 8070 7649 7807 7339 7839 7974 7696 7519 7960 7829 8115 7823 7665 8097 8151 8006 7819 8004 7166 8075 7372 7155 8497 7647 7821 7674 7885 7442 7901 7891 7838 8148 8137 8214 7614 7475 8046 7901 7839 7852 7154 8066 7740 8369 7759 7992 8181 8033 7680 7979 7701 7654 8186 8036 7799 7770 8318 8116 7687 8021 7873 7720 7755 7950 7744 7965 8172 7876 8109 8292 7839 8248 7724 7358 8152 8057 8212 8262 7692 8103 7529 7901 7646 8248 7569 8149 7955 8226 8035 8186 7927 8276 8022 7881 7738 7700 7500 7829 7739 7951 7782 7794 7781 8244 7779 7820 7879 7776 7964 8193 7415 8187 7575 7594 8188 7684 7925 8009 7950 7749 7759 8140 8142 7795 8111 7665 7498 8090 7491 7630 7607 7918 7944 7520 7948 7581 8192 7429 7879 7894 7878 8067 7646 8203 7877 7719 7721 8018 8164 8003 8004 7453 8105 7564 8317 7825 
7767 7980 8278 7998 8751 7956 7813 7770 8046 7729 8041 8341 8491 7840 8315 7989 8580 7957 8308 7678 8414 8247 8486 8168 7927 7983 8487 8185 7857 8535 7799 8208 8085 7856 8037 8120 8663 8011 8115 8314 8087 8178 7895 8138 8105 7666 7982 7626 7939 8090 8673 8575 8047 7808 8030 7601 8370 8120 8019 8623 8007 8074 8337 8053 8037 8182 7932 7700 8027 8248 8270 8341 8126 7804 7806 8083 7607 8360 7495 8359 8080 8483 8355 8560 7681 8661 8590 8286 8546 7918 8328 7718 8210 7847 8011 8624 8145 8222 8094 7743 7848 8082 7383 7893 7959 7754 7873 8253 8241 8072 7814 8380 7653 8021 7957 7971 8234 7975 8224 7739 8476 7841 7678 8178 7864 8417 7872 8185 8131 8156 8088 7769 8059 8242 7999 7961 8514 7344 7803 7861 8119 8261 8210 7985 8109 8205 7548 7887 7914 8362 7932 8392 7817 8246 8220 7939 8492 7539 8195 7797 8279 8208 8391 8171 7685 8064 7858 8160 8313 7724 7963 8340 7973 7973 7703 7989 8100 8172 7977 8386 8223 8046 8012 8035 7976 7685 8584 7786 8263 8084 7990 8938 8541 8755 8844 7434 8295 7560 8190 8686 8049 8085 8136 7575 8127 7894 7930 7907 7881 8259 8417 8046 8541 7933 7555 7607 8176 8305 7868 8127 8003 8219 7859 8713 7709 8485 8506 8120 8665 7688 7962 8373 8108 7954 7991 8239 8205 8089 8448 7666 8618 8044 8153 8795 8151 7534 7933 7643 8041 8351 8049 8363 8298 8215 8200 7955 7751 8047 8141 8464 8194 7699 7867 8278 7821 7643 8618 8081 7711 7521 8004 7278 7944 7961 8068 8196 8130 8233 8086 7619 8505 7925 8147 8093 7680 7827 7779 8426 7812 8331 8057 8092 8143 8148 7605 8025 8165 8470 7883 8025 8089 7776 7929 8194 8161 8199 7960 8214 7953 7954 8590 7839 8031 8354 8187 8679 7818 7879 8032 8215 8364 8155 7814 8561 7825 8359 7964 8218 8187 8183 8113 8536 8138 8012 7530 8358 8465 8223 7854 7920 7993 7914 7821 7894 8211 8347 7925 8483 7659 8103 7747 8124 8288 8401 7961 8336 7895 7821 7939 8187 8006 8218 8357 7876 7668 8278 8083 7677 8416 7547 7856 8249 7331 7643 7880 8497 8333 8014 8309 8047 8070 7457 7660 8167 8115 8205 7999 8727 7972 8017 8292 8038 8268 8149 8296 7270 7939 7788 8146 8346 
7829 7864 7795 8006 8662 7777 7490 7857 7891 7377 8233 8054 7775 7933 8651 7803 8291 7796 8295 7629 8016 8040 8461 7827 8257 7615 8281 8085 7968 8673 7998 7948 7823 7745 7832 8106 8631 8068 8076 8201 8019 8273 8096 8292 7815 7660 8140 7513 7927 8200 8464 8197 8192 7900 8148 7713 8048 7943 7931 8012 7635 8029 7898 7999 7670 7864 7856 7520 7818 8004 8189 8230 7942 7442 7771 7898 7743 8127 7729 8579 7874 8161 7982 8124 7882 8538 8566 8184 8372 8051 8196 7482 8269 7924 7452 8085 8202 7896 8161 7238 7616 8140 7216 7864 7485 8097 7429 8139 8212 7669 7757 7882 7604 7956 8045 8115 8298 8101 7984 7764 8794 7914 7498 7933 7855 8390 7673 7892 8324 7629 7729 7966 7451 8053 7693 8085 8073 7135 7548 7711 7835 8044 8038 7955 7624 8156 7721 8011 8249 8498 7666 8296 7654 7893 8157 8132 8706 7300 8023 7820 8461 7868 8511 8015 7793 7919 7929 7976 8183 7533 7789 8454 7579 7869 7831 7740 7972 7411 8076 8246 8284 7802 8150 8416 7697 7517 8182 7885 8438 7701 7870 8385 7795 8337 8388 7245 8029 7717 7777 8975 8020 7883 7897 7055 8022 7980 8133 7820 7771 7884 8242 7654 7738 7699 7503 7684 7703 7913 7700 7983 7784 8136 7866 8181 7654 8307 8419 7984 8152 7938 7901 8367 7876 7691 7867 8615 7968 7658 8170 7444 8224 7558 7714 8666 7979 8012 7825 7565 7653 8093 7861 7769 7959 7975 8319 7819 7601 8074 8024 8294 7503 7924 7581 8182 7520 7536 8268 7759 7578 7860 8091 7065 7828 7730 7864 8592 7814 8071 7611 7137 8330 8016 8032 7969 7577 7686 7883 8521 7794 8053 8091 7920 7631 7933 7676 8046 7847 8079 7787 8119 8142 7772 7880 7983 8119 7859 8041 7994 7770 7537 8370 7574 7688 8362 7968 8528 7830 7631 8161 8170 7843 8369 7883 8765 7581 7895 7767 8160 8002 8126 7901 8343 8196 8272 7818 8285 8106 8106 7912 8177 7651 7923 7694 8191 8249 8111 7815 8195 7695 7992 7806 7376 8155 8249 7798 8254 7643 7773 8076 7907 8347 8101 8154 7111 7335 7807 8029 7729 8146 7517 7840 7992 7567 7662 7691 8192 8011 7140 8025 7669 7979 7430 7825 8139 7892 8203 7829 8730 7501 8226 7892 8171 7958 7709 7880 7654 7637 7635 8485 8248 
8201 8358 8398 8399 8563 8160 7861 8119 8331 8150 8395 8305 8224 8190 8906 8038 8686 7955 8404 8156 8247 8202 8647 8558 8456 7873 8581 8390 8136 8503 8273 8286 8297 8009 7743 8592 8533 8272 8311 8478 8392 8565 8676 8559 8337 8045 8324 7771 8358 8382 9177 8761 8373 8127 8053 7625 8187 8250 8234 8610 8380 8621 8302 8374 8292 8139 8202 7945 7922 8244 8586 8452 8204 7859 8093 8719 8036 8287 7812 8740 8333 8361 8265 8974 8065 8949 8861 8268 8986 8228 8455 7601 8682 8270 8462 8871 8640 8147 8375 8107 8158 8398 7575 7853 8262 8345 7886 8001 8513 8225 7996 8194 7987 8195 8403 8472 8349 7830 8740 7863 8784 7783 7855 8156 8152 8391 8299 8329 8317 8243 8176 8107 8085 8774 8135 8682 8540 7220 7713 8093 8263 8335 8339 8044 8297 8563 8060 7613 8564 8737 7973 9082 8079 8183 8614 8014 9054 7616 8549 8501 8389 8213 8869 8592 7997 8090 7733 8229 8254 8078 8348 8607 7830 8034 7789 8415 8192 7833 8343 8535 8483 8317 8648 8579 8099 7963 8469 7951 8785 7862 7972 8938 8314 9238 9112 7787 8451 7774 8380 8704 8395 8716 8030 7403 8344 8284 8250 7781 8357 8267 8520 8295 8507 8305 7797 7859 8207 8453 7990 8457 8158 8432 8119 8516 7721 8863 8915 8140 8503 8059 8549 8339 8359 8153 7987 8670 8379 8284 8709 7548 8327 7996 8317 8836 7933 7601 8125 7646 7942 8415 8065 8108 8486 7976 8465 8173 8170 8038 8276 8679 8220 7939 7609 8357 8142 8146 8866 7980 8341 7833 8181 7887 8358 8803 8253 8515 8307 8464 8344 7657 8412 8367 8523 8381 7724 8151 8296 8399 8298 8670 8543 8321 8361 8255 7982 8465 8063 8352 8191 8171 8431 8075 8303 8076 8352 8268 8409 8435 8117 8165 8870 8220 8443 8575 8307 8557 7933 8427 8375 8227 8460 8464 8354 8656 8059 8294 8104 8292 8137 8571 8082 8482 8252 8634 8146 8445 8337 8419 8086 8081 7980 8299 8031 8047 8037 8293 7845 8684 8066 8158 8104 8006 8496 9184 8356 8576 8015 8109 8578 7945 8655 8245 8574 7916 8079 8347 8185 8145 8534 7908 8618 8127 7935 7642 8131 8631 8202 8081 8350 7779 8250 8057 8213 8478 8033 8424 8287 8682 8179 8366 8108 8512 8147 8232 8325 8072 8377 7837 8057 8680 
8025 8315 7948 7939 8560 8149 7458 7854 8160 7859 8008 7938 7948 7598 8915 8015 8354 7955 8529 7565 7996 8072 8359 7972 8008 8060 8305 8173 8152 8553 7917 8403 7774 8024 7726 8483 8658 7893 8080 8057 8043 8084 8284 8334 8240 7693 8077 7522 7868 8267 8850 8650 8400 7906 8320 7534 8389 8060 7802 8149 7991 8334 7903 8419 8038 8239 8126 7932 8064 7885 8444 8290 8278 7951 8094 8448 7883 8380 7842 8315 7962 8305 8311 8476 8331 8402 8790 8186 8526 8052 8465 7741 8381 7964 7684 8858 8182 8020 8081 7429 8049 8391 7447 7798 7911 8088 7925 8105 8156 7804 8079 8125 7929 7916 8062 8346 8368 8007 8257 7267 8186 7658 7966 7798 7984 8570 8086 7973 8003 8008 8122 8051 8032 8404 7917 8487 7901 7305 7881 7958 7990 8216 8229 7747 8194 8484 7819 7619 8307 8300 7969 8564 7957 8138 8254 8094 8648 7421 8329 8042 8234 8307 8573 8476 7729 7850 7894 8089 8094 7598 7910 8401 7597 7884 7816 7973 8047 8045 8313 8357 8095 8151 8345 8545 7909 8051 8343 8190 8440 7970 8153 8666 8326 8539 8373 7472 8394 7729 8162 8506 8272 8049 8369 7564 8170 7645 8226 7874 7961 8079 8352 7948 8158 8211 7742 7630 7729 8051 7656 8103 8360 8205 7877 8620 7814 8374 8523 8232 8504 7816 7967 8558 8215 7772 7663 8607 8219 8051 8228 7786 8054 8118 8173 8886 8045 7474 8123 7380 7541 8241 7834 7782 8363 8148 8472 8198 8036 8026 7906 8402 7992 7912 7266 8037 7582 7314 8761 7352 8110 7985 8147 7607 8042 8014 8038 8601 8303 8299 8252 7284 8608 8139 8061 8038 7769 8018 8214 8459 7969 8257 8516 8232 7982 8371 7850 8126 8200 8184 7938 7844 8053 8156 8165 8229 8404 8221 8067 8430 7798 7747 8369 7929 7993 8408 8054 8781 7852 7678 8149 8347 8365 8152 8079 8607 7861 8267 8306 8294 7889 8191 7755 8335 8010 8363 7950 8491 8205 8365 8166 8119 7909 8005 7703 8370 8097 8172 7583 8400 7963 8284 8001 7922 8425 8940 7561 8291 7959 7745 8117 8026 8322 8183 8016 7710 8163 8308 8120 8101 8413 7582 7798 8243 7866 7710 8000 8137 8267 7896 7923 7938 8236 7360 8136 8096 7688 8433 8024 8414 8172 7924 7999 8144 7921 7899 7986 7670 8274 7538 8485 8215 
8301 8069 8767 8139 8668 8221 7795 7997 8159 8250 8519 8178 8042 7925 9264 7910 8747 8192 8731 7893 8510 8270 8525 8054 7989 8153 8670 8221 8059 8723 7843 8121 8102 8284 7832 8616 8859 8274 8260 8646 8227 8215 8586 8442 8318 8179 8348 7777 8129 8652 8915 8694 8391 8192 8067 7733 8563 8325 8220 8234 7972 8359 8197 8642 8407 8078 8227 8074 8152 8369 8655 8367 8691 8033 8183 8552 7782 8184 8238 8515 8406 8368 8688 8197 8182 8969 8591 8624 8770 8386 8512 8089 8662 8212 7788 8951 8598 8609 8384 7477 8161 8467 7788 8388 8020 8558 8251 8220 8433 8019 7941 8552 8088 8005 8106 8390 8657 8221 8453 7742 8854 8337 7845 7801 8208 8436 8182 8196 8445 8105 8215 8536 7973 8609 7949 8781 8275 7396 8024 7816 8515 8683 8535 8342 8019 8427 7939 8043 8376 8713 7824 8504 8313 7958 8241 8003 8946 7714 8409 8227 8045 8417 8646 8612 7922 8277 8208 8019 8407 8017 8153 8538 7670 8302 8042 7918 8356 7886 8111 8802 8311 8055 8633 8555 7859 8109 8729 8039 8633 8146 8089 8886 8448 8885 8628 7610 8886 7967 8445 8787 8379 8390 8373 8032 8207 8212 8154 8336 8052 8225 8449 7979 8356 8303 7952 8244 8095 8201 7770 8399 8038 8327 8320 8488 8029 8643 8769 8461 8407 8131 8259 8760 8203 7789 7959 9000 8577 8182 8339 7289 8467 8194 8150 8941 8283 7749 8169 7792 7773 8529 7756 8135 8343 8012 8554 8315 7852 8283 8446 8172 8150 7795 7891 8485 8127 7696 9175 7704 8134 7814 8070 7931 8107 8303 8331 8641 8149 8630 8417 7637 8273 8426 8212 8198 7796 7851 8532 8560 8178 8327 8396 8295 8195 8197 8085 8148 8248 8304 7928 7732 8227 8065 8291 8278 8028 8693 8217 8626 7932 7797 8819 8295 8080 8674 8160 8479 8127 8092 8213 8422 8433 8524 8185 8689 7826 8755 8488 8331 8196 8006 8123 8678 8517 8634 8178 8412 8331 8430 7928 8303 8086 8437 8026 8049 8140 8286 7976 8809 8035 8656 8525 7865 8275 8730 7931 8413 7976 7657 8394 7816 8339 8499 8441 8045 8025 8437 7859 8222 8615 7672 8381 8289 7815 7875 7878 8466 8685 7953 8683 7755 8044 8007 8313 7981 7861 8587 8142 8686 8439 8246 8237 8220 8252 8055 8072 8075 8353 7781 8725 8448 
8130 8074 8161 8276 9182 8193 7911 8027 8544 7907 8587 8379 7891 7914 9126 8155 8878 8151 8631 8099 8038 8381 8422 8052 8015 8090 8384 8004 8153 9029 8191 8376 8300 8040 7830 8386 8821 7943 8315 8441 8503 8214 8295 8496 8563 7700 8457 7899 8275 8606 9038 8674 8182 8449 8236 7897 8179 8291 8193 8261 7942 8554 8319 8441 8235 8226 8243 7800 8017 8371 8800 8535 8745 8072 8157 8333 8162 8684 7894 8735 8160 8317 8023 8414 8142 8792 8750 8415 8697 8116 8519 7948 8167 8080 7789 9072 8452 8122 8286 7633 7959 8221 7401 8230 8096 8232 7989 8331 8608 8178 7856 8896 8017 8292 8215 8169 8627 7999 8304 7930 8775 7840 8045 8004 8200 8684 8290 8478 8393 8018 8087 8474 7932 8757 8011 8247 8309 7343 7750 8029 8415 8372 8327 8413 7980 8423 7939 8116 8541 8597 7993 8516 8319 8277 8882 8442 9264 7428 8287 8404 8009 8272 8922 8380 7913 7956 8112 8230 8380 7776 8047 8450 7447 8008 7915 8417 8418 7925 8493 8852 8285 8443 8091 8672 7952 8004 8485 8316 8951 8083 8110 8822 8558 8979 8820 7471 8555 7873 8018 8976 8249 8287 8174 7778 8055 7987 8513 8445 8227 8193 8529 8090 8794 8304 7996 8021 8088 8278 7809 8486 8409 8628 8267 8927 7788 8603 8376 8455 8411 8137 8239 8515 8336 7937 8037 8774 8336 8178 8427 7697 8391 8047 7717 8790 8158 7827 7937 7647 7855 8418 8077 7989 8389 8184 8422 7941 8118 8114 8491 8177 8142 8077 7724 8247 8085 7964 8794 7868 8015 7771 8116 7729 8078 8362 8235 8357 8246 8408 8024 7765 8911 7999 8392 8288 7774 7993 8209 8482 8023 8356 8538 8446 8153 8481 7869 8291 8181 8071 8255 8427 8287 8131 7926 8401 8576 8200 8342 8226 8011 8118 8831 7914 8507 8628 8373 8627 7944 7875 8353 8337 8581 8485 8346 8831 7911 8528 8086 8407 8262 8185 8228 8623 8407 8486 8265 9059 8283 8480 8241 8324 8133 8484 7895 8360 8317 8058 8036 8403 7897 8325 7926 7900 7963 8922 7878 8623 7897 7845 8592 8375 8508 8184 8364 8048 7500 8444 8146 8420 8319 8106 7978 8353 7547 7913 8212 8226 8515 7703 8183 8153 8602 7949 8216 8318 8045 8338 7882 8683 8033 8052 8013 8277 8310 8764 8114 7735 8397 7902 8616 8493 
8089 8378 7835 7973 8807 8205 7927 8068 8223 8016 8414 8279 8052 7974 8576 7906 8409 8124 8473 8017 7914 8299 8582 8376 7946 8000 8231 8110 8134 8549 7964 7982 8170 7748 7781 8340 8546 8165 8176 8254 8426 7975 8323 8365 8148 7747 8022 7686 8165 8453 9056 8329 8313 8521 8294 7949 8460 7959 8051 8184 8034 8138 8364 8390 8020 8015 7892 7915 7988 8216 8524 8655 8215 8376 7536 8186 7876 8634 7555 8372 8174 8226 8232 8336 8328 8770 8520 8164 8526 8422 8482 7952 8196 7815 7981 8684 8332 8084 7922 7484 7551 8405 7068 8100 8056 8073 7857 8079 8194 7715 8140 8153 7986 8082 8170 8469 8570 8032 8339 7433 8596 7890 7798 8035 7916 8365 7853 8206 8404 8013 7978 8044 8297 8230 7738 8318 8318 7383 7780 7937 8282 8045 8353 8382 7956 8134 7678 8122 8479 8403 7761 8560 8274 8120 8298 7961 8545 7468 8085 8435 8178 8264 8720 8212 7859 8161 7959 7980 7979 7597 8384 8325 7719 8124 7657 8040 7817 7841 8335 8418 8325 8266 8538 8546 7677 7765 8318 8466 8569 8046 7758 8934 8280 8801 8539 7087 8718 7775 8178 8534 7924 8107 7891 7821 8165 8084 8380 7836 8399 8425 8380 8262 8272 8309 7665 7710 8003 8103 7941 8390 8263 8146 7883 8315 8026 8326 8449 8453 8536 7842 8165 8446 7995 7519 7976 8451 8545 8028 8453 7894 8115 7978 8031 8599 8037 7650 7701 7214 7878 8239 7852 8333 8437 8330 8432 8058 8129 8086 8176 8668 8032 7991 7604 8015 7691 7811 8582 7798 7889 7892 7789 8012 7993 8067 7948 8639 8453 7987 8046 7430 8540 8204 8259 7972 7793 8191 8159 8607 7864 8387 8537 8353 8141 8368 7703 8257 7831 8438 7758 8200 8106 8103 8073 8098 8252 8680 8248 8510 7951 8070 8511 7587 8229 8310 8154 8361 7930 7677 8427 8171 8708 8292 8103 9041 7855 8302 8042 8443 8001 8029 7995 8287 8530 7947 8081 8646 8210 8248 8054 7895 8020 7888 7932 8384 8012 7856 7634 8446 7944 8232 7836 8156 8216 8858 7566 8355 7821 7689 8213 8097 8288 8291 8338 8001 7577 8379 8274 8159 8311 7841 8067 8238 7844 7787 7960 8394 8128 7869 8091 7977 8247 7586 8012 8089 7696 8411 7813 8748 8221 8121 7894 8035 8096 7882 8227 7442 8197 7743 8529 8093 
7988 7796 7584 8221 8387 7736 7642 7637 7990 8147 8217 8371 7877 7879 8574 7857 8310 7931 8219 7572 7936 8252 8119 8096 7943 8074 7842 7952 8073 8579 7971 8379 8162 8093 7683 8716 8623 8256 8065 8292 8272 7891 8068 7979 7975 7654 8209 7668 8033 8153 8687 8235 7879 7927 7855 7743 7935 7580 7888 8120 8106 8252 8289 7863 7758 8125 8029 7783 7792 7869 8273 8365 8307 7820 7981 8027 7545 7893 7519 8112 7710 7972 8020 8505 7976 8293 8768 8152 8441 8368 8372 7948 8159 7748 7937 8873 8333 7915 8118 7639 7887 8202 6989 7989 7629 7925 7591 8046 8537 7817 7705 8084 7913 7959 8033 8156 7955 7744 7971 7661 8485 7869 7605 7820 7805 8495 7701 7985 7621 8028 7685 7428 7697 8138 7728 8297 8254 7265 7725 7773 8016 8073 8073 7936 7646 8273 7601 7508 8125 8214 7738 8243 8151 7817 8312 7650 8702 7637 7895 8065 8234 8448 8522 8205 7720 7914 7896 8030 7990 7472 8017 8360 7921 7686 7992 8169 7815 7890 8114 8095 8081 7911 8163 8053 7744 7649 7961 8146 8384 7806 8110 8721 8099 8455 8338 7381 8387 7317 7909 8539 8142 8350 8305 7474 7936 7995 7942 7808 7910 8228 8623 7791 8564 7713 7602 7509 7874 8270 7474 8200 8237 8133 7788 8327 7445 8215 8365 7981 8011 7869 8061 8090 7983 7712 7583 8373 7875 8160 7989 7474 8074 8061 7999 8505 8019 7732 7878 7412 7572 7810 7761 7695 8148 7728 8405 8079 7911 7826 8141 8111 7833 7549 7593 8063 7613 7442 8663 7840 7872 7788 7850 7445 8070 8067 7700 8614 8434 8015 8142 7590 8097 8107 7955 7720 7691 7871 7737 8235 8001 8362 8107 8456 7921 7874 7688 8307 8013 8122 7548 7739 8042 8173 8030 7880 8360 8365 8053 7912 7747 7731 8350 7715 8146 8364 7959 8040 7576 7752 8321 7736 8161 8505 7819 8709 7770 8081 7735 8254 7795 7725 7897 8171 7885 8319 7748 8072 7885 8507 8131 7872 7885 8165 7642 7817 7611 8080 7413 8159 7795 8099 7680 7542 8301 8498 7371 8338 7641 7741 8111 7939 8120 7808 8011 7742 7847 7965 7730 7649 7980 7798 7939 8269 7714 7696 7970 8152 7851 7797 8256 7504 8159 7480 7909 8317 7789 8049 8046 8609 8003 7776 7938 8158 8011 7857 7820 7704 8004 7483 8339 8213 
7668 7760 7846 7690 8276 7877 7632 7653 7829 7545 7876 7959 7761 7765 8385 7730 8036 8222 8162 7413 7782 8150 7581 8039 7679 7620 7776 7663 7540 8206 7665 7910 8035 7625 7418 8215 8126 8028 7993 8053 7851 7729 7810 7830 7957 7351 7960 7441 7792 8219 8311 8326 8031 8063 7479 7411 7712 7900 7475 8097 7541 8054 8138 7779 7784 8009 7869 7541 7491 7717 8037 8129 8072 7463 7605 8072 7544 8065 7760 8380 7682 8013 8024 8113 7799 8480 8416 7794 8319 8154 7695 7556 7825 7849 7392 8467 8037 7828 7751 7321 8003 7713 6738 7817 7603 7696 7511 7626 8202 7653 7970 7894 7758 7613 7705 7688 8569 7412 8046 7667 8144 7794 7684 7556 7963 8183 7621 8130 7619 7817 7659 7755 7688 8141 7669 8019 7772 7179 7693 7879 7814 7806 7750 7794 7581 8228 7538 7714 7956 7781 7490 8238 7419 7431 7935 7821 8231 7526 8113 8029 7818 7916 8325 7882 7467 7809 7563 7899 7879 7722 7917 8115 7601 7735 7387 7720 7550 7398 8092 8246 7752 7688 8135 8026 7715 7517 8117 8125 8522 7411 7685 8485 8022 8314 8060 7211 8140 7409 7865 8374 7792 8029 7824 7385 7888 7591 7871 7597 7815 8116 8186 7698 8143 7785 7403 7240 7488 7977 7543 8041 7801 8011 8068 8098 7513 8156 8453 8306 7973 7698 7673 8105 7569 7590 7631 7934 8179 7831 8323 7130 7901 7687 7576 8449 7954 7819 7626 7539 7445 7737 7460 7963 8251 8341 8362 7715 7388 7800 7984 8027 7721 7733 7435 7950 7394 7125 8545 7452 7469 7368 7589 7178 7636 7804 7985 7939 8123 7931 8056 7378 7903 7889 7913 7547 7249 7796 7971 8050 7589 7824 7933 8038 7971 7909 7448 7450 7594 8245 7388 7620 7955 8109 7991 7965 8156 8149 7710 8149 7576 7550 8202 7467 7900 7988 7554 7916 7526 7730 7631 7955 8046 8069 7791 8098 7629 8008 8207 7908 7551 7509 7720 8133 7882 8073 7391 8366 7921 8266 7406 7860 7887 7857 7581 7859 7874 7707 7411 7860 7723 7965 7549 7387 7795 8368 7360 7922 7886 7482 7794 7804 8158 7894 8101 7728 7458 7770 7834 7722 8196 7059 7376 7928 7306 7544 7585 8213 7719 7788 7747 7552 7959 7445 7856 7689 7871 8120 7624 8649 7666 7508 7806 8199 7963 7481 7635 7606 7783 7331 8221 8040 
7726 7662 7493 7677 8317 7712 7415 7361 7657 7598 7813 8175 7610 7616 8609 7760 8343 7900 8517 7190 7660 7516 7965 7327 7833 7608 7915 7966 7444 8316 7819 7899 7720 7750 7497 7876 8207 7734 8003 8056 8074 7830 7888 7767 7663 7683 7591 7251 7729 7697 8372 7850 7989 8151 7597 7240 8022 7927 7838 7991 7625 7953 8057 7930 7839 7645 7932 7593 7656 7533 8228 8101 7616 7662 7929 7931 7618 7870 7164 8069 7844 8115 8086 8184 7645 8183 8658 7873 8195 7615 8112 7474 7929 7766 7560 8373 7730 7598 7708 7289 7225 7808 6877 7943 7219 7901 7217 7493 8083 7516 7381 7826 7659 7764 7854 7775 8420 7488 7954 7670 8351 7618 7306 7425 8036 7847 7686 7805 7812 7786 7716 7711 7568 8353 7501 8190 7523 7095 7570 7840 7523 7963 7817 7698 7749 8051 7488 7533 7871 7769 7596 8173 7780 7570 7937 7827 8524 7176 7823 7992 8063 8198 8419 8086 7579 7672 7460 7760 8095 7160 7716 8093 7436 7328 7406 7615 7949 7167 7632 8076 7980 7590 8150 7872 7715 7696 8225 7641 8637 7485 7481 8813 7879 8464 8229 7241 7834 7039 7843 8527 7867 7942 7545 7301 7815 7895 7921 7536 7584 8026 7895 8144 8103 7619 7174 7782 7467 7592 7563 7797 8029 8100 7433 8035 7328 7910 8439 7833 7866 7819 7385 7887 7633 7756 7501 8197 7844 7831 8009 7212 7708 7360 7959 8822 7801 7293 7660 7226 7829 7561 7538 7883 7669 7530 8132 7993 7688 7567 7765 8135 7613 7882 7533 7708 7312 7495 8372 7506 7857 7481 7532 7433 7650 7913 7783 8099 7867 7697 7867 6905 7886 7932 7717 7780 7425 7611 7807 7990 7894 7873 8295 7987 7615 7754 7567 7475 7947 7727 7432 7668 8172 7595 7790 7475 7874 8058 7499 8039 7633 7403 7843 7695 7660 8090 7908 8012 7672 7625 7962 7829 7810 8356 8267 8237 7573 7986 7760 8209 7523 7666 7662 8439 7861 7726 7282 7757 7818 7923 7187 7689 7575 7585 7493 7924 7719 7838 7351 8197 7315 8098 7787 7490 8024 8226 7045 7999 7820 7599 7751 7808 8229 7805 7833 7638 7552 8296 7743 7294 7949 7970 7805 7770 7556 7277 7280 7952 7642 7572 8152 7752 8005 7278 7802 7700 7528 7970 7423 8356 7984 7700 7751 7763 7618 7703 7738 7700 7679 7292 7831 7781 
7863 7856 8023 8097 8509 8037 7510 7531 7958 7905 8227 8333 8019 8047 8686 7926 8686 7999 8473 7806 7934 8076 8377 8091 7807 7942 8021 7948 7807 8418 7904 8008 7905 7864 7935 8326 8430 7839 7993 8559 8140 8077 8350 8446 8038 7703 7801 7939 7868 8200 9014 8311 8013 8275 8002 7695 8228 8040 7976 8413 7752 8088 8166 8454 7972 7909 7716 7972 7768 7970 8293 8131 8231 7889 7662 8015 7540 8724 7296 8360 8089 8122 8361 8564 7924 8399 8634 8246 8390 7839 8593 7486 8144 7826 7855 8218 8086 7985 8040 7485 7672 8159 7307 8108 8008 7932 7910 8141 8269 7773 7771 8058 7764 7786 8136 7977 8437 7643 8183 7538 8598 7980 7793 7951 7701 8197 8149 7827 7893 7869 7700 8139 7918 8496 7467 8379 8007 7389 7671 7928 8316 8247 7998 7918 7781 8350 8049 7768 8326 8174 7591 8602 7969 8069 8306 7907 8757 7459 8156 8193 8188 8309 8606 8257 7779 7984 7824 8061 8115 7734 7951 8243 8098 8018 7299 7983 7998 7403 8136 8332 8292 7835 8300 8243 7790 7624 7949 7809 8479 8097 7926 9100 8081 8487 8018 7520 8216 7410 7818 8781 8109 8077 8175 7727 8222 7905 8273 8017 8261 8095 8475 7819 8141 7929 7681 7571 7783 8158 8118 8361 8160 8191 7703 8247 7663 8288 8494 8105 8353 8018 7859 8274 8053 7601 7631 8410 8054 7827 8285 7414 8411 7996 7993 8738 8000 7496 7534 7453 7787 7783 7739 7873 8175 8128 8522 8177 7477 7959 8364 8400 7660 7990 7657 8332 7485 7366 8826 7951 7965 8048 7789 7373 7890 8231 8111 8275 8439 8192 7985 7340 8305 8150 8252 7674 7614 7880 8186 8434 7912 8214 8176 8121 7896 8203 7780 7865 8492 8011 7935 7968 8252 7861 8015 7932 8379 8455 8063 8166 8089 7790 8433 8172 8229 8109 8285 8572 8005 7761 7975 8062 8374 8406 7743 8663 7573 8241 7894 8479 7788 8359 8126 8112 8230 8336 8081 8399 7904 8117 8010 7999 7947 8002 7805 8171 7906 8128 7759 8314 7668 8289 7830 7941 8336 8648 7927 8399 7926 7759 8350 7958 8442 7970 8357 7648 7643 8414 8111 8079 8281 7363 8231 8269 7756 7612 7728 8314 7793 7530 7949 7838 8163 7875 8361 8316 7968 8138 7744 8664 8037 7816 7843 8086 8098 8119 7920 7706 8120 7673 8131 7953 
8132 7933 7921 8146 8547 7669 7684 7606 7982 7787 7991 8007 8213 7891 8622 7820 8424 7937 8324 7540 7764 7818 8247 7826 7750 7579 7976 8033 7831 8245 7955 7884 8179 7943 7644 8283 8275 7412 8068 8253 8130 8250 8260 8386 8030 7615 7779 7400 7820 8228 8630 8408 8193 7914 8079 7488 8098 8062 7947 8346 7867 8004 8183 8136 8140 7876 7869 7484 7932 7591 8218 7968 7941 7562 7872 8005 7792 8436 7610 8030 7899 8112 8287 8554 7774 8585 8554 7976 8461 7929 8296 7668 8467 8022 7865 8372 7864 7846 8301 7366 7500 8084 7215 7663 7778 7817 7808 7767 8074 7837 8202 8210 7414 7715 7761 8183 8305 7719 8134 7637 8526 7779 7820 7878 8027 8043 7847 8068 8274 7755 7801 7987 7684 8355 7852 8500 8229 7189 7588 7868 8019 8424 7944 8023 7869 8205 7548 7871 7871 8321 7684 8699 8064 8385 8435 7613 8502 7346 8338 8042 8441 8009 8364 8198 7968 7865 7577 8137 8124 7525 8044 8041 7717 7862 7618 7907 8039 7555 7846 8318 7769 7883 8206 8059 7770 8111 8418 8166 8676 7829 8047 8686 8102 8612 8312 7495 8038 7386 8001 8556 7997 7811 7875 7506 8015 7650 8034 7627 7527 7983 8391 7955 8204 8056 7489 7456 7928 8063 7490 8072 7781 7879 7786 8281 7448 8541 8046 8019 8077 7984 7399 8205 7922 7834 7594 8274 8205 7624 8219 7478 8242 7870 7932 8965 7919 7383 7601 7495 7886 7917 7510 7949 8461 8033 8218 8082 7944 7966 8178 8215 7949 7757 7658 8061 7616 7362 8814 7564 8002 7637 7663 7800 7960 7835 7969 8237 8031 8157 7726 7004 8275 7983 7951 7865 7210 7347 7773 8575 7703 7997 8403 7966 7833 8431 7520 7835 7993 7823 7620 8008 8036 8048 7832 8138 8208 7979 7882 7960 7808 7694 8212 7775 8064 8224 8118 8134 7939 8045 7739 8243 7967 8293 7966 8758 7657 8077 7757 8036 7871 7960 7930 8256 8345 8014 8091 8163 8109 7811 7842 7940 7845 8007 7682 7996 7798 8084 7733 8361 7590 8189 7908 8022 7992 8402 7452 8318 7657 7720 8116 7938 8153 7829 8134 7718 7913 8057 7867 7672 8504 7872 7967 8010 7546 7596 8002 8233 8203 7605 8191 7853 8095 7562 7924 7972 7783 8209 7747 8366 8050 7782 8049 7924 7926 7915 7753 7640 7989 7732 8372 8223 
7904 8250 8357 8149 8711 8311 7934 8051 8749 8106 8476 8242 8143 8121 8665 8367 9024 8215 8611 7934 8236 8319 8327 8246 8041 8122 8482 8145 8094 8970 8306 8124 8094 8250 8026 8618 8499 7964 8259 8751 8362 8074 8456 8473 8335 7736 8397 7703 8222 8509 8859 8721 8138 8270 8349 7594 8253 8250 8205 8494 8057 8360 8451 8593 8321 8250 8234 8278 8262 8168 8784 8725 8566 8105 8071 8586 7964 8400 8011 8305 8014 8352 8259 8547 7642 9031 8759 8402 8543 8344 8365 7758 8365 8324 8033 8636 8329 8429 8321 7364 7981 8560 7652 8034 8143 8055 8220 7802 8269 7811 8042 8392 8042 8239 8122 8309 8541 8102 8282 7738 9034 7805 7907 8189 8161 8540 8149 8536 8191 8277 8054 8088 8148 8454 7828 8528 8768 7289 7778 8088 8491 8518 8234 8193 8076 8464 7876 8041 8353 8800 7817 8474 7997 8347 8541 8401 8577 7702 8550 8163 8613 8539 9034 8442 7981 8206 7950 8432 8324 8067 8278 8475 7857 8077 7920 8054 7927 8191 8305 8611 8509 8041 8264 8568 7853 7776 8648 8506 8586 8002 8401 9194 8595 8679 8851 7459 8657 7836 8119 8753 8163 8153 8197 7705 7931 8113 8682 8434 8200 8303 8517 8007 8718 8465 7694 7917 8068 8433 7885 8492 8166 8095 8242 8749 7861 8771 8449 8325 8543 8164 8086 8686 8201 8186 7820 8551 8455 8213 8501 7879 8467 7889 8048 8888 7928 7901 8535 7745 7900 8465 7988 8165 8327 8336 8216 8227 7862 8169 8261 8489 7829 8028 7703 8340 7685 7814 8748 7889 7957 8305 8221 7634 8048 8336 8062 8411 8193 8575 8274 7501 8396 8176 8552 8183 7970 8063 8306 8700 8322 8557 8584 8493 8068 8394 7553 8227 8170 8260 7860 8218 8447 8293 8504 8271 8283 8388 8513 8525 8034 8103 8942 7804 8567 8378 8338 8761 7917 7697 8154 8110 8316 8544 8091 8535 7958 8615 7993 8482 7747 8213 8047 8285 8770 8651 8190 8675 8530 8235 8188 8295 8106 8166 8027 8511 7768 8404 8040 8499 8139 8496 8077 8097 8168 8696 8000 8319 8150 7983 8550 8255 8610 8090 8399 8091 7923 8681 8406 8099 8467 7863 8008 8173 7620 8100 7983 8219 8570 7893 8392 8220 8712 7980 8353 7928 7977 8144 7645 8644 8599 8142 8273 8459 8425 8058 8382 7718 8278 7905 8526 8356 
8103 8253 8317 8395 8824 8037 7908 7903 8484 8090 8361 8362 8411 7659 8488 7831 8729 7964 8537 7851 8161 8456 8255 8409 7879 7669 8350 8269 7924 8618 7877 8221 7893 8314 7972 8613 8643 7988 8307 8312 8321 8270 8280 8473 7826 8207 7994 7759 8723 8063 8547 8371 8241 8227 8177 7781 8239 8081 8263 8556 8045 8424 8325 8231 8307 8315 8009 8023 7909 7801 8322 8390 8421 7936 7842 8211 7898 8411 7628 8382 8305 8439 8229 8240 7619 8793 8566 8389 8549 8103 8155 7913 8526 8012 7726 8489 8366 8139 8112 7673 7974 8457 7737 7971 7922 8135 7588 7802 8697 8051 8062 8305 7924 7940 8045 8176 8493 7883 8310 7930 8437 7861 7892 7776 7982 8300 8206 8200 7789 8011 8362 7972 7988 8412 7888 8570 8144 7316 7959 8051 8142 8211 8014 8182 7824 8436 7985 8133 7840 8340 7820 8689 7868 7881 8192 7827 8771 7575 8506 7940 8245 8242 8934 8276 7743 7899 7906 8025 8218 7878 8411 8357 7551 7873 7805 8285 8272 7886 8132 8433 8408 8223 8341 8554 8053 7855 8316 7833 8769 7988 8177 8917 8567 8668 8619 7617 8245 7770 7760 8750 8324 8208 8057 7296 8051 8259 7934 8199 7907 8069 8402 8069 8376 7880 7787 7759 8118 8308 8101 8138 8104 8344 8143 8636 7748 8535 8408 8453 8457 8137 7865 8411 8244 7905 8059 8672 8260 7872 8272 7489 8140 7964 7814 8476 8089 7823 8373 7634 7724 8383 8044 8209 8288 7871 8100 8104 7598 7779 8324 8410 7862 7734 7508 8300 8048 7642 9137 8047 7824 7851 8113 7534 7986 8322 7623 8509 8147 8333 7878 7469 8202 8186 7873 8089 7624 7975 7805 8752 8203 8457 8240 8186 8165 7966 8028 8081 7895 8375 7859 7937 8253 8488 8177 8316 8175 8164 8333 8408 7979 7882 8370 7789 8182 8355 8298 8413 7989 8286 8194 8060 8572 8651 8189 8443 7932 8149 8032 8134 7782 8094 8369 8651 8267 8287 7909 8358 8044 8239 7905 8019 8037 7959 7593 8077 8058 8312 7961 8334 8039 8164 7993 7766 8199 8877 7859 8485 8262 7965 8026 8108 8502 8202 8356 7735 7792 8487 7823 7913 8295 8006 8111 8255 7570 7793 7614 8149 8155 7803 8371 8051 8135 7774 7922 8262 7893 8575 8040 8597 8263 7874 7977 8229 8519 8227 8059 7862 7963 7821 8507 8544 
7980 7977 7995 7807 8510 8080 8032 7733 7941 7820 8345 8514 7802 7831 8653 7974 8724 8026 8421 7677 8196 7995 8465 8019 7751 7982 8106 7944 8150 8777 8137 8156 7640 8126 7643 8155 8662 8184 8324 8589 7946 8154 8575 8245 8003 8081 7990 7825 8227 8396 8603 8459 8279 8204 8165 7556 8234 8208 8126 8391 7860 8487 8138 8314 8273 8358 8013 7692 8082 8076 8345 8279 8337 7938 7603 8072 7834 8672 7644 8587 8022 8299 8043 8578 7843 8649 8569 7913 8494 8387 8344 7810 8195 8086 7877 8564 8034 8447 8088 7507 7913 8264 7307 7894 8095 7858 8009 8202 8434 7645 7793 7902 7561 8312 7902 8088 8180 7613 8012 7987 8329 7849 7827 7889 7748 7914 7851 8001 7755 7844 7773 7785 8030 8588 7693 8182 8132 7344 7911 7905 8061 8156 8176 8117 7960 8115 7703 7890 8257 8359 7700 8436 8016 7630 8226 7840 8698 7584 8057 8099 8027 8178 8749 8137 7488 8175 8152 8018 8242 7688 8067 8354 7433 7525 7936 8160 8048 7827 8129 8174 8010 7992 7984 8171 7830 7594 8314 8022 8370 7747 8153 8629 8210 8810 8775 7185 8426 7676 7948 8846 7947 8061 7904 7549 8003 8023 8089 8072 8063 8365 8292 7977 8349 7468 7620 7598 7877 7902 7588 8435 7906 7982 8314 8203 7869 8121 8522 8345 8188 8309 7924 8315 7861 7854 7645 8683 8479 7838 8760 7344 8157 7927 7870 8769 7926 7408 8054 7245 7727 8187 7876 7936 8040 7808 8190 8140 8132 8054 8227 8468 8045 8097 7678 8352 7726 7536 8798 7603 7920 7576 7944 7502 7869 8050 8225 8617 8155 8081 8011 7638 8119 8090 7905 7892 7829 8235 8087 8095 7684 8271 8338 8075 7993 8395 7830 7881 8250 8190 8161 7693 8124 8055 8097 8038 8269 8713 8375 8162 7796 8091 8590 7992 8295 8272 8200 8508 8097 8020 8290 8094 8152 8626 8093 8436 7727 8327 7808 8155 7929 8349 7918 8077 8461 8185 7858 8194 8446 8130 7715 7870 7818 8151 8094 8249 7766 8297 7735 8316 7909 8097 7745 7881 8200 8820 7734 8230 8065 7969 8207 7916 8752 8100 8520 7717 7916 8155 7932 8101 8084 7440 7880 7955 7508 7525 7681 8155 8082 7686 8044 7889 8000 7997 7951 7833 8171 8337 7968 8515 8222 7976 7954 8415 8118 7808 8139 7728 7871 7612 8262 8412 
7944 7775 7919 8286 8171 7947 7915 7960 8100 8044 8432 8040 7967 7810 8582 7927 8601 7859 8436 7460 7854 8412 8209 8066 7895 7945 8398 8000 8027 8746 8133 8293 7944 8031 7595 8434 8740 8000 8072 8406 8205 8009 8386 8477 8195 7535 8055 7649 8067 8508 8527 8468 7884 7912 7746 7393 7878 8120 8029 8283 7989 8442 8171 8286 8263 8039 8168 7786 7892 8263 8359 8417 8403 7917 7681 8158 7812 8238 7707 8846 7898 8229 8398 8524 8345 8615 8728 8082 8736 8203 8466 7793 8395 8441 7766 8716 8335 7959 8034 7629 8021 8086 7267 8138 8112 7716 7646 8076 8202 7918 7787 8449 8072 7777 8131 8068 8722 8062 7787 7683 8591 8034 7949 8207 7974 8306 7907 7998 7673 7995 8157 8058 7875 8229 7878 7927 8202 7127 8185 7484 8217 8080 7955 8297 7901 8311 7603 8124 8100 8468 7576 8493 8109 7829 8334 8099 8483 7292 8036 8305 7840 8203 8562 8137 7890 7811 8093 8025 8477 8025 7879 8298 7603 8024 7970 8204 7973 7708 8263 8365 8388 7963 8252 8533 7935 7623 8539 7896 8847 7750 8144 8627 8196 8709 8616 7324 8337 7650 7932 8539 8006 8199 7768 7710 8030 7664 8407 8043 7955 8385 8628 7828 8395 7943 8088 8048 7796 8092 7640 7946 8152 7857 8283 8633 7845 8253 8157 8122 8308 8110 7956 8313 8145 7768 7697 8462 8024 7966 7914 7373 8182 8001 8407 8687 7980 7422 7648 7448 7665 8136 7933 8044 8257 7944 8478 8370 8102 7937 8103 8147 7984 7628 7918 8273 7898 7449 8653 7587 7684 7768 7932 7487 7721 8231 8088 8735 8236 8493 8049 7470 8244 7652 8297 8053 7841 7749 8132 8311 7777 8260 7964 8534 7775 8166 7378 8065 8197 8449 7621 8097 8036 7896 8015 8126 8101 8281 8072 8169 7956 7846 8544 7736 8246 8503 7987 8452 7953 7991 8167 8312 7906 8317 7906 8545 7455 8438 7967 8586 7991 7911 8037 8243 8067 8351 7920 8252 8232 8104 7919 7837 7813 8251 7691 8248 8100 8204 7672 8209 8095 8175 7902 7940 8324 8564 7925 8144 7798 7884 8298 7972 8345 8435 8051 7841 7760 8196 8023 7824 8125 7712 7995 8282 7720 7873 7864 8197 8053 7720 8251 7810 8495 7816 7817 7832 8125 8201 7749 8631 8015 8149 8234 8087 7951 8095 7966 7577 7921 7582 8178 8515 
7520 7528 7857 8060 8205 7702 7326 7454 7642 7714 7939 7805 7885 7666 8228 7601 8438 7996 8050 7282 7793 7751 7948 7730 7583 7780 7653 7812 7597 8113 7468 7835 7860 7997 7332 8029 8272 7818 7732 8004 7743 7831 8000 7917 7606 7620 7635 7327 7998 7840 8382 8007 7815 7959 7491 7403 7811 7963 8145 7666 7545 7984 7677 7702 7615 7681 7935 7366 7415 7567 8160 8107 8163 7813 7670 7556 7449 8018 7340 8010 7691 7776 8367 7981 7676 8136 8412 7719 8278 7808 8103 7592 7855 7830 7436 8606 7636 8004 7719 7340 7763 7611 7257 7574 7389 7602 7281 7650 7810 7407 7484 7905 7556 7672 7661 7455 8110 7711 7619 7540 7900 7346 7761 7716 7704 8100 7651 7915 7537 7920 7805 7800 7485 8317 7724 8140 7636 7067 7505 7338 7835 7865 7601 7817 7766 7778 7620 7604 7994 8063 7350 8087 7668 7599 7976 7399 8301 7080 7758 7880 7649 7603 8056 8031 7504 7503 7627 7471 8177 7109 7545 7983 7188 7504 7272 7585 7859 7474 7824 8128 7862 7777 7849 8001 7633 7553 8029 7458 8145 7355 7716 8369 8141 8385 8086 7398 7795 7484 7887 8495 7517 7915 7898 7403 7754 7484 7451 7627 7594 7878 8156 7576 7933 7555 7822 7422 7997 7652 6961 8068 7660 7770 7830 8008 7639 8054 8176 7599 8185 7662 7483 8160 7796 7497 7380 8094 7529 7379 8012 7086 8032 7891 7763 8001 7867 7325 7808 7219 7753 7708 7656 7823 7981 7635 8156 7956 7357 7675 7814 8017 7667 7744 7537 7847 7279 7281 8428 7598 7485 7305 7519 7130 7492 7856 7812 7955 7973 8056 7613 7061 7961 7798 7667 7993 7145 7832 7956 7866 7591 7921 8209 7974 7337 7972 7131 7634 7732 7899 7611 7365 7658 7535 7725 7749 7796 7841 7961 7841 7778 7746 8232 7739 8087 8143 7941 7831 7717 7704 7640 7621 8242 7820 7826 8186 7308 7909 7390 7709 7400 7904 7553 8218 7727 7470 7358 7837 7800 7731 7505 7639 7413 7661 7457 7668 7799 7790 7523 7868 7494 7809 7536 7701 7686 8237 7302 7981 7592 7689 8019 7472 8159 7747 7788 7618 7735 7782 7486 7396 7965 7328 7774 7992 7329 7330 7284 7845 8070 7758 7919 7773 7882 7703 7788 7406 7860 7808 7064 8124 8059 7730 7430 7523 7834 7919 7781 7714 7167 7545 7951 7913 
8105 7629 8247 8332 8708 7927 8062 8018 8300 7788 8334 8676 8380 8158 8754 7822 8797 8171 8753 7591 7842 8096 8027 8102 8142 8118 8117 8008 8060 9186 8016 8135 8451 8028 7807 8787 8660 8115 8487 8437 8347 8342 8115 8020 8297 7777 8213 7688 8038 8563 8598 8610 8472 8417 8371 7438 8499 8369 8454 8645 8059 8473 8386 8465 8072 8381 8197 7960 8043 8188 8786 8471 8682 8282 7752 8561 8082 8481 7723 8426 8282 8307 8504 8749 7877 8747 9074 8249 8776 8229 8501 8075 8630 8320 8169 8749 8522 8030 8222 7549 8130 8160 7239 8365 8045 8172 7887 8011 8297 8316 8583 8222 8004 8169 8015 8471 8208 7778 8405 8062 8603 8048 8210 8215 8307 8707 8030 8175 8232 8267 7997 8078 8008 8640 8076 8607 8095 7374 7976 8111 8199 8531 8342 8323 8243 8498 7957 8076 8396 8563 7973 8558 8175 8211 8435 8153 9036 7985 8303 8199 8343 8335 8824 8506 7881 8141 7683 8185 8562 8075 8197 8482 7714 7704 7722 8113 8468 8072 8742 8655 8534 8115 8735 8412 7958 8022 8422 8238 8686 7907 8150 9216 8181 9225 8481 7707 8820 7902 8082 8877 8367 8308 8125 7721 8317 8349 8747 8137 8193 8382 8399 7779 8535 7773 8112 8037 8152 8271 7848 8283 8044 8602 8041 8676 7818 8611 8604 8446 8094 8295 7982 8211 8289 8253 8037 8618 8494 8250 8454 7850 8525 8089 8022 8928 8036 7722 8147 7903 7828 7915 8084 7979 8471 8332 8303 8346 7891 8582 8612 8722 8162 8198 7862 8231 7674 7711 8771 7764 8161 8086 7955 7737 8041 8420 8223 8560 8486 8256 8328 7801 8520 8113 8357 8408 7778 7875 8070 8836 8177 8321 8464 8837 7804 8594 8198 8263 8180 8190 7909 7877 8387 8130 8552 8245 8733 8209 8280 8305 8084 8348 8692 8154 8270 8539 8312 8458 7944 8222 8193 8490 8544 8826 8517 8610 7847 8691 8126 8434 7927 8201 8228 8504 8517 8549 8043 8757 8239 8654 8125 8323 7961 8388 7984 8650 8171 8115 8242 8565 8450 8318 8192 8157 8055 8853 7639 8516 7861 8179 8152 7990 8698 8214 8483 7618 8106 8115 8263 7911 8525 8025 7922 8007 7560 7841 7920 8470 8267 8050 8430 8155 8455 8092 8218 8580 7952 8434 8083 8847 8345 8078 8388 8653 8597 8064 8024 7880 8048 8038 8627 8300 
8077 8399 7971 8339 8855 8312 7993 8046 8514 8182 8327 8503 8280 8079 8997 8028 8694 8380 8882 7949 8406 8351 8718 8308 8345 8360 8235 8697 8472 8761 8395 8564 8167 8271 7970 8620 9240 8349 8423 8764 8181 8424 8556 8904 8181 8001 8435 8112 8536 8329 9144 8573 8603 8690 8319 8090 8470 8397 8285 8350 7727 8642 8540 8436 8281 8390 8375 8123 8180 8105 8899 8771 8768 8164 8230 8528 7908 8717 8066 8796 8562 8181 8774 8582 8167 8827 9189 8343 8858 8537 8469 7900 8541 8267 8077 8938 8805 8397 8341 7746 8009 8472 7621 8280 8387 8305 7690 8154 8736 8469 8222 8513 7919 8195 8420 8662 8474 8209 8141 8068 8963 8301 7869 7954 8257 8853 8161 8194 8239 8503 8469 8067 7991 8690 8251 8482 8551 7569 8117 8126 8301 8412 8460 7879 7814 8440 7912 7997 8580 8526 8157 9099 8038 8252 8599 8341 9204 7567 8541 8564 8542 8624 8970 8306 8144 8140 8154 8259 8192 7955 8593 8550 7999 8173 8154 8059 8347 8119 8769 8534 8501 8306 8453 8459 7972 7991 8392 8374 8960 8222 8326 9003 8284 8892 8648 7877 8819 7795 8051 8715 8488 8613 8296 7928 8594 8125 8393 8413 8326 8485 8601 8012 8527 8418 8043 7924 8156 8225 8096 8599 8268 8517 8064 8518 7930 8715 8780 8245 8437 7713 8217 8630 8296 8145 8301 8665 8531 8635 8759 7677 8562 8208 8269 9302 8435 7827 7994 7822 8299 8187 8194 8283 8621 8000 8598 8607 8071 8081 8297 8908 8071 7966 7578 8346 7783 7980 8977 8049 8033 8075 8087 7670 8242 8298 8241 8949 8534 8591 8057 7681 8572 8141 7989 8285 7887 8216 8607 8563 8262 8397 8680 8381 8146 8149 7873 8458 8175 8438 8161 8244 8553 8166 8354 8252 8508 8954 8401 8512 8241 8279 8659 8234 8205 8611 8393 8395 8104 7974 8620 8496 8440 8896 8231 8910 8182 8056 8262 8323 8108 8162 7950 8740 8862 8598 8448 8377 8491 8656 8098 8491 7996 8275 8232 8154 8320 8524 8156 8692 8110 8230 8052 8278 8259 8638 8031 8446 7762 8099 8258 8236 8453 8510 8683 8215 8065 8233 8276 8047 8749 7888 7968 8454 7910 8060 8131 8672 8505 7805 8687 7969 8269 7796 8334 8199 8369 8333 8095 8830 8603 8482 8446 8403 8254 8028 8362 8221 8460 8231 8761 8698 
8676 8608 8889 8816 9465 9138 8660 8227 8812 8485 8730 8807 8718 8511 9173 8550 9280 8708 9122 8065 8545 8735 9086 9239 8589 8414 9032 8604 8471 9271 8870 9088 8798 8792 8354 8963 9373 8523 8832 9015 8526 9134 8865 9044 8852 8236 9007 8185 8543 9063 9599 9079 8885 8976 8670 8077 8656 8607 8493 8980 8674 9125 9067 9164 8545 8799 8705 8231 8533 8635 9360 8903 8959 8430 8437 9088 8522 8955 8409 8889 8447 9024 9005 8886 8506 9289 9199 8865 9224 8731 9197 8553 8918 8483 8789 9402 8735 8479 8725 8196 8343 8678 7608 8507 8500 8553 8471 8753 8835 8523 8208 8880 8606 8737 8414 8754 9026 8535 8637 8332 9441 8493 8319 8449 8610 9245 8863 8986 8449 8996 8700 8522 8505 9414 8427 8793 8786 8153 8653 8693 8502 8986 8761 8406 8738 9077 8249 8454 8511 8913 8476 9267 8652 8856 8943 8611 9598 8017 8870 8944 8928 8670 9528 8978 8536 8584 8514 8978 8593 8341 8820 8875 8425 8457 8071 8527 8801 8311 8949 9146 9001 8780 9149 9105 8596 8437 8962 8654 9206 8409 8844 9539 8919 9477 9104 8320 8950 8149 8702 9305 8952 9050 8784 8078 8726 8400 8735 8700 9142 8643 9067 8626 8952 8718 8082 8113 9017 8555 8186 8937 8902 8892 8591 8945 8437 8943 9194 8946 9068 8805 8793 9240 9099 8528 8457 9037 9023 8134 8924 8088 9035 8751 8785 9690 8703 8561 8681 8226 8854 8722 8413 8689 8941 8730 9051 8531 8627 8666 8567 9153 8688 8576 8229 8508 8333 8067 9454 8666 8623 8269 8762 8216 8712 8965 8635 9228 8893 8956 8896 7864 9113 9102 8842 8569 8381 8092 8528 8920 8286 8964 8927 8875 8362 9131 8210 8545 8800 8942 8539 8311 8651 8820 8645 8784 8862 8941 9030 8863 8746 8791 9271 8676 8583 8913 9021 9047 8298 8445 8924 8854 9022 8919 8712 9242 8444 8932 8505 9167 8427 8488 8705 9023 8873 9003 8607 9046 8788 9231 8771 8723 8628 8748 8404 9101 8753 9026 8185 8965 8909 8984 8451 8665 8705 9473 8476 9567 8709 8509 9040 8456 9231 8918 8980 8473 8372 9126 9008 8808 9113 8377 8375 9170 8176 8146 8448 9260 8595 8667 8797 8573 8950 8019 8624 8477 8545 8730 8499 9302 9162 8802 8754 8861 8801 8429 8933 8442 8758 8600 8783 8662 
7394 7453 7920 7744 7872 7518 7181 7140 8172 7612 7755 7721 7346 7248 8425 7602 7993 7564 7735 7470 7703 7920 7780 7802 7617 7849 7505 7526 7576 8070 7401 7701 7693 7557 7348 7891 8079 7704 7519 7906 7911 8097 8020 7854 7640 7308 7675 7515 7646 8099 8497 7739 8059 7821 7978 7503 7975 7840 7767 7616 7309 8122 7630 7988 7799 7418 7489 7342 7156 7718 8015 7958 8016 7580 7695 7930 7407 8110 7190 8116 7595 7740 7856 8124 7624 7973 8204 7902 7954 7974 7986 7423 7614 7550 7267 8337 7760 7736 7921 6946 7609 7770 7017 7883 7362 7611 7575 7716 8251 7338 7619 7755 7350 7750 7490 7691 7710 7188 7566 7419 8246 7408 7157 7394 7511 7985 7906 7711 7549 7590 7817 7417 7564 7960 7478 8074 7876 7164 7141 7474 7563 7962 7947 7690 7940 7862 7178 7180 7856 7662 7424 8259 7581 7717 7828 7497 8268 6853 7790 7656 7758 8143 8026 7944 7453 7256 7484 7684 7530 7316 7969 8147 7163 7303 7336 7362 7712 7426 7964 7831 7705 7653 7828 8141 7288 7384 7943 7600 8127 7341 7964 8343 8173 8207 8069 7051 8116 7340 7759 8210 7363 7560 7760 7255 7399 7554 7739 7468 7654 8123 8042 7365 8021 7738 7356 7250 7357 8012 7278 7830 7825 7692 7367 7772 7425 8043 7974 7648 7845 7453 7559 7906 7805 7481 7054 8210 7764 7491 7843 7387 7564 7521 7541 8421 7846 7303 7481 7118 7610 7492 7093 7427 8000 7649 7859 7626 7399 7904 7744 7884 7284 7552 6916 7792 7116 7588 8044 7269 7444 7393 7504 7220 7444 7772 7676 7957 7904 7956 7282 7408 7957 7741 7818 7155 7272 7437 7705 7953 7540 7932 7854 7654 7492 7753 7331 7596 7654 7831 7496 7547 7601 7635 7511 7930 7975 7957 7959 7985 7580 7520 8258 7695 8014 7832 7582 7838 7567 7177 7742 7908 7614 8158 7440 8296 7647 7806 7461 7681 7144 7554 7637 7898 7831 7885 7427 7871 7784 7817 7668 7626 7542 7913 7144 7491 7524 7625 7630 7819 7524 7735 7825 7365 7762 8065 7341 7807 7520 7508 7806 7617 8285 7608 7454 7514 7353 7911 7346 7490 7863 7115 7395 8049 7040 7631 7703 7951 7598 7541 7878 7406 8044 7349 7760 7669 7522 7808 7341 8327 7953 7370 7419 7840 7826 7476 7721 6973 7444 7015 8305 7600 
8169 8077 8190 8272 8793 8136 8187 7778 8031 7762 8021 8061 7982 8064 8898 7810 8952 8369 8452 7960 8185 8406 8547 8423 7937 8078 8412 8095 7934 8424 7667 8481 7996 8027 7950 8433 8761 8114 7916 8305 7946 8430 8399 8518 8193 7790 8155 7544 8225 8601 8803 8574 8379 8113 8053 7669 8455 8264 8214 8236 8072 8680 8442 8339 7993 7908 8017 7732 7987 8267 8731 8408 8301 7784 8018 8074 7833 8541 7653 8442 8159 8132 8244 8449 8131 8654 8798 8241 8752 8200 8622 7716 8591 7765 7759 8655 8302 8070 8244 7650 8025 8301 7551 7949 7770 8248 7992 8065 8273 7860 7972 8329 7647 8096 7739 8432 8622 7674 7826 7753 8375 8027 7907 8082 7915 8507 8046 8315 8280 8177 8271 8243 7891 8549 7925 8251 8321 7442 7662 7918 8391 8199 8081 7929 8059 8397 7893 8219 8118 8403 7821 8357 8180 7956 8423 7784 8778 7625 8084 8188 8622 8087 8792 8281 7743 7997 8107 7965 8051 7733 8197 8604 7645 7802 7489 8033 8609 7517 8173 8441 7879 8159 8570 8552 7870 7632 8384 7977 8552 7999 7955 8759 8224 8629 8663 7727 8222 7519 8326 8771 7959 8150 8152 7652 7998 7957 8277 8007 8014 8168 8358 8151 8644 8107 8056 7920 8042 8228 7629 8196 8267 8016 8256 8467 7820 8760 8497 8520 8429 7925 7914 8348 8049 7948 7877 8873 8367 7914 8315 7676 8397 8126 7843 9070 8075 7771 7974 7111 7566 8220 7767 8151 8308 8072 8516 8276 8069 7948 8401 8512 8093 7811 7830 8090 7800 7302 8845 8284 7923 7983 7676 7654 8003 8292 8100 8601 8247 8562 8006 7562 8183 8033 7914 8126 7619 8045 8074 8648 7898 8281 8068 8238 7930 8094 7787 8337 8463 8510 8137 8159 7919 8069 8107 7999 8445 8438 8181 8447 7813 7845 8674 8167 8267 8269 8592 8519 8076 8140 7918 8522 8381 8550 8053 8704 7985 8195 7871 8215 7986 8405 8139 8655 8301 8046 8141 8344 7997 8424 8050 8147 7667 7912 7947 8243 8229 8142 7986 8412 8019 8547 8104 8239 8236 8615 7732 8410 7957 7895 8541 8395 8611 8183 8714 7657 7969 8361 7937 8041 8540 7765 8145 8209 7530 7672 7964 8226 8129 7907 8264 7983 8501 7498 8185 8261 8080 8127 7844 8639 8326 8048 7800 8250 8264 7919 7800 7457 7907 7666 8538 8379 
8382 8245 8570 8887 9140 8476 8091 7651 8418 8043 8704 8743 8036 8080 8884 8104 9053 8326 8634 7829 8163 8453 8654 8358 8251 8106 8772 8301 8376 8608 8243 8676 8503 8527 7857 8474 8966 8505 8461 8926 8558 8313 8501 8701 8431 8061 8394 8020 8518 8599 9078 8461 8458 8497 8121 7708 8506 8321 8335 8528 8097 8552 8512 8339 8274 8365 8402 8247 8166 8202 8502 8736 8538 8030 8309 8438 8119 8571 8008 8581 8309 8528 8485 9083 8077 8905 8599 8393 9162 8365 8786 8034 8650 8393 8049 8945 8542 8433 8702 7829 8551 8488 7513 8309 8108 8373 8143 8141 8733 8231 8145 8365 8031 8069 8212 8102 8683 8281 8151 8204 9061 8349 8142 8343 8360 8607 8002 8527 8435 8079 8150 8020 8189 8658 8189 8611 8524 7424 8021 8141 8499 8546 8186 8407 7911 8252 8045 8151 8547 8572 7934 8813 8353 8364 8678 8013 9390 7712 8670 8355 8336 8473 8960 8581 7965 8216 8087 8291 8499 7968 8185 8152 7898 8401 8142 8459 8560 7854 8577 8467 8274 8206 8830 8950 7991 8168 8585 8064 9030 8369 8346 9096 8573 8973 8865 7597 8457 7978 8432 9173 8222 8193 8146 7841 8033 8290 8387 8149 8239 8403 8777 8304 8560 8105 8276 8026 8482 8589 7793 8571 8478 8332 8239 9007 7762 8709 8842 8394 8669 8392 7965 8550 8285 8010 7930 9099 8553 8186 8376 7676 8742 8381 8340 9172 8389 7865 7975 7729 7816 8450 8121 8282 8460 8566 8726 8368 8219 8095 8252 8621 8209 8294 7897 8453 8244 7940 8963 8376 8060 8173 8276 7925 8099 8510 8430 8597 8037 8330 8059 7890 8778 7947 8534 8027 7751 8493 8020 8495 8327 8339 8471 8267 8174 8317 7736 8231 8864 8305 8066 7931 8396 8263 8273 8665 8749 8878 8288 8434 8056 8278 8933 8232 8632 8485 8726 8839 8340 8292 8758 8204 8741 8730 8292 8826 8182 8501 8044 8500 8144 8705 8142 8635 8463 8384 8276 8632 8566 8457 8340 8360 8202 8625 7873 8486 8362 8378 8308 8696 8059 8487 8045 8103 8637 8866 7916 8537 8147 8075 8747 8217 9091 8684 8622 8176 8221 8543 8215 8167 8420 8237 8207 8391 7584 7912 7999 8624 8367 8001 8636 8493 8734 7983 8027 8050 8200 8567 8047 9001 8403 8246 8546 8426 8524 8305 8510 8020 8404 8145 8711 8587 
8047 8416 8404 8740 8891 8464 8328 8199 8743 8121 8321 8498 8339 8288 8760 8528 8857 8389 8895 7918 8336 8809 8656 8559 8407 8424 8579 8497 8088 8992 8474 8617 8524 8407 7942 8610 8816 8410 8408 8468 8377 8501 8500 8513 8295 7921 8759 7669 8411 8885 8777 8776 8509 8872 8514 7858 8588 8571 8535 8902 8176 8800 8663 8656 8422 8886 8461 8050 8263 8191 8377 8515 8505 8039 8324 8650 7914 9000 7923 8777 8241 8674 8599 8911 7993 9034 9122 8723 8592 8316 8826 7952 8848 8296 7852 8939 8638 8602 8796 8104 8306 8172 7454 8448 7841 8027 8005 8388 8336 8074 8169 8532 7804 8439 8365 8405 8770 8066 8719 8007 8744 8241 8009 8300 8523 8745 8161 8381 8556 8325 8277 8497 7962 8754 8250 8522 8469 7878 8265 8225 8558 8735 8370 8296 8490 8594 8150 8210 8706 8791 7989 8726 8405 8642 8698 8211 8922 7942 8547 8574 8712 8395 8789 8401 7914 8421 8248 8273 8535 8129 8055 8511 7995 7993 8102 8254 8150 7876 8595 8801 8536 8646 8939 8480 8285 8233 8489 8770 9240 8000 8315 8786 8780 8973 8923 7530 8662 7785 8569 9350 8209 8232 8494 7727 8400 8498 8629 8381 8504 8732 8528 8276 8431 7980 7868 8056 7972 8488 8186 8390 8488 8565 8435 8570 7833 8677 8576 8458 8683 8295 7971 8911 8573 8024 7898 8787 8709 8499 8393 7806 8816 8479 8229 9022 8563 8075 8352 8119 8363 8665 8056 8319 8596 8224 8818 8526 8199 8183 8642 8760 7940 7988 8030 8770 7999 7843 8788 8244 8322 7907 8608 7838 8016 8487 8487 8667 8615 8343 8353 7554 8747 8480 8325 8285 7996 8480 8241 8948 8310 8227 8646 8849 8003 8407 8128 8135 8218 8282 8216 8170 8380 8292 8390 8477 8395 8642 8497 8669 7885 8270 8925 8205 8704 8302 8429 8686 8389 7827 8710 8337 8564 8563 8359 9067 8346 8746 8340 8248 8191 8438 8044 9021 8663 9158 8327 8725 8356 8560 8290 8224 8334 8553 8142 8164 8316 8451 8016 8603 7957 8654 8149 8082 8547 9278 8030 8814 8365 7824 8500 8178 8893 8448 8762 8319 8150 8550 8512 8217 8621 7800 7853 8260 7970 8022 8222 8520 8466 8155 8317 8342 8581 7970 8300 8205 8435 8547 7998 8690 8339 8302 8476 8690 8705 8441 8339 7842 8489 7893 9143 8583 
8338 8347 7810 8332 8827 8232 7948 8120 8148 8053 8439 8358 8126 8147 8786 8266 8581 8112 8476 7825 8046 8400 8521 7912 8101 7634 8306 7988 8054 8796 8342 8513 8040 8247 8155 8483 8471 8355 8328 8626 8095 8501 8313 8479 8247 7651 8539 7702 8140 8489 8702 8441 8603 8401 8052 7884 8194 7972 8206 8375 8027 8480 8461 8276 7833 8108 8541 7832 7715 8200 8634 8830 8198 7978 7973 8061 8077 8598 7630 8589 7884 8311 8795 8424 7927 8630 8665 8140 8687 8048 8439 7910 8424 8092 7907 8663 8104 8167 8411 7711 8101 8430 6903 8107 7958 8020 7892 8046 8152 7890 8012 8202 8046 8078 8241 8231 8725 7876 8246 8155 8896 8160 8058 8253 8335 8492 8104 8096 8153 8178 8390 7969 8067 8736 7975 8212 8356 7503 7946 8051 8182 8184 8334 8507 7917 8322 7805 8006 7967 8416 7948 8450 7938 7766 8620 7868 8883 7614 8151 8231 8201 8145 8523 8250 7781 8074 7896 8223 8282 7850 7855 8399 7792 7865 8021 8018 8026 7816 8241 9014 8243 8286 8584 8640 8055 8279 8363 8406 8664 7599 8101 8680 8259 8895 8758 7474 8405 7702 8197 8761 8318 8180 8297 7484 8341 8095 8264 7927 8051 8468 8593 7942 8285 8072 7773 7788 8262 8186 7729 8303 8515 8197 8124 8180 7895 8773 8388 8407 8188 8303 8161 8524 8105 7887 7921 8522 8603 8029 8370 7716 8449 7892 8072 8941 8025 7964 7818 7697 8290 8346 7949 8080 8563 8160 8473 8445 8224 8158 8464 8365 8101 8065 8088 8308 7798 7700 8715 7701 7856 7711 8072 7866 7905 8293 8208 8380 8396 8342 7933 7576 8397 8506 8396 8271 7433 8136 8108 8829 7902 8321 8370 8593 8015 8229 7768 8133 8466 8180 7856 7799 8691 8178 8353 8135 8444 8545 8203 8442 8210 7981 8568 8047 7902 8234 8263 8796 8274 7952 8193 8254 8444 8648 8205 8588 7778 8721 8084 8537 7858 7822 8183 8656 8123 8710 8103 8606 8330 8319 8050 8118 7780 8260 7701 8237 8371 8228 7941 8752 7995 8207 7819 8060 8385 8734 7643 8411 8087 7647 8446 8051 8515 8398 8401 8020 7864 8262 8173 7810 8321 7661 7923 8246 7458 7682 7903 8377 8317 7629 8382 8171 8121 7585 8209 7912 8122 7985 7526 9049 7839 8294 8198 8226 8247 8020 8023 7753 8068 7945 8400 8351 
8208 8449 8241 8314 8895 8251 7695 8589 8652 7856 8069 8441 8155 7932 8871 7998 8833 8352 8386 8186 8515 8440 8727 7976 8186 8051 8288 8439 8431 9060 8009 8596 8500 8172 7976 8471 8856 8289 8407 8786 8391 8470 8154 8629 8157 8053 8381 7661 8459 8562 9189 8633 8293 8214 8082 7830 8188 8283 8330 8553 8129 8730 8323 8372 8074 8418 8381 7957 8168 8330 8559 8469 8566 7945 8132 8472 8051 8494 8206 8773 7985 8615 8406 8700 8214 8854 9108 8221 8884 8245 8735 7940 8574 7898 8280 9166 8387 8383 8094 7734 8115 8563 7503 8270 8223 8330 8050 8322 8519 7753 8126 8672 8032 8278 8469 8585 8547 8237 8523 7827 8674 8080 8141 7956 8248 8894 8202 8598 8504 8109 8114 8254 8322 8757 8193 8621 8670 7382 8256 8121 8392 8452 8167 7919 8210 8772 7682 8058 8581 8584 8151 8822 8025 8267 8516 8170 8917 7728 8533 8490 8662 8633 9113 8432 7957 8085 8229 8428 8450 7954 8303 8628 8017 8154 7983 7993 8380 8015 8674 8859 8382 7951 8325 8495 8310 8174 8222 8507 9071 8171 8379 9044 8305 8855 8903 7679 8800 7802 8299 9023 8253 8575 8375 7660 8416 8031 8449 8272 7998 8560 8714 7994 8597 8227 7737 7914 8075 8703 8181 8481 8385 8576 8208 8980 8260 8471 8836 8580 8400 8062 8026 8557 8442 8377 8126 8649 8520 8170 8439 7777 8841 8225 8171 9094 8507 8009 8217 7884 8040 8683 8090 8438 8435 8189 8512 8509 8017 8273 8393 8583 8221 8212 7898 8157 7609 7770 8763 7948 8582 7974 8399 7861 8464 8478 8442 8690 8407 8444 8599 7629 8300 8424 8318 8135 8069 7931 8515 8698 8117 8653 8491 8426 8337 8791 7924 8414 8167 8448 8002 8305 8307 8349 8402 8304 8643 8366 8530 8423 8138 8021 8658 8316 8307 8700 8207 8809 8073 7942 8388 8075 8606 8391 8437 8969 8132 8606 8043 8528 8388 8085 8059 8699 8268 8845 8130 8871 8300 8647 7979 8233 7830 8359 7932 8420 7932 8247 8189 8429 8048 8373 7986 8033 8255 8929 8202 8721 8186 8206 8745 8286 8336 8712 8852 8332 8303 8489 8447 8286 8999 7925 8369 8343 7634 7994 8065 8423 8448 7828 8695 7733 8487 7738 8513 8101 8404 8485 8218 8702 8429 8276 8351 8219 8625 8359 8331 8178 8449 7920 8600 8452 
7835 8277 8453 8153 8532 7905 7905 7876 8198 8082 8328 8020 7765 7846 8805 8236 8491 8043 8260 7889 7793 8115 8425 8328 7962 7878 8667 8013 7887 8545 7963 8113 7982 8240 7848 8328 8599 8070 8179 8589 8003 8177 8061 8512 8340 7681 8116 7693 8076 8272 8981 8559 7950 8184 7924 7778 8136 8046 8527 8049 8064 8328 8186 8113 8068 7975 8223 7849 7916 8008 8297 8226 8461 7835 8057 8351 7896 8425 7707 8395 7766 8224 8213 8474 8233 8586 8594 8042 8424 8536 8574 7644 8183 8094 7970 8740 8088 8003 8294 7652 7961 8051 7456 7933 8149 8290 8003 8193 8190 7613 7775 8174 7777 8061 8062 8242 8556 8053 8435 8041 8663 8043 7800 7570 7794 8267 8116 8171 7639 7870 8114 7899 7880 8442 7587 7893 8115 7486 7830 7739 8164 8365 8225 8058 7941 8182 7709 7853 8106 8393 7731 8542 7859 8548 8177 7946 8733 7142 8252 8460 8265 8120 8533 8429 7740 7823 8003 7983 8367 7830 8159 8587 7665 7795 7659 7851 7952 7584 8164 8439 8041 8353 8244 8484 7919 7928 8296 8196 8729 7803 7930 8694 8382 8361 8420 7512 8292 7730 7922 8858 8154 8185 8363 7789 7927 7764 8229 7950 8052 8102 8519 8034 8248 7973 7881 7951 7760 8081 8010 8446 8134 8026 7834 8565 7375 8403 8642 7994 8324 7758 7983 8477 8020 7868 7603 8283 8332 7940 8457 7345 8112 7911 7880 8734 7948 7719 7923 7204 7755 8199 7836 8497 8388 8098 8311 8116 7605 8139 7875 8481 7970 7836 7654 8194 7967 7151 8760 7644 7859 7875 7972 7920 8096 8052 7709 8618 8020 8295 7896 7573 8403 8380 7878 7981 7447 8092 8032 8273 7874 8175 8268 8146 7865 8455 7879 7678 8128 8207 7702 8061 8136 8296 8030 8034 8402 8299 8193 8342 7984 7928 8345 8035 8160 8190 8193 8596 8198 7887 7950 7928 8154 8280 8063 8364 7930 8231 7960 8191 7863 7828 7983 8323 8254 8205 7814 8360 8256 8136 7729 8030 7528 8284 7831 8362 8157 8066 7753 8460 7971 7888 7925 7723 8317 8659 7645 8825 7947 8039 8052 7704 8442 8166 8396 7920 7921 8328 8020 8086 8288 7505 8232 8284 7483 7898 8082 8306 7972 7560 8226 7929 7985 8060 8185 7964 7833 8106 7710 8451 8211 7903 8082 8381 8053 7894 8150 7623 8267 7396 8409 8272 
7750 8090 8140 8110 8123 7884 7867 7585 8008 7854 7902 8213 7872 7522 8731 7750 8521 8063 8454 7516 8171 8177 8101 7853 7672 7491 7812 7853 7732 8337 8025 8048 7822 7784 7837 8319 8500 7823 8208 8145 8078 8084 8199 8312 8114 7962 7955 7591 7893 8064 8419 8205 8071 7560 7993 7350 7850 7962 8140 7940 7602 8039 8116 8166 8360 7885 7858 7721 8125 7868 8358 8119 8162 7903 7795 8447 7480 7990 7405 8242 7638 7988 8189 8314 7925 8644 8566 8134 8713 8114 8266 7724 8075 7961 7554 8352 8057 7937 8337 7304 8054 7925 7340 7625 7712 7842 7417 8063 8185 7329 7848 7789 7434 7871 8077 7957 7900 7659 7869 7606 8724 7745 7672 7871 7759 8166 7903 7948 8121 7674 7781 7573 7787 8349 7826 8131 8028 7277 7691 7785 7837 8392 8238 7862 7904 8011 7967 7932 7871 8215 7802 8122 7741 7475 8089 7743 8795 7492 8205 8180 8253 8050 8636 8084 7778 7666 7776 8382 7915 7684 7959 8081 7689 7916 7498 7603 7992 7417 8145 8203 8123 7930 8214 8290 7688 7825 8099 7782 8404 7551 7764 8754 8149 8645 8491 7383 8460 7672 7727 8542 8118 8369 8120 7144 7854 8038 7846 7822 7966 8100 8421 7813 8185 7945 7588 7591 7643 8054 7816 8093 7992 8331 7703 7944 7546 8302 8435 8173 8195 7874 7733 8313 7928 7898 7862 8277 8315 8017 8260 7760 8292 7787 7651 8604 8186 7638 8107 7364 7747 7816 7947 7949 7937 7686 8276 8090 7582 8039 7861 8222 7661 7417 7677 8232 7548 7418 8369 7710 7925 7655 7912 7332 8060 7737 8018 8598 8074 8469 7919 7393 8088 7990 8082 7711 7613 7759 7884 8383 8095 8150 8112 7688 7868 7929 7553 8000 8099 8036 7494 7521 8118 8035 7446 7877 8092 8127 8137 8033 7783 7863 8276 7667 7729 8468 8024 8212 7768 7789 7841 8200 8226 8209 7913 8400 7519 8155 8125 8382 7759 8049 8096 8417 8311 8118 8111 8007 8013 8185 7796 7910 7604 8219 7478 7808 7824 7822 7718 8033 8132 7898 7581 7992 8212 8574 7609 8262 7901 7732 8340 7840 8210 7959 8297 7670 7682 8245 8128 7883 8025 7909 7786 7784 7489 7671 7589 8100 7919 7619 8247 7492 7999 7257 7710 7674 7797 8117 7593 8551 8070 7698 7772 7857 7847 7774 8001 7717 7965 7564 8337 8228 
8009 7822 7745 7590 8315 7885 7954 7516 8221 7415 8300 8043 7621 7859 8394 7783 8433 7806 8440 7634 7851 7840 8075 7800 7946 7969 8170 7525 7842 8194 7452 8190 8279 7912 7730 8265 8325 8062 7977 8246 8015 7979 8103 7919 7764 7511 7842 7346 7670 7951 8522 8301 8085 7893 8352 7445 7757 7924 8217 8229 7828 8225 7974 7857 7901 7796 7804 7778 7531 8044 7760 8088 8137 7720 7737 8150 7714 8175 7227 8079 8049 8236 8280 8355 7829 8334 8277 7885 8260 8128 8070 7714 8144 7987 7714 8453 8393 7775 8158 7440 7583 7920 7374 8060 7277 7694 7480 7490 8202 7997 7737 7731 7676 7825 7729 7933 7999 7475 8023 7674 8674 7938 7765 7728 7852 8027 7950 7949 8090 7779 8010 7807 7908 8491 7757 8157 8016 7220 7731 7754 7827 8119 8250 8198 7591 7938 7434 7845 8282 7875 7887 8164 7985 7581 8329 7922 8861 7385 8202 8045 7945 8428 8500 8025 7711 7932 7446 8073 7928 7619 8067 8191 7564 7681 7403 7802 7991 7573 8071 8431 8023 8179 8139 8081 8073 7592 8275 7738 8536 7604 7687 8526 8112 8694 8468 7536 8363 7588 7740 8347 7802 7800 7747 7645 7791 7689 7898 7693 7841 8006 8301 7948 7754 7693 7543 7601 7685 7913 7797 7898 7937 7935 7859 8294 7583 8154 8443 7892 7909 7962 7832 8319 7660 7538 7851 8458 8005 7856 7872 7370 7957 8154 7888 8378 8015 7369 7607 7429 7700 7939 7623 7953 8208 7800 8102 7901 8132 7602 7938 8182 7778 7671 7378 8022 7654 7487 8389 7770 8001 7451 7823 7364 7612 8068 7661 8339 8008 8075 7864 7577 8060 7720 7767 8026 7472 7910 7774 8317 7886 7860 8234 7937 7564 8108 7988 7850 8082 8106 7456 7914 8046 8015 7619 7879 7763 8104 8008 7879 7734 7658 8295 7831 8154 8253 7645 8309 7917 7787 7974 7834 8239 8305 7973 8388 7783 8240 7979 7929 7807 7839 7753 8247 8068 7856 7809 8308 7816 8316 7618 7792 7569 8029 7626 8050 7932 7620 7804 8220 8004 7813 7966 7477 8129 8585 7590 8089 7712 7587 8071 7643 8148 8100 8126 7711 7842 7993 8253 7892 7974 7547 7629 8007 7762 7469 7613 8449 7785 7563 8232 7877 7822 7698 7910 8012 7457 8321 7661 8377 8098 7579 7803 7941 7885 7871 8138 7538 8039 7531 8326 8025 
7201 7481 7709 7600 7840 7880 7337 7225 7617 7550 7809 7616 7358 7500 8100 7506 7938 7384 8064 7269 7623 7592 7609 7672 7509 7375 7788 7196 7316 8084 7430 7612 7264 7221 7192 8036 7754 7547 7853 7670 7702 7740 7694 7860 7982 7311 7622 7220 7408 8151 8208 8096 7754 7832 7835 7361 7757 7518 7613 7608 7252 7898 7625 7553 7858 7454 7629 7336 7291 7341 7920 7956 7573 7674 7111 7845 7384 8099 7219 8010 7663 7350 7767 7784 7509 8051 8208 7993 7873 7448 7639 7289 7669 7189 7608 7982 7463 7551 7549 6955 7197 7796 6688 7540 7370 7360 7462 7492 7562 7443 7476 7681 7555 7488 7598 7702 7668 7442 7681 7154 8288 7334 6997 7320 7443 7746 7780 7627 7533 7658 7658 7508 7421 7859 7334 7618 7957 6891 7384 7407 7646 7568 7628 7444 7428 7769 7494 7467 7706 7904 7560 7922 7381 7483 7837 7703 8044 7248 7918 7787 7797 7434 8008 7631 7302 7329 7347 7704 7417 7370 7793 7763 7088 7249 7235 7695 7547 7091 7772 7916 7614 7526 7825 8013 7133 7230 7735 7413 7949 7516 7803 8322 7698 8219 8174 6909 7927 6950 7611 8166 7592 7588 7340 7069 7678 7525 7350 7219 7792 7593 7958 7366 7632 7777 7373 7390 7639 7892 7192 7825 8006 7739 7779 8100 7438 7841 7995 7945 7873 7347 7386 7989 7426 7130 7109 7848 7692 7826 8172 7136 7710 7511 7407 8373 7555 7096 7544 6663 7482 7974 7505 7387 8106 7643 7881 7682 7478 7656 7505 7896 7347 7576 7082 7595 7202 7350 8280 7382 7382 7368 7417 7505 7208 7662 7468 7849 7717 7620 7411 7010 7978 7645 7582 7551 7415 7727 7495 7869 7487 7806 8120 7842 7397 7705 7103 7352 7239 8042 7229 7490 7532 7456 7186 7739 7633 7885 7868 7846 7411 7658 8005 7200 7540 7990 7651 7812 7336 7145 7804 7567 7864 7900 7535 8089 7011 7460 7591 7836 7027 7611 7710 7756 7862 7608 7511 7954 7753 7570 7487 7772 7693 7683 7204 7483 7558 7659 7091 7563 7190 7501 7273 7516 7551 8338 7201 7864 7427 7325 7721 7600 7677 7768 7754 7518 6986 7818 7290 7231 7821 7281 7400 7681 7293 7452 7552 7629 7947 7420 7458 7133 7428 7460 7600 7609 7433 7779 7278 8256 7756 7489 7757 7889 7469 7439 7663 7314 7724 7169 7909 7786 
8012 7948 8279 8212 8638 8373 7701 7486 8177 7955 8256 8121 8132 8376 8933 7976 8704 8186 8589 7487 8452 8486 8486 8211 8161 7653 8160 8031 8093 8965 7775 8550 8304 8161 7981 8534 8529 8185 8153 8222 8310 8388 8036 8433 8012 7508 8470 7492 8026 8653 8529 8524 8273 7954 8454 7725 8302 8141 8335 8569 7815 8661 8415 8716 8178 8249 8037 7882 7943 8106 8424 8566 8627 8122 8063 8375 8153 8460 7732 8569 8005 8611 8324 8747 8076 8426 8733 8542 8364 8550 8570 7731 8565 8058 7812 8716 8216 8047 8399 7819 7897 8106 7332 8062 8018 8137 7662 8057 8281 7944 8002 8086 7878 7842 8141 8341 8226 7992 8423 7748 8725 7963 7802 8114 8170 8485 8091 8242 8247 7784 8225 8118 7802 8457 8022 8495 8453 7468 7879 8072 7933 8252 8168 8017 8122 8354 7769 7755 8475 8412 8082 8560 8101 8011 8430 7798 8534 7609 8513 8268 8227 8330 8501 8344 7965 7998 7834 8141 8213 7705 8296 8374 7921 7935 7958 8196 8000 7936 7963 8159 8466 8340 8678 8530 7649 7945 8350 8143 8475 8013 8079 8577 8498 8699 8515 7501 8434 7628 8281 8726 8577 8275 8109 7846 7984 8074 8168 7554 8209 7974 8318 7925 8094 8133 7866 7890 8152 8208 7584 8345 8263 8283 8280 8698 8334 8702 8386 8152 8449 8300 7789 8328 8141 7793 7745 8774 8338 7989 8371 7656 8078 8230 8050 8683 8417 7887 8280 7373 7976 8130 7692 7868 8563 7899 8585 8324 8037 8030 8160 8413 7793 7692 7907 7886 7677 8008 8778 7914 7925 7898 8081 7853 7908 8436 8016 8578 8384 8441 8332 7544 8409 7991 7998 8313 7678 7982 7940 8665 8036 8321 8640 8313 8051 8425 7953 8269 7993 8098 7866 7916 8441 8077 8066 8057 8110 8344 8564 8220 7849 7852 8869 8041 8270 8364 7758 8453 8099 8032 8347 8361 8608 8225 7981 8735 7875 8191 8158 8271 7794 7980 8077 8421 8307 8483 7911 8423 8057 8151 8079 8189 7926 7803 8089 7992 8005 8078 7857 8500 8056 8363 7922 8000 8271 8571 7907 8395 7924 8076 8609 7993 8712 8071 8363 8089 8026 8454 8324 7994 8342 8155 7966 8506 7769 7807 7948 8512 8262 7714 8093 8178 8299 7681 8572 8076 7710 8285 7876 8682 7994 7928 8216 8238 8169 7608 8177 7656 8255 7902 8531 8606 
7937 8279 8325 8126 8674 8314 7794 7807 8142 8139 8325 8702 7691 8162 8631 8175 8786 8120 8667 7484 8227 8161 8487 8209 8011 8235 8416 8057 7967 8464 7919 8443 8248 8219 7952 8240 8569 8268 8379 8655 8089 8262 8368 8353 7942 7963 8351 7666 7995 8533 8730 8288 8580 8306 8287 8060 8161 8260 8013 8596 7918 8341 8151 8075 8480 8009 8306 7997 8145 7903 8719 8566 8091 8066 7881 8315 7933 8455 7822 8577 8353 8306 8421 8531 7888 8306 8799 8139 8644 8137 8161 8308 8548 8062 8187 8840 8206 8302 8086 7700 7635 8431 7363 8238 7802 8235 8045 8068 8562 7952 7946 8268 8299 8219 8256 8171 8501 7958 8175 7720 8795 7998 7611 7941 8123 8778 8032 8342 8163 8073 8184 8145 8137 8946 8044 8427 8391 7314 8224 7985 8163 8546 8423 8369 7850 8410 7785 7927 8298 8000 7860 8520 8277 8144 8555 7760 8571 7805 8627 8175 8219 8136 8574 8390 7970 7624 7966 8228 8198 7675 8478 8623 8086 7980 7787 7924 8314 7859 8798 8619 8253 8538 8407 8623 8477 8255 8546 8524 8929 8093 8017 8773 8462 8462 8395 7657 8605 7914 8226 8760 8357 8182 8042 8107 8197 8112 8324 7926 8044 8476 8730 8299 8339 8132 7605 7558 8156 8541 7723 8245 7777 8139 8082 8398 8446 8569 9012 8390 8584 8064 8075 8722 7947 7719 8134 8600 8493 7971 8354 7728 8504 8200 8097 8715 8437 7755 8025 7578 7679 8346 8091 8238 8428 8233 8521 8366 8294 8101 8251 8587 8300 8284 7822 8185 7449 7697 8880 7781 8245 8137 7850 7714 8259 8146 8197 8720 8238 8095 8114 7686 8414 8013 8444 8025 7589 8114 7994 8757 7817 8482 8637 8264 7851 8133 7750 8255 8228 8655 7685 7647 8280 8404 8165 8144 8226 8175 8093 8369 8091 7651 8400 8096 8152 8607 8434 8604 8132 7838 8303 7948 8602 8520 8365 8651 7883 8713 7946 8482 7867 7883 8158 8627 8413 8292 7802 8763 7995 8470 8064 8188 8152 8298 8217 8438 8199 8356 8016 8597 8016 8447 7885 7956 8482 8783 7600 8510 7873 8159 8596 7750 8087 8256 8564 8232 7996 8390 8198 8309 8587 7934 8128 8454 7907 7891 8140 8656 8213 8176 8561 8186 7906 7600 8143 8015 8019 8459 8049 8698 8228 8184 8016 8103 7808 8033 8227 7905 7928 8061 8596 8135 
7697 7980 7753 7798 8509 7696 7328 7296 7868 7634 7924 8337 7554 7606 8377 7476 8526 7590 8326 7427 7567 7734 8040 7790 7620 7804 8105 7450 7494 8280 7704 7729 7644 7763 7582 8130 8414 7634 8114 8134 8034 7934 7948 7842 7968 7683 7652 7367 7690 8157 8470 7936 8027 8182 7606 7598 7788 7889 8096 7921 7677 7771 7830 7822 7728 7888 7958 7732 7890 7701 8206 8000 7911 7548 7581 8164 7477 8088 7158 7674 7844 7929 7906 7955 7560 8504 8181 7856 8453 7795 8010 7551 8003 7293 7690 8315 8020 7863 7673 7172 7607 7967 7059 7826 7509 7467 7240 7880 8238 7566 7658 7767 7372 7816 7796 7811 8057 7532 7894 7283 8103 7440 7312 7926 7481 8068 7678 7901 7944 7828 7780 7603 7544 7984 7357 8025 8120 7127 7577 7685 7757 7830 7776 7939 7490 8062 7559 7424 7988 7757 7427 8193 7638 7833 7943 7580 8224 7248 8013 7924 7903 7795 8205 8050 7589 7716 7689 7880 7825 7549 7867 8148 7371 7521 7276 7806 7900 7393 7647 8137 7941 7668 7816 8107 7490 7556 8005 7715 8041 7975 7880 8544 7957 8182 8366 7319 8134 7581 7361 8156 7584 7703 7766 7355 7764 7629 7988 7478 7686 7913 7957 7827 8230 7587 7522 7335 7644 7639 7483 7776 7730 7753 7669 8313 7406 7943 8371 8124 8008 7723 7493 7943 7707 7393 7354 8049 7938 7815 8000 7328 7889 7787 7342 8332 7947 7122 7673 7228 7413 7766 7370 7629 8134 7725 7898 7625 7682 7589 7996 8081 7428 7338 7170 7969 7745 7054 8486 7439 7530 7488 7663 6989 7790 7750 7563 8338 7718 7823 7767 7285 7967 7806 7655 7511 7355 7801 7672 8227 7501 7830 7855 7874 7725 8062 7348 7666 7808 8084 7562 7494 7990 7763 7920 7958 7966 7656 8101 8232 7483 7367 8052 7710 8096 8262 7981 8247 7589 7719 7851 7723 7691 8274 8048 8371 7469 7969 7768 7623 7436 7976 7808 8173 7953 7863 7456 8050 7698 7789 7630 7845 7820 7765 7478 7631 7472 7966 7553 7943 7563 7896 7478 7533 7902 8228 7357 7934 7591 7255 7842 7814 7986 7712 7634 7729 7512 7807 7881 7668 8108 7351 7521 7689 7538 7650 7193 7996 7798 7654 8076 7542 7940 7283 7586 7786 7769 8036 7775 8287 7732 7585 7817 8061 7773 7460 7634 7198 7648 7173 8037 7984 
8036 8433 8633 8654 8903 8285 8086 8041 8305 8071 8612 8691 8451 8297 8998 8337 8814 8376 8938 7892 8581 8710 8506 8485 8103 8407 8236 8342 8205 8902 8221 8272 8541 8586 8341 8583 9143 8498 8416 8626 8455 8325 8396 8689 8589 8047 8273 7888 8316 8903 8953 8646 8511 8481 8160 8166 8374 8259 8275 8595 7833 8470 8352 8591 8632 8652 8353 8011 7970 8212 8823 8392 8791 8296 8171 8564 8073 8554 7962 9116 8249 8241 8714 8796 8498 9236 8880 8348 8947 8307 8824 7899 8570 8113 8138 9169 8643 8721 8775 7948 8214 8295 7539 8227 8201 8247 8316 8371 8678 8140 8244 8404 7981 8097 8332 8585 9044 8311 8274 7910 9001 8174 8016 8143 8219 8745 8194 8602 8542 8252 8426 8367 8237 8736 8233 8456 8534 7501 8541 8073 8526 8639 8178 8453 8431 8862 8010 8353 8586 8171 8209 8863 8271 8326 8662 8486 9024 7982 8673 8690 8564 8376 8766 8280 8268 8167 8162 8190 8661 8071 8712 8581 8083 8002 7964 8296 8299 8035 8420 8490 8337 8229 8474 8953 8207 7851 8409 8165 9017 8093 8186 9102 8666 8850 8841 7691 8627 7948 8480 8873 8604 8797 8461 7855 8440 8207 8278 8039 8252 8544 8667 8511 8771 8225 8198 8152 8422 8486 8101 8208 8301 8307 8403 8689 8022 8573 9061 8471 8954 8198 8155 8675 8400 8395 8223 8799 8626 8241 8700 7875 8214 8338 8188 9316 8460 7902 8271 7925 7842 8319 8112 8131 8638 8238 8811 8497 8214 8130 8314 8637 8250 8106 7830 8522 8032 7705 8803 8354 8618 8089 8080 7950 8155 8560 8379 8871 8607 8437 8275 7750 8733 8525 8587 8419 7838 8451 8286 8736 8276 8630 8643 8372 8075 8548 8084 8224 8229 8720 8138 8127 8470 8234 8481 8862 8460 8386 8602 8887 8326 8010 8693 8004 8381 8648 8628 8813 8112 8062 8725 8484 8516 8631 8435 8788 8073 8551 8707 8375 8354 8177 8204 8771 8641 8584 8322 9239 8387 8841 8072 8278 8157 8331 8082 8550 8439 8260 7922 8574 8137 8578 7757 8034 8779 8860 7948 8535 8441 7925 8587 8369 8465 8660 8579 8171 8350 8633 8349 7804 8749 8209 8364 8365 8126 8186 7907 8834 8499 8120 8565 8071 8749 7898 8621 8505 8339 8507 8486 8947 8604 8341 8331 8461 8482 8080 8498 8107 8382 8103 8384 8973 
8439 8489 8458 8369 9029 8428 8257 8226 8503 8383 8589 8837 8320 8086 9261 8308 8916 8645 9072 8420 8490 8952 8993 8807 8755 8303 8886 8615 8451 9032 8578 8534 8493 8276 8216 8573 9345 8687 8642 8614 8595 9003 8728 8727 8511 8341 8985 8327 8413 9386 9077 8950 8791 8605 8640 8454 8844 8787 8671 8899 8446 9098 8500 8792 8389 8840 8787 8150 8436 8551 8979 8797 8832 8365 8339 8624 8483 8934 8319 8794 8627 8668 8613 8969 8552 9283 9542 8759 9335 8615 8972 8261 8927 8593 8370 9313 8718 8615 8926 8055 8449 8588 7886 8506 8555 8251 8237 8707 8860 8152 8569 8535 8317 8823 8269 8896 8890 8684 8649 8279 8855 8252 8416 8375 8781 9048 8502 8787 8760 8800 8228 8415 8319 9007 8389 8764 9020 7811 8214 8664 8633 8847 8863 8633 8395 8975 8380 8398 9118 8648 8631 9266 8902 8785 8482 8504 9252 8165 8818 8918 8854 8870 9014 8340 8177 8840 8353 8653 8903 8389 8764 9038 8216 8387 8196 8504 8866 8091 8916 9225 8886 8682 8705 8779 8552 8630 8845 8304 9216 8276 8265 9244 9096 9541 8950 7557 9157 8200 8814 9357 8626 8662 8798 8101 8607 8322 8772 8172 8519 8875 8943 8437 8564 8417 8112 8256 8404 8557 7888 8949 8683 8640 8100 8953 8201 8861 9178 8797 8746 8406 8489 9113 8567 8169 8702 9498 9046 8150 8998 8040 8582 8532 8306 9154 8656 8012 8537 7986 8370 8553 8324 8894 8701 8601 9242 8795 8435 8844 8627 8796 8497 8222 7961 8594 8414 8036 9071 8292 8288 8396 8511 7967 8922 8545 8684 8701 8773 8838 8457 7911 8993 8623 8603 8384 8061 8536 8863 8779 8373 8863 9270 8740 8462 8942 8258 8595 8345 9111 8481 8529 8635 8749 8792 8686 8964 8595 8903 8578 8668 8523 9137 8154 8814 8867 8781 8808 8533 8432 8723 8722 8932 8824 8906 8989 8497 9022 8600 9127 8674 8286 8422 9261 8554 9011 8284 9024 8702 8826 8689 8397 8139 8646 8589 8610 8526 8803 8264 8696 8437 8597 8399 8467 8631 9365 8295 8954 8493 8482 8717 8505 8870 8781 9144 8502 8456 8996 8748 8469 8940 8281 8630 8822 8217 8513 8338 9121 8600 8438 8920 8251 8643 8270 8792 8441 8729 9013 8358 9201 8507 8439 8529 8672 8681 8595 8684 8111 8743 8709 8963 9185 
7869 8009 7578 8101 8444 7801 7564 7212 7817 7458 7936 8067 7588 7662 8246 7690 8137 8011 8160 7287 7933 8021 7815 7900 7463 7697 7696 7832 7914 7732 7773 8007 7970 7714 7397 8095 8107 7573 7904 8251 7759 7851 7822 7963 7637 7382 7956 7149 7508 7934 8680 8157 8022 8026 7753 7269 7503 7609 7773 8078 7574 8087 8124 7888 7814 8116 8096 7549 7705 7646 8257 7962 8171 7714 7500 8168 7499 8367 7486 8028 8025 7722 8046 8235 7490 8237 8146 7702 8284 7937 8251 7543 8397 7610 7417 8247 8056 8022 7871 7249 7732 7899 7157 8007 7513 7702 7361 7747 8177 7723 7657 7982 7490 7862 7580 7973 8335 7805 8005 7614 8276 7557 7552 7679 7990 7728 7949 7900 7950 8010 7796 7857 7397 8009 7615 7966 7850 6948 7667 7804 7579 7845 8160 7790 7478 7818 7546 7434 7852 8291 7924 8211 7904 7412 8206 7642 8377 7256 7978 7968 7983 7763 8212 7883 7597 7993 7586 7815 7606 7285 7763 7576 7506 7745 7605 7915 7625 7583 8041 8008 7927 7603 8022 7819 7491 7801 8130 8004 8106 7769 7782 8784 7898 8401 8187 7081 8162 7342 7248 8534 7800 7861 7449 7265 7907 7917 7776 7698 7842 7894 7961 7701 7792 7445 7449 7460 7625 7855 7612 8183 7677 7742 7808 7854 7471 8074 8167 8207 8103 7846 7770 7942 7640 7494 7814 8385 7932 7956 7667 7234 8289 7846 7568 8158 7763 7476 7563 7606 7441 7941 7433 7807 7912 7700 8211 7757 7695 7794 7886 8149 7877 7708 7175 7868 7887 7359 8422 7464 7691 7592 7883 7411 7489 7884 7661 8037 7954 7835 7728 7233 7830 7574 7746 7767 7499 7410 7677 8365 7685 7941 8143 7985 7676 7658 7518 7818 7700 7756 7630 7486 8144 7593 7724 7749 8095 8234 7928 7700 7551 7545 8209 7808 7874 7937 7706 8343 7629 7621 7862 7878 8162 8090 7731 8127 7342 8097 7935 8001 7600 7716 7554 8413 7910 8020 8103 8176 7977 7856 7883 7808 7626 7834 7427 7743 7603 7448 7658 7912 7688 7859 7615 7556 8003 8579 7615 8223 7572 7443 7979 7544 8040 8018 8084 7502 7553 7864 7970 7380 8139 7537 7272 7859 6844 7143 7736 8078 8099 7649 7701 7517 7848 7629 7689 7758 7585 8018 7414 8125 7665 7576 7589 8005 7801 7994 7913 7487 7464 7832 8039 8096 
7586 7692 7387 7815 8345 7839 7569 7643 7805 7557 8003 7923 7753 7575 8405 7420 7846 8080 8229 7441 7499 7924 8003 7701 7862 7365 7617 7773 7601 8278 7551 8056 7657 7275 7523 8436 8184 7733 7926 8058 7942 7973 7661 8071 8016 7163 7983 7272 7953 8041 8310 8101 7914 7728 7534 7618 7961 8029 7776 8161 7611 8047 7968 7767 7345 8239 7586 7532 7815 8072 7892 8336 7906 7476 7445 7993 7775 8281 7483 8113 7799 8018 8100 8227 7623 8238 8299 8005 8118 7767 8148 7367 7989 7505 7703 8109 8086 7832 7858 7200 7527 7855 7120 7756 7561 7828 7068 7540 7954 7533 8041 7926 7585 7541 7924 8008 7888 7590 7972 7379 8018 7351 7593 7599 7888 8027 7892 7834 8122 7761 7946 7541 7603 7856 7625 8274 8037 6750 7529 7405 7722 8185 7626 7398 7376 8019 7495 7673 7854 8183 7569 8572 7616 7934 8089 8072 8383 7324 7928 7908 7850 7772 8556 7962 7306 7671 7593 7699 7652 7484 7635 7772 7405 7722 7536 7938 7697 7330 8139 8262 7937 7757 7827 8213 7137 7851 7968 7774 8249 7462 7572 8406 7858 8184 8566 7110 8164 7303 7756 8095 7887 8055 7890 7097 7932 7413 7784 7506 7375 7858 7800 7388 8215 7981 7433 7367 7779 7845 7436 7779 7840 7923 7633 8219 7245 8240 8095 8148 7944 7698 7634 8050 7498 7511 7237 8392 8042 7880 8089 7332 8077 7699 7801 8478 7916 7523 7581 6845 7452 7833 7496 7774 7943 7653 8017 8093 7756 7571 7682 7750 7696 7699 7165 7579 7703 7611 8454 7341 7612 7583 7671 7153 7648 7780 7694 7817 8017 7841 7518 7282 8062 7848 7743 8012 7361 7550 7922 8034 7745 8019 8367 7634 7837 7928 7345 7794 7630 7887 7635 7717 7844 8187 7730 7949 7833 7813 7698 7903 7739 7697 8318 7599 8013 8220 7544 7924 7586 7728 7628 7851 7917 8394 7912 8336 7329 7802 7768 7971 7533 7667 7505 8089 7682 8251 7541 8216 7944 7918 7470 7917 7486 7438 7513 7484 7738 7725 7718 8008 7684 7965 7654 7607 7701 8229 7512 8054 7731 7789 8042 7925 8303 7806 8122 7655 7492 7941 7879 7464 8129 7525 7600 7848 7414 7616 7265 7976 7777 7447 8154 7552 7982 7452 8200 7666 7675 7648 7817 8303 7616 7919 7734 8210 7661 7675 7513 7438 7959 7620 8265 8129 
7337 7785 8018 7766 8054 7772 7449 7673 7957 7731 8070 8009 7195 7628 8390 7655 8529 7659 8361 7335 7733 7311 8029 7880 7553 7673 7987 7584 7834 8166 7808 7855 7657 7785 7464 7956 8310 7716 7859 7888 7883 8092 7921 7961 8040 7474 7883 7281 7547 8126 7955 8165 8083 7755 8022 7193 7363 7770 7526 8058 7617 8011 7750 7876 7755 7657 7818 7243 7593 7948 8117 7825 7884 7474 7434 7827 7473 7756 7251 8204 7380 8001 7654 8128 7725 7957 8023 7884 8183 7870 8144 7299 7891 7610 7413 8250 8114 7745 7866 6935 7767 7844 6847 7547 7801 7730 7314 7539 8106 7611 7507 7839 7350 7562 7700 7898 8025 7393 7619 7301 8227 7482 7367 7620 7718 8024 7682 7687 7914 7705 7678 7453 7645 8013 7095 8150 8047 6986 7564 7402 7661 8149 7752 7765 7550 8103 7392 7466 7582 7813 7431 7999 7905 7628 8056 7584 8266 7162 8252 7699 7573 7889 8205 7756 7243 7409 7321 7408 7662 7409 7644 7888 7256 7377 7544 7698 7788 7251 7988 7922 7645 7759 7722 8095 7520 7323 8034 7813 8246 7387 7964 8428 7757 8355 8133 7190 8169 7368 7443 8212 7665 7724 7593 6873 7569 7501 7793 7673 7489 7683 8271 8085 7894 7306 7442 7433 7531 7814 6876 7733 7346 7827 7659 7854 7429 8065 8169 7757 7783 7691 7947 8233 7646 7431 7308 8541 7867 7830 7945 7468 8169 7580 7293 8370 7747 6875 7492 7168 7041 7763 7428 7304 8124 7827 8058 7749 7530 7629 7865 8027 7604 7673 7290 7968 7346 7224 8040 7424 7564 7482 7519 7288 7285 7989 7325 8312 7712 7752 7541 7082 7948 7515 7956 7731 7472 7763 7186 7924 7271 8022 7991 7890 7188 7761 7498 7689 7701 7806 7677 7389 7867 7667 7701 7968 7680 7583 7772 8008 7523 7650 8242 7623 7538 8385 7942 8020 7639 7479 7723 7542 8034 7859 7606 8214 7446 8088 7378 7785 7513 7846 7593 8027 8085 7769 7824 8247 7805 7871 7587 7811 7977 7654 7288 7641 7698 7919 7589 8053 7542 7887 7691 7248 7891 8360 7698 7981 7431 7681 8163 7753 8112 7746 7861 7532 7552 7941 7975 7619 7805 7294 7798 7429 7438 7372 7640 7678 8085 7340 7969 7294 7729 7853 7795 7882 7886 8189 7322 8107 7940 7680 7728 8059 7686 7891 7543 7475 7923 7395 7904 7925 
8721 8742 8674 8769 9428 8724 8284 8549 8584 8618 9006 9193 8812 8505 9227 8495 9275 8470 9239 8489 8934 9156 8915 8680 8428 8364 9179 8563 8506 9279 8664 8729 8669 8811 8358 9072 9181 8507 8954 8963 8742 8974 8702 8916 8795 8448 8758 8251 8862 9285 9203 9190 9068 8855 8567 8488 8666 8719 8609 8762 8295 8679 8647 8529 8773 8730 9089 8432 8558 8645 8900 9138 9055 8801 8257 8883 8471 8986 8354 9134 8428 9073 8953 9032 8465 9492 8847 8788 9233 8836 8906 8599 8840 8740 8427 9339 9251 9110 8651 8076 8561 8900 8074 8402 8757 8807 8578 8518 8856 8353 8479 9012 8328 8638 8786 8674 9450 8345 8890 8615 9134 8514 8562 8254 8226 8755 8663 8851 8690 8540 8852 8760 8539 9138 8435 8842 8893 8008 8331 8233 9110 8835 8794 8880 8505 9104 8453 8678 8721 9452 8624 9042 8786 8737 9304 8771 9393 7807 8992 9009 8860 8984 8994 9083 8351 8562 8604 8880 8847 8251 8857 9112 7847 8563 8189 8565 8674 8278 8807 9308 8560 8848 9090 9064 8444 8312 9137 8778 9364 8592 8920 9553 8912 9470 9378 8111 9081 8395 8662 9594 8529 8617 8950 8078 8843 8541 8665 8643 8683 8960 9127 8766 9097 8408 8376 8510 8721 8851 8309 8826 8733 8625 8527 9237 8259 9050 9286 8981 9033 8448 8678 9181 8736 8663 8216 9261 9132 8689 9090 7954 9005 8538 8341 9224 8790 8105 8641 8405 8463 8843 8417 8832 9037 8950 9033 8880 8608 8869 8792 9065 8620 8575 8300 9163 8633 7964 9316 8392 8476 8735 8387 8167 8504 8700 8549 8908 8841 9036 8405 7953 9421 8682 8624 8322 8193 8825 8741 8818 8562 8905 8914 8893 8718 9028 8545 8768 8568 8711 8610 8758 8857 8775 9075 8709 9217 8701 8740 9036 8587 8242 9383 8345 8992 9051 9270 9352 8666 8905 8601 8768 9183 9028 8637 9057 8277 8889 8588 8661 8555 8681 8680 9185 8813 8673 8446 9327 8833 9086 8462 8896 8720 8770 8314 8761 8829 8996 8895 8993 8927 8795 8626 8164 8991 9547 8347 9090 8540 8445 8945 8645 8939 9149 8827 8383 8455 9147 8632 8659 8922 8813 8304 8818 7927 8408 8617 9074 8841 8511 8803 8402 8807 8307 8824 8730 8622 8988 8534 9304 8742 8597 8606 9146 8733 8487 9011 8579 8467 8176 9137 8981 
7686 8021 8003 8221 8636 8262 7796 7790 8244 7900 8311 8203 8204 8002 8610 8245 8480 8016 8562 7978 8179 8086 8267 8158 7957 7852 8575 7872 8056 8676 7948 8209 7893 8141 7899 8470 8605 8374 7864 8149 8202 8410 8019 8115 8199 7695 8212 8037 7957 8513 8781 8523 8712 8428 8035 7751 8342 8255 8057 8524 7891 8324 8224 8392 8132 8344 8264 8030 7601 7891 8202 8192 8131 7879 7643 8358 7977 8352 7819 8252 7992 8067 8263 8281 8037 8590 8758 8533 8627 8120 8502 7979 8429 7962 7915 8716 8339 7984 8224 7541 8107 8226 7483 8377 7736 8367 8077 8225 7833 7852 7862 7864 7660 7834 8309 8194 8745 8038 8515 7577 8486 7820 7830 8121 8282 8505 8407 8432 8178 8073 7936 8019 7915 8654 7501 8441 8095 7506 7593 7908 7737 8159 8606 8033 7775 8336 7653 7995 8384 8340 7727 8599 8376 7794 8266 8343 8819 7255 8033 8190 8461 8108 8441 8240 7928 7989 7877 8327 8253 7794 7907 8244 7588 7772 7811 8123 8201 7735 8199 8498 8390 8242 8634 8365 7915 7838 8384 8226 8736 7803 7895 8684 8222 8517 8331 7203 8430 7728 8052 8829 7991 7882 8038 7631 8263 7997 8358 8159 8100 8224 8167 8093 8150 7789 7804 7812 7950 8512 7737 8605 8274 7896 8197 8511 7948 8498 8439 8395 8401 7826 7855 8470 8085 7793 7910 8534 8631 8168 8440 7447 8326 8273 8251 8768 8141 7509 7821 7613 8144 8312 7743 7947 8272 8293 8530 8107 7659 8199 7962 8435 7919 8071 7894 8472 7625 7819 8653 7601 7873 7879 7984 7793 8085 8255 8117 8143 8383 8350 7925 7612 8316 8148 8113 8095 7782 8145 8445 8538 7901 8225 8368 8312 7864 8446 7722 8100 8121 8258 8026 7972 8010 8104 8002 8139 8275 8175 8407 8281 8143 8164 8751 7661 8220 8487 8461 8428 7844 7749 8666 8246 8558 8502 8057 8555 8092 8837 8253 8617 7710 8136 8047 8533 8372 8186 7607 8557 8210 8351 8182 8020 8327 8158 7848 8096 8007 8178 7910 8070 7954 8353 7977 7732 7822 8756 7945 8301 7943 8042 8172 7984 8479 8209 8265 7781 7746 8184 7944 7943 8511 7480 7645 8326 7774 7906 8118 7977 8078 7930 8676 8056 8041 7584 8007 8384 7689 8285 7538 8795 8005 8073 8152 8332 8305 7827 8056 7462 8311 7706 8720 8402 
7765 7899 7831 7902 8178 7985 7784 7638 8045 7451 7741 8016 7781 7686 8259 7775 8598 7920 7792 7137 8065 7908 8018 7855 7783 8137 8098 7852 7631 8647 7399 8197 8151 7809 7509 8126 8122 7741 7771 8046 8140 7846 7867 8101 8039 7275 7954 7302 7732 8073 8452 8250 8140 7825 8040 7433 7759 7765 7902 8068 7706 8198 8090 7894 7756 8114 7634 7450 8008 7844 8408 8322 8120 7777 7638 8032 7523 8368 7548 8045 7603 8150 8025 8241 7976 8103 8418 7919 8226 7968 8470 7152 8056 7899 7796 8587 7800 7937 8086 7073 7545 7900 7088 7758 7538 8226 7466 7740 7796 7720 7889 7967 7456 7758 7819 7732 7979 7480 7888 7528 8207 7580 7510 7807 7910 8067 8159 7618 8043 7979 8056 7552 7523 8144 7675 7894 7951 6943 7537 7534 7780 8161 7919 7714 7909 7905 7446 7730 7940 8203 8047 8388 7910 7749 8033 7837 7867 7013 8077 8181 8062 8173 8268 8321 7694 7744 7333 7720 7726 7380 7972 8080 7649 7556 7609 7605 7820 7706 7703 8097 7763 8072 8123 7936 7744 7644 8083 7924 8299 7635 8113 8474 8331 8449 8161 7080 7960 7357 8030 8386 7767 7678 7866 7459 7748 7537 8067 7911 7614 8148 8184 7725 8106 7732 7514 7959 7983 7873 7179 7790 7698 7863 7900 8170 7439 8709 8128 7815 8144 7716 7545 8293 7882 7371 7739 8371 7975 8024 7890 7482 7932 7692 7668 8650 8152 7361 7565 7399 7743 7925 7542 7716 8361 7881 7873 8198 7657 8072 8066 8036 7614 7742 7535 7677 7520 7164 8340 7643 7862 7517 7686 7676 7655 8080 8139 8306 8206 8139 7946 7054 8328 7694 7917 7740 7294 7542 7772 8365 7499 8000 8232 8371 7721 8216 7538 8176 7645 7782 7669 7816 7735 7669 7711 7973 8260 7847 7837 7979 7608 7573 8379 7803 8065 8150 7963 8252 7540 7709 7905 7964 7947 8231 7624 8226 7929 8133 7616 7864 7694 7786 7321 8003 7757 7899 7386 8228 7553 8034 7989 7682 7812 7941 7674 7600 7882 7802 7452 8009 7528 7923 7784 7862 7940 8361 7334 8111 7440 7626 7932 7659 8042 7957 7805 7760 7554 7873 7759 7698 8124 7174 7465 7935 7675 7832 7714 7942 7935 7416 7776 7535 8081 7446 7743 8017 7457 8196 7507 8218 7602 7552 7964 7954 7773 7904 7809 7320 7984 7539 8308 8268 
7472 7821 7738 7835 8500 7644 7687 7815 7914 7812 8085 8412 7623 7790 8567 7594 8459 8051 8306 7560 8169 7912 8372 8123 7800 7952 8102 7762 8026 8278 7833 8313 7896 7842 7465 8109 8546 7757 8328 8397 7823 7849 8193 7858 8000 7495 7819 7398 7840 8278 8659 8242 8221 8293 8038 7647 7880 7793 8021 8168 7740 8140 7672 8154 7949 8044 8002 7660 7612 8002 8296 8099 8013 7951 7819 8266 7867 8255 7691 8448 7865 8138 8130 8172 7592 8274 8374 7861 8388 7994 8382 7428 8255 7952 7966 8409 8096 8150 7928 7347 7769 8075 7403 7934 7735 7886 7536 8181 7847 7798 7521 7928 7676 8160 7844 8240 8385 7771 7959 7712 8543 7953 7740 7670 7995 8179 7910 8147 7917 8073 7863 7855 7614 8494 7942 7865 7759 7305 7701 7498 7716 8052 7914 7931 7575 8265 7568 7855 7750 8218 7624 8051 7758 7844 8196 7874 8501 7355 8012 8273 7962 7610 8708 8043 7609 7604 7716 7667 7821 7380 7979 7970 7680 7594 7169 7758 7582 7721 8207 8250 7849 8165 8173 8192 7688 7530 8026 7610 8065 7736 7772 8568 8037 8622 8227 7736 8008 7503 7948 8532 7605 8186 7643 7452 8069 8039 7809 7967 7663 8112 8201 7790 8096 7754 7582 7352 8073 7817 7675 8179 8045 7992 7718 8143 7685 8262 8236 7907 8296 7730 8083 8202 7764 7510 7566 8157 7949 7784 8130 7646 8171 7679 7877 8759 8008 7422 7749 7513 7786 7865 7662 7561 8242 7892 8099 7836 7731 7832 7892 8035 7799 7686 7568 7903 7570 7394 8479 7671 7574 7599 7701 7285 7914 7942 8117 8380 8118 7892 7821 7177 8287 7856 7866 7895 7373 7638 7931 8068 7566 8010 8221 8191 8066 8096 7357 8098 7961 7717 7553 7498 7875 7873 7821 7751 7919 7890 7899 7965 7700 7869 8621 7958 8254 8226 8036 8406 7452 7460 7807 8092 8059 8145 7951 8521 7851 8208 7671 7866 7935 8041 7603 8259 8156 8028 7880 7880 7947 8093 7925 7753 7423 7946 7490 7856 7851 8068 7780 8450 7459 8056 7655 7913 7772 8208 7519 8177 7776 7719 7947 7641 8231 8074 7963 7788 7213 8160 8086 7732 8464 7485 7801 7969 7362 7449 7513 8482 8059 7500 8013 7865 8100 7733 7905 7895 7563 8405 7911 8434 7945 7786 7918 8036 7945 7896 8108 7484 7694 7758 8031 8132 
8170 8377 8036 8072 8704 8290 7901 7894 8345 8024 8226 8761 8215 7770 8827 7817 8895 8407 8536 7415 8494 8147 8734 8076 8091 7993 8013 8310 8387 9046 8170 8388 8108 8353 8275 8579 8817 8367 8582 8420 8103 8306 8534 8636 8516 7834 8086 7874 8194 8589 8813 8147 8162 8517 8330 7946 8409 8153 8318 8295 7655 8610 8205 8579 8433 8046 8246 7912 7953 8353 8631 8304 8317 7874 8024 8513 7912 8450 7843 8595 8143 8345 8281 8717 8413 8632 8645 8058 8817 8669 8575 8042 8281 7900 7935 9102 8226 8068 8651 7806 8148 8213 7297 8013 7808 8506 8021 8175 8480 7896 8422 7931 7923 8016 8467 8183 8549 8051 8340 7817 8589 8137 7694 7854 8261 8580 8039 8136 8133 8117 8085 8457 7837 8761 7879 8448 8162 7598 8034 8190 8130 8529 8156 8233 8258 8331 7961 8033 8263 8470 8052 8741 8032 8064 8415 7565 8705 7658 8290 8356 8331 8349 8792 8640 8315 8097 8128 8251 8443 7919 8195 8591 7815 7730 7692 8043 8503 7909 8488 8325 8171 8289 8504 8253 8175 7731 8240 8227 8554 8221 8349 9048 8227 8893 8316 7810 8254 7852 8193 8930 8168 8494 8131 7748 8238 7771 8234 8090 8195 8430 8420 7831 8527 8134 8102 7860 8003 8273 7901 8447 8062 8151 8192 8535 7980 8582 8508 8139 8273 8074 7755 8267 8359 7899 8063 8544 8179 8050 8659 7726 8252 8154 7936 8969 8252 7725 7875 7679 7808 8270 8127 7973 8332 7991 8567 8444 8170 8180 8272 8623 8156 7767 7890 8425 8048 7730 8901 8148 8110 7916 8138 7520 7956 8653 8270 8744 8149 8574 8057 7533 8566 8057 8443 8242 7611 7922 8305 8582 8030 8598 8625 8226 7880 8609 7944 8281 8079 8401 7922 8187 8371 8200 8327 8450 8332 8454 8775 8746 8044 7951 8653 8049 8165 8321 8152 8618 8097 8053 7976 8324 8231 8751 8191 8913 8159 8251 8216 8405 8099 8049 8173 8464 8542 8483 8143 8538 8255 8615 7981 8166 7739 8418 8084 8390 8069 8390 8150 8601 8440 8296 8314 7914 8698 8704 7833 8701 8112 8215 8258 7985 8472 8001 8463 7960 7994 8546 8115 7923 8381 7967 8043 7924 7994 7990 7993 8620 8607 7667 8254 8157 8702 7740 8200 8373 8176 8410 8171 8871 8497 8131 8209 8247 8222 7867 8055 7790 7878 8051 8838 8606 
7873 7892 7824 8006 8680 8073 7723 7998 8258 7966 8006 8552 8025 7582 8626 7998 8634 8058 8586 7716 7785 7859 8276 8141 7820 7727 8247 8221 7869 8738 7878 8066 7790 7917 7768 8259 8751 8084 8104 8461 7811 8028 7897 8305 8053 7831 7750 7302 8305 8251 8460 8536 8193 8018 7874 7609 8444 7980 8186 8105 7720 8245 7988 8156 7957 8001 7980 7616 7913 8133 8538 8480 8153 7758 7794 8413 7676 8594 7638 8382 8144 7994 8459 8412 7769 8787 8421 7793 8466 7958 8388 8066 8488 7903 7942 8294 8292 8211 8414 7800 7721 7891 7060 7873 7734 7844 7463 8276 8310 7823 8054 8414 7812 7724 8131 8006 8471 7729 8008 7801 8562 7638 7746 7934 7905 8288 8132 7519 7871 8199 8031 7929 7636 8554 7530 8057 8293 7525 8091 7726 8116 8183 7748 8057 7958 8410 7638 8015 8334 8719 7954 8562 8060 7928 8177 8032 8578 7432 8500 8124 8223 8092 8997 8347 7722 7836 8207 8066 8309 7595 7987 8691 7479 7388 7532 7880 7910 7849 7866 8260 7777 7812 8175 7820 7845 7566 8392 8012 8782 7968 8189 8804 8305 8632 8741 7290 7998 7532 7768 8927 8212 8383 7879 7660 7762 7844 8059 7988 7964 8117 8588 8212 8249 8182 7750 7750 7989 8088 7890 8249 8003 8071 8070 8615 7922 8239 8268 8320 8452 7730 7791 8249 8495 7798 7814 8267 8262 8116 8329 7422 8345 8144 8014 8672 7927 7585 7783 7531 7814 8282 7957 7854 8223 7815 8421 8150 7936 8410 8367 8398 8130 7954 7670 8105 7774 7569 8901 7817 7843 7678 7571 7829 7838 8014 8143 8299 7958 8281 8034 7387 8091 8170 8140 8303 7660 7945 8106 8262 8020 8108 8223 8199 7906 8269 7528 8156 8213 8211 7672 7938 7797 8133 8153 8250 8269 8400 8155 8209 7892 7885 8330 7939 8307 8369 8163 8421 7960 7880 7981 8268 8093 8429 8029 8669 7844 7974 7520 8392 7653 8072 7739 8493 8272 8402 7719 7865 8093 8205 7735 7982 7814 7901 7731 8313 8119 8305 7716 8383 7930 8243 7958 7949 8171 8322 7748 8393 8094 8050 8065 8187 8652 8224 8199 8085 7736 8519 8036 7771 8661 8027 8151 8037 7775 7643 7920 8515 8544 7846 7994 7891 8474 7436 7915 8079 7790 8084 7415 8546 8360 8182 8244 8325 8010 7982 8254 7678 7746 7815 8265 8272 
7762 7692 7867 7735 8287 7626 7224 7813 7797 7715 7679 7883 7538 7512 8190 7805 8037 7805 8060 7190 8061 7679 8224 7846 7591 7694 7973 7381 7740 8109 7764 7931 8098 7788 7450 7922 8214 7752 7906 8155 8090 7297 7824 7687 7778 7398 7775 7582 7542 8072 8531 8221 8240 7774 8002 7596 7918 7634 7955 7757 7609 7929 7942 7859 8019 7691 7934 7335 7574 7552 8324 8095 8281 7399 7480 7871 7388 8017 7621 7878 7556 7898 8060 8198 7738 8366 8623 7932 8176 7696 8122 7565 8027 7670 7677 8336 7973 8041 7704 7108 7540 7931 7097 7605 7816 7769 7605 7757 8139 7551 7662 7990 7507 7668 7587 7701 7989 7541 7944 7629 8541 7521 7370 7634 7849 8101 7536 7620 7826 7742 7698 7471 7612 8059 7776 8324 7900 6733 7327 7501 8002 8092 7775 8118 7428 7959 7757 7783 8042 7881 7712 8370 7655 8004 8163 7555 8349 7246 8016 7975 7609 8210 8161 7947 7800 7588 7564 7832 7841 7581 7708 7912 7669 7386 7467 7548 7504 7772 7856 7984 7612 7751 8324 8090 7666 7614 8278 7929 8175 7628 7546 8814 8151 8326 8102 7340 7965 7203 7937 7851 7742 8203 7533 7633 7635 7561 7666 7627 7659 7837 7954 7784 7827 7862 7490 7480 7917 7942 7652 7674 8182 7762 7454 7919 7469 7971 8364 8130 7918 7636 7821 8098 7388 7694 7594 8258 8073 7841 8141 6910 7821 7814 7755 8662 7684 7383 7305 7543 7582 7661 7753 7677 8356 7923 8098 7993 7438 7931 7817 7928 7696 7521 7436 7673 7327 7203 8346 7538 7674 7720 7457 7307 7746 7604 7808 7929 7864 8183 7788 7224 8531 7909 7701 7517 7171 7611 7685 7860 7459 8294 8198 8184 7798 7882 7371 7699 7987 8149 7785 7537 7714 7927 7676 7660 8059 8007 7647 7846 7610 7717 8410 7845 7865 7914 7609 7980 7599 7490 7537 7992 8066 8095 7893 8065 8035 7806 7661 8120 7596 7487 7509 8256 8062 8023 7506 8185 7765 8037 7705 7995 7462 7540 7338 7522 7725 7930 7523 8337 7853 8018 7691 7362 7801 8653 7366 8116 7564 7894 7938 7763 8045 8165 8138 7466 7723 7942 7837 7830 8444 7473 7736 7818 7598 7576 7660 8273 7829 7624 8353 7243 7738 7412 8187 7696 7562 8167 7569 8121 8054 7750 7797 8090 7639 7926 8197 7456 8024 7509 7849 7852 
7985 8119 8196 8422 8903 8456 8086 8180 8424 8032 8300 8587 8424 7852 8850 7915 8971 8246 8708 8059 8294 8610 8820 8067 8127 8306 8611 8136 8104 8684 8142 8569 8017 8505 7726 8616 8516 8537 8405 8947 8571 8424 8033 8747 8365 8186 8262 7721 8630 8669 8723 8718 8271 8508 8397 7869 8430 8262 8329 8505 8086 8570 8404 8384 8303 8387 8158 7850 8151 7996 8511 8368 8749 7962 8101 8515 7942 8286 7877 8895 8440 8339 8318 8455 8011 8793 8863 8570 8744 8378 8533 8049 8568 8366 8096 8710 8314 8621 8553 8007 8127 8019 7489 8153 8317 8225 8268 8194 8622 8116 7931 8566 8017 8268 8298 8777 8601 7690 8345 8048 8711 8299 7931 8030 8120 8579 8277 8446 8313 8172 8017 7905 8020 8802 7851 8473 8393 7467 8037 7994 8294 8518 8069 7973 8248 8512 7879 8250 8394 8461 8089 8762 8301 8213 8635 8048 8988 7741 8883 8625 8535 8263 8803 8513 7908 8136 8026 8323 8427 8204 8309 8735 7685 8055 8012 8277 8187 8048 8480 8799 8384 8387 8763 8793 8020 7910 8676 8282 9006 7993 7939 8836 8506 8730 8819 7685 8399 7672 8381 8844 8426 8293 8465 7625 8093 8070 8490 8111 8366 8276 8672 8280 8611 8414 8094 7702 8117 8327 7834 8413 8203 8432 8095 8444 8236 8483 8592 8602 8562 8272 7995 8654 8108 8320 7909 8928 8322 8649 8459 7764 8635 8180 8076 9044 8243 7941 8222 7380 8058 8633 8243 8302 8534 8146 8649 8409 8003 8247 8304 8576 8238 8387 7889 8547 8121 7596 8969 8265 8074 8111 8009 7468 8339 8443 8221 8553 8239 8584 8025 7783 8552 8332 8237 8287 7748 8207 8105 8744 7885 8506 8352 8400 8074 8486 7984 8034 8174 8700 7820 8329 8560 8511 8255 8416 8513 8064 7946 8382 8302 8240 8544 7850 8360 8712 8458 8771 8277 8144 8506 8257 8471 8610 8449 8897 8034 8708 8535 8536 8391 8324 8154 8372 8427 8277 7746 8717 8097 8698 8347 8499 8151 8346 8106 8092 8315 8266 8015 8695 8171 8351 8192 7949 8223 8993 7836 8351 8264 8233 8628 8414 8523 8098 8433 8229 8025 8556 8323 8289 8696 7801 8363 8264 7707 8193 8324 8444 8513 8041 8442 8180 8326 7814 8361 8315 7821 8575 8328 8931 8272 8204 8351 8499 8549 8363 8144 7939 8323 7802 8706 8726 
7955 8005 8131 7920 8723 7911 7545 7938 8404 7966 8409 8375 7914 7873 8466 7739 8795 8247 8465 7835 8283 8048 8303 8251 8088 8091 8413 8079 8208 8431 8239 7811 7933 7808 7861 8336 8373 8097 8338 8538 8397 8442 8117 8600 8017 8014 8103 7800 8091 8518 8882 8534 7889 8353 8207 7208 8254 7961 8315 8261 7435 8459 8354 8490 8206 8123 8227 7774 7958 7685 8448 8150 8240 7768 7719 8413 7778 8335 7720 8472 8075 8196 8052 8377 8204 8507 8632 8307 8457 8067 8626 7732 8457 7826 7733 8541 8468 8168 8239 7648 7650 8011 7276 8037 8351 7953 7811 7894 8538 7685 7917 8074 7799 7769 8291 8214 8145 7841 8012 7797 8948 8129 7870 7549 7872 8395 8095 7798 8001 8025 7971 7905 7916 8384 7710 8441 8310 7063 7670 7966 8252 8299 7745 7915 8104 8220 7710 7868 8258 8435 7703 8677 8114 7951 8172 7879 8952 7636 8248 8211 8348 8198 8843 8306 7877 7755 7907 8279 8094 8102 7754 8345 7690 7783 7974 7857 8193 7568 8264 8189 8142 8102 8337 8350 7698 7716 8323 8189 8267 8060 8037 8895 8080 8699 8426 7770 8366 7489 7932 8689 8185 8114 8033 7590 8104 7985 8371 7830 8239 8196 8701 7718 8056 8118 7391 7826 8017 7970 8058 8224 8083 8058 8107 8625 7832 8461 8678 8377 8244 7950 7780 8606 8235 7796 7677 8764 8440 8046 8491 7485 8281 7801 7739 8844 7953 7911 8005 8002 7613 8240 8062 7957 8370 8073 8419 8519 7967 8293 8306 8143 8002 7948 7547 8111 7509 7468 8554 7562 7952 7824 7935 7695 8014 8047 7994 8515 8037 8373 8147 7440 8427 8065 8045 8398 7333 8069 7874 8282 8056 8202 8443 8085 8211 8401 7570 8085 8122 8133 7955 7687 8403 8161 8204 7990 8482 8127 8455 8374 7675 7979 8185 7965 8270 8308 8090 8603 7956 7631 7936 8119 8356 8395 8069 8599 7841 8156 7735 8239 7756 8294 7991 8302 8215 8741 8013 8449 8547 8374 7795 8189 7984 8131 7675 8174 7876 8061 7808 8527 7910 8273 8147 7847 8323 8528 8114 8329 8184 8100 8273 8023 8233 7992 8338 7859 7690 8274 7839 8041 8176 7968 8269 7998 7511 7622 7732 8056 8321 7521 8100 7684 8062 7733 8149 8238 8103 8057 7715 8785 7844 7877 7929 8089 8042 8180 8075 7923 8078 7691 8391 7876 
8116 8382 8399 8466 9241 8240 8225 8304 8381 8087 8492 8367 8298 8256 9068 8141 8965 8691 8579 8163 8789 8360 8424 8615 8001 8229 8417 8421 8140 9094 8140 8365 8620 8268 7942 8740 8826 8764 8245 8377 8211 8330 8464 8360 8670 8206 8555 7964 8518 8763 9117 8701 8621 8517 8310 7777 8385 8531 8297 8640 7968 8612 8343 8575 8502 8320 8501 8119 8232 8324 8830 8942 8405 7923 7875 8502 8235 8596 8196 8622 8309 8543 8684 8737 8192 9007 8808 8780 8890 8240 8968 8308 8710 8140 7883 8905 8674 8166 8612 8027 8373 8646 7313 8409 8252 8520 8243 8601 8675 8307 8033 8550 8269 8139 8298 8413 8842 8042 8637 8266 8909 8029 8019 8464 8376 8747 7894 8756 8322 8056 8381 8281 8245 8748 8248 8865 8623 7257 7739 7900 8306 8559 8437 8482 8279 8498 7801 8167 8443 8573 7995 8948 7909 8399 8723 8324 9146 7666 8646 8567 8500 8206 8783 8474 8281 8218 8176 8643 8672 8267 8189 8476 8217 8205 7948 8116 8373 8295 8318 9088 8438 8418 8769 8858 8210 8278 8627 8251 8930 7937 8539 9063 8408 8931 8567 7576 8713 7977 8509 9228 8576 8716 8549 7728 8400 8499 8391 8177 8558 8602 8519 8452 8754 8115 8094 7653 8459 8750 7951 8632 7974 8808 8665 8853 7902 9156 8488 8892 8684 8438 8132 8471 8205 8269 8130 8958 8407 8172 8378 7892 8728 8025 8345 9109 8499 7900 8114 7874 8397 8346 8090 8067 8629 8529 8392 8095 8067 8293 8572 8715 8470 7972 8035 8474 8077 8009 9026 7865 8215 7880 8152 7962 8294 8574 8576 8885 8440 8398 8268 7833 8801 8448 8689 8404 7731 8074 8143 9075 8147 8332 8474 8499 7999 8604 8163 8494 8352 8263 8286 7772 8594 8464 8089 8451 8726 8343 8178 8583 8206 7981 8924 8249 8265 8593 8432 8673 8286 8200 8731 8442 8520 8942 8562 8794 8113 8665 8389 8237 8105 8387 8279 8782 8548 8590 8224 8596 8374 8663 8148 8498 8452 8377 8236 8300 8721 8469 8385 8795 8187 8487 8103 8272 8316 8874 7939 8759 7888 8243 8727 8253 8629 8410 8836 7814 8146 8740 8289 7989 8767 8204 7902 8374 7777 7913 8187 8625 8285 8215 8449 8252 8442 7885 8329 8390 8373 8416 8375 9040 8277 8475 8201 8487 8559 8266 8339 8189 8155 8143 8573 8877 
7677 7945 8237 7996 8488 7978 7734 7665 7991 8013 8165 8081 7586 7783 8499 7723 8450 8002 8311 7452 8167 8307 8309 7908 8018 7408 8153 7913 8015 8282 8086 8126 7975 7715 7277 7854 8552 7968 8210 8369 7903 8098 8123 8487 7765 7388 8429 7850 7839 8301 8406 7910 7854 8186 7835 7624 7970 7793 8217 7999 7791 8335 8271 8083 7915 7897 7795 7685 7805 8110 8161 8135 8107 7826 7750 8158 7639 8196 7643 8545 8087 8054 8339 8322 7690 8351 8623 7831 8508 8131 8053 7770 8072 8001 7878 8520 8159 7959 8233 7746 7500 8035 7371 7915 7752 7589 7595 7927 8363 7720 7968 8030 7471 7892 8009 8041 8242 7554 8030 7494 8472 7517 7741 7859 7996 8000 7904 7767 7805 7908 7897 7812 7752 8578 7818 7992 8044 7299 7977 7575 7842 8153 7930 8043 7836 8343 7608 7894 8182 8420 7717 8297 7810 7862 8112 7534 8272 7600 8271 8145 8247 7987 8300 8110 7770 7837 7862 7798 8208 7655 7996 7890 7445 7540 7627 7917 8117 7664 7982 7923 8135 8092 8280 8351 7656 7869 8138 8009 8285 7866 8032 8471 8177 8581 8513 7343 8388 7508 8079 8545 7918 7916 7843 7755 8061 7809 8282 7699 7959 8172 8316 7862 8014 7884 8158 7637 8075 8081 7789 7760 8061 7713 8047 8332 7921 8231 8365 7983 8008 8012 7504 8501 7508 7885 7806 8375 8139 7835 7801 7354 8074 7672 8115 8393 7920 7872 7781 7235 7831 7711 7587 7676 8047 7952 8355 8281 7898 7893 7827 8015 7797 7768 7432 7868 7578 7501 8347 7651 7794 7729 7619 7488 7821 7781 8093 8050 8238 8133 7972 7157 8248 7932 7917 8044 7420 7907 7765 8271 7555 8035 7860 8163 7886 8383 7534 7906 7968 8143 7265 7495 8089 8296 8067 8014 8094 7964 8192 8061 8072 7612 8423 7661 7918 8102 7974 8407 7688 7840 7786 8250 8047 8270 7929 8622 7573 8134 7872 8289 8281 7841 8079 8141 8082 8489 7683 8336 7931 8309 7976 8104 7741 8075 7932 8007 7940 7855 7647 8323 7853 8115 7749 7766 8261 8663 7591 8041 7974 7693 8242 7734 8172 7934 8267 7996 7801 8163 7935 7794 8153 7416 8022 7937 7405 7654 7959 8201 7978 7519 8267 7912 7848 7422 7829 8214 7675 7822 7529 8514 7920 7875 8033 8225 8231 7801 7967 7453 7704 7341 8341 8248 
7815 7880 7619 7741 8188 7927 7662 7737 8017 7811 8194 8286 7945 7685 8548 7577 8138 7669 8078 7182 7854 7951 8283 7789 7366 7655 8339 8113 7853 8533 7766 8007 8016 7894 7498 8144 8291 7712 7915 8215 8129 8222 8055 8082 8099 7393 8199 7344 7667 8389 8639 7859 7767 7928 7676 7725 7831 8011 7946 8148 7691 8232 8157 7995 7886 7776 7851 7709 8017 7740 8276 8215 8219 7568 7779 7886 8013 8336 7651 7960 7595 7983 8055 8053 7972 8317 8383 8034 8338 7615 8254 7725 7761 8254 7874 8558 7976 7764 7709 7434 7703 7987 6841 7541 7509 7466 7743 7750 7951 7958 7400 8116 7687 7784 7815 8132 8307 7871 7703 7546 8125 7807 7371 7541 7876 8265 7665 7670 7653 7712 7471 7678 7852 8163 7868 7907 8152 7191 7507 7402 7569 8259 8211 8044 7937 8114 7426 7631 7660 7982 7839 7986 7430 8200 8133 8049 8001 7444 7913 8340 7957 7913 8272 7831 7614 7775 7508 7994 8196 7733 7816 7978 7719 7484 7399 7971 7830 7516 7864 8069 8164 7875 7846 8332 7696 7547 8096 7867 8287 7465 7751 8645 7964 8683 8281 7148 8221 7773 7948 8621 7734 7909 8111 7252 7869 7856 8133 7460 7733 8135 8141 7830 7977 7509 7645 7369 8076 8106 7558 8049 8036 7751 7834 8156 7430 8120 8262 7816 8120 7795 7521 8452 7851 7487 7720 8484 7784 7755 7698 7280 8229 7688 7933 8660 7947 7308 7595 7499 7814 8009 7532 7902 8046 7813 7898 8001 7947 7734 7895 8143 7443 7665 7785 7822 7863 7373 8567 7764 7405 7615 7587 7087 7649 7923 7934 8101 8257 7885 7887 6835 8271 7767 7968 8057 7591 7620 7792 8370 7354 8062 8234 8285 7408 8213 7695 7474 7792 7943 7586 7309 8108 7914 7942 7828 7886 8295 8341 8087 8048 7896 8343 7464 7959 7948 8119 8018 7603 7758 7966 8060 8002 8217 8007 8356 7668 7911 7572 8104 7670 7812 7461 8162 8110 8130 7622 8019 7877 7877 7558 8197 7786 7934 7720 7768 7877 7930 7369 8086 7689 8022 7401 7636 7786 8744 7356 8044 7540 7894 7773 7682 8072 7754 8106 7811 7390 8174 7859 7874 7996 7503 7348 8069 7432 7378 7600 8002 7876 7894 8062 7981 7955 7510 7706 7773 7732 7763 7619 8582 8094 7960 7888 7939 7886 7659 8193 7606 7542 7627 8228 7955 
7873 7725 7893 7838 8657 7866 7814 7604 7906 7712 8025 8164 7664 7936 8586 7872 8201 7835 8557 7798 8116 8273 8035 8208 7827 7569 8349 7915 7694 8627 7731 8026 7604 8004 7912 7895 8663 8130 7955 7877 7826 8204 7666 7938 7980 7661 8168 7567 7725 8256 8275 8163 8271 8159 8080 7609 8155 7872 8141 8603 7739 8346 8320 8119 7753 7795 7790 7478 7678 7845 8111 8487 8328 7629 7600 8043 7667 8372 7788 8283 7823 7887 7921 8246 8195 8465 8349 8326 8438 8230 8196 7705 8213 7591 7876 8650 7980 8042 8346 7497 7776 8083 7320 8188 8016 7977 7293 7792 8276 7609 7625 8214 7848 7943 7851 8136 8171 7707 7928 7786 8195 7941 7615 7831 7956 8516 7639 8131 8018 8005 7835 8060 7659 8146 7830 8240 8294 7171 7462 7610 8046 7906 8235 8116 7783 8285 7864 8062 7927 8340 7398 8232 8076 8121 8258 7528 8714 7398 8047 8081 7964 8177 8337 7837 7489 7844 7510 7850 8107 7603 8248 8150 7889 7957 7388 7851 8330 7698 7995 8286 8217 7868 8251 8351 7681 7630 8183 7744 8305 7626 7811 8698 8399 8405 8462 7327 8370 7500 8102 8265 8000 7923 7859 7459 8138 7656 7608 7499 7891 7986 8137 7805 8474 7729 8059 7683 7859 7861 7169 7930 7899 8275 7878 8306 7750 8468 8373 8316 8282 7805 7663 8477 7794 7330 7699 8585 8115 7783 8276 7432 8043 7805 7907 8783 8113 7467 8160 7227 7541 7957 7704 8154 8447 7966 8252 7947 7709 7648 8444 8150 8104 7549 7518 8082 7328 7368 8632 7432 7605 7673 7961 7526 7762 7905 8201 7941 7883 8077 8088 7462 8253 7801 7924 8049 7571 7623 7678 8223 7470 8423 7855 8310 7739 8144 7819 7896 8010 8283 7462 7903 7735 7831 7752 8133 8294 7926 8329 8024 7936 7619 8336 7764 8091 8280 7856 8288 7823 7639 7901 7830 8195 8088 8018 8484 7662 8268 7973 8146 8060 7884 8071 8346 8157 8159 7560 8338 8076 8337 7983 7577 7699 7877 7731 8170 8376 7951 7783 8192 7661 8141 7943 7594 8202 8385 7570 8059 8070 7907 8003 8083 8162 7980 8525 7656 7272 7880 7700 7795 8163 7779 7611 8072 7543 7416 7795 8260 7869 7861 8147 7713 8170 7717 7829 8179 7880 8219 7650 8616 7739 7983 7955 8092 8052 7756 7862 7259 7848 7683 8485 8388 
7434 7664 7948 7711 8173 7528 7266 7462 7748 7495 7459 7784 7738 7332 8280 7525 8494 7514 7918 7037 7834 7845 8059 7809 7425 7811 8018 7294 7241 8139 7401 7931 7348 7738 7481 7808 7773 7315 7736 7703 7506 7624 7929 7852 7699 7150 7565 7186 7518 7885 8117 7926 7646 8012 7474 7238 7283 7558 7449 7811 7354 7710 7587 7793 7717 7677 7459 7678 7380 7479 7769 8115 7622 7538 7390 7689 7550 8036 7353 7978 8010 8110 7562 8020 7754 8281 7956 7725 8236 7871 8063 7340 7685 7722 7619 8006 7711 7445 7702 7207 7567 7809 6549 7668 7524 6973 7299 7509 7678 7793 7384 7677 7560 7645 7726 7652 7961 7448 7545 7227 8219 7410 7205 7585 7471 7785 7741 7715 7713 7319 7704 7396 7218 8143 7274 7894 7918 6853 7563 7299 7378 7797 7558 7730 7593 7895 7024 7401 7409 7434 7250 8193 7720 7764 7539 7579 8276 6998 8113 7880 7786 7592 8137 7592 7524 7667 7564 7692 7656 7243 7312 7778 7490 7514 7189 7582 7516 7350 7955 7847 7581 7707 7953 7757 7151 7346 7811 7578 8116 7442 7822 8352 7477 8128 7996 7155 7791 7037 7169 8271 7695 7674 7542 7062 7272 7548 7615 7639 7426 7525 8098 7280 7943 7750 7454 7144 7703 7471 7328 7832 7748 7430 7892 7769 7484 8058 8069 7706 7897 7467 7275 7862 7439 7290 7520 8015 7776 7761 7886 7259 7831 7658 7302 8098 7556 7191 7501 7208 7498 7441 7513 7607 7755 7411 7715 7502 7489 7832 7528 7962 7341 7372 6907 7657 7204 7367 7885 7456 7085 7338 7847 7206 7694 7800 7502 7866 7829 7966 7622 7003 7827 7877 7736 7428 7137 7411 7511 7817 7503 7852 8010 7643 7517 7699 7130 7618 7423 7587 7353 7747 7777 7797 7661 7770 7535 7427 7593 7821 7283 7559 8140 7333 7640 8090 7921 7779 7258 7389 7750 7831 7915 7840 7468 8072 7125 7972 7458 8157 7349 7434 7394 7794 7726 7827 7714 8112 7379 7716 7149 7584 7567 7708 7211 7668 7722 7857 7167 7863 7426 8031 7505 7759 7739 8056 7407 7963 7332 7166 7637 7888 7874 7426 7754 7706 7390 7815 7417 7470 7935 7271 7250 7560 6874 7433 7303 7774 7633 7592 7771 7420 7883 7312 7782 7254 7459 7986 7289 8168 7653 7686 7548 7534 7584 7459 7352 7585 7708 7326 7832 8118 
7876 7994 7826 7974 8841 7986 7766 7843 8014 7929 8084 8112 7907 7708 8582 8134 8724 8071 8129 7909 7816 8038 8113 7477 7780 7996 8536 7813 7767 8470 7933 8032 8095 8054 7723 8087 8387 8172 8091 8235 8007 7993 7895 8355 8295 7669 8207 8031 8069 8372 8597 8464 8390 8322 8270 7744 8022 8077 7970 8423 7712 8325 8055 8289 8214 8137 7891 7808 7737 7941 8349 8119 8187 7826 7744 7924 7715 8293 7612 8205 7859 8188 8057 8355 8099 8691 8804 8027 8336 8152 8288 7853 8096 7720 7868 8806 8274 8061 8147 7586 7714 8197 7030 7967 7763 8006 7543 7559 8076 7576 7719 8127 7740 8263 8042 8228 8213 7829 8131 7685 8127 7528 7814 7779 7990 8232 7731 7935 8022 7969 8147 7540 7773 8542 7723 8399 7999 7180 7602 7480 7661 8091 8159 8307 7984 8059 7727 7674 8309 8278 7832 8359 7941 7923 8556 7768 8456 7364 8070 8075 8345 8263 8181 8110 7912 7708 7828 7962 7898 7863 7925 7929 7508 7762 7705 7831 8056 7674 8273 8642 7875 8047 8266 8488 7816 7907 8190 8090 8573 7790 7955 8440 8149 8569 7939 7237 8271 7863 8147 8506 7800 8112 8164 7532 7868 8012 7880 7964 7677 8312 8094 7966 8223 8058 7463 7561 7711 8162 7331 8138 7867 7990 7948 8188 7749 8449 8353 8042 8282 7748 8124 8528 8037 7619 7982 8419 8169 7927 8270 7585 8251 7984 8283 8548 7956 7484 7858 7435 7893 8018 7580 7960 8601 7964 8542 8000 8286 7730 7849 8205 7675 7793 7426 8001 7849 7739 8517 7688 7632 7714 7814 7479 7647 8259 8004 8625 8249 7740 7805 7498 8230 7964 8220 7865 7641 7878 7856 8223 7785 8316 8493 7929 7707 8295 7990 7924 7993 8091 7889 7860 8087 8085 7913 8286 8319 8331 7966 8479 7834 7799 8443 7872 8083 8372 7883 7880 7877 7939 7974 8181 8152 8018 7862 8522 8242 8065 8246 8185 7915 7951 7679 8322 8160 8470 7619 8228 8075 8079 7792 8104 7783 8151 7945 8074 7990 8045 8041 8255 7868 7777 7797 7798 8243 8743 7656 8088 7748 7630 8336 7819 8356 8193 8055 7901 7687 8348 7964 7810 8323 7556 7651 8123 8044 7647 7850 8016 8249 8018 8285 7816 8138 7566 7856 7784 7907 8307 7439 8499 8108 8169 8001 7944 7750 7994 8233 7383 7920 7705 8268 8627 
7897 8141 8029 8015 8483 7790 7709 7608 8287 7966 8283 8649 7878 7874 8682 7576 8693 8044 8750 7709 8328 8130 8492 8143 7947 8364 8286 7938 8165 8546 8105 8008 8078 7933 7907 8521 8560 7882 8275 8279 8009 8377 8150 8251 8260 7594 7919 7690 7886 8391 8647 8278 8162 8432 8139 7291 8210 7691 8117 8293 7843 8154 8145 8155 7989 7794 8150 8246 7862 8139 8077 8290 8192 7824 7598 8183 7625 8204 7613 8675 8056 8137 8279 8391 8142 8861 8524 8193 8557 8502 8231 7848 8311 7968 7986 8626 8217 7860 7897 7354 7784 8315 7248 7650 7928 8144 7502 7914 8132 7920 7899 8188 7831 7776 8235 7720 8414 7691 8174 7602 8592 8003 7771 7993 7908 8134 8066 8063 8235 7635 7929 7904 7935 8802 7858 8234 8160 7092 7979 7848 7910 8127 7869 7893 7751 8383 7544 7649 7913 8313 7942 8278 8576 8038 8378 8069 8145 7466 8213 8250 8128 8056 8444 8215 7750 8052 7906 8195 8255 7444 7744 8259 7722 7434 7763 7970 8115 7676 8094 8488 7951 7954 8419 8401 7782 7427 8529 8039 8390 7758 8122 8800 8066 8615 8643 7360 8249 7561 8000 8630 7796 7870 8059 7559 7934 7933 7897 7534 7932 8167 8574 8092 8414 7961 7833 7786 7875 7981 7448 8225 7849 7935 8055 8297 8089 8548 8400 8234 8739 7851 7647 8585 7944 7730 7891 8268 8249 7948 8303 7510 8050 8210 7764 8995 7998 7575 7723 7535 7750 7872 7834 7626 8503 8019 8437 7913 8231 8020 8098 8318 7755 7776 7614 8203 7607 7604 8642 7934 7913 7674 8117 7540 7913 8262 8121 8441 8239 8229 8009 7725 8176 8053 8164 8117 7542 7907 7774 8015 7340 8141 8163 8132 7930 7766 7718 7913 8210 8335 7802 8004 8169 7701 7928 8137 8361 8174 8145 8220 7691 8187 8486 7744 7922 8418 8216 8334 7995 7786 8130 7785 8044 8336 7712 8564 7855 8467 7956 8321 7756 7806 7918 8327 8455 8234 7722 8492 7877 8023 7950 7609 8079 7934 7745 8112 7786 7960 7497 8098 7570 8127 8026 8092 8247 8522 7847 8520 8075 7644 8009 7687 8367 7834 8253 7921 7794 8034 7925 7474 8359 7579 7986 7909 7769 7988 7925 8297 8181 7826 7918 7793 8247 7599 8067 8097 8017 8238 7707 8710 7847 7718 7834 8112 7848 7915 7787 7796 8064 7430 8347 8352 
7916 8153 8246 7922 8449 8143 7657 7845 8211 8039 7926 8239 7571 8012 8901 7999 8515 7971 8540 7731 8249 7908 8320 8257 8264 7790 8272 8176 7935 8580 8015 8123 8197 8006 7792 8409 8213 8060 8344 8252 8101 8056 7997 8059 8083 7636 8417 7872 7782 8215 8801 8332 8244 8127 8242 7462 7906 8021 8068 8402 8056 8672 8260 8127 7970 7909 7815 7787 8010 7907 8402 8222 8065 7629 7730 8507 8044 8188 7830 8085 8006 8052 8114 8517 8029 8545 8672 8462 8313 8046 8436 7901 8447 8003 7625 8368 8356 8063 7768 7522 7650 7763 7277 7750 7722 7976 7583 7916 8474 7683 8051 8150 7820 7972 7981 8274 8288 7583 8226 7474 8564 7756 7761 7618 8275 8112 7831 8170 8211 7765 8005 7574 7798 8611 7636 8385 8256 7342 7929 8083 7812 8140 8187 7943 7919 8320 7797 7703 8002 8013 7688 8409 8217 7999 8025 7678 8335 7636 8529 8074 8146 7988 8522 8156 7725 7620 7868 8180 8055 7879 8014 7984 8080 7688 7388 7912 7850 7775 8358 8213 8260 8273 8476 8414 7656 7838 8304 8097 8443 7741 7854 8773 8149 8514 8311 7503 8102 7514 7891 8855 7750 8143 8293 7863 7798 8021 8063 8061 7915 8132 8325 8216 8267 7912 7674 7272 7932 8201 7268 8214 8021 8133 7905 8291 7673 8638 8913 8384 8480 7722 8172 8250 8019 7806 8099 8393 8022 7784 8300 7429 8259 8313 7756 8707 7995 7708 8163 7876 7673 8069 7656 7823 8107 7717 8229 8397 7871 8161 7991 8137 7787 7854 7585 7955 7456 7707 8817 7702 7901 7543 7992 7521 8229 7924 8306 8653 8316 8153 7926 7427 8402 7869 8098 7931 7726 7787 7968 8579 8093 8358 8306 8115 7884 8143 7602 8141 7534 8070 7651 8136 7776 8263 7810 7829 8517 7957 8040 8324 7740 7487 8423 8155 7762 8345 7934 8470 7808 7677 8058 8377 8307 8114 7795 8511 7929 8049 8023 8097 7887 7735 7711 8575 7999 8334 7781 8245 7733 8215 7877 8154 7947 7891 7638 7675 7682 7861 7756 8369 8235 8370 7885 7700 7973 8473 7862 8426 7797 7987 8219 7806 8317 8050 8085 8231 7769 7925 8256 7974 8409 7604 8041 8089 7767 7595 8323 7996 8099 7644 8116 7634 8001 7575 8295 7811 7899 8007 7979 8488 7842 7857 7857 7560 8078 7927 8533 7628 8271 7751 8654 8257 
7955 8008 7852 7866 8664 8048 7688 7582 8089 7959 8437 8333 7861 8114 8768 8041 8483 7974 8371 7655 8021 7955 8135 8008 7943 7782 8168 7999 8102 8601 7809 8027 8120 7844 7811 8258 8232 7904 8493 8016 7835 8167 8040 8366 7673 7589 7984 7651 8190 8242 8608 8578 8505 8566 8022 7544 7983 7881 7928 8268 7964 8419 7943 7963 7839 8394 8048 7626 7783 7998 8401 8011 8186 7771 7577 8073 8088 8496 7716 8171 8099 8154 8106 8092 7737 8644 8701 7882 8491 7669 8027 7933 8326 8000 7746 8709 8238 7898 7919 7423 7906 8145 7210 7998 7987 7958 7703 7817 8088 7831 7900 8005 7570 8029 7820 8216 8575 7762 8106 7473 8207 7889 7910 7730 7857 7872 7961 8231 7878 7834 8103 7901 7998 8402 7828 8274 8052 7017 7708 7744 8060 8071 7874 7809 7942 8757 7546 7905 8054 8129 7546 8302 8111 7988 8233 8101 8591 7611 8416 8067 8106 7989 8778 8078 7984 8009 7850 8174 7914 7689 7923 8248 7500 8063 7588 7718 8098 7632 8367 8314 8129 7810 8512 8084 7969 8023 8518 7774 8288 7792 7848 8931 7985 8558 8362 7505 8128 7357 7861 8440 8059 7912 7984 7476 8268 7909 7948 7863 7871 8374 8248 7985 8379 7825 7503 7804 7849 7668 7893 8362 8156 7872 7864 8243 7734 8443 8325 8295 8046 7840 7673 8287 7833 7811 8236 8424 8219 7933 8045 7333 8022 7839 7577 8500 8111 7586 7837 7641 7979 7946 7624 7765 8233 8043 8328 8128 7869 7937 8084 8398 7905 7684 7685 7933 7903 7553 8440 7800 7902 7739 8218 7647 8021 8152 7715 8347 8187 8011 7847 7466 8374 8275 8220 8016 7234 7861 7975 8426 7794 7967 8356 7753 7847 8348 7577 8043 7948 8042 7894 8089 7857 8096 7949 7647 8174 7976 7904 8338 7610 7683 8397 7712 8114 7944 8010 8499 7799 7847 8183 8350 8315 8229 7753 8437 7725 8176 8085 8125 7480 7934 7910 8510 8078 8221 7649 8441 8115 8100 7575 7948 7778 8215 7548 7859 7702 8255 7591 8097 8143 8336 7908 7724 7866 8381 7865 8315 7919 7755 7901 7818 8307 8346 8314 7732 7850 8379 8192 8047 8217 7726 7783 7852 7611 7716 8024 8241 8050 7766 8215 7799 8273 7508 7870 8046 7781 8321 8086 8415 7865 7655 8241 8263 8003 7929 8154 7736 8224 7906 8223 7993 
7954 8123 8079 8134 8832 8027 7755 8011 8044 8110 8075 8197 7745 8080 8627 8177 8847 8189 8046 7989 8131 8029 8105 7654 7871 7898 8279 7767 7920 8868 7807 8396 8207 7927 7749 8268 8296 8127 8403 8226 7760 8131 8220 8275 7940 7866 7941 7676 8337 8413 8869 8434 8259 8082 7899 7440 8078 8060 8233 8018 7915 8047 8170 8204 8076 8106 8106 7891 8286 8127 8335 8303 8404 7860 7371 8105 8041 8093 7458 8398 7869 8430 8363 8440 8072 8555 8500 8363 8299 8169 8316 7936 8570 7920 7995 8782 8191 8426 8232 7492 7903 8099 7314 7783 7951 7979 7722 8364 8324 7866 7966 8017 7495 8225 8204 8197 8429 7776 8528 7488 8675 7932 7670 7926 8114 8550 7931 8009 7998 7901 7925 7648 7677 8253 7816 8288 8371 7083 7751 7804 7935 8181 7984 8018 7957 8504 7667 8092 8527 8171 8122 8596 8168 7931 8134 7856 8475 7429 8173 8139 8254 8356 8720 8594 7914 8257 7825 7944 8206 7542 8152 8127 7681 8052 7652 7755 8130 7706 8002 8789 8113 8067 8406 8175 7978 7749 8373 7940 8536 7852 8164 8811 8232 8629 8381 7451 8345 7588 8136 8683 8289 8222 7920 7418 8257 8132 8202 7970 8265 7933 8360 7902 8422 8066 7858 7888 8078 8108 7702 8370 8084 8201 8125 8352 7726 8560 8249 8129 8391 7918 7908 8466 7951 7761 7819 8387 8390 7811 8740 7484 8261 8038 7954 8744 8136 7425 7849 7505 7968 8298 8037 7984 8333 8205 8152 8078 7973 8311 8222 8353 7906 8015 7690 8181 7679 7575 8700 7865 7891 7856 7880 7916 8077 8248 7953 8702 8145 8211 8054 7494 8148 7723 8028 8051 7880 7989 8274 8295 7907 8329 8752 8112 7952 8273 7856 8179 7915 8120 7882 7804 7975 7907 7949 7671 8169 8278 8126 8273 8089 7831 8409 7738 8081 8539 8045 8592 7772 7966 8318 7676 8555 8381 8096 8376 8237 8029 8036 8227 7807 8417 7999 8587 8571 8351 7623 8204 7952 8297 7853 7882 8041 7942 7966 7859 8025 7954 7973 8197 7925 8117 7731 7783 7968 9019 7708 8367 7969 7850 8313 7605 8094 8392 8254 8224 7956 8601 8100 7896 8311 7981 8004 8408 7771 7920 7731 8177 8407 8099 8142 7752 7630 7978 8290 8193 7924 8110 7800 8902 8176 7985 7963 8012 8050 7796 8166 7788 8301 7735 8578 8304 
7742 7610 7617 7651 8287 7694 7435 7640 7743 7799 7689 7839 7570 7809 8207 7370 8248 7778 8141 7264 7766 7710 7972 7801 7311 7638 7777 7516 7835 8255 7676 7558 7553 7473 7412 8151 8079 7844 8005 8379 7889 7803 7994 7858 7826 7147 7681 7467 7413 8272 8399 8111 8099 8084 7874 7231 7680 8108 8020 7847 7624 8138 7947 7841 8039 7927 7676 7537 7466 7297 8108 8095 7826 7329 7608 7839 7453 8078 7076 8106 7911 7794 7833 7958 7697 8177 8226 7910 8161 7709 7956 7713 7948 7621 7842 8036 7493 7553 7536 7350 7380 7643 7260 7680 7235 7618 7428 7794 8000 7268 7484 7897 7688 7541 7738 7794 8108 7310 7814 7318 8380 7070 7481 7756 7655 8001 7615 7777 7625 7753 7557 7642 7628 8137 7156 7728 7813 6932 7387 7574 7641 7571 7694 7807 7411 8086 7483 7359 7835 7973 7412 7975 7531 7472 7818 7523 8226 7289 7664 7642 8039 7831 8084 7903 7597 7759 7323 7985 7822 7235 7900 7743 7187 7463 7466 7395 7818 7400 7619 7968 8108 7836 7914 7889 7599 7285 7788 7526 7933 7539 7441 8414 7848 8233 8016 7135 7863 7515 7560 8294 7489 7902 7632 7384 7977 7465 7480 7417 7653 7616 8054 7779 7846 7750 7552 7474 7668 7693 7220 8167 8126 7600 7515 7796 7480 7901 8239 8213 7911 7279 7423 7980 7776 7488 7364 8047 7834 7642 7904 6996 7700 7570 7357 8170 7855 7156 7471 7248 7278 7732 6954 7893 7722 7511 7790 7737 7512 7350 7760 7882 7916 7389 7043 7804 7311 7579 8040 7534 7305 7138 7580 7276 7518 7628 7602 8285 7901 7942 7626 7345 8192 7715 7531 7710 7448 7601 7843 7773 7680 7886 8170 7752 7580 7922 7290 7563 7459 7912 7405 7565 7905 7561 7705 7700 7738 7911 7786 8093 7619 7452 8157 7681 7741 8104 7899 8106 7830 7510 7612 7858 7710 8178 7977 8075 7571 8008 7763 7893 7329 7786 7429 7934 8104 7760 7307 7647 7946 7896 7469 7588 7540 7766 7280 7957 7564 7665 7292 7844 7679 7733 7597 7613 7738 8310 7376 7959 7805 7337 8037 7620 7943 7707 8068 7536 7459 8148 7586 7892 7870 7657 7513 7767 7594 7601 7534 7797 7510 7643 8031 7392 7824 7527 7481 7690 7835 7927 7471 8254 7819 7654 7560 7800 7875 7452 8006 7233 7428 7274 8054 7846 
8404 8875 8657 8637 8720 8677 8165 8280 8421 8321 8461 9002 8369 8629 9264 8450 8970 8746 8872 8179 8481 8538 8849 8587 8514 8549 8608 8436 8455 9059 8209 8494 8675 8720 8541 8904 9158 8695 8786 8577 8486 8831 8727 8806 8682 8410 8249 7717 8198 9018 9522 8853 8532 8952 8458 8154 8494 8542 8279 8528 8469 8755 8965 8876 8449 8436 8249 8351 8671 8423 9040 8751 8683 8383 8430 8822 8439 8832 8112 8949 8342 8926 8768 9195 8568 8993 9097 8702 9064 8628 8873 8285 9002 8556 8509 9436 8491 8566 8545 7876 8409 8408 7766 8198 8435 8340 8083 8942 9153 8213 8311 8529 8074 8565 8435 8669 8973 8456 8746 8324 9048 8457 7859 8628 8401 9074 8036 8640 8868 8833 8213 8448 8230 8982 8229 8872 8606 7789 8668 8224 8517 8877 8642 8789 8461 8949 8170 8233 8716 8700 8486 8767 8283 8507 9114 8440 9232 7810 8579 8859 9021 8409 9225 8756 8279 8526 8362 8455 8709 7987 8604 8764 8512 8351 8278 8572 8591 8211 8936 8712 8448 8747 8641 8831 8146 8328 8728 8604 9089 8349 8564 9239 8694 9291 8928 8052 8996 8145 8696 9635 8763 8518 8555 7924 8479 8403 8604 8523 8326 8444 8764 8515 8949 8667 8036 8202 8430 8822 7953 8842 8433 8703 8756 8887 8244 8877 9036 8622 8692 8246 8448 8747 8294 8145 8182 8946 8449 8558 8658 8294 8623 7911 8199 9208 8515 8050 8382 7699 8205 8391 8582 8391 9005 8443 8989 8682 8262 8325 8753 8978 8152 8144 8194 8385 8060 8084 8983 8414 8365 8287 8499 8022 8324 8489 8495 9014 8725 8660 8531 7699 8837 8778 8587 8582 8211 8629 8638 8884 8209 8584 8707 8424 8369 8924 7919 8508 8372 8628 8102 8378 8382 8694 8676 8222 8587 8549 8626 8721 8194 8216 9063 8191 8569 8859 8747 8671 8486 8367 8327 8302 8814 8965 8777 9313 8057 8515 8099 8763 8549 8667 8234 8807 8918 8650 8356 8694 8430 8646 8238 8379 8290 8403 8589 8478 8526 8733 8333 8887 8521 8637 8195 8266 8617 9136 7789 8636 8150 8025 8606 8657 8571 8666 8738 8321 8142 8482 8579 8478 8969 8336 8241 8326 8225 8118 8445 8728 9016 8312 8619 8042 8918 8222 8193 8427 8255 8850 8386 8906 8796 8385 8538 8459 8717 8132 8765 8443 8254 8017 8854 8960 
7841 7887 8190 7999 8265 8015 7441 7625 8297 7859 7686 8116 7749 7497 8653 7844 8214 7805 8333 7399 8017 7780 8185 8091 8108 8065 7816 8205 8080 8310 7626 8121 8136 8210 7586 8065 8371 8024 8428 8386 8245 8045 7835 8271 8089 7442 7904 7541 8002 8340 8506 8172 8184 8139 7932 7664 7947 8104 8075 8268 7542 8317 8191 8237 7578 7789 7946 7727 7855 7909 7925 8135 8197 7752 7751 8121 7810 8143 7731 8112 8252 7868 8043 8307 7879 8189 8659 7875 8459 8291 8298 7709 8560 8113 7740 8646 8023 7501 8085 7199 7625 7991 7268 7945 7625 8043 7979 8070 8428 7947 7698 8133 7612 7760 7662 8209 8273 7650 8019 7866 8473 7741 7628 7524 7977 8234 7839 7990 8038 7779 7530 7798 7824 8304 7434 8190 8000 7065 7925 7863 7956 8154 8092 7742 7584 8323 7329 7906 7706 8239 7689 8433 7885 8094 8023 8147 8504 7412 8371 8205 8268 7828 8151 8345 7813 7811 8068 8144 8268 7459 7930 8233 7422 7991 7592 8005 7983 7536 8242 7964 8232 7596 8413 8098 7484 7680 8240 7992 8409 7846 7803 8841 8087 8576 8433 7475 8254 7699 7590 8869 8118 8048 8037 7504 7799 7949 8038 7883 7699 8117 8395 7905 8345 7658 7917 7627 7788 8061 7770 8296 8140 7977 7784 8147 7641 8032 8579 8182 8038 7804 7784 8118 7929 7750 7743 8381 7902 8202 8038 7400 8162 7737 7736 8758 8188 7395 7637 7474 7875 8005 7893 7246 8195 7895 8280 8224 7899 7924 8168 8523 7819 7847 7783 8518 7496 7779 8154 7756 7826 7603 7994 7397 7936 7878 7988 8152 7923 8069 7817 7291 8238 8085 7937 7957 7717 7864 8030 8400 7682 7878 8377 8088 7669 7889 7825 7913 7911 7933 7755 8054 8053 7762 7821 8139 8239 8155 8066 8144 7618 7565 8518 7649 8208 8125 8211 8373 7721 7534 7851 8200 8401 8384 7661 8631 7437 8335 8229 8361 7911 7721 8023 8536 8310 8016 7903 8169 8046 7983 7781 8057 7872 8012 7709 8117 7823 7943 7683 8435 7735 8344 7823 7726 8038 8602 7743 8222 7852 8027 7900 7886 8563 8144 8134 7846 7893 7958 8086 7814 8160 7475 7789 8156 7333 7744 7900 8442 8218 7577 8123 7978 8070 7292 7996 8078 8020 8421 7748 8462 8117 7607 7957 8169 8102 7674 8201 7506 7828 7661 8392 8299 
8171 7951 8227 8348 8843 7968 7614 7722 8104 7782 8395 8542 8074 8076 8937 8118 8535 8263 8376 7744 8216 8074 8537 8183 8097 8393 8210 8604 7949 8586 7962 8003 8318 7926 8005 8349 8496 8206 8282 8311 8142 8444 8475 8384 7849 7981 8232 7683 8201 8262 8892 8349 8747 8007 7690 7846 8045 8167 8065 8688 8032 8239 8420 8272 7996 8352 8195 7996 8133 8027 8979 8488 8146 8127 7703 8224 7755 8321 7720 8507 8160 8636 8170 8558 8205 8742 8961 8182 8436 8405 8500 7865 8446 7604 7809 8863 8078 8185 8235 7625 7604 8244 7383 7978 7895 8047 8008 8421 8487 7919 8047 8191 7881 8073 8106 8176 8745 7938 7858 7691 8609 7924 7617 7822 8318 8316 7875 8234 8253 7965 8094 8523 7874 8589 7673 8654 8065 7368 7635 8079 8182 8450 8163 8154 8034 8653 7716 7747 8400 8302 7810 8519 8098 8271 8243 8010 8323 7430 8150 8403 8422 8365 8575 8325 8211 8009 7869 8314 8588 7875 8410 8472 7889 7756 7872 8090 8029 7840 8306 8286 8332 7988 8325 8329 7884 7784 8304 8170 8650 7918 8291 9255 8501 8411 8416 7330 8366 7514 8026 8913 7907 8232 8209 7677 8133 7903 8424 8200 7909 8284 8686 7940 8466 8160 7800 7924 8102 8056 7563 8081 8032 8314 8010 8770 7793 8824 8626 8205 8367 7790 7814 8423 8259 7792 7932 8680 8160 8388 8369 7660 8451 7943 7947 8637 8090 7722 7822 7530 7696 8046 7929 7883 8180 7916 8727 8404 8120 7980 8051 8359 8318 8021 7818 8169 7580 7875 8870 7799 8126 7791 7982 7717 8103 8402 7935 8267 8241 8096 8282 7411 8342 7892 8239 7787 7900 7914 8163 8334 8153 8361 8368 8231 8013 7880 7666 8077 8049 7989 7914 8324 8061 8161 8181 8497 8331 8693 8257 8371 7771 7784 8700 7834 8037 8224 8430 8299 7980 7959 8157 8147 8257 8553 7922 8671 7859 8414 7951 8462 7829 8164 7706 8588 8413 7985 8026 8383 7949 8467 7776 7916 7632 7954 7983 8382 8063 8117 7816 8482 7787 8345 8004 8303 8260 8686 7639 8311 7780 7887 8283 7718 8293 8299 8149 8073 7957 8098 7718 7838 8407 8013 8150 7949 7818 7719 7609 8136 8203 8202 8277 8019 8660 7549 8024 8399 8144 8170 8174 8597 7962 8101 7815 7931 8066 7785 8055 7819 8014 7893 8473 8429 
8212 8428 8559 8615 8858 8688 8516 8532 8787 8284 8729 8411 8463 8433 8783 8184 9013 8357 8635 7899 8308 8510 8898 8602 8442 8449 8762 8254 8318 9369 8389 8402 8561 8616 7983 8549 8992 8754 8582 9035 8364 8364 8808 8966 8539 8084 8820 7890 8657 9028 9424 8864 8448 8662 8506 8198 8435 8247 8292 8424 8173 8674 8504 8611 8447 8477 8424 8092 8293 8186 9014 9027 8751 8374 8055 8365 8046 8933 8255 8993 8439 8681 8923 8741 8534 9153 9304 8816 9145 8449 8962 8359 8757 8432 8446 9176 8708 8583 8424 7721 8204 8647 7653 8356 8226 8382 8329 8508 8518 8433 7953 8881 8321 8360 8662 8513 8862 8316 8424 8081 9267 8303 7844 8329 8315 8904 8086 8526 8523 8474 8593 8427 8283 9000 8204 8774 8874 7650 8088 8090 8341 8651 8511 8542 8471 8512 8175 8501 8993 8754 8062 8811 8199 8693 8452 8259 9070 7929 8568 8691 8713 8641 9215 8539 8026 8199 8364 8498 8509 8156 8630 8676 7954 8112 8204 8159 8582 8148 8724 8886 8725 8263 8762 8713 8179 8163 8728 8432 8633 7924 8848 8913 8669 9227 8678 8030 8664 8270 8677 9203 8355 8446 8559 8155 8644 8300 8398 8506 8445 8549 9037 8130 8727 8375 8262 7907 8460 8613 8005 8710 8228 8284 8501 8857 8103 8992 8795 8305 9093 8315 8239 8772 8204 8153 8121 9147 8372 8197 8898 8233 8716 8465 8417 9370 8495 8046 8460 8106 8303 8715 8306 8332 8748 8388 8712 8728 8233 8733 8642 8582 8445 8442 7998 8654 7879 8024 8949 8213 8207 8281 8306 7988 8052 8621 8410 9151 8705 8788 8512 7759 9000 8394 8447 8259 7966 8215 8422 8688 8268 8750 8548 8668 8227 8747 8247 8462 8039 8660 8231 8262 8386 8506 8395 8787 8799 8467 8551 8993 8626 8247 8852 8120 8457 8676 8725 8742 8360 8106 8771 8457 8894 8793 8558 9191 8242 8678 8064 8527 8219 8530 8431 8918 8641 8786 8345 8723 8584 8562 8217 8582 8308 8752 8564 8470 8762 8367 8468 8572 8593 8492 8105 8214 8664 8838 7830 8755 8318 7910 8663 8562 8269 8735 8574 8354 7742 8551 8352 8335 9030 8196 8253 8617 7937 8175 8269 8947 8499 8014 8372 8136 8715 8053 8320 8408 8588 8666 8457 9298 8594 8399 8263 8925 8479 8432 8460 8099 8330 8053 8860 8634 
7897 7343 7591 7756 8050 7688 7442 7608 7574 7336 7683 7821 7505 7487 8259 7569 8016 7387 8124 7148 7505 7728 8139 7990 7945 7576 8062 7640 7810 8179 7356 7805 8123 7895 7432 7954 8200 7639 7792 7956 7960 7660 7929 7975 7315 7587 7716 7414 7669 7899 8404 7962 8021 7644 7695 7160 7692 7656 7658 7859 7454 8175 7952 7783 7459 7782 7595 7409 7375 7772 8084 7870 7887 7247 7521 7459 7651 7974 7657 7642 7609 7598 7705 8172 7819 8321 8264 7694 8131 7707 7930 7352 7733 7518 7640 8215 7897 7772 7797 7163 7309 7806 7162 7490 7304 7440 7561 7448 8179 7532 7745 7802 7698 7753 7657 8028 8125 7485 7657 6899 8169 7647 7290 7611 7757 8072 7362 7636 7753 7445 7486 7433 7862 7919 7621 7862 7917 6977 7527 7354 7974 7751 7747 7756 7527 7855 7086 7551 8025 7666 7166 7809 7872 7554 8062 7416 8255 7308 7690 7748 7678 7920 8244 7965 7526 7475 7532 7924 7662 7469 7741 7947 7233 7577 7176 7746 7859 7469 7945 7855 7771 7385 8143 8023 7355 7663 7907 7715 8204 7598 7638 8188 7670 7960 8040 7347 7858 7422 7552 8206 7614 7881 7362 7253 7911 7138 7440 7588 7436 7688 7983 7560 8030 7565 7281 7020 7325 7536 7270 7647 7625 7632 7647 7918 7417 8180 8235 7620 7953 7424 7543 7929 7541 7110 7280 8092 7791 7692 7966 7028 7783 7798 7785 8509 8124 7057 7415 7319 7382 7775 7578 7489 7607 7583 8270 7963 7697 7596 7986 7811 7684 7187 7094 7690 7461 7663 8174 7531 7569 7137 7523 7209 7776 7808 7324 8038 7533 7843 7793 6916 8136 7765 7770 7772 7378 7500 7493 8231 7506 7913 7932 7496 7519 7772 7250 7620 7765 8025 7262 7373 7765 7636 7458 7642 7584 7984 8008 7598 7765 7378 8210 7396 7546 8056 7966 7942 7669 7389 7384 7847 7821 8051 7871 8210 7484 7864 7601 7919 7670 7837 7446 8143 7701 7759 7749 8059 7571 8063 7275 7824 7522 7469 7367 7635 7868 7861 7334 8161 7540 7887 7630 7457 7823 8276 7323 8245 7711 7622 7876 7414 7838 7826 7836 7762 7628 7648 7610 7281 7820 7288 7953 7678 7480 7386 7663 7848 7910 7431 7925 7595 7513 7126 7506 7533 7726 7826 7458 8048 7594 7869 7412 7772 7854 7444 7602 7304 7817 7345 8041 7953 
7827 7741 7558 7587 8113 7711 7611 7447 8088 7586 7801 7972 7471 7399 8266 7682 7990 7422 8126 7444 7680 8033 7893 7770 7356 7593 8019 7279 7705 8351 7523 8198 7924 7878 7266 8088 8085 7461 7727 8085 8002 8039 7911 8133 7565 7167 7554 7398 7780 7636 8460 8064 7890 7503 7793 7332 7750 7487 7484 8149 7654 8059 7672 7643 7713 8038 7723 7454 7321 7434 8037 7962 8077 7323 7496 7697 7573 7626 7412 7953 7475 7561 8149 7883 7434 8141 8125 7736 8264 7539 7740 7445 7915 7538 7512 8263 7787 7717 7723 7289 7568 7542 6969 7495 7347 7507 7323 7469 7805 7440 7572 7871 7269 7471 7949 7775 7850 7517 7813 7230 8070 7540 7346 7227 7796 8112 7728 8012 7528 7606 7758 7338 7471 7800 7452 7809 7943 6740 7720 7489 7777 7792 7917 7847 7847 8014 7511 7685 7881 8326 7607 7996 7692 7797 7509 7745 8354 7248 7752 7641 8014 7841 8217 7872 7516 7294 7370 7728 7508 7216 7696 8305 7311 7462 7556 7473 7668 7225 7627 8026 7634 7644 7876 8305 7189 7282 7897 7618 8028 7462 7574 8020 8189 8149 8189 7179 8142 7222 7592 8192 7591 7631 7701 7209 7486 7554 7539 7713 7705 7686 8162 7696 8056 7666 7421 7192 7837 7635 7266 7805 7576 7576 7301 7612 7430 8213 7968 7662 8133 7120 7273 8079 7642 7444 7470 7770 7793 7575 7955 7109 7913 7435 7421 8160 7506 7408 7452 7365 7244 7653 7702 7646 7615 7462 8204 7463 7737 7653 7385 7670 7358 7450 7227 7502 7537 7293 8347 7398 7633 7463 7464 7162 7529 7685 7836 8049 7732 7901 7431 7365 7828 7667 7502 7645 7303 7519 7356 7902 7764 7906 8128 7654 7401 7587 7274 7554 7565 7935 7370 7485 7608 7799 7452 7776 8004 7764 7696 7818 7317 7275 7807 7523 7791 7894 7638 8065 7534 7272 7817 7947 7983 7817 7654 7924 7539 7700 7791 7658 7694 7487 7603 8082 7709 7970 7353 7774 7529 7799 7581 7333 7590 7479 7480 7591 7618 7849 7442 7881 7668 7736 7584 7182 7672 7948 7215 7711 7521 7270 7812 7572 7791 7746 7984 7733 7373 7704 7645 7160 7854 7642 7645 8181 7148 7299 7684 7705 7966 7143 7763 7251 7699 7210 7413 7679 7551 7808 7672 8162 7629 7641 7676 7810 7578 7311 7323 7092 7614 7391 7798 7982 
7967 7825 7816 7971 8063 7949 7773 7567 7901 7579 8149 7733 7728 7518 7992 7608 8449 7598 7962 7396 7638 8093 8132 7871 7602 7732 8008 7871 7536 8375 7611 7929 7964 7760 7412 7940 7960 8042 7986 7943 8010 8049 7794 8451 7907 7505 7891 7507 7603 8204 8104 8071 7737 8128 8048 7503 7588 7657 7396 7991 7651 7999 8187 7796 7665 7873 8115 7603 7806 7716 8306 7992 7978 7452 7690 7719 7553 7920 7296 8053 7874 7791 7957 7858 7871 8025 8257 7922 8226 7595 8043 7783 8035 7565 7551 8380 7725 7771 7787 7220 7266 7852 6971 7880 7273 7756 7545 7708 7806 7581 7600 8034 7612 7550 7841 7984 8131 7492 7853 6945 8115 7278 7135 7309 7666 8350 7802 7935 7866 7797 7606 7488 7469 7999 7386 7811 7870 6963 7575 7613 7643 7791 8163 7842 7909 8056 7400 7535 8045 7753 7431 8440 7609 7501 7709 7787 8527 6873 7826 7887 7815 7700 7918 7896 7555 7571 7475 7552 7726 7497 7580 8106 7139 7583 7406 7751 7516 7323 7257 7892 7665 8056 8208 8160 7698 7615 7749 7988 8377 7677 7541 8235 8071 8373 8256 7380 7765 7380 8022 8678 7705 7891 7855 7274 7753 7592 8142 7641 7914 7934 8249 7760 8005 7768 7959 7468 7634 7997 7300 8198 7877 7880 7903 8193 7629 8320 8004 7947 8157 7684 7692 7913 8076 7614 7605 8289 7761 7734 7784 7216 7724 7215 7732 8256 7564 6959 7512 7017 7733 7891 7488 7723 7909 7441 8019 7852 7630 7875 8167 8099 7549 7756 7495 7890 7520 7505 8324 7899 7693 7109 7545 7663 7478 8072 7480 7977 7945 8199 7736 7302 8445 7907 7998 7695 7476 7637 7897 8023 7576 8133 8088 8047 7490 7879 7543 7878 7728 8043 7462 7636 7956 7514 7686 7839 7980 8132 7740 7932 7735 7730 8529 7715 7992 7597 8002 8444 7635 7806 7940 7825 7915 7922 7764 8401 7435 7853 7931 7933 7594 7606 7764 7952 7946 7711 7493 7881 7934 7916 7634 7711 7595 7648 7336 7658 7997 7818 7447 8131 7830 8017 7346 7667 7917 8441 7248 8211 7643 7333 8242 7593 8007 7700 7691 7834 7641 8063 7637 7535 7991 7494 7919 7792 7333 7465 7648 8082 7776 7674 8082 7826 7716 7287 7663 7907 7700 7847 7647 8396 7860 7646 7680 7831 7793 7559 7885 7156 7656 7159 8038 8035 
8267 8368 8476 8383 9031 8711 8400 8179 8574 7949 8538 8694 8557 8337 9074 8157 8944 8441 8919 8122 8270 8170 8821 8790 8272 8202 8749 8463 8395 9126 8318 8720 8486 8433 8183 8919 8991 8386 8960 8579 8688 8636 8490 8838 8288 7894 8683 8081 8478 8893 8986 8528 8684 8450 8619 7901 8700 8356 8386 8832 8263 8657 8487 8551 8505 8597 8362 7851 8466 8583 8812 8607 8570 8149 8238 8516 8274 8654 8457 8727 8051 8756 8431 8860 8498 8925 9068 8902 8878 8704 8653 8225 8759 8487 8194 9113 8721 8182 8355 7793 8169 8437 7698 8553 8137 8501 8176 8464 8672 8350 8248 8621 8245 8328 8016 8526 8525 8205 8520 8118 8780 8217 8241 8280 8492 8792 8447 8364 8404 8416 8253 8007 8278 8518 8244 8733 8876 7559 8238 8131 8373 8322 8445 8614 8266 8628 8576 8374 8528 8628 8081 8977 8701 8317 8404 8475 8893 7813 8594 8725 8442 8809 9016 8743 8115 8260 7961 8589 8225 7685 8509 8710 7989 8047 8027 8463 8508 8334 8281 8803 8473 8595 8888 8574 8361 8041 8872 8433 8837 8079 8502 8936 8766 9133 8735 7740 8793 7863 8299 9033 8605 8460 8593 7845 8630 8336 8419 8281 8380 8691 8866 8329 8877 8404 8208 7952 8221 8300 7870 8487 8437 8512 8510 8723 8149 8868 8794 8585 8796 8240 8508 8649 8357 8106 8224 9000 8556 8503 8708 8114 8331 8555 8069 9379 8456 8273 8315 7760 8039 8539 8327 8241 8613 8302 8404 8500 8396 8501 8754 8611 8574 8005 8166 8396 8503 7711 9265 8085 8214 8200 8236 7786 8216 8561 8631 8951 8484 8472 8533 7711 9065 8515 8526 8234 7901 8273 8015 9006 8245 8317 8825 8662 8197 8781 8130 8483 8224 8623 8178 8207 8291 8680 8262 8654 8663 8619 8744 8576 8207 8016 8898 8185 8403 8776 8641 8982 8331 8144 8457 8519 8558 8911 8310 8779 8031 8572 8631 8535 8474 8501 8250 9033 8641 8715 8076 8822 8314 8596 8460 8223 8300 8419 7959 8269 8550 8381 8251 8939 8607 8657 8493 8132 8427 9072 7873 8929 8180 8399 8894 8534 8619 8606 8610 8195 7877 8904 8668 8102 8611 8118 8373 8773 8114 8212 8246 8623 8619 7935 8343 8207 8496 8006 8544 8230 8194 8862 8227 8877 8272 8367 8495 8316 8532 8580 8482 7932 8531 8144 8986 8719 
7522 7974 7705 7912 8126 7908 7602 7469 7793 7941 7867 7898 7607 7654 8126 7916 8100 7474 8327 7499 7766 8088 7911 7977 7493 7947 7905 7604 7540 8348 7452 7865 7484 7677 7649 7856 8381 7696 7866 8213 7719 7843 7936 7870 7783 7623 7797 7211 7779 8022 8559 8331 8303 8145 7730 7438 7541 7918 7627 7835 7551 8046 7697 7768 7822 7873 7472 7460 7435 7754 8039 7853 8032 7482 7426 8038 7688 8001 7487 8321 7870 8137 8146 8060 8058 8374 8446 7860 8417 7540 8152 7643 7961 7787 7785 8458 7953 7923 8010 7257 7789 7815 7344 7495 7681 7506 7525 7929 7931 7809 7415 8001 7679 7470 7926 8198 8074 7522 7926 7757 8247 7707 7158 7669 7595 8131 7732 7978 7840 7945 7652 7490 7646 8471 7604 7857 7799 7085 7680 7804 7786 7995 8167 7778 7851 8342 7343 7517 7837 8052 7559 8073 7737 7778 8177 7636 8611 7189 8015 7959 8252 7798 8307 7959 7652 7333 7482 7829 7989 7259 7771 8090 7584 7511 7529 7546 7796 7638 7929 8339 7987 7925 7741 8322 7437 7535 7880 7802 8256 7448 7811 8359 7974 8156 8168 7455 8100 7384 7764 8318 7877 7768 7687 7268 7886 7880 7852 7648 7901 7881 7980 7948 8049 7633 7334 7566 7970 7756 7417 7989 7849 8123 7644 7994 7525 7906 8112 7886 7731 7664 7627 7866 7620 7596 7452 8088 7993 7321 7915 7379 8214 7526 7813 8546 7802 7418 7750 7217 7783 7713 7294 7638 8008 8091 7737 7623 7622 7866 7833 8211 7819 7658 7378 7893 7281 7094 8125 7502 7965 7352 7962 7420 7477 7650 7725 8118 8156 7904 7569 7242 7972 7732 8040 7801 7496 7316 7647 8022 7770 8151 8245 7827 7302 8202 7408 7800 7644 7797 7525 7712 7460 7778 7895 8094 7900 7828 7830 8065 7518 7455 8171 7891 7736 7875 7886 8339 7432 7764 7750 7566 7898 7989 7868 8381 7790 8072 7820 7619 7697 7643 7631 8266 8003 7947 7674 8043 7918 7941 7455 7443 8002 7731 7338 7842 7904 7751 7375 8055 7618 7976 7523 7799 7701 8407 7331 7972 7660 7564 7939 7635 7672 8096 7891 7715 7604 8113 7760 7504 8450 7840 7558 7801 7214 7699 7704 8007 7932 7607 7782 7282 7797 7423 7903 7967 7802 7832 7589 8201 7992 7517 7802 7698 7693 7829 7532 7491 7868 7758 7989 8203 
8180 8253 8511 8456 8783 8205 7950 7970 8333 7949 8648 8488 8108 8099 8970 7836 9195 8159 8722 7851 8123 8193 8551 8380 8287 8137 8567 8135 8079 8626 8016 8517 8428 8043 8080 8305 9052 8373 8126 8594 8285 8345 8475 8481 8457 8198 8467 7804 7961 8450 9126 8528 8583 8331 8121 7805 8148 8027 8291 8757 8061 8453 8119 8408 8357 8172 8127 7733 8108 8476 8657 8630 8257 8142 8187 8532 8277 8766 8151 8521 8169 8364 8474 8620 8457 8597 8944 8625 8511 8382 8706 8298 8561 8245 7953 8850 8427 8363 8260 7763 7941 8311 7540 8213 8141 8119 8021 8260 8406 8456 8304 8430 8077 7988 8329 8733 8472 8422 8130 8025 8797 7967 7864 7936 8070 8618 8344 8751 8355 8039 8190 8495 8193 8562 8262 8578 8287 7297 7910 8165 8226 8353 8365 8624 7780 8712 8091 8125 8570 8517 8151 8637 8268 8355 8566 8303 8938 7702 8311 8710 8553 8124 8916 8256 7887 7618 8075 8066 8441 7825 8494 8607 7974 8241 7861 8248 8161 7955 8362 8858 8452 8368 8394 8906 8281 8006 8440 7972 8418 7973 8004 8905 8490 8915 9127 7782 8591 7930 8539 8905 8174 8592 8166 7990 8497 8426 8413 8167 8345 8626 8513 8549 8635 8266 7848 8191 8153 8222 7738 8233 8110 8221 8280 8917 7857 8435 8733 8537 8407 7979 7973 8666 8351 7711 8000 8753 8131 7957 8241 7819 8508 8033 8053 9120 8324 7546 7823 7686 7661 8862 7812 8456 8728 8203 8318 8417 8179 8256 8379 8673 8119 7838 7929 8266 7880 8140 8940 7981 8395 8004 7939 7906 8125 8451 8118 8755 7978 8622 8197 7528 8689 8425 8700 8286 7662 7982 8113 9062 7967 8432 8452 8376 8282 8180 8003 8210 7966 8815 8060 8083 8155 8453 8116 8417 8089 8448 8483 8615 8134 7697 8817 8334 8248 8662 8383 8763 8258 7969 8095 8479 8515 8563 8359 8570 8042 8538 7848 8435 8061 8324 7901 8696 8190 8524 8182 8619 8454 8080 7941 8177 7864 8290 8220 8436 8262 8061 8165 8507 8238 8295 8117 8124 8374 8623 8246 8909 8062 8049 8693 7982 8468 8440 8532 8158 8064 8260 8132 8147 8719 8073 8577 8298 7704 7726 8229 8604 8355 7849 8451 8073 8187 8335 8139 8190 8194 8631 8245 9178 8235 8262 8040 8391 8280 8251 8225 7896 8398 7944 8953 8644 
7772 8384 8374 7936 8842 7943 7835 7949 8238 8166 8236 8564 8052 8092 8587 8080 8557 8141 8666 7613 7951 8129 8166 7997 7892 8151 8292 7883 8243 8518 7999 8165 8156 8018 7811 8125 8510 7832 8081 8258 8024 8351 8492 8262 8225 7801 8057 7666 8008 8439 8418 8303 8381 8397 7875 7658 8370 8231 8099 8395 7838 7975 8017 8236 8169 8005 8081 7798 7883 8156 8607 8615 8312 7652 7573 8125 7671 8490 7838 8607 8021 8146 8409 8443 8017 8441 9066 8401 8464 8396 8352 7843 8387 8261 7858 8657 8369 7867 8195 7520 7943 8138 7530 7963 7824 7804 7827 8125 8783 8132 8340 8276 7710 7820 7681 8042 8669 7691 8083 7813 8675 7902 7709 7949 8005 8495 8177 7980 8302 8016 7911 7936 7784 8365 7811 8542 8387 7439 7889 8048 8176 8275 8202 8412 7881 8250 7673 8315 8209 8266 7732 8519 8274 8073 8531 8116 8153 7592 8312 7894 8491 8089 8454 7983 7939 7821 7720 8075 8039 7420 8159 8167 7790 7844 7551 8271 7951 7687 8425 8257 7939 8052 8425 8214 8084 7838 8467 8346 8519 7939 7921 8902 8505 8439 8333 7422 8370 7629 8117 8647 8141 8071 7765 7699 8173 8127 8177 8184 7874 8056 8211 8045 8197 7943 7575 7692 7993 8127 7618 8331 7798 7991 7911 8300 7932 8284 8649 8259 8144 7595 7797 8577 8183 7916 7723 8421 8112 8002 8329 7558 8232 7910 8053 8748 8344 7487 7562 7693 7813 8182 8029 7809 8427 8198 8634 8454 7883 8122 8326 8526 7692 7919 7892 7901 7911 7924 8844 7907 7837 7967 7773 7547 8045 8082 7887 8660 8234 8197 8094 7380 8461 8069 8220 8012 7901 7873 7752 8645 7909 8124 8521 8140 7703 8251 7693 8034 7845 7986 7904 8002 8258 8376 8023 8207 8161 8729 8174 8445 8211 7870 8656 7981 8017 8456 8563 8174 7999 7845 7942 7977 8341 8408 8196 8562 7878 8246 7659 8285 7909 8174 7758 8399 8624 8548 8208 8445 8061 8018 7996 8338 7879 8021 8202 8102 8077 8104 7752 8466 7754 8129 7691 7837 8009 8703 7427 8430 7679 7882 8166 7895 8220 8232 8354 7889 7868 7999 8175 7739 8383 7630 7848 8024 7710 7652 7988 8372 8391 7679 8335 7774 8253 7683 7891 8131 7894 8251 8237 8609 8073 7968 8179 8247 8202 7690 7918 7798 8075 7925 8409 8302 
7801 7766 7846 7565 8309 7759 7547 7523 7779 7545 7582 7954 7910 7830 8144 7513 8295 7832 8310 7016 7580 7588 8058 7867 7471 7845 7608 7515 7525 8428 7502 7658 7889 7573 7447 8161 8309 7559 7973 8032 7747 7782 7858 7717 7769 7353 8051 7001 7766 7872 8118 7991 7609 7777 7532 7310 7993 7542 7853 7879 7514 8068 7907 7943 7495 7697 7625 7643 7468 7520 7991 7933 7568 7741 7581 7721 7640 8144 7283 7863 7643 7803 8186 8094 7632 8216 8393 7854 8111 7817 8025 7770 7971 7341 7541 8411 7779 7941 7559 7413 7285 7676 6999 7360 7312 7447 7096 7579 7827 7195 7815 7644 7481 7780 7578 7612 8188 7568 7580 7115 8394 7308 7497 7403 7758 7870 7698 7848 7906 8017 7851 7898 7429 7941 7455 7723 7786 6897 7523 7326 7292 7923 7674 7720 7473 8079 7232 7604 8267 7960 7667 8312 7902 7707 7653 7774 7967 7026 8053 7965 8147 7457 8109 7823 7580 7762 7632 7636 7790 7106 7638 7989 7595 7707 7587 7556 7712 7395 7921 8099 7873 7435 7795 7529 7456 7440 8050 7699 7872 7726 7613 8650 7962 8332 8254 7263 7653 7274 7798 8369 7568 7865 7547 7419 7655 7264 7645 7580 7499 7812 8110 7750 8015 7460 7560 7500 7524 7560 7188 7725 7793 7683 7885 8076 7497 7859 8227 8074 8282 7518 7152 8210 7642 7356 7509 8177 7621 7336 8039 7218 7784 7814 7385 8340 7618 7277 7917 7250 7708 8057 7682 7580 7819 7604 8083 7707 7555 7757 7713 8066 7754 7738 7319 7606 7331 7509 8074 7512 7548 7609 7502 7427 7492 7650 7835 8154 7936 8054 7976 7015 8261 7958 7485 7773 7425 7782 7467 7903 7432 7872 8243 7946 7474 7875 7364 7556 7832 8117 7617 7565 7747 7828 7513 7772 7945 7457 7707 7879 7978 7691 8116 7587 7535 8033 7752 7973 7522 7282 7649 7788 8027 7995 7781 8027 7496 7793 7558 7993 7507 7819 7447 8252 7894 7588 7449 8232 7799 7799 7380 7237 7313 8019 7521 7623 7518 7764 7365 7953 7811 7844 7388 7582 7799 8315 7465 8077 7733 7389 7924 7420 8001 7842 8118 7408 7694 8097 7735 7472 8166 7403 7671 7760 7389 7338 7562 7760 8021 7386 7737 7699 7665 7446 7549 7969 7592 7659 7415 8012 7543 7715 7474 7908 7771 7854 7924 7516 7557 7364 8015 7933 
8105 8215 8124 8433 8754 7865 7798 8026 8307 8280 8373 8556 8064 7967 8669 8041 8430 8151 8483 7898 8049 8164 8225 8087 7850 7918 8103 8431 8224 8874 8002 8217 8253 8037 7947 8643 8760 8476 8268 8366 8048 8189 8182 8574 8387 8088 8180 7481 7983 8499 8725 8443 8421 8274 8012 7689 8106 7815 7942 8456 7956 8057 8447 8020 8092 8132 7695 7857 8131 7816 8434 8588 8433 8052 7994 8383 8136 8412 7958 8429 8124 8072 8265 8256 8011 8517 8898 8001 8830 8054 8247 8024 8502 8165 7771 8784 8299 8335 8136 8017 7708 8137 7338 8061 7703 7905 7510 8040 8215 8277 7904 8299 7938 7674 8423 8465 8408 8343 8340 7851 8541 7928 7569 7932 7892 8545 8283 8216 8229 8204 7754 7868 7544 8517 8279 8463 8146 7293 7928 7847 8057 8105 8270 8345 7872 8497 7563 8030 8118 8719 7850 8739 8194 8183 8526 8368 8731 7558 8240 8265 8434 8057 8800 8323 8015 7687 7906 8055 8179 7672 8302 8317 7988 7655 7848 8198 8153 7686 8085 8490 8193 8112 8201 8642 7906 7884 8418 8142 8679 8021 8151 8785 8444 8604 8849 7683 8144 7855 8148 8417 8167 8185 8038 7616 7684 7956 7921 8118 8259 8334 8950 8278 8533 8121 7757 8036 7881 8250 7726 8315 8208 8226 8206 8429 8024 8499 8480 8205 8548 7576 7780 8644 8288 7948 7694 8335 8141 8123 8065 7724 8216 7790 7962 8659 8057 7629 8059 7607 7805 8078 8349 7654 8471 8272 8403 8213 7856 8341 8244 8555 7555 7747 7872 8039 7865 7906 8586 8021 8156 7907 8025 7613 8268 7860 7865 8593 8472 8315 8391 7678 8309 8278 8305 8270 7791 7981 8061 8458 8069 8219 8533 8251 8304 8138 7988 7991 8088 8273 7672 8088 8403 7929 7672 8140 8392 8592 8010 8335 8154 7842 8551 7703 8116 8667 8141 8329 8180 7633 8174 8152 8545 8323 7883 8830 8031 7965 7966 8674 7688 7928 7963 8389 8212 8607 7988 8151 7975 8232 7982 8081 7799 8056 7731 8453 8295 8338 7828 8229 7891 8063 7761 7788 7979 8504 7802 8504 7836 7886 8034 7799 8117 8152 8521 7787 7455 8032 8381 7964 8433 8030 7865 8233 7904 7876 7761 8203 8022 7948 8328 7869 8355 7819 8002 8275 7938 8273 7995 8835 8339 8039 7951 8335 8012 7903 8051 7901 8172 7737 8310 8414 
7581 7963 7988 7660 8279 7832 7215 7740 8124 7856 7905 7880 7794 7850 8303 7737 8670 7870 8119 7569 7803 7908 8289 7934 7611 7816 7787 7859 7521 8328 7572 7842 7802 7602 7582 8243 8290 8034 7927 8203 8004 7593 7916 8095 7716 7850 7902 7572 7709 8136 8877 8169 8017 7902 7875 7237 7887 7855 7903 7994 7779 8064 7902 8100 7786 7531 7593 7475 7711 7728 8468 8154 7980 7871 7395 7678 7516 8284 7135 7994 7686 7949 8147 8077 7686 8416 8314 7822 8139 7549 8034 7473 8178 7609 7767 8426 7865 8139 7879 7434 7831 8064 7081 7288 7713 7696 7881 7870 8110 7542 7481 7879 7621 7926 7764 8079 8124 7778 7642 7561 8430 7488 7354 7632 7960 8062 7537 7809 7622 7799 7771 7470 7934 8321 7604 8101 8024 6908 7296 7660 7616 7756 7897 8054 7854 8167 7461 7678 8017 7954 7569 7918 7644 7825 8138 7925 8370 7461 8019 7950 7771 8102 8197 8333 7362 7776 7816 7956 7774 7638 8021 8091 7595 7659 7244 7702 7641 7467 8266 8432 7497 7631 7939 8307 7642 7811 7843 7949 8290 7740 7966 8514 8039 8353 8348 7662 8320 7748 7590 8550 7846 8019 8086 7413 7764 7698 7939 7714 7887 8201 8320 7699 7918 7948 7403 7340 7596 8116 7540 7905 7966 7770 8048 8069 7740 8421 8445 7773 8127 7642 7682 8131 7799 7423 7580 7979 8020 7846 8000 7716 8208 7620 7589 8141 7726 7294 7464 7426 7795 8091 7814 7766 8207 8106 7748 7838 7574 8021 8045 8073 7670 7755 7342 8108 7505 7588 8462 7960 7551 7553 7720 7506 7848 7601 7432 8425 7682 7961 7662 7155 8147 7828 7838 8317 7474 7651 7549 8332 7667 7880 8217 7913 7836 7931 7613 7876 7836 8064 7614 7646 7725 7637 8035 7884 7926 8121 7868 8312 8047 8080 8145 7570 7864 8125 7756 8297 7695 7820 7844 7863 8287 8138 7714 8385 7690 8035 7596 8093 7683 7690 7637 8270 8247 8013 7489 8475 8017 7890 7690 7548 7769 7844 7610 7756 7987 7925 7778 8228 7747 8075 7673 7512 7777 8534 7378 8274 7776 7619 7741 7859 8175 7912 8031 7842 7545 7926 8020 7789 8179 7361 7862 7859 7331 7654 7414 7809 8229 7882 8000 7433 7766 7454 7524 7841 7909 8131 7643 8375 8136 8103 7391 7809 7952 7650 8213 7484 7733 7388 8073 8278 
7443 7693 7804 8040 8116 7864 7653 7412 8098 7544 7933 7606 7832 7919 8133 7647 8211 7653 8070 7130 7371 7984 7509 7554 7545 7578 7767 7845 7388 8105 7583 7918 7689 7484 7206 8071 8261 7750 8005 7945 7429 7765 7967 7691 7779 7222 7616 7499 7611 8092 8214 7937 7900 8027 7802 7208 7388 7637 7689 7691 7252 7870 7712 7885 7568 7739 7547 7438 7201 7584 8125 7765 8061 7768 7181 7973 7587 7822 7460 7928 7720 7925 7873 8156 7503 8322 8066 7922 7759 7627 7843 7553 7916 7453 7630 8208 7872 7688 7834 7138 7601 7684 7050 7732 7423 7623 7493 7705 7686 7382 7550 7972 7320 7513 7948 7485 8243 7367 7772 7333 8421 7519 7405 7555 7638 7985 7722 7693 7749 7572 7359 7660 6975 8081 7375 8044 7482 6767 7757 7369 7522 7597 7820 7532 7450 8102 7317 7723 8024 8343 7404 8304 7621 7390 8160 7471 8381 6958 8001 7986 7773 7833 8263 8107 7411 7370 7471 7501 7743 7259 7640 7876 7242 7293 7219 7617 7532 7185 7373 7835 7525 7499 8055 7928 7611 7319 7858 7854 8294 7427 7935 8388 7724 8177 8085 7112 7810 7016 7528 8243 7206 8023 7662 7178 7881 7458 7693 7487 7720 7606 7667 7564 7821 7596 7559 7432 7504 7965 7091 8123 7322 7653 7921 7949 6974 7898 7815 7700 7798 7607 7487 8202 7575 7488 7459 7667 7850 7718 8072 7136 7409 7826 7702 8373 7369 7058 7394 7305 7692 7664 7486 7773 8133 7617 8164 7568 7522 7538 7888 7915 7506 7613 6962 7956 7396 7281 8335 7567 7617 7458 7713 7463 7181 7795 7579 7980 7753 7630 7523 6924 7701 7664 7618 7527 7313 7551 7227 7947 7360 7606 7954 7776 7669 7855 7569 7541 7677 7765 7437 7560 7619 7473 7655 7773 8175 7967 7526 7574 7583 7649 8268 7395 7576 7860 7435 7892 7262 7138 7357 7685 7927 8087 7797 8218 7790 7749 7522 7897 7547 7767 7527 7931 7993 7671 7704 8017 7476 7889 7349 7870 7730 7591 7528 7621 7771 7677 7547 7847 7511 7680 7466 7441 7646 8104 7343 8236 7471 7616 7916 7374 7975 7583 7688 7431 7409 7648 7827 7442 8022 7467 7431 7637 7255 7540 7779 7903 7814 7015 7793 7166 7570 7570 7613 7948 7498 7929 7169 8105 7995 7453 7507 7561 7680 7570 7548 7213 7700 7289 8056 7596 
7773 7847 7739 7675 8484 8051 7388 8024 7573 8001 7913 7675 7722 7778 8583 7955 8350 7741 8102 7625 8023 7991 8282 8144 7904 7989 7979 8157 7803 8377 7945 8016 7842 7809 7363 8488 8383 7747 8425 8088 7750 8081 8289 8484 7876 7522 8066 7607 8400 8269 8455 8242 8038 8147 7680 7508 8011 7734 7953 8167 7775 8308 8140 8005 7933 7976 7870 7915 8061 7871 8541 7796 8217 7843 7791 8076 7753 8036 7885 7885 7954 8254 7997 8319 7899 8534 8559 7927 8417 7646 8216 7906 8255 7679 7880 8520 8076 7880 7876 7218 7793 8004 7127 7640 7855 7929 7541 7891 8241 7677 7766 7881 7752 7646 7722 7997 8736 7517 8142 7581 8368 7683 7656 8047 7926 8216 7844 8084 7650 7726 7746 7893 7752 8221 7628 8178 7941 6797 7405 7483 8011 8209 7847 7672 7879 8419 7665 7668 8000 8174 7315 8416 8061 7820 7781 7696 8619 7333 7871 8482 8026 8156 8415 7903 7919 7968 7487 7941 8200 7839 7844 7892 7432 7841 7503 7576 7810 7783 8387 8128 7938 7770 8327 8274 7720 7708 8049 7898 8488 7516 8000 8628 8013 8432 8254 7458 8059 7336 7973 8365 7794 8152 7752 7238 8161 7446 7984 7763 7928 8212 8121 8032 8416 7827 7766 7360 7598 7930 7710 7923 7905 8168 7935 8286 7483 8414 8191 8245 8161 7890 7797 8354 7550 7959 7529 8522 8322 7855 7918 7106 8181 7954 7882 8443 7815 7569 8183 7241 7885 8058 7860 8142 8053 7724 8204 8142 7529 7708 7608 8017 8010 7714 7141 8085 7620 7106 8253 7318 7901 7946 7715 7484 8014 7912 7925 8059 7911 8231 7771 7237 8462 8107 7809 7943 7581 7754 7451 8431 7802 7978 8171 7973 7678 8139 7268 8027 7727 8271 7996 7795 7945 7985 7885 8080 8277 8210 7797 7933 7814 7779 8120 7939 7788 8454 7760 8265 7479 7799 7847 8445 7866 8075 8048 8370 7759 8016 7944 8215 7727 7933 7630 8341 8115 8118 7646 8313 8043 8201 7923 7868 8074 8019 7711 7901 7818 8226 7347 8106 7973 8027 8036 7848 8137 8554 7533 8087 7773 7582 7823 7734 8013 7980 7983 7708 7678 8197 7819 7961 8155 7581 7725 7715 7541 7955 7615 8047 7954 7661 7730 7912 8086 7557 7769 8014 7879 8099 7563 8359 7649 7813 8134 7856 7708 7885 7553 7844 7844 7715 8245 8518 
7881 7773 7809 7855 8092 7390 7428 7702 7935 7611 8104 8078 7682 7451 8386 7814 8337 7867 8186 7642 7666 8179 7967 8011 7858 7659 7917 7625 7711 8656 7589 8061 7801 7798 7291 8161 8488 7790 8044 8278 7722 8088 8271 7899 8057 7396 7999 7461 8003 8055 8461 8510 7852 7995 7921 7493 8128 7856 7938 7854 7852 7958 7812 8080 7853 8009 7899 7704 7521 7861 8478 8238 8357 7537 7541 7748 7722 7971 7470 8167 7971 8255 7924 7952 7955 8335 8353 7853 8471 7668 8064 7908 8369 7839 7764 8354 7973 8017 8191 7431 7730 8019 7042 7781 7539 7723 7657 8078 8112 7673 7766 8268 7796 7870 7776 7723 8139 7599 7832 7736 8174 7690 7552 7616 7711 8417 7769 8202 7684 8238 7919 7475 7628 8261 8152 8040 8397 7243 7916 7641 7749 7754 7926 7548 7891 8433 7442 7797 7922 8346 7735 8235 7715 7761 8125 7532 8537 7253 7946 8035 7849 8040 8442 7845 7509 7815 8010 7340 8049 7804 7965 8044 7563 7409 7680 7702 8062 7781 8010 8071 8059 8206 7929 8383 7759 7566 8292 7879 8376 7495 7771 8436 8096 8686 8192 7457 8092 7408 8230 8717 7724 8284 7696 7298 8095 7837 7849 7605 7806 8164 8013 7588 8052 7850 7566 7556 7609 8088 7334 8019 7807 7831 7681 8171 7665 8309 8031 7937 8153 7498 7538 8122 7542 7781 7469 8532 7908 7683 8345 7517 7842 7733 7548 8575 7839 7602 7648 7315 7957 7769 7633 7508 8290 7727 8303 8001 7628 7857 7936 8009 7307 7322 7406 7795 7463 7248 8509 7430 7489 7522 7837 7539 8024 8093 7662 8176 8146 7921 7823 7294 8366 7960 7775 8165 7302 7799 7622 8347 7731 7861 8106 7881 7752 8314 7617 7990 7775 7950 7711 7526 7763 7656 7874 7880 8097 7987 7578 7892 7464 7628 8615 7879 8189 8052 7882 8282 7645 7603 7840 8040 7813 8193 7964 8116 7638 7942 7578 8198 7841 7703 8058 8172 7855 8014 7499 8004 7880 7951 7927 7722 7525 7835 7542 7685 8098 8249 7899 8111 7659 7753 7594 7650 8007 8051 7531 8307 7598 7789 8035 7828 7726 8070 7881 7686 7765 8145 7812 7435 7977 7727 7849 7952 7257 7445 7633 8172 7905 7447 8420 7679 7884 7522 7551 7759 7885 8109 7789 8307 8125 7821 7789 7960 8040 7678 8065 7546 7863 7468 8279 8327 
8176 8393 8211 8139 8645 7907 7947 7787 8267 7848 8543 8249 8060 7927 9070 7963 8531 8171 8492 8032 8119 8403 8470 8101 8075 7909 8497 8073 8087 8734 7988 8115 8038 8199 7989 8227 8680 8246 8576 8223 8125 8164 8041 8059 8139 7877 7921 8018 8373 8396 8624 8371 8099 8298 8289 7712 8168 8209 7930 7829 7975 8323 8365 8194 8375 8187 8235 7820 7960 8186 8320 8512 8610 7732 7956 8075 8004 8210 7658 8503 7889 8311 8368 8516 8064 8601 8879 8176 8730 8259 8313 8067 8329 7877 7975 8438 8242 8103 8139 7626 7915 8126 7535 8239 7664 7934 7725 7933 8668 7850 7933 8289 7967 8209 8030 8155 8563 7879 8125 7810 8649 8057 7474 7706 7923 8174 7979 8084 8179 8077 8055 8114 7777 8323 7757 8560 8341 7340 7878 8034 8198 8138 8124 8352 7749 8217 7719 7754 8057 8392 8036 8332 8276 7972 8216 7562 8851 7556 8444 8385 8294 8247 8521 8093 7803 7931 7656 7906 8107 8034 8180 8358 7732 7804 7453 8185 8174 7792 8164 8393 8226 7887 8519 8516 7769 7949 8498 8170 8402 7979 8207 8819 8682 8524 8495 7501 8364 7606 8095 8971 8121 7943 8257 7567 8256 7921 8095 7985 8083 8464 8571 8163 8278 8106 7880 7770 7868 8227 7975 8158 8191 8108 8450 8596 7987 8479 8672 8415 8720 8241 7829 8241 8162 7916 7809 8402 7962 8171 8058 7664 8281 7664 7547 8532 8002 7872 7895 7641 7935 8160 8142 7792 8318 8139 8127 8243 7896 8187 8407 8179 7743 7898 7555 8155 7797 7607 8253 7791 7834 7709 8062 7496 8204 8235 7823 8480 8312 8497 7800 7494 8531 8195 8168 7825 7811 8212 7832 8541 7997 8218 8515 8123 8108 8198 7624 7944 7923 8265 7786 7733 8208 8226 8045 8021 7967 8325 8315 8289 8136 7739 8941 7673 8337 8193 8189 8464 7873 7920 7905 8247 8290 8541 8118 8622 8056 8337 7978 8147 7830 8029 7920 8675 8318 8446 7899 8352 8018 8508 8065 8005 7976 8013 7634 7934 7978 7927 7784 8527 8249 8266 7936 7646 8122 8805 7760 8410 8175 7967 8736 7990 8219 8120 7981 7979 7754 8195 8059 7829 8159 7728 8064 8076 7459 7876 7698 8030 8104 7845 8367 8190 8205 7895 8250 8205 7933 8348 8117 8515 7885 7867 7920 8000 8546 7836 8246 7746 8203 7706 8470 8252 
8105 8439 8174 8098 8671 8199 7797 8263 8310 8027 8353 8486 8264 8109 8479 7916 8592 8115 8576 7949 8208 8303 8908 8242 8021 8126 8157 8265 8332 8352 8038 8247 8162 8164 7757 8379 8706 8007 8507 8448 8140 8425 8201 8283 8208 7761 8179 7594 8119 8522 9087 8702 8596 8513 8256 8052 8260 8260 8287 8357 7965 8321 8282 8200 8331 8074 8120 7843 8091 8024 8628 8643 8270 8273 7734 8367 7934 8681 7887 8601 8150 8366 8444 8525 8098 8710 8809 8350 8655 8014 8578 7922 8468 8228 8106 8790 8540 8163 8030 7981 7827 8568 7616 7965 8154 8020 8064 8156 8515 8067 7885 8509 8032 7965 8101 8667 8588 8066 8153 8150 8706 7983 8125 7851 8387 8378 8066 8426 8231 8205 7991 8157 8085 8886 8207 8304 8353 7437 8133 8097 8263 8231 8231 8397 7788 8511 7763 8061 8008 8557 8033 8585 7749 8341 8524 8260 8864 7646 8308 8291 8395 8346 8543 8309 7919 7934 8082 8299 8482 7935 8362 8388 8081 7896 7594 8067 8356 7840 8528 8498 8451 8282 8504 8226 7969 8049 8482 8251 8506 8140 8080 8877 8324 9108 8496 7738 8662 7863 8285 8764 8042 8173 8297 7691 8430 8043 8005 8089 8060 8795 8357 8023 8510 8113 7915 7850 8150 8377 7829 8433 8160 8239 8115 8680 7736 8365 8994 8426 8750 7974 7834 8600 8217 7963 7869 8723 8015 7844 8286 7646 8651 8278 8100 9220 8200 7728 8025 7710 8058 8110 7859 8239 8555 8057 8206 8581 7815 8289 8157 8535 8165 7845 7575 8156 7779 7741 8952 7875 8107 7947 7760 7851 8186 8283 8095 8798 8712 8503 8308 7488 8749 8063 8248 8484 7859 7931 7943 8325 7948 8161 8530 8419 8169 8288 7951 8305 8102 8221 8009 8022 8222 8524 8004 8229 8061 8295 8349 8098 8242 8194 8785 8253 8223 8651 7917 8261 8194 7985 7970 8334 8387 8366 8312 8667 8015 8150 7910 8217 8078 8066 8019 8431 8692 8352 8294 8518 8456 8217 7897 8037 8070 8240 8018 8237 8004 8272 7992 8913 8215 8657 7973 8359 8350 8795 7801 8233 7993 8236 8340 8053 8402 8530 8254 7791 7850 8194 8035 7855 8627 7626 7992 8293 7865 7912 7805 8384 8255 7925 8207 7822 8227 7920 8127 7995 8173 8405 8206 8685 8509 7898 8294 8129 8281 8244 8353 8096 8157 8253 8540 8369 
8001 8284 8110 8088 8280 7975 7625 7936 8041 8083 8171 8387 7856 7962 8369 7813 8524 8262 8368 7525 8066 7928 7995 8021 7928 8029 8354 7989 8036 8579 7854 8195 8227 8233 7821 7931 8550 8092 8252 7921 8268 7924 8477 8496 8138 7762 8204 7718 8177 8378 8361 8317 8099 8433 8057 7435 8086 8126 7907 7991 7825 8139 8038 8161 8123 8333 7830 7908 7867 8254 8575 8168 8303 7748 7670 8216 7683 8417 7518 8502 8186 8312 8435 8676 7918 8451 8665 8017 8812 8217 8450 7778 8456 8247 7777 8829 8328 8117 8333 7801 7977 7990 7277 8307 8011 8118 8092 8050 8515 7689 8080 8035 8173 7984 7938 8160 8258 7942 8097 7744 8771 7902 7950 7824 7895 8399 8027 8198 8092 8056 8172 8114 8112 8243 7992 8277 8173 7088 8039 7679 7890 8143 8040 8172 8227 8061 7632 8210 8631 8467 7573 8705 8000 7605 8358 7847 8702 7337 8595 7833 8050 8094 8812 8235 7953 7977 7991 8154 8263 7718 8088 8439 7832 7949 7656 7945 8147 7665 8494 8364 8012 8331 8616 8357 8007 7872 8387 7711 8652 7941 8173 9063 8174 8798 8346 7538 8342 7899 8129 8603 8629 8430 8160 7678 7947 8003 8085 8185 8270 8169 8406 7802 8274 8055 7800 7755 7869 8180 7545 7941 7749 8146 8130 8265 7926 8510 8387 8363 8273 7914 7944 7990 8006 7799 7900 8555 8146 7697 8204 7557 8622 7869 8089 8888 8309 7823 7555 7563 7648 8304 7825 7867 8026 8319 8051 8157 7502 7935 7880 8623 8075 7884 7376 8297 7726 7865 8791 7531 7872 7787 7872 7750 7878 8266 8034 8510 8319 8242 7907 7680 8467 8221 8405 8168 7708 8037 7878 8706 8016 7978 8039 7834 8100 8315 7674 8039 7941 7983 8030 7743 8050 8175 7820 8380 7953 8111 8309 8385 8118 7921 8506 7721 8181 8508 8097 8657 7715 7801 8161 8057 8236 8277 8162 8325 7789 8320 8021 8452 8077 8179 7878 8200 8399 8265 7736 8558 8020 8380 7840 8148 7868 8087 7867 8334 8103 7745 7734 8655 8235 8127 7887 8018 8144 8570 7631 8362 8212 7548 8413 7885 8281 8317 8355 7721 7794 8452 8011 8065 7996 7402 7638 8052 7684 7616 7923 8405 8251 7743 7800 7893 8176 7811 7829 7913 7890 8704 7880 8302 7989 8217 8302 8129 8157 7943 8066 7652 8266 7893 8529 8067 
8175 8335 8512 8177 8659 8170 7972 8287 8026 7918 8408 8551 8256 8297 9122 8024 8660 8562 8483 8250 8137 8124 8341 8145 8324 8111 8516 8315 8087 8582 8243 8388 8332 8185 7968 8294 8808 8383 8514 8424 8055 8401 8418 8316 8466 7917 8274 7936 8223 8593 9101 8666 8515 8345 8223 7941 8045 8299 8204 8344 8166 8735 8407 8391 8494 8103 8327 7849 8055 8586 8667 8430 8544 8331 8137 8464 7840 8614 7943 8565 8025 8517 8383 8659 8127 8790 8904 8270 8569 8423 8544 7702 8720 7949 7804 8853 8210 8013 8201 7650 7773 8592 7449 8115 7888 8120 8119 8383 8405 7964 7976 8316 7862 7997 8166 8654 8765 8090 8674 8032 8678 8071 7700 7904 8392 8599 8273 8261 8280 8104 8151 8203 7853 8473 8088 8749 8623 7600 7703 8071 8272 8577 8281 8159 7776 8346 8182 7850 7994 8575 7943 8456 8320 8258 8524 8050 9047 7782 8364 8700 8279 8197 8779 8530 7714 7934 7865 7877 8289 7813 8250 8138 7896 7773 7623 8122 8338 8045 8253 8477 8487 8296 8521 8734 7853 7991 8699 8414 8634 7794 8311 8775 8657 8967 8767 7442 8585 7685 7965 8867 8498 8434 8251 7872 8068 8439 8400 8075 8451 8527 8364 8332 8480 8270 7722 7741 7989 8320 7826 8584 8218 8137 8076 8474 8001 8497 8968 8588 8593 8135 8209 8608 8675 8099 7988 8617 8371 8160 8564 7664 8140 7897 7933 8823 8361 8003 8012 7674 8590 8076 7995 8023 8355 8389 8546 8080 8214 8094 8220 8907 7861 8203 7698 8518 8039 7691 8593 8130 8174 8109 8325 7652 8283 8269 8207 8725 8019 8522 8419 7424 8554 8358 8242 8214 7934 8149 8356 8543 7957 8645 8645 8311 8186 8232 7936 8213 8271 8247 7938 8082 8581 8422 7937 8264 8557 8296 8316 8481 8001 8000 9028 8249 8286 8446 8381 8576 7830 8003 8234 8473 8745 8448 8407 8644 8289 8434 8084 8457 8045 8190 8119 8809 8479 8331 8172 8331 8213 8671 8270 8127 8078 8302 7952 8719 8318 8286 8044 8633 8172 8541 7978 7918 8268 8825 7912 8776 8047 7830 8591 7939 8483 8242 8262 7779 7824 8652 8642 8082 8653 7687 7744 8043 8015 7881 7745 8427 8228 8187 8243 8183 8420 7916 8227 8166 7947 8572 8076 8886 8203 8176 8022 8330 8395 8070 8063 7782 8128 7863 8667 8307 
8150 8220 8101 8298 8469 7977 7870 7751 8284 7884 8408 8357 8103 7929 8372 8110 9012 8162 8525 7749 8004 7984 8063 8372 7892 8018 8472 8020 8163 8840 7573 8194 8326 7818 7775 8428 8547 8050 8339 8256 8250 8236 8019 8531 8187 7869 8151 7763 8016 8390 8657 8500 8323 7942 8182 7605 8149 8017 8238 8357 7945 8562 8085 8379 7998 8211 7976 7867 7710 8203 8273 8316 8265 7940 7964 8238 7913 8352 7603 8642 8107 8423 8421 8552 7950 9065 8796 8213 8903 8306 8326 7789 8417 8355 8058 8882 8165 8416 8400 7405 7893 8045 7644 8174 7789 7882 8089 8233 8187 7959 7865 8113 7953 8177 8201 8452 8466 7973 8157 7896 8754 8040 7723 7884 8256 8242 8190 8284 8663 8344 8194 7924 8092 8617 7955 8140 8404 7436 7838 7982 8414 8212 8159 8306 8265 8272 7666 7960 8317 8526 7766 8539 8319 8101 8338 7996 8909 7465 8159 8450 8533 8127 8691 8163 7899 7753 8022 8019 8444 7902 8128 8732 7863 7854 8029 8188 8332 7951 8469 8494 8151 8373 8297 8347 7989 7968 8618 8203 8254 7883 8217 8890 8446 8999 8731 7534 8560 7791 8423 8976 8249 8155 8276 7764 7878 7903 8066 8089 7830 8462 8605 7763 8501 8024 7676 7866 8295 8189 7743 8076 8252 8109 8148 8634 8056 8560 8559 8396 8416 8065 7932 8606 7887 7925 7816 8605 8252 8027 8466 7782 8283 7930 8074 8898 8270 7839 8053 7742 8043 8227 7967 7901 8398 8320 8519 8127 8105 7891 8231 8411 7916 7764 7923 8294 7776 7778 8724 8039 7967 7453 7813 7834 7989 8116 8216 8486 8558 8339 8241 7878 8381 8231 8172 8148 7391 7689 8315 8604 7917 8386 8305 8441 8040 8256 7881 8039 8092 8454 8104 7852 7934 7827 8067 8532 8274 8021 8350 8256 7895 8168 8668 7631 8576 8351 8070 8604 8103 7860 8210 8284 8365 8692 8284 8681 7888 8435 8197 8093 7958 8100 8180 8160 7904 8324 7927 8746 8487 8163 7951 8040 7741 7740 7609 8322 8182 8227 8186 8180 8170 8027 7889 7938 8247 8589 8144 8680 8254 8236 8297 7942 8362 8317 8195 7916 7829 8316 8380 8004 8281 7718 8153 7929 7616 8124 7976 8598 8482 8063 8623 7979 8174 7795 8141 7955 8144 8654 7820 8614 8100 8179 8079 8448 8161 8032 8165 7791 8352 7633 8547 8543 
7876 8177 8058 7824 8540 8260 7546 7677 8137 7906 8144 8134 8172 7665 8666 8037 8543 7781 8260 8082 7910 7931 8555 7790 7864 7936 8190 7825 8026 8431 8009 8045 7912 8158 7752 8401 8624 8122 8480 8117 8218 8258 8339 8486 7924 7686 8230 7987 8216 8719 8891 8284 8148 8243 8083 7968 7978 8406 7805 8043 7994 8363 8150 8237 7911 7813 7970 8134 7872 8137 8583 8133 8360 7733 7872 8454 7999 8446 7676 8681 8180 8299 8319 8301 8448 8903 8658 8098 8258 8509 8582 8214 8341 7902 7542 8716 8083 7966 7824 7759 7513 8050 7406 8074 7663 7937 7713 8191 8427 7848 8088 8128 7675 7631 8200 8000 8437 7941 8400 7751 8866 7936 7819 7880 8000 8293 8217 8282 8015 7936 7874 8028 7871 8476 7725 8563 8133 7307 8078 8002 8125 8315 8076 7756 7794 8318 7788 8027 7978 8444 7593 8676 8169 7757 8474 8116 8571 7308 8333 8140 8251 8340 8356 8542 7822 7828 8091 7948 8309 7909 7902 8317 7668 8112 7853 7794 8203 7821 8417 8468 8161 7940 8043 8503 7729 7977 8273 8474 8697 8029 8333 8726 8149 8688 8456 7464 8146 7823 7967 8633 7825 8199 8009 7656 8142 8050 8100 8400 8136 8090 8300 8008 8396 8054 7537 7938 7723 8191 7802 8389 8057 8114 7999 8338 7848 8336 8581 8352 8199 7797 7971 8259 8359 7804 7718 8427 8308 7900 8505 7258 8524 7954 8085 8715 8547 7789 8107 7730 7752 8156 7744 8153 8298 8278 8621 8259 8126 8355 8423 8450 7887 8031 7758 8420 7692 7587 8683 7657 7912 7647 8099 7398 7632 7967 7989 8532 8302 8038 7863 7398 8382 8270 8098 8042 8000 7964 8172 8471 8249 8002 8173 7892 7968 8304 7913 7958 8151 8238 8035 7975 8198 8151 8350 8216 8276 8270 8208 8459 7808 7783 8435 8031 8066 8303 8014 8306 7963 7851 7883 8363 8361 8399 8075 8540 7687 8534 8367 8488 7937 8225 7920 8493 8354 8456 8024 8586 8057 8213 7863 8177 7882 7957 7984 8290 7912 8031 7853 8323 8228 8360 7754 7734 8171 8706 8034 8347 8131 7733 8322 7818 8385 8564 7962 7695 7853 8434 7920 7897 8170 7448 8014 8174 7666 7545 8187 8396 8200 7486 8135 7654 8202 7600 8329 8055 8000 8119 7420 8766 8192 7869 8222 7774 8164 8261 8229 7538 7967 7349 8672 8229 
8209 8155 8175 8250 8727 8016 7713 7862 8175 7826 8063 8047 8020 8099 8750 8007 8355 8228 8334 7612 8420 8212 8531 8239 8068 8046 8212 8124 7918 9125 7818 8293 8288 8429 7615 8262 8638 8354 8176 8334 8405 7796 7982 8064 8019 7813 8104 7561 8076 8539 8379 8141 8314 8212 8179 7914 8318 8098 7965 8397 7669 8106 8060 8258 7948 7974 8095 7819 8149 7738 8611 8371 8000 8125 7833 8067 7524 8488 7568 8495 8168 8417 8224 8526 7753 8845 8877 8240 8786 8018 8469 7771 8402 7684 8071 8535 8381 7951 8309 7537 7849 8163 7492 7787 7904 7974 8127 7931 8400 8073 7969 8125 7527 8050 7924 8145 8482 7987 8205 7887 8452 8016 7557 8030 8199 8437 7835 8213 8281 7810 7976 8130 7823 8611 7838 8124 7988 7148 7912 7667 8324 7961 8092 8387 8121 8364 7926 7854 8137 8408 7627 8584 8078 7841 8199 8041 8664 7359 8114 8183 8083 8260 8646 8118 7879 8049 7812 7789 8306 7542 8190 8355 7464 7813 7797 7949 8165 7814 8166 8325 8227 8095 8548 8274 7976 8052 8118 8052 8777 7891 7845 8801 8272 8644 8675 7794 8218 7579 8288 8611 8259 8041 8043 7600 8253 7929 8127 8328 7609 8169 8484 8018 8140 8134 7832 7562 7924 8234 7595 7968 7809 8188 8185 8461 8091 8638 8462 8555 8521 8119 7835 8429 7981 7979 7727 8754 7914 8016 8217 7411 8315 7778 8109 9098 8253 8022 8032 7422 8213 8109 7829 8061 8652 7884 8687 8248 7868 7813 8093 8154 7754 8031 7606 8215 7616 7511 8716 8161 8085 8043 8099 7641 8034 8276 8062 8666 7986 8346 8102 7433 8650 8098 8026 8003 7615 8095 7901 8506 7958 8179 8383 8417 7805 8263 7494 8059 7935 8527 7759 8197 8084 8041 8077 8058 8267 8190 7917 8345 8235 8137 8385 7823 8058 8349 7946 8714 7833 7834 8567 8140 8278 8429 8059 8558 7699 8016 8093 8125 8033 7874 8255 8392 8231 8072 7643 8665 8010 8470 7994 8116 7823 7972 7918 8246 8300 8115 7955 8548 7926 8274 7871 8069 7948 8830 7773 8763 7767 7833 8282 7898 8233 8226 8311 7764 7838 7748 8026 7645 8387 7777 7838 7888 7534 7764 7792 8267 7989 7597 8129 7812 8308 7741 8065 8044 8044 8156 7857 8605 7893 8118 7937 8039 8333 8255 8269 7522 7970 7683 8289 8112 
8023 8003 8330 8147 8567 8122 7957 7802 8211 7923 8318 8372 7941 8060 8778 8122 8435 8098 8324 7766 8390 8238 8270 8082 7577 8256 8385 7876 7984 8688 7796 8709 8186 8031 7831 8169 8706 8438 8232 8383 8160 8035 8445 8107 8067 7839 7938 7945 8441 8392 8894 8412 8382 8297 8381 7929 7994 7878 8458 8247 8060 8427 8556 8149 8401 8161 8090 7850 8033 8128 8592 8755 8293 7814 7467 8110 7818 8674 7577 8748 8301 8291 8413 8578 7916 8621 8910 8121 8696 8005 8790 7822 8282 8161 8004 8543 8246 8364 8460 7297 8215 8072 7305 7979 7874 8041 7783 8205 8304 7745 7948 8059 8092 8347 7889 8488 8461 8314 8459 7809 8700 8197 7686 7912 8385 8480 8244 8214 8227 8088 8024 8033 7712 8457 7852 8299 8906 7206 7927 8122 8255 8456 8335 8247 8169 8255 7772 8114 8342 8199 8099 8640 8132 8068 8321 8001 8769 7518 8452 8053 8359 8449 8862 8046 8043 8214 8036 8137 8185 7674 8027 8385 7797 7929 7649 7813 8137 7768 8350 8120 7992 8103 8477 8406 7842 7896 8498 7746 8828 8061 8350 9190 8460 8644 8593 7785 8573 7700 8255 8733 7961 8317 7795 7519 8349 8182 8208 8083 7820 8138 8582 8078 8393 8078 7814 7918 8642 8530 7912 8526 8055 8413 7829 8205 7928 8438 8701 8296 8610 8208 7928 8066 7993 7999 8024 8547 8159 8269 8553 7634 8540 8076 7974 8706 8547 7788 7939 7669 7981 8047 8048 8219 8226 8076 8557 8323 7960 8181 8056 8482 8089 8108 7621 8114 7610 7821 8622 7779 8225 7653 8117 7678 7986 8197 8270 8599 8352 8192 7977 7644 8436 8292 8020 8133 7707 7783 7929 8765 8205 8269 8683 8113 8097 8233 7773 8150 8257 8483 8100 7748 8058 8042 8103 7947 8223 8333 8447 8305 8274 8004 8639 7973 8231 8024 8028 8525 8034 7764 8117 8260 8361 8553 8453 8669 8014 7919 7992 8258 8074 7939 8022 8524 8324 8268 8074 8632 7923 8244 7655 8163 7844 7890 7773 8149 8361 8261 7912 8436 8004 8334 7805 8056 8166 8547 7841 8629 8040 8136 8418 8095 8493 8264 8461 7867 7684 8111 8259 7884 8426 7833 7872 8347 7452 7882 7830 8488 8202 7927 8506 7839 8274 8078 8078 7926 7831 8360 8192 8929 8143 8110 8114 8470 7936 8001 8174 7970 8261 8152 8355 8245 
7679 7923 8067 8090 8219 7783 7763 7712 7961 7485 7937 7987 7914 7315 8209 7955 8369 7885 8085 7626 7834 7681 8294 7582 7780 8050 8111 7931 7958 8129 7890 7983 7765 7758 7659 7977 8600 7854 8024 8065 7815 7950 7846 8342 8080 7297 8110 7707 7699 8337 8588 7894 8012 7957 7996 7686 7980 7950 7677 7919 7683 7820 7958 7948 7704 7751 8023 7707 7560 7740 8204 8176 7960 7757 7609 7949 7863 7980 7570 8197 7900 7805 8385 8189 7762 8396 8423 8080 8231 8074 8375 7369 7968 7969 7830 8512 8253 7898 8082 7300 7460 8004 7311 7909 7671 7904 7743 7774 7709 7969 7751 8251 7408 7889 7961 7879 8327 7616 7939 7882 8299 7517 7742 7480 8010 8380 7887 7817 7736 7749 7904 7692 7811 8331 7617 8103 7940 6978 7976 7383 7754 8057 8008 7760 7763 8012 7426 7293 7798 8047 7678 8137 8164 7849 7914 7742 8497 7218 8014 8236 7908 7888 8241 7915 7531 7591 7640 7556 8007 7697 7695 7923 7016 7700 7482 7886 8200 7614 8126 7965 7740 7698 7949 8040 7677 7451 8280 7923 8466 7769 7718 8636 8276 8341 8491 7083 8122 7879 8043 8466 7962 7934 8106 7306 7699 7675 7698 7733 7763 8210 8213 7615 8120 7928 7648 7464 7623 7965 7674 7873 8051 7995 7559 8296 7618 8186 8271 8036 8198 7542 7893 8318 7828 7441 7591 8437 8181 7896 7812 7420 7960 7694 7754 8687 8009 7656 7883 7349 7677 7951 7666 7621 8204 7891 8210 8297 8108 7906 7982 7982 7701 7751 7586 7980 7758 7462 8152 7534 7762 7449 7784 7216 8151 7795 7807 8534 8319 8027 7667 6861 8315 8186 7896 7881 7367 7865 7901 7863 7718 8024 8098 7837 7819 8055 7359 7738 7651 8133 7846 7595 7757 7904 7894 8071 7947 8164 8153 7909 7633 7349 8322 7575 7984 8282 7811 7732 7921 7530 7866 8191 8006 8198 7643 8369 7765 8076 7769 8011 7821 7933 7680 8199 8123 8125 7807 8146 7886 8117 7646 7970 7872 7892 7359 7838 7931 7679 7515 7887 7927 7961 7604 7791 7679 8635 7603 8099 7525 7574 7939 7715 8034 7981 7891 7799 7474 7992 7764 7574 8314 7474 7650 7854 7371 7280 7593 8014 8318 7773 8253 7502 7764 7292 7761 7973 7600 8302 7483 8610 7972 7930 7795 7911 7652 7520 7709 7753 7573 7597 8276 8017 
7758 7922 7868 8130 8316 7918 7524 7866 7838 7579 8147 7911 7787 7678 8437 7680 8338 7843 8386 7590 8058 8367 8164 7859 7808 7937 8270 7691 7941 8094 7912 8315 7876 7750 7492 7717 8528 7978 8144 8205 7947 8307 7914 7864 8123 7568 7864 7395 7932 8265 8649 8273 8324 8342 7811 7711 8083 7813 8045 8033 7620 8329 7886 7692 8076 8304 7972 7560 7690 8025 8254 8353 7940 7388 7849 8136 7765 8191 7970 8533 7922 7882 8109 8176 7837 8659 8294 7998 8268 7452 8251 7579 8196 7691 7928 8475 8269 8116 7966 7687 7904 8176 7476 7854 8065 8013 7819 7670 8210 7557 8035 8157 7702 7676 7964 7952 8213 7848 8225 7436 8363 7785 7940 7569 7930 8233 8041 7870 7745 7756 7786 7936 7720 8526 7836 8317 7979 7023 7811 7562 8020 7999 7810 8032 8010 8548 7716 7430 8195 8282 7769 8270 8061 8045 8105 7853 8444 7461 7925 7985 8495 8176 8097 8110 7731 7946 7705 7534 8268 7753 8197 8294 7294 7724 7503 7806 8057 7683 8221 8183 7902 8110 8357 7982 8192 7445 8384 7689 8377 7750 7911 8692 8326 8522 8413 7312 8476 7479 7992 8503 7722 8050 7898 7385 8045 7908 7933 7708 7871 8092 8062 8018 8014 8076 7641 7684 7901 8019 7767 7929 7984 8122 7656 8660 7813 8111 8380 8035 8229 7877 7658 8342 8093 7601 8000 8416 8281 8091 8107 7516 8077 7960 7804 8472 8099 7533 7835 7548 7511 7996 7489 8109 8254 7779 8379 8133 7907 8022 8114 8328 8125 7840 7537 7851 7602 7714 8379 7581 8054 7686 7875 7560 7809 8273 7734 8161 8212 7840 7825 7408 8247 7963 8154 7856 7322 8051 7619 8087 7585 8368 7960 7911 8042 8148 7952 7678 7899 8208 7806 7827 7871 8352 7967 8300 8073 8022 8244 8201 8074 7359 8651 7910 7899 8723 7869 8383 7940 7553 8098 8036 8093 8173 8132 8536 8023 8087 7957 7886 8020 7989 7450 8310 8210 8287 7620 8304 7940 8240 7743 7943 7428 8058 7841 7905 8019 7881 7860 8473 7810 7972 7706 7904 8095 8764 7658 8263 7945 7795 8505 7895 8194 8161 7909 7881 7666 8290 7728 8059 8201 7657 7818 8123 7757 7425 7742 8235 8018 7842 7963 7665 8124 7333 7872 8065 7743 8269 7859 8493 8195 7946 7882 8005 7872 7964 8046 7553 7938 7732 8237 8064 
7316 7806 7739 7847 8356 7538 7151 7264 7684 7455 7585 7810 7709 7577 8206 7437 8204 7695 7873 7480 7440 7799 7805 7613 7662 7369 7878 7596 7691 8102 7571 7731 7714 7490 7460 7596 8026 7769 8133 7753 7746 7801 7911 7897 7635 7500 7921 7523 7611 7823 8085 7952 7894 7723 7625 7048 7674 7648 7876 7817 7555 7770 7757 7650 7592 7688 7674 7107 7579 7350 8071 7730 7915 7628 7270 7586 7548 7697 7248 7828 7644 7935 7884 7974 7561 8148 8225 7763 8170 7571 7619 7147 7943 7579 7687 8154 7823 7525 7913 7165 7433 7821 6876 7563 7920 7791 7281 7631 7973 7405 7616 7839 7438 7379 7608 7841 8143 7202 8032 7489 8019 7495 7645 7587 7478 7646 7600 7651 7700 7604 7493 7448 7285 7991 7074 7892 7656 6882 7326 7472 7775 7713 7618 7512 7549 7954 7275 7475 7599 7822 7343 7895 7643 7389 7854 7258 8441 7117 8026 7778 7729 7714 8237 7871 7582 7839 7029 7647 7436 7276 7676 8342 7198 7551 7367 7632 7646 7415 7895 7903 7654 7729 8169 8142 7418 7698 7899 7883 8258 7190 7552 8403 7203 8306 7975 6729 8293 6932 7360 8131 7762 7699 7854 7157 7612 7428 8312 7503 7473 7744 7876 7287 7982 7859 7275 7258 7479 7552 7230 7878 7788 7530 7617 7942 7136 8179 8068 8107 7664 7191 7527 7668 7659 7422 7482 8043 8064 7604 7993 7239 7989 7465 7424 8541 7514 7046 7478 6970 7342 7646 7492 7634 7690 7406 8074 7639 7468 7509 7419 7728 7511 7083 7038 7544 7416 6935 7961 7254 7603 7494 7587 7286 7760 7808 7225 7718 7635 7651 7601 7459 7788 7958 7726 7550 7258 7599 7535 7867 7459 7706 7700 7710 7563 7894 7329 7754 7628 7621 7364 7595 7648 7658 7591 7414 7775 7702 7738 7720 7297 7571 8104 7383 7694 8057 7599 7817 7437 7517 7457 7847 7699 7914 7633 7890 7447 7725 7519 8334 7588 7584 7605 8002 7993 8081 7438 7851 7671 7996 7677 7388 7292 7791 7376 7735 7336 7637 7466 8140 7623 7793 7722 7639 7536 7868 7341 7777 7515 7522 7621 7652 7904 7824 7828 7448 7191 8177 7726 7634 8171 7478 7536 7230 7250 7435 7522 7579 7818 7364 8059 7405 7683 7235 7669 7617 7428 7666 7334 8215 7473 7341 7860 7891 7789 7157 7770 7358 8075 7302 8054 7495 
7532 7792 7552 7754 8156 7561 7407 7509 7810 7705 7769 7958 7504 7578 8310 7755 8082 7617 8117 7253 7761 7819 8112 7867 7534 7888 7836 7971 7646 7962 7545 7899 7862 7793 7712 7997 8152 7724 7938 8098 7736 8213 7640 7734 7817 7397 7570 7317 7930 7949 8674 8221 8192 8113 7663 7620 7847 7557 8075 8158 7634 8389 7767 7813 7681 7751 7667 7451 7516 7531 7997 7964 7858 7686 7657 7873 7590 8155 7537 8075 7793 8061 7615 8067 7581 8411 8283 8138 7850 7796 8235 7412 7651 7708 7558 8539 7937 7993 7806 7405 7354 7934 6843 7761 7938 7803 7772 7879 7995 7437 7303 7723 7323 7385 7842 8276 8114 7640 7806 7596 7922 7730 7166 7414 7662 7897 7809 8050 7846 7723 7606 7737 7650 8022 7606 7866 7954 6753 7112 7584 7760 7752 7699 7638 7747 8111 7469 7582 7879 8340 7518 8487 7779 7549 8077 7769 8291 7172 7602 8244 8039 8016 8122 7972 7540 7414 7334 7804 8366 7684 8017 7934 7335 7459 7483 7579 7545 7313 8025 8325 7829 7835 8097 7911 7515 7214 7975 7634 8118 7238 7680 8211 7778 8270 8228 7265 7757 7447 7844 8331 7811 7750 7616 7303 7811 7540 7701 7781 7966 7964 8238 7814 8243 7699 7350 7435 7697 7738 7440 8016 7820 7937 7504 8096 7319 8161 8029 7833 8265 7486 7412 7875 7830 7618 7611 8051 7861 7410 8243 7212 7819 7637 7859 8348 7938 7241 7446 7145 7668 7637 7376 7593 8097 7778 7982 7862 7457 7714 7921 8303 7639 7501 7283 8081 7437 7440 8522 7712 7472 7368 7526 7507 7481 8074 7883 8139 7625 7971 7829 7457 8190 7947 7698 7646 7032 7663 7867 8170 7778 7977 7995 7892 7665 7913 7674 7614 7711 7960 7712 7832 7682 7733 7808 8001 7980 7870 7671 7706 7703 7702 8164 7491 7807 8043 7997 8313 7495 7663 7995 7850 7791 8108 7880 8194 7483 7734 7617 7956 7736 7634 7561 8118 7925 7764 7350 7858 8137 7896 7478 7789 7589 7706 7750 7915 7702 7536 7343 8111 7590 7833 7460 7608 7886 8174 7506 7950 7548 7901 7600 7594 8135 7608 8003 7516 7386 7871 7815 7470 8216 7304 7557 7875 7110 7698 7719 7834 7706 7130 7758 7449 7785 7631 7736 7795 7607 7778 7681 8222 7622 7501 7555 7912 7703 7771 7637 7215 7711 7467 7943 8045 
8743 8840 8750 8487 9381 8792 8138 8521 8736 8051 8716 8760 8586 8526 9095 8768 9354 8569 9061 8606 8580 8971 9229 8558 8478 8465 8983 8451 8818 9294 8357 8898 8605 8866 8271 9002 9138 8914 8649 8894 8634 8874 9170 8904 8405 8342 9080 8147 8649 9339 9408 8857 9157 8576 8474 7990 8712 8416 8730 9261 8531 9086 8422 8909 8585 8774 8358 8379 8390 8674 9377 8860 8711 8489 8401 9048 8644 8805 8236 9073 8421 9000 9038 8953 8412 9429 9259 8880 8960 8560 8974 8311 9015 8350 8576 9071 8421 8855 8581 8102 8455 8727 8303 8577 8535 8829 8435 8433 8896 8453 8449 8997 8383 8774 8773 8861 9016 8501 8857 8113 9112 8357 8308 8391 8387 9031 8608 9071 8604 8661 8481 8813 8559 9319 8284 9097 8560 7784 7889 8318 8638 8680 9134 8671 8506 9007 8556 8370 9013 9096 8462 9120 8536 8504 9078 8805 9239 7916 8846 8610 8917 8784 9270 8819 8346 8486 8074 8588 8409 8487 8783 8874 8448 8340 8087 8507 8390 7907 8893 9136 8617 8834 8903 9118 8620 8534 8962 8633 9118 8490 8502 9377 8908 9135 9357 8083 8840 8484 8700 9019 8587 8818 8758 8152 8571 8509 8596 8723 8707 8721 9030 8691 8940 8685 8245 8323 8886 9041 8399 8780 8600 8867 8411 8946 8266 9306 9122 8898 9287 8223 8701 9186 8843 8407 8583 9408 8834 8330 8782 8174 9453 8372 8711 9344 8835 8241 8808 7766 8100 8942 8194 8721 8954 8868 8951 8852 8544 8780 8734 8836 8749 8575 8182 8522 8429 8502 9349 8416 8581 8445 8314 8270 8534 8775 9024 9154 8929 8730 8672 7965 9194 8797 8939 8627 8553 8434 8420 8984 8587 8895 9147 8638 8389 8838 8263 8851 8637 8900 8702 8608 8750 8718 8662 8838 9087 9051 8868 8659 8563 8504 9226 8432 8611 8754 8641 8973 8576 8713 8695 8702 8897 9041 8639 8908 8273 8890 8347 8785 8713 8925 8511 8932 8953 8993 8727 9400 8504 8833 8613 8683 8271 8836 8478 9015 8676 8509 8428 9334 8628 8740 8676 8171 8903 9397 8214 8943 8335 8493 9131 8405 8959 9058 9176 8275 8398 9007 8634 8650 8884 8532 8818 9072 8240 7950 8770 8765 8895 8383 8867 8397 8760 8150 8798 8552 8255 8921 8358 9331 8889 8803 8561 8538 8779 8309 9048 8132 8536 8588 9039 8921 
8017 8111 8280 8361 8494 8521 7833 8040 8256 8212 7968 8116 8210 7999 8736 8426 8970 8162 8764 7584 8420 8231 8317 8405 7997 8161 8238 8134 7809 8672 8163 8340 8061 8320 8099 8613 8862 8061 8398 8568 8417 8326 8192 8559 8363 7605 8497 7830 8109 8777 8895 8442 8122 8268 8124 7790 8306 8055 8131 8299 8069 8611 8492 8269 8250 8424 8244 8197 8069 8390 8483 8478 8513 7756 7939 8361 7891 8669 7911 8543 8316 8366 8440 8502 8187 8761 8919 8549 8816 8197 8588 7868 8633 8185 8269 8652 8427 8309 8394 7814 8086 8245 7719 7991 8004 8132 7807 8083 8543 8144 7842 8419 7691 8388 8126 8149 8514 7861 8226 7845 8502 8103 8035 8171 8212 8334 8370 8189 8381 8089 8335 7824 8141 8577 7997 8368 8332 7202 8189 7989 8461 8424 8572 8460 8041 8484 7674 8283 8541 8568 7762 8680 8685 8347 8759 8206 8966 7713 8083 8575 8181 8316 8480 8197 7905 8272 7973 8030 8317 7926 8249 8154 7738 7964 7826 8111 8180 7893 8288 8469 8070 8007 8545 8369 8094 8059 8751 8155 8774 8118 8285 8847 8549 8739 8882 7532 8547 7753 8528 8513 8217 8274 8433 7617 8104 8048 8341 7978 8157 8317 8607 8185 8390 8001 7810 7655 8014 8388 7956 8313 8232 8144 8168 8376 8039 8525 8439 8286 8477 8063 8204 8520 8024 7991 7892 8431 8550 8251 8549 7736 8367 7937 8366 8830 7970 7781 8039 7635 7837 8292 7572 8075 8279 8259 8390 8461 8064 7998 8509 8561 8246 7977 7701 8196 8211 7703 8843 8043 8408 7755 8095 7683 7944 7815 8261 8519 8024 8180 8331 7575 8620 8256 8293 7951 7735 7951 8085 8639 7927 8393 8449 8414 8090 8477 7959 8047 7990 7958 8143 7872 8264 8164 7972 8086 8492 8488 8328 8442 8038 7887 8814 8150 8264 8658 8438 8482 8290 8074 8469 7884 8458 8378 8088 8535 7644 8378 8126 8185 8256 8083 8230 8524 8452 8549 8094 8621 8622 8465 8113 7982 8464 8374 7773 8257 8175 7902 7950 8424 8038 8443 7920 7792 8092 8989 7642 8651 7992 7859 8336 8094 8388 8014 8542 8304 8009 8547 8211 7845 8598 8035 8374 8152 7943 8027 8081 8738 8585 8022 8584 7966 8367 7842 8119 8209 8111 8417 8123 8640 8099 8177 7972 8099 8080 8084 8206 7919 8243 7754 8403 8444 
8548 8480 8194 8522 9230 8230 8075 8122 8186 8201 8473 8506 8167 8308 8842 8062 9158 8130 8975 7864 8367 8637 8844 8445 8429 8223 8588 7989 8078 8937 8113 8643 8497 8391 8038 8832 8867 8171 8220 8767 8483 8275 8788 8500 8280 8027 8218 7824 8111 8658 9438 8478 8582 8727 8352 8111 8620 8243 7889 8465 8036 8636 8353 8410 8301 8693 8186 8039 8271 8110 8437 8323 8447 7906 8288 8302 8141 8475 8008 8734 8514 8861 8365 9085 8352 9100 8861 8686 9085 8385 8965 8038 8561 8199 8416 9026 8222 8292 8550 7682 8350 8517 7303 8145 7944 8394 8148 8516 8204 8126 8125 8506 8126 8422 8313 8523 8636 7972 8225 8176 9022 8096 8091 8132 8167 8564 7893 8446 8534 7974 8115 8229 8132 8625 8063 8448 8281 7595 8245 8115 8062 8580 8224 8496 8362 8454 7801 8221 8668 8489 8068 8882 8561 8370 8299 8160 9096 7701 8304 8494 8305 8666 8911 8716 7940 8240 8255 8241 8439 7517 8287 8708 7969 8078 8173 8352 8065 7726 8605 8817 8155 8254 8785 8917 8143 8000 8501 8522 8704 8157 8425 8937 8810 8729 8807 7830 8731 8009 8593 8926 8468 8446 8366 7965 8033 8095 8378 7928 8217 8666 8922 8334 8629 8250 8062 7898 7997 8352 7955 8528 8420 8555 8374 8586 7875 8617 8779 8323 8891 8327 8118 8821 8294 8076 8015 8990 8316 8081 8599 7850 8450 8345 8301 9063 8403 7941 8198 7732 7684 8441 8006 8344 8500 8237 8817 8658 8204 8021 8481 8691 8195 8105 8024 8414 8060 7671 8750 7979 8422 8246 8285 7909 8547 8450 8310 8852 8270 8740 8361 7574 8804 8284 8310 8327 8138 8301 8003 8288 8167 8391 9028 8281 8091 8354 8064 8548 8432 8567 8100 8168 8417 8002 8088 8783 8213 8402 8329 8735 8179 8404 8596 7935 8657 8760 8547 9046 8479 8339 8423 8623 8318 8642 8253 9058 7992 8689 8506 8469 7993 8471 8310 8754 8330 8721 8077 8860 8567 8396 8153 8257 7829 8348 8005 8400 8716 8307 7637 8535 8219 8386 8202 8446 8671 8936 8025 8730 8170 7722 8647 8710 9032 8512 8739 8158 8127 8382 8209 7883 8922 7788 8203 8148 7936 7858 8032 8848 8245 8135 8691 8138 8896 8135 8375 8182 8427 8473 8207 8727 8333 8235 8318 8373 8377 8225 8272 8048 8413 7760 8899 8887 
8270 8444 8502 8315 9082 8276 7896 8087 8388 8259 8656 8450 7994 7902 9045 8381 8945 8361 9080 8241 8569 8437 8584 8322 8015 8291 8555 8259 7984 8997 7931 8822 8469 8528 7923 8564 9065 8343 8427 8530 8729 8559 8635 8613 8450 8117 8410 7936 8121 8723 8929 8900 8451 8468 8577 7907 8606 8209 8716 8284 8068 8444 8569 8789 8258 8539 8470 8389 8123 8394 8659 8621 8724 8039 8132 8651 8154 8517 8214 8852 8559 8328 8635 8725 8319 8800 8913 8608 9062 8525 8711 8375 8690 8345 8212 9389 8508 8270 8622 7763 8447 8137 7618 8355 8087 8587 8100 8119 8409 8196 8029 8441 7893 8008 8338 8387 8884 7952 8505 7905 8956 8184 8013 8092 8307 8603 8320 8368 8360 8284 8341 8237 7920 8488 8373 8571 8278 7320 8392 8104 8137 8822 8757 8333 8440 8665 8074 7980 8410 8729 8170 8707 8493 8081 8499 8367 8852 7886 8374 8566 8540 8277 8803 8680 8352 8279 8180 8375 8712 7948 8367 8573 7933 8118 8496 8280 8350 8140 8500 8785 8432 8562 8912 8414 8288 8342 8886 8401 8805 8213 8245 8872 8391 9018 9303 7463 8633 7818 8483 8862 8357 8613 8680 7848 8520 8586 8500 8302 8233 8670 8948 8247 8555 8686 8151 8472 8136 8420 7868 8223 8696 8412 8620 8869 8018 8994 8849 8582 8692 8365 8475 8886 8147 8066 8091 8941 8441 8369 8405 8101 8522 8145 8302 9155 8617 8158 8036 7780 7986 8427 8176 8446 8759 8280 8621 8545 7978 8376 8515 8698 8036 7881 8346 8281 8064 7889 9141 7853 8316 8155 8538 7993 8272 8479 8490 8676 8621 8634 8369 7616 8611 8574 8343 8417 8104 8373 8346 8815 8112 8538 8625 8470 8243 8564 8025 8462 8286 8570 8071 8212 8387 8612 8253 8179 8481 8697 8303 8632 8088 8068 8762 7914 8341 8887 8321 8867 8156 7769 8388 8508 8654 8678 8120 8772 8083 8727 8273 8649 8418 8468 8268 8854 8877 8522 8171 8374 8509 8526 8126 8243 8114 8696 7996 8237 8232 8409 7989 8665 8321 8248 8034 7965 8657 8790 7841 8527 7965 8308 8855 8431 8513 8645 8603 8091 8101 8516 8330 8578 8402 8190 8249 8448 7949 8111 8205 8633 8478 8103 8635 8305 8407 8167 8425 8258 7962 8423 8127 8743 8496 8190 8362 8066 8335 8348 8235 8049 8289 7859 8783 8640 
7762 8149 8048 8145 8522 8386 7679 7778 7996 7912 8085 8395 8302 8098 8392 7771 8620 8056 8266 7744 8206 7983 8280 8211 8306 7826 8218 8226 7944 8623 8036 8194 8504 7733 7892 8248 8830 8044 8404 8452 7901 8190 8283 7960 8098 7929 8149 7680 8041 8463 8825 8489 8366 8114 8231 7703 8361 8038 7734 8524 7900 8546 8114 8267 7706 8010 8170 7693 7869 7822 8363 8204 8172 8221 7863 8014 7838 8318 7829 8750 8276 8340 8369 8357 7793 8673 8708 8645 8311 8206 8296 7878 8477 8305 8103 8751 8225 7982 7951 7863 7896 8263 7208 7892 8082 8203 7936 8015 8241 8039 7895 8133 8029 7951 8013 8212 8311 7832 8279 7811 8699 7372 7925 7902 8161 8374 7765 8176 8144 8184 8247 8056 7958 8322 7865 8324 8124 7363 7791 7901 8226 8177 8022 8053 8106 8534 7874 7393 8286 8733 7896 8528 8309 8072 8537 7900 8700 7471 8350 8248 8519 8228 8570 8487 7419 7748 7624 8184 8219 7507 7935 8442 8145 7898 7574 8029 8194 8054 8482 8532 8113 8471 8437 8396 7728 8065 8321 7932 8438 7856 7985 8620 8205 8695 8469 7584 8380 7980 7977 8736 8136 8114 8405 7662 8341 8022 8268 7996 8108 7904 8408 7892 8287 7959 7490 7690 8017 8236 7691 8356 8139 8349 8212 8575 7591 8281 8388 8244 8522 7839 7963 8388 8092 7552 7940 8346 8153 7855 8458 7920 8410 7661 7904 8510 8327 7740 7985 7872 7946 8215 7980 8000 8603 8028 8484 8228 7766 8107 8196 8608 8156 8026 7717 8135 7894 7670 8540 7750 7592 8047 7785 7691 7452 8165 8027 8568 8506 8089 7985 7828 8447 8389 8167 7984 7643 7746 8005 8293 8072 8240 8436 8457 7876 8329 7831 8036 7858 8472 7931 8013 8244 7722 8440 7933 8275 8177 8151 8102 8331 8001 8625 7851 8126 8236 8289 8713 7852 8174 8534 7733 8420 8368 8113 8700 7824 8244 8046 8368 7790 8097 7810 8370 8182 8159 7936 8665 8123 8534 7910 8342 8041 7869 7996 8366 8116 8168 8099 8645 7853 8199 8164 7990 8409 8814 7463 8636 7743 7869 8140 7775 8173 8203 8043 7899 7762 8207 8250 7671 8232 7748 7729 8236 7635 7561 8106 8698 8296 7648 8015 7750 8234 7831 8197 8488 8008 8133 8048 8627 7825 8151 8015 8369 8275 7750 8239 7622 7998 7696 8443 8355 
8062 8287 8165 8504 8689 8316 7716 8151 8247 8145 8466 8448 8161 8009 8609 8146 8955 8175 8625 7873 8323 8376 8370 8383 7909 8288 8493 8183 8310 9112 7781 8558 8551 8013 8069 8284 8791 7979 8301 8521 8560 8641 8207 8487 8205 7823 8029 8001 8213 8480 8953 8784 8685 8405 8557 7770 8413 8245 8312 8580 8083 8743 8133 8258 8305 8576 8086 8198 8114 8168 8943 8738 8506 7839 7866 8535 8083 8519 8018 8868 8413 8453 8311 8842 8293 9332 8685 8448 8879 8398 8604 8015 8732 8033 8388 8891 8433 8570 8690 8052 8126 8254 7431 8273 8085 8057 7983 8270 8411 7955 8068 8614 8032 8203 8190 8539 8464 7830 8309 7928 8772 7851 7918 8139 8139 8680 8170 8401 8081 8288 8276 8031 7934 8679 7981 8359 8037 7587 8084 7791 8421 8328 8356 7997 8418 8557 7870 7994 8522 8757 8191 9036 8509 8159 8697 8307 8901 7575 8428 8542 8532 8444 8893 8325 7996 8261 8044 8165 8408 8131 8353 8684 8127 7861 7808 7715 8170 8148 8345 8704 8061 8409 8448 8542 8079 7925 8785 7797 8875 7828 8099 8723 8552 8986 8862 7686 8765 7778 8245 8756 8251 8440 8324 8225 8278 8052 8407 8062 8276 8245 8532 8433 8371 8288 8077 7744 8217 8395 7840 8310 8197 8282 8092 8483 8011 8602 8714 8611 8564 8008 8270 8670 8133 8203 8225 8616 8494 8300 8568 7770 8386 8120 8204 8767 8907 7635 8000 7700 7831 8252 7936 8270 8564 8126 8277 8473 8078 8419 8439 8634 8175 8119 7566 8305 7662 7679 8959 7870 8012 8193 8026 8268 8049 8422 8308 8654 8597 8566 8077 8196 8754 8399 8147 8061 7926 8475 8277 8661 7860 8604 8631 8420 7941 8301 8284 8188 8500 8698 8481 8069 8557 8168 8108 8410 8427 7978 8451 8426 8500 8053 8716 8295 8232 9093 8516 8472 8324 7959 8548 8722 8712 8426 8489 8631 8263 8472 8229 8368 7882 8221 7944 8543 8379 8512 8008 8751 8356 8317 8003 8272 8024 7967 8017 8417 8511 8380 7901 8842 8209 8737 8250 7992 8287 8886 7999 8642 8207 7912 8446 8460 8773 8342 8507 7947 7896 8393 8426 8271 8387 7697 8335 8090 7890 8062 8097 8471 8531 8487 8350 8251 8522 8179 8134 8221 8085 8593 8041 8633 8209 8352 8180 8494 8255 8264 8504 7415 8151 7914 8702 8595 
7715 7904 7979 7711 8637 7789 7485 7581 8179 7850 7937 8431 7872 7861 8571 7810 8567 8003 8349 7520 7846 8132 8130 7839 7854 7816 8302 8111 7854 8385 7619 8137 7819 7675 7508 8178 8224 7964 8030 8029 8161 7750 8252 7847 8062 7574 7772 7434 8000 8199 8563 8139 8195 7863 7950 7381 8113 7924 7674 8236 7830 8258 8028 8243 7850 8126 7772 7753 7544 7758 8451 8333 8268 7587 7685 8058 7806 8126 7712 8143 7919 8043 8128 8077 7810 8611 8550 7903 8342 8136 8143 7906 8067 7855 7605 8494 7861 7999 8089 7311 7539 7856 7472 7735 7917 7692 7490 7988 7884 7607 7645 8028 7863 8016 7959 8006 8259 7862 7784 7435 8431 7900 7546 7804 7960 8080 7770 7690 8094 7886 7782 8002 7474 8178 7860 8424 8099 6972 7475 8006 8034 7817 8098 7933 7628 8297 7757 7741 8111 8213 7770 8472 7788 7938 8322 7932 8431 7336 8069 7943 7908 8056 8399 8011 7749 7990 7608 7951 8328 7629 7643 7793 7627 7728 7456 7747 7623 7708 8185 7989 7999 7742 8414 8310 7637 7995 7912 7962 8034 8022 7974 8582 7923 8639 8576 7502 8230 7536 7920 8607 7739 8242 7816 7436 7870 7800 8118 7756 7865 7940 7939 8127 8417 7990 7478 7668 7766 8195 7638 8017 7881 7840 7986 8411 7395 8084 8177 7812 7878 7623 7764 8145 7975 7711 7829 8298 8106 7801 8258 7340 8248 7708 7730 8500 7863 7885 7756 7450 7476 8064 7668 8201 8363 8363 8419 7886 7487 7770 7969 8248 7668 7462 7621 7922 7655 7541 8534 7553 7904 7702 7779 7407 7632 7885 8001 7876 8107 7912 7803 7334 8290 7960 7799 8281 7628 7753 7853 8043 7925 7924 8738 8041 7843 7935 7592 7770 7712 7963 7773 7732 7807 7993 8265 8108 7998 8193 7926 8138 7871 7969 8487 7662 8000 8205 7663 8389 7477 7606 7870 8188 8044 7894 8113 8168 7851 7980 8042 7982 7588 7686 7823 8527 8333 8194 7721 8489 7977 8027 7392 8123 7856 7707 7454 8064 7674 7905 7529 8124 7871 8245 7715 7862 8108 8565 7373 8178 7847 7554 7769 7861 8211 8101 8291 7663 7751 8049 8073 7772 8008 7703 7772 7859 7141 7763 7615 8285 8211 7507 8115 7821 7866 7313 8153 7890 7782 7896 7764 8432 7733 7956 7870 8309 7836 7954 7822 7685 7813 7591 8101 8327 
8440 8383 8342 8421 9044 8157 8100 8194 8846 8197 8496 8419 8320 8356 8891 8099 9178 8396 8853 8086 8510 8210 8373 7948 8428 8224 8625 8064 8275 8849 8363 9029 8604 8303 7812 8726 8638 8712 8630 8581 8629 8570 8482 8666 8416 8207 8533 8122 8326 8308 9057 9002 8562 8842 8387 7938 8514 8329 8513 8505 8203 8344 8729 8566 8425 8413 8485 8587 8356 8273 8770 8585 8443 7973 8214 8556 8067 8331 7964 8551 8485 8411 8564 8897 8411 8909 8859 8459 9008 8604 8717 8029 8743 8168 8403 9108 8622 8674 8667 8044 8113 8675 7655 8591 7998 8686 8085 8205 8614 8545 8258 8516 7882 8471 8570 8518 8555 8036 8366 8021 8872 8211 8343 8338 8242 8854 8184 8740 8594 8637 8533 8143 8068 8565 8118 8942 8225 7737 8282 8201 8053 8434 8632 8357 7889 8591 7830 8117 8614 8665 7869 8904 8518 8458 8851 8234 9034 7599 8759 8531 8571 8415 9224 8553 7803 8449 8090 8440 8290 7905 8291 8494 8133 8334 7954 8166 8574 8191 8455 8544 8302 8192 8954 8583 7676 8120 8836 8630 8899 8183 8331 9210 8224 8995 8659 7905 8629 7880 8435 8772 8252 8390 8327 8061 8534 8413 8470 8098 8103 8603 8632 8256 8986 8305 7989 7987 8090 8497 7726 8760 7989 8626 8538 8975 8083 8845 8852 8709 8449 8277 8212 8804 8642 8110 7911 8842 8703 8429 8714 8086 8493 8286 8388 8947 8344 7883 8430 7916 8217 8234 8012 8141 8835 8367 8811 8299 8556 8233 8480 8663 8239 8225 7981 8435 7877 8080 9414 8271 8214 8166 8297 8084 8478 8680 8608 8623 8775 8773 8501 7755 8429 8591 8632 8572 7988 8235 8245 8721 8414 8687 8633 8749 8466 8460 7839 8726 8571 8507 8062 8062 8475 8513 8066 8373 8814 8582 8357 8395 8146 8096 8754 8314 8686 8927 8442 8639 7798 7931 8502 8547 8704 8917 8348 9020 8087 8715 8473 8617 8420 8277 8310 8774 8539 8708 8111 8527 8438 8607 8009 8527 8344 8490 8286 8418 8281 8436 8100 8671 7991 8772 8139 8307 8514 8808 8061 8522 8502 7791 8689 8268 8675 8394 8466 8269 8263 8458 8390 8131 8793 8316 8139 8315 7770 8003 8227 8518 8765 8171 8858 8356 8391 7956 8016 8439 8336 8514 8030 9199 8454 8215 8349 8615 8383 8283 8241 8143 8394 8101 8669 8712 
7643 8037 8063 7525 8305 7909 7739 7491 7857 7781 8260 8214 7807 7511 8236 7755 8463 7860 8246 7617 8079 7441 8316 7885 7859 7637 8075 7922 7716 8288 7636 7877 7836 7459 7714 7957 8091 7547 7962 8196 7516 7913 7903 8098 7908 7490 7844 7469 7788 7966 8372 8136 7870 7830 8167 7319 8215 7819 8048 8137 7881 8099 7938 8361 7855 7698 7436 7680 7930 7959 8145 8043 7994 7637 7288 7849 7592 8307 7572 8161 7914 8206 7925 7881 7682 8228 8375 7909 8117 8008 8292 7783 8085 7715 7807 8471 8005 7563 8069 7611 7403 7881 7457 7525 7574 7851 7502 7917 7915 7801 7653 7972 7649 7684 7698 7828 7995 7496 7944 7384 8210 7605 7272 7818 7745 7942 8034 7632 7851 7508 7812 7714 7563 8543 7375 8221 8067 6951 7403 7727 7801 7733 8146 7786 7737 8071 7674 7770 7791 8153 7525 8205 8166 7723 8001 7620 8056 7418 8217 7737 7987 8039 8253 7718 7949 7768 7352 7682 8145 7721 7888 8001 7492 7472 7445 7745 7788 7439 7859 7928 8034 7923 8089 7861 7723 7609 8086 7857 8035 7620 7964 8432 7816 8555 8069 7201 7968 7533 7793 8308 7872 7745 7875 7070 7871 7809 7814 7597 7768 8108 8160 7826 8066 7998 7897 7432 7635 8106 7490 7922 7630 7844 7790 8319 7540 8043 8115 7763 7918 7446 7576 8097 7559 7506 7761 8378 8302 7900 8045 7451 8046 8058 7906 8647 7791 7145 7604 7189 7666 7871 7765 7507 8258 7860 8161 8172 7444 7936 8063 8031 7649 7470 7350 7818 7520 7577 8750 7712 7585 7404 7556 7451 7819 8005 7717 8232 8026 8118 7990 7559 8188 7811 7935 7735 7535 7595 7514 7877 7602 8320 8239 7925 7654 7902 7954 8040 7815 8116 7681 7932 7685 8114 7864 7966 7907 7896 8022 8069 8117 7758 8311 7772 7991 8520 8081 8088 7635 7938 7800 8211 8041 8049 7616 8152 7699 7900 7814 7967 7800 7769 8152 8040 8335 7765 7840 8236 7987 7881 7663 7885 7534 7703 7547 7917 7867 7756 7570 8202 7951 7858 7672 8073 7624 8743 7296 8090 7382 7577 7880 7745 8202 8157 8181 7665 7872 8238 7646 7541 7983 7346 7758 7842 7606 7631 7611 8116 7896 7437 7996 7794 7849 7379 7912 7991 7496 8172 7634 8225 8036 7561 7713 7953 7789 8091 7858 7562 8090 7461 8089 8399 
7956 8094 7955 7814 8215 8114 7391 7912 8147 7672 7660 7974 7897 7556 8491 7818 8320 7704 8110 7579 7826 8293 8368 7969 7927 7806 8120 8068 7600 8595 7425 8127 7690 8123 7564 8294 8311 8100 8039 8232 8100 8035 8018 8267 7841 7311 8057 7380 7716 8129 8249 8120 8153 7957 7817 7595 8098 7852 7908 7870 7798 8337 8021 8144 7705 7696 7848 7528 7632 7998 7873 8350 8062 7472 7734 8055 7727 8204 7396 8316 7976 8096 8000 8306 7920 8419 8517 8193 8392 7944 8161 7363 8502 7871 7613 8405 7786 8127 7752 7578 7742 8171 7154 7665 7560 7360 7848 8097 8142 7648 7568 7693 7616 8063 7856 7872 8067 7563 7875 7599 8187 7669 7754 7633 7584 8312 7928 8000 7881 7914 7788 7913 7964 7889 7588 8508 7988 7069 7814 7436 8139 8150 7851 7922 8060 8035 7622 7653 8077 8528 7920 8758 7939 7851 8099 8177 8452 7306 7989 8090 8293 8087 8244 7939 7481 7851 7579 8000 8293 7336 8024 8194 7722 7931 7675 7853 7591 7632 7882 8122 8133 7668 8406 7675 7574 7793 7983 7906 8280 7585 7982 8418 8081 8325 8384 7110 7882 7272 7999 8431 8265 7962 7799 7196 7838 7685 8024 8014 7831 8017 8157 7883 8304 7939 7642 7505 7750 7965 7450 8076 8144 8266 8141 8395 7627 8326 7766 8297 7913 7770 7671 8407 8069 7358 7581 8216 7835 7553 8130 7233 7979 7629 7885 8499 7826 7495 7401 7174 7711 7821 7592 7595 8162 7904 8236 7987 7658 7547 8098 8237 7813 7731 7237 8158 7709 7504 8643 7836 7659 7433 7641 7544 7699 7910 7784 8231 8023 8114 7721 7078 8071 8160 7942 7738 7738 7871 7868 8475 7598 7849 8414 8158 7957 8247 7593 7987 7790 7955 7613 7579 8013 8093 7839 7675 8231 8154 8075 8282 7799 7371 8137 7737 8380 8119 7971 8428 7751 7620 8023 7612 8370 8228 7809 8340 7589 8120 7643 8103 7761 7704 7687 8247 7899 8135 7969 8230 8000 7983 7733 7786 8051 8144 7742 7690 7936 7837 7443 8013 7672 8147 7666 7784 8166 8610 7700 8224 7792 7549 8343 7735 8174 7991 8166 7509 7858 8182 7792 7705 8247 7618 7706 7823 7550 7343 7645 8043 7898 7808 7935 7573 7904 7658 7998 7868 7767 8098 7525 8229 7789 7899 7923 7795 8285 7700 7938 7410 8018 7685 7993 7932 
7655 7649 7637 7780 8473 7848 7733 7571 7869 7760 7853 8036 7551 7644 8413 7576 8200 7941 8255 7319 7865 8024 7876 7738 7602 7767 8154 7676 7839 8386 7735 8184 8127 7716 7382 8137 8261 7749 8117 8245 8036 7697 7749 7968 7939 7382 7768 7414 7788 7944 8747 8152 7721 8182 8078 7510 7931 7751 7698 8075 7431 8054 8022 8110 7527 7953 7720 7529 7601 7503 8066 8092 7909 7939 7757 7856 7737 8258 7299 8371 7725 8062 8120 7981 7772 8197 8101 8031 8118 8061 7971 7690 8036 7633 8034 8434 7875 7644 8091 7113 7685 7738 7058 7761 7428 7953 7603 7524 7824 7546 7426 7653 7743 7860 7854 7989 7997 7443 7676 7814 8455 7483 7399 7674 7903 8027 7592 7977 7593 7961 7752 7508 7406 7832 7708 7862 8103 6891 7515 7492 7746 7685 7754 7867 7963 7920 7427 7466 7883 8060 7488 8264 7707 7895 8089 7681 8482 7417 7951 7983 8033 7957 8468 8035 7527 7631 7490 7746 7955 7267 7750 7846 7353 8031 7615 7338 8039 7270 8379 8068 8181 7811 8042 7940 7419 7576 7727 7835 8140 7565 7582 8553 8127 8527 8151 7213 8086 7477 7704 8388 7755 7881 7754 7492 7631 7638 7868 7481 7475 7712 8074 7837 8178 7648 7635 7280 7569 7646 7402 8020 7722 7678 7885 8044 7527 7906 8298 8259 8208 7591 7739 8115 7700 7643 7491 8379 7954 7697 7856 7530 7967 7605 7648 8255 8284 7449 7493 7402 7753 7896 7519 7743 8048 7774 8166 8048 7665 7581 7887 8079 7511 7745 7574 7903 7710 7402 7882 7619 7343 7759 7902 7087 7501 7929 7615 8106 8038 7950 7495 7175 8156 7954 7663 7527 7548 7737 7738 7970 7487 7886 8352 8070 7664 8005 7505 7691 7631 7973 7472 7514 7878 7828 7783 7832 8037 7961 7796 8076 7906 7827 8147 7733 7973 8504 7870 8317 7844 7643 8172 8051 8053 8041 7761 8221 7476 7925 7779 7948 7482 7804 7495 7940 7960 7889 7591 8020 7900 8031 7439 7841 7612 7699 7101 7865 7859 7816 7612 7969 7618 8019 7636 7613 7734 8570 7460 8175 7677 7693 7677 8033 8040 7958 8122 7673 7563 8120 7557 7638 7983 7532 7739 8061 7349 7556 7627 7924 7789 7483 7943 7765 8120 7306 7848 7709 7772 8073 7519 8134 7780 7783 7691 8035 7898 7589 7675 7230 7562 7470 8178 8065 
8267 8527 8483 8783 9216 8640 8224 8452 8889 8175 8598 8693 8392 8311 8869 8659 9144 8557 8662 7993 8505 8326 8779 8362 8323 8453 8790 8592 8420 9166 8061 8503 8373 8360 8266 8861 9174 8734 8299 8788 8937 8236 9009 8701 8387 8200 8458 8018 8529 8868 9295 8585 8689 8774 8622 7958 8370 8404 8902 8568 8372 8797 8799 8598 8267 8461 8436 8149 8305 8340 8805 8762 8446 8067 8052 8259 8381 8941 8022 8628 8258 8759 8678 8503 8324 8766 9032 8714 9113 8256 8821 8122 8909 8370 8102 9210 8423 8394 8537 7882 8148 8530 7710 8095 8069 8769 8232 8564 8687 8330 8534 8495 8177 8059 8419 8671 9132 8104 8591 8411 8854 8052 8300 8416 8442 8661 8333 8654 8646 8479 8317 8600 8355 8955 8045 8638 8717 7921 8326 8500 8588 8680 8593 8716 8317 8743 8072 8337 8523 8803 8197 8746 8379 8212 8652 8239 9049 7799 8440 8744 8791 8551 9174 8625 8291 8533 8490 8263 8709 8445 8745 8803 8037 8189 8068 8417 8565 8065 8342 8886 8695 8753 8927 8722 8162 8220 8728 8467 8988 8377 8419 9228 8640 8954 8948 7735 8867 7950 8511 9232 8433 8777 8465 7964 8632 8427 8826 8415 8480 8645 8677 8236 8499 8588 7852 8150 8332 8684 7729 8643 8428 8621 8442 9091 8223 8985 8887 8775 8750 8126 7984 8664 8661 8217 8176 9052 8813 8393 8593 7868 8797 8244 8176 9167 8263 8293 7838 7952 8371 8761 8208 8281 8583 8476 9019 8511 8337 8266 8766 8680 8450 8436 7942 8610 8193 8154 9090 8243 8343 8020 8247 8111 8323 8499 8307 8769 8566 8946 8497 8030 8927 8588 8508 8585 8069 8216 8351 8924 8511 8531 8838 8725 8100 8510 8298 8663 8583 8602 8214 8335 8497 8213 8587 8464 8538 8679 8517 8572 8111 8460 8971 8250 8663 8494 8511 8978 8441 8305 8299 8563 8521 9108 8661 8877 8221 9132 8222 8836 8269 8463 8406 9031 8783 8569 8256 8713 8279 8530 8403 8078 8311 8342 8464 8555 8554 8675 8313 8871 8102 8614 8507 8284 8314 9042 8095 8574 8099 8245 8567 8306 8912 8754 8947 8175 8056 8649 8261 8335 9071 8222 8406 8344 7856 8173 8359 8550 8797 8216 8672 8087 8761 8164 8106 8516 8612 8875 8225 8934 8516 8388 8565 8691 8869 8630 8423 7962 8282 8095 8811 8894 
8076 8293 8520 8541 8533 8266 8115 8092 8583 8259 8593 8534 8441 7833 8955 8364 8976 8162 8557 7706 8466 8597 8540 8192 7900 8204 8613 8301 8240 9103 8081 8132 8354 8328 8235 8498 8994 8295 8418 8536 8507 8566 8160 8819 8396 8138 8339 8010 7735 8620 9089 8589 8472 8360 8267 7579 7965 8333 8236 8565 8007 8714 8675 8654 8192 8004 8205 8224 8131 8385 8759 8558 8625 8261 8143 8677 8199 8496 7833 8798 8329 8783 8647 8369 8325 8611 9144 8507 8561 8296 8540 8167 8562 8277 8208 8816 8549 8305 8292 7746 7937 8345 7826 8276 8478 8329 8393 8292 8652 8254 8200 8493 8215 8423 8379 8428 8639 8165 8443 8009 8726 8287 7838 8045 8054 8485 8683 8211 8187 7944 8041 8389 7741 8853 8361 8718 8173 7696 8208 8347 8318 8579 8577 8328 8494 8700 7980 8166 8437 8727 8033 8866 8345 8507 8841 8119 8895 7904 8723 8763 8441 8332 8850 8613 8476 8102 8185 8461 8424 8037 8506 8928 8040 7949 7868 8180 8201 7736 8522 8803 8662 8027 8696 8511 8079 8151 8661 8314 8896 7865 8211 9128 8547 8808 9016 7585 8567 7907 8295 9006 8419 8229 8504 7769 7963 8003 8723 8352 8070 8724 8970 8418 8785 8473 8202 8017 8145 8202 8168 8162 8439 8308 8279 8773 8024 8767 8822 8448 8646 8086 8014 8611 8479 8159 7954 8698 8335 8262 8393 7798 8622 8180 8354 8894 8421 7746 7964 7449 8051 8395 8012 7884 8609 8214 8374 8367 8082 8267 8923 8356 8210 8221 7723 8547 8131 7913 8849 7902 8249 7904 8022 7840 8323 8092 8238 8572 8582 8531 8332 8005 8592 8478 8660 8220 7798 8160 8302 8732 8058 8551 8567 8461 8270 8628 8015 8089 8353 8408 7910 8024 8397 7940 8509 8154 8702 8452 8058 8515 8167 8115 8767 8159 8437 8828 8200 8694 8109 7955 8331 8338 8664 8421 8168 8578 7943 8947 8319 8821 8100 8265 8552 8693 8567 8378 8643 8547 8422 8465 7905 8309 8388 8426 8127 8203 8009 8287 7789 8613 8068 8593 8064 8187 8347 9191 8050 8588 8138 8090 8507 8337 8412 8147 8804 8449 7984 8491 8082 8324 8689 8206 8371 8527 7922 7975 8275 8451 8442 8407 8616 8154 8483 7831 8526 8481 8071 8534 8035 8603 8526 8240 8225 8183 8226 8365 8245 7763 8366 7904 8456 8446 
7917 7915 8089 7929 8615 7994 7295 7771 7874 8137 7893 8118 8093 7770 8473 7937 8411 8111 8433 7581 8043 8258 8103 7870 7579 7645 7936 7948 7541 8432 7773 8006 8129 7787 7513 8135 8154 8139 8293 8134 7845 8249 8070 8023 7803 7654 8188 7560 7547 8279 8611 8454 8280 8317 7876 7546 7903 7598 7885 8188 7843 8053 8051 7883 8099 8285 8240 7842 7704 7961 8254 8434 8260 7798 7783 8232 7769 8373 7680 8155 8055 8108 8289 8269 7777 8591 8838 7980 8330 7604 7951 7916 8637 8064 7846 8522 7882 8157 7731 7474 7746 7618 7448 7760 7659 8103 7726 7698 8184 7717 7987 8221 7368 7625 7993 8088 8721 7722 8053 7482 8408 7809 7851 7599 8177 8093 7984 8137 8069 8056 7817 7774 7794 8497 7787 8324 7858 7436 7349 7797 7689 8064 8109 7872 7514 8453 7484 7822 8121 8227 7632 8213 7917 7961 7882 7822 8761 7419 8130 8245 8202 8134 8215 8131 8147 7523 7682 7809 7954 7538 8065 8329 7557 7515 7511 7815 7717 7612 8401 8188 7802 8009 8403 8192 7609 7531 8555 8184 8369 7458 8058 8595 8101 8581 8649 7154 8526 7474 7958 8581 7803 7981 8197 7524 8207 8120 8141 7855 8034 8179 8165 7890 8263 8027 7596 7877 7862 7688 7590 7998 7758 7784 7888 8390 7466 8365 8499 8263 8353 7562 7471 8458 7656 7909 7669 8213 7936 7815 8178 7618 8428 8121 8098 8360 7887 7413 7717 7457 7640 8025 7402 8176 8121 8037 8115 7888 7600 7986 8017 8126 7730 7568 7947 7786 7638 7159 8688 7375 7845 7952 7617 7616 7903 8245 7791 7870 8335 8266 7778 7456 8045 7924 7799 7501 7609 7482 7739 8201 7694 8049 7957 8381 7570 8044 7543 7864 8036 8163 7690 7590 8071 8004 8314 8099 8278 7912 7829 7955 7585 7573 8243 7795 8124 8738 7973 8372 8011 7999 7948 7812 8140 8628 7900 8434 7717 8220 7821 8116 8000 7828 7846 8456 8181 8226 7523 8289 8123 8272 7539 7665 7437 7986 7652 7847 8062 7922 7639 8270 7696 8267 7756 7918 7889 8464 7500 8233 7858 8065 8103 7801 8269 8132 8129 7644 7698 8263 7613 7652 8281 7778 8143 8013 7535 7711 7851 8135 8082 7714 8012 7858 8195 7680 7978 7833 7933 8016 7799 8244 8016 8064 7801 7978 7994 7772 8187 7917 8083 7522 8170 8223 
7703 7955 8064 8114 8439 8233 7581 7755 8039 7763 8065 8349 7761 7835 8452 7768 8441 8210 8523 7699 7788 8177 8034 7891 7796 7653 7991 7823 7622 8558 7996 8059 8210 7797 7533 8259 8671 8042 8067 8228 7990 8008 8193 8016 7900 7610 7864 7645 8222 8392 8527 8190 8115 8346 8212 7614 8263 7904 7717 8427 7747 8551 7904 8095 7816 7931 7732 7605 7684 8321 8094 8531 8419 7586 7581 8141 7738 8605 7786 8402 7958 7863 8012 8231 8107 8649 8552 7776 8506 8387 8319 7457 8342 7826 7669 8817 8182 7867 8236 7601 7802 8150 7362 7879 7706 8078 7697 7611 8270 7932 7978 8164 7908 8235 8146 8141 8192 7711 7647 7749 8363 7754 7644 7942 8024 8308 7705 8342 7808 8042 7970 8075 8019 8834 7469 8056 8034 7228 7571 7826 7748 7715 7799 7882 7707 8138 7537 7555 7786 8227 7687 8323 8133 7973 8452 7917 8336 7440 8314 8230 8222 8140 8618 8181 7607 7862 7639 8042 7872 7818 7808 8352 7895 7463 7591 7983 8210 7787 8353 8308 8092 8065 7930 7973 7678 7789 8425 7892 8342 7819 8102 8752 8296 8633 8662 7524 8249 7640 7930 8426 7920 8118 7922 7598 8090 8049 7781 8080 7755 8395 8226 7940 8210 8031 7905 7579 8047 7899 7526 8456 8100 8083 7964 8315 7620 8446 8339 7923 8299 8015 7808 8263 7959 7569 7595 7981 8154 8072 8108 7743 8514 7767 7899 9097 7743 7463 8090 7626 7836 8436 7825 7629 8486 8109 8297 7837 8084 8041 8023 8448 7672 8085 7714 7986 7773 7661 8370 7796 7582 7836 7832 7696 7691 8137 8004 8330 8087 8109 7875 7411 8253 8012 8163 8037 7878 7749 7881 8363 7739 8234 8327 8015 7427 8158 7596 7735 7797 7958 7955 7708 8017 7935 7896 8196 8346 7961 8127 8434 8023 7984 8493 8179 8405 8345 8174 8186 7637 8046 8209 7978 8211 8496 7926 8719 7713 8022 8263 7884 7692 7963 7946 8296 8147 8399 7853 8441 8003 8250 7861 8000 8026 8051 7681 8177 8072 8017 7899 8294 7822 8066 7959 7556 8119 8519 7572 8373 7761 7896 8016 7971 8440 8171 8182 7763 7970 8123 7960 7723 8050 7713 8184 8134 7350 7548 7826 8125 8239 7605 8246 7979 8113 7551 7869 8145 7745 7771 7762 8602 7952 8231 8027 8416 8121 7689 7753 7423 8060 7586 8513 8439 
7537 7221 7348 7405 8092 7553 7261 7361 7500 7231 7763 7546 7285 7227 7835 7389 7805 7359 7742 7186 7292 7933 7780 7363 7210 7374 7541 7336 7300 7874 7422 7366 7628 7544 7146 7801 7890 7327 7655 7879 7696 7570 7763 7582 7463 7089 7412 6965 7385 7842 8202 7790 7223 7467 7354 7217 7521 7184 7472 7728 7360 7491 7379 7389 7358 7179 7315 7227 7553 7293 7678 7807 7689 7064 7187 7130 7205 7491 6910 7833 7358 7401 7807 7632 7288 8112 7859 7520 7754 7576 7442 7230 7491 7475 6987 7957 7865 7514 7707 6869 7320 7277 6549 7332 7089 7221 7227 7517 7637 7220 7441 7449 7074 7102 7498 7986 7825 7298 7456 7078 8001 7523 7222 7505 7553 7936 7371 7675 7514 7351 7242 7273 7018 7765 7514 7770 7381 6521 7287 7487 7296 7396 7326 7319 7418 7518 7000 7077 7647 7985 7259 7770 7587 7171 7517 7443 7996 7201 7569 7735 7854 7585 7912 7598 7274 7537 7362 7505 7499 7141 7302 7506 7307 7240 6999 7535 7785 7277 7703 7846 7593 7488 7848 7859 7288 6931 7828 7179 7747 7198 7480 8066 7868 8037 7941 6812 7741 6884 7567 8253 7580 7542 7400 6672 7296 7303 7699 7181 7464 7476 8107 7338 7521 7427 7131 6910 7420 7367 7177 7773 7497 7457 7529 7746 7170 7726 7973 7341 7856 7459 7391 7966 7292 7387 7289 7815 7433 7449 7662 7050 7517 7140 7345 8118 7310 7046 7576 7222 7223 7427 7384 7341 7792 7267 7933 7742 7272 7298 7366 7720 6966 7294 7088 7542 7227 7096 7773 7169 7432 7458 7283 6508 7517 7344 7163 7760 7366 7647 7824 6958 7747 7207 7940 7405 6777 7199 7243 8185 7112 7502 7427 7744 7425 7502 6870 7577 7381 7911 7084 7218 7596 7703 7083 7657 7458 7669 7581 7759 7615 6882 7930 7108 7600 7996 7382 7735 7197 7203 7487 7454 7837 7447 7403 7934 7074 7258 7563 7639 7505 7535 7301 7836 7979 7702 7337 7759 7559 7417 7445 7394 7397 7548 7515 7641 7384 7683 7374 7641 7627 7402 7241 7399 7754 7894 7086 7545 7485 7071 7454 7455 7816 7650 7459 7432 7482 7536 7660 7378 7432 7144 7374 7507 6974 7239 7088 7525 7373 7668 7560 7580 7709 7214 7495 7226 7257 7635 7237 8158 7373 7008 7495 7580 7355 7387 7348 7146 7371 7166 7828 7752 
7949 7837 8009 8156 7917 8170 7584 7822 8180 7742 8081 7686 7944 7859 8031 7880 8360 7819 8220 7608 7790 7810 7990 8125 7851 7754 8034 7719 7746 8509 7847 7834 8034 7485 7525 8182 8240 8009 7745 8214 8112 7825 7946 8167 7721 7566 7827 7622 7981 8080 8493 7894 8171 7740 7964 7428 8112 7803 7985 8307 7720 8385 8000 7795 7728 7898 7805 7531 7691 7975 8087 8126 8127 7692 7487 7953 7504 8291 7831 8051 7671 8037 8122 8078 7796 8327 8335 8127 8550 7719 8290 7736 8082 7954 7604 8511 8195 7620 7948 7243 7663 8194 7058 7748 7580 7836 7766 7641 7803 7743 7742 8127 7759 7797 8081 7952 8064 7764 7839 7827 8397 8021 7719 7763 7816 8225 8169 7800 8012 7677 8038 7441 7810 8626 7850 8394 8022 7161 7766 7492 7982 7830 8140 8061 7725 8009 7882 8016 7977 8417 7647 8220 8002 7835 8286 7652 8479 7260 7835 7845 8202 8007 8249 7919 7622 7524 7727 8071 8087 7455 7888 8087 7512 7685 7573 7872 7835 7365 7914 8403 7934 7915 7930 8441 7836 7746 8020 8245 8369 7522 7687 8682 8125 8580 8359 7162 8367 7433 8137 8617 7734 7968 8069 7358 8139 7770 7766 7800 7850 8202 8254 7711 8100 7741 7665 7256 7943 8144 7655 8248 8064 7917 8062 8065 7619 8259 8172 7971 8096 7428 7635 8133 7721 7604 7849 8457 8026 7492 8303 7475 7929 7860 8185 8744 7769 7464 7905 7294 7762 8047 7789 7787 8042 7828 8670 8128 8040 7832 8123 8226 7917 7810 7652 8001 7244 7478 8296 7505 7961 7707 7627 7212 7598 7788 8023 8190 8144 7901 7687 7279 8485 7895 8019 8088 7342 7996 7769 8137 7525 8248 8202 7899 7750 8174 7892 7920 7679 8334 7754 7796 7948 8109 7681 8003 8277 7966 7776 8066 7723 7783 8430 7816 7713 8024 8021 7903 7724 7517 7769 7920 8291 8444 7731 8322 7583 7861 7779 7850 7782 7996 8255 8048 7954 8231 7669 8497 8129 8049 7924 7756 7470 7739 7657 7750 8022 7892 7590 8113 8035 7729 7600 7960 7992 8618 7628 8311 7798 7687 7867 7825 8084 7849 8466 7575 7501 7988 8134 7984 8073 7443 7822 8006 7506 7430 7981 8276 7761 7778 8178 7630 7700 7435 7989 7818 7972 8104 7601 8812 8073 7803 7593 8223 8100 8270 8264 7369 8129 7487 8526 8007 
8018 8026 8262 7958 8529 7918 7565 7712 7862 7736 8140 8348 8074 7897 8716 8127 8871 8123 8623 7633 8261 8080 8134 8196 8058 7971 8145 8324 7870 8873 7951 8274 8104 7514 7898 8158 8384 8236 8498 8101 7927 8231 8258 8813 8034 7565 8498 7840 7916 8238 8554 8462 8273 7791 8169 7669 8292 7930 8129 8435 8104 8485 8286 8249 8219 8015 8206 7770 7917 8261 8476 8540 8111 7687 7785 8418 7834 8104 7796 8480 7795 8274 8149 8287 8111 8458 8964 8482 8566 8617 8443 7541 8654 8429 7752 8436 8207 8103 7924 7321 7843 8348 7386 8165 7900 8075 8050 8169 8304 8020 8329 8355 7801 7891 7898 8216 8290 7927 8382 7895 8719 7806 7886 7798 7951 8563 8034 8173 8248 7814 8136 8067 7731 8675 7980 8537 8474 7501 7777 8290 7887 8323 8023 8061 7808 8096 7813 7987 8371 8209 8048 8236 8275 8314 8407 7987 8524 7608 8202 8406 8343 8266 8598 8101 7823 7991 7686 8130 8282 7823 8183 8352 7814 7647 8007 8097 8279 7775 7922 8311 8316 8115 8521 8474 7636 7995 8579 8402 8735 7634 8351 8360 8700 8676 8719 7489 8423 7519 7950 8728 8631 8102 8143 7771 8080 7996 8302 8125 8120 7933 8328 7832 8317 7963 7751 7735 7973 8008 7857 8117 8161 8118 7970 8627 8135 8496 8401 8052 8408 8019 7991 8537 8286 7990 7701 8553 8424 8203 8378 7520 8269 8097 7887 8829 8210 7760 7918 7464 7982 8063 8050 7717 8360 7984 8202 8247 8220 8206 8250 7990 8004 7590 7457 7988 7610 7496 8872 7531 8173 7851 7877 7429 7878 8348 7935 8492 8295 8319 8146 7533 8247 8430 8224 7743 7582 8044 7941 8614 7975 8173 8572 8065 8183 8072 7917 8474 8104 8046 8035 8013 8461 7862 8032 8033 8068 8106 8306 7970 7632 8126 8497 7921 8269 8371 7961 8484 7752 7976 8119 8045 8312 8597 8229 8325 7957 8300 8013 8351 7823 8462 7990 8594 8198 8782 7945 8270 7901 8183 8045 7964 7967 7790 7767 7966 8190 7829 8080 8573 7869 8156 8059 8046 8056 8868 7674 8547 7928 7912 8392 7911 8306 8207 8308 7912 7553 8233 7928 7858 8087 7741 7880 8131 7633 7780 7954 8434 8521 7804 8229 7883 8007 7975 8172 7975 7913 8519 7978 8631 8111 7992 7981 8121 7922 7899 8300 7929 8361 7990 8395 8181 
7336 7410 7644 7607 8328 7232 7310 7335 7753 7461 7967 7671 7609 7531 7680 7486 7990 7390 7772 6922 7635 7330 8160 7288 7157 7389 7666 7505 7585 7962 7507 7389 7526 7443 6954 7520 7679 7726 7414 7739 7643 7611 7426 7766 7466 7150 7989 6888 7477 7668 8053 7592 7816 7590 7722 7485 7624 7190 7734 7799 7205 7581 7484 7282 7290 7684 7160 7049 7569 7342 7859 8025 7523 7239 7567 7258 7085 7728 6764 7693 7386 7972 7665 7947 7484 7722 8464 7628 7759 7521 7869 7523 7699 7516 7471 7988 7443 7395 7468 7229 7405 7650 6844 7411 7516 7459 6939 7310 7942 7444 7270 7464 7293 7535 7543 7579 7763 6998 7692 7160 8069 7198 7350 7276 7389 7925 7550 7212 7365 7357 7681 7141 7524 7877 7160 7891 7651 6932 6968 7019 7364 7648 7594 7794 7547 7370 7540 7209 7409 7766 7001 7708 7763 7167 7644 7385 7928 7108 7827 7571 7645 7684 8102 7723 7385 7478 6863 7440 7586 7296 7635 7501 6993 7069 7493 7473 7556 7106 7685 7750 7814 7799 7789 7857 7485 7377 7772 7533 7650 7078 7688 8196 7425 7985 7882 6863 7774 7026 7464 7883 7643 7721 7685 6815 7547 7329 7668 7464 7518 7839 7735 7317 7696 7749 7403 7019 7311 7612 7306 7357 7379 7610 7483 7821 7163 7859 7950 7732 7426 7491 7237 8034 7329 7236 7348 7863 7773 7703 7839 7111 7620 7255 7542 7903 7926 7025 7435 6941 7388 7836 7092 7563 7961 7465 7830 7788 7459 7305 7423 7687 7535 7431 7255 7356 7427 7366 7975 7436 7081 7411 7326 6950 7459 7301 7323 7729 7415 7487 7351 7063 7881 7775 7844 7515 7213 7274 7261 7957 7367 7930 7684 7511 7450 7536 7494 7669 7146 7691 7253 7580 8049 7567 7434 7607 7377 7818 7906 7522 7832 7388 7773 7245 7468 7827 7464 7585 7362 7281 7334 7590 7914 7848 7578 7912 7099 7788 7206 7709 7325 7304 7485 7648 7847 7543 7110 8080 7570 7683 7342 7471 6873 7635 7223 7407 7600 7465 7476 8101 7502 7732 7156 7276 7498 8188 7050 7519 7437 7564 7420 7327 7613 7521 7369 7300 7174 7865 7482 7578 7634 7280 7297 7317 7134 7321 7439 7594 7492 7418 7786 7438 7847 7036 7419 7607 7506 7735 7475 8000 7453 7276 7376 7343 7758 7707 7787 7289 7693 7321 7849 7714 
8091 8302 8203 8144 8733 8186 7939 7973 8236 8088 8282 8432 8126 8035 8755 7935 8663 8364 8694 7718 8348 8184 8219 8052 7850 7756 8170 8090 7926 8486 8307 8305 8078 7981 8024 8213 9015 7833 8208 8158 8215 8278 8170 8300 8055 8008 8178 7869 8219 8186 8879 8449 8346 8598 8328 7785 8384 8156 7857 8582 8315 8360 8121 8212 8226 8341 7930 7864 7854 8217 8762 8443 8388 8154 7811 8396 7866 8791 7836 8742 8238 8280 8388 8644 7896 8644 8695 8252 8694 8526 8705 8112 8619 7931 7809 8695 8412 8099 8288 8075 7701 8352 7308 7834 7964 8350 7705 8219 8234 7944 7891 8278 7641 8112 8065 8217 8534 7885 8268 8012 8573 7774 7751 8067 8356 8207 8275 8274 8100 8036 8090 8172 7904 8612 8051 8303 8227 7242 8134 7828 8148 8339 8409 8347 8015 8357 7662 7988 8270 8318 8087 8675 8231 7996 8770 7922 8835 7915 8582 8136 8451 8225 8640 8447 7928 7700 8337 7877 8403 7713 8017 8494 7891 7779 7627 8258 8256 7919 8374 8276 8364 8295 8167 8338 7987 7966 8351 7994 8796 7795 7936 9102 8309 8958 8827 7306 8290 7891 8011 8705 8190 8502 8196 7695 8030 8070 8157 8071 8174 8134 8313 8414 8236 8279 7702 7759 8049 8285 7762 8488 8065 8445 8344 8439 8083 8316 8421 8496 8524 8199 7878 8399 7950 7897 7799 8607 8303 7971 8519 7748 8242 7902 8402 8746 8047 7716 7915 7550 7983 8412 7732 7969 8653 8018 8584 8270 8170 8183 8368 8463 7639 8181 7653 8501 7864 7719 8667 7890 7895 8069 7960 7628 8127 8170 8043 8565 8306 8571 7766 7294 8401 8341 7960 8378 7980 8085 7847 8563 8033 8515 8518 8398 8179 8291 7967 7870 8012 8229 8114 7985 8315 8222 8156 8136 8478 8048 8045 8712 8156 8319 8732 8150 8354 8626 8405 8382 7885 8080 8463 8267 8379 8348 7966 8548 8125 8246 8214 8264 8135 8146 8012 8327 8467 8432 7788 8756 8496 8337 7976 7967 8009 8013 7819 8187 8505 8239 7903 8233 8041 8134 7628 8283 8539 9079 7799 8636 7781 8134 8128 8390 8793 8201 8466 8161 7919 8766 8187 7838 8401 7913 8075 7903 7773 7684 7936 8498 8173 7918 8176 7968 8305 7878 8140 8285 8002 8539 7913 8570 8186 8523 7881 8409 7943 8299 8128 7842 8119 7574 8551 8586 
7890 8157 7899 8133 8611 8549 7713 8182 8238 8131 8404 8247 7874 7935 8629 8261 8765 7856 8801 7564 8155 8308 8583 8164 7827 8357 8269 8069 7972 8652 8296 8131 8190 8139 7633 8251 8607 8163 8308 8317 7884 8188 8220 8390 8086 7564 7906 7588 8323 8401 8670 8354 8325 8296 8296 7670 8132 8049 8200 8180 7562 8455 8299 8279 8062 8126 8106 7932 7836 8082 8525 8555 8302 7557 8106 8144 7999 8561 7836 8560 7635 8317 8457 8439 8127 8811 8472 8148 8516 8090 8251 7908 8147 7968 8311 8889 7956 8269 8478 7202 8008 8424 7406 7896 8117 8227 7608 7841 8279 7771 7779 7995 7704 7903 8505 8279 8792 8136 8132 7891 8422 8089 7814 7470 7658 8453 8089 8181 8198 8175 8192 7750 8082 8591 7901 8300 8363 7282 7933 7752 8071 7981 8197 8117 8050 8478 7979 7819 8201 8226 7967 8371 7970 7966 8471 7725 8709 7559 8125 8330 8374 8424 8846 8295 7897 7493 8036 8221 8335 7953 7980 8512 7588 7764 7818 7671 8329 7750 8070 8313 7807 8286 8457 8715 8164 7818 8028 7785 8365 7738 8208 8680 8358 8591 8695 7788 8524 7790 8041 8900 8228 8447 7898 7585 8344 7754 8117 8118 8255 8438 8393 7925 8323 8010 7870 7676 7870 8352 7817 8314 7990 8201 7932 8215 7814 8567 8937 8451 8544 7755 7786 8435 8090 8019 7847 8563 8183 8451 8424 7324 8347 7725 7893 8656 8292 7907 7995 7535 7911 8359 7714 8226 8304 8136 8473 8407 7914 7739 8064 8205 7883 8164 7754 8310 7811 7686 8485 7948 7869 7855 8105 7829 7956 7852 7999 8785 8443 8348 7765 7367 8657 8460 8323 7837 7869 7908 7867 8232 7745 8238 8432 8137 7864 8441 8108 8308 8172 8361 8087 7638 7979 7951 8098 8118 8095 8397 8397 8397 8022 8095 8649 8213 8332 8361 8105 8467 8166 7827 7918 7935 8357 8199 8061 8510 8148 8030 8281 8022 7852 7956 8077 8342 8499 8534 7824 8358 8345 8287 7848 7875 7829 8059 7666 8147 8186 8497 8056 8295 8068 8268 7864 7797 8157 8482 7834 8384 8002 7812 8371 7806 8031 8398 8366 8111 7655 8433 7917 7876 8501 7678 7884 8007 7468 7681 7772 7881 8208 7370 8582 7625 8389 7752 8004 8108 7907 8409 8120 8789 8237 7843 8073 8398 7852 7543 7989 7722 8149 7715 8455 8285 
7763 8157 7991 8082 8551 8064 7747 7859 7775 7789 8043 8311 7942 7856 8790 7942 8511 8003 8485 7633 7895 8670 8728 8176 8188 7903 8190 8137 8309 8803 8167 8297 8185 7984 7734 8298 8577 8440 8433 8441 8210 8085 8210 8243 8076 7719 8042 7846 7749 8503 8671 8326 8234 8093 8107 8036 7929 8291 7968 8408 7914 8482 8349 8210 8229 8462 7819 7589 8029 7876 8516 8045 8232 8007 7831 8016 8002 8422 7897 8387 7676 8373 8141 8406 8137 8528 8741 8233 8727 7983 8429 7649 8538 8173 7899 8383 8054 8075 8071 7499 8069 8183 7697 7927 8145 8032 7907 7833 8447 7824 8023 8550 7989 7956 8451 8168 8495 7605 8087 7744 8369 7802 7736 7983 7926 8448 8032 8173 8077 8135 7977 8025 8210 8358 7668 8355 8208 7162 8152 7900 7988 8139 8205 7937 7822 8466 7923 7749 8034 8087 8018 8564 7698 8197 8369 7963 8647 7508 8368 8372 7784 8127 8678 8178 7732 7916 7925 8068 8453 7775 8189 8484 7856 7886 7402 7939 7954 7491 8116 8121 8185 8189 8386 8648 8036 8035 8275 8180 8484 7963 7651 8482 8127 8349 8936 7508 8403 7382 7924 8584 8169 8065 8311 7612 8126 8029 8496 8147 7757 8307 8574 7828 8455 7905 7732 7490 7949 8111 7803 8333 8045 8138 7904 8206 7993 8639 8658 8440 8148 8082 7992 8465 8066 7886 7813 8670 8165 8295 8332 7345 8478 7687 7596 8733 8261 7769 7640 7481 7751 8031 7902 8132 8266 8120 8351 8322 7872 7885 8218 8229 8032 7993 7508 7947 7760 7668 8470 7693 8165 7652 7884 7435 8268 8128 8129 8395 8167 8277 7934 7479 8641 8248 8358 8125 7954 7911 7881 8357 7592 7991 8162 7893 8028 8272 7784 8234 8214 8230 7724 7942 7818 8246 8239 8316 8427 7898 8030 8264 7837 7975 8484 7858 7876 8515 8220 8493 7830 7964 7980 8169 8309 8438 8140 8670 7624 8540 8139 8351 8059 7837 7858 8382 8260 8482 7969 8574 8021 8488 7976 8081 7985 8204 7753 8008 8032 7972 7871 8557 7870 8575 7597 7955 8070 8588 7738 8360 7796 7900 8469 8128 8272 7967 8098 7939 7532 8289 8201 8132 8277 7790 8041 8058 7820 7751 7831 7972 8126 7530 8306 7784 8152 7666 8210 7893 8130 8466 8357 8289 8057 8124 7911 8107 8170 8144 8077 7726 8132 7625 8662 8357 
7771 8135 8206 8106 8183 8087 7828 7621 8089 7985 8203 7859 7759 7362 8493 8008 8338 7813 8363 7493 7719 7935 8105 7792 8011 7841 8239 7663 8343 8692 8027 8367 8157 7731 7771 8398 8089 7656 7885 8152 8100 7995 8452 8205 7854 7857 7989 7574 7875 8166 8646 8209 8133 8215 8056 7389 8250 8053 7710 8132 7860 8569 8177 8031 8128 7965 7810 7715 7782 7892 8066 8031 8112 7589 7539 7942 7573 8182 7645 8310 7726 7937 8227 8379 7970 8453 8342 8171 8412 8153 7966 7558 8295 7875 7695 8608 7941 8103 8114 7395 7679 8030 7313 7891 7744 8039 7901 7723 8406 7749 7892 7984 7881 8095 7825 8071 8165 7679 8085 7552 8293 7558 7685 7760 7777 8156 7918 8193 7893 7893 8008 7751 7671 8450 7463 8206 7954 7076 7879 7644 7729 8080 8401 7923 8373 8053 7372 7770 7840 8365 7521 8387 7984 7902 8306 7814 8691 7539 8035 7754 8254 8023 8543 8184 7508 7888 7877 7909 7927 7566 7773 8251 7647 7656 7598 7824 8108 7355 8443 8010 8266 7935 8206 8360 7792 7799 8360 7844 8258 7996 7795 8634 8262 8526 8506 7371 8376 7759 8095 8754 7874 7844 8174 7527 8008 7890 8030 7801 7658 8285 8334 7666 7965 7721 7310 7626 7999 8234 7734 8504 8173 8083 8174 8375 7769 8383 8399 8353 8313 7643 7826 8300 7854 7627 8036 8376 8139 8071 8104 7750 8210 7809 7513 8329 8080 7510 8212 7473 7532 8260 7485 7697 8199 7996 8212 8426 7866 7935 8209 8201 7570 7867 7592 7836 7749 7427 8583 7532 8044 7764 7890 7485 7776 7871 7941 8649 8158 7933 7928 7611 8229 7820 7833 7946 7512 7777 7757 8312 8061 8120 8165 8126 7636 8380 7657 7831 7761 8059 7825 7767 8137 7892 7637 7874 8397 8041 8180 8159 7910 7668 8185 7718 8262 8202 8023 8480 7911 7625 8220 8120 7966 8346 7886 8595 7625 8214 8236 8007 7668 7732 7945 8344 7912 8172 7815 8520 8062 8197 7766 7893 7737 7894 7691 7932 7945 8144 7472 8232 7746 8157 7934 7700 7715 8657 7692 8348 7962 7900 8208 7676 8012 8267 8397 7744 7691 8095 8208 7749 8331 7325 7966 7913 7423 7680 7884 8198 7941 7727 8109 7972 8263 7349 8154 8190 7839 8191 7974 8544 7685 7944 7823 8003 7613 7825 8289 7472 7999 7633 8276 8065 
7946 8035 7999 8039 8294 7853 7873 7913 8049 8036 8307 8211 7944 7720 8676 7930 8373 8048 8384 7526 8182 8326 8547 8186 7655 8238 8156 7942 8126 8672 7913 8321 7997 8028 7612 8480 8295 8592 7939 8361 8497 8032 8191 8313 8073 8051 8022 7852 8118 8477 8763 8403 7900 8310 7947 7439 7996 7978 7882 8191 7954 8270 8331 8178 8063 8084 8181 8054 8161 7796 8401 8642 8216 7714 7927 7962 7905 8502 7636 8453 7676 8195 8123 8337 7838 8530 8326 8016 8622 8294 8297 7872 8240 7791 7924 8786 8243 8401 8342 7801 7698 8031 7437 7790 8013 8004 7946 7855 8521 7732 7818 8055 7575 8231 8283 8237 8449 7911 7989 7608 8625 7860 7583 7976 8033 8444 7799 8170 7954 8195 7749 7592 7985 8331 7833 8540 8426 7216 7689 7704 8000 7988 8048 7956 7938 8385 7524 7868 8017 8337 7774 8651 8088 7587 8190 7985 8643 7633 8252 8220 8347 8336 8613 8222 7728 7765 7771 8010 8172 8013 8357 8551 7786 7780 7646 8085 8081 7768 8252 8172 8090 8071 8314 8298 7594 7696 8433 8059 8427 7915 8222 8791 8130 8744 8289 7407 8568 7652 8198 8706 8259 8297 7984 7583 8283 7840 8239 7953 8132 8370 8659 7801 8519 8350 7897 7669 7978 8513 7633 8230 8077 8136 8316 8557 7905 8600 8547 8210 8532 7905 7804 8280 8235 7797 7493 8743 8233 8065 7906 7653 8545 7771 7867 8562 7998 7713 7738 7650 7829 8027 7951 8103 8515 8259 8224 7863 7723 8144 8271 8204 8016 8091 7433 8176 7747 7720 8596 8028 8002 7634 7684 7599 8088 7903 8130 8551 8049 8246 7958 7670 8356 8296 8321 7824 7816 7986 8071 8576 7881 8399 8306 8050 8004 8049 7452 8072 8020 8271 7415 7575 7921 7993 8021 7931 8106 8391 7926 7989 7927 7868 8499 8041 8490 8509 7974 8354 7730 7777 8132 8048 8320 8549 8147 8514 7936 8392 7812 8096 7705 7973 7953 8399 8407 8298 7976 8029 8271 8422 8009 7852 7777 8120 7616 7949 8062 7941 8004 8267 7729 8385 7913 7906 8075 8407 7557 8021 8045 7813 8182 7953 8107 8476 8356 8083 7630 8206 7893 8263 8295 7688 7839 7981 7562 7901 7819 8407 8255 7839 8214 7924 8241 7944 7862 7884 7874 8302 7912 8863 8103 7744 7924 8017 8226 7894 8020 7598 7979 7619 7913 8242 
7900 8185 8432 8109 8477 8163 7999 7833 8333 7829 8396 8501 8026 7813 8717 8259 8650 8177 8402 7494 7902 8138 8422 7981 7906 7971 8671 7756 8447 8939 8004 8208 8390 8040 7748 8448 8639 8157 8115 8149 8390 8026 8341 8058 7960 7777 8222 7787 8104 8257 8860 8676 8387 8455 8130 7790 8426 8112 8193 8187 7760 8216 8432 8310 8115 8232 8266 7920 7788 8108 8413 8406 8476 7851 7644 7945 7751 8318 7848 8656 7646 8269 8423 8565 8273 8576 8987 8352 8707 8313 8618 7639 8075 8047 7876 8589 8244 8113 7981 7280 8059 8336 7233 8081 8106 7972 7927 7756 8446 7844 7947 8153 7897 8385 8230 7873 8115 8045 8210 7729 8604 8024 7671 8003 8099 8249 7878 8299 8190 8203 7985 8159 7671 8448 8064 8419 7907 7337 7686 8059 7899 8301 8050 8134 7859 8362 7999 7828 8313 8385 7750 8280 8315 8105 8617 7886 8444 7529 8269 8272 8319 8162 8700 8334 7644 7940 8079 8149 8306 7888 7947 8337 7791 7780 7528 7936 8249 7853 8439 8631 7769 8019 8658 8412 7955 8081 8406 8169 8707 7872 7872 8985 8289 8906 8629 7551 8514 7856 8158 8838 8251 7875 8167 7619 8193 7647 8079 8121 8010 8251 8298 8222 8467 7714 8020 7603 7876 8111 7567 8444 8036 8207 8062 8295 7889 8496 8554 8353 8003 7800 7943 8506 8067 7979 7905 8340 8449 8223 8358 7619 8259 7613 7915 8649 8309 7629 7779 7554 7810 8376 7916 8176 8601 8128 8466 8190 7713 8062 8411 8348 7865 7817 7762 8134 7847 7757 8608 7792 8044 7955 7895 7612 7715 8092 7848 8477 8317 8272 7918 7767 8379 8118 8188 7998 7469 8284 8276 8394 7977 8245 8663 8517 8058 8051 7953 8243 8100 7943 7960 7871 8222 7858 8091 7956 8263 8267 8320 8419 8215 7994 8784 7775 8190 8239 8376 8212 8315 7730 8172 8285 8544 8544 8196 8813 7924 8194 7982 8354 7846 8286 7991 8404 8477 8677 8283 8574 8029 8103 7777 8067 8018 8416 7841 8103 7924 8038 7942 8417 8162 8221 8270 7734 8377 8752 7964 8557 7760 7623 8401 7887 8495 8202 8400 7956 7872 7723 8241 7858 8401 7755 8093 8178 7871 7913 8130 8076 8380 7886 8427 7879 8013 7906 8337 7886 7993 8526 7956 8695 8296 8282 7874 8407 8289 8191 8095 7846 8490 7743 8542 8494 
7884 8028 8140 8255 8459 8292 7743 7702 8595 8098 8562 8166 8226 8179 8374 8082 8901 7845 8453 7973 7929 8324 8170 8173 7896 8037 8468 7983 8072 8619 8279 8573 8037 8147 7921 8807 8864 8132 8172 8527 8314 8148 8180 8379 8419 8190 8411 8030 8218 8346 8872 8553 8012 8671 8105 7978 7911 8363 7949 8382 7841 8534 8252 8186 8102 8200 7781 7770 8122 8381 8550 8043 8337 7718 7740 8380 7779 8300 7881 8287 8154 8153 8309 8393 7893 8781 8656 8460 8518 8070 8406 8148 8649 8075 8034 8746 8622 8170 8346 7436 7825 8142 7463 8005 7956 8052 8190 8004 8255 8028 8284 8924 7744 7870 8217 8448 8254 8265 8104 7880 8620 7756 7578 7993 8302 8487 8198 8399 7931 8220 7956 8190 8114 8640 7667 8280 8344 7264 7775 7866 8127 8426 8494 8278 7893 8366 7873 8177 8327 8636 7900 8739 8464 8250 8575 8091 8767 7537 8479 8407 8469 8290 8614 8273 8015 8007 7820 8075 8243 7955 8139 8339 7772 7919 7884 7881 8067 7930 8432 8489 8380 8282 8596 8530 7407 8018 8546 8304 8778 7786 8091 8816 8482 8910 8704 7921 8583 7882 8072 8846 8236 7961 8342 8081 8192 8072 8443 8523 8275 8503 8195 8197 8396 8199 7848 7643 7932 8258 7786 8673 8011 8327 7994 8532 7964 8424 8603 8577 8455 8095 7893 8316 7972 8283 7901 8475 8593 8276 8339 7702 8573 8078 8032 8599 8230 7604 8273 7661 7838 8151 8050 8091 8590 8321 8462 8201 7818 8168 8372 8856 7777 7823 7802 8277 7678 8005 8841 7962 7892 7794 8071 7958 7994 7957 7998 8659 8450 8392 7941 7935 8410 8148 8608 8283 7691 7981 8115 8597 7654 8575 8416 8350 7909 8272 7924 7985 8053 8411 8141 8052 8395 8230 7995 8287 8426 7836 8411 8183 7901 8182 8735 7973 8110 8542 7936 8616 8117 8038 8263 8412 8454 8621 8179 8453 7806 8627 8374 8275 8080 8259 8034 8383 8583 8196 7989 8490 8267 8441 7981 7909 8172 8290 7922 8032 8068 7953 7803 8672 8253 8498 8041 8197 7968 8776 8261 8709 8135 8046 8491 8139 8535 8152 8212 7931 7803 8134 8212 7722 8285 7647 8310 8211 7695 8058 8308 8344 8413 8063 8208 7964 8108 7932 7881 8442 7943 8125 7946 8778 8205 8234 7980 8358 8091 8333 8137 7613 8481 7626 8340 8881 
7862 7733 8170 7975 8746 8242 7801 7800 8076 7356 8209 8505 8342 8231 8546 7921 8787 8253 8255 7540 8316 8106 8158 8443 7985 8149 8019 7992 8071 8757 7833 8212 8276 8217 7842 8327 8557 8371 8352 8519 8270 8316 8207 8440 8076 7659 8347 7436 7811 8446 8674 8329 8402 8080 8011 7574 8373 8169 8008 8387 7863 8314 8067 8309 7878 8123 7787 7689 7873 7894 8529 7983 8383 7800 7969 8135 7725 8180 7680 8544 8079 8364 8146 8220 7946 8440 8682 7896 8500 8149 8543 7686 8285 7913 7843 8461 7808 8169 8207 7526 8123 8120 7267 8253 7705 8087 7730 8130 8168 7661 7524 8093 7919 7917 8126 8079 8346 7830 7855 7861 8529 7866 7642 7724 7774 8344 8062 8186 8012 8197 7977 7937 7462 8522 7618 8503 8087 7164 7651 7531 7827 8427 7935 7908 8086 7975 7926 7997 8078 8186 8059 8677 8284 8025 8283 7955 8643 7482 7995 8292 8153 7937 8785 8475 7694 8023 7885 8112 7934 7736 7804 8385 7559 7636 7622 8078 8079 7702 8285 8531 7961 7903 8202 8485 7670 7848 8277 8005 8418 7618 8250 8748 8389 8550 8449 7466 8244 7679 7937 8756 7969 7922 8497 7379 7806 7565 7947 8198 8119 7981 8381 7889 8511 8039 7639 7489 8107 8118 7368 8209 8295 7965 8021 7859 7897 8536 8266 8168 8419 7959 7929 8536 8024 7938 7927 8341 8191 8039 8472 7787 8131 8302 7916 8537 8126 7368 7976 7652 7679 8334 8135 7981 8279 8151 8464 8044 7813 8202 8269 8366 8123 8013 7497 8126 7643 7538 8552 7759 8011 7818 8028 7700 8115 8004 8260 8456 8038 8082 8267 7567 8186 8046 8251 8108 7582 7950 7855 8361 7645 8549 8617 8352 7809 8336 7517 8218 7855 8215 7764 7754 8153 8214 7846 8434 8120 8403 8342 8013 8119 8055 8380 7840 8269 8237 8436 8342 7815 7366 8133 8026 8613 8419 8246 8413 7811 8445 7569 8241 7904 8033 7739 8254 8224 8120 8056 8517 7980 8089 7995 8103 7502 8051 7725 7977 7902 8230 7617 8376 8107 8101 8042 8200 8121 8415 7592 8373 7940 7802 8149 8171 8190 7869 8069 7783 7947 8243 8189 7998 8299 7766 7800 7811 7770 7718 7870 8229 8218 8132 8092 7864 8431 7728 8265 7807 7832 8003 7831 8655 8085 7680 7863 8045 8290 8099 8021 7614 8172 7995 8198 8402 
7816 7848 8026 7804 8174 7747 7883 7833 7919 7734 8036 8319 7851 7737 8406 7747 8643 7635 8133 7563 7965 8000 7994 8195 7892 7853 8288 7823 7937 8736 7790 7937 8195 7860 7647 8078 8504 7987 8045 8306 7888 7937 8038 8241 7797 7575 7999 7835 7949 8348 8223 8366 7906 7945 8051 7687 7895 7859 8001 7829 7286 8150 7996 8063 7629 7930 7982 7504 8004 8057 8257 8183 8121 7955 7793 7903 7626 8263 7539 8218 7886 8253 8325 8423 7943 8867 8569 7985 8391 8407 8122 7591 8242 7932 7736 8386 8189 7749 8033 7460 7908 7917 7267 7987 7602 7691 7772 7604 7904 7981 7571 8099 7650 7847 7828 8065 8355 7509 8035 7457 8500 7745 7757 7776 8008 7952 7968 7806 8062 7945 7734 7675 7634 8358 7865 8370 8010 7512 7369 7530 7969 8128 7904 7839 7846 7991 7579 7668 7961 8452 7586 8315 7933 8049 8103 7675 8528 7398 8233 8100 8058 7770 8357 8026 7570 8019 7876 7881 8073 7585 7932 7983 7459 7681 7336 7843 7910 7453 8185 8315 8079 7989 8282 8447 7411 7560 8019 7896 8275 7856 7982 8709 8186 8631 8439 7329 8441 7660 8044 8877 7804 7854 8194 7017 7917 7988 7920 7888 7859 7760 8328 7966 8123 7554 7571 7532 7761 8221 7523 8235 7909 8166 7718 8006 7533 8382 8293 7811 8186 7570 7958 8036 7888 7681 7792 8461 8133 7895 8094 7628 8183 7726 7797 8727 8093 7293 8098 7520 7500 7993 7561 8039 8547 8041 8459 7980 7806 8070 8195 8254 7397 7484 7524 8121 7580 7638 8155 7761 7826 7662 7911 7641 7764 8105 8092 8069 7753 8112 7812 7128 8132 7835 8482 7894 7365 7811 8138 8185 7670 8052 8410 7894 7563 7948 7396 7934 7737 7933 7828 7728 7848 8003 8080 7754 8489 8220 8154 8183 7715 7561 8516 7893 7924 8329 8343 8396 7947 7840 7975 8158 8147 8273 7807 8428 7488 8070 7747 7997 7689 7792 7892 8264 8150 8292 8064 8437 8126 8250 7908 7940 7617 7975 7157 8105 7601 7989 7982 8111 7973 7860 7978 7469 7937 8589 7743 8348 7531 7538 8018 7663 8306 8027 8034 7652 7569 8140 7942 7945 7930 7778 7839 7925 7364 7588 7674 8281 7939 7441 7763 8033 8264 7675 8247 7822 7849 8122 7682 8523 7996 7625 7969 8186 8453 7964 8105 7531 8076 7339 8585 8132 
8123 8255 8091 8308 9216 8021 7684 7939 8056 7991 8355 8127 8014 7862 8447 8067 8623 8359 8604 7781 7943 8077 8581 8252 8141 7825 8591 8327 8040 8360 8174 8143 8229 8189 7730 8284 8729 8303 8252 8391 8234 8184 7986 8365 8467 7988 8315 7451 8004 8380 9049 8665 8256 8545 8152 7802 8681 7964 8124 8110 7839 8182 8112 8094 8137 8296 8254 7730 7671 7913 8268 8382 8336 8068 7759 8230 7695 8403 7620 8195 7898 7983 8340 8618 7780 8479 8726 8246 8730 8218 8685 7876 8690 8001 8086 8564 8111 8479 8015 7526 7989 8080 7481 8149 7835 8241 7925 8183 8190 7786 7642 8193 7657 7958 8074 8121 8746 7808 8520 7602 8739 7843 8085 8061 8267 8087 8363 8181 8135 8168 8253 7958 7787 8459 7892 8551 8188 7270 7644 7888 8122 8427 8173 8199 7713 8120 7834 7808 8406 8515 7995 8534 7834 7911 8475 7722 8792 7871 8484 8408 8338 8194 8581 8131 7729 7790 7963 8132 7946 7696 7878 8168 7237 7965 8046 7880 8120 7502 8239 8599 8254 8056 8460 8461 7994 7899 8355 8426 8473 7788 8065 8665 8273 8645 8432 7449 8507 7303 8324 8882 8243 8127 8079 7592 8118 7924 8094 8275 8344 8057 8500 8201 8512 8097 7737 7811 7920 8124 7721 8253 8051 8081 7813 8498 7788 8316 8724 8501 8628 7886 8043 8585 7991 7986 7786 8724 8422 7860 8354 7857 8236 8100 7840 8705 7945 7525 7804 7705 7693 8193 8042 7956 8390 8024 8413 8325 7924 8120 8175 8420 8000 8034 7694 8115 8027 7475 8883 7929 7896 7758 7944 7359 7961 8231 7953 8323 8098 8399 7908 7427 8441 8303 7822 7867 7439 8046 7794 8654 7862 8308 8432 8421 8122 8276 7813 7933 8063 8109 7786 8063 8319 8084 7960 8041 8234 8230 7889 7999 8037 8002 8712 7879 7907 8344 8007 8277 8042 7616 8413 7960 8633 8343 8032 8710 8011 8356 7950 8398 7809 8454 8230 8896 8377 8292 8177 8233 8292 8472 7675 8134 7751 8181 7740 7962 8192 8141 7982 8546 7993 7776 7639 7786 8171 8715 7700 8424 7824 7821 8433 7871 8416 8360 8480 7824 7705 8267 8318 7913 8635 7752 8030 8148 7374 7470 7868 8335 8078 7675 8432 8056 8103 7487 8103 8002 7873 8705 7936 8385 7982 8049 7922 8170 8189 8120 8392 7630 7946 7863 8066 8380 
8338 8053 8309 8456 8770 8092 8159 8092 8709 8033 8239 8120 8167 8074 8538 8283 8760 8297 8787 8069 8375 8226 8392 8335 7910 8429 8408 7817 8142 8569 7982 8339 8209 8035 7777 8429 8775 8387 8378 8911 8402 8173 8296 8168 8540 7618 8156 7908 8097 8534 8845 8537 8373 8251 8510 7737 8273 8186 8299 8369 8123 8445 8190 8295 8240 8202 8225 8101 8086 8272 8497 8430 8692 7782 7941 8756 7878 8600 7713 8348 7914 8309 8156 8592 7973 8654 8611 8380 8493 8231 8359 7999 8401 8293 8121 8699 8619 7970 8484 7668 8033 8104 7558 8160 8203 8202 7882 8112 8594 7943 8032 8168 7819 8182 7992 8401 8712 7790 8365 8034 8718 8046 8198 8054 8061 8433 8345 8466 8006 8324 8215 8024 8090 8693 7791 8473 8147 7366 8108 7903 7970 8282 8201 8153 8329 8317 7821 8377 8309 8687 8141 8544 8089 8057 8673 7994 8880 7577 8406 8347 8604 8247 8621 8611 8085 7925 7963 8454 8347 7777 8235 8387 7434 8183 7907 8184 8491 7863 8440 8404 8228 8008 8462 8343 8067 7786 8569 8285 8433 7772 8075 9451 8482 8665 8771 7401 8809 7666 8200 8806 8202 8141 8296 7852 8261 7855 7998 8049 8287 8383 8476 7969 8453 7785 7717 8045 8240 8508 7751 8281 8650 7961 7955 8571 7733 8331 8610 8394 8503 8002 8025 8473 8212 8195 7914 8376 8347 8149 8427 7694 8321 8205 8187 8768 8170 7663 8084 8001 7829 8363 8295 8044 8529 8272 8342 8104 8023 8345 8154 8727 8259 8149 7824 8432 7794 7997 8463 7907 8065 7828 8054 7565 8263 8441 7960 8655 8120 8381 8053 7583 8527 8306 8040 8376 7648 8340 8307 8572 7729 8427 8414 8179 7913 8564 7953 8196 8359 8194 7944 7940 8229 8377 8083 8352 8603 8038 8461 8348 8101 7870 8801 7986 8433 8624 8047 8632 8002 8003 8207 8389 8702 8856 8333 8417 8181 8657 7986 8450 8140 8276 8065 8564 8530 8185 7926 8455 8493 8433 7837 7723 8046 8228 7794 8370 8111 7885 7873 8604 8095 7985 8134 8007 8037 8907 7976 8369 8218 8270 8504 7902 8300 8220 8459 7871 8003 8170 8117 8253 8535 7807 8087 8390 7664 7738 8145 8470 8173 8026 8376 7813 8276 8018 8263 8312 7809 8184 7786 8607 8510 7698 8307 8338 8418 8113 7941 7776 8115 8090 8398 8187 
8390 8244 8218 8178 8957 8388 8175 8141 8256 8000 8672 8567 8423 7901 8943 8128 8810 8248 8939 7889 8388 8684 8576 8372 8155 8127 8267 8369 8266 8689 7947 8597 8392 8284 8039 8897 8825 8340 8530 8682 8457 8663 8415 8586 8426 8229 8244 7765 8050 8591 9175 9130 8489 8405 8492 8000 8313 8587 8121 8401 8306 8456 8402 8471 8427 8622 8510 8235 8070 8334 9044 8533 9105 7891 8278 8487 8143 8576 7911 8866 8400 8374 8356 8878 8332 8967 8932 8391 8994 8313 8793 7849 8457 8301 8154 8981 8512 8544 8632 8070 8212 8431 7608 8130 8192 8340 8116 8447 8634 7836 7907 8584 8016 8080 8147 8585 8554 8048 8341 7996 8805 8231 8246 7875 8347 8393 8383 8568 8228 8615 8280 8384 8108 8777 8150 8534 8508 7579 8108 8431 8361 8580 8557 8078 8314 8876 7889 8023 8427 8726 8196 8768 8687 8151 8459 8052 9108 7668 8787 8487 8440 8322 8859 8347 8177 8296 8276 8215 8581 8172 8533 9064 8103 7808 7821 8486 8396 7986 8657 8766 8247 8418 8843 8614 8160 8141 8766 8108 8935 8039 8464 9247 8637 9124 8683 7853 8841 7858 8397 9420 8598 8464 8318 7886 8024 8539 8361 8141 8352 8463 8743 8296 8624 8162 8141 8302 8479 8364 7738 8625 8394 8544 8082 8752 7989 8713 8975 8370 8737 8278 8155 8634 8405 8177 8229 8825 8599 8323 8604 8062 8697 8284 8044 8982 8248 7743 8473 7961 7955 8496 8393 8258 8567 8482 8789 8389 8084 8340 8358 8469 8387 8003 8341 8658 8084 7818 8797 8380 8287 7811 8162 8264 8473 8538 8319 8583 8289 8599 8388 7847 8599 8160 8605 8518 8020 8052 8578 8945 8140 8841 8609 8454 8180 8468 7755 8602 8549 8664 8173 8100 8291 8179 8517 8621 8537 8213 8244 8423 8409 7996 8863 8385 8502 8700 8300 8891 8249 8166 8191 8704 8737 8543 8628 8823 8460 8670 8609 8480 8510 8317 8230 9175 8400 8308 8092 8655 8405 8492 8207 7969 8503 8323 7953 8445 8456 8535 8165 8549 8232 8635 8347 8229 8631 8912 8186 8536 8473 8317 8765 8416 8711 8656 8497 8263 8251 8654 8320 8225 8509 8302 8362 8368 7766 8468 8389 8774 8729 8251 8526 8226 8578 7866 8015 8262 8236 8546 8597 8903 8584 8278 8140 8467 8374 8338 8190 8214 8361 7934 8752 8931 
7644 7638 8208 8078 8408 8111 7914 7527 8069 7808 8344 8097 7886 7677 8639 7766 8454 7821 8498 7357 7691 8004 8134 7977 7874 7804 8274 7877 7810 8339 7986 7918 7657 7678 7540 8365 8671 7866 7989 8375 8083 8119 8223 8055 8095 7793 8087 7466 7661 8345 8525 8252 8090 8084 8137 7503 8127 8239 7996 8112 7827 8143 7978 7911 7922 7732 7824 7395 7797 7701 8719 7985 8180 7718 7870 7883 7643 8355 7501 8418 7938 8078 8303 8255 7788 8576 8253 8171 8308 8085 8204 7788 8039 7911 7488 8281 8375 8033 7838 7511 7946 7783 7188 8096 7447 7558 7698 7822 8154 7665 7798 8139 7587 7618 7943 7848 8278 7564 8013 7462 8472 7774 7802 7496 8028 8082 7832 7747 7752 7832 8049 7736 7734 8413 7389 8314 8051 7219 7427 7622 7753 8067 7916 8032 7980 7993 7782 7796 7775 8166 7807 8453 8088 7784 7843 7749 8433 7558 7949 7972 7979 7884 8048 8153 7793 7450 8004 7819 8041 7509 7725 8018 7496 7772 7722 8020 7924 7869 8042 8123 8308 7907 7797 8008 7619 7832 8404 7896 8349 8027 8222 8664 8469 8432 8389 7317 8141 7440 7618 8702 8165 7867 7957 7182 7661 7765 7944 7726 7694 8212 8523 7950 7925 8059 7808 7093 8005 8126 7658 8197 7800 8100 8180 8122 7495 7976 8360 7870 8142 7733 7920 8390 7697 7658 7824 8457 7999 7658 8115 7577 8178 8092 7817 8394 8057 7586 7853 7606 7737 8064 7736 8020 8405 7983 8177 8145 7966 8184 8242 8116 7792 7740 7717 8165 7793 7541 8456 7717 7864 7861 7464 7516 7470 7759 7905 7954 7892 8181 7700 7622 8024 7845 7630 7987 7233 7964 7502 7964 7758 8118 7927 8000 7760 8026 7530 7599 8063 8138 7658 7687 8003 7921 7889 7781 8287 7899 7872 8307 7755 7394 8302 7975 8299 8537 8109 8589 7812 7409 8002 8153 8437 8212 8060 8419 7647 8149 8076 7948 7481 7968 7893 8483 7950 7925 7953 8234 7986 8307 7581 7999 7966 8257 7619 7867 8001 8155 7828 7946 7755 8032 7777 7734 7845 8193 7694 8023 7429 7853 8126 8093 8402 8063 7855 7667 7499 8236 7932 7654 8078 7535 7962 7994 7519 7382 7441 8183 7814 7746 8076 7773 8047 7451 8077 8043 7753 8122 7523 8511 8041 7769 7917 8045 8051 8125 8255 7789 7803 7544 8296 8187 
8372 8337 8564 8388 8990 8067 8330 8224 8598 8346 8558 8767 8229 8001 8855 8331 8770 8060 8618 7936 8199 8479 8626 8444 8006 8294 8446 8223 8198 8845 8135 8459 8575 8362 8026 8655 8441 8341 8726 8548 8158 8343 8309 8346 8412 8033 8247 7842 8207 8604 8846 8603 8280 8705 8180 7941 8226 8387 8234 8352 8397 8497 8389 8277 8143 8561 8225 7896 8157 8244 8801 8563 8636 8258 7867 8189 8072 8519 7899 8752 8481 8312 8592 8487 8053 8743 8951 8291 8536 8051 8579 7935 8779 8549 8510 8622 7862 8154 8492 7855 8121 8488 7495 8449 8321 8289 8003 8066 8311 8340 8228 8503 8367 8025 8391 8211 8837 7951 8452 8255 8638 7961 8213 8373 7998 8765 8392 8338 8411 8251 7905 8395 7982 8845 7914 8448 8364 7433 8222 8022 8558 8461 8460 8575 8319 8461 7811 8431 8335 8408 8007 8790 8244 8241 8272 8230 8653 7847 8591 8442 8293 8393 9165 8393 8276 8059 8160 8240 8571 7867 8004 8697 7883 7942 7670 8141 8269 7808 8290 8822 8565 8361 8766 8448 8207 8187 8481 8379 8780 7876 8345 9055 8379 8849 8782 7738 8413 8070 8363 9208 8015 8162 8236 7623 8061 8130 8560 8083 8543 8508 8811 8444 8617 8265 8229 7820 8118 8668 7961 8627 8252 8400 8169 8247 7793 8612 9060 8662 8520 8086 8325 8747 8310 8025 8182 8760 8454 8384 8466 7841 8839 8456 7883 8671 8469 7573 8039 7641 7697 8169 8137 8341 8500 8470 8602 8425 7886 8294 8501 8661 8269 8492 7694 8430 8117 7746 8733 8328 8024 8141 8152 7670 8193 8500 8186 8648 8543 8272 8366 7989 8800 8761 8658 8385 7986 8234 8182 8810 8229 8551 8625 8547 7874 8335 8051 8455 8276 8394 7866 8317 8461 8053 8338 8333 8616 8449 8468 8380 8567 8052 8846 8110 8398 8617 8573 8720 8292 7991 8249 8356 8757 8592 8234 8655 7982 8591 8042 8766 8235 8457 8470 8811 8830 8664 8055 8582 8326 8576 8137 8184 8271 8534 7632 8398 8034 8195 7864 8716 8204 8381 7982 8480 8395 9070 7751 8765 8068 7860 8644 8209 8776 8322 8462 8379 7920 8575 8420 8264 8574 7898 7990 8256 7849 7961 7849 8700 8495 8056 8325 8065 8600 8182 8555 8387 8205 8507 8051 9038 8407 7678 8412 8355 8426 8331 8503 8147 7988 7898 8378 8181 
8280 8242 8035 8056 8811 8396 7413 7937 8258 7955 8124 8370 7989 7795 8469 7939 8720 7982 8332 7779 8056 8529 8317 8204 8194 7895 8466 8332 8187 8439 7969 8516 8149 8084 7610 8360 8424 7892 8392 8514 8397 8086 8291 8607 8184 7688 8285 7669 8215 8231 8877 8603 8089 8410 8033 7777 8326 7796 8206 8238 7722 8002 8073 8256 8253 8133 8107 7971 8048 8077 8362 8446 8178 7934 8064 7966 8043 8231 7980 8270 8081 8094 8212 8387 7929 8669 8758 8082 8778 8066 8218 8064 8414 7984 8232 8676 8170 8092 8301 7530 7908 7898 7417 7892 7747 8366 7836 8266 8322 8010 7940 8185 8200 7909 8094 8201 8372 7807 8226 7605 8418 8249 7707 8008 8036 8439 8262 8080 7891 7842 8166 7908 7778 8544 8114 8359 8268 7458 8013 7956 8136 8087 8134 8152 7992 8422 7928 8055 8149 8414 8006 8499 7957 8014 8429 8116 8932 7469 8463 8553 8488 8303 8632 8565 8159 7935 7707 7996 8218 7867 8073 8552 7813 7750 7781 8203 8279 7776 8255 8364 7958 8238 8603 8582 8010 7941 8353 7918 8596 7623 8058 8668 8350 8549 8519 7586 8422 7094 8170 9014 8159 8329 8175 7675 7969 7665 8099 8104 7812 8525 8309 7954 8337 8184 7681 7757 8241 8412 7720 8224 8302 8230 8179 8310 7926 8295 8529 7978 8256 8113 7826 8496 8014 8245 7924 8477 8538 8524 8311 7846 8156 7873 7831 8572 8063 7610 7882 7206 8024 8146 7995 7855 8228 7997 8267 8266 8093 7886 8085 8288 8146 7980 7547 8123 7637 7675 8834 7852 7960 7816 8242 7700 8272 8315 7878 8497 8369 8379 7997 7591 8520 8177 8111 8097 7486 8034 8058 8806 7747 8063 8292 8042 8164 8109 7706 8242 8303 8266 7856 7980 8069 8023 7792 7890 8433 8370 7890 8514 7987 8132 8723 7869 8233 8407 8138 8392 7840 8061 7950 8464 8328 8603 7944 8421 7815 8156 7828 8291 8102 8018 7928 8598 8315 8327 7861 8210 8078 8221 8111 8331 7771 8367 8023 8205 8053 8382 7993 8375 7767 8021 7945 7945 8031 8712 7559 8697 7916 8178 8174 8172 8419 8165 8182 8251 7691 8314 7671 8015 8429 7627 7947 8343 7484 8022 7851 8094 8248 7510 8330 7988 8237 7758 8068 7896 7871 8125 7789 8546 8006 7779 8080 8209 8157 8287 8272 7921 8337 7944 8311 8352 
7541 7627 7753 7597 8016 7812 7193 7287 7772 7151 7946 7831 7560 7627 7857 7482 7889 7251 8259 6941 7697 7407 7666 7791 7637 7296 7316 7266 7521 8285 7403 7706 8101 7683 7450 7718 8203 7600 7623 7687 7523 7553 8022 7838 7398 7572 7676 7180 7562 7855 8142 7783 7697 7599 7625 6867 7637 7416 7251 7927 7501 7772 7789 8070 7669 7461 7753 7428 7424 7614 7771 7708 7645 7563 7278 7912 7467 7899 7294 7976 7669 7920 7895 7866 7440 8091 8182 7562 7888 7539 7705 7215 7880 7457 7062 8136 7687 7802 7721 6971 7319 7354 6714 7610 7284 7374 7124 7586 7598 7630 7752 7730 7775 7413 7534 7725 7622 7718 7569 7399 8090 7587 7167 7298 7436 7818 7384 7933 7640 7782 7717 7574 7502 8019 7366 7705 7995 6766 7419 7444 7426 7912 7435 7506 7495 7525 7366 7642 7771 7631 7601 8019 7436 7588 7923 7517 7971 7142 7841 7793 7824 7591 8195 7691 7269 7367 7590 7754 7474 7059 7408 7987 7260 7297 7478 7464 7545 7432 7835 8293 7697 7715 7800 8041 7015 7326 7700 7504 7989 7342 7539 8418 7704 8465 8139 7321 7850 7519 7599 8384 7553 7813 7359 6958 7371 7351 7650 7516 7496 7309 8064 7541 7814 7416 7274 6928 7401 7785 7367 7558 7502 7696 7574 7940 7418 7782 8102 7503 7890 7635 7296 7881 7209 7510 7406 7792 7692 7250 8060 7024 7709 7714 7300 8214 7652 7195 7540 7437 7611 7929 7319 7189 8137 7843 8054 7382 7190 7406 7588 7661 7278 7477 7123 7787 7196 7086 8114 7396 7220 7405 7463 6852 7181 7639 7383 7878 7506 7717 7649 7453 8215 7559 7459 7352 7219 7324 7336 7983 7344 7562 8211 7998 7311 7724 7215 7302 7195 7576 7395 7337 7929 7564 7572 7454 7785 7552 7863 7520 7515 7609 8132 7323 7855 7898 7589 8090 7400 7546 7519 7297 7771 7680 7607 8071 6914 7597 7537 7606 7654 7456 7592 7541 7713 7389 7471 8096 7493 7725 7165 7407 7507 7770 7309 7456 7700 7620 7517 8061 7596 7482 7385 7348 7706 8003 7116 7985 7396 6968 7645 7400 7698 7609 7637 7725 7579 7693 7618 7216 7962 7341 7341 7595 6697 7302 7487 7899 7906 7334 7813 7635 7595 7204 7393 7572 7223 7924 7881 7889 7656 7359 7642 8026 7723 7265 7764 7253 7449 7126 7887 7792 
8251 8440 8097 8198 8748 8230 8018 8086 8619 8223 8707 8588 8042 8371 8577 8563 8793 7892 8489 7721 8343 8323 8541 8553 8093 8064 8643 8122 8205 8773 8009 8410 8431 7974 8258 8479 8773 8171 8420 8916 8277 8103 8156 8343 8247 7893 8310 7697 7907 8417 8820 8793 8365 8396 8370 8124 8209 7881 8559 8607 7972 8736 8379 8391 8277 8103 8364 7880 8043 8240 8372 8360 8480 7981 8116 8215 7665 8285 7946 8428 7817 8407 8335 8726 8050 8671 8743 8335 8281 8042 8417 7889 8711 8377 8069 8771 8412 8500 8356 7683 8284 8539 7184 8424 8016 8444 8033 8460 8570 7934 7879 8438 8085 8335 8156 8460 8556 7939 8503 8033 9012 8301 7964 8090 8347 8806 7970 8412 8180 7944 8055 8030 7876 8602 7996 8330 8487 7463 7661 8098 8170 8427 8082 8138 8366 8289 7940 8262 8348 8382 7910 8488 8209 7848 8680 7921 9172 7656 7960 8255 8655 8743 9091 8624 8108 8261 8348 8537 8428 7688 8079 8494 7697 8059 7929 8072 8425 7873 8564 8482 8215 8314 8780 8841 8046 7608 8406 8283 8487 7835 8262 9065 8326 8849 8556 7798 8660 7895 8098 8772 8241 8110 8270 7590 8316 8005 8248 8140 8331 8451 8453 8302 8585 7937 7858 7770 8375 8387 7813 8444 8687 8404 7930 8418 8189 8618 8746 8281 8203 8344 7955 8553 8196 8227 8049 8656 8555 8172 8700 7653 8439 8163 8155 8845 8313 7583 8036 7599 7931 8336 7969 8118 8436 8061 8579 8394 7981 8191 8376 8930 8157 8107 7970 8340 7661 7575 8851 8023 8054 7952 8225 7662 8397 8291 8107 9052 7886 8592 8451 7780 8682 8340 8513 8481 7666 8074 8077 8450 7915 8524 8553 8389 8326 8329 8155 8570 8670 8681 8267 8330 8612 8145 8214 8112 8456 8501 8820 8287 8116 8047 8623 8028 8332 8482 8107 8798 7933 8006 8255 8514 8727 8742 8472 8523 8147 8220 8169 8564 8410 8361 8183 8643 8395 8389 8156 8588 8105 8485 8072 8258 8062 8565 7952 8408 8069 8550 7970 8438 8047 8677 8316 8429 8381 8813 7715 8442 8389 7974 8370 7989 8566 8429 8343 8078 8121 8241 8256 8395 8485 8033 7961 8293 7684 7822 8182 8279 8405 7868 8448 8091 8533 7937 8252 8526 7965 8588 7968 8814 8264 8020 8136 8255 8623 8097 7916 7736 8435 8130 8578 8317 
8576 8502 8571 8197 8923 8427 8056 8086 8247 8257 8597 8447 8508 8094 8908 8327 9045 8262 8896 8049 8493 8511 8593 8627 8218 8361 8638 8406 7900 8842 8556 8566 8401 8124 7955 8814 8946 8370 8431 8709 8480 8474 8423 8781 8333 8067 8341 8115 8539 8496 9168 8895 8563 8435 8066 8235 8456 8232 8145 8402 8184 8658 8472 8657 8546 8473 8411 8173 8436 8593 9180 8647 8767 8285 8253 8617 8313 8593 8335 8762 8461 8520 8885 8830 8048 8978 8923 8406 8933 8351 8570 7935 8442 8583 8158 8751 8488 8208 8328 7464 8065 8377 7577 8634 8278 8562 8108 8374 8587 8056 8404 8732 8136 8149 8237 8539 8860 8249 8379 8177 8852 8203 8183 8154 8131 8724 8466 8301 8684 8490 8423 8384 8030 8773 8074 8815 8458 7569 8120 8291 8479 8760 8413 8192 8430 8898 7973 8326 8341 8812 8242 8613 8447 8583 8552 8316 8809 7878 8511 8681 8605 8560 8943 8574 8196 8128 8316 8513 8393 8047 8342 8744 8018 8177 8107 8082 8340 8199 8642 8761 8243 8361 8685 8601 8238 8390 8452 8528 9055 8201 8350 9190 8655 8897 8893 7580 8822 7937 8311 9698 8653 8196 8466 7914 8534 8368 8760 8412 8031 8540 8707 8358 8697 8388 8268 8249 8475 8817 8242 8638 8621 8332 8243 8748 8059 8563 8620 8869 8700 8355 8332 8750 8621 8180 8408 8882 8558 8431 8656 8143 8831 8223 8068 9107 8453 8190 8468 7736 8042 8658 8011 8217 8379 8285 8649 8526 8280 8473 8639 8774 8377 8265 7919 8576 8222 7872 8710 8012 8070 8216 8185 7962 8226 8131 8402 8760 8654 8484 8051 7614 8734 8506 8450 8468 7974 8190 8297 8993 8105 8574 8725 8573 8184 8487 7819 8068 8211 8620 8229 7934 8576 8338 8494 8441 8646 8412 8256 8767 7846 8308 8973 8725 8604 8728 8189 8740 8117 8386 8563 8631 8414 8913 8167 9048 8155 8545 8265 8787 8044 8537 8270 8478 8672 8844 8459 8719 8543 8421 8335 8586 8150 8157 8117 8416 8303 8129 7999 8671 8192 8548 8074 8284 8421 8908 8091 8711 7832 7987 8625 8421 8588 8645 8812 8186 8114 8873 8498 8138 8991 7917 8458 8387 7827 8175 8185 8396 8445 8147 8286 8398 8324 8243 8367 8499 8138 8467 8185 9076 8580 8171 8717 8601 8489 8446 8456 8417 8298 8141 8814 8679 
8004 8074 7937 7735 8707 8087 7915 7981 8220 7834 8159 8352 7763 7778 8583 8129 8692 7764 8627 7700 7835 8215 8432 8069 7994 7971 8142 7884 7928 8305 7876 7991 8097 7953 7972 8321 8329 8072 8379 8117 7847 8186 8000 8160 8249 7299 8131 7319 7807 8346 8799 8350 8266 7919 7815 7750 7895 7966 8061 8377 8030 8214 8198 8054 7773 7663 7832 7787 7821 8112 8598 7967 8055 7838 7598 8449 8242 8206 7488 8210 8035 8138 8482 8510 7857 8725 8517 8074 8348 8440 8395 7788 8290 8207 7794 8251 8263 7776 8029 7593 7756 8109 7123 7803 7619 7843 7643 8100 8191 7957 7994 7872 7827 7847 8303 8053 8454 7718 8191 7389 8417 7800 7473 8017 7793 8265 8060 8319 8121 8036 7898 7935 7697 8416 7971 8001 8141 7377 7950 7603 8033 7911 8442 8063 7874 8218 7557 8155 8010 8143 7883 8172 8117 8175 8212 7926 8453 7715 8348 7999 8184 7876 8428 7952 7989 7739 8042 7868 8461 7639 7982 8486 7657 7827 7335 8107 7840 7705 8323 8417 8214 8049 8403 8152 7863 7974 8041 8205 8353 8035 7762 8980 7925 8545 8599 7439 8178 7709 7907 8516 8094 8146 7688 7431 7942 8035 8452 7979 7895 8427 8309 8098 8184 7961 7597 7329 7803 7992 7605 8284 7945 8310 7899 8269 7746 8442 8636 7878 8273 7900 7889 8034 7859 7847 7923 8180 8345 8000 7843 7429 8226 7898 7778 8632 7984 7482 7727 7617 8034 8038 7679 7897 8213 8051 8625 8145 7916 8237 8170 8197 7590 7863 7606 8184 7896 7736 8580 7953 8073 7647 7761 7725 7974 7977 7712 7987 8395 8301 7741 7304 8536 7963 8355 8277 7852 7853 7930 8596 8045 8148 8247 8129 7771 8234 8004 8230 7814 8011 7953 7885 8057 8008 8087 7869 8228 7759 8226 8321 7690 7726 8420 7584 7958 8367 8154 8667 8061 7736 7709 7989 7955 8265 8181 8437 7653 8215 7947 8421 7914 7841 8050 8533 8401 8342 8219 8381 8138 8021 7971 7852 7810 8085 7864 7849 8091 8096 7677 8456 7966 8215 7725 7647 7920 8741 7881 8257 7782 7729 8153 7815 8404 7725 8151 7918 7838 8192 8304 8001 8484 8067 7884 7755 7750 7837 7794 8505 8289 7875 8261 7520 8163 7774 8039 8076 7658 8389 7986 8241 7802 7981 7834 8114 8079 7899 8314 7795 7845 7571 8245 8452 
8069 8088 8242 7961 8420 7897 7340 7452 7884 7745 8028 8283 7897 7998 8704 7946 8418 8133 8017 7828 7798 8143 8021 7984 7606 8040 8043 8192 7632 8561 7811 8154 8007 7910 7534 8273 8633 7999 7977 8256 8059 7805 8127 8317 8071 7788 8193 7575 8157 8357 8769 8238 7858 8153 7852 7523 8273 7745 7923 8286 7746 7843 8272 8371 7873 8119 7743 7727 8151 7700 8352 7736 8304 7838 8071 8151 7397 7961 7605 8415 8124 8313 8274 8520 8027 8496 8523 8023 8425 7852 8147 7873 8288 7879 7741 8912 8150 7987 8284 7296 8005 7713 6959 7948 7770 7626 7852 7858 8495 8003 7795 8162 7713 7687 7645 8371 8208 7899 7911 7716 8604 7816 7618 7830 8038 7981 7918 8075 8167 7837 7653 8059 7519 8341 7786 8173 8335 7081 8114 7847 7902 8189 8011 7943 7901 8356 7406 7645 8353 8080 7612 8521 7683 8026 8277 7905 8378 7389 8265 7982 8162 8269 8472 7774 7674 7853 7797 8142 8086 7436 7907 8486 7694 7609 7463 8011 7813 7532 7951 8419 7953 7807 8092 8275 7622 7466 8215 7992 8398 7694 7814 8826 8210 8591 8418 7073 8584 7965 8041 8683 8088 8055 8316 7565 7854 7757 8117 7818 8103 7961 8081 7841 8194 7821 7732 7798 7525 8151 7336 8105 7837 8042 7952 8550 7746 8251 8595 8553 8208 8035 7909 8423 8005 8128 7653 8535 8048 8036 8222 7606 8044 8020 7762 8234 7959 7580 7900 7438 7605 8048 7707 8137 8304 7934 8122 8132 7927 7841 8104 8549 7709 7660 7551 7957 7614 7578 8572 7544 7903 7909 7718 7341 7970 7924 7910 8353 7943 7785 8067 7240 8061 7940 8075 7850 7520 7820 8121 8304 8006 8064 8542 8153 7995 8143 7754 7932 7741 8324 7671 7982 7915 7806 7820 8208 7969 8147 8102 8166 7852 7653 8426 7622 8163 8133 7648 8402 7872 7753 8082 8211 7890 8418 8011 8339 7571 8119 7908 8177 7912 7890 8101 8171 8258 8312 7660 8327 7842 8138 7819 8027 7544 8126 7662 8141 7721 7586 7793 8089 7814 8042 7835 7808 8122 8339 7456 8279 7749 7597 8228 7925 8434 7799 8508 7820 7937 7729 7993 8091 8080 7370 8059 8163 7439 7610 7999 8201 8085 7687 8140 7855 8084 7608 8032 7827 7933 8284 7819 8420 8100 8107 8132 7697 8004 7399 8031 7339 7925 7551 8112 8515 
7896 7704 7954 7625 8397 7795 7718 7462 7811 7683 7937 7995 7751 7709 8447 7922 8395 7869 8014 7329 7781 7945 8077 7771 7571 7653 8133 7743 7734 8412 7692 7879 7951 8075 7297 7823 8085 7837 7736 8182 7860 7972 7926 8079 7933 7518 7934 7402 7901 8150 8401 8400 8009 8196 7886 7462 8043 7843 7521 8191 7688 7974 8155 8051 7984 8095 7966 7463 7853 7859 7817 8172 8015 7668 7481 7637 7780 8044 7457 8083 8216 7993 8208 8045 7890 8171 8160 7975 8315 7990 8131 7442 8096 7714 8001 8473 7843 7873 8067 7134 7344 7839 7021 7808 7664 7901 7831 8135 7812 7853 7884 7736 7599 7626 7406 7792 8127 7222 7967 7593 8154 7795 7882 7579 7579 8279 7803 7973 7831 7812 8036 7810 7946 8261 7582 8310 7701 7059 7652 7682 7749 8130 7923 7800 7833 8278 7604 8073 8136 8149 7352 8351 7852 7609 7988 7496 8550 7112 7840 8144 8232 7792 8221 7612 7570 7959 7357 7970 7938 7480 7899 8214 7217 7921 7527 7749 8163 7539 7898 8145 7947 7774 7918 7889 7676 7584 8193 7537 8305 7565 7739 8319 7926 8536 8348 6906 8200 7578 7820 8449 7984 7628 7816 7589 7449 7444 8034 7433 7630 7886 8032 7735 8208 7682 7665 7629 7611 7704 7360 7919 7771 7902 7892 8219 7525 8399 8142 8287 8052 7868 7727 8293 7591 7684 7465 8154 8290 7392 8252 7332 7917 7663 7690 8276 7710 7302 7829 7082 7241 8158 7444 8094 7833 7999 8190 7929 7539 7519 7697 7980 8037 7898 7494 8035 7772 7344 8583 7524 7650 7588 7484 7511 7667 7785 7877 8277 8055 7800 7614 7227 7924 8072 7520 7534 7360 7774 7862 8180 7714 7802 7895 8223 7638 7803 7397 7823 7796 8210 7445 7582 8041 7859 7505 7702 7660 8149 7822 7772 7998 7610 8301 7467 7864 8065 7415 8126 7750 7694 7952 7933 8046 8349 7770 8244 7623 8040 8057 7944 7716 7640 7801 7909 7934 7943 7668 8020 8015 7967 7811 7627 7878 8085 7588 7858 7973 7834 7543 8093 7551 8064 7682 8120 7884 8612 7471 7956 8137 7403 8033 7624 8243 7810 8252 7775 7449 7918 7561 7766 7980 7370 8041 7975 7510 7756 7636 8120 7887 7404 8011 8216 7792 7308 7671 7971 7990 7974 7528 8443 7656 7622 7995 7911 7942 7661 7629 7293 7925 7625 8034 8098 
8409 8428 8428 8716 9119 8472 8189 8117 8623 7902 8526 8553 7960 8123 8904 8421 8922 8293 9025 8208 8468 8624 8662 8404 8565 7846 8613 8417 8122 9003 7910 8500 8304 8538 8339 8533 9021 8186 8282 8652 8244 8451 8550 8560 8517 7831 8270 7496 8357 8413 9301 8893 8641 8167 8331 7988 8447 8383 8606 8513 8578 8404 8101 8616 8276 8395 8127 8343 8062 8161 8401 8628 8468 8266 8179 8491 8321 8538 8060 8783 8209 8430 8844 8535 8044 8638 9126 8755 8977 8649 8892 8097 8753 8304 8160 8939 8809 8591 8354 7785 8255 8231 7880 8572 8107 8346 8038 7929 8483 8395 8519 8595 8267 8236 8659 8267 8718 8050 8660 7756 9069 8022 8104 8441 8548 8706 8410 8652 8432 8166 8565 8208 8193 8899 8216 8563 8560 7671 8382 8018 8104 8287 8390 8532 8142 8661 7859 8278 8463 8362 8255 8753 8312 8121 8907 8393 9057 7575 8740 8320 8460 8390 8911 8596 8070 7617 8080 8426 8272 8198 8225 8754 7797 8380 7948 8025 8318 7959 8342 9115 8568 8630 8416 8879 7997 8154 8576 8442 8690 7920 8505 8964 8624 9088 8933 7877 8741 8073 8295 8582 8575 8367 8649 7928 8104 8060 8140 8300 8031 8147 8504 8438 8655 8345 8061 8075 8553 8533 8070 8570 8374 8504 8177 8731 8092 8912 8829 8410 8960 7893 8413 8802 8242 8403 8199 8832 8485 8150 8328 7929 8546 8160 8204 9129 8525 7761 8011 7965 8182 8573 8275 8262 8726 8208 8429 8420 8218 8348 8363 8228 8483 8156 8006 8472 8010 8221 9107 7912 8023 7724 8225 7847 8239 8660 8342 9098 8571 8981 8389 7937 8671 8556 8363 8369 8058 8224 8223 8654 8509 8508 8571 8531 8447 8319 8076 8262 8598 8244 8200 8239 8400 8165 7958 8499 8375 8328 8466 8592 8347 8163 9026 8144 8226 8594 8410 9014 8013 7913 8897 8294 8806 8585 8138 8723 8185 8552 8334 8513 8372 8298 8269 9090 8441 8702 8146 8697 8256 8810 7917 8154 8140 8412 7857 8471 8359 8243 8294 8831 8297 8377 8137 8305 8375 8918 7746 8801 8178 8288 8562 8312 8651 8829 8494 8277 8348 8771 8455 7781 8830 8279 8328 8546 7654 8198 7886 8567 8536 7891 8800 8278 8257 7798 8414 8473 8212 8683 8305 8821 8570 8278 8132 8610 8217 8548 8572 7988 8508 7903 8861 8660 
7777 7752 7984 7531 8516 7836 7295 7582 8114 7674 8223 8318 8063 7634 8490 7822 8537 8103 8417 7685 7891 7991 8152 7725 7787 7726 8010 7874 7838 8640 7988 7800 8142 7896 7634 8102 8355 7891 8105 8067 8236 7907 7824 7860 7984 7710 8189 7324 8170 8181 8643 8268 8115 8059 8021 7588 7983 8160 7871 8536 7941 8107 7825 8071 8011 7828 7956 7861 7751 7592 8368 8482 8124 7770 7389 8155 7869 8026 7925 8266 7687 8219 8309 8134 7842 8760 8513 7957 8251 7982 8279 7647 8139 8056 7561 8531 8312 7933 7593 7557 7878 8015 7191 8022 7974 8113 7762 7898 8156 7525 7924 8242 7890 7856 7762 8394 8460 7860 8193 7632 8359 7884 8035 7684 8032 8048 7739 8103 8152 7652 8116 8224 7519 8336 7527 8440 7821 6905 7499 7825 7926 8104 8170 7800 7681 8284 7535 7629 7913 7893 7693 8268 7752 7721 8049 7894 8424 7497 8382 8074 8309 8070 8051 8078 7605 7984 7881 7989 8000 7737 7985 8464 7599 7733 7673 7932 7938 7931 8180 8533 7903 7852 8274 8186 7971 7694 8209 8037 8487 7721 7689 8753 8118 8382 8279 7397 8268 7564 7843 8404 8284 8225 8339 7270 8052 7881 8167 7917 7817 7980 8219 7715 8190 8048 7916 7755 7674 8112 7743 7885 8050 8093 7873 8471 7735 7963 8424 8451 8219 7689 7538 8262 7730 7550 7638 8208 8009 8093 8151 7706 8188 7607 7956 8767 8078 7556 7945 7677 7649 7928 7427 7990 8412 7849 7888 8339 7701 7725 8236 8259 7861 7858 7551 8008 7541 7516 8663 7430 7975 7539 7867 7322 8017 8109 7771 8193 8210 8024 7932 7543 8124 7930 7917 7849 7516 7551 7727 8351 7853 8180 8186 8228 7978 7984 7633 8018 8104 8137 7713 8005 7967 8069 8138 8023 8226 8085 8190 8062 7891 7393 8729 7760 8186 8311 7921 8256 7614 7738 7963 7833 8170 8355 8147 8361 8027 8321 8081 8303 7675 7906 7722 8310 8159 8118 7541 8248 7867 8001 7662 7941 7857 7956 7327 7888 7823 8044 7816 8213 8079 8332 7584 7820 7931 8502 7755 8142 7821 7816 8020 7953 8176 8095 8028 7798 7737 8211 7760 7779 8187 7599 7993 7774 7546 7381 7841 8259 7955 7977 8270 7682 8061 7417 7706 7804 7854 7885 7922 8488 8032 7681 7981 8129 7848 8088 8112 7482 7876 7236 8354 8144 
8234 8248 8710 8151 8909 8521 8097 8084 8652 8476 8530 8483 8374 8155 8807 7876 8605 8430 8945 7669 8470 8268 8225 8288 8197 8266 8647 7855 8268 9104 8522 8416 8247 8054 8254 8761 8709 8461 8692 8373 8757 8244 8673 8477 8381 8008 8289 8062 8254 8673 9042 8696 8399 8487 8336 8329 8217 8358 8246 8163 8028 8658 8611 8454 8506 8268 8524 7851 8172 8304 8619 8515 8397 7854 8404 8274 7862 8429 7966 8776 8347 8415 8770 8851 8195 9062 8997 8410 9259 8651 8523 8066 8733 8456 8123 8670 8584 8313 8373 7808 8290 8279 7318 8334 8230 7999 7864 8221 8661 8083 8030 8492 8285 8511 8557 8304 8426 8183 8202 7865 8855 8128 7967 8293 8299 8467 8185 8092 8300 8345 8316 8049 8038 8719 7972 8581 8282 7519 7916 8153 8227 8364 8189 8492 8070 8293 7882 8241 8321 8777 7877 8783 8276 8491 8648 8012 8697 7651 8802 8375 8423 8347 8805 8363 8199 8108 8274 8446 8479 7983 8149 8737 7792 8196 7933 8432 8160 8282 8398 9078 8256 8297 8691 8727 7626 8024 8728 7989 8847 8032 8639 8953 8681 8875 8737 7620 8960 7650 8486 9186 8407 8482 8462 8324 8189 8470 8485 8150 8273 8237 8482 8093 8637 8379 7968 7854 8330 8481 7701 8678 8342 8504 8382 8410 8157 8463 8642 8406 8376 8157 8098 8740 8314 8217 7801 8527 8204 8139 8759 7867 8596 8021 8168 8882 8167 7839 8319 7968 8104 8504 8171 8267 8508 8375 8836 8471 8128 8193 8340 8500 8029 8413 7979 8339 7715 8102 8824 7881 8369 8115 8166 7738 8264 8255 8319 8778 8481 8536 8225 7457 8400 8235 8326 8121 7811 8222 8364 8329 8139 8633 8750 8393 7957 8368 7747 8129 8205 8416 8056 8378 8375 8458 8179 8524 8691 8159 8168 8514 8257 7996 8730 8145 8425 8892 8431 8711 7923 8083 8360 8685 8867 8495 8329 8919 7941 8327 8423 8661 8020 8199 8292 8391 8346 8759 7858 8618 8271 8619 8015 8169 7987 8323 8116 8342 8428 8581 7690 8888 8309 8365 8059 8311 7933 8853 8005 8383 8203 7997 8493 8440 8338 8153 8268 8125 7860 8520 8325 8127 8463 8323 8329 8186 7777 7917 8095 8413 8643 8004 8330 8024 8313 8071 8454 8219 8076 8228 8363 9140 8441 8303 8369 8254 8483 8395 8156 8162 8240 7622 8678 8615 
8082 8131 7980 8053 8674 7743 7809 7815 8289 8267 8288 8328 7819 7780 8682 8130 8532 7738 8703 7694 7916 8164 8823 8195 8235 8143 8377 7982 8368 8578 7896 8392 8099 8030 7634 8480 8517 8058 8208 8315 8399 8152 8173 8372 8088 7775 8219 7420 8016 8268 8801 8406 8381 8197 7952 7782 8280 8135 8017 8351 8187 8296 7944 8253 7990 8226 8072 7978 7856 8144 8335 8202 8346 7874 7811 7966 7860 8482 7726 8140 7979 8307 8072 8443 8173 8554 8603 8149 8654 8491 8553 7579 8153 8070 8194 8656 8447 7921 8294 7580 7796 8107 7183 7963 8275 8111 7886 7992 8355 7863 7982 7937 7866 8253 8141 8426 8102 7714 8250 7742 8650 7877 7894 7759 7983 8495 8103 8222 8008 8088 7963 7864 7671 8400 7712 8319 8128 7453 7736 8045 8057 7896 8313 8118 8206 8327 7831 7934 8095 8252 7835 8832 7993 7793 8403 8194 8618 7436 8222 8043 8033 8217 8366 8401 8311 7986 7996 8368 8316 7726 8315 8238 7692 7756 7735 8255 7901 7876 8160 8274 8353 8045 8492 8131 7596 7752 8319 8071 8311 7895 7977 8721 8274 8758 8430 7437 8283 7881 7991 8867 8449 7960 7936 7358 8074 7990 7927 7590 7814 8380 8517 7901 8462 7987 8062 7441 7965 8213 7662 8279 8152 8040 8142 8170 8135 8619 8719 8057 8442 7955 8203 8633 8107 7885 7477 8602 8255 8198 8640 7746 8007 7729 7963 8700 8056 7559 7874 7287 8071 8500 7690 7618 8481 7931 8227 8540 7981 8120 8184 8368 7891 8039 7628 7976 7927 7609 8556 7680 7914 8217 8011 7559 8172 8163 8171 8583 8073 8477 8219 7687 8285 8284 7844 8144 7759 8089 7873 8213 8109 8286 8647 8324 8149 8512 8079 8340 8304 8205 8032 7951 8476 8065 8105 8449 8335 8128 8107 8332 8035 7986 8596 7717 8539 8640 8277 8555 7833 7913 8226 8309 8392 8502 8203 8938 7801 8104 8157 8155 7957 8147 8204 8301 8250 8558 8018 8452 8057 8291 7775 8338 8102 8127 7825 8192 8159 8153 7668 8472 7886 8185 7828 8222 7947 8823 7986 8208 7897 7994 8201 8087 8574 8086 8087 7833 7581 8153 8143 7815 8481 7774 8191 8205 7765 7856 7593 8377 8081 7833 8424 7725 7931 7529 8108 7989 8149 8523 8272 8403 7877 8095 8118 8284 8127 7777 7991 7621 8116 7560 8439 8619 
8122 8112 8244 8413 8737 8308 7987 8173 8309 8014 8327 8640 7826 8315 9079 8540 8904 8159 8686 7997 8346 8541 8310 8455 8304 8267 8480 8421 8275 8917 7900 8439 8440 8575 8006 8552 8726 8355 8472 8832 8464 8437 8411 8483 8189 7913 8235 7966 8534 8759 8837 8838 8703 8712 8586 7824 8454 8141 8454 8226 7973 8583 8607 8305 8560 8571 8449 8201 7870 8228 8717 8499 8825 8186 8336 8167 7798 8519 7839 8923 8306 8673 8833 8729 8253 8444 9176 8282 8731 8535 8634 8026 8572 8004 8140 9096 8239 8096 8263 7586 7811 8527 7368 8259 8096 8443 7831 8049 8628 8171 8092 8933 8238 8118 8206 8341 8448 7772 8309 7891 8631 8202 8110 7975 8096 8525 8275 8425 8174 8051 8512 8359 8037 8567 8101 8567 8580 7395 8360 8149 8369 8460 8367 8121 8375 8682 7719 7935 8604 8774 7917 8526 8366 8105 8422 8003 8487 7606 8324 8510 8536 8399 8935 8523 8104 8361 8015 8147 8476 8140 8511 8696 8080 7909 7807 8085 8099 8000 8350 8849 8603 8220 8622 8795 8229 8265 8926 8374 8977 8261 8434 9000 8703 8936 8959 7731 8642 8000 8313 9074 8492 8534 8450 7541 8194 8468 8454 7875 8211 8332 8814 8393 8572 8319 7907 8136 8290 8542 7899 8475 8200 8426 8271 8661 8151 8769 8400 8639 8288 8277 8418 8203 8528 8144 8254 8721 8635 8357 8419 8066 8509 7745 8089 9058 8605 8019 8177 7529 8138 8304 8104 8222 8546 8288 8677 8356 8370 8417 8392 8957 8193 8261 8053 8156 7893 7924 8699 7855 8445 8210 7947 8348 8133 8183 8315 8715 8245 8228 8311 7592 8573 8368 8795 8535 7852 8281 8266 8551 8087 8640 8923 8456 7962 8516 8088 8436 8399 8417 7936 8394 8488 8057 8371 8050 8536 8597 8301 8448 8305 7972 8818 8221 8446 8644 8497 8724 7959 7954 8213 8147 8552 8318 8458 8975 8074 8700 8198 8414 8054 8139 8344 8876 8357 8446 8210 8591 8471 8579 8144 8243 8280 8339 7860 8179 8180 8136 8048 8634 8159 8297 8102 7916 8493 8800 7825 8630 7937 7988 8714 8317 8793 8352 8751 7951 8016 8458 8089 8313 8354 8043 8519 8363 7889 7715 8222 8529 8442 7956 8213 8211 8323 7900 8456 8514 7979 8391 8334 8949 8405 8309 8405 8221 8421 8247 8375 7914 8034 7970 8922 8528 
7865 8140 7900 8132 8662 7989 7637 7888 8111 7854 8588 8526 7970 7933 8787 7992 8411 8192 8438 7846 8245 8279 8310 8127 8186 7599 8022 8014 8054 8831 8322 8284 8314 8011 8025 8357 8739 8400 8254 8809 8377 8126 8161 8223 7925 7927 8060 7490 8034 8479 8701 8464 8198 8071 8176 7709 8125 8190 7987 8274 7942 8418 8236 8301 8163 7753 8073 7905 7969 8221 8090 8475 8389 7993 8080 8303 7696 8671 8059 8578 8340 8224 8244 8286 7893 8895 8539 8054 8332 8254 8491 7827 8238 8124 7970 8665 8225 8185 8058 7569 7891 8039 7307 7787 7880 8118 7870 8080 8431 7726 7691 8087 8000 7983 7991 8365 8360 7933 8235 8008 8759 7818 7819 7761 7987 8166 8175 8169 8113 8019 8082 8327 7987 8531 7605 8395 8349 7155 7675 7665 8104 8290 8124 7994 7898 8726 7938 7732 8346 8669 8106 8658 7890 7772 8494 8032 8479 7763 8260 8564 8566 8502 8635 8062 7962 8233 7687 8321 8455 7760 8334 8477 8046 7598 8007 7664 8225 7718 8219 8507 8012 7881 8187 8310 7995 7623 8429 8037 8465 7842 8339 9107 8242 8950 8526 7234 8601 7911 7999 8803 8243 8097 8299 7422 7994 8330 8574 8225 7993 8362 8352 7834 8623 8254 7615 8139 8127 8305 7829 8335 8314 8327 8226 8522 7828 8450 8593 8528 8506 8161 7404 8437 7947 8054 7983 8891 8236 8044 8361 7842 8380 7839 8008 8660 8147 7852 8072 7523 7685 8095 7387 7928 8532 8001 8265 8407 7702 8411 8132 8386 7876 8125 7686 8352 7480 7739 8834 7697 8040 8138 7773 7759 7981 8057 8381 8362 8269 8217 8044 7618 8320 8109 8169 7969 7761 8043 8049 8433 8093 8130 8248 8480 8015 8146 7916 8155 8196 8101 7805 8034 7946 8296 8163 8241 8429 8282 8210 8053 8179 8186 8676 7883 8692 8491 8400 8686 7951 8122 7977 7905 8362 8874 8353 8369 7716 8115 7806 8434 7744 8271 8189 8377 8362 7941 8066 8532 8232 8444 7596 8509 7962 8357 7753 8323 8271 8227 7850 8402 7968 8339 7883 8441 8006 8711 7541 8657 8062 7861 8553 7899 8463 8311 8453 8069 7681 8369 8061 8043 8283 7818 8009 7767 7749 7887 7798 8498 8264 7922 8307 8029 8567 7777 8213 8075 8172 8061 7891 8636 8260 7986 8044 8292 8017 7933 8267 7785 8271 7888 8460 8145 
8231 8295 8131 8001 8458 8109 7527 7864 8318 8256 8388 8252 8034 7788 8789 8146 8626 7832 8444 7543 8121 8368 8436 8055 7624 7959 8290 8118 8106 8758 7764 8135 8098 8011 7617 8353 8576 8128 8385 8414 8192 8333 8539 8212 8193 8084 7780 7779 8057 8379 9116 8506 8460 8398 8151 7901 8336 8037 8061 8289 7864 8482 7721 8326 8249 8023 8119 8116 7976 8087 8180 8623 8178 7936 7611 7941 8045 8352 7648 8507 8288 8356 8358 8549 8085 8617 8652 8189 8364 8241 8496 7989 8588 7990 8108 8831 8106 8391 8064 7638 8081 8067 7456 8006 7979 8346 8293 7919 8281 7817 7876 8287 7931 8055 8203 8487 8557 7766 8134 7759 8605 7605 8115 8111 7982 8658 8074 8293 7808 7930 8043 8157 7731 8629 7767 8720 7921 7223 7870 8013 7900 8073 8464 8172 8233 8574 7847 7846 8477 8432 7898 8523 8161 7713 8684 8168 8853 7614 7905 8579 8070 8381 8686 8500 7829 8031 7968 7999 8440 7581 8268 8414 7625 7549 7699 7860 8260 7920 8574 8582 8103 7795 8443 8551 8006 7745 8248 7929 8396 7757 8131 8567 8235 8718 8460 7413 8341 7927 7921 8545 8240 8264 8202 7539 8292 7905 8030 7827 7879 8281 8335 8215 8400 7992 7611 7741 7963 8312 7751 8323 8267 8049 8063 8400 7352 8608 8307 8072 8210 8262 8145 8661 8029 7871 7894 8698 8166 8043 8406 7632 8159 8327 7790 8357 8224 7482 7878 7523 7741 8352 7561 8433 8526 8038 8242 8199 7486 7828 8270 8575 8107 7913 7659 8093 7909 7409 8804 7516 7655 8022 8199 7773 8351 8565 7995 8319 8338 8517 7932 7743 8313 8091 8090 8205 7601 7720 7896 8525 8000 8409 8308 8305 7817 8373 7967 8110 8126 8160 7819 8049 8190 8101 8126 8137 8445 8491 8298 8462 8093 7904 8522 7821 8250 8437 8098 8442 7896 8018 8203 8250 8632 8601 8240 8670 7977 8129 8238 8269 8189 8122 8428 8617 8291 8042 7813 8458 8272 8248 7730 7995 7791 8402 7759 7823 8017 8254 7651 8138 8105 8049 8126 7982 8204 8904 7586 8571 7990 8031 8170 8303 8343 8211 8229 7762 7928 8217 7846 8040 8351 7973 7924 8170 7546 7808 7852 8414 8049 7743 8207 7923 8479 8000 7941 8340 8014 8562 7883 8644 8368 7921 7731 8068 8139 8229 8156 7586 7979 7820 8466 8611 
7563 7266 7469 7719 8024 7406 7352 7607 7818 7279 7804 7441 7443 7546 8169 7536 8161 7229 8001 7239 7556 7803 7706 7727 7717 7518 7614 7318 7598 8346 7519 7742 7446 7997 7375 7996 7966 7897 7831 7949 7847 7411 7566 7461 7462 7329 7752 6999 7830 7716 7987 7969 7727 7899 7544 7083 7567 7619 7852 7410 7445 7598 7647 7748 7694 7764 7630 7368 7443 7378 7672 7800 7814 7422 7151 7750 7460 7912 7254 7609 7439 7760 7948 7998 7436 8211 8001 7691 8046 7322 7970 7442 7802 7384 7421 8225 7898 7887 7753 6822 7686 7257 6599 7670 7587 7468 7443 7493 7832 7488 7611 7891 7413 7517 7894 7648 7894 7338 7632 7045 8078 7670 7253 7561 7485 7541 7508 7669 7546 7398 7816 7506 7398 7913 7159 8038 7613 7036 7169 7083 7516 7650 7866 7576 7475 7714 7375 7479 7766 7577 7528 7840 7186 7732 7647 7735 8104 7066 8180 7763 7613 7651 8035 7548 7210 7650 7351 7869 7682 7357 7562 8054 6891 7619 7052 7582 7462 7182 7848 7867 7584 7163 7981 7759 7309 7209 8195 7389 8228 7316 7524 8131 7519 8221 7904 7152 7883 7052 7575 8335 7849 7536 7633 7196 7593 7076 7579 7588 7373 7767 8164 7201 7834 7365 7389 7173 7710 7610 7268 7575 7492 7395 7498 7949 7281 8024 7876 7799 7917 7317 7258 7862 7284 7321 7356 8229 7646 7614 7566 7228 7938 7425 7315 8153 7876 7100 7453 7117 7811 7681 7388 7472 7827 7424 7793 7815 7378 7774 7797 7855 7476 7488 7038 7742 7223 7327 8093 7566 7581 7272 7352 7208 7615 7629 7643 8135 7650 7876 7425 6976 7966 7540 7574 7762 7259 7776 7777 7725 7287 7673 8008 7881 7804 7784 7099 7764 7577 7738 7301 7660 7684 7794 7331 7515 7765 7673 7784 7904 7703 7482 8185 7307 7375 7807 7452 7966 7346 7407 7784 7586 7833 7977 7534 8491 7362 7836 7378 7885 7454 7591 7268 8198 7562 7736 7414 7832 7636 7623 7237 7656 7463 7946 7324 7527 7552 7874 7375 7637 7867 8303 7462 7212 7295 7877 7597 7942 7728 7426 7740 7453 7920 7743 7741 7247 7244 7780 7435 7560 7934 7186 7518 7380 7124 7230 7554 7811 7796 7421 7784 7513 7578 7481 7757 7481 7526 7662 7332 8328 7471 7641 7621 8265 7808 7356 7599 7278 7580 7480 7856 7828 
8221 8255 8375 8037 8688 8195 7909 7906 8363 8090 8201 8329 7967 7931 8744 7774 8857 8028 8775 7646 8372 8401 8286 8144 7946 7891 8571 8299 8337 9077 7956 8464 8090 8102 7892 8453 8808 8416 8169 8873 7963 8365 8403 8374 8209 8179 8309 7657 8214 8624 9138 8096 8152 8333 8081 7599 8100 8311 8087 8291 8190 8679 8342 8175 8268 8613 8171 7945 8088 8353 8679 8395 8742 7780 7589 8464 8076 8301 8200 8418 8167 8504 8598 8363 8105 8626 8681 8287 8607 8186 8588 7923 8520 8194 8168 8744 8197 8630 8484 7590 8010 8064 7294 7828 7790 8071 7742 8325 8242 8259 7999 8378 7985 8085 8341 8269 8340 7800 8255 7960 8522 8132 7905 7985 8241 8465 8182 8322 7990 8131 8114 8028 8027 8871 7687 8306 8081 7248 8216 7841 8460 8272 8607 8109 8015 8602 7925 8006 8380 8487 7884 8709 8034 8363 8475 8098 8529 7863 8537 8242 8532 7990 8987 8251 7893 8184 7807 8229 8375 7826 8018 8463 7801 7869 7734 7949 8112 7652 8061 8526 8436 7961 8432 8522 8149 7667 8357 7853 8932 7756 8178 8772 8237 8849 8804 7692 8220 7858 8031 8904 8279 8484 7994 7827 8240 7941 8330 7892 8326 8137 8522 7958 8233 8161 8259 7751 8044 8239 7953 8474 8215 8575 8313 8645 7839 8597 8323 8339 8317 7875 8040 8380 7998 7883 7898 8362 8383 8043 8600 7997 8633 8184 8101 8623 8165 7677 8013 7575 7981 8633 7952 8082 8619 8110 8260 8277 8113 8187 8383 8540 7923 7891 7697 8103 7769 7742 8859 8057 8173 7844 8141 7403 8221 8025 8204 8766 8040 8321 7974 7577 8360 8241 8551 8311 7738 7894 8020 8298 7948 8528 8394 8052 7947 8380 7841 7990 7896 8503 7842 7792 8265 8205 8250 8128 8843 8378 8307 8419 8243 7640 8631 8203 8093 8659 8159 8654 8047 8075 8194 8162 8392 8447 8271 8592 7744 8080 8313 8654 7961 7960 8129 8325 8123 8480 7976 8402 7940 8575 7874 8237 8218 8267 7763 7939 8285 8258 7672 8083 8192 8122 7994 8029 8274 9202 7947 8601 8081 8347 8195 7801 8478 8461 8800 8122 7937 8554 8520 8372 8117 8065 8025 8167 7859 7854 8100 8429 8310 7791 8340 8072 8229 7877 8362 8168 8069 8364 8090 8608 8170 8188 8344 8291 8039 7821 7944 8025 8299 7732 8470 8639 
7693 7829 8113 7805 9021 7912 7510 7473 7917 7733 8068 8365 7952 7760 8621 7925 8413 7693 8385 7609 8143 8104 8327 7709 7706 7803 8329 7708 7675 8500 7826 7994 7802 7928 7735 8170 8781 8334 8166 8128 8055 7896 7990 8204 7878 7787 7666 7648 8247 8176 8746 8476 8123 8119 7736 7498 8305 7812 8117 7919 7441 8077 8054 7974 8129 7860 7791 7427 7647 7859 8350 8188 8397 7770 7570 8071 7727 8097 7425 8315 8071 8141 8384 8232 7983 8425 8402 7832 8504 8165 8422 7588 7962 7829 7698 8496 8082 8250 8317 7670 7753 7746 7208 7986 7805 8038 7688 8167 7921 7535 7607 7865 7690 7918 7964 8099 8356 7858 8103 7681 8580 7898 7575 7572 7903 8092 8022 8093 7976 7968 7908 8148 7686 8523 7845 8248 8245 7044 7689 7911 7920 8128 7941 7931 7615 8595 7514 7698 8062 8421 7480 8551 7957 7939 8393 7948 8781 7050 8252 8170 8275 8128 8177 8119 7877 7732 8022 7708 8026 7718 8196 8397 7447 7782 7557 7845 7957 7448 8185 8298 7829 8066 8052 8391 7632 7628 8335 7863 8482 7868 8140 8897 8196 8586 8650 7331 8446 7647 7959 8400 7984 8424 8164 7253 7925 8184 8101 7811 8086 7962 8318 7890 8093 8109 7456 7712 7866 8032 7591 8051 7952 7958 7977 8424 7464 8533 8282 7957 8324 7576 7930 8160 8162 7804 7613 8246 7979 7899 8046 7691 8290 7674 7848 8684 8277 7301 7873 7437 7504 8076 7805 7992 8384 8077 8110 7900 7662 7951 8088 8145 7871 7889 7443 8092 7673 7610 8682 7615 8013 7538 7565 7466 7726 7858 7904 8268 8082 7907 7466 7164 8129 8050 7948 7944 7371 7874 7798 8122 7893 8112 8427 7871 8111 8073 7632 8106 7835 8082 8121 7739 7977 8053 7865 8028 8139 7820 7834 7947 7911 7821 8187 7646 8221 8123 7915 8553 7613 7547 7896 7711 8468 8374 7963 8444 7890 8147 7961 7893 7603 8056 7636 8662 8223 7840 7888 8310 8129 8227 7548 7996 8007 7848 7779 7704 8033 8021 7782 8375 7761 8289 7806 7713 8158 8631 7789 8129 7708 7798 8287 7952 8218 8167 8097 7393 7571 8113 7746 8241 8240 7811 7794 7758 7690 7663 7756 8254 8071 7726 8031 7967 7831 7432 8149 7878 7758 8081 7836 8256 8115 8151 7831 8183 8141 7667 8074 8017 7970 7744 8234 8293 
8287 8185 8222 8168 8991 8021 7872 8103 8334 7920 8589 8830 8204 8034 8652 8141 8567 8439 8486 8211 8236 8491 8182 8033 7995 7717 8336 8267 8104 8909 7939 8431 8291 8093 8134 8287 8480 8502 8335 8353 8337 8084 8122 8397 8665 7828 8266 7849 8201 8680 8778 8151 8612 8162 8446 7677 8259 8170 8321 8657 8064 8132 8353 8308 8168 8211 8135 7898 8016 8151 9065 8561 8335 8446 7723 8131 8035 8733 7580 8433 8128 8457 8340 8729 8113 8531 8988 8196 8493 8219 8760 8177 8474 7783 7861 8701 8506 8108 8517 7815 7928 8078 7325 8251 7807 8291 7999 8350 8520 7861 8248 8473 8117 8258 8420 8171 8740 8118 8208 7836 8948 8204 7895 8276 8212 8593 7934 8196 8306 7859 8112 8194 8021 8286 8038 8282 8357 7629 7803 7611 8152 8422 8459 8431 8050 8101 7949 8195 8109 8380 7889 8582 7841 8042 8385 8159 8486 7731 8515 8655 8589 8386 8687 8227 8196 7667 8016 8143 8526 8073 8184 8391 7995 7885 7530 8211 8012 7794 8486 8473 8314 8316 8224 8694 7924 8213 8492 8148 8879 7895 8248 9134 8521 8714 8777 7467 8244 7883 8114 8865 8050 8627 8408 7788 7832 8169 8209 8122 8287 8283 8380 8259 8602 8225 7752 7667 7625 8514 7861 8343 7867 8236 8076 8540 8019 8854 8920 8339 8411 7988 8121 8651 7915 7861 7895 8962 8416 8021 8334 7847 8512 7919 8048 9036 8400 7498 7940 7621 8003 8153 7990 8040 8315 8233 8787 8288 8075 8589 8360 8582 7747 8336 7915 8151 8035 7881 8783 7864 8296 8231 7887 7721 8118 8329 8434 8866 8547 8149 8077 7495 8478 8227 8351 8200 7757 8162 8212 8707 7993 8428 8345 8640 8083 8219 7755 8262 8379 8108 7981 8256 8346 8082 8070 8200 8331 8545 8165 8335 8069 8001 8376 8137 8198 8359 8296 8611 7949 7737 7982 8041 8877 8483 8081 8547 8276 8599 7998 8487 8302 8272 7960 8720 8490 8102 7831 8550 7890 8209 7870 8272 7733 8182 7954 8135 8073 8047 7966 8507 8319 8058 7671 8285 8316 8852 7647 8586 8023 7968 8392 8191 8497 8193 8325 7947 7836 8664 8347 7985 7961 8183 7994 8373 7888 7871 8017 8406 8354 7838 8176 8149 8204 7708 8104 8528 8191 8161 8181 8796 8242 8260 8097 8153 8490 8170 8237 7613 7884 7835 8687 8291 
8314 8344 8476 8388 8668 8347 8226 8230 8275 8433 8158 8323 8520 8274 8946 8078 8772 8145 8900 8134 8373 8540 8654 8731 8197 8260 8516 8489 8254 8910 8188 8419 8372 8197 7774 8860 8769 8548 8740 8564 8394 8608 8736 8644 8074 7756 8387 8063 8449 8556 9061 8688 8727 8702 8444 7841 8186 7978 8442 8357 8386 8816 8598 8522 8222 8313 8506 8134 8182 8509 8602 8514 8651 8153 8148 8675 8051 8597 7794 8819 8266 8475 8631 8617 8364 8990 9208 8365 8845 8450 8323 8013 8773 8259 8184 9051 8660 8296 8303 7482 8141 8450 7275 8406 7870 8123 7798 8215 8595 8188 8206 8452 7907 8389 8556 8752 8796 7952 8542 7712 8667 8658 8057 8018 8519 8673 7954 8314 8453 8281 8238 8118 7739 8658 7947 8892 8416 7418 8226 8375 8228 8335 8259 8174 8295 8632 8095 8353 8222 8490 7876 8908 8353 8447 8195 8429 8830 7756 8579 8888 8689 8584 9197 8647 8123 8079 8177 8501 8606 8155 8360 8507 7713 8105 7876 8162 8222 8028 8683 8920 8514 8357 8869 8690 7848 7837 8420 8467 8692 8118 8482 9103 8555 8915 8799 7711 9011 7749 8193 8992 8438 8427 8000 7741 8575 8202 8361 8366 8518 8421 8732 8299 8757 8145 8117 8070 8114 8295 7868 8497 8461 8555 8363 8447 8071 8651 9033 8387 8521 8095 8322 8399 8096 8449 8291 8419 8395 8479 8782 7728 8436 8326 8525 9103 8320 7667 8381 7870 8373 8227 8032 8128 8874 8229 8514 8436 8150 8306 8308 8837 8094 7807 7809 8301 8088 7770 8928 7733 8141 8222 8204 7695 8223 8591 8144 8753 8257 8524 8561 7680 8581 8103 8329 8020 7815 7775 8550 8462 7995 8682 8430 8584 8149 8577 8257 8481 8374 8624 7731 8267 8356 8196 8393 8328 8592 8382 8651 8334 8154 8213 8729 8224 8612 8650 8536 8927 8038 8159 8347 8521 8654 8681 8532 9030 8137 8402 8397 8545 8087 8504 8402 8785 8726 8415 8218 8630 8106 8592 8009 8125 8007 8244 8229 8305 8251 8538 8155 8897 8414 8673 8268 8330 8296 8887 7664 8565 8209 8200 8549 8124 8804 8416 8363 8145 7879 8608 8462 8303 8678 8131 8233 8396 7992 8044 8201 8818 8591 8102 8537 8045 8282 7845 8411 8163 8036 8856 8279 8620 8388 8320 8407 8339 8474 8164 8119 7947 8381 7842 8574 8539 
7895 8032 7992 8144 8431 8070 7399 7327 8334 7741 7924 7699 7587 7636 8507 7702 8374 7490 8272 7705 7888 8018 8196 7847 7616 8022 7767 7641 7587 8499 7617 8140 7716 7926 7817 8091 8372 7920 7675 8208 7840 8142 7802 8022 7792 7558 8093 7308 7954 8162 8467 8034 8051 7859 8049 7403 7600 7857 7804 8028 7648 8217 7795 7785 7676 7840 7849 7599 7859 7872 8230 7940 7805 7562 7557 8139 7902 8069 7808 7922 7766 8100 8255 8317 7609 8585 8440 8094 8182 7791 8179 7729 8538 7363 7580 8397 7908 7994 7984 7438 7644 7493 7464 7610 7936 7661 7600 7721 8079 7663 7652 8134 7400 7833 7883 8050 7913 7862 7889 7636 8556 7929 7497 7974 7907 8138 7989 7910 7777 7803 7923 7709 7562 8442 7637 8224 7730 7015 7473 7519 7900 7719 7982 7719 7846 8307 7713 7565 8005 8297 8081 8291 8199 7768 8471 7809 8348 7711 8208 7998 8055 8033 7762 8011 7230 7671 7894 7853 7914 7330 7629 7949 7616 7705 7845 7744 7815 7486 8086 8345 7776 7605 8230 8160 7379 8116 8151 7868 8419 7541 8018 8521 7828 8525 8476 7328 7777 7589 7737 8654 7925 7722 7776 7393 8164 7688 8070 7854 7677 7763 8145 7800 8032 7692 7626 7545 7693 8164 7664 8132 7828 7869 7906 8367 7551 8150 8382 8276 8160 7655 7406 8481 7638 7453 7623 8365 8282 7930 7948 7343 8283 7955 7697 8150 7819 7291 7825 7486 7501 8065 7804 7983 8004 7693 8069 8016 7766 8162 8035 8286 7883 7799 7440 8221 7600 7630 8382 7529 7894 7456 7868 7593 7457 8223 7932 8235 7917 8107 7942 7272 8079 8108 7981 8147 7480 7964 7992 8305 7833 8183 8441 8182 7544 8059 7624 7648 7682 7901 7920 7833 7801 7682 7866 7953 8207 8072 7895 8247 7885 7387 8381 7554 7641 8235 7987 8437 7944 7806 8075 7889 8031 7811 7813 8550 7594 7984 7827 8157 7877 7841 7903 8299 8045 8333 7767 8385 7821 8010 7482 7803 7538 7979 7540 7858 7841 7619 7712 8238 7950 7957 7612 7614 7944 8868 7718 8089 7707 7545 7909 7781 8060 7930 8174 7573 7593 8144 7902 7742 8248 7604 8007 7968 7512 7521 7726 8036 8187 7559 7968 7527 7511 7580 8016 8120 7840 7882 7472 8522 7766 7621 7870 7851 7733 7878 8250 7231 7733 7643 8305 8404 
7734 7658 7800 7775 8251 7663 7365 7479 7821 7587 7842 8016 7569 7679 8227 7419 8196 7481 8000 7377 7920 8076 8151 7974 7892 7579 8022 7676 7646 8217 7618 7771 7793 7645 7561 8082 8173 7767 7860 8323 8054 7781 7893 7875 8070 7617 7955 7329 7823 8173 8419 8038 7733 7842 7493 7664 7778 7710 7673 7858 7656 8012 7695 8048 7644 7680 7707 7457 7431 7809 8013 7985 7706 7486 7597 7956 7526 7946 7491 8309 7744 8066 7887 8024 7436 8382 8186 7819 8347 7665 8087 7416 8247 7704 7769 8176 8170 7895 7647 7224 7997 7976 6776 7723 7367 7566 7652 7858 8033 7502 7471 7621 7759 7676 7992 7828 8212 7495 7764 7646 8368 7885 7598 7585 7569 8050 7400 7880 7748 7255 7731 7837 7554 8293 7612 8159 7883 6906 7821 7495 7339 8180 7557 7910 7668 7944 7535 7588 7785 7879 7572 8116 7801 7894 7947 7845 8489 7332 7864 8157 7908 7568 8288 7657 7383 7528 7848 8053 7878 7351 7679 8112 7433 7280 7127 7972 7757 7642 8063 8190 7825 7875 8011 8308 7437 7507 8046 7909 8242 7477 7587 8335 8090 8208 8269 7177 7958 7416 7864 8392 7745 7835 7722 7135 7696 7549 7728 7492 7817 7954 7832 7480 8082 7612 7193 7181 7518 8213 7692 7792 7969 7769 7580 8080 7711 7880 8010 7844 7879 7815 7822 7913 7495 7390 7291 8026 8080 7286 7965 7424 8033 7731 7587 8542 7892 7316 7524 7268 7643 7881 7393 7548 8019 7994 7872 7899 7514 7734 7652 7843 7554 7669 7113 7715 7124 7289 8243 7424 7473 7675 7524 7034 7973 8128 7641 8053 8075 7798 7610 7112 7928 7578 7710 7644 7188 7552 7391 8125 7383 8043 7860 7702 7664 7925 7210 7484 7818 7867 7721 7551 7416 8047 7663 7709 8006 7736 7975 8004 7605 7743 8341 7655 7888 7979 7747 8061 7280 7418 7503 7768 8118 7945 7882 8210 7734 8038 7667 8083 7638 7643 7659 8193 7994 8136 7381 8198 7544 7846 7711 7944 7383 7604 7747 7699 7709 7920 7301 7994 7737 7721 7155 7743 7780 8398 7371 8281 7594 7500 7992 7901 7988 7762 7893 7542 7562 8019 7930 7722 8099 7428 7546 7583 7385 7354 7703 8062 7842 7725 7954 7394 7592 7166 7672 7644 7393 7806 7714 8296 7958 7911 7726 7824 7837 7586 7861 7260 7667 7292 7954 7831 
8179 8457 8239 8116 9112 8412 7919 7945 8501 8318 8505 8719 8330 8212 8940 8146 8931 8362 8754 7911 8331 8591 9000 8506 8266 7964 8827 8337 8265 8905 8239 8387 8180 8286 8075 8511 8903 8440 8203 8640 8361 8346 8367 8953 8473 8149 8416 8288 8529 8734 9102 8415 8594 8602 8351 7867 8501 8461 8527 8685 8383 8579 8592 8625 8386 8402 8119 8217 8249 8385 8761 8484 8536 8112 8014 8444 8006 8560 8083 8870 8292 8300 8661 8665 8284 9081 9166 8799 9079 8264 8771 8005 8561 8547 8362 8708 8354 8311 8516 8016 8277 8487 7748 8038 8230 8355 8025 8835 8477 8320 8462 8380 8112 8166 8349 8656 8613 8288 8444 8038 8907 8070 7741 8480 8228 8869 8136 8363 8331 8375 8303 8265 8402 8647 8085 8541 8690 7465 7680 8080 8661 8346 8186 8454 8289 8540 8318 8451 8696 8796 7963 9000 8397 8258 8569 8255 9167 7757 8828 8403 8674 8424 8750 8555 8082 8458 8129 8278 8401 8162 8541 8523 8198 8225 8037 8590 8383 7991 8525 8713 8571 8327 8795 8556 8149 8320 8635 8261 9038 8314 8035 8839 8634 8833 8841 7731 8317 8355 8380 9144 8402 8460 8201 7968 8229 8126 8698 7829 8343 8696 8717 8437 8538 8523 8286 8025 8225 8405 8054 8706 8211 8484 8494 8739 8059 8596 8690 8675 8391 8416 8070 8637 8083 8181 8177 8843 8339 8104 8696 7716 8870 8095 8234 8903 8474 7866 8252 7539 8340 8562 8408 8076 8589 8857 8656 8578 8098 8602 8452 8598 8315 8083 7889 8700 8177 7960 8898 8169 7932 8178 8190 7950 8319 8399 8708 9113 8400 8716 8243 7707 8600 8614 8284 8483 8098 8219 8249 8972 8148 8676 8394 8293 8342 8516 8236 8294 8468 8617 8061 8277 8229 8512 8374 8592 8557 8565 8467 8492 8343 8388 8692 8099 8519 8808 8602 8649 8285 8405 8676 8367 8631 8655 8238 9095 8248 8728 8400 8458 8439 8380 8254 8376 8934 8413 8442 8801 8415 8434 8073 8276 8084 8197 8134 8163 8383 8184 8005 8647 8346 8621 8322 8328 8578 9197 7911 8575 8284 8362 8425 8329 8624 8499 8606 8251 8270 8464 8555 8548 8642 7928 8373 8325 7959 7997 8153 8489 8565 8303 8334 8101 8272 7919 8299 8259 8094 8691 8244 8857 8054 8581 8213 8615 8263 8455 8032 7951 8214 7828 8606 8696 
8093 8331 8269 8313 8869 8375 7855 7790 8449 8042 8024 8294 8087 8180 8626 8361 8683 7993 8415 7735 8390 8257 8284 8350 7797 7730 8397 8076 8013 8655 8073 8208 8100 8200 7812 8387 8439 8252 8217 8451 8268 7888 7896 8298 8011 7902 7962 8176 8340 8506 9076 8227 8372 8408 8302 7899 8111 8007 8176 8619 8095 8281 8259 8254 8139 8319 7797 7932 7795 8232 8235 8255 8405 7944 7527 8305 8072 8777 7842 8746 7949 8030 8381 8412 8180 8615 8525 8411 8199 8124 8402 7889 8557 7855 7827 8734 8306 8270 8049 7605 7899 8298 7576 7971 7696 8158 7748 8130 8208 7979 8396 8280 7549 8061 8281 8563 8560 7783 8306 7888 8815 8169 7811 8042 7940 8625 8286 8317 8238 7896 8022 8102 7957 8706 8177 8615 8440 7352 7743 7851 8240 8138 8156 8201 7695 8409 8004 7900 8429 8384 7978 8612 8150 8252 8568 7845 8538 7383 8508 8350 8369 8095 8664 8239 7924 8061 8074 8025 8278 7746 8051 8460 7518 7932 7621 7974 8013 7755 8252 8531 7969 8213 8567 8786 7760 7957 8321 8343 8700 8038 8195 8708 8141 8611 8566 7327 8304 7762 8081 8662 8052 8234 7914 7917 8160 7925 8330 8216 8080 7997 8386 8118 8409 7874 7666 7932 7899 8509 7865 8380 8155 8063 7999 8062 7706 8495 8665 8450 8328 7984 7784 8108 8013 8150 7670 8497 8238 8036 8609 7660 8497 7816 8036 8653 8263 7556 7964 7437 7899 8264 7755 8136 8466 8227 8642 8306 7806 8270 8126 8759 8065 7847 7857 8183 7890 7878 8724 8228 7853 8035 8179 7741 7881 8534 8084 8392 8422 8152 8079 7472 8331 8472 8065 7986 7721 8173 7887 8624 7716 8460 8571 8016 8079 8246 8293 8229 8125 8352 8028 8095 8083 8191 8297 8230 8337 8312 8461 8262 8072 8081 8835 8087 8083 8600 8208 8603 8064 8209 8332 7981 8520 8592 8133 8460 8157 8396 8137 8370 7877 8323 7863 8399 8417 8296 8317 8565 7945 8305 7846 8113 8073 8036 7486 7957 8159 8080 7932 8501 8004 8347 7800 8047 8162 8875 7745 8653 7933 7848 8394 7979 8630 8269 8482 7817 7968 8452 7980 8296 8626 7688 7776 7912 7753 8012 8014 8540 8115 7933 8441 8007 8205 8014 8186 8050 8098 8647 7890 8582 7975 8370 8164 8342 8384 7798 8218 7651 8061 7714 8073 8414 
8008 8078 8039 8049 8481 8050 7540 7805 7962 7722 7975 8383 7679 7731 8598 7946 8557 7785 8355 7655 7732 7966 8477 7879 8019 7892 8359 8347 8092 8443 7713 8153 8001 8149 7875 8375 8565 8102 8003 8223 7854 8262 8093 8182 7805 7652 8074 7454 8019 8280 8637 8307 8290 8069 7935 7314 7757 7947 8175 8491 8108 8444 8156 8000 8036 8084 7822 7769 7777 7735 8392 8242 8340 7859 7622 8256 7892 8317 7599 7899 7633 8129 8091 8457 7571 8638 8383 8081 8633 8318 8363 7445 8357 8099 7913 8539 8040 8101 8160 7638 7647 8109 7298 8041 7723 8126 7758 8139 8251 7894 7724 8269 7553 7840 8071 8039 8425 7553 8202 7695 8450 7731 7613 7770 7928 7934 7941 8167 8065 7782 7828 8284 7649 8196 7628 8288 8244 7290 7784 8049 7915 8036 8064 8016 7769 8218 7833 7965 8158 8369 7673 8362 7877 8278 8287 7821 8978 7591 8128 7980 8041 7821 8633 8383 7729 7744 7679 7860 7987 7466 8065 8102 7769 7743 7786 8099 7932 7417 8224 8239 7902 7594 8476 8264 8004 7675 8423 7857 8520 7555 7985 8569 8049 8403 8462 7175 7816 7598 7769 8766 7840 8102 7937 7525 7773 7859 8074 7876 7831 7983 8391 7946 8358 7735 7783 7839 7999 7976 7561 8047 8248 8155 7938 8276 7754 8443 8470 8108 8304 7576 7949 7998 7905 7655 7496 8665 8111 7562 8178 7336 8480 7654 7963 8589 7852 7394 7744 7428 7577 8218 7732 8079 7752 7984 7987 7972 7878 8128 8203 8198 7930 7886 7815 8018 7600 7548 8858 7638 7838 7517 7886 7239 8092 8259 8184 8528 7879 8354 8043 7181 8113 8406 7937 7954 7490 7948 7827 8210 7791 8016 8128 7890 7741 7929 7788 7941 8144 7855 7450 7830 8041 7806 7896 7869 8527 8034 8105 8056 7782 8019 8300 7878 8022 8350 8061 8282 7818 7973 8107 8122 7982 8152 8002 8190 8007 8387 7513 8471 7832 8177 7729 8227 8145 8099 7838 8155 7852 8244 7835 8073 7989 8070 7543 8237 7856 8023 7654 8299 7801 8057 7740 7635 8572 8125 7375 8324 7745 7916 7946 7683 8197 8247 8341 7752 7767 8171 8113 7890 8131 7850 7868 8006 7603 7707 8090 8066 7858 7358 8277 7861 7909 7665 7712 7808 7817 8410 7960 8267 8125 8083 7976 7877 7788 7795 8001 7888 7948 7712 8273 8326 
7852 7893 7631 7796 8534 7705 7789 7762 7885 7674 8174 8087 7677 7674 8592 7781 8317 7592 8424 7495 7776 7747 8291 7950 7596 7355 8172 8011 7562 8373 7741 8104 7985 7672 7645 7999 8542 8158 8082 7970 7773 8010 7904 8008 7748 7666 7914 7434 8030 8254 8431 8077 8052 7879 7870 7764 8002 7671 8043 8035 7598 8093 8121 7841 7727 7793 8095 7620 7721 7903 8229 8351 7868 7462 7488 8187 7654 8170 7844 8207 7577 8165 7880 7969 8265 8541 8597 7945 8357 8136 8227 7545 8116 7574 7564 8428 7871 7697 8089 7413 7909 8161 7172 7695 7638 7765 7579 7555 7933 8044 7746 7991 7868 7477 7787 7911 8414 7732 7874 7551 8350 7933 7429 7585 7914 8076 8024 8171 8213 7729 7337 8130 7591 8440 7751 8252 7947 6937 7292 7781 7815 8170 7679 8185 7723 8021 7657 7819 8113 7866 7531 8102 7830 7889 7987 7593 8333 7450 8048 8313 8161 8080 8372 8015 7585 7626 7741 8238 7924 7539 7840 8102 7496 7426 7672 7653 7912 7375 7779 8293 8189 7962 8557 8187 7508 7711 8019 7984 8501 7487 7736 8643 8123 8745 8540 7373 8075 7669 7987 8547 7744 7915 8075 7244 7986 7873 8016 7836 7808 7893 8017 8088 8288 7922 7811 7714 7614 7783 7398 7736 7943 7741 7689 8535 7195 8426 8570 7790 8075 7498 7377 8278 7881 7277 7467 8514 8040 7907 8159 7483 8113 7743 7760 8625 7926 7571 7716 7361 7622 8076 7617 7928 8293 7904 8456 8098 7822 7849 8031 7867 7890 7520 7312 7884 7610 7169 8793 7862 7762 7427 7754 7632 7725 7929 7913 8214 7693 8113 7688 7255 8542 7845 7896 7850 7640 8002 7778 8269 7573 8024 8214 7896 7692 8133 7765 7958 7873 8043 7725 7827 8042 8074 7990 7762 7958 8085 8243 8052 8002 7901 8291 7587 7944 8081 7851 8125 7485 7754 7729 7693 8219 8084 7774 8647 7615 8210 8121 7858 7828 7901 7686 8347 8101 8104 7650 8096 7953 8110 7810 7671 7779 7837 7731 7876 7749 7723 7772 8196 8075 8168 7620 7848 8389 8604 7166 8098 7678 7676 8299 7718 8164 8208 8042 7780 7764 8115 7676 7677 7898 7715 7863 7964 7288 7511 7655 8116 8055 7447 7805 7765 8352 7273 7657 7771 7671 8106 7948 8210 7897 7862 7853 7813 8130 7497 7473 7543 7855 7254 8419 8234 
7696 7729 7647 7379 8054 7560 7271 7439 7684 7476 7434 7671 7854 7183 8054 7576 8086 7686 7911 7477 7440 7674 7951 7640 7573 7626 7697 7335 7432 8064 7649 7816 7837 7566 7251 8019 7985 7235 8004 7784 8003 7863 8082 7923 7652 7608 7340 7319 7845 7830 7991 7815 7608 7861 7582 7337 8047 7352 7500 7901 7216 7703 7899 7784 7394 7961 7879 7395 7437 7442 7898 7807 7590 7377 7769 7684 7248 7571 7397 8091 7606 7496 7650 8208 7678 8096 7923 7848 8178 7638 8073 7481 7721 7754 7642 8092 7834 7307 7748 7111 7553 7780 6613 7644 7559 7735 7481 7530 7850 7643 7614 7655 7381 7812 7801 7613 7757 7507 7524 7263 8259 7478 7424 7458 7484 7835 7715 7641 7569 7419 7556 7802 7352 8150 7282 7959 7779 6973 7664 7556 7744 8103 7520 7416 7453 7997 7104 7239 7517 8033 7176 8283 7784 7508 7619 7508 8321 7044 7874 7914 7551 7615 8350 7842 7364 7465 7096 8003 7769 7221 7444 8132 7151 7617 6953 7537 7727 7275 7520 8132 7437 7441 8199 7885 7253 7495 7896 7566 8132 7454 7675 8229 7720 7976 8153 7341 7908 7283 7911 8458 7621 7788 7915 6971 7902 7265 7493 7590 7619 7833 7956 7400 8090 7749 7607 7323 7269 7817 7176 7587 7720 7866 7740 7995 7583 8051 8019 7822 7861 7597 7513 8003 7890 7362 7242 8198 7811 7586 7818 7139 7676 7465 7447 8272 7546 7545 7517 7248 7324 7922 7571 7780 7850 7902 8129 7608 7435 7331 7707 7540 7395 7594 7102 8005 7436 7287 8178 7217 7527 7650 7362 7131 7448 7701 7946 7737 7744 7940 7628 7043 7904 7907 7777 7763 7458 7511 7401 8106 7290 7987 7907 7626 7669 7696 7091 7583 7499 7863 7346 7715 7426 8025 7398 8109 7614 7428 7593 8125 7542 7575 8001 7432 7616 8166 7453 7887 7526 7281 7393 7855 7640 7867 7529 8507 7285 7823 7733 8064 7762 8044 7582 8009 7838 7759 7510 7803 7878 7994 7576 7547 7439 7793 7148 7748 7633 7644 7397 8043 7493 7920 7751 7486 7560 8148 7420 7892 7569 7115 7905 7675 8042 7448 8065 7448 7416 7595 7251 7516 8058 7356 7616 7798 7124 7424 7378 7769 7703 7569 7648 7582 7604 7307 7674 7994 7770 7874 7329 8282 7527 7409 7422 7780 7500 7628 7416 7145 7549 7171 7660 8119 
8003 8244 8326 8209 8471 7946 8152 8042 8375 7842 8245 8247 8086 7807 8749 8335 8553 8472 8521 7781 8338 7916 8322 8153 8359 8042 8513 7986 8061 9008 7891 8345 8344 8102 8054 8364 8645 8016 8426 8145 8287 8177 8338 8374 8067 7969 7848 7759 8228 8477 8778 8438 8341 8297 8073 7539 8249 8271 8254 8518 8128 8777 8425 8370 8087 8148 8185 7854 7891 8306 8454 8353 8546 7871 7714 8101 7664 8580 7830 8220 7961 8399 8248 8430 8035 8393 8913 8229 8718 8454 8456 7758 8382 8124 7674 8757 7973 8244 8275 7401 7954 8202 7631 8213 7881 8010 7750 8215 8218 7648 8051 8321 7964 8439 8188 7933 8495 7924 8344 7664 8609 8160 7712 8114 8073 8405 7995 8006 8572 8224 8016 7930 7808 8512 7996 8471 8521 7488 7934 8114 7982 8133 8116 8203 7977 8376 7809 7823 8180 8614 7716 8399 8376 8105 8345 7955 8817 7549 8345 8309 8385 8034 8887 8470 7681 8183 7929 8156 8418 7749 8170 8414 7827 7581 7674 8021 7864 7802 8152 8489 8093 8126 8264 8384 7620 8018 8368 7849 8650 8200 7995 8630 8418 8728 8693 7434 8001 7707 8334 8810 7984 8362 8328 7758 8504 8091 8060 8159 8034 7982 8614 8049 8126 8217 7816 7722 7846 8185 7504 8256 8450 8193 8229 8334 7886 8590 8455 8418 8107 8059 7882 8352 7966 7635 7572 8578 8402 8146 8382 7461 8413 7947 7839 8893 8201 7706 7939 7424 8064 8316 7893 8009 8289 7925 8459 8348 7891 7957 8324 8079 7757 7794 7870 8334 7985 7714 8816 7848 8187 7730 8153 7444 7892 7964 8065 8233 8541 8158 8338 7560 8537 8107 8066 8161 7789 8139 8112 8326 7966 8016 8504 8431 7750 8537 7553 8125 8129 8296 8089 8151 8093 8136 8149 7894 8328 8305 7919 8166 7893 8113 8468 8373 8236 8545 8347 8615 8133 7930 8172 8055 8413 8603 8010 8678 8001 8338 7856 8399 8007 7990 7943 8524 8444 8138 8047 8535 8002 8491 7812 8309 7951 7829 7951 8185 8193 8172 8127 8350 7838 8302 7865 8008 7830 8844 7870 8799 7791 8074 8557 8037 8551 8419 8612 7988 8000 8455 8514 7932 8500 7762 8149 8221 7630 8023 7712 8456 8421 7628 8187 8010 8107 8053 8193 7895 8239 8468 7897 8705 7874 8307 8057 8242 8304 8088 7968 7849 7991 7758 8455 8332 
7956 8054 7936 7839 8846 8126 7827 7846 7653 7813 8317 8153 7941 7744 8667 7851 8645 8113 8424 8015 7856 8380 8267 8106 8194 8260 8217 8120 8246 8609 7662 7833 8254 7852 7765 8053 8592 8271 8387 8288 8158 8156 8632 8509 8136 7759 8426 7496 8094 8553 8556 8014 8249 8213 8000 7576 8185 7722 8134 8256 7753 8253 7930 8059 7911 8339 8031 8129 7879 7906 8084 8265 8170 7771 7990 8154 7723 8197 7815 8336 7874 8062 8228 8400 8014 8528 8608 8031 8331 8113 8575 7717 8348 7807 7803 8559 8502 7893 8244 7670 7795 8162 7420 7904 7918 7984 7739 8017 8309 7803 7599 8231 7840 7827 8109 8331 8522 7530 8130 7838 8450 7426 7901 7663 7842 8074 8007 8019 8351 7875 7863 7869 8083 8238 7627 8593 7818 7340 7596 7908 8079 8076 8163 7748 7950 8091 7604 7789 8214 8456 7762 8787 8161 7734 8253 7915 8690 7587 8208 8454 8203 8190 8593 8473 7877 8080 7597 7879 8120 7851 8090 7920 7759 7546 7483 8225 8005 7475 7931 8424 8027 7960 8444 8423 7762 7498 8424 8070 8436 7821 8099 8260 8112 8415 8787 7435 8463 7651 7820 8640 8334 8151 8095 7694 7839 8052 7952 8037 8095 8269 8394 8113 8495 7775 7473 7694 7646 7956 8001 8222 8035 8230 8041 8578 7643 8366 8207 8303 8258 7697 7722 8532 8185 8122 7879 8500 8232 7750 7923 7729 8078 7925 8011 8872 8204 7800 7938 7373 7517 8071 7739 7962 8234 7992 8341 8102 8027 8097 8385 8331 7649 7662 7517 8118 7332 7514 8551 7634 8009 7644 7769 7638 7914 7927 7984 8245 7921 8152 8078 7787 8176 8374 8021 8224 7732 7922 7825 8331 7827 8330 8375 8245 7675 8040 7631 8019 8267 8216 7529 7953 8311 8126 8241 8249 8186 8261 8282 8012 7762 7743 8357 7679 8068 8300 8157 8354 8091 7808 8070 8163 8152 8376 8117 8564 7902 8476 8119 8090 7988 8252 7886 8324 8108 8405 7887 8071 7876 8133 8032 7816 7614 8183 7880 7926 7897 7850 7345 8436 7809 8034 8114 8029 8287 8707 7576 8239 8139 7575 7897 7911 8316 7898 8358 7695 7691 8382 8223 7565 8272 7536 7723 7709 7726 7661 7580 8480 8081 7916 8142 7807 8360 7559 8012 8059 7748 8101 7919 8806 7693 8029 7934 8018 8033 7776 8174 7545 8065 7819 8133 8116 
7715 7626 7533 7727 8456 7768 7371 7883 7658 7721 7779 8256 7444 7570 8037 7646 8011 7800 7822 7605 7837 7830 8193 7537 7633 7892 7787 7568 7649 8068 7886 8067 7759 7974 7189 8080 8166 7875 7938 7882 7686 7790 7697 8059 7665 7344 7717 7069 7926 8048 8143 7819 8093 8252 7634 7407 7607 7698 7786 8063 7253 7614 7709 7566 7710 7740 7778 7464 7604 7524 7818 7853 7767 7201 7395 7713 7415 7907 7024 7778 7716 7785 7910 8284 7525 8374 8114 7499 8365 7816 8260 7539 8111 7553 7662 8379 8021 7847 8153 7515 7479 7710 6908 7670 7572 7611 7317 7531 8065 7490 7446 7603 7427 7780 7823 7889 8117 7488 7763 7315 8374 7486 7268 7502 7787 7709 7764 7871 7954 7505 7570 7621 7382 8090 7294 7913 7917 7086 7672 7275 7755 7861 7412 7782 7761 7936 7229 7472 7943 8252 7392 8097 7665 7907 7958 7422 8646 7505 8108 7668 8249 8101 8434 7718 7603 7722 7621 7887 8168 7287 7481 7737 7342 7165 7228 7513 7836 7470 8060 8106 7886 7510 8145 7858 7581 7474 8344 7700 8278 7472 7907 8540 7806 8194 8185 7045 8106 7444 7780 8045 7731 7617 7500 7219 7789 7616 7763 7671 7643 7848 7905 7501 7893 7486 7291 7297 7812 7834 7169 7921 7491 7955 7657 7622 7586 8083 7957 8030 8079 7747 7551 7956 7580 7587 7605 7919 7980 7517 7745 7225 8175 7667 7554 8393 7582 7460 7561 7497 7425 7875 7823 7569 7789 7599 8139 7774 7842 7556 7657 8026 7827 7758 7216 7675 7375 7502 8259 7555 7788 7498 7565 7059 7559 7908 8012 8109 7777 7618 7855 7052 7662 7567 7596 7663 7379 7694 7538 7916 7586 7906 8031 7672 7524 8051 7319 7396 7996 7708 7538 7631 7898 7600 7566 7675 7954 7953 7833 7755 7607 7610 8227 7301 7887 8204 7652 8010 7688 7224 8007 7548 8216 8161 7930 8113 7864 8112 7297 7996 7444 7929 7094 8169 7985 8067 7479 8106 7805 8045 7321 7757 7772 7765 7817 8122 7751 7864 7626 8100 7337 7989 7654 7312 7822 8076 7148 8183 7624 7601 8117 7387 7991 7809 7981 7398 7572 7643 7664 7724 7946 7159 7537 7573 7479 7502 7592 8185 7876 7616 7594 7470 7780 7351 7584 7525 7659 7744 7568 7989 7935 7811 7518 7699 7646 7596 7695 7383 7747 7423 8007 7662 
8346 8631 8709 8808 8798 8707 8281 8375 8582 8539 8862 8663 8213 8410 8849 8495 9015 8377 8842 8213 8524 8259 9035 8752 8069 8572 8629 8171 8354 9291 8595 8670 8278 8602 8432 8754 9338 8477 8668 8740 8725 8633 8883 8959 8480 8307 8735 8185 8515 9041 9199 9096 8854 8597 8358 8341 8379 8507 8404 8985 8564 8841 8709 8913 8354 8539 8736 8303 8449 8327 9150 8965 8203 8282 8427 8542 8496 8683 8208 8861 8392 9010 8819 8914 8421 8932 9258 8841 9081 8768 8857 8393 9062 8494 8175 9309 8715 8306 8573 7882 8282 8669 7701 8671 8353 8561 8325 8790 8586 8427 8513 8348 8280 8447 8377 9084 9261 8711 8510 8030 9359 8300 8093 8556 8503 8682 8486 8514 8530 8216 8688 8591 8569 8889 8402 8846 8686 7963 8294 8169 8675 8964 8862 8631 8136 8785 7985 8233 8577 8608 8061 9080 8575 8569 8613 8461 9244 7846 8494 8716 8850 8494 8947 8697 8222 8278 8596 8615 9029 8015 8649 9121 8199 8152 8468 8185 8769 8196 8508 9007 8257 8561 8915 8955 8543 8275 8631 8852 9062 8104 8356 9280 8647 9332 9036 7815 8756 8202 8607 9209 8489 8755 8741 8251 8704 8372 8660 8826 8476 8774 8890 8509 8731 8176 8469 8649 8526 8682 8242 8649 8766 8356 8472 8969 8328 8966 9078 8780 8559 8278 8206 8800 8256 8097 8176 9044 8737 8302 8582 7916 8568 8347 8608 9239 8703 8112 8318 7796 8373 8626 8165 8526 8657 8223 8702 8667 8475 8535 8382 8770 8664 8203 8166 8755 8224 8100 9280 7964 8367 8569 8341 8229 8272 8447 8262 8742 8866 8650 8570 7791 8829 8571 8666 8579 8061 8641 8694 8735 8428 8617 8912 8659 8354 8548 8308 8670 8708 9096 8422 8279 8690 8620 8511 8453 8662 8882 8358 8571 8645 8426 9246 8472 8543 8621 8467 8843 8267 8473 8443 8649 8841 8848 8552 8845 8435 9022 8416 9035 8290 8196 8575 9072 8737 8777 8082 8601 8663 8551 8233 8176 8247 8699 8565 8845 8325 8583 8337 8999 8323 8923 8301 8412 8730 9193 8237 8812 8465 8289 8661 8065 8531 8929 8768 8043 8300 8706 8432 8401 9118 8128 8465 8571 8055 8328 8413 8769 8343 8221 8735 8219 8697 8430 8611 8736 8437 8581 8154 9183 8362 8557 8550 8673 8493 8599 8298 8078 8493 8007 8735 8673 
7910 8438 8554 8368 8823 8443 8098 8082 8447 8351 8475 8476 8176 8223 8907 8321 8719 8487 8477 7914 8309 8530 8584 8153 8182 8670 8563 8270 8149 8986 8235 8557 8147 8420 8004 9081 8605 8442 8369 8968 8469 8219 8513 8564 8630 8170 8566 7961 8221 8472 9267 8658 8160 8726 8186 7967 8341 8302 8666 8191 8024 8360 8473 8625 8380 8375 8319 8048 7860 8091 8989 8602 8469 8112 8058 8326 8181 8818 7935 8627 8416 8749 8642 8850 8235 8883 8880 8670 8836 8453 8756 8189 8345 8525 7995 9013 8400 8609 8515 7877 8448 8080 7649 8153 8063 8349 8461 8262 8408 8193 7993 8395 8073 8045 8471 8224 8951 7932 8480 8307 9079 8067 8185 8124 8311 8575 8151 8558 8208 8038 8426 8144 8011 8855 8244 8665 8406 7508 8120 8057 8121 8660 8397 8350 8298 8467 8038 8233 8450 8501 7882 8696 8424 8046 8348 8182 9117 7725 8360 8735 7951 8642 8836 8359 8019 8395 8076 8334 8472 8051 8519 8320 7827 8200 7788 8101 8046 8255 8508 8661 8502 8489 8664 8699 8277 8285 8709 8394 8803 8257 8091 9246 8484 8521 8814 8048 8674 7711 8341 8895 8499 8428 8349 7669 8456 7929 8458 8240 8749 8549 8638 8227 8632 8101 8019 7945 8357 8256 8310 8623 8595 8347 8391 8881 7689 8473 8618 8160 8758 8021 8192 8562 8336 7977 8011 8712 8404 8024 8418 7815 8244 8289 8496 9041 8321 8279 7952 8026 8315 8328 8084 8244 8588 8337 8332 8380 7808 8435 8397 8505 8238 8150 7851 8498 7984 7936 8968 7950 8270 8016 8102 7868 8201 8411 8082 8866 8455 8679 7973 7821 8709 8341 8745 8331 7572 8258 8348 8631 8455 8303 8480 8539 8014 8496 7792 8364 8317 8419 7971 7947 8290 8323 8382 8456 8637 8683 8294 8514 8155 8097 8722 8118 8251 8268 8506 8708 8314 8022 8395 8390 8501 8913 8645 8647 8043 8645 8204 8631 8082 7924 8320 8913 8495 8725 7887 8546 8427 8458 8243 8075 8312 8527 8319 8231 8349 8222 7952 8405 8320 8392 8180 8039 8393 9064 7753 8790 8216 8117 8343 8184 8693 8469 8486 8128 8096 8607 8527 8263 9064 8048 8315 8412 7759 8143 8240 8745 8203 7765 8441 8072 8448 8125 8399 8151 8102 8483 7928 9167 8567 8157 8169 8380 8283 8468 8392 8035 8417 8111 8709 8605 
7984 8252 8110 8164 8803 8168 7577 7519 7977 8026 8485 8153 8086 8071 8460 8037 8610 8529 8607 7649 7952 8351 8269 7875 8162 7994 8373 7951 7868 8650 7906 8213 8058 8041 7532 8300 8583 8058 7931 8471 8433 8409 8053 8675 8248 8026 8487 7666 8108 8789 8853 8362 8221 8280 8329 7719 8458 8260 8041 8466 7888 8475 8323 8508 7913 8243 8274 7826 7959 7944 8344 8771 8304 7938 8072 8370 8102 8611 7716 8349 8286 8498 8268 8627 8094 8632 8856 8406 8716 8441 8757 7799 8264 8247 8113 8625 8345 8243 8100 7736 7602 8524 7678 8326 8058 8001 7924 8036 8496 7889 7996 8823 8083 8162 8151 8454 8350 8084 8205 7758 8543 7866 8006 7870 8422 8529 8349 8238 8076 8122 8171 8259 8153 8531 7776 8406 8660 7488 7690 8007 7946 8177 8404 8196 7886 8312 7761 7900 8428 8180 7359 8682 8028 8021 8435 7909 8492 7567 8275 8156 8183 8510 8600 8138 7837 8284 8117 7911 8235 7855 8525 8545 7805 7770 7702 8269 8033 7712 8135 8444 8146 8441 8319 8511 8021 7981 8405 8147 8694 8286 8048 9052 8457 8761 8799 7644 8401 7805 8410 8862 8091 8388 8392 8068 8082 8270 8247 8104 7905 8260 8284 8333 8297 8196 8065 8056 8109 8020 7570 8505 8115 8215 8007 8849 8060 8687 8445 8537 8492 8007 7989 8473 8406 7744 8015 8775 8469 8034 8358 7839 8255 8064 7998 9072 8133 7647 8162 7520 7854 8574 7704 8000 8470 8165 8176 8002 8273 8212 8383 8265 8025 7870 8084 8194 7861 8022 8837 7878 7856 7724 8052 7920 7932 8081 7812 8422 8332 8445 7932 7489 8541 7685 8188 8147 7777 7993 8239 8601 7887 8252 8673 8412 8085 8314 7792 8184 7833 8343 8001 8066 7958 8176 8256 8368 8261 8403 8171 8146 8127 7758 8542 8001 8386 8352 8333 8472 8321 7864 8415 8508 8352 8405 8210 8687 7735 8485 8133 8194 7891 8142 8223 8413 8352 8596 8035 8553 8354 8374 7806 8199 7917 7958 8006 8172 8352 8037 7954 8231 7759 8536 7855 7760 8169 8792 7839 8424 8089 8264 8467 8122 8490 8052 8608 7941 7849 8386 8238 8124 8131 7816 8179 8305 7349 7878 8076 8215 8352 8153 8282 8291 8222 7592 8152 8095 7944 8377 7947 8671 8223 8336 7862 8287 8160 7925 8011 7614 8150 7998 8638 8525 
8640 8374 8447 8519 8851 8158 8113 8200 8577 8306 8615 8731 8654 7971 8582 8223 8991 8264 8585 8040 8685 8590 8668 8565 8340 8140 8916 8316 8354 9121 8335 8623 8777 8546 8180 8683 8725 8837 8603 8314 8952 8281 8612 8856 8419 8347 8689 8158 8236 8705 8831 8647 8628 8664 8418 7950 8715 7991 8351 8563 7863 8691 8600 8343 8423 8506 8539 8271 8465 8335 8694 8525 8592 8095 7746 8371 8091 8715 8024 8436 8334 8524 8677 8728 8193 8832 8778 8626 9023 8410 8875 8228 9017 8309 8474 9111 8723 8344 8806 8050 8024 8488 7523 7941 8380 8364 8156 8330 8670 8176 7966 8585 8396 8450 8487 8626 8661 8157 8430 8139 9055 8115 8085 8343 8468 9001 8316 8360 8420 8021 8273 8297 8233 9037 8316 8731 8533 7769 8172 8149 8499 8362 8670 8476 8277 8640 8011 8208 8419 8556 8272 9079 8420 8125 8681 8180 9283 7733 8364 8744 8547 8713 9041 8730 7950 8319 8313 8312 8554 8314 8459 8680 8079 8057 7995 8414 8572 8041 8616 8772 8319 8608 9111 8861 7985 8086 8648 8366 9179 8334 8489 9247 8689 9170 8881 7857 8852 8083 8685 8969 8453 8447 8323 8035 8405 8150 8506 8574 8221 8620 8885 8298 8645 8366 7905 7857 8205 8949 8192 8620 8469 8630 8596 8816 8285 8834 8724 8745 8683 8401 8246 8512 8404 8046 8337 9036 8676 8202 8538 7977 8438 8194 8022 9320 8360 7951 8315 7912 7831 8599 8179 8257 8656 8322 8716 8870 8453 8534 8611 8689 8348 8152 8099 8369 7994 8006 9109 8315 8067 8161 8096 8177 8582 8420 8309 8729 8637 8977 8388 7936 8802 8431 8650 8724 7938 8361 8095 8899 8301 8442 8505 8695 8468 8601 8102 8871 8272 8349 8148 8272 8373 8217 8307 8521 8584 8584 8683 8599 7913 8211 8780 8129 8571 8495 8551 8546 8389 8411 8545 8694 8989 9059 8335 9063 8312 8794 8239 8747 8192 8442 8447 8866 8563 9023 8030 8572 8451 8902 8175 8230 7831 8179 8211 8229 8334 8504 8006 8810 8539 8391 8434 8716 8586 8828 8061 8810 8422 8111 8250 8577 8470 8439 8581 8130 8115 8619 8504 8321 8977 8325 8029 8165 7865 8067 8007 8858 8500 8170 8653 8151 8521 7707 8228 8110 8252 8481 8278 9057 8329 8530 8411 8414 8465 8142 8386 7820 8505 8205 8653 8615 
8262 8180 8150 8272 8893 8305 7993 7942 8424 8038 8414 8371 8361 8069 8817 8033 8619 8085 8708 8027 8205 8438 8441 8019 8315 8165 8199 7993 8315 8857 8096 8401 8004 8005 7921 8365 8636 8577 8413 8066 7936 8396 8034 8360 8267 8169 7957 7986 8511 8680 8736 8400 8656 8211 8225 7793 8668 8103 8199 8409 7951 8449 8370 8386 8287 8145 8345 7850 8271 8374 8497 8483 8390 7959 7984 8479 8132 8549 8033 8716 8198 8440 8331 8648 8253 8863 9114 8127 8758 8475 8349 7754 8304 8216 8044 8907 8583 8720 8607 7648 7790 8521 7777 8440 8114 8279 8102 8247 8699 7852 8340 8390 7888 8463 8368 8719 8547 8263 8289 7723 8755 8111 7736 8117 8151 8591 8193 8101 8404 8154 8183 8022 7958 8641 7891 8571 8477 7588 7946 8029 8055 8070 8174 8311 7879 8210 7873 8022 8520 8618 8019 8436 8503 8401 8281 8158 8819 7746 8533 8147 8556 8328 8517 8193 8010 7771 8132 8516 8537 7860 8331 8567 7939 7994 7815 8168 8336 7901 8536 8833 8042 7996 8669 9000 8025 7988 8731 8397 8869 8027 8305 8797 8318 8365 9222 7770 8475 7962 8395 8811 8254 8546 8449 7831 8150 8007 8109 8150 8176 8289 8400 8153 8463 7887 7990 8144 7480 8228 7892 8462 8135 8233 8310 8660 8040 8439 8850 8500 8575 8041 8093 8631 8191 8058 7933 8778 8438 8008 8269 7881 8583 8335 8175 9114 8480 7458 8595 7704 7894 8274 8051 7959 8191 8371 8586 8334 8256 8354 8443 8578 8081 8285 7856 8181 7683 7801 8744 7677 8331 7849 8170 7559 8296 8284 8295 8882 8541 8334 8017 7831 8330 8269 8432 8023 8011 8213 8398 8509 7990 8468 8630 8222 8249 8403 8203 8162 8204 8544 8321 8056 8385 8173 8059 8344 8586 8496 8171 8438 8098 7898 8791 8192 8188 8470 8134 8754 8054 8043 8448 8217 8471 8308 8054 8921 7864 8666 8222 8431 8043 8207 7824 8576 8679 8373 8033 8531 8287 8218 7925 7951 7716 8109 8233 8208 8396 7936 7893 8591 8034 8217 7932 8052 8312 8943 7916 8648 8155 8348 8325 7789 8385 8606 8395 8107 8168 8676 8689 8079 8504 8105 8060 8395 7773 7678 7796 8551 8269 8083 8186 8285 8035 7843 8262 8215 8220 8320 8335 8870 8509 8423 8145 8531 8321 7975 8383 7852 8307 8012 8787 8530 
8222 8212 8435 8480 9031 8402 8168 8189 8701 8193 8472 8374 8415 8309 8703 8262 8899 8178 8750 7810 8231 8154 8374 8620 8161 8086 8180 8301 8293 9057 8134 8637 8670 8394 7965 8523 8604 8551 8193 8904 8359 8801 8583 8755 8208 7912 8615 7887 8561 8849 9374 9010 8423 8181 8467 7733 8311 8245 8166 8935 8327 8696 8766 8670 8523 8351 8410 8113 8144 8038 8900 8421 8665 8085 8197 8905 7874 8913 8106 8630 8221 8442 8517 8816 7967 8805 8925 8280 8899 8366 8557 8152 8812 8090 8107 8574 8164 8612 8301 7778 8267 8146 7700 7953 8166 8480 7855 8388 8572 8226 7905 8483 7816 8107 8307 8353 8550 7951 8401 8055 8808 8070 7941 8170 8236 8949 8444 8192 8430 8470 8469 8082 8327 8792 7923 8453 8668 7187 7991 8091 8270 8385 8116 8518 8308 8438 8293 7994 8397 8824 8083 8645 8315 8258 8627 8126 8999 7652 8716 8657 8762 8697 9329 8549 8043 7958 8029 8141 8477 8091 8411 8871 8098 8252 8013 8288 8409 7846 8456 8701 8430 8044 8590 8672 7983 8320 8370 8405 8754 8154 8138 8712 8765 8912 9094 7640 8385 7657 8536 8830 8728 8590 8345 7724 8212 8167 8387 8338 8249 8387 8631 8020 8727 8164 7955 7985 8184 8456 8330 8181 8542 8441 8443 8632 8059 8677 8827 8836 8416 8556 8054 8809 8094 7992 7737 8684 8540 8113 8651 7828 8647 8266 8045 9073 8560 7841 8103 7949 8244 8714 8053 8084 8683 8418 8283 8567 8299 8363 8323 8389 8111 7899 8162 8479 7959 7842 8767 8154 8293 7953 8510 7819 8059 8487 8377 8656 8697 8709 8110 7315 8776 8195 8226 8333 8068 8052 8243 8581 8206 8324 8740 8520 8007 8837 8015 8203 8169 8516 8006 8121 8280 8445 8399 8290 8270 8319 8255 8529 8312 8128 8583 8270 8389 8796 8319 8942 8184 7921 8226 8460 8760 8802 8224 8861 8389 8430 8158 8214 8091 8494 8348 8395 8413 8564 8003 8517 8359 8381 8063 8071 8195 8208 7907 8282 8483 7843 8103 8494 8192 8273 8170 7873 8519 9049 8530 8827 8294 8102 8702 8432 8543 8382 8486 8048 8192 8635 8152 8340 8747 8014 8565 8490 7740 7979 8153 8490 8666 8128 8560 8028 8496 7530 8569 8222 8306 8407 8357 9179 8217 8142 8080 8492 8585 8293 8330 8013 8317 8052 8513 8531 
7619 8021 7981 8156 8607 8207 7613 7701 7881 7999 8018 8256 8115 7687 8668 7765 8694 8002 8508 7798 7886 8096 8068 7692 7752 7799 8253 8197 7784 8294 7985 7967 7837 7737 7452 8151 8850 8039 7968 8055 8013 7870 8058 8264 8049 7871 7962 7594 7784 8243 8722 8385 8192 8043 8248 7458 8272 7975 7837 8138 7687 8148 8426 8073 8150 7941 7673 7574 7912 7771 8432 8391 8185 7843 7998 8247 7541 8296 7802 8356 8061 8003 8406 8308 7986 8544 8731 8058 8521 7971 8131 7597 7982 7937 7529 8723 7979 8164 8057 7577 7488 8014 7427 7771 8177 7916 7695 7893 8318 7981 7704 8059 7572 8176 7866 8081 8316 8022 7990 7846 8122 7900 7767 7664 7717 8076 7919 7760 7958 7961 8010 7692 7823 8371 7799 8322 7959 6928 7443 7971 8024 8062 8231 8274 7802 8340 7606 7570 8036 8289 7603 8455 8145 7735 8227 7663 8472 7896 8081 7898 7905 8282 8172 8139 7676 7784 7726 7887 8120 7675 8334 8286 7434 7851 7874 7734 8044 7792 8027 8323 8112 7971 7981 8225 7702 7908 8243 8186 8266 7815 7825 8583 8147 8790 8430 7270 8629 7451 7896 8704 8210 8098 8089 7461 8029 7673 7991 7730 7939 7977 8289 8165 8339 7983 7871 7806 7956 8018 7616 8182 8049 8044 7795 8172 7558 8383 8382 7812 8358 7619 7873 8236 7727 7658 7754 8359 7904 7858 8105 7617 8082 7743 8168 8602 7884 7464 7863 7380 7832 8296 7804 8001 8261 8133 8090 8146 7484 7606 8142 8175 8078 7733 7705 8268 7847 7838 8367 7866 7784 7458 7606 7608 7660 7846 7989 8235 8164 8162 7347 7429 8316 7975 7830 8048 7625 7825 7793 8093 7689 8013 8083 7915 7657 7947 7742 7978 7984 8441 7709 7853 8076 8071 7885 8131 8006 8311 8045 8037 8264 7835 8594 8061 8164 8305 7705 8073 7915 7558 8108 8077 8358 8176 7727 8740 7656 7921 7931 7952 7902 7900 7994 8363 8141 7982 8001 8488 8381 8037 7551 7746 7980 8014 7937 7768 7823 8086 8035 8124 7758 8269 7783 7787 8034 8984 7914 8028 7757 7976 8025 7836 8193 8137 8127 7596 7501 8049 8058 7907 8354 7234 8190 8024 7437 7560 8017 8434 7986 7840 7987 7586 7790 7712 7773 7881 7819 8430 7897 8455 8135 7692 7646 8151 8119 8115 7727 7446 7944 7639 8423 8253 
7371 7821 7607 7659 7962 7890 7586 7376 7904 7386 7742 7839 7540 7504 8058 7482 8433 7643 8280 7448 7497 7455 7553 7730 7676 7292 7818 7754 7135 8105 7543 7728 7569 7665 7712 7907 8295 7975 8007 7963 7917 7841 7837 7937 7344 7299 7754 7248 7782 7917 8019 8169 7725 7933 7725 6787 7346 7953 7982 7994 7519 7958 8077 7878 7627 7835 7523 7458 7416 7420 8026 7740 7721 7542 7423 7817 6990 7859 7148 7854 7575 7915 7841 8031 7306 8322 8522 7819 7922 7584 7916 7507 8114 7317 7286 8157 7900 7624 7633 7316 7266 7723 6775 7602 7503 7650 7277 7603 7576 7407 7300 7745 7343 7461 7509 7925 7758 7523 7939 7392 7903 7478 7325 7260 7581 7595 7682 7746 7649 7552 7735 7495 7456 8296 7405 7827 7635 6920 7729 7631 7900 7614 7520 7451 7395 8026 7390 7415 7586 8025 7480 8100 7570 7553 7893 7312 7922 7085 7927 7695 7881 7586 8205 7733 7345 7189 7678 7712 7825 7619 7622 7802 7036 7690 7559 7219 7715 7297 7614 8071 7909 7587 8159 7871 7568 7795 8035 7821 8192 7549 7673 8438 7673 7993 8163 7153 7828 7053 7498 8172 7407 7544 7608 7293 7554 7667 7571 7590 7586 7868 7899 7715 7931 7481 7253 7244 7588 7576 7281 7624 7339 7779 7833 8022 7480 8030 8104 7883 7847 7652 7366 7841 7259 7531 7482 8018 7564 7485 7795 7130 7981 7459 7334 8200 7919 7524 7585 6941 7636 7806 7574 7548 7923 7426 7950 8141 7641 7458 7996 7611 7531 7424 7609 7901 7385 7099 8322 7473 7605 7106 7738 7161 7223 7765 7643 7975 7542 7489 7608 7186 7910 7788 7643 7865 7190 7524 7257 7977 7738 7720 7848 7768 7460 7865 7597 7187 7584 7769 7420 7390 7473 7891 7364 7687 7820 7559 7446 8223 7276 7269 8186 7393 7347 7829 7850 7864 7638 7316 7799 8036 7803 8078 7659 7929 7386 7805 7789 8088 7206 7593 7823 8143 7730 8021 7332 7909 7846 8027 7100 7864 7448 7537 7512 7667 7577 7802 7325 7919 7715 8010 7705 7491 7701 8062 7537 7789 7545 7185 7747 7436 8037 7820 8127 7779 7229 7720 7786 7558 8047 7383 7680 7620 7405 7506 7584 7315 7601 7118 7776 7336 7472 7391 7622 7464 7554 7800 7327 8161 7605 7472 7794 7726 7466 7794 7525 7203 7657 7410 7892 7926 
7752 7980 7803 7753 8303 7802 7464 7650 7829 7859 7894 7818 7787 7846 8384 7605 8292 7854 8436 7266 7922 7825 7906 8179 7891 7260 7798 8254 7847 8602 7594 8229 8008 7930 7535 7831 8340 7819 7748 8179 7617 7982 8140 7976 7920 7480 8120 7826 7808 8277 8570 8069 8075 7940 8125 7420 7785 7874 7860 8390 7631 8108 8014 8303 7951 7870 7690 7461 7546 7936 8051 8188 8089 7790 7472 8045 7811 8119 7424 8169 7848 8138 8233 8181 7749 8236 8565 7814 8215 8146 8072 7618 8054 8109 7862 8781 8071 7955 7943 7354 7366 7626 6971 7622 7646 7741 7316 7832 8119 7874 7662 8176 7886 7866 7773 8028 8256 7721 8106 7635 8301 7439 7426 7744 7913 7997 7636 8078 7719 7734 7908 7802 7693 8480 7972 7978 7843 7155 7655 7755 7806 8133 8134 7675 7568 8369 7638 7586 8179 7913 7439 8455 7305 7754 8081 7514 8360 7027 8290 8255 7970 7938 8276 7756 7867 7655 7247 7954 8058 7539 8015 8213 7677 7484 7391 7351 8065 7553 8109 8331 8103 7931 8273 8220 7623 7602 8167 7880 8165 7383 8082 8447 8233 8723 8341 7304 8094 7569 7845 8313 7963 7977 7925 7568 7637 7546 8054 7381 7951 7828 8622 7925 7832 7809 7392 7586 7735 7959 7338 8073 7778 7988 7845 8079 7412 8125 8386 7799 8292 7758 7911 8044 7808 7514 7610 8533 7569 7638 8128 7654 8201 7683 7880 8826 7870 7500 7601 7393 7850 7821 7804 7579 8162 7959 8195 8297 7492 7698 7783 8267 7919 7651 7490 7691 7479 7442 8292 7669 7784 7693 7458 7246 7754 8321 8150 8274 8201 8141 7969 7156 8037 7751 8053 7730 7312 7590 7809 8397 7697 8118 7794 8017 7827 7891 7639 7997 7698 7737 7512 7511 7863 7770 7717 8159 7893 7859 8237 7965 7723 7449 8325 7806 7936 8242 7808 8043 7655 7640 7829 7830 8322 8121 7929 8242 7574 8055 7495 8041 7652 7876 7674 8043 7929 8027 7530 7903 8192 8013 7546 7622 7968 7902 7698 7950 7993 8085 7792 8249 7985 7826 8002 7610 8191 8341 7446 8332 7841 7803 8178 7817 8103 7854 7912 7729 7402 8239 7889 7641 7944 7519 7519 7995 7636 7539 7692 8454 7830 7599 7905 7992 7831 7559 7858 7761 7710 8047 7767 8241 8110 7823 7902 8294 7803 7891 8129 7441 7846 7495 8327 8105 
7779 8172 8319 8214 8522 8560 7584 7863 8202 8036 8180 8579 8013 7783 8721 7962 8580 8138 8574 7727 8146 8388 8580 8017 8034 7699 8191 8229 7947 8746 8114 8604 8254 8098 8159 8400 8864 8136 8037 8334 8228 8078 8353 8703 8287 7873 7996 7762 8062 8520 9052 8203 8541 8065 8243 7480 7960 8196 7837 8522 7704 8542 8628 8419 8143 8174 8107 7504 7931 8138 8375 8384 8619 7804 7767 8266 7906 8354 7832 8493 7695 8375 8248 8542 7504 8454 8853 8032 8675 8308 8247 7569 8484 8196 7679 8648 8393 8313 8409 7626 7978 8068 7478 8068 8019 8061 7701 8086 8583 8039 7858 8341 7934 8133 8109 8246 8609 8055 7983 7718 8629 8024 7716 7949 8007 8408 7901 7863 8186 8005 8211 7834 8128 8692 8084 8301 8265 7306 7985 7765 7973 8377 8055 8264 7998 8161 7897 8217 8145 8288 8118 8371 7825 7982 8587 7928 9019 7565 8394 8166 8318 8327 8900 8362 7769 7774 8142 8153 8417 7800 8079 8328 7765 7923 7876 7816 8075 7482 8395 8279 8089 8128 8599 8663 7809 7879 8241 8389 8735 8133 8027 8798 8323 8632 8566 7351 8450 7874 7941 8787 8310 8386 8202 7754 7932 8103 8329 8162 8136 7961 8329 8016 8351 8166 7809 8234 8058 8121 7956 8216 8333 8190 8060 8177 7933 8469 8768 8098 8510 7741 7703 8282 8043 7739 7803 8583 8126 8117 8377 7613 8654 8056 7562 8588 8053 7691 7688 7831 7588 8001 8171 7729 8220 8100 8242 8183 7604 7909 8067 8235 8132 7612 7657 8016 7727 7530 8652 8007 7962 7690 8133 7325 7851 8254 8020 8840 8087 8239 8165 7475 8431 7876 7996 8177 7624 8104 8052 8449 8050 7888 8204 8309 7869 7939 7973 7943 8327 8024 7980 7788 8375 7694 8125 8274 8170 8408 7948 8061 7741 7952 8731 8035 8187 8322 7839 8499 7848 8143 8142 8358 8436 8415 7945 8365 7992 8338 7949 8337 7907 7832 7953 8470 8322 8214 7998 8580 8077 8461 7845 8024 7971 8332 8008 8381 8079 8103 7981 8659 8081 8287 7913 7571 8123 8566 7908 8363 7747 7879 8205 7760 8236 8496 8390 7772 7812 8343 8295 8193 8451 7572 7746 7983 7583 7945 7856 8275 8185 7621 8184 7718 8327 7596 8422 8106 8267 8577 8125 8625 8186 8135 7977 8234 7939 8060 8107 7799 8021 7532 8410 8293 
7833 7866 7950 7916 8200 7819 7748 7808 7777 7591 7966 7830 7546 7632 8470 8185 8183 7630 8368 7592 7791 7820 8018 7895 7967 7695 7853 7812 7675 8447 7726 8167 7850 7816 7843 8119 8271 7621 8190 8257 7788 8254 8068 8144 7780 7680 7709 7543 8075 7803 8514 8356 8072 8325 7723 7629 8072 8007 7843 8155 7830 8560 7919 8074 7961 7661 8026 7653 7713 7860 8227 8026 7851 7612 7747 8071 7640 8192 7377 7957 7790 7900 8235 8078 7670 8491 8431 7793 8195 7888 8221 7461 7827 7732 7897 8661 8150 7870 8005 7401 7481 7636 7004 8060 7423 7776 7554 7806 7972 7583 7916 8134 7876 7969 7946 7961 8339 7693 8038 7263 8349 7556 7552 7683 7850 8389 7680 7621 7891 7599 7965 7795 7569 8463 7761 7880 8011 6953 7861 7650 7553 7434 7860 7862 7877 7976 7722 7826 8000 8048 7651 8189 8037 7632 7968 7534 8674 7533 7960 8143 7998 8015 8450 8161 7542 7701 7895 7697 8246 7519 7842 8383 7491 7691 7419 7767 8180 7593 8299 8224 7679 7693 8152 8266 7886 7560 8142 7982 8250 7864 7890 8271 8242 8583 8266 7485 8070 7349 7715 8496 7846 7736 8115 7637 8073 7823 7727 8163 7533 8009 8221 7911 8076 7880 7370 7612 7988 7841 7524 8142 7843 7808 7694 8154 7915 8313 8216 7563 8125 7487 7606 8337 7493 7545 7603 8166 8102 7991 8209 7101 7986 7768 7421 8537 8308 7572 7702 7385 7479 7813 7623 7764 8264 7538 8158 8169 7557 7989 7880 8035 7794 7836 7502 7956 7526 7359 8725 7394 7656 7316 7708 7618 7851 7846 7806 8616 8097 8188 7998 7323 8066 7905 8089 8096 7321 7889 7635 7973 7738 7404 8326 8149 7554 7762 7532 8059 8055 8190 7662 7665 8026 8058 7560 7835 7980 8164 7663 8084 7865 7764 8031 7898 8057 8602 7679 8495 7730 7495 7995 8155 8002 8157 8032 8464 7813 8047 7930 8043 7756 7614 7682 8273 8148 8089 7493 8293 7837 8033 7429 7676 7736 8113 7874 8017 8072 8018 7691 8199 7563 7806 7626 7784 8027 8288 7617 8377 8002 7806 8303 7897 8285 8121 8141 7859 7904 8092 7936 7491 8238 7412 7999 8120 7565 7746 7844 8209 8148 7510 8182 7835 7942 7404 8042 7878 7762 8069 7461 8553 7785 7921 7994 7739 7561 7813 7711 7657 8109 7697 8288 8003 
8306 8251 8388 8685 9095 8538 8441 8306 8702 8107 8722 8330 8256 8223 9171 8025 9245 8518 8854 7964 8744 8698 8501 8450 8228 8098 8376 8350 8524 9073 8199 8570 8671 8595 7771 8611 8815 8808 8586 8815 8691 8440 8815 8544 8419 8110 8607 7958 8274 8656 9123 8984 8799 8644 8459 8082 8408 8601 8348 8667 8262 8714 8823 8530 8554 8656 8377 8195 8104 8274 8660 8774 8855 8181 8204 8647 8321 8517 8436 8954 8496 8684 8663 8850 8325 8949 9157 8502 9096 8751 8890 8066 8763 8531 7939 8993 8600 8346 8563 7589 8188 8609 7598 8226 8062 8314 8088 8392 8608 8297 8413 8582 8153 8274 8647 8552 8719 8137 8726 8354 8995 8228 8345 8475 8389 8980 8130 8729 8647 8444 8621 8126 8425 8861 8245 8613 8482 7807 8381 8282 8098 8403 8431 8787 8189 8842 8132 8258 8601 8729 7957 8770 8643 8142 8743 8246 9109 7809 8470 8469 8573 8617 9133 8528 8080 8274 8211 8350 8577 8074 8505 8753 7910 8076 8304 8531 8302 8463 8537 8617 8511 8390 8794 8576 8290 8210 8751 8557 9035 8335 8653 9136 8851 9054 8951 7821 8942 8118 8153 9126 8290 8537 8099 7765 8294 8318 8455 8074 8321 8873 8798 8350 8401 8254 8264 7976 8339 8358 7972 8657 8456 8856 8544 8517 8172 8882 8928 8660 8770 8469 8200 8773 8423 8356 8455 8520 8476 8364 8699 7861 8519 8586 8048 9086 8326 8284 8127 8024 8303 8629 8231 8132 8537 8455 8616 8540 8534 8597 8776 8476 8345 8185 8390 8748 7997 8110 8779 8256 8107 8142 8359 8253 8157 8287 8692 8834 8945 8677 8468 7857 8772 8505 8599 8592 8206 8491 8312 8761 8165 8469 8459 8653 8268 8777 8179 8470 8632 8633 8017 8075 8712 8379 8256 8506 8458 8443 8434 8424 7971 8116 9339 8227 8557 8711 8401 8602 8361 8154 8380 8587 8700 9131 8847 9119 8183 8703 8404 8566 8104 8168 8386 8732 8543 8963 8236 9047 8374 8715 8267 8275 8202 8477 8204 8487 8651 8333 8028 8706 8384 8513 8285 8212 8685 9124 8208 8744 8567 8374 8678 8372 9206 8161 8573 8030 8035 8698 8687 8255 8947 7896 8080 8085 7952 7877 8099 8634 8468 8218 8666 8237 8684 8353 8450 8375 8365 8704 8015 8873 8321 8532 8370 8534 8281 8427 8617 8099 8559 8137 8947 8816 
8488 8329 8534 8350 8728 8344 8172 8397 8191 8077 8779 8651 8376 8273 9080 8477 9045 8147 8738 7863 8176 8484 8332 8779 8249 8147 8478 8409 8386 9213 8236 8490 8651 8474 7961 8373 8826 8323 8487 8735 8405 8330 8497 8858 8365 8098 8615 7792 8270 8156 8851 8720 8510 8452 8267 8112 8254 8217 8305 8692 8449 8455 8743 8549 7970 8485 8655 7968 8464 8416 8585 8372 8587 7877 8230 8165 8218 8496 7887 8983 8162 8593 8822 8639 8704 9047 9110 8211 9071 8393 8866 7814 8748 8150 8231 9052 8586 8579 8226 8014 8090 8429 7291 8302 8431 8126 8396 8615 8537 8104 8194 8547 8217 8394 8302 8711 8687 8008 8380 8223 8614 8269 8069 8221 8343 8687 8069 8494 8458 8094 8234 8132 7882 8695 8061 8609 8493 7599 8361 8086 8097 8435 8274 8166 8370 8712 7878 8375 8727 8646 8115 8874 8344 8220 8626 8205 8828 7744 8788 8533 8987 8388 9134 8585 8085 8221 8453 8402 8422 8096 8266 8736 8255 8228 8256 8707 8329 8019 8221 8588 8174 8167 8811 8930 7874 7882 8736 8255 8920 7899 8378 9036 8410 9170 9261 7709 8800 7887 8236 9181 8710 8263 8607 8098 8270 8307 8323 8530 8287 8270 8639 8513 8843 8004 8067 8126 8115 8290 7902 8586 8726 8571 8421 8679 8192 8818 9099 8646 8349 8258 8026 8790 8121 8241 8128 8734 8389 8396 8690 7828 8567 8249 8013 8978 8403 8037 8291 7782 8377 8480 7888 7993 8737 8110 8687 8470 8337 8397 8482 8686 8294 8240 7875 8361 7654 7701 9004 7981 8284 8013 8128 7881 8355 8168 8278 8846 8430 8384 8762 7747 8536 8370 8577 8271 7426 8353 8266 8938 8406 8428 8570 8423 8328 8664 8212 8416 8719 8383 8059 8479 8486 8625 8202 8429 8697 8626 8578 8470 8332 8003 9121 8165 8594 8617 8108 8826 8293 8155 8852 8643 8521 8745 8365 8949 7881 8685 8303 8642 8189 8451 8255 8338 8687 8714 8328 8625 8262 8334 7988 8353 7895 8561 8290 8254 8455 8333 7970 8845 8257 8461 8266 8439 8361 9227 7986 8848 8743 8081 8684 8401 8825 8519 8508 8239 8187 8436 8417 8451 8677 7848 8545 8230 7670 7788 8184 8460 8304 8130 8444 8163 8589 7780 8699 8124 8312 8660 8407 8784 8328 8438 8401 8336 8473 8243 8045 7950 8726 7989 8368 8661 
8312 8483 8661 8618 8985 8453 8304 8372 8867 8183 8662 8671 8470 8308 9234 8280 9181 8622 8785 8021 8322 8343 8720 8221 8110 8303 8791 8302 8278 8967 8350 8391 8458 8444 8233 9154 8961 8552 8740 8583 8585 8648 8494 8633 8363 7959 8637 8110 8300 9053 9038 8720 8842 8827 8595 7958 8450 8375 8324 8457 8361 8807 8795 8694 8686 8518 8174 8314 8162 8395 8892 8566 8615 8322 8387 8567 8331 8594 8039 8850 8226 8467 8584 8598 8468 8896 9244 8674 8955 8379 8752 7883 8952 8490 8194 9048 8372 8662 8689 8103 8012 8429 7832 8256 8066 8618 8126 8079 8624 8241 8334 8636 7882 8340 8514 8786 8694 8326 8099 7965 8799 7979 8114 8061 8451 8793 8372 8204 8257 8478 8258 8280 8233 8927 8284 8844 8327 7427 7984 8294 8142 8591 8528 8709 8216 8596 8163 8163 8407 8739 8182 8705 8281 8482 8801 8507 8934 7695 8645 9011 8698 8502 9055 8609 8277 7990 8096 8190 8437 8298 8730 8613 8220 8263 8029 8370 8214 8034 8482 8953 8399 8658 8470 8881 7802 8030 8669 8610 9071 8396 7909 9071 8779 8998 8873 7711 8613 8143 8503 8953 8493 8550 8567 7972 8362 8568 8714 8458 8230 8669 8903 8362 8537 8557 7939 8154 8296 8348 8043 8609 8571 8321 8301 8802 8116 8731 8966 8592 8687 8108 8183 8857 8256 8056 8280 8847 8733 8619 8445 7882 8273 7992 8308 8862 8283 8096 8348 7842 8359 8467 8292 8303 8659 8393 8608 8425 8394 8076 8386 8531 8033 8035 7956 8235 8120 7927 8919 8303 8085 8140 8080 7879 8112 8313 8312 8576 8786 8737 8553 8016 8522 8357 8213 8392 8061 8474 8268 8808 8192 8592 8745 8509 8241 8346 8165 8426 8483 8687 7961 8037 8805 8309 8582 8499 8829 8642 8515 8578 8354 8370 8823 8104 8249 8803 8516 8808 8157 7975 8615 8372 8615 8726 8447 9015 8242 8558 8419 8733 8305 8420 8434 8498 8649 8725 8162 8688 8317 8652 8383 8195 8411 8438 8171 8551 8232 8372 8044 8659 8377 8824 8122 8229 8183 9445 8021 8445 8154 8265 8782 8170 8753 8506 8716 8189 7938 8495 8385 8391 8609 8348 8380 8297 7845 8330 8123 8510 8603 8159 8600 8166 8775 8281 8348 8404 8096 8686 8202 8820 8278 8584 7967 8554 8519 8425 8574 8015 8123 7838 8825 8634 
8114 8102 7834 8201 8538 7835 7766 7992 7882 7577 8102 8169 7994 8010 8533 7872 8472 8005 8389 7695 7997 8134 8154 7867 8024 7931 8255 7896 7991 8517 7844 7816 8030 7889 7933 8561 8438 8185 8158 8313 8324 7987 8234 8166 7978 7533 8130 7654 8096 8634 8838 8352 8442 8167 8239 7576 8263 7875 7980 8300 7862 8401 8147 8136 8305 8061 8063 7635 8041 7813 8244 8109 8355 7995 7820 8192 7752 8282 7412 8428 8022 8475 8309 8407 7703 8950 8577 8027 8751 8544 8399 7844 8459 7990 7856 8675 7947 8246 8221 7667 7899 8072 7562 8148 7845 7977 7845 8031 8386 7950 8025 7946 7920 7912 7936 8241 8203 7951 8089 7756 8288 7870 7754 7989 8035 8445 8132 8044 7958 8324 8043 7776 7933 8601 7576 8570 8460 7466 7934 7862 7869 8060 8054 8140 7818 8360 7721 7826 8282 8486 7702 8048 8235 7794 8345 8121 8444 7629 8195 8152 8261 8291 8600 8132 7434 7967 7898 7771 8413 7942 8248 8359 7633 7614 7774 7998 8293 7487 8201 8561 8150 8344 8185 8582 7801 7666 8438 7995 8736 7882 8030 8494 8239 8753 8638 7005 8357 7883 8246 8697 8163 8055 8082 7758 7793 8065 8309 7547 8103 8190 8310 7705 8204 7739 7543 8022 7740 8303 7553 8303 8149 8026 8035 8603 7635 8450 8181 8262 8354 7720 7688 8224 7902 7921 7503 8497 8271 7931 8403 7701 8431 7938 7884 8550 8026 7673 8063 7372 7617 8269 7849 7882 8183 7840 8339 8072 8014 8237 8175 8141 7767 7727 7529 7976 7782 7581 8753 7629 8019 7973 7799 7535 8053 8218 7869 8427 8244 8422 7846 7572 8305 7976 8128 8179 7854 7848 7936 8167 8071 8163 8518 8320 7794 8196 7935 8138 7812 8147 7627 7880 8448 7970 8035 8061 8456 8315 7959 8057 7739 7926 8592 7908 8099 8517 8232 8649 7706 7920 8151 8295 8076 8509 7901 8398 7780 8251 7761 8151 7976 7908 8007 8190 8131 7950 7702 8422 8184 8341 7826 7913 7801 8283 7793 7985 8016 7783 7373 8541 7747 8109 7820 7738 7838 8741 7476 8270 7859 7919 7818 8108 7640 8270 8204 7578 7719 8122 8070 7757 8088 7723 7895 8107 7624 7893 8059 8144 8201 7663 8024 8050 8056 7945 8218 7966 7978 8126 7868 8529 7950 7963 8037 8266 8178 8009 8184 7599 7867 7651 8553 8455 
7940 8187 8301 8125 8597 8326 8195 7814 8078 7840 8410 8145 8083 7934 8834 8021 8416 8124 8616 7662 8305 8319 8130 8206 8197 7951 8300 8177 8128 8267 7672 8072 8115 7845 7862 8749 8675 8194 8182 8397 7945 8245 8186 8572 8171 7609 8379 7450 8052 8131 8871 8512 8057 7798 8205 7484 8333 8156 8625 8173 7769 8489 8401 8460 7938 7681 7858 8158 8106 7888 8610 8638 8133 7869 8144 8285 7775 8771 7495 8275 8038 8233 8217 8757 8054 8789 8661 8433 8324 7809 8605 7586 8012 7943 7865 8415 8375 8066 8258 7573 7995 8265 7540 8092 7968 8087 7630 7706 8356 8003 7750 8095 7654 8055 8157 8297 8553 7903 8228 7917 8613 7935 7804 7834 8081 8211 8099 8216 7975 7709 8257 8073 7963 8160 7957 8215 8064 7275 7651 8042 8327 8003 8366 8414 8112 8437 7827 8080 8084 8445 7827 8342 8081 8160 8433 8198 8855 7604 8260 8455 7993 7931 8996 8381 7905 7685 8064 8089 7964 7712 7860 8243 7821 8114 7419 7932 8418 7750 8358 8249 8258 8120 8421 8607 7991 8036 8384 8164 8572 7600 8089 9129 8343 8462 8594 7538 8368 7534 7868 8695 8074 8024 8070 7455 8132 8444 8114 7923 8210 8172 8064 8095 8527 7728 7656 7488 7839 8169 7648 8275 7990 8155 7963 8600 7721 8534 8435 8526 8412 7872 7622 8395 8087 8006 7826 8688 8349 8152 8290 7471 8276 7961 8162 8603 8091 7661 7776 7671 8315 8460 8269 8033 8261 8066 8295 7967 7735 7811 8019 8344 7961 7760 7902 8409 7610 7754 8551 7791 7961 7904 8131 7437 7657 8209 7754 8221 8183 8404 8184 7387 8570 8239 8310 7905 7293 8012 8031 8698 8074 8270 8558 8381 7737 8115 7641 8119 8345 7977 7776 7842 7816 8289 7996 8164 8487 8275 8323 8141 8017 7817 8617 8070 8118 8464 8433 8548 8180 7618 8118 8282 8451 8574 7986 8508 7892 8200 7791 8308 8044 8013 8120 8534 8579 8174 8115 8407 8186 8382 7737 8440 7940 8271 7436 8335 7991 8063 7521 8355 7806 8423 8106 7950 8209 8624 7739 8497 8034 7541 8494 7857 8408 8144 8144 7737 7741 8286 7996 8061 8344 7917 7690 7949 7796 7832 7931 8011 8582 7796 8379 7878 8249 7425 8162 8286 7660 8345 7825 8646 8165 7774 7945 8044 8027 7846 8215 7588 7985 8077 8163 8414 
7608 7590 7821 7600 8429 7484 7384 7339 7976 7618 8056 7827 7714 7361 8322 7636 8300 7589 8020 7526 7896 7993 7912 8032 7621 7873 7706 7653 7679 8184 7542 7850 7969 7634 7623 8074 8036 7935 7781 7934 7976 7866 7984 8061 7680 7725 8095 7812 7726 8002 8633 8081 8262 8135 7677 7770 7809 8050 7675 8243 7868 7904 7950 8038 7749 7787 7845 7719 7625 7879 8416 7834 8122 7754 7317 7968 8007 7959 7551 8165 7844 8086 8032 8119 7935 8452 8635 7552 8129 7960 8147 7659 8178 7761 7449 8506 7985 7987 7818 7489 7393 7995 6987 7885 7704 7627 7533 7598 8140 7471 7788 7984 7387 7789 7850 8053 8433 7829 8255 7312 8256 7354 7463 7121 7930 8012 7595 8194 7793 7962 7506 7744 7641 8407 7591 8119 8022 7071 7205 7541 7564 8005 7817 7597 7968 8293 7477 7225 8158 8113 7539 8303 7369 8014 8013 7880 8466 7534 7983 8068 7966 8004 8118 7911 7611 7370 7640 7612 7945 7868 7965 8347 7451 7418 7360 7757 7617 7678 8335 8088 7904 7455 7841 8244 7274 7631 8103 8024 8179 7706 7733 8566 8223 8521 8454 7364 8197 7653 7898 8544 7744 7964 7807 7378 7907 7979 7948 7582 8191 8066 8235 7956 7957 7915 7501 7394 7865 7777 7558 7952 8076 7956 7559 7981 7425 8390 8313 7819 8114 7469 7782 8038 7712 7456 7675 8067 7993 7652 8218 7318 8071 7585 7775 8352 8114 7262 7685 7802 7581 7836 7526 7557 8247 8027 8009 7935 7562 7927 8216 8227 7656 7216 7760 7840 7491 7273 8404 7616 7864 7154 7615 7386 7674 8070 7820 8251 8000 8031 7489 7488 8002 8042 7904 7887 7501 7611 7779 8189 7537 8137 8452 8154 7509 8057 7558 7835 7679 8032 7647 7623 7853 7778 7860 7890 8229 8107 8021 8047 7352 7600 8217 7846 8185 8205 7816 8418 7875 7906 7986 8096 7988 8197 7716 8257 7591 8157 7858 7875 7486 7718 7710 8079 8139 7813 7552 8371 8221 7984 7572 7416 7577 7844 7639 8024 7800 7941 7645 8270 7895 7955 7730 7630 7925 8358 7602 8259 7501 7763 7831 7609 8273 8149 7780 7724 7702 7961 7704 7718 8030 7425 7970 8084 7390 7714 7762 8433 7908 7741 7822 7606 7717 7617 8110 8155 7854 7766 7682 8751 7949 7726 7658 8138 7809 7868 8081 7390 7836 7339 8203 8518 
7823 7885 7409 7656 8130 7638 7321 7562 7862 7329 7608 7753 7751 7297 7990 7590 7901 7654 7853 7428 7568 7968 8020 7945 7483 7359 7824 7652 7794 8211 7311 7533 7893 7484 7435 7803 8183 7669 7615 8021 7796 7713 7426 7673 7755 7271 7692 7120 7732 7765 8236 7832 7965 7838 7710 7440 7782 7672 7702 7965 7638 7880 7959 7700 7599 7858 7610 7541 7370 7472 8167 7803 7854 7290 7245 7680 7492 7915 7465 8084 7664 7706 7578 8236 7508 8306 8375 7846 8158 7545 8279 7484 8081 7563 7739 7920 7880 7773 7910 7399 7443 7585 7088 7470 7350 7519 7604 7806 7773 7573 7467 7481 7420 7570 7686 7953 8038 7461 7811 7513 8544 7450 7341 7720 7523 7766 7388 7800 7880 7424 7390 7646 7918 7716 7382 8026 7583 6724 7313 7194 7813 7735 7809 7934 7617 7835 7086 7502 7926 7866 7366 8195 7854 7457 8074 7575 8235 7085 7883 7904 8189 7592 8252 7769 7573 7278 7450 7531 7981 7741 7562 8027 7633 7578 7291 7631 7511 7512 7675 7751 7963 7809 7955 8000 7297 7540 8157 7717 8119 7348 7366 8213 7870 8381 8076 6730 7682 7274 7928 7957 7699 7886 7737 7273 7636 7456 7743 7415 7736 8097 7808 7512 7644 7632 7417 7162 7418 7907 7607 7704 8063 7776 7555 7931 7530 7942 8149 7963 7848 7613 7366 7769 7587 7352 7438 7979 8023 7570 7669 7388 7904 7421 7511 8288 7793 7407 7346 7045 7333 7773 7335 7704 8001 7611 7955 7841 7528 7622 7750 7809 7725 7275 7302 7772 7466 7306 8231 7415 7714 7543 7299 7047 7682 7402 7789 8064 8037 8037 7439 7357 7949 7889 7689 7725 7235 7585 7532 8032 7526 8048 7781 7840 7299 7883 7308 7804 7782 7826 7626 7542 7693 7934 7578 7685 7651 7749 7642 7864 7794 7431 8057 7334 7708 7896 7527 8069 7399 7116 7871 7794 7861 7935 7656 8146 7686 7670 7524 7768 7717 7652 7707 7909 7907 7656 7714 8015 7702 8010 7462 7755 7344 7589 7282 7555 7600 7574 7533 7861 7936 7654 7328 7705 7636 8545 7340 7781 7618 7677 7965 7587 7936 8060 8290 7482 7398 7895 7722 7627 7789 7399 7522 7624 7176 7056 7369 7948 7647 7296 8073 7413 7804 6900 7796 7708 7466 7817 7532 8058 7541 7549 7818 7582 7755 7748 7802 7118 7946 7310 7722 8045 
7538 7726 7750 7653 8342 7936 7255 7578 7699 7484 7897 7398 7794 7798 8113 7677 8207 7830 8273 7396 7382 7598 8159 7647 7442 7631 8028 7375 7397 8245 7415 8033 8029 7764 7216 7766 8285 7667 7744 8053 7741 7613 8188 7767 7794 7442 7964 7475 8045 8177 8239 8333 7992 8011 7761 7072 8150 7628 7915 7886 7253 8087 7694 8066 8095 8145 7784 7376 7388 7771 7744 8124 7712 7451 7456 7780 7550 8252 7576 7807 7804 7856 8421 8125 7530 8360 8259 7649 8081 7879 8014 7419 7968 7705 7527 8273 7416 7870 7922 7140 7097 7773 7240 7786 7634 7952 7356 7545 8203 7506 7475 7811 7522 8009 7880 7779 8073 7612 7747 7287 8146 7513 7404 7499 7713 7894 7638 7828 7630 7728 8051 7632 7839 7960 7524 8110 7770 7188 7482 7576 7818 7819 7816 7762 7426 7806 7545 7613 7788 8067 7468 8231 7623 7791 8078 7724 8268 7179 8066 7864 7843 7999 8344 8011 7233 7374 7298 7816 7865 7779 8099 8206 7677 7398 7550 7439 7759 7425 8229 8191 7513 7691 7811 7878 7728 7400 8380 7817 8001 7480 7511 8035 8099 8146 8331 7083 8388 7449 7742 8345 7871 7858 7950 7501 7671 7656 7913 7659 7717 8222 7839 7523 8095 7738 7409 7686 7655 7546 7530 7908 7752 7467 7605 7845 7199 8121 8214 8143 8182 7592 7499 7937 7605 7504 7640 8144 7743 7657 7716 7660 7762 7373 7862 8199 7933 7322 7477 7249 7445 7975 7690 7959 8030 7794 8251 7805 7610 7624 7754 8156 7536 7492 7529 7555 7391 7259 8205 7288 7503 7599 7544 7080 7778 7714 7855 8082 7775 7803 7497 7189 8082 7813 7657 7635 7602 7493 7614 8115 7354 7806 8236 7924 7674 7885 7489 7828 7832 7973 7609 7402 8076 7884 7546 7802 7992 7602 7678 7916 7607 7576 7867 7369 7684 8192 7871 7888 7738 7390 7590 7939 8024 8067 7575 8194 7569 7767 7691 7990 7660 7446 7682 8330 7949 8028 7382 8217 7972 8082 7567 7764 7318 7858 7507 7595 7796 7745 7498 8316 7537 7880 7353 7676 7706 8036 7510 7995 7675 7351 8091 7639 7795 8002 8037 7560 7364 7893 7890 7640 8202 7269 7477 7647 7220 7637 7456 7803 7772 7509 7946 7698 8199 7337 7776 7501 7503 7810 7739 8274 7946 7807 7684 7700 7760 7467 8046 7226 7866 7417 7924 7921 
7763 7914 8258 7958 8529 8190 7464 7850 8072 7985 7850 8318 8162 7538 8375 7895 8467 8094 8409 7889 7904 8059 8241 8085 7550 7911 8260 7855 7550 8330 7633 8061 7834 8150 7592 7937 8470 8393 8037 8137 8249 8137 7622 7890 8144 7683 7942 7518 7701 8606 8435 8252 8269 7806 7986 7647 8144 7628 7918 8314 7730 8136 8282 8053 8110 7848 8049 7765 7632 7747 8196 8201 8208 7753 7688 8292 7757 8290 7585 8473 8109 8107 7962 8164 7899 8793 8665 8416 8505 8016 8336 7784 8182 8156 7454 8340 7840 7969 7855 7396 7973 7624 7180 7813 7806 7746 7695 7782 8174 7618 7868 7669 7434 7883 7604 8211 8357 7769 7949 7781 8372 7927 7611 7658 8033 7955 7941 8342 8096 7875 7590 7669 7482 8433 7527 8080 8198 7410 7537 7840 7712 8091 7865 7748 7560 8553 7598 8020 8090 8218 8098 8241 7934 8244 8166 8050 8355 7226 7997 8024 8360 8096 8253 7971 7530 7708 7719 7948 8143 7809 8055 8129 7552 7584 7641 7799 7667 7672 8251 8229 7964 7835 8337 8483 7853 7627 8220 7922 8651 7539 7904 8657 8118 8523 8450 7481 8293 7620 7789 8642 7845 8012 8086 7399 7921 7906 8109 7978 8017 8154 8189 8139 8287 7604 7561 7615 7771 8194 7495 8104 8129 7933 7833 8608 7620 8174 8444 8333 8362 7723 7764 8412 8020 7482 7874 8381 8146 7931 8399 7513 8302 7865 7673 8399 7642 7629 7946 7255 7635 8259 7792 7893 8306 8174 8234 8052 7613 8004 7909 8269 7485 7673 7525 7901 7483 7325 8391 7754 7721 7871 7698 7668 8132 7862 7727 8154 7827 8286 7975 7330 8585 8271 8433 7964 7468 8281 7917 8329 7857 8161 8297 8231 8163 8044 7744 7979 7628 8078 7531 7823 8134 7808 7840 7923 8231 7860 7993 7985 7758 7729 8409 7611 8032 8354 8061 8064 7598 7392 7892 8200 8177 7866 7987 8276 7914 7986 7883 8258 7738 7810 8003 8372 8003 8408 7748 8259 8248 8611 8245 8251 7757 8102 7351 8117 7690 8257 7513 7891 7644 8207 7731 7588 7973 8414 7398 8262 7905 7658 7808 7882 8242 8296 8057 7817 7449 7816 8008 7880 7934 7761 7472 7807 7187 7689 7782 8068 7773 7648 7961 7786 8201 7743 7975 8158 7775 8224 7778 8442 8042 7555 7974 8342 8196 7935 7960 7305 7858 7542 8212 8420 
7826 7554 8057 7956 8297 8092 7090 7566 8032 8015 8225 8469 8020 7777 8335 7600 8187 8004 8518 7339 7932 7770 8148 8213 7839 7982 8305 7642 7497 8207 7979 7940 7872 8221 7489 8077 8510 7935 8156 8167 8052 8039 7547 8003 7795 7196 8083 7593 7800 8124 8534 8331 8194 8019 7903 7531 7864 7736 7810 7868 7510 8011 7817 7931 7875 8302 7873 7928 7564 7750 7998 8366 7957 7506 7560 8279 7686 8009 7441 7831 8087 7710 7950 8222 7579 8353 8506 8027 8691 8030 8387 7627 8403 7818 8033 8226 8130 7897 8073 7336 7645 7689 7018 7949 7548 7903 7562 7831 8187 7623 7742 7696 7624 7674 7615 7901 8323 7623 7736 7419 8147 7882 7548 7787 8247 7877 7808 8094 7672 7760 8386 8028 7638 8100 7372 8265 8157 7023 7650 7692 7773 7828 7976 7844 7400 8054 7519 7475 7867 8210 7413 8221 7995 7886 8241 7655 8592 7448 8117 8441 7964 7938 8206 7689 7883 7704 7651 7659 7957 7695 8129 8145 7576 7429 7643 7721 7829 7333 8375 8180 7811 7745 8123 8060 7271 7571 8470 7812 8487 7436 7979 8466 7937 8466 8341 7172 8216 7414 7689 8464 7797 8152 7963 7339 7942 7910 7965 7896 7643 7931 8220 7996 8108 7728 7582 7551 7628 7927 7213 8031 7786 7821 7985 8091 7594 8356 8273 8185 8058 7686 7702 8278 7803 7581 7891 8426 7868 7704 8139 7592 8116 7955 7747 8375 7711 7146 7707 7490 7548 7885 7428 7720 8224 7858 8272 8182 7639 7893 7894 8112 7713 7778 7450 7818 7533 7307 8536 7540 7646 7885 7676 7572 8122 7849 7737 8335 8009 7935 7809 7089 7985 8040 8007 7776 7343 7805 7476 8278 7438 8216 8146 7990 7627 8042 7371 7644 7680 7832 7465 7764 8148 8280 7749 7864 8116 7761 7826 7786 7264 7525 8198 7818 8062 8218 8025 8038 7596 7624 7800 7820 8039 8186 7519 8263 7340 8069 7978 7979 7273 7913 7921 8423 7989 8105 7743 8412 8233 8064 7818 7926 7520 7836 7278 7669 8150 8078 7644 8157 7827 7908 7679 7885 7837 8384 7626 8285 7846 7730 8128 7524 7964 7947 8115 7733 7543 8034 7698 7459 8148 7626 7934 7519 7466 7364 7491 8109 7638 7384 7973 7974 7911 7573 7837 7870 7725 7842 7593 7940 7591 7729 7649 7858 7915 7837 8169 7505 7878 7872 8049 8117 
8068 7926 7851 7886 8574 8138 7851 7432 7993 7790 8220 8921 7517 7995 8730 8059 8497 8181 8680 7399 7987 8159 8334 7912 8054 8042 8691 7910 8140 8712 7812 7973 8341 7917 7629 8267 8619 7982 8684 8649 8177 8086 8085 8485 7956 7613 7977 7766 8132 8605 9076 8404 8230 8424 8017 7884 8588 7970 8143 8344 7753 8339 7709 8102 7787 8301 7955 7767 7837 8014 8197 8218 8245 7989 7815 7866 7720 8385 7621 8343 8131 8147 8297 8495 8185 8756 8601 8072 8340 8483 8542 7567 8347 8262 8199 8623 8262 8204 8260 7520 7774 8142 7295 8092 8006 7971 7659 7580 8217 8098 7836 8056 8287 7966 8105 8089 8437 7398 8139 7753 8644 7929 7965 7915 8364 8270 7911 8049 8338 7939 7804 8263 7642 8402 7943 8561 8066 7242 7804 7691 8051 7963 7782 8300 7897 8530 7899 7631 8168 8247 7650 8427 8390 7841 8292 8142 8895 7193 8141 8449 8099 8268 8765 8228 7890 8122 7805 7835 8176 7680 7997 8231 7920 7579 7482 7877 7993 7793 8312 8541 7905 8451 8481 8271 7712 7923 8371 8128 8371 7959 7929 8592 8101 8508 8287 7524 8322 7806 8012 8560 7947 8153 7902 7619 7965 8005 8010 7979 8066 8399 8402 8158 8249 7682 7986 7479 7924 8176 7805 8144 8038 7934 8222 7986 7716 8388 8608 7994 8326 8032 7970 8618 7994 7698 7841 8530 8180 7777 8094 7446 8088 8223 7919 9061 8132 7601 7736 7881 7669 8306 8005 8067 8844 8137 8570 8543 8095 7939 8205 8351 8052 8226 7772 8065 7807 7678 8600 7740 7842 8043 7857 7501 8043 8388 8127 8190 8105 8359 8198 7575 8424 7975 7714 8135 7964 8044 7730 8237 7663 8158 8563 8417 7728 7990 7672 8268 8298 8219 8012 7753 8245 7689 7939 8148 8433 8383 8261 8209 7992 7873 8471 7813 8355 8323 8193 8469 7847 7818 8294 8287 8293 8555 8070 8603 7960 7942 7875 8403 7903 8245 7888 8543 8341 8571 7941 8510 7759 8033 7807 8108 7888 8066 7566 8028 8100 7960 7699 8290 7915 8281 8228 7982 8197 8773 7404 8327 7897 7945 8157 7943 8645 8255 8337 8091 8100 8210 7949 7836 8036 7634 7947 7934 7691 7639 7801 8293 8003 7555 8193 8084 7998 7947 7976 7836 7830 8243 7540 8573 7857 8260 7973 8325 8206 7944 8235 7884 8066 7659 8399 8316 
8306 8185 8305 8284 8646 8183 7819 8219 8202 7914 7999 8784 8191 7668 8627 8328 8430 8149 8636 8100 7987 8461 8655 8257 7889 8167 8417 8012 8160 8810 7990 8157 8276 8233 7886 8401 8604 8216 8544 8413 8497 8182 8262 7952 8175 8011 8315 7555 8365 8451 8734 8503 8522 7969 8049 7747 8222 8207 8179 8493 7935 8397 8390 8001 8292 8454 8311 7889 7839 8098 8833 8121 8484 8035 7656 8154 7937 8371 7646 8289 8015 8274 8376 8819 8206 8686 9051 8478 8894 8073 8397 7970 8588 8144 7866 8506 8440 8207 8250 7557 8086 8134 7390 8001 8279 8232 7980 8373 8584 8047 8056 8054 7909 7871 8109 8063 8320 7692 8287 8261 8685 8113 7894 7999 8082 8375 8139 8240 8257 8258 8292 8057 8031 8603 7790 8571 8304 7297 7669 8043 8213 8330 8239 8368 8094 8451 8258 7676 8254 8618 8005 8472 8111 8109 8553 7828 8814 7616 8583 8319 8516 8331 8623 8439 8151 8143 7790 8211 8396 7948 8052 8566 7717 8034 7959 8045 8329 8058 8580 8780 8420 8148 8382 8296 7989 8358 8545 8242 8780 7882 8442 9122 8363 8902 8592 7389 8521 7809 7951 8964 8284 8103 8132 7377 8165 8213 8075 7817 7923 8217 8587 8062 8622 8025 7783 7683 8099 8612 7582 8418 7985 8342 8055 8258 7920 8665 8477 8546 8239 7966 8035 8351 8191 7679 8259 8747 8272 8154 8486 7735 8519 7671 7656 8870 8217 7685 8056 7606 7788 8278 8061 8305 8611 8150 8504 8511 7860 8245 8366 8389 8373 8278 7678 8214 7855 7672 8538 7988 7923 8029 8011 7922 8234 8045 8447 8520 7951 8397 8024 7513 8646 8194 8327 8497 7512 7958 8044 8464 8211 8580 8202 8268 8059 8383 7697 7984 8416 8329 7818 8238 8492 8427 8067 8317 8440 8170 8055 8329 7874 8022 8576 7763 7981 8517 8006 8398 8026 7952 8178 8353 8525 8346 8129 8632 8077 8399 8351 8189 8027 8240 7964 8685 8542 8517 8288 8553 8254 8225 7753 7986 8016 8318 7740 8110 8114 8200 8152 8812 7998 8077 8150 7868 8356 8818 7833 8319 7814 7934 8097 8138 8338 8425 8313 8029 7920 8472 8217 8146 8603 7960 7940 8133 7715 7720 8054 8521 8147 7744 8429 7769 8027 7484 8177 8437 8165 8564 7931 8572 8142 7970 8442 8119 8433 8297 8248 7492 8080 7903 8586 8292 
7953 7773 8190 8120 8550 8081 7547 7482 8424 7841 8314 8309 7850 7884 8680 7991 8690 7770 8516 7644 8219 8172 8127 8005 8016 7755 8431 7936 8108 8830 7862 8184 7984 8232 7722 8403 8681 8147 8044 8036 8043 8160 8191 8294 8065 7863 7996 7759 7800 8332 8838 8325 8256 8271 8085 7668 8282 8039 7750 8162 7617 8385 8056 8330 8360 8240 8122 7912 7646 8139 8349 8262 8408 7761 7771 8320 7798 8377 7805 8603 8325 8121 7930 8704 8271 8623 8597 8140 8599 8076 8515 7530 8058 7811 7834 8754 8214 8143 8000 7574 8060 8318 7157 8050 7707 8144 7932 7958 8409 7941 7659 8462 7891 7923 7758 8394 8421 7583 8141 7774 8543 7944 7595 7566 8051 8268 7961 8239 8141 8029 7854 8057 7883 8603 7918 8095 8080 7208 7648 7849 7915 8401 8124 7978 8071 8206 7651 7969 8302 8612 8093 8424 8287 8080 8213 7911 8498 7265 7980 8164 8113 8218 8665 7900 7655 7603 8240 8130 8361 7629 8200 8407 7761 7432 7799 8006 8035 7710 8475 8068 7947 8038 8530 8845 7806 7552 8164 8105 8584 7966 8108 8860 8235 8675 8673 7313 8687 7812 8182 8631 7930 8053 7979 7426 7897 7905 8312 7960 8113 8470 8445 7990 8300 7528 7780 7730 7879 8385 7620 8160 7800 7911 8135 8274 7773 8200 8509 8043 8535 8197 7905 8473 8001 7934 7988 8296 8020 7982 8245 7922 8158 7823 7936 8710 8330 7574 7765 7492 7421 8153 7393 7681 8219 7669 8456 8258 7894 7830 8136 8314 7715 7898 7506 7951 7473 7540 8578 7645 8153 7559 7895 7665 7675 8393 8140 8212 8237 8069 7966 7504 8347 8228 8339 7590 7849 7802 7994 8234 7808 8082 8340 8114 7880 8354 7725 7970 8004 8368 8025 7955 8201 7730 7924 8143 8355 8115 8389 8413 7978 7990 8667 7516 8269 8250 8332 8474 7943 7513 7886 8081 8385 8404 8137 8564 7972 8150 8140 8465 7775 8000 7715 8518 8062 8304 7791 8203 7940 8255 8057 7789 7798 8255 7625 8097 7765 7977 7616 8053 8091 8003 7881 7868 8162 8508 8018 8510 7858 7755 8349 7770 8223 8333 7924 8135 7639 8081 8005 7863 8127 7564 7808 8045 7578 7490 8173 8370 8093 7833 8324 8090 8315 7645 7727 8089 7809 8326 7977 8472 7904 8126 7944 7947 8323 7800 8103 7390 7934 7265 8276 8027 
8089 8383 8408 8062 8801 8127 8025 7930 8239 7948 8186 8385 8226 7818 8542 8280 8963 8158 8642 7766 8142 8430 8500 8329 8228 7922 8195 7951 8096 8984 7844 8421 8236 8111 7927 8497 8666 8178 8508 8369 7955 8416 7829 8590 8004 7476 8258 7960 8357 8559 8722 8496 8605 8274 8187 7840 8126 8198 8292 8556 7953 8521 8199 8269 8137 8493 8011 7685 7836 8368 8278 8501 8150 7740 7735 8515 8276 8453 7807 8474 7852 8207 8390 8629 8289 8365 8836 8210 8601 8445 8336 7919 8556 8150 7741 8744 8205 8153 8428 7847 7912 8332 7283 8248 7677 8281 7871 7409 8274 8091 8444 8172 7709 7945 7996 8172 8373 7678 8452 7625 8552 8083 8122 7930 8240 8241 8169 8591 8292 8057 8178 8040 7761 8681 7834 8297 8332 7450 7946 8083 8253 8202 8433 8181 8035 8411 7903 7836 8534 8263 7730 8740 8172 8241 8321 8102 8750 7870 8514 8004 8651 8050 8759 8551 7924 7938 8059 8227 8240 7878 8049 8929 7931 7550 7643 8150 8099 7857 8262 8206 8427 7957 8715 8371 7809 8029 8590 8347 8475 7990 8249 8923 8269 8916 8880 7744 8319 7949 7956 8707 8255 8253 8222 7673 8310 8124 8108 7964 8073 8267 8359 8162 8596 7775 8072 7753 7674 8272 7797 8783 7954 7991 8312 8506 8090 8594 8511 8447 8317 7916 8189 8131 8210 7885 7726 8467 8575 8429 8389 7567 8277 8325 7798 8585 8242 7624 8065 7484 7955 8479 7665 8019 8449 8164 8140 7923 8276 8090 8405 8519 8253 8122 7622 8097 7832 7728 8792 8035 8320 7967 8179 7522 8044 8501 7919 8318 8378 8347 7887 7546 8472 8026 8341 8159 7595 8107 7930 8849 8129 8134 8502 8159 7650 8737 8318 8513 8079 8562 8295 8231 8585 8524 8038 8179 8658 8066 8449 8365 8111 7871 8601 7906 8330 8731 8200 8631 7958 8382 8217 8194 8443 8613 8020 8721 7727 8457 8153 8318 7815 8108 8219 8601 8677 8686 8143 8772 8324 8465 8077 8233 7889 8096 7961 8159 8105 8171 7947 8388 8231 8203 7982 7850 8393 8676 7625 8562 7674 7995 8530 7883 8849 8179 8287 7753 8030 8473 8133 8138 8397 7850 8075 8193 7923 8026 7762 8435 8287 7757 8296 8279 8324 7625 8469 8042 8172 8272 8161 8784 8124 7997 8197 8635 8286 7923 8399 7537 8025 7797 8732 8559 
7872 8014 7935 8037 8463 8015 7751 7916 8122 7995 8281 8118 7928 7769 8339 8245 8822 8081 8229 7396 7928 8443 7946 8044 7828 7855 8159 8120 7939 8549 7972 8129 8158 7939 7417 8415 8520 7952 8169 8280 8028 7901 8092 8278 8119 8060 8297 7624 7857 8034 8750 8515 8265 8620 8138 7719 8126 7712 7986 8410 7673 8641 8494 8012 7911 8103 8077 7967 7908 7768 8428 8215 8411 7751 7464 7891 7624 8403 7647 8152 7932 8083 7983 8461 7935 8623 8532 8033 8648 7874 8378 7960 8122 7699 8042 8951 8203 8208 8090 7203 7747 8179 7117 7938 7710 8070 7678 7565 8095 7958 7633 8246 7745 8018 8082 8367 8451 7441 7814 7653 8379 7655 7610 7573 8177 7774 7631 8542 8112 8174 7963 8135 7744 8393 7867 8120 7801 7057 7756 7688 7967 8132 8613 8084 7892 8089 7392 7904 8107 8290 7633 8441 7765 8025 8463 7812 8404 7409 8113 8008 8458 7941 8366 8186 7516 7991 7978 7882 7896 7484 7894 8217 7791 7685 7591 7628 7811 7698 8296 8232 7988 8125 8518 8653 7652 7916 8468 7885 8103 7866 8017 8935 8324 8574 8327 7531 8179 7418 8109 8568 7845 8001 8161 7768 8142 7888 7840 7906 7746 8190 7993 7848 8437 7494 7849 7630 8092 7956 7437 8554 7950 7999 7876 8552 7592 8404 8398 8263 8414 8000 7642 8435 7934 7905 7754 8291 7781 7901 8278 7586 8362 7710 8079 8513 8024 7250 8089 7577 7664 8093 7411 8041 8433 7746 8256 8262 7868 7609 7845 8521 7813 7758 7317 8128 7647 7477 8604 7673 7982 7836 7741 7520 7793 7933 7724 8200 8297 8033 7949 7345 8179 8213 8067 7925 7308 7810 7851 8475 7997 8084 8084 8197 7540 8017 7803 7950 8106 8090 7773 7903 7938 8000 8338 8267 8091 7999 8048 8154 8036 7809 8593 7938 7911 8145 7920 8270 7944 7718 8107 8047 8252 8123 7767 8674 7991 8194 8228 8010 7642 7888 7349 8481 8110 8005 7753 8134 8211 7943 7326 7751 7909 7973 7909 7724 7878 7914 7532 8609 7828 8224 7943 7762 8422 8747 7724 8263 7901 7685 7953 7642 8192 8047 8244 7760 7939 7847 7973 7846 8231 7840 7767 8021 7627 7555 8078 8052 8237 7976 8145 7953 8056 7322 7869 7682 7886 8287 7853 8240 8304 8147 7784 8079 8113 7593 7764 7477 8097 7584 8217 8407 
8307 8185 8018 8399 8809 8379 8055 7828 8531 8102 8737 8632 8269 8461 8921 8435 8745 8226 8902 7965 8393 8666 8560 8672 8193 8051 8329 8012 8329 8953 8115 8570 8445 8385 7954 8415 9103 8453 8501 8514 8163 8398 8376 8544 8190 7972 8298 7920 8271 8798 9124 8720 8499 8448 8079 8077 8673 8570 8169 8533 8320 8707 8420 8336 8246 8453 8272 8093 8061 8388 8713 8552 8458 8001 7988 8505 8005 8844 8075 8724 8238 8269 8438 9063 8205 9053 9190 8337 9018 8323 8672 8126 8441 7980 8082 8750 8503 8556 8685 7770 8237 8283 7518 8494 8194 8333 8077 8420 8693 8501 8389 8379 8293 8420 8142 8732 8762 8203 8081 7936 8723 8128 7878 8267 8413 8624 8163 8837 8287 8479 8427 7987 8106 9041 8015 8322 8533 7489 8171 8172 8249 8465 8300 8526 8129 8753 8106 8233 8567 8574 8130 8449 8495 8378 8603 8172 8971 7890 8664 8349 8352 8512 8975 8538 8032 8120 8638 8469 8372 8012 8295 8983 7845 7900 7908 7929 8336 7904 8648 8821 8359 8325 8745 8830 8463 8000 8795 8355 8978 7964 8296 9119 8326 9070 8836 7736 8727 7677 8223 9093 8443 8335 8253 7761 8339 8271 8566 8170 7989 8500 8584 8250 8681 8162 8009 8008 8015 8292 8006 8479 8262 8708 8320 8844 8169 8628 8790 8872 8595 8641 8036 8697 8268 7974 8192 8703 8640 8117 8637 7792 8397 8186 8437 9054 8191 7852 8510 7649 8171 8584 8289 8293 8425 8343 8957 8663 8267 8513 8371 8670 8404 8286 8001 8128 7718 7896 9425 8177 8348 8164 7889 8224 8452 8343 8577 8845 8467 8568 8510 7698 8819 8344 8400 8364 7894 8442 8336 8845 8039 8669 8577 8705 8666 8715 7769 8125 8051 8646 8174 8008 8522 8465 8327 8448 8464 8555 8386 8592 8336 8117 8638 8007 8374 8652 8186 8440 8152 8301 8487 8576 8347 8785 8566 8788 7819 8577 8300 8560 8426 8435 8366 8557 8589 8525 7995 8686 8388 8486 8487 8611 8060 8031 8008 8433 8208 8351 7842 8830 8085 8692 8004 8265 8303 9012 7881 8582 8108 8345 8348 8040 8679 8535 8450 8362 8094 8429 8416 7795 8549 7950 8151 8336 7842 7755 8040 8673 8392 8078 8415 8432 8558 8171 8346 8348 8445 8506 8179 9119 8197 8132 8188 8590 8389 8228 8238 7811 8311 8028 8731 8826 
7945 7912 7925 8024 8460 7920 7616 7970 7920 7639 8079 8205 7794 7720 8640 8177 8136 7707 8308 7630 7993 8333 8376 7912 7964 7947 8182 7921 8044 8635 7925 7937 8009 8052 7737 8242 8494 8017 8101 7734 8147 8120 7845 8153 7964 7623 7783 7268 8212 8254 8535 8291 8290 8269 8114 7704 8089 7719 8108 8106 7542 8156 8035 7886 7986 8423 7927 7623 7848 7610 8184 8342 8253 7554 7626 8174 7771 8593 7568 8371 7528 7983 7926 8176 7690 8398 8393 7885 8399 7975 8311 7609 7945 7827 7875 8572 8397 8282 8242 7588 7704 7989 7343 8234 7916 7884 7755 7685 8603 7757 7800 7991 7564 8101 8273 7986 8207 7685 8222 7547 8327 7813 7475 7869 7910 8009 8172 8012 8134 7922 7700 7760 7569 8284 7984 8013 8258 7119 7788 7582 8240 7741 7954 8149 8005 8047 7605 7938 8188 8314 7746 8001 8000 7988 8188 7818 8607 7408 8356 7779 8017 7869 8315 7966 7529 7663 7483 8120 8057 7726 8190 8109 7577 7694 7523 7833 7996 7419 8204 8593 7791 7860 8498 8349 7681 7516 8158 7980 8472 7523 8021 8288 8023 8492 8314 7194 8441 7541 8283 8477 7872 8171 8074 7155 8149 7787 8154 8201 8050 8124 8311 7788 8319 7982 7834 7969 7660 7981 7642 7701 8178 7856 7817 8167 7691 8411 8287 8123 8746 7590 7412 8269 8023 7781 7407 8474 8268 7916 8119 7558 8056 7837 7748 8550 8117 7672 7729 7400 7662 8119 7535 7796 8294 7912 8307 8137 7655 7908 8167 8133 7752 7668 7338 8217 7681 7368 8374 7779 8295 7703 7842 7396 7839 7955 8013 8578 8015 7915 7809 7651 8106 8122 8097 7886 7626 8144 7645 8396 7564 7982 8373 8271 7544 8184 7917 8345 7764 8031 7545 8133 8175 7832 7817 8290 8080 8341 8087 7990 7905 7929 8436 7806 8303 8105 7732 8195 7805 7711 8200 7624 8203 8102 7893 8430 7762 8173 7585 7948 7559 7702 7890 8169 8048 8221 7625 8248 7967 8210 7854 7858 7669 8082 7478 7837 8146 7909 7958 8239 7889 8008 7746 7477 8151 8596 7495 7993 7848 7709 8124 7795 7983 8299 8263 7888 7702 8185 7846 8103 8125 7579 7405 7670 7429 7678 7866 8284 8053 7285 7784 7717 8088 7663 7856 8083 7820 8237 7730 8377 7977 7764 7850 8235 7984 7909 8115 7379 7863 7406 8217 7917 
8082 8366 8282 8293 8804 8352 8089 8313 8510 8087 8053 8736 8316 8290 9144 7996 8678 8116 8819 7845 8418 8452 8841 8034 7965 8066 8408 8347 8470 8908 8085 8455 8286 8435 8089 8535 8855 8398 8519 8655 8221 8304 8439 8500 8390 8183 8536 8067 8647 8802 9002 8684 8573 8261 8387 7903 8463 8426 8120 8579 7980 8591 8571 8418 8293 8176 8316 7968 8277 8229 8898 8704 8410 8112 7965 8456 8120 8651 8018 8998 8246 8180 8640 8903 7956 9081 9088 8494 9000 8629 8534 7695 8833 8251 8245 8863 8249 8239 8572 7938 7966 8325 7791 8272 8399 8350 8102 8252 8581 7953 8188 8356 7828 8221 8476 8238 8807 8114 8271 7949 8728 8193 7999 8202 8116 8591 8000 7994 8305 8211 8433 8072 8176 8644 8096 8414 8707 7443 7873 8124 8484 8468 8261 8551 7997 8736 7862 8162 8264 8550 8107 8673 8392 8209 8609 8332 8997 7861 8533 8483 8227 8430 8830 8656 7748 8299 8325 8038 8399 7994 8258 8656 7934 8261 7933 8291 8556 8056 8395 8677 8208 8328 8470 8614 8140 8167 8543 8112 9037 8050 8140 8977 8594 9131 9096 7795 8715 7987 8399 8624 8391 8584 8488 7945 8225 7929 8601 8257 8163 8301 8540 8071 8560 8468 7686 7995 7821 8327 7752 8350 8380 8082 8226 8984 7820 8418 8756 8325 8488 8111 8315 8623 8237 8080 7930 8497 8555 8478 8576 7909 8452 8054 8215 8991 8478 7706 7967 7682 8052 8480 8045 8285 8673 8424 8471 8656 8299 8136 8537 8576 8003 7934 7783 8275 8092 8034 8840 7996 8109 8222 8093 7672 8211 8503 8148 8884 8307 8560 8296 7761 8667 8304 8407 8014 7895 8151 8398 8650 8324 8542 8665 8484 8138 8325 8152 8328 8088 8457 8207 8259 8453 8416 8410 8169 8512 8690 8426 8273 8453 7957 8867 8084 8145 8679 8414 8879 8324 8155 8410 8241 8363 8652 8066 8880 7916 8617 7910 8245 8206 8022 8096 8466 8731 8362 8255 8637 8145 8630 8318 8231 7929 8396 7953 8493 8465 8469 8301 8656 8051 8792 8141 8127 8288 8977 7972 8635 7892 8216 8440 8197 8557 8575 8383 8223 7853 8270 8488 8250 8777 8176 8545 8126 8101 8198 8130 8440 8675 7775 8571 8124 8379 7813 8445 8175 8232 8260 8180 8814 8307 8204 8437 8289 8564 8301 8368 7821 8030 7777 8587 8645 
7455 8044 7915 7858 8550 8147 7831 7726 8421 7328 8090 8010 7852 7420 8472 7800 8591 7837 8513 7423 7781 7829 7966 7943 7700 7786 8079 7775 7464 8482 7672 7881 7917 7848 7818 8150 8165 7761 8168 8308 7982 8214 7766 8380 8004 7546 7874 7463 7753 8363 8793 8335 7935 7936 7793 7150 7529 8045 7930 8421 7582 8118 8090 8123 8144 7929 8081 7624 7500 7997 8211 8210 7979 7716 7307 7931 7863 8135 7739 8348 7732 8312 8117 8164 8021 8516 8803 8043 8183 7709 8470 7524 7979 7884 7686 8373 8302 7652 7869 7578 7599 7693 7316 7760 7854 7679 7896 7911 8048 7850 7707 8182 7607 7724 7816 7952 7818 7574 7970 7519 8468 7985 7883 7913 7858 8340 7681 8137 7864 7819 7752 7618 7718 8736 7870 8312 8087 6767 7784 7780 7863 7897 7626 7889 7857 8156 7435 7908 7858 8262 7514 8186 8093 7874 8349 7809 8498 7433 8371 8403 8203 7989 8250 7877 7730 7505 7977 7843 8326 7889 7895 8083 7743 7906 7607 7973 8051 7649 8196 8487 7984 8061 8164 7981 7744 7853 8199 7662 8324 7726 8021 8810 8357 8353 8278 7325 8315 7418 7974 8783 7845 8019 8007 7274 7734 7867 7891 7714 7789 7863 8566 7646 8063 8036 7713 7506 7981 7670 7538 8130 7850 7924 7822 8310 7872 8366 8827 7806 8540 7724 7391 8123 7838 7508 7605 8215 7967 7765 8084 7264 7951 7751 7813 8536 8087 7473 7663 7839 7660 8048 7810 7811 8104 7629 8258 7948 7780 7756 7866 7993 8075 7551 7508 8024 7703 7436 8385 7596 7760 7533 7656 7065 7693 7956 8159 8369 7778 8038 8077 7520 8170 8078 8078 7911 7302 7875 7746 8183 7701 8178 7943 7972 7739 7969 7494 7790 7978 8094 7811 7619 8019 7756 7858 7834 7921 8032 7883 8207 7833 7534 8187 7723 7948 8267 8149 8172 7783 7533 7943 7931 8281 7973 8001 8379 7740 8284 7860 7912 8031 8007 7782 8423 7936 8294 7479 8301 7934 7965 7478 7857 7701 7803 7814 7761 7973 7944 7617 8322 7870 8196 7724 8029 7810 8691 8124 8166 7639 7601 8145 7890 8308 7967 8421 7907 7691 8194 8015 7830 8211 7574 7747 7855 7304 7474 7785 8128 7987 7683 8059 7748 8162 7647 8174 7953 7695 8275 7771 8635 8149 7863 7674 7912 7718 8193 8329 7511 8105 7366 8025 8168 
8136 7946 7814 7745 8574 8164 7561 7714 8049 7718 7929 8377 8182 7976 8534 8020 8724 8063 8409 7580 7804 8217 8260 7901 7773 8233 8126 7984 7708 8542 7775 8041 8138 8078 7673 8193 8585 7931 8168 8242 8033 7989 7988 8050 8150 7726 8022 7702 7991 8428 8403 8262 8432 8522 7949 7370 8223 7813 8154 8296 7586 7852 8127 8064 8014 8174 8054 7599 8002 7933 8486 8379 8320 7898 7621 8430 7853 8138 7597 8582 7963 8254 8190 7919 8039 8703 8478 8056 8260 7993 8739 7485 8358 7842 7868 8198 8129 8034 8234 7556 7855 7935 7251 8225 7884 8322 7667 8238 8296 7624 7812 8371 7625 7842 7835 8119 8173 7737 8151 7957 8299 7832 7736 7700 7840 8446 7821 8335 7874 7934 7719 8341 7612 8418 7478 8271 7944 7016 7600 7749 8083 8052 7977 7717 7844 8182 7356 7746 8576 7917 7604 8765 8212 7744 8341 7805 8638 7094 8264 8191 8024 8266 8617 8131 7708 8071 8002 8226 8035 7510 8166 8340 7775 7506 7432 8248 7751 7530 8007 8377 7877 8019 8628 7881 7397 7449 8297 7880 8933 7863 7833 8946 8218 8372 8500 7583 8332 7880 7864 8531 8148 8097 8279 7376 7769 7442 8092 7677 7971 8132 8401 8321 8300 8244 7564 7737 7792 7939 7694 8204 7830 8161 8039 8447 7744 8233 8337 7933 8523 7841 8031 8193 8409 7886 8085 8391 8312 8064 8355 7468 8228 7870 7680 8699 8023 7459 7875 7173 7552 8033 7603 7759 8276 7992 8354 7979 7876 8189 8011 8367 7896 8036 7475 7862 7683 7474 8495 7852 7737 7709 7759 7762 7821 7773 8212 8325 7856 8103 8055 7922 8149 7956 8046 7930 7774 7797 7694 8402 7936 7992 8278 7898 7972 8118 7425 8313 8299 8426 8054 8051 8022 8329 8041 8234 8211 8363 8109 8228 7913 7614 8353 7790 8441 8041 7908 8077 8127 7729 8315 7865 8375 8244 8437 8579 7703 8256 8072 8028 7992 7580 7845 8304 8436 8341 7968 8219 8156 8246 7987 7909 7831 8073 7777 8211 7861 7909 7959 8270 7713 8308 8020 7830 8071 8629 7498 8527 7785 7743 8133 7696 8591 7998 8519 7661 8022 8393 7917 7967 8339 7646 7768 8188 7648 7455 7482 8149 8386 7834 8009 7941 8259 7496 7876 8113 7700 8655 7790 8320 8091 7904 7764 8218 8097 7709 7889 7541 8055 8088 8358 8328 
8321 8809 8720 8482 9086 8421 7957 8420 8351 8121 8715 8680 8563 8193 8981 8208 8827 8402 8992 8265 8516 8655 8734 8636 8610 8326 8643 8333 8324 9312 8076 8778 8573 8426 8157 8753 8844 8309 8396 8457 8439 8453 8605 8357 8434 8041 8317 8170 8511 8818 9169 8743 8872 8684 8682 7877 8846 8410 8627 8704 8304 8952 8539 8811 8650 8360 8515 8409 8294 8502 8615 8940 8885 8060 7918 8587 8315 8901 8227 8853 8526 8753 8835 8851 8254 9142 9156 8578 9058 8661 8840 7959 8829 8205 8346 9408 8723 8410 8564 7772 8081 8821 7736 8368 8108 8408 8444 8459 8924 8276 8591 8818 8571 8565 8569 8783 8689 8187 8758 8146 8763 8467 7942 8560 8259 8645 8324 8506 8338 8340 8634 8402 8520 8658 8567 8841 8927 7780 8233 8395 8378 8774 8634 8260 8162 8312 8170 8224 8491 8829 8445 9060 8483 8607 8633 8325 8909 7734 9038 8837 9153 8641 8871 8595 8152 8248 8129 8593 8739 8173 8374 8784 8034 8167 7919 8444 8420 8131 8819 9167 8404 8509 9097 8946 8134 8281 8694 8813 8765 8396 8787 9446 8460 9099 9105 7781 8883 8203 8781 8904 8699 8660 8762 8195 8178 8222 8487 8182 8306 8407 8509 8440 8733 8507 7807 8168 8346 8679 8179 8461 8363 8709 8351 8867 8368 8981 9103 8888 8708 8256 8421 8823 8153 8185 8021 8952 9022 8419 8870 7962 8606 8146 8253 9199 8517 7733 8533 7771 8134 8395 8055 8254 9021 8827 8555 8395 8082 8430 8520 8764 8543 8254 7766 8379 8084 7774 9170 7614 8315 8357 8432 8050 8468 8702 8450 8767 8799 8316 8489 8010 8677 8666 8545 8131 7737 8477 8429 8978 8454 8715 8796 8853 8731 8632 8335 8679 8152 8352 8486 8322 8291 8602 8526 8571 8657 8485 8380 8585 8238 8321 9156 8236 8635 8632 8780 9000 8223 8124 8410 8368 9055 8967 8589 8682 8168 8899 8286 8689 8315 8491 8302 8624 8686 8772 8466 8880 8154 8481 8403 8378 8320 8446 8579 8505 8632 8373 8317 9265 8216 8625 8335 8166 8540 8870 7965 9024 8254 8011 8852 8243 8418 8386 8710 8362 8139 8764 8466 8397 9005 8034 8217 8712 7966 8166 8276 8905 8922 8246 8764 8045 8316 8088 8553 8651 7967 8641 8628 8772 8492 8393 8505 8492 8602 8406 8342 8193 8578 8215 9257 8738 
8140 8695 8759 8719 8953 8629 8401 8382 8374 8110 8646 8760 8195 8747 9363 8242 9235 8835 9044 8006 8834 8819 8819 8412 8641 8284 8797 8500 8293 9212 8442 8838 8403 8536 8493 8871 9017 8333 8763 8953 8249 8873 8733 8874 8569 8121 8518 8216 8506 9095 9472 8848 8638 8645 8562 8245 8730 8633 8324 8897 8522 8976 8647 8668 8438 8502 8367 8442 8392 8400 8891 8617 8801 8305 8225 8770 8329 8898 8045 8698 8675 8569 8435 8706 8604 8697 9169 8885 8861 8300 8712 8197 8898 8466 8421 9201 8413 8517 8538 7854 8407 8821 7661 8447 8504 8591 8809 8516 8471 8258 8409 8658 8379 8230 8502 8575 8970 8435 8640 8133 9213 8295 8249 8104 8674 8911 8284 8626 8487 8384 8412 8309 8276 8735 8120 8882 8349 7463 8186 8475 8388 8754 8878 8576 8689 8910 8275 8481 8560 8754 8261 8663 8644 8545 8829 8432 9165 7751 8648 8492 8800 8442 9137 8898 7977 8678 8131 8657 8777 8371 8212 8419 8000 8555 8135 8390 8616 7977 8825 8815 8929 8488 8693 8856 8471 8363 8952 8514 9095 8517 8607 9267 8825 9131 8839 7877 8677 8183 8446 9195 8434 8379 8635 8298 8506 8526 8904 8148 8503 8836 9081 8319 8647 8243 8223 7705 8456 8643 7995 8820 8383 8278 8530 9105 8189 8975 8721 8636 8593 8227 8769 8980 8485 8038 8803 9112 8826 8358 8312 8045 9199 8613 8284 9067 8622 8153 8063 7955 8725 8842 8270 8502 8770 8828 8596 8893 8320 8538 8778 8862 8376 8761 8169 8567 8360 8144 9093 8479 8433 8414 8736 7916 8538 8589 8139 8804 8476 8648 8330 7459 8867 8381 8618 8451 8125 8124 8680 9055 8502 8790 9035 8569 8369 8749 8295 8081 8150 8705 8457 8342 8250 8609 8397 8586 8622 8890 8804 8733 8568 8424 9056 8391 8445 8817 8726 8993 8156 8253 8689 8690 8989 8856 8494 9126 8304 8557 8403 8789 8310 8183 8482 9008 8824 8681 8512 8992 8511 8820 8077 8769 8567 8473 8000 8545 8505 8649 8238 8528 8352 9086 8564 8222 8567 9476 7910 9162 8197 8248 8780 8273 8407 8668 8651 8308 8349 8538 8583 8343 8768 8582 8450 8647 8114 8143 8378 8612 8781 8086 8875 8441 8426 8049 8507 8530 8092 8550 8231 9140 8289 8222 8407 8419 8551 8349 8161 8108 8291 8391 9263 8752 
7490 7784 7850 8066 8528 8096 7864 7558 7906 7670 8061 8181 7836 8076 8399 7706 8534 7797 8326 7205 8052 7848 8245 7762 7925 8108 8102 8013 7533 8409 7489 8252 8047 7997 7826 8177 8483 7988 7861 8126 7810 7989 7800 8285 8139 7381 7948 7482 8150 8343 8533 7943 7891 7964 7867 7182 7870 7738 7829 8177 7652 8141 8132 8082 7853 7864 7629 7625 8074 7985 8195 8118 7978 7622 7606 8045 7798 8209 7391 8189 7902 8410 7803 8179 7722 8430 8477 8169 8386 8051 8410 7547 8146 8047 7706 8467 7948 7815 8048 7465 7766 7857 7102 8030 7670 7988 7569 7726 7964 7833 7576 8154 7637 7764 7729 7881 8291 7487 7997 7935 8418 7561 7610 7311 7900 7949 7960 8030 7858 7932 7598 7657 7773 8107 7493 8163 8025 7155 7677 7785 7700 8007 8100 7721 7542 8184 7427 7710 7885 7683 7939 8222 7883 7715 8394 7911 8463 7243 8155 8141 8213 8137 8540 8058 7676 7902 7848 8076 7782 7674 7755 8225 7555 7712 7418 7784 7763 7587 7735 8377 8075 8035 8061 8041 7554 7552 8183 7888 8220 7812 7896 8439 7979 8271 8260 7103 7985 7457 7818 8224 8040 8051 7934 7726 7757 7405 8021 7432 7858 8109 8129 7914 8067 7682 7463 7548 7833 7775 7597 8099 7899 7877 7708 8155 7396 8219 8277 8068 7961 7672 7936 8198 7623 7405 7865 8055 8346 7771 8289 7146 8059 7812 7812 8532 7954 7229 7445 7336 7930 8149 7659 7586 8002 8356 7915 7929 7928 7950 7851 8306 8062 7807 7597 8002 7525 7360 8246 7448 7507 7344 7753 7540 7623 8263 7777 8421 8240 8066 7673 7335 8166 8222 7826 7850 7410 7722 7721 8409 7712 7798 8116 7987 7789 7730 7728 7743 7924 7697 7828 7473 7973 7920 7773 8084 7910 8130 7990 7937 7811 7710 8097 7365 7955 7915 8201 8348 7789 7464 7932 7816 8090 8693 7864 8162 7618 8066 8148 8274 7451 7730 7760 8203 8227 8105 8008 8175 7801 8246 7796 7751 7907 8058 7634 7992 7934 7529 7756 7641 7662 8125 7622 7836 7865 8304 7409 8302 7759 7430 8040 7991 7939 7930 8020 7960 7588 8189 7906 7688 8011 7781 7610 8151 7293 7768 7797 7956 8365 7787 7922 7670 7843 7504 7754 8006 7756 7971 7696 8519 8012 7544 7714 8033 8099 7654 7643 7750 8064 7747 8277 8291 
8024 8140 8551 8414 8941 8330 7779 7909 8544 8002 8414 8549 8230 8164 8796 8188 9333 8249 8470 8157 8194 8454 8586 8369 8090 8073 8616 8238 8276 8576 7824 8295 8337 8069 7998 8408 8709 8573 8456 8671 8312 8359 8499 8416 8529 7763 8503 8319 8426 8614 9165 8445 8319 8340 8418 7902 8450 8169 8334 8817 8061 8565 8179 8508 8167 8486 8333 8044 8029 8065 8968 8463 8670 8164 8039 8597 8110 8429 8154 8444 8175 8298 8529 8723 8214 8792 8905 8772 8515 8198 8652 8082 8644 8131 7936 8864 8682 8389 8117 7668 8069 8513 7367 8138 7972 8375 7910 8287 8618 7942 8180 8807 8137 8169 8418 8249 8790 7898 8345 7964 8761 8289 8232 8037 8254 8919 8299 8325 8204 8246 8320 8308 8078 8771 7817 8570 8456 7459 8063 8058 8091 8293 8525 8412 8074 8472 7852 8242 8643 8428 8136 8794 8504 8139 8470 7999 9112 7769 8360 8650 8491 8249 8655 8165 7893 7964 7971 7934 8691 8414 8135 8484 7827 8157 7968 8424 8391 7847 8543 8482 8480 8161 8691 9000 7862 8176 8480 8101 8585 8198 8555 9093 8628 8948 8769 7619 8565 8023 8177 8962 8191 8418 8158 7832 8061 8187 8208 8329 8285 8425 8720 8170 8657 8594 8023 7992 8243 8603 7804 8656 8394 8456 8448 8703 8313 8830 8800 8382 8424 8316 8093 8648 8134 8233 8111 8773 8572 8092 8903 7965 8381 8027 8035 9079 8476 7749 8059 7581 7977 8297 7830 8137 8551 8505 8678 8428 8114 8469 8469 8616 8034 8075 7962 8250 8005 7974 8829 8110 8023 8019 7943 7740 7870 8774 8297 8668 8752 8536 8293 7794 8537 8533 8368 8420 7652 8468 8245 8704 8139 8484 8705 8672 8550 8437 8170 8269 8496 8297 8503 8112 8445 8317 8328 8497 8399 8344 8863 8232 8190 8287 8998 8270 8436 8653 8314 8607 8004 8312 8231 8321 8655 8735 8686 8662 8140 8754 8166 8427 8211 8522 8245 8680 8571 8555 7945 8805 8407 8499 8310 8256 8067 8355 8203 8119 8058 8099 8095 8501 7937 8307 8073 8108 8570 9149 7937 8334 8343 8266 8642 8452 8995 8189 8442 8059 7936 8478 8148 8576 8627 8175 8086 8403 7922 8068 8234 8552 8404 8018 8430 8226 8061 7932 8167 8402 8048 8737 8271 9234 8046 8058 8184 8663 8559 8465 8343 7910 8300 7753 8764 8641 
7976 7854 7931 8015 8434 8152 7953 7992 7933 7793 8376 8140 7827 7651 8651 7801 8351 8061 8358 7484 8365 8347 8152 7997 7842 8103 8296 7857 7872 8575 8214 7966 8204 8219 7916 8565 8279 8053 8050 8423 8149 7986 8242 8115 8186 7486 8091 7580 8202 8413 8504 8360 8293 8187 8398 7480 8074 7668 7885 8238 7468 8688 8153 8387 7955 7957 7836 7797 8010 7862 8120 8083 8513 7588 7707 8028 7972 8449 7701 8489 7923 7686 8196 8261 7949 8503 8560 8290 8494 8245 8447 7637 8077 8082 7948 8739 8327 8072 8125 7468 7771 8157 7578 7605 7827 8015 7817 7884 8192 7709 7737 8034 8043 7737 7966 8186 8276 7995 8271 7831 8326 7813 7756 7901 8076 8267 7852 8214 7809 7729 8075 7873 7942 8331 7703 8485 8000 7199 7918 7401 8125 8143 8360 7943 7835 8461 7435 7598 7875 8343 8025 8622 8206 7808 8159 7885 8484 7235 8411 8060 8461 8192 8472 8068 7769 7848 7659 8168 8243 7822 7831 8161 7807 7912 7924 7967 8062 7874 8474 8205 8089 8101 8359 8345 7786 7874 8334 7846 8588 7943 8067 8917 8003 8409 8256 7296 8380 7760 7912 8450 8033 8007 7951 7630 8054 7805 7983 7897 8030 8111 8310 8119 7923 7893 7598 7371 7930 8187 7604 8457 7953 8142 8100 8312 7784 8151 8691 8412 8327 7829 7709 8386 7988 7742 8055 8249 8257 8000 8039 7835 8251 7854 7704 8432 7961 7602 8044 7513 7397 7917 7811 7640 8227 7794 8483 8310 8027 8243 8198 8515 7746 7903 7459 8087 7519 7852 8489 7659 7695 7849 7782 7402 8089 8007 7890 8627 8378 8457 7982 7316 8302 8249 8136 7836 7611 7984 8082 8578 7802 8431 8230 8155 7847 8235 7691 8087 8015 8291 8060 7713 8028 8035 8101 7886 8401 7973 8457 8232 8021 7555 8847 8037 8094 8312 8263 8429 8025 7764 8160 8333 8474 8589 8050 8158 8170 8116 8000 8373 7610 7901 7441 8403 8214 8302 8001 8421 8050 8173 7824 8084 7916 8018 7786 8195 8027 8285 7482 8364 8040 8257 8021 7984 7815 8655 7699 8194 8014 7716 8092 7851 8237 8036 8264 7860 7769 8135 8177 7877 8243 7685 7851 8025 7675 7526 7962 7926 8185 7827 8093 7678 7965 7653 7945 7967 7739 8313 7941 8344 8071 7936 7824 8185 7987 7850 8067 7827 8161 7801 8490 8235 
8023 8019 8451 8120 9084 8288 7803 7746 8438 7594 8197 8514 8020 7988 8495 8093 8849 8191 8378 7689 8252 8335 8308 8051 8026 8062 8303 8156 8218 8810 7862 8086 8133 8525 8202 8409 8414 8455 8160 8529 8217 8138 8385 8615 8083 7682 8147 7532 8523 8483 8781 8170 8629 8518 8522 7598 8405 8227 8407 8497 7802 8592 8281 8177 7934 8400 8095 8024 7978 8075 8282 8261 8405 7885 8037 8340 8015 8388 7896 8295 8166 8238 8536 8455 8109 8514 8625 8203 8568 8460 8333 7811 8240 8077 7892 8827 8258 8337 8364 7352 7848 7980 7440 8227 7887 7948 7920 7804 8430 8010 8126 8103 7702 8125 8122 8261 8433 7684 8217 7999 8559 8079 7813 8084 7974 8421 8083 8148 8521 7978 8129 7878 7951 8691 7548 8639 8068 7228 8063 7677 8261 8248 8319 8208 8148 8315 7873 8088 8383 8387 7862 8724 8247 8026 8492 7911 8717 7648 8365 8442 8516 8052 8818 8624 7794 7881 7816 8040 7867 7744 8182 8556 7713 8050 7815 8045 8350 7786 8369 8520 8143 8113 8408 8612 8018 7785 8479 8311 8515 7805 8234 8786 8444 8667 8546 7268 8361 7676 7856 8572 8050 8133 8357 7756 7949 8221 7974 8271 8117 8161 8181 7976 8644 8248 7883 7826 7960 8053 7705 8513 8163 8332 7932 8437 8073 8839 8725 8461 8427 7767 7988 8385 8148 8073 8054 8213 8275 8107 8594 7770 8235 8042 7795 8906 8182 8002 8102 7490 7904 8077 8110 7985 8371 8291 8504 8140 8045 7825 8301 8602 8113 7857 7723 8322 7587 7682 8803 8038 8208 7594 7810 7599 8156 8192 8285 8616 8342 8291 8064 7547 8273 8576 8172 8128 7730 8339 8286 8408 8125 8322 8649 8210 7865 8468 7846 8084 8020 8206 7941 8022 8205 8260 7867 8361 8506 8417 8278 8145 7932 7956 8773 8165 7863 8700 7826 8329 7998 7476 8261 8201 8574 8733 8496 8388 7907 8615 8127 8290 8062 8173 8006 8554 8202 8188 8029 8583 7861 8580 8128 8175 7900 8460 7809 8219 8013 8006 7959 8531 8000 8269 7922 8140 8265 8532 7836 8333 8130 8118 8169 7948 8540 8365 8733 7838 7929 8276 8135 7900 8192 8165 7795 8059 7834 8042 8376 8338 8421 7787 8385 8230 8201 7631 8447 8192 8006 8219 8148 8769 8380 7916 8079 8240 8415 7921 8331 8034 8073 7691 8740 8249 
7968 7802 8212 7752 8332 7909 7526 7741 7999 7716 7827 7832 8005 7811 8479 7671 8462 7706 8084 7531 7763 7987 8041 7961 7577 7920 7888 7740 7615 8205 7933 7922 7678 7772 7503 8299 8082 7948 8215 8036 7827 7701 8028 7880 7803 7614 8234 7588 7907 8370 8615 8086 7949 8028 7766 7675 7681 7656 7814 7943 7485 8030 8054 8326 8053 7818 7836 7672 7685 7947 8440 8081 8075 7640 7706 7841 7505 8143 7441 7872 7932 8121 8023 8245 7983 8411 8430 8123 8201 7944 8270 7521 8295 7698 7661 8620 7986 7744 7805 7320 7648 8059 6908 7552 7587 7844 7507 7712 7853 7349 7800 7901 7663 7643 7955 7933 8265 7825 7995 7423 8423 7707 7635 7527 7887 8263 7786 7746 7798 7135 8036 7694 7458 8295 7872 8385 7935 7086 7711 7493 7768 8135 7846 7999 7653 8061 7772 7673 7863 7960 7421 8310 7819 7811 8111 7729 8131 7205 7972 8133 8253 7759 8181 7880 7937 7488 7616 8267 8068 7519 7816 8059 7589 7685 7795 7912 7996 7534 7900 7906 8080 7645 8138 8067 7716 7795 8173 7736 8540 7851 7863 8575 7916 8584 8151 7185 8343 7743 7873 8614 7854 8060 7641 7517 7796 7641 7992 7468 7626 7809 8171 7585 7734 7962 7638 7787 7602 7951 7506 8149 7825 7803 8004 8101 7347 8071 8246 7670 7854 7839 7468 8166 7997 7686 7457 8137 7909 7866 7952 7304 7862 7518 7751 8428 7779 7205 7452 7507 7693 7765 7679 7645 8404 7758 8219 7967 7807 7710 7919 7999 7965 7454 7448 8073 7739 7603 8541 7196 7499 7588 7757 7409 7700 7810 7883 8301 7870 7949 7834 7126 8164 8027 7931 7714 7390 7404 7808 8075 7788 8091 8269 8024 7799 7854 7534 7631 7971 7831 7519 7640 7901 7802 7816 7520 8117 8274 8207 8112 7688 7733 8378 7635 7631 8053 7782 8328 7934 7787 7681 7877 8020 8235 7895 8211 7686 7697 8032 8120 7643 7718 7762 8138 8135 8187 7912 8016 7878 7874 7473 7605 7963 7960 7741 7928 7953 7822 7501 7997 7885 8049 7725 7861 8180 8684 7570 8223 7921 7697 7715 7482 8197 7758 8225 7540 7447 7839 7579 7905 8171 7379 7962 7845 7528 7547 7641 8234 8033 7697 7973 7338 8010 7595 7597 7784 7748 8195 7604 8450 7953 7664 7621 7709 7697 7482 7560 7922 7722 7481 8058 8002 
7869 7974 8302 8296 8865 8401 8114 8057 8561 8129 8313 8175 8162 7922 8405 8327 8705 7987 8448 8012 7961 8130 8325 8156 7788 8062 8039 7753 7967 8561 8227 8043 8127 8066 7783 8391 8772 8216 7971 8203 8374 8231 8668 8403 8054 7910 8496 7473 7864 8467 8611 8690 8420 8447 8129 7620 8295 8118 8283 8345 8164 8268 8352 8541 8243 8057 8384 7752 7760 8050 8363 8093 8336 7743 8147 8198 7952 8295 7847 8688 8013 8143 8362 8337 8033 8903 8677 8405 8590 7936 8279 7707 8667 8029 7898 8789 8459 8072 8251 7362 8094 8236 7426 8155 8033 7842 7793 8144 8578 8022 7971 8137 7805 8111 8344 8442 8832 7975 8245 7794 8828 7921 7634 7989 8211 8419 8065 8323 7877 8337 8112 8134 7831 8455 7963 8597 8291 7457 7916 7878 8030 8256 8299 8183 8056 8609 7889 8153 8270 8320 8026 8785 8022 8238 8597 8143 8832 7487 8381 8091 8277 8395 8730 8352 7604 8005 7828 8514 8065 7759 7936 8458 7724 7975 7758 8242 8124 7849 7874 8486 7845 8053 8540 8392 7699 7931 8442 7915 8723 7943 8119 8733 8489 8591 8361 7420 8835 7976 8105 8730 7965 8297 8540 7527 8215 8110 8212 8251 8184 8378 8155 8015 8510 7923 7597 7466 8135 8238 7765 8490 7926 8054 8186 8603 7727 8528 8481 8539 8290 7997 7909 8627 8214 8282 7960 8671 8319 7959 8567 7599 8248 7752 8157 8650 8146 7377 7913 7734 7827 8426 7861 8335 8423 8274 8428 8207 7994 7922 8134 8471 8287 7843 7741 8141 7822 7583 8666 7765 7962 8049 7969 7753 8068 8230 8268 8506 8311 8386 8282 7648 8444 8162 8254 8182 7716 7961 8122 8352 8035 8134 8355 8493 8268 8349 7733 8164 8277 8353 8078 8122 8049 8293 8146 8264 8525 8190 8305 8540 8393 7997 8591 8008 8430 8303 8289 8708 8157 7966 8209 8289 8605 8667 8201 8709 8018 8355 8043 8275 8067 8071 8107 8697 8517 8676 7795 8596 8009 8139 7954 7709 8124 8210 7998 8150 7917 8456 7942 8697 7912 8604 7940 8009 8125 8776 8057 8170 8234 7539 8215 7978 8183 8200 8583 7858 8239 8497 8043 8048 8782 7837 7768 8614 7886 7997 7945 8407 8354 8180 8300 7766 8149 7625 8229 8380 8353 8425 7908 8848 8429 7995 8200 8446 8210 8039 8251 7616 8034 7882 8433 8310 
8429 8549 8245 8534 8983 8392 8257 8418 8623 8291 8788 8471 8611 8447 9075 8409 9158 8322 8439 8192 8287 8648 8915 8380 8507 8190 8735 8432 8625 8744 8337 8652 8341 8361 8049 8793 9189 8231 8679 8875 8288 8654 8427 8789 8669 7860 8807 8034 8446 8914 8983 8655 8822 8888 8576 7964 8585 8377 8433 8867 8124 9160 8433 8492 8313 8526 8411 8330 8210 8390 8816 8777 8601 7899 8304 8271 8188 8490 8599 8389 8423 8516 8476 8797 8244 9193 8909 8656 9047 8265 8533 8274 8642 8359 8588 8925 8559 8713 8762 7955 8193 8466 7840 8386 7877 8457 8309 7969 8667 8227 8353 8792 8148 8143 8489 8789 8814 7970 8597 8038 8990 8170 8215 8134 8786 8495 8703 8780 8441 8332 8344 8277 8274 8824 8339 9107 8511 7470 8157 8303 8369 8624 8493 8629 8512 8609 8311 8379 8646 8887 8459 8936 8677 8463 8800 8127 9422 8018 8507 8648 8702 8519 9040 8765 8032 8425 8223 8551 8524 8282 8469 8369 8081 8379 8067 8446 8657 8096 8710 8881 8519 8404 8801 8839 8325 8278 8899 8604 8850 8130 8309 8876 8621 8764 9095 7968 8590 7834 8452 9168 8456 8488 8444 7865 8835 7896 8299 8410 8165 8829 9064 8344 8816 8373 8027 7802 8224 8641 7926 8914 8414 8452 8292 9182 8155 8832 8773 8647 9061 8266 8135 8834 8401 8189 8367 8821 8496 8176 8588 7818 9114 8633 8404 9064 8661 8146 8370 7883 8509 8450 8046 8183 8893 8387 8331 8457 8313 8217 8698 8297 8156 8137 7774 8808 7963 7927 9193 8068 8112 8157 8232 7946 8322 8416 8221 8822 8578 8554 8074 8339 8475 8621 8779 8485 7754 8541 8268 8886 8436 8516 8756 8535 8429 8562 8007 8467 8447 8551 8121 8287 8511 8563 8392 8279 8820 8595 8517 8523 8300 8382 8954 8442 8430 8922 8322 8997 8217 8072 8562 8788 8498 8784 8548 8847 8194 8837 8420 8423 8513 8289 8118 8990 8624 8835 8134 8866 8563 8845 8142 8296 8324 8622 8385 8256 8347 8402 8038 8514 8163 8407 8155 8455 8585 9065 8191 9015 8354 8615 8627 8184 8597 8663 8695 8726 8107 8528 8534 8183 8834 8067 8142 8579 7406 7602 8559 8796 8720 7878 8667 8506 8577 8222 8586 8445 8315 8873 8217 8942 8176 8205 8205 8657 8641 8323 8479 7828 8611 8185 8832 8663 
7585 8096 7826 7979 8415 7929 7668 7973 8217 7967 8312 8413 7896 7772 8788 7823 8722 8100 8710 7562 8296 8181 7884 7829 8018 7767 8118 7859 7678 8585 8017 7952 7808 7611 7650 8357 8196 7960 7985 8390 8091 8321 7887 8249 7959 7626 7816 7562 8196 8157 8533 8396 8297 8393 8223 7427 7906 7978 8280 8306 7927 8165 8083 8343 8223 8219 8121 8002 7757 7709 8097 8089 8305 7854 7939 8316 7778 8265 7706 8963 8085 8363 8300 8493 7855 8623 8504 8026 8464 8312 8293 7574 8203 8194 7813 8663 8294 8126 8241 7373 7938 8174 7044 7806 7734 7871 7666 7951 8345 7594 7816 7817 7555 8241 8263 8284 8395 7775 8060 7823 8722 7726 7833 7935 7691 8341 7909 8178 8028 7977 8059 8244 7656 8490 7972 8030 8169 7522 7774 7673 7944 8080 7874 7789 8020 8478 7743 7563 8227 8464 7631 8665 7835 7775 8165 8022 8883 7431 8109 8289 8327 8050 8610 8296 7702 7792 7571 8224 7937 7780 8359 8353 7867 7655 7511 7735 7853 7708 8345 8559 7920 8259 8005 8199 7507 7664 8292 7671 8623 7613 7878 8775 8474 8432 8260 7275 8051 7777 8041 8555 8363 8226 8074 7480 7898 8022 8265 7907 7998 8112 8432 7847 8055 7855 7497 7801 7865 8234 7699 8183 8010 8076 8102 8366 7717 8287 8520 8063 8358 7793 7829 7945 8190 7868 8018 8076 8141 7787 8272 7511 8191 7401 7843 8610 7983 7690 8032 7489 7907 7851 7803 7915 8246 7801 8411 8519 8056 7957 8249 8290 7966 7775 7972 8036 7757 7403 8369 7732 8109 7919 7720 7521 7909 8133 8128 8441 8248 8249 7795 7581 7968 8141 8110 7979 7568 7762 8082 8168 8041 7809 8209 8210 8023 8261 7494 8131 8131 8006 7807 8038 8087 7749 7938 8054 8286 8064 7923 8356 7838 7813 8473 7720 8225 8251 7946 8418 7869 7905 8000 8351 8120 8655 8125 8664 7837 8444 7831 8051 7897 7651 8083 8234 8203 8295 7859 8419 8035 8317 7692 7666 7908 8035 7592 7988 7944 8054 7914 8211 8083 8109 8160 8055 8133 8067 7729 8301 8011 7631 7659 7916 8527 7779 8393 7907 7661 8514 7918 7887 8141 7645 8024 7945 7647 7898 7647 8224 7985 7728 8103 7852 8277 7776 7918 8153 8127 8307 7746 8580 8142 7913 8251 8126 8002 7724 7996 7457 7938 7554 8580 8250 
7473 7449 7381 7376 8165 7464 7403 7428 7708 7304 7698 7532 7790 7420 7948 7513 8030 7441 7777 7149 7382 7641 7879 7388 7238 7258 7737 7326 7493 8146 7317 7615 7767 7392 7164 7795 7853 7529 7626 7912 7743 7718 7641 7589 7383 7162 7618 7285 7489 7381 7994 8067 7431 7658 7498 6908 7600 7336 7580 8025 7521 7688 7647 7622 7518 7449 7525 7227 7205 7465 7608 7328 7507 7133 7112 7616 6987 7822 7395 7769 7387 7648 7521 7726 7202 8167 8048 7741 7810 7519 8172 7077 7923 7416 7318 8035 7726 7246 7700 7056 7176 7406 6800 7331 7321 7206 7327 7367 7578 7639 7197 7611 7476 7396 7431 7770 7642 7496 7522 7391 7887 7546 7024 7152 7404 7818 7447 7675 7607 7505 7228 6918 7171 7738 7270 7422 7782 6495 7355 7368 7390 7573 7421 7513 7012 7789 6895 7477 7561 7870 7295 8028 7622 7802 7841 7142 7921 7247 7964 7722 7690 7478 7993 7329 7117 7275 7290 7436 7711 7013 7433 7820 7120 7354 7438 7653 7552 7382 7608 7952 7516 7591 8271 7682 7079 7314 7655 7675 7983 7237 7307 8200 7524 7878 7858 6964 7759 7012 7263 8163 7102 7569 7445 6711 7495 7323 7700 7379 7384 7711 7867 7379 7922 7365 7050 7132 7299 7645 7079 7371 7466 7339 7646 7797 6882 7843 7766 7451 7795 7488 6944 7914 7520 7502 7263 8121 7472 7622 7364 7148 7614 7538 7417 8146 7481 7244 7199 7091 7146 7572 7122 7668 7674 7500 7652 7574 7121 7544 7823 7734 7395 7394 6996 7575 7282 7008 8163 7416 7273 7412 7585 7001 7063 7768 7636 7758 7660 7689 7388 7017 7762 7354 7696 7413 7036 7158 6979 7802 7252 7644 7873 7591 6935 7692 7198 7546 7512 7350 6985 7638 7479 7791 7385 7636 8034 7337 7518 7557 7199 7400 8159 7327 7508 7585 7372 7751 7459 7338 7509 7214 7805 8018 7449 8031 7160 7807 7148 7764 7258 7515 7300 7645 7754 7650 7160 7578 7807 7423 7303 7293 6995 7523 7302 7043 7368 7633 7113 7782 7271 7392 7229 7533 7718 8142 7294 7865 7538 7515 7733 7674 7730 7364 7816 7184 7279 7580 7731 7658 8118 7102 7171 7205 7064 7227 7374 7997 7436 7220 7298 7475 7422 7319 7444 7470 7202 7682 7089 7973 7089 7557 7611 7396 7334 7940 7253 6860 7220 7249 7668 7578 
7925 8088 8301 8121 8690 8086 7814 7890 8160 8375 8404 8296 8060 7892 8832 7935 8878 7977 8386 7734 8228 8198 8245 8044 7971 7834 8431 8172 7941 8669 8245 8169 8113 7974 7876 8374 8653 8318 8164 8136 8462 8225 8335 8427 8085 7974 8097 7696 8215 8304 8915 8248 8175 7947 8027 7857 8401 8024 8211 8655 7774 8483 8223 8279 8137 8300 8078 7560 7913 7904 8293 8372 8365 8059 8054 8073 7626 8437 7863 9023 7829 8576 8451 8496 8178 8761 8519 8319 8386 8078 8381 8062 8462 7978 7833 8672 8484 8241 8250 7775 8071 8393 7531 7931 8090 8005 8014 8457 8465 7892 7559 8284 7691 7975 8121 8199 8395 8128 8153 8255 8525 7881 7857 8126 8196 8442 8115 8225 8255 8055 8065 8205 7702 8720 8111 8509 8293 7048 7935 7739 8060 7804 7999 8303 8117 8237 8087 8172 8198 8460 7644 8752 8376 7973 8515 7698 8829 7406 8505 8370 7968 8354 8757 8315 7735 8230 8193 8090 8083 7782 8094 8407 7847 7992 7844 8169 8089 7621 8117 8522 7954 8265 8299 8472 8062 7842 8514 7962 8537 7949 8399 8674 8296 8539 8707 7338 8500 7743 8171 8540 8314 8194 8415 7590 8568 8185 8069 8173 8330 8135 8331 7906 8423 8299 7957 7625 7972 8227 7816 8320 7941 8253 8387 8507 7797 8515 8615 8514 8505 8115 7794 8446 8431 7853 7721 8703 8431 8242 8443 7896 8322 8094 8109 8765 8049 7896 8006 7318 7813 8024 7959 8129 8684 7998 8209 8210 8140 8339 8711 8171 7802 7661 7704 8182 7545 7455 8700 8030 8074 8039 7959 7735 8204 8109 8263 8372 8196 8497 7917 7748 8747 8071 8170 8177 7484 8138 7803 8506 8088 8096 8288 8167 8189 8515 7842 8369 8308 8633 7882 8108 8084 8406 8329 8574 8425 8082 8205 8258 8364 8095 8441 8090 8293 8338 8345 8504 7944 7953 8318 8572 8330 8740 8516 8587 7672 8303 8211 8206 7761 8410 8177 8661 8397 8576 7893 8705 8469 8347 7899 8247 7940 8012 7900 8133 8213 8081 7927 8425 8071 8589 8023 7750 8403 8870 7887 8218 8138 7822 8268 8288 8513 8217 8635 7718 7973 8262 8187 8047 8360 7555 7707 8151 7638 7563 7998 8245 8147 7817 8402 7803 8437 7630 8069 8232 8205 8372 7784 8370 7952 8328 8452 8129 8262 8058 7983 7795 8096 7871 8529 8726 
7808 7871 7706 7958 8063 7747 7435 7494 8077 7790 7868 8099 7385 7846 8190 7898 8354 8135 8203 7626 8003 7713 7927 7704 7768 7512 7994 7731 7873 8301 7935 8203 7972 7886 7953 8002 8074 7830 8248 7776 8122 8189 7954 8112 7704 7691 7931 7565 7691 7880 8516 8039 8390 8103 7854 7484 7605 8106 8200 7898 7535 7974 8112 8040 7715 7834 8020 7444 7654 7947 8171 7856 8112 7831 7732 8123 7457 8065 7133 7940 7730 7892 8026 8288 7731 8136 8472 7791 8175 7830 8224 7460 8443 7716 7791 8415 7948 7753 8076 7012 8044 7860 7193 7832 7608 7746 7752 7819 7755 7494 7741 7804 7517 7856 7969 8182 8230 7572 8003 7452 8209 7631 7610 7870 7832 8128 7843 8089 8010 7489 8076 8068 7488 8006 7578 7916 8039 7328 7721 7742 7631 8193 7993 7950 7766 8216 7567 7561 8123 8229 7104 8255 7704 7875 7872 7616 8518 7004 7793 8012 8040 8038 8532 8011 7645 7505 7663 7894 7830 7317 7845 8330 7039 7639 7445 7599 7602 7253 8041 8106 7910 7740 8340 8371 7255 7533 8217 7826 8684 7508 7966 8457 7962 8482 8277 7422 8231 7628 7785 8446 7948 7926 8190 7308 7726 8069 8152 8014 7926 8109 7996 7486 8223 7939 7459 7662 7697 7821 7374 8016 7789 7782 7664 8015 7656 8189 8088 7967 7623 7725 7851 8165 7938 7739 7529 8127 8074 7790 8011 7496 8100 7708 7675 8640 8096 7383 7817 7232 7899 7654 7592 7666 7832 7735 8107 8250 7678 7715 7802 8387 7746 7936 7570 8123 7323 7527 8669 7473 7625 7646 7813 7163 7892 7739 7839 8288 7948 8026 7954 6889 7994 7940 8171 7813 7324 7869 7886 7836 7823 7889 8101 8380 7729 8046 7304 7867 8246 7988 7469 7555 7989 7912 7641 7803 7920 7935 8000 8044 7975 7641 8291 7695 7900 8068 8038 8285 7867 7449 7934 7834 7848 8400 7828 8324 7497 8223 7631 8099 7663 7974 7976 8203 8178 8204 7774 7995 7505 8010 7785 8074 7592 7843 7428 8202 7642 8164 7625 8338 7892 8064 7787 7766 8060 8337 7370 8004 7821 7755 8302 7700 8150 7854 7889 7543 7694 8165 7765 7550 8266 7724 7687 7830 7374 7636 7752 8305 7817 7742 8005 7740 8051 7492 8004 7649 7881 8025 7344 8792 7805 7762 7652 8084 7590 7761 7863 7642 8028 7484 8341 7991 
7780 7880 7902 7509 8336 7961 7564 7539 7624 7727 7720 7773 7751 7714 8375 7907 8091 7799 8121 7692 7920 7983 7807 7951 7583 7585 7907 7695 7859 8264 7545 7938 8002 7439 7456 7808 8168 7721 7786 8020 7879 7861 7831 7758 7730 7863 7696 7182 7586 7814 8503 8175 8243 7790 7639 7445 7970 7816 7607 8312 7408 8047 7944 7627 8063 7695 7849 7523 7390 7671 7895 8182 7965 7064 7794 8125 7524 7902 7449 8166 7747 7937 7879 8437 7957 8231 8349 7974 8271 8104 8196 7756 8390 7625 7541 8559 8040 7576 8033 7235 7270 7706 6774 7492 7463 7568 7414 7913 8044 7518 7755 7842 7523 7859 7632 7962 8122 7400 8133 7488 8374 7569 7711 7529 7503 8135 7396 7926 7908 7526 7687 7634 7664 7962 7694 7830 7535 6964 7266 7487 7743 8086 8107 7972 7655 7760 7312 7637 7766 8145 7638 8153 7654 7641 8018 7558 8362 7196 7881 8012 8225 8006 8219 7702 7471 7573 7707 8033 7938 7529 7631 8297 7521 7526 7604 7585 8002 7616 7743 7910 7663 7676 8071 8103 7772 7527 8123 7719 8033 7391 7818 8508 7898 8511 8560 7220 8331 7362 7738 8389 7886 7982 7790 7050 8073 7589 7866 7651 8009 7831 7980 7737 8042 7542 7044 7370 7827 7496 7075 7810 7796 7930 7910 7937 7250 8142 8257 8114 7472 7543 7893 8123 7752 7556 7346 8388 7973 7705 7720 7452 7984 7480 7496 8249 7739 7484 7957 7259 7290 7665 7370 7625 8077 7968 8105 7712 7450 7795 7912 8039 7799 7435 7505 7766 7244 7457 8127 7377 7772 7424 7838 7568 7483 7819 7612 8165 8098 8297 7462 7376 8045 7783 7960 7754 7381 7270 7623 8155 7855 8082 7907 8043 7404 7766 7630 7739 8035 8149 7627 7893 7837 7535 7562 7788 7931 7968 7883 7857 7755 7691 8310 7501 7886 7958 7774 7956 7614 7498 7651 7552 7803 8030 7788 8468 7600 7848 7859 7956 7638 7839 7336 8181 8118 7868 7558 8174 8216 7973 7555 7462 7293 7917 7556 7815 7875 8061 7390 8219 7567 7669 7625 7487 8148 8357 7427 8078 7552 7480 8276 7470 8086 7941 7773 7587 7636 8201 7804 7613 7964 7419 7663 7767 7544 7449 7749 8140 7733 7629 7745 7274 7767 7631 7509 7707 7741 7985 7668 8060 7672 7702 7593 7761 7900 8083 7893 7484 7748 7159 8224 8341 
8041 8192 8464 8460 8745 8236 8094 7664 8603 8074 8144 8302 8262 7969 8756 8109 9035 8403 8485 7803 7983 8377 8642 8288 7942 8245 8314 7932 8355 8898 7886 8469 8304 8146 7957 8552 8850 8223 8500 8699 8183 8566 8268 8555 8094 7934 8316 8264 8066 8551 8970 8576 8321 8371 8305 7880 8336 8124 8324 8491 7985 8562 8368 8326 8455 8243 8333 8111 8124 8180 8690 8524 8416 8138 8040 8252 7786 8786 7758 8439 8043 8591 8131 8668 8209 8832 9057 8442 8747 8535 8488 7896 8505 8197 8121 8870 8686 8604 8659 7687 7977 8322 7441 8308 8176 8180 8077 8664 8753 8123 8342 8336 8014 8249 8324 8598 8557 7756 8238 7688 8736 8016 8133 7867 8338 8496 8233 8296 8028 8317 8116 7766 8190 8660 8234 8281 8424 7511 8038 8074 8231 8277 8138 7887 8017 8169 7706 8081 8343 8443 8300 8804 8454 8409 8702 8361 8659 7532 8830 8611 8652 8380 8908 8509 8038 8027 8041 8014 8346 7886 8385 8464 7826 7656 7865 7858 8235 7940 8479 8699 8340 8325 8667 8553 7902 7943 8660 8155 8543 7798 8270 8884 8808 8958 8616 7461 8299 7329 8512 9038 8126 8142 8276 7921 8165 8299 8486 7991 8114 8368 8556 7959 8426 8230 8038 7951 8456 8077 7959 8290 8265 8227 8186 8783 8041 8681 8388 8013 8501 8245 7720 8622 8126 8129 7672 8858 8516 8082 8681 7678 8290 8158 8331 9153 8427 7602 8039 7865 7996 8316 8197 7998 8602 8390 8597 8441 8488 8225 7955 8425 7980 7928 7662 8181 8114 7656 8852 7771 8140 8398 8139 7759 8283 8481 8061 8474 8327 8298 8088 7668 8410 8340 8192 8061 7681 7951 8065 8707 7697 8463 8570 8282 7810 8510 8074 8234 8249 8289 8052 7697 8425 8117 8462 8388 8589 8135 8152 8360 8306 8231 8292 8054 8498 8725 8613 8407 7657 8058 8627 8396 8435 8531 8312 8605 7962 8491 7934 8240 8217 8416 7871 8507 8328 8489 8096 8909 8311 8699 8251 8172 7904 8206 8045 8085 8278 8124 8237 8862 8068 8381 7801 7936 8354 9132 7745 8490 8271 8334 8124 8133 8668 8538 8617 8216 8382 8618 8285 7981 8603 7951 8175 8456 7505 7913 8104 8460 8566 8061 8176 8314 8418 7650 8443 8007 7842 8208 7908 8904 8087 8058 8178 8414 8180 8141 8288 7842 8206 7952 8572 8254 
7422 7505 7621 7678 8295 7783 7491 7477 7558 7314 7766 7890 7574 7687 8198 7389 8328 7660 7989 7579 7679 7842 7909 7649 7592 7282 8268 7329 7396 8257 7417 7812 7772 7372 7332 7728 8419 7609 7845 8135 7888 7526 7984 7874 7377 7393 7702 7539 7610 8097 8108 7904 7710 7514 7740 7143 7905 7735 7649 7808 7427 7965 7814 7557 7827 7572 7568 7365 7354 7597 8109 7826 8016 7356 7416 7510 7150 7863 7291 7835 7621 7817 7576 7937 7523 7982 8091 7577 8400 7740 7813 7339 7693 7429 7391 8133 7775 7626 7897 7140 7651 7946 6825 7551 7287 7668 7634 7656 8360 7322 7394 7703 7567 8016 7578 7802 7865 7277 7405 7256 8098 7651 7037 7396 7712 8014 7412 7572 7717 7516 7593 7624 7669 7941 7076 7603 7625 6916 7296 7478 7480 7757 7868 7689 7791 7929 7287 7556 7977 7846 7368 7860 7808 7293 7720 7400 8332 7334 7537 7878 7558 7909 8245 7913 7167 7688 7501 7866 7640 7430 7629 7790 7168 7442 7072 7699 7768 7480 7712 7919 7682 7602 7816 8080 7573 7391 8037 7470 8229 7650 7405 8448 7757 8182 8305 7340 8245 7216 7607 8294 7733 7834 7734 7195 7701 7480 7683 7854 7555 7859 7872 7661 7914 7469 7311 7436 7560 7660 7309 7449 7824 7712 7837 7681 7633 7930 8156 7796 7792 7656 7568 8294 7540 7265 7618 8058 7951 7537 7933 6914 7792 7186 7694 8449 7760 7447 7415 6938 7395 7877 7610 7374 7912 7695 8224 7715 7640 7600 7803 7966 7374 7349 7073 7860 7346 7080 8363 7336 7620 7491 7198 7288 7707 7707 7643 8072 7340 7938 7624 7236 8266 7695 7684 7964 7556 7656 7726 7681 7540 7593 7973 7668 7456 7848 7393 7468 7572 8081 7491 7423 7355 7463 7281 7980 7585 8048 7805 7888 7378 7415 8263 7445 7610 7851 7817 8047 7575 7382 7617 7874 7959 8217 7638 7979 7387 7778 7668 8106 7801 7780 7715 8087 7986 7704 7485 8012 7580 7968 7228 7698 7277 7670 7701 8136 8026 7743 7483 7982 7527 7961 7649 7747 7914 8152 7050 7960 7820 7341 8078 7590 7949 7733 7957 7545 7458 7613 7847 7401 7893 7191 7740 7709 7024 7146 7130 7832 7889 7570 8025 7507 7711 7399 7427 7612 7585 7755 7253 8331 7662 7624 7448 7634 7732 7261 7445 7221 7840 7251 8109 7985 
8040 8289 8268 8250 8827 8302 8001 7875 8253 7945 8369 8533 8370 8019 8689 8311 8513 8268 8678 8057 8203 8485 8453 7997 8040 7878 8397 7945 7930 8841 8131 8153 8335 8086 8070 8263 8864 8353 8283 8403 8415 8336 8237 7892 8173 7989 8346 7844 8508 8497 8799 8404 8729 8377 8351 7909 8212 8096 8131 8590 8166 8568 8490 8505 8381 8375 8216 7949 7939 8096 8762 8515 8607 8170 7963 8440 7948 8521 8065 8437 8252 8346 8466 8774 8055 9095 8669 8483 8582 8252 8594 8155 8438 8001 7891 8816 8462 8205 8303 7666 8054 8504 7313 8380 8111 8284 7831 7797 8252 8119 8169 8244 8078 8208 8384 8515 8731 8227 8307 8134 8680 7936 7972 8089 8308 8641 8166 8501 8206 8001 8213 8443 7854 8568 8104 8696 8370 7483 7902 8034 8057 8413 8336 8641 7861 8718 7761 8296 8440 8745 7690 8598 7891 8354 8600 8199 8782 7694 8288 8498 8590 8472 8780 8257 8118 7747 7981 7893 8437 7962 8251 8737 8042 7848 7875 8061 8097 7882 8032 8375 8299 8189 8498 8791 7961 8157 8451 8135 8553 7896 7995 8798 8133 8461 8418 7377 8586 7698 8150 8821 8125 8648 8285 7584 8161 8361 8190 8195 8523 8494 8109 8365 8545 8112 7837 8024 8284 8439 7861 8275 8189 8182 8308 8607 7965 8690 8626 8230 8764 7897 7964 8408 8181 7669 7903 8411 8270 8364 8433 7754 8436 8200 8091 8932 8239 7909 8058 7814 7800 8378 8065 7940 8567 8239 8259 8463 8091 8098 8376 8418 7862 8021 7749 8262 7653 7959 8860 7893 8028 8057 8066 7732 7718 8588 8120 8270 8276 8346 8186 7664 8670 8173 8392 8250 7842 7864 7982 8573 8193 8356 8438 8555 7854 8241 7848 8240 8510 8450 8066 7914 8440 8173 7999 8342 8354 8346 8435 8311 8103 7856 8924 8030 8151 8578 8164 8506 8097 7980 8275 8478 8371 8526 8195 8859 7962 8164 8128 8416 7856 8337 8303 8682 8554 8446 8140 9032 8132 8327 8257 8162 8044 7881 7923 8186 8345 8260 7910 8530 8330 8513 7799 8142 8252 9007 7945 8396 8032 8176 8173 8373 8646 8437 8232 7877 7933 8300 8044 7788 8672 8611 8488 8595 8082 7792 8145 8708 8388 8050 8398 7971 8322 7710 8266 8425 8078 8284 8132 8566 8399 8072 8305 8149 8339 8166 8566 7666 8295 7869 8453 8701 
8102 8339 8493 8193 8853 8438 8126 8291 8656 8070 8437 8462 8301 8110 9084 8283 9048 8242 8705 7935 8533 8265 8664 8389 8509 8231 8699 8303 8188 9263 8301 8728 8431 8456 8234 8643 9256 8772 8514 8405 8697 8448 8444 8980 8347 8217 8273 7782 8457 8657 8979 8764 8641 8507 8591 8170 8133 8403 8454 8461 7854 8669 8637 8389 8327 8404 8421 8232 8337 8149 8596 9043 8441 8208 7738 8593 7955 8772 8084 8852 8220 8616 8405 8601 8136 9153 8744 8548 8830 8475 8875 7876 8764 8127 8145 8876 8670 8459 8561 7944 8257 8153 7758 8425 8456 8712 7987 8291 8517 8463 8170 8552 8226 8420 8367 8661 8513 8272 8315 8138 9164 8347 8088 8278 8413 8706 8064 8487 8763 8189 8621 8503 8400 8991 8160 8853 8367 7378 8141 8101 8719 8502 8522 8261 8222 8837 8209 8279 8668 8834 8154 8906 8701 8343 8851 8334 8992 7566 9081 8618 8769 8621 8990 8325 8113 8408 8432 8530 8541 8063 8798 8657 8027 8204 8081 7812 8596 7739 8759 8549 8450 8284 9216 8595 8136 8244 8406 8470 8998 8470 8542 9023 8782 8865 8953 7635 8922 7794 8347 8938 8794 8283 8401 7920 8401 8261 8529 8539 8347 8337 8744 8164 8523 8281 8006 8243 8293 8241 8017 8203 8584 8632 8407 8897 8142 8985 8739 8507 8616 8109 8040 8950 8427 7760 8245 8877 8877 8371 8741 7914 8647 8142 8123 9080 8571 8276 8234 8116 7832 8598 8115 8161 9064 8534 8606 8465 8172 8230 8740 8522 8471 8077 8014 8611 7981 7880 8850 8085 8301 7998 8300 8101 8240 8547 8450 8661 8471 8514 8409 7790 8754 8435 8398 8481 7885 8319 8191 8891 8046 8232 8665 8403 7885 8770 7814 8360 8164 8247 7999 8485 8329 8606 8410 8768 8656 8314 8416 8616 8013 8058 8877 8113 8236 8740 8334 8665 8394 8120 8843 8352 9083 8958 8611 8980 8178 8478 8293 8547 8262 8583 8351 9163 8643 8455 8229 8908 8301 8822 8085 8186 8753 8292 8147 8339 8340 8300 8293 8642 8218 8849 8450 8167 8289 9022 8171 8666 8372 7988 8803 8324 8663 8837 8769 8310 8115 8230 8492 8304 8880 8238 8294 8232 7906 8293 8098 8547 8552 7902 8511 8021 8636 7628 8464 8472 8080 8601 8044 9037 8469 8167 8543 8525 8383 8365 8509 7892 8485 8259 8799 8309 
8519 8358 8849 8949 9079 8836 8354 8724 9107 8733 8772 8803 8372 8758 9552 8477 9045 9047 9137 8397 8556 9026 8988 8715 8661 8573 9016 8598 8846 9490 8845 8981 8765 8335 8317 9071 9207 8837 8978 9031 8798 8996 8846 9151 9113 8354 8791 8231 8685 8922 9432 9001 9160 8945 8621 8315 9015 9025 8773 9053 8651 8939 8666 8753 8804 8643 8396 8380 8617 8717 9168 9044 8930 8423 8665 8711 8578 9291 8570 9012 8550 9121 8928 8862 8706 9219 9526 8720 9261 8900 9105 8511 8893 8867 8565 9304 9007 8844 8958 8012 8726 8683 8310 8486 8483 8730 8520 8795 8996 8579 8549 9052 8255 8562 8839 8941 8966 8623 8901 8548 9232 8356 8639 8349 8510 9011 8926 8863 8957 8993 8568 9081 8617 9534 8394 9011 8893 7826 8258 8302 8602 9012 8884 8735 8754 8924 8314 8453 8758 9140 8316 9251 8405 8721 9075 8792 9698 8167 9063 9118 8920 8694 9326 8678 8678 8808 8577 8809 8739 8528 8565 9101 8243 8473 8449 8423 8785 8523 9019 9295 8911 8911 8826 9265 8203 8471 9122 8749 8928 8408 9038 9588 8968 9401 9035 7968 9243 8156 8803 9218 8795 8955 8725 8135 8739 8160 8770 8458 8791 9036 8858 8538 9011 9062 8563 8336 8933 9050 8276 8834 8766 8802 8446 8993 8272 9150 9250 8803 9278 8374 8206 9190 8952 8617 8781 9337 9024 8644 9181 8179 8888 8731 8698 9783 8508 8258 8730 8201 8353 8752 8304 8752 8872 8520 9262 8839 8427 8745 8652 9105 8724 8538 8210 8399 8521 8153 9274 8458 8592 8506 8845 8046 8919 8570 8870 8846 8872 8981 8844 8300 8956 8704 9004 8816 8421 8397 8739 8954 8256 8954 8980 8756 8419 9176 8348 8866 8853 8528 8742 8498 8906 8677 8929 8820 8884 8763 8884 8867 8505 8643 9463 8674 8868 8938 8798 8846 8428 8637 8654 8939 9351 9156 9056 9206 8316 9003 8544 8886 8483 8630 8441 9208 8910 8816 8452 9116 8780 9074 8815 8747 8828 8793 8368 8771 8649 8881 8434 9021 8856 9105 8688 8778 8344 9329 8416 8874 8613 8598 8768 8755 9000 8877 8958 8604 8498 8968 8858 8736 9182 8620 8479 8710 8015 8528 8764 8963 8728 8492 8967 8511 8958 8430 8534 8812 8629 8616 8468 9242 9039 8748 9002 8824 8903 8732 8810 8497 8834 8491 9409 8951 
8369 8762 8367 8418 8850 8616 8155 8215 8680 8530 8693 8614 8431 8266 8718 8435 9083 8167 8925 8115 8250 8564 8613 8520 8392 8189 8754 8484 8439 9406 8210 8782 8537 8394 8326 8802 8869 8495 8306 8494 8836 8608 8753 8500 8493 8264 8513 8373 8597 8855 9028 9155 8956 8365 8697 7985 8396 8139 8458 8685 8430 8643 8690 8659 8213 8526 8451 8141 8195 8554 8917 9037 8728 8278 8176 8362 8174 8679 8093 8645 8320 8659 8664 8875 8135 9097 9141 8354 8901 8541 8905 8251 8743 8267 8215 9073 8864 8300 8323 7903 8099 8391 7526 8256 7976 8450 8272 8334 8551 8399 8353 8690 8188 8665 8336 8465 8884 7995 8512 7967 9269 8306 8234 8431 8595 8932 8369 8535 8390 8304 8394 8031 8481 8878 8141 8891 8560 7692 8200 8219 8629 8363 8719 8393 8188 8792 7835 8548 8448 8530 8193 8848 8667 8436 8654 8354 8851 7662 8766 8722 8563 8719 9144 8384 8274 8489 8292 8648 8541 8071 8547 8782 8512 8046 7813 8444 8570 8342 8722 8800 8362 8697 9035 8772 8148 8116 8640 8456 8859 8381 8495 9175 8802 9021 9006 7840 9064 7893 8544 9172 8732 8587 8659 7995 8506 8255 8438 8566 8344 8753 8820 8250 9046 8472 8370 8149 8244 8467 8093 8791 8485 8798 8602 8987 8192 8846 9074 8894 8856 8418 8255 8560 8387 7948 8037 8813 8443 8297 8615 8164 8668 8379 8303 9337 8649 7893 8574 7991 8275 8650 8179 8536 8782 8554 9046 8576 8275 8480 8554 8764 8077 8129 8033 8219 7983 8319 9210 7992 8323 8312 7961 8000 8635 8412 8608 8749 8809 8682 8462 8067 8737 8362 8951 8422 8136 8317 8272 8770 8299 8828 8783 8422 8268 8353 8293 8654 8525 9005 8188 8552 8659 8393 8186 8408 8832 8650 8695 8274 8336 8197 8959 7982 8733 8984 8317 8816 8368 8137 8470 8547 8603 8875 8300 9155 8230 8406 8565 8713 8121 8427 8569 8766 8540 8474 8077 8748 8401 8779 8332 8528 8242 8066 8197 8267 8396 8485 8039 8657 8403 8503 8235 8439 8188 9091 8064 8960 8373 8494 8525 8558 8901 8620 8880 8036 7958 8396 8315 8263 8484 8160 8268 8552 8251 7939 8097 8583 8676 8161 8651 8180 8443 7915 8286 8836 8231 8738 8245 9015 8684 8476 8477 8758 8657 8483 8950 8021 8761 7791 8835 8856 
7827 8068 7850 8261 8544 8030 7735 7782 8070 7745 8331 8319 8203 8272 8397 8109 8653 8319 8378 7569 7878 8113 8318 8175 8008 7996 7997 8056 8273 8355 8080 8484 8360 8158 7824 8509 8836 8120 8069 8499 8142 8355 8368 8234 7972 7867 8053 7744 8150 8429 8709 8680 8348 8468 8203 7869 7952 8042 8096 8238 7902 8590 8461 8421 7892 8364 8229 7825 7773 7819 8633 8305 8362 7847 7913 8413 7722 8382 7738 8350 7974 8224 8160 8402 8081 8572 8568 8120 8503 8023 8274 7709 8251 7864 7951 8675 8169 8057 8153 7440 7984 8091 7173 8023 7867 8074 8070 7930 8365 7867 7930 8284 7848 8079 8184 8232 8776 7600 8231 7638 8669 7884 7975 7845 8245 8070 8143 8191 7893 8232 8013 7990 7572 8475 7667 8304 8380 7641 8051 7986 7985 7953 8040 7880 8042 8322 7598 7918 8295 8402 7907 8510 7725 7758 8435 7774 8796 7551 8395 8369 8492 8391 8847 8086 7623 7915 7914 8156 8281 7721 8236 8519 7882 7587 7719 8095 8065 7427 8247 8267 8087 8139 8293 8449 7840 7505 8304 8269 8693 7878 7794 8863 8289 8628 8391 7335 8244 7491 7907 8745 8313 8238 8246 7732 8166 8129 8068 8183 8160 8283 8284 8118 8298 8087 7662 7563 8236 8122 7664 8401 8094 8275 8013 8515 7604 8285 8567 8255 8438 7765 8009 8248 8073 8006 7973 8197 8214 8063 8216 7658 8664 8105 7792 8587 8240 7732 8008 7596 7961 8162 7897 8079 8415 7934 8344 8168 7655 8026 8059 8583 7934 7867 7481 8322 7446 7791 8778 7531 8185 7964 8050 7777 7965 7945 8232 8683 8292 7935 7960 7540 8043 7845 8243 8048 7684 8242 8117 8521 8041 7993 8333 8166 7901 8017 7970 8212 8060 8200 7954 8081 8130 8086 8080 8208 8265 8200 8376 8086 8252 7927 8485 7721 7990 8715 7913 8427 7707 7926 8200 8131 8435 8381 8233 8620 7878 8227 8099 8331 7714 8076 7923 8456 8464 8225 8242 8400 7975 8435 8162 8149 7834 8092 7915 8343 7936 8238 7845 8462 7686 7968 7939 7702 8437 8556 7617 8262 8018 7722 8199 7989 8503 8095 8366 7722 7770 8117 8017 8312 8193 7740 8045 8336 7649 7620 8173 8214 8177 7733 8052 7918 8315 7552 8182 8086 7763 8357 7870 8637 8282 7739 7699 8264 8234 7793 7919 7717 8434 7915 8610 8069 
7661 7996 8242 7960 8194 8293 7854 7733 8095 8049 7905 8183 8031 7688 8458 7813 8604 8038 8411 7544 8054 8135 8025 8009 7727 7866 8197 7942 7775 8318 8122 8028 8093 7872 7706 8025 8605 7791 8170 8171 8129 7961 7932 8079 8091 7531 8176 7590 7602 8383 8456 8567 8065 7947 7719 7540 8132 8137 7976 8285 7719 8424 7972 8322 7822 8184 7937 7487 8047 7792 8634 8397 8349 7894 7742 8170 7707 8220 7590 8300 7731 7948 8101 8118 7818 8430 8306 8445 8370 7658 8212 7667 8499 8102 7961 8458 8101 8341 8048 7740 7578 7899 7395 7992 8004 7812 7641 8092 8278 7771 7868 8402 7859 8158 7750 7935 8288 7890 7973 7556 8421 7269 7648 8231 7769 8284 8179 7974 8059 8214 8044 7981 7415 8369 7710 8032 8014 7175 7837 7719 8217 8153 8064 7849 8058 8033 7732 7834 8229 8230 7757 8527 8122 8030 8292 7826 8536 7598 8640 8186 8088 8035 8289 8350 7489 8074 7847 7851 8063 7601 8062 8219 7626 7960 7714 7942 8047 7658 8054 8478 8032 7788 8250 8369 8117 7943 8297 7796 8510 7584 7762 9040 7884 8785 8403 7314 8208 7394 7913 8792 8078 8105 8080 7568 8413 7845 8006 8006 8116 7915 8160 8155 8030 7733 7916 7796 7982 8058 7588 8100 8199 8152 8125 8372 7746 8292 8217 8362 8560 7491 7759 8507 7895 7617 7555 8395 8420 8075 8317 7650 8198 7837 8070 8548 8068 7429 7799 7793 7648 8267 7560 8000 8360 7875 8168 8025 7716 8110 8403 8250 8019 7909 7150 8231 7825 7701 8650 7809 7593 7406 7964 7567 7784 7922 8143 8412 8302 8460 8040 7666 8268 8301 8180 7940 7300 7849 8058 8553 7789 7977 8251 8499 8029 8269 7612 8175 7631 8353 7714 7691 8027 7804 7845 7946 8402 7993 7971 8276 8109 7741 8590 7926 8052 8136 8200 8270 7877 8086 8628 8179 8261 8341 8064 8243 7660 8302 7993 8405 7962 8024 7741 8299 8222 8345 7760 8350 7936 8170 7840 8093 7920 7639 7671 7923 7959 8098 7658 8311 8030 8284 7712 7695 8035 8746 7656 7927 7866 7662 7999 7711 8242 8388 8269 7941 7804 8158 8286 7820 8332 7797 7886 8289 7532 7603 8087 8300 8130 8025 8216 7629 8065 7624 8024 8191 7947 8318 7625 8337 8178 7824 8067 8464 8280 8031 8329 7494 8324 7507 8361 8341 
8228 8114 8468 8589 8588 8140 7918 8021 8502 8002 8200 8724 7955 7922 8958 7747 8972 8009 8377 7712 8237 8334 8455 8185 8440 8197 8626 8081 8512 8793 8322 8486 8242 8267 7906 8763 8557 8604 8632 8727 8258 8379 8213 8700 8259 7697 8455 7892 8390 8956 9021 8660 8713 8434 8363 7644 8448 8103 8298 8411 8218 8810 8410 8470 8762 8312 8050 7734 8107 8155 8377 8422 8540 8108 8126 8517 8173 8405 7883 8599 8309 8506 8434 8875 8199 9115 8912 8491 8895 8711 8492 8143 8904 7993 8315 8862 8498 8672 8515 7783 8037 8390 7513 8056 7698 8090 8056 8001 8649 8022 8106 8211 7921 8269 8373 8478 8528 8070 8273 7701 8998 8021 8010 8170 8257 8608 8109 8025 8244 7948 8251 7883 8040 8750 8075 8485 8431 7421 8096 7956 8235 8488 8318 8342 7992 8053 7946 8019 8277 8566 8066 8895 8247 8348 8336 8604 8730 7664 8485 8176 8739 8147 8596 8577 7908 8072 8232 8413 8319 7949 8131 8451 7639 7860 8062 8235 8088 7910 8306 8534 8321 8141 8312 8886 7780 7936 8767 8451 8815 8010 8459 8794 8330 9057 8538 7439 8587 8081 8109 8926 8407 8544 8284 7924 7958 8198 8184 8040 8097 8551 8625 7969 8463 7949 7914 7572 8146 8513 7890 8567 8193 8107 8382 8817 7966 8561 8529 8395 8689 8074 8324 8554 8331 7887 7864 8527 8397 8229 8407 7767 8348 8391 8361 9196 8518 7538 8232 7596 7943 8236 7790 7952 8672 7998 8474 8348 8663 8239 8243 8555 8192 8092 7643 8411 7649 7866 8842 7987 8146 7757 8079 7741 7986 8419 8133 8565 8345 8313 8105 7563 8381 8200 8105 8179 7708 8337 8033 8649 8287 8309 8482 8338 8130 8230 8059 8025 8377 8347 8048 7790 8526 7862 7858 8403 8566 8445 8663 8358 7961 8017 8707 8016 8428 8505 8497 8773 7885 7920 8422 8255 8611 8822 8331 8873 8064 8349 8293 8403 8080 8211 8290 8666 8501 8621 8007 8579 8284 8372 8110 8467 8195 8385 8014 8189 8119 8046 7891 8371 8281 8202 8133 8004 8419 8683 8161 8463 8238 8024 8380 7956 8724 8300 8283 8094 7875 8388 8315 8180 8492 7769 8099 8145 8004 8223 7854 8706 8469 8188 8514 8094 8303 7614 8250 8106 8269 8462 8223 8892 7945 8178 8245 8604 8362 7846 8449 7828 8215 7586 9146 8383 
7855 8136 8275 7947 9039 8377 8114 7669 8408 7974 8332 8510 8001 8109 8743 7923 8826 8287 8750 7759 8169 8295 8798 8211 8063 8392 8616 8653 8308 8926 8214 8465 8321 8082 7647 8351 8886 8476 8537 8764 7950 8254 8233 8498 8215 7686 8561 8079 8136 8650 8537 8357 8128 8513 8350 7706 8601 7979 8235 8424 7967 8348 8356 8414 8031 8246 8253 7885 8151 8189 8691 8704 8642 8005 7717 8318 7896 8609 7767 8667 8364 8241 8440 8407 8102 8863 8905 8385 8759 8527 8310 8110 8866 8170 8036 8840 8636 8288 8315 8042 7934 8416 7331 7817 8059 7988 7944 8367 8467 8250 7626 8449 7692 8454 8322 8250 8518 7662 8031 8179 8632 8011 7970 8296 8350 8309 8079 8317 8076 7975 8132 7855 7843 8790 8321 8284 8109 7500 8008 8279 8202 8263 8513 8142 7822 8548 8070 8194 8363 8509 8158 8946 8671 8138 8433 8141 8660 7499 8546 8576 8473 8238 8470 8205 8161 8411 7952 8295 8370 7757 8222 8385 8072 7808 7711 7932 7948 7863 8117 8551 8159 8427 8571 8366 7884 8134 8689 8204 8532 7821 8017 8768 8277 8669 8573 7414 8411 7658 8107 9149 8345 8236 8161 7646 8288 8101 8289 8345 8253 8764 8659 7983 8249 8221 8008 8039 7969 8205 7717 8470 8265 8372 8365 8479 8006 8626 8763 8305 8565 7938 8059 8495 8113 8110 7583 8462 8215 8306 8238 7807 8671 8204 8606 9055 8305 7862 8133 7414 8373 8500 8152 8038 8705 8243 8707 8344 8240 8163 8169 8314 7893 8036 7796 8626 7911 7947 8823 8163 7687 7876 7988 7742 7808 8374 8251 8647 8469 8188 8208 7751 8481 8423 7763 8196 7799 8040 8068 8734 8142 8387 8709 8472 8044 8170 7935 8052 8189 8587 7980 8056 8174 7983 8389 8247 8460 8464 8127 8393 8383 8260 8625 8071 8498 8439 8313 8667 7882 7779 8749 8246 8371 8427 8266 8694 7911 8131 8129 8289 7983 8248 8080 8875 8315 8458 8125 8544 8384 8714 8251 7964 8343 8430 8091 8357 8312 8490 8094 8493 7994 8244 8202 8107 8445 8985 8002 8520 8112 7941 8279 7907 8728 8436 8389 8168 7903 8323 8118 8116 8599 7888 7685 8127 7786 8035 8023 8363 8463 8043 8363 7843 8171 7353 8129 8029 8010 8405 8034 8751 8112 8302 8195 8305 8129 7964 8576 8053 8424 7857 8585 8722 
7568 7544 7539 7675 7662 7484 7182 7182 7534 7766 7520 7679 7595 7228 8199 7213 7978 7325 8087 7270 7728 7389 7911 7442 7445 7487 7852 7628 7481 8077 7604 7484 7573 7361 7229 7768 8043 7591 7737 7789 7552 7731 7903 7845 7885 7291 7527 7229 7389 7715 8344 7962 7674 7719 7521 7281 7609 7669 7492 7723 7625 7847 7748 7653 7594 7687 7723 7214 7362 7595 8115 7831 7712 7593 7284 7694 7307 7843 7264 7959 7394 7589 8100 8156 7107 8034 7815 7792 8324 7585 7849 7061 8054 7812 7382 8195 7336 7639 7544 7200 7269 7631 6747 7636 7355 7710 7255 7723 7613 7668 7325 7701 7219 7755 7127 7492 8150 7494 7606 7494 7877 7314 7253 7167 7642 7914 7674 7663 7813 7750 7728 7554 7337 8194 7459 7821 7664 6959 7258 7634 7529 7565 7664 7475 7580 8099 7233 7203 7714 7888 7238 7875 7490 7796 7881 7270 8162 7077 7906 7711 7617 7829 7786 7667 7352 7646 7521 7392 7684 7243 7622 7642 7347 7141 7304 7639 7538 7255 7455 7837 7716 7629 7727 7698 7220 7163 7746 7495 8060 7413 7639 8374 8075 8191 8050 6854 7701 6982 7623 8410 7635 7592 7690 7133 7454 7746 7485 7206 7418 7781 7975 7794 8021 7535 6960 7403 7384 7709 7196 7932 7847 7601 7376 8005 7311 8017 8019 7731 7988 7301 7219 7753 7667 7241 7389 7668 7524 7891 7815 7257 7692 7269 7375 8109 7335 6956 6977 7152 7461 7860 7188 7183 7719 7299 7708 7502 7630 7661 7796 7851 7337 7367 7568 7490 7404 7139 7728 7524 7272 7250 7281 7303 7343 7674 7437 7895 7879 7716 7360 6952 7897 7725 7638 7513 6814 7331 7329 8016 7383 7630 7699 7642 7402 7956 7031 7726 7419 7348 7331 7441 7709 7401 7621 7529 7816 7576 7642 7713 7104 7228 8083 7388 7856 7944 7766 7912 7458 7359 7645 7553 7811 7898 7725 7931 7457 7900 7629 7719 7368 7224 7519 7765 7747 7687 7242 7797 7673 7654 7334 7292 7465 7349 7241 7131 7438 7816 7447 7648 7233 7822 7211 7366 7419 8030 7199 7921 7171 7656 7677 7387 7794 7616 7670 7350 7295 7788 7495 7233 8143 7554 7284 7651 6992 7323 7398 7638 7663 7535 7995 7370 7800 7120 7381 7764 7500 7568 7430 7734 7516 7594 7737 7724 7645 7426 7427 7016 7521 7017 7476 7980 
7463 7611 7340 7463 8114 7682 7378 7518 7747 7528 7696 7865 7710 7594 8110 7437 8198 7742 8213 7276 7461 8016 7615 7863 7504 7287 7829 7788 7392 8120 7631 7402 7581 7503 7201 8021 8178 7721 7869 7887 7870 7752 7394 7673 7743 7454 7773 7223 7361 7888 8280 7937 7747 7869 7608 7069 7688 7825 7742 7873 7261 8004 7676 7809 7627 7828 7639 7467 7242 7411 8137 7687 7944 7711 7473 7814 7175 8119 7220 8101 7449 7773 7874 8118 7466 8323 8242 7832 8109 7828 8055 7484 7870 7342 7670 8133 7541 7656 7717 7282 7602 7530 6870 7801 7656 7624 7383 7471 7793 7233 7381 7604 7378 7622 7875 7955 7977 7257 7537 7152 8143 7310 7428 7591 7566 8268 7553 7924 7529 7732 7651 7566 7365 7960 7579 7852 7579 7170 7211 7572 7444 7699 7872 7713 7818 7796 7227 7164 7709 7958 7022 7841 7594 7752 7959 7366 8027 7199 7999 7698 7896 7715 8203 7582 7543 7361 7272 7630 7572 7351 7669 7736 7238 7465 6982 7487 7634 7399 7778 8051 7811 7755 7823 7892 7263 7353 7737 7680 8364 7439 7791 8216 7946 8159 7896 7111 7987 6923 7827 8382 7449 7812 7469 7136 7663 7508 7558 7243 7537 8063 7562 7394 8042 7449 7538 7108 7239 7633 7183 7890 7685 7734 7616 8048 7698 8143 8145 7769 7785 7356 7339 7837 7693 7457 7470 7939 7646 7662 7858 7412 7502 7387 7683 8253 7841 7321 7621 7038 7500 7504 7257 7522 7805 7945 7840 7799 7606 7257 7480 7815 7313 7581 7382 7626 7297 7309 7932 7502 7495 7483 7574 6939 7499 7947 7496 8104 7888 7954 7788 6807 7888 7590 7639 7607 7249 7553 7736 7767 7403 7845 7933 7844 7622 7850 7423 7711 7643 7898 7240 7438 7761 7827 7407 7746 7926 7488 7638 8036 7441 7703 7912 7431 7427 8042 7622 7583 7551 7423 7655 7847 7899 7849 7691 8149 7329 7659 7655 7822 7547 7737 7444 8012 7774 8101 7596 7777 7614 7978 7512 7562 7310 7536 7012 7643 7515 7625 7464 7686 7319 7633 7357 7422 7631 8175 7223 7699 7497 7207 7914 7631 7664 7802 8102 7347 7486 7756 7341 7433 7929 7785 7450 7810 7299 7415 7666 7718 7771 7686 8062 7496 7950 7072 7448 7476 7472 7808 7444 8098 7749 7763 7656 7768 8006 7574 7675 7007 7264 6920 7832 8027 
8038 8151 7875 8255 8126 7963 7569 7765 7963 7645 8196 8262 7858 7784 8559 7830 8479 8068 8550 7623 8007 8056 8552 8053 7885 7820 8156 8189 7880 8737 7913 8261 7986 7931 7725 8089 8640 8000 8236 8434 8127 7782 8087 8609 7783 7597 7919 7460 8074 8534 8877 8145 8046 8211 7916 7785 7677 8090 7888 7786 7749 8391 8254 7942 8060 8264 8137 7935 7855 8142 8193 8231 8044 7681 8115 7949 7883 8570 7487 8426 7973 8017 8204 8193 7908 8505 8358 8205 8627 8125 8440 7644 8235 7892 7826 8562 7739 7681 8176 7481 7646 7980 7206 7943 7775 8147 7797 8013 8263 7588 8086 8053 7633 7657 8205 8321 7991 7616 7792 7434 8684 7611 7854 7663 7971 8394 7794 7887 7845 7942 7781 8076 7874 8205 7942 8189 8140 7445 7799 7761 8230 8045 8205 7819 8005 8194 7402 7608 7993 8297 7563 8472 7924 7979 8237 7802 8658 7352 8495 8348 8590 8109 8932 8059 7925 7797 7719 8047 8271 7742 8388 8263 7762 7783 7636 7717 7949 7775 8203 8010 8039 7650 7938 8081 7800 7797 8104 8035 8396 8154 7874 8471 8310 8405 8132 7264 8258 7641 8168 8799 8038 8455 8045 7655 7841 7579 7887 7593 8019 8255 8262 8086 8071 8263 7706 7582 7900 8022 7897 7918 7957 7964 8072 8407 7594 8598 8679 8180 8109 7732 7980 8411 8237 7747 7883 8633 8459 7885 7893 7311 8119 7765 7709 8431 8062 7734 7884 7376 7785 7922 7896 7839 8358 8019 8428 8050 7744 7899 8092 8392 8061 7902 7527 8057 8008 7669 8323 7792 7916 7724 7818 7557 7849 8049 7804 8343 8204 8232 7630 7044 8254 8196 7786 7866 7752 7520 8207 8420 7767 8342 8231 8019 7584 8164 7662 8149 7536 8068 7359 7776 7890 8241 7690 7934 8143 8117 8130 7958 7819 7504 8446 7762 8398 8218 8240 8113 7882 7517 8076 7983 8450 8381 8049 8601 7773 8001 8105 8128 8012 7742 7760 8272 8302 8210 8299 8066 8030 8493 7627 7943 7508 8292 7632 7974 8073 7745 7894 8216 7845 7994 7676 7926 7965 8552 7496 8351 7963 7510 8297 7976 7926 8181 8418 7724 7876 8392 7986 8171 8280 8022 8088 8042 7658 7712 7685 8666 8043 7590 8208 7288 8321 7408 7835 7932 7725 8139 7930 8269 8054 7734 7840 7905 8250 7887 8027 7481 7646 7693 8326 8318 
8252 8206 8291 7949 8870 8227 7982 7967 8465 8150 8191 8229 8075 7982 8986 8500 8771 8332 8440 7792 8226 8078 8619 8220 7933 8054 8563 8038 8014 8528 8253 8590 8469 8643 8245 8397 8772 8135 8484 8362 8351 8279 8620 8470 8449 8129 8143 7854 7820 8458 8955 8482 8391 8219 8245 7960 8494 8392 8177 8329 7951 8334 8484 8696 8283 8125 8456 7978 8165 8419 8709 8430 8285 7931 8155 8346 8007 8531 7858 8582 8241 8343 8541 8832 8235 9044 8898 8393 8562 8301 8524 7655 8579 7966 8082 8639 8109 8062 8268 7804 8081 8621 7417 8291 7998 8276 8049 8349 8668 8431 8245 8433 8100 8203 7928 8360 8906 8042 8591 7978 8797 7937 7642 8128 8374 8493 8049 8370 8264 8149 8165 8526 7966 8680 8017 8724 8423 7343 8223 8164 8097 8826 8425 8259 8066 8332 8118 7991 8145 8517 7940 8710 8294 8059 8506 8108 8689 7699 8402 8350 8573 8525 8702 8703 7885 8277 7942 8066 8420 7877 8210 8681 7791 7808 8310 8540 8322 7983 8854 8490 8343 8024 8639 8292 8262 8070 8791 8433 8843 8298 8312 9123 8456 8681 8675 7573 8744 8000 8088 8649 8700 8439 8559 7737 8015 8027 8283 8552 8120 8183 8840 8271 8705 8530 7433 7684 8025 8368 8104 8494 8652 8658 8024 8488 8176 8908 9044 8542 8673 8216 8130 8663 8140 7993 8160 8634 8322 8389 8439 7796 8423 7956 8081 8992 8540 7651 8192 7725 7777 8403 8063 8361 8482 8248 8919 8295 8048 8273 8245 8731 8177 8073 7563 8385 7869 7717 8901 7874 7969 8184 8233 7919 8292 8330 8326 8735 8190 8527 8451 7635 8579 8336 8368 8159 7893 8136 8149 8432 8191 8555 8400 8320 8182 8070 8000 8160 8377 8578 8145 8005 8507 8462 8173 8404 8624 8375 8279 8583 8316 7856 8515 7970 8101 8587 8350 8722 8268 8036 8175 8203 8816 8555 8122 8701 8379 8403 8651 8794 8240 8180 8279 8939 8516 8514 8079 8899 8468 8312 8061 8162 7942 8151 8005 8367 8217 8326 7725 8773 8111 8363 8246 7940 8656 8836 7932 8574 8194 8077 8680 8512 8395 8351 8463 7851 7765 8187 8468 8126 8765 8147 8215 8150 7872 8090 8248 8450 8224 8441 8287 7835 8636 7689 8342 8277 7978 8462 8159 8723 8389 7947 8250 8257 7907 8453 8511 7948 8524 8006 8461 8308 
8255 8075 8450 8707 8856 8507 8153 8085 8366 8069 8402 8654 8115 8046 9423 8301 9048 8103 9067 8121 8626 8532 8273 8192 8344 8265 8710 8481 8254 8910 8637 8780 8665 8331 8017 8940 8781 8273 8522 8731 8410 8857 8367 8624 8869 7913 8303 7912 8474 8540 9105 8847 8608 8584 8725 7786 8507 8426 8749 8927 8208 8935 8633 8489 8416 8581 8563 8037 8069 8621 8759 8593 8696 8131 8270 8583 8372 8640 8261 8708 8034 8400 8714 8797 8425 8858 8835 8744 8756 8413 8847 8161 8624 8229 8282 9189 8489 8619 8725 7921 8037 8397 7406 8449 8450 8025 8203 8214 8764 8250 8435 8837 8104 8389 8150 8595 8757 8123 8271 8164 8690 8334 7970 8334 8666 8859 8206 8455 8541 8435 8744 8127 8122 8845 8120 8629 8610 7478 8197 8095 8334 8689 8770 8386 8536 8867 8024 7883 8544 8412 8473 8814 8338 8498 8729 8609 9200 7811 8365 8732 8511 8745 8753 8591 7805 8632 8130 8648 8670 8035 8182 8423 8221 8126 7979 8430 8415 8200 8556 8719 8530 8322 8510 9234 7928 8384 8383 8378 8981 8166 8290 9156 8809 9244 8717 7820 9096 8058 8365 8797 8453 8428 8573 8069 8667 8490 8572 8296 8447 8564 8578 8278 8816 8101 7846 7675 8415 8455 7906 8659 8492 8372 8363 8787 8229 8420 8785 8734 8590 8429 8259 8814 8495 8142 8500 8803 8579 8302 8452 7975 8697 8076 8274 9314 8627 7809 8501 7537 8189 8363 7792 8346 9002 8192 8651 8728 8437 8191 8680 9034 8459 8212 8353 8584 8026 8107 8771 8064 8152 8270 8322 8190 8423 8758 8552 8700 8755 8789 8479 7721 8577 8326 8845 8515 7991 7974 8397 8644 8195 8687 8711 8483 8005 8771 8310 8298 8430 8343 8124 8468 8645 8326 8385 8524 8881 8883 8358 8691 8286 7953 9004 8574 8507 8693 8421 8774 8351 7870 8489 8614 8673 8840 8438 8908 8193 8618 8559 8827 8104 8274 8013 8892 8616 9037 8193 8517 8270 8685 7878 8410 8646 8363 8231 8458 8365 8768 8294 8518 8083 8771 8244 8182 8316 8970 8133 8590 8048 8417 8687 8351 8493 8538 8402 8502 8044 8720 8354 8189 8433 8030 8389 8910 7649 8101 8091 8752 8776 8051 8703 8221 8207 7993 8657 8415 8335 8453 8247 9101 8404 8410 8389 8621 8346 8258 8257 7751 8457 8275 8911 9009 
7417 7974 7818 7730 8505 7757 7440 7533 7953 7532 8039 8106 7585 7710 8379 7676 8502 7795 8157 7208 7912 7874 8201 8043 7647 7423 8307 7851 7692 8497 7556 7956 7878 7604 7573 8014 8400 7626 7881 7927 7582 7725 8029 7980 7820 7550 7920 7752 7844 8288 8430 8189 8017 7815 7902 7393 8057 7715 7926 7917 7479 8117 7854 8140 7684 7802 7546 7488 7818 7559 8163 7953 7924 7502 7245 7991 7288 8136 7807 8142 7856 8067 8115 8167 7739 8528 8639 8159 8153 7717 7996 7320 8106 7758 7476 8308 7793 7456 7631 7559 7576 7858 7094 7336 7932 7753 7583 7945 7519 7899 7431 8127 7843 7709 7562 7886 7942 7689 8115 7586 8363 7490 7487 7744 7539 8103 7736 7750 8020 7646 7648 7651 7294 8430 7518 8055 7975 7254 7704 7789 7880 8159 7752 7728 7659 8453 7407 7774 8159 8050 7532 8497 7790 7908 7838 7728 8268 7375 7835 8081 8137 7887 8532 7777 7375 7540 7620 7894 7876 7312 7978 8007 7846 7320 7572 7721 7710 7019 8038 8396 7577 7842 8352 8212 7694 7594 7614 7896 8346 7678 7626 8427 7900 8334 8156 7093 7633 7409 7800 8610 8122 7901 7869 7417 7757 7848 8113 7971 7833 7854 7988 7834 7978 7699 7801 7702 7591 7746 7449 7826 7840 8026 7769 8145 7465 8016 8494 8241 7779 7780 7480 8042 7407 7543 7789 8013 7811 7540 7889 7153 8103 7589 7688 8562 7714 7285 7615 7174 7546 8009 7477 7842 7920 7728 8053 7980 7751 8065 8106 8001 7535 7513 7511 8122 7473 7390 8515 7436 7549 7619 7577 7524 7596 8195 7968 8140 8097 7864 8112 7051 8258 8075 8024 7880 7383 7912 7896 8035 7903 7739 8277 7963 7740 7911 7850 7741 8012 7528 7821 7548 7758 7732 7878 7875 8035 8131 7815 7946 7868 7930 8557 7486 7695 7906 8046 8297 7977 7586 7953 7892 8047 8289 7828 8154 7833 7856 7525 8296 7642 8111 7843 8254 8100 8134 7713 8279 7456 7777 7685 7809 7560 7766 7533 7876 7691 7553 7886 8174 7657 8045 7588 7728 8019 8153 7611 8025 7599 7649 8013 7633 8411 7901 7987 7584 7328 8245 7994 7852 8128 7511 7632 8068 7540 7875 7771 7696 7788 7802 7906 7661 7840 7651 7640 7842 7462 8036 7896 8141 7701 7669 7940 7779 8147 7881 8185 7659 7835 7532 8189 7885 
7531 7614 8128 7705 8205 7809 7437 7634 7891 7775 7943 8349 7814 7802 8408 7728 8298 8045 8221 7665 7828 8165 7992 7985 7775 7967 8232 7875 7685 8548 7532 7779 7858 7968 7547 8058 8461 7792 8048 8071 7862 7851 8134 7896 8129 7638 7851 7371 7917 8600 8552 8268 8111 7938 7902 7504 7729 7721 8249 7855 7616 8004 7864 8102 7877 8020 7658 7501 8045 7557 8588 8052 7986 7883 7352 8232 7699 7888 7247 8322 7682 7855 8195 7978 7735 8378 8513 7679 8224 7683 8123 7392 8233 8136 7860 8362 8180 8263 8213 7512 7755 7775 7002 7639 7566 7623 7361 8027 8030 7497 7615 8332 7409 7890 7913 8097 8035 7748 8150 7642 8289 7929 7511 7828 7599 7872 7652 7801 7801 7953 7579 8046 7602 7997 7620 7983 8206 6983 7500 7870 8037 8058 7907 7839 7806 8362 7590 7796 8156 8057 7623 8565 7694 7879 8007 7852 8369 7186 8247 8125 8114 7747 8439 7864 7577 7859 7669 7624 8068 7521 7981 8184 7209 7496 7472 7901 7702 7434 8092 8094 8127 8079 8129 8242 7374 7556 8141 7695 8354 7556 8040 8552 8072 8246 8602 7421 7973 7516 7883 8378 7765 7837 7760 7489 7520 7754 8019 7557 7945 7930 8216 8139 8286 7794 7478 7676 7843 7995 7682 8246 7633 7980 7720 8199 7543 8577 8592 7910 8298 7367 8039 7967 7812 7906 7670 7697 8132 7710 8470 7538 8348 7718 7573 8566 7878 7357 8000 7570 7810 7797 7873 7682 8079 8210 8044 7786 7503 7891 7860 8316 7710 7623 7726 8088 7564 7529 8448 7602 7793 7691 7668 7315 7553 7789 7990 8445 7885 7906 7991 7521 8072 8058 8014 8096 7402 7863 7744 8176 7873 7945 8010 8067 7897 7926 7332 7883 7843 8225 7947 7819 7828 7667 7802 7744 8137 8085 8269 7914 7839 7759 8367 7753 7880 8077 7913 8780 7821 7633 8056 7978 8114 8073 8069 8182 7696 8066 7767 8021 7653 8138 7801 8516 8094 7824 7974 8034 7763 7883 7685 7614 7852 7940 7608 7692 7685 7706 7574 8052 7858 8097 7764 7723 7856 8295 7490 8179 7840 7835 7624 7749 8015 7689 7880 7595 7743 7882 7994 7739 7733 7754 7569 7652 7501 7641 7646 8098 8020 7821 7724 7761 8079 7592 7636 8031 7670 8020 7671 8170 7675 7800 7668 8115 7891 7822 7871 7652 7696 7764 8198 8203 
8336 7964 8257 8411 8807 8484 7843 8004 8104 8185 8480 8529 8258 8067 8885 8527 8652 8152 8588 7733 8287 8538 8403 8168 8065 8097 8626 8102 7922 9019 8166 8603 8249 8496 7810 8310 8659 8408 8547 8626 8256 8035 8224 8306 8385 8041 8368 8132 8013 8527 8941 8489 8632 8301 8310 7864 8130 8096 8418 8429 8132 8617 8256 8429 8175 8626 8554 7907 8332 8334 8784 8520 8355 8231 7839 8196 8354 8537 8236 8648 8420 8539 8678 8560 7988 8679 9069 8742 8865 8043 8565 8136 8522 8202 8282 8921 8510 8361 8425 7683 7797 8327 7019 8091 8302 8012 8142 8425 8177 8183 8221 8371 8122 7867 8272 8737 8545 8210 8455 7821 8738 8567 7696 8448 8370 8717 8153 8344 8072 8117 8034 8203 7878 8550 7971 8484 8579 7631 7957 7975 8307 8227 8685 8614 7877 8601 7882 8234 8339 8203 7816 8631 8190 8081 8740 8015 9106 7572 8512 8372 8304 8386 8771 8376 8129 8237 8169 8097 8521 7882 8146 8442 7968 7924 8043 8374 8241 8184 8461 8553 8347 8385 8736 8576 7982 8240 8264 8371 8672 8190 8348 9016 8142 8953 8463 7513 8671 7795 8604 8791 8007 8435 8114 8122 8459 8053 8427 7840 8421 8283 8429 8246 8444 8256 7801 7917 8442 8415 7728 8815 8207 8239 8210 8489 7691 8572 8604 8318 8408 7982 8256 8447 8017 8126 8132 8622 8443 8401 8580 7852 8655 8165 8245 8973 8369 7606 8033 7426 8123 8228 8152 8177 8707 8240 8621 8126 7944 8409 8194 8716 8344 7924 8002 8329 7988 7893 8710 7911 8193 8080 8006 7847 8027 8744 8263 8727 8437 8382 8300 7676 8737 8244 8633 8134 7733 7987 8325 8805 8098 8389 8525 8527 8113 8326 7949 8569 8600 8412 7987 8439 8190 8365 8051 8266 8726 8754 8146 8145 8103 8191 9199 8233 8176 8329 8146 8693 8179 7959 8565 8599 8657 8605 7906 8827 8266 8071 8349 8628 8070 8269 8328 8604 8793 8291 8424 8237 8342 8368 7670 8110 7809 8333 8129 8353 8195 8355 8159 8893 8115 8371 8060 8081 8462 8886 7793 8781 7847 8012 8435 7984 8307 8348 8547 8018 7944 8346 8390 8218 8580 7855 8290 8219 7933 7934 8133 8666 8321 7941 8454 8096 8281 7930 8294 8353 7946 8477 7781 8586 8245 8081 8431 8359 8198 8460 7924 7670 8373 8098 8796 8810 
8873 8849 8982 8891 9655 8841 8447 8538 8961 8790 9005 9219 8823 8997 9475 8585 9536 8991 9398 8535 8904 9030 9354 9044 9007 8676 9172 8794 8648 9293 8902 9136 9228 8842 8642 9395 9327 8882 8918 9013 8756 9392 9064 9422 8766 8336 8821 8613 8688 9155 9888 9081 9150 8749 8841 8327 8926 8815 8647 9093 8537 8784 9346 8924 8737 9012 8914 8756 8803 8886 9482 8778 9069 8829 8446 9296 8622 9063 8549 8915 8652 9012 9216 9308 8621 9657 9319 8981 9358 8987 9420 8451 9305 8723 8790 9462 9074 8817 9130 8153 8577 9224 8002 8713 8675 8940 8738 8953 9358 8711 8898 9059 8315 8775 8561 8799 9517 8471 8917 8405 9698 8748 8632 8957 8685 9179 8643 8855 8880 8529 8789 8651 8650 9366 8508 9140 8650 8008 8658 8709 8882 9268 9047 8770 8977 9093 8496 8583 8865 9324 8787 9265 9021 8798 8907 8707 9434 8509 9223 9212 9226 8958 9789 9073 8588 8848 8818 9058 9113 8451 9002 8954 8238 8800 8568 8734 8913 8200 9032 9086 8918 8696 9416 9191 8476 8812 8957 9126 9734 8705 8938 9638 8927 9695 9273 8031 9198 8655 8674 9943 9011 8961 9090 8497 8893 8938 9226 8663 8792 9110 9413 9068 8934 8648 8393 8470 8160 9005 8391 9251 8573 8830 8903 9003 8476 9195 9350 9253 9057 8715 8780 9272 8704 8625 8811 9629 9167 8848 9046 8338 9050 9019 8610 9641 8843 8353 8641 8263 8516 8909 8445 8941 8866 9072 9226 9038 8507 8667 8796 8925 8628 8630 8525 8821 8586 8427 9630 8704 8862 8752 8975 8233 9037 8837 8957 9402 8829 9061 8866 7925 9053 8650 8834 8716 8380 8958 8536 9291 8677 9060 9283 8869 8864 9071 8654 8980 8697 8865 8623 8491 8877 8912 8671 8922 8931 9039 8822 8866 8730 8406 9464 8611 8930 9458 8908 9334 8861 8529 9036 9024 9298 9053 8837 9544 8396 9211 8744 9146 8880 8954 8524 9249 9272 9015 9048 9009 8993 8942 8680 8714 8387 8973 8491 9077 8820 9056 8427 9297 8943 8887 8616 8549 9049 9403 8342 9034 8431 8474 9328 8774 9251 9005 9170 8515 8825 8674 8997 8465 9258 8721 8798 8745 8473 8202 8662 8999 8743 8821 9072 8627 8832 8320 8876 8849 8517 9212 8740 9219 8911 8347 8739 8744 8985 8400 9025 8275 8474 8463 9436 9011 
8032 7878 8015 7983 8315 7873 7587 7590 7758 7427 8144 8459 7761 7556 8700 8036 8452 7920 8416 7748 8143 7976 8150 8147 7862 7797 8114 7866 7744 8499 7852 8103 7927 8016 8201 8080 8440 8295 8201 7964 7895 8128 7946 8137 7972 7510 8068 7556 7821 8375 8363 8082 8042 8222 8009 7226 7917 7898 7909 8324 7350 8428 8384 8307 8310 7935 8030 7635 7835 7804 8184 7924 7998 7690 7561 8382 8018 8483 7407 8521 7828 8261 7953 8303 7817 8347 8446 8439 8441 7784 8263 7560 8456 7920 7484 8564 8453 7900 7879 7620 7840 8073 6968 7965 7621 7925 8000 8304 8335 7898 8039 8187 7697 7444 7913 8189 8224 7648 7909 7704 8287 7583 7841 7886 7821 8206 7924 8134 7915 7788 8298 7987 7813 8216 7844 7867 8107 7663 7561 7896 7993 8099 8042 8142 7791 7957 7850 7813 7939 8234 7505 8030 7823 8008 8110 7709 8703 7185 7803 8060 8091 8099 8297 7715 7784 7678 7703 7799 8256 7584 7915 8492 7339 7815 7798 7984 7800 7573 8032 8104 8167 7896 8337 8197 7759 7487 8258 7903 8766 7850 7599 8595 8255 8409 8309 7312 8147 7414 7899 8459 8116 7896 7816 7539 7996 7958 8170 7563 7880 8251 8251 7704 7976 7794 7485 7728 7564 7877 7426 7998 8056 7910 7810 8590 8000 8334 8178 8045 8112 7640 7928 8283 8064 7832 7857 8507 8300 8028 8137 7338 8077 7816 7540 8379 8025 7324 7789 7205 7874 7988 7573 7665 8086 7819 8094 7994 7820 8039 8166 8250 7799 7506 7711 7939 7438 7479 8605 7625 7908 7953 7823 7775 7749 8345 7600 8031 8201 8094 8105 7445 8251 8026 8122 7690 7464 8118 7931 8228 8049 7671 8008 8076 7892 7981 7708 8064 7996 8155 7688 7954 7984 7965 8018 7894 7924 7948 8154 8099 7803 7747 8067 7461 8129 8143 8366 8553 7721 7957 8258 7947 7980 8546 7981 8187 7713 8241 7717 8009 7596 7929 7536 8550 7821 8310 7729 8058 8139 8199 7851 7786 7853 7707 7302 8033 7920 7839 7666 8426 7549 8111 7828 7723 8385 8095 7787 7988 7989 7462 8441 7740 8085 8163 8163 7900 7522 7979 7996 7842 8262 7879 7699 8216 7511 7698 7915 8063 8064 7738 8071 7752 8367 7522 8184 8118 7787 8293 8072 8555 7924 7605 7945 8026 8040 7896 7997 7418 7840 7613 8334 7874 
8006 8375 8357 8311 8669 7984 7881 7997 8287 7949 8186 8157 7816 7945 8615 8300 8561 8424 8426 7960 8067 8435 8303 7942 7863 8069 8248 8155 7948 8931 7988 8191 7994 8202 7979 8165 8619 8490 8220 8243 8282 8135 8244 8499 8170 8072 8457 7604 8429 8471 8774 8257 8375 8396 8056 8042 8134 8139 8421 7998 7814 8611 8245 8189 8166 7819 8295 7932 7981 8187 8194 8573 8209 8024 7673 8141 7991 8376 7803 8491 8010 8236 8390 8454 8033 8533 8702 8115 8907 8380 8667 7581 8366 8159 8083 8887 8170 8161 8446 7488 8147 8063 7333 8133 7922 8102 8092 8251 8645 7839 7921 8221 8045 8477 8447 8302 8507 8185 8150 8048 8432 8150 7917 7772 7834 8460 7632 8405 8320 7919 8041 8186 7908 8132 7987 8260 8255 7452 7851 7789 8068 8390 8242 8372 7894 8453 7816 8043 8435 8383 7697 8498 7895 8102 8031 8067 8777 7438 8459 8660 7877 8198 8844 8353 7896 8231 8229 8234 8382 8181 8359 8541 7799 7883 7693 8166 8001 7858 8219 8553 8347 8078 8431 8220 7941 8326 8543 8246 8716 7895 8022 8648 8460 8756 8808 7428 8408 7885 8091 9008 8043 8229 8526 7414 8045 8124 8567 7593 8114 8449 8357 7823 8237 8167 8135 7723 7984 8352 7849 8268 8111 7882 8328 8649 7970 8365 8586 8064 8411 8018 8150 8329 8104 8023 8046 8607 8379 7988 8172 7749 8273 7865 8016 8774 8130 7879 8059 7543 8231 8329 8179 7728 8192 8048 8503 8192 7718 7900 8367 8361 8002 8187 7873 8039 7883 7507 8596 7820 8194 8080 7976 7613 8385 8194 8069 8473 8117 8325 7843 7587 8439 8351 8248 8056 7751 8093 8228 8426 8027 8368 8698 8444 7693 8156 7745 8125 8350 8179 7778 7937 8193 8227 8109 7936 8474 7983 8277 8373 8160 8194 8648 7802 8273 8348 8221 8567 7844 7604 8245 8244 8408 8514 8067 8993 7809 8371 7964 8500 8264 8018 8239 8477 8424 8173 8041 8580 8383 8494 8247 8340 8019 8367 7887 8177 8182 8129 7636 8592 8166 8408 7589 7913 8081 8664 7787 8535 7908 7995 8304 8124 8292 8118 8640 7792 7851 8285 8398 7930 8421 8089 7973 8062 7716 7817 7743 8411 8091 7872 8065 8256 8283 7730 8244 8032 7979 8289 7758 8863 8262 8127 8062 8153 8419 8115 8119 7815 8074 7914 8345 8461 
8069 7912 8340 8531 8762 8353 7739 7840 8188 7924 8419 8703 8251 7735 8634 7701 8713 8173 8426 7904 7922 8348 8487 8186 8076 8117 8170 8206 8026 8698 8061 8174 8201 8138 8005 8720 8741 8345 8214 8206 8378 8214 8371 8264 8014 7793 8234 7592 8141 8460 8686 8561 8342 8277 8122 7858 8271 8185 8268 8484 8018 8469 8640 8356 7866 8239 8138 7782 7942 8017 8897 8383 8490 7919 8082 8067 7847 8335 7831 8948 8144 8465 8143 8574 8511 8750 8969 8216 8925 8405 8289 7936 8517 8028 7963 8746 8363 7982 8254 7738 8114 8217 7438 8074 7976 8358 8217 8124 8399 7891 7874 8100 7891 8165 8146 8129 8549 7878 8189 7573 8493 8016 7836 7936 7705 8432 8258 8121 8054 8227 7992 8288 7717 8824 8063 8499 8392 7679 8149 7810 8153 7945 8249 8313 8239 8443 8150 7792 8532 8670 7955 8771 8398 8184 8385 8225 8569 7473 8432 8243 8459 8354 8697 8204 7690 8057 7966 7982 8297 8084 8044 8402 8162 8055 7641 8484 8172 7666 8459 8655 7976 8167 8386 8441 8021 7860 8273 8171 8737 7900 8171 8840 8323 8668 8713 7336 8551 7897 8458 9160 8184 8252 8226 7434 8248 8409 8227 7799 8228 8254 8482 8304 8498 7914 8284 7764 7908 8336 7930 8118 8154 8394 8244 8628 8294 8331 8749 8369 8701 8077 7774 8182 8033 7853 7957 8664 8358 8180 8432 8004 8326 8180 8070 9074 8201 7487 7745 7676 7413 8250 8078 8129 8513 8043 8754 8177 8169 8068 8288 8369 7968 7613 7857 8237 7731 7918 8984 7802 8233 7834 8152 7711 7904 8455 8117 8331 8530 7970 8276 7574 8512 8101 8383 7883 7627 8501 8306 8538 7986 8356 8378 8394 7785 8055 8053 8360 7948 8499 7981 8183 8142 7988 7950 8252 8460 8364 8403 8369 8171 7891 8955 7739 8128 8470 8466 8591 7859 8098 8216 8178 8302 8515 8115 8481 7882 8457 7956 8542 7986 8275 8182 8851 8476 8145 7841 8628 8058 8210 8107 8178 7573 8284 8119 8060 8295 8045 7874 8479 8055 8241 7531 8067 8424 8840 7985 8344 7938 7979 8218 7853 8756 8213 8464 7897 7733 8031 8050 7970 8133 7879 8554 8320 7881 8023 8228 8416 8055 8071 8439 7800 8323 7922 8355 8139 8477 8367 8105 8715 8199 7865 7933 8387 8174 8244 8354 7924 8150 8009 8712 8543 
7611 7781 7869 7931 8418 7993 7444 7634 8163 7980 8367 8148 7885 7620 8368 8314 8299 8261 8408 7738 8029 7754 8055 7995 7875 7721 8291 8048 8182 8866 8035 8174 7953 7898 7554 8472 8574 8092 8138 8352 8344 7900 8150 8333 8146 7462 7782 7689 7900 8128 8746 8585 8159 8172 8148 7596 8223 8153 8014 8240 7759 8437 8006 8114 7965 8151 8234 7810 7787 8124 8285 8119 8403 7925 8021 8236 7600 8368 7529 8487 8006 8020 7999 8471 7781 8435 8577 7713 8491 8306 8291 7856 8252 7674 7712 8723 8163 7910 8306 7547 7743 8135 7328 8183 7773 7918 7850 7964 8045 7795 7933 8296 7860 7648 7797 8302 8590 7865 8205 7888 8613 7833 7737 7965 8065 8567 8279 8203 8243 8038 7965 8017 7796 8176 7639 8218 8298 7418 7639 8065 8013 8339 7863 8033 7932 8296 7711 7789 8191 8430 7761 8556 8227 8486 8440 7851 8708 7329 8183 8267 8420 8170 8733 7902 7979 7941 7662 7901 8176 7399 8156 8209 7054 7693 7656 7579 8078 7530 8369 7861 8087 8015 8300 8668 8066 7504 8207 8145 8522 8133 8001 8609 8495 8713 8365 7137 8443 7690 8159 8485 7775 8035 8208 7566 8126 8049 8174 7891 7973 8155 8271 7777 8041 7957 7946 7846 8060 8327 7818 8283 7861 7877 7841 8394 7399 8208 8477 8540 8075 7710 7809 8365 8324 8047 7905 8418 8141 8124 8466 7678 8283 7957 7833 8681 8061 7791 7774 7415 7410 8378 7498 8035 8217 8250 8495 8115 8004 8055 8053 8379 7797 7751 7875 8434 7778 7660 8578 7670 7953 7980 7832 7341 7824 8206 7861 8135 7985 8040 7907 7556 8543 8022 7992 7874 7838 7953 8027 7963 7855 8114 8682 8303 7669 8219 7682 7852 7818 8549 7903 8010 8042 7969 8104 8074 8055 8100 8238 8324 8055 8035 8418 8033 8251 8528 8287 8527 8044 7828 8387 8140 8138 8420 7995 8333 7932 8307 8054 8349 7577 8153 7826 8592 8181 8170 8055 8324 8186 8427 7953 8083 7833 7918 7427 8404 7890 8031 7868 8502 8035 8201 8058 7609 7955 8697 7651 8442 7940 7934 8282 7743 7906 8435 8490 7870 8164 8195 8116 7507 8471 7483 7903 8135 7707 7754 7957 8306 8023 7752 8103 8098 8602 7808 8107 7978 8124 8146 7776 8675 8150 8057 8092 7944 7920 7901 7977 7724 8020 7724 8499 8521 
8098 8073 8375 8045 8758 7931 8149 7826 7859 7906 8405 8286 7882 8293 8481 8028 8682 8051 8428 7900 8110 8288 8315 8179 7850 8281 8291 8091 8039 8459 7856 8265 8402 8123 7669 8119 8570 8231 8348 8466 8216 8158 8609 8242 8093 7914 8781 7827 8334 8440 8620 8421 8205 7888 8124 7984 8299 8132 8104 8321 7743 8650 8356 8299 7870 8228 7933 7941 7986 7868 8427 8249 8424 7728 7767 8189 7720 8205 7650 8275 8092 7972 8432 8437 7819 8527 8745 8366 8573 8103 8410 7539 8429 8138 7936 8523 8111 8178 8396 7597 8010 8352 7518 7947 7868 8093 8009 7952 8252 8032 7888 8094 7746 7906 8070 8219 8518 7793 8267 7745 8612 7734 7829 7989 8141 8140 8104 8281 7723 8135 8006 7994 7989 8177 7793 8627 8297 7309 7746 7720 8129 8348 8298 8033 7939 8372 7806 7687 8296 8519 8076 8368 8180 8120 8487 7924 8874 7575 8353 8046 8723 8177 8583 8436 7874 8241 7721 7968 8162 7832 8181 8439 7726 8016 8052 8294 8325 7873 8313 8604 8406 8095 8352 8344 8114 8092 8368 8113 8617 7814 8091 8818 8205 9035 8613 7354 8463 7728 8114 8820 7968 8123 8055 7634 8301 8277 8543 8305 8189 8258 8501 8255 8256 8132 7760 7963 7806 8319 7645 8297 8231 8222 8265 8384 8045 8359 8520 8228 7959 8008 7933 8634 7934 8026 8039 8333 8484 7824 8208 7508 8264 7808 7945 8655 8327 7725 7862 7799 7691 8229 7827 8320 8559 8304 8471 8202 7604 7997 8153 8406 7901 8166 7831 8443 7687 7759 8959 8174 8106 8039 7910 7574 8037 8290 7782 8611 8037 8098 7989 7282 8080 8249 8246 8075 7927 8087 8246 8662 7933 8278 8665 8257 8191 8053 7819 8204 7872 8416 7777 7796 8177 8381 7876 8078 8460 8253 8225 8481 8194 7627 8265 7750 8363 8276 8230 8653 7772 8064 8148 8363 8400 8521 7959 8306 8155 8214 8037 8611 7923 8267 7798 8415 8388 8484 7907 8464 8270 8332 8024 7989 7840 8584 7766 8203 8277 8109 8007 8356 8077 8176 7932 8121 8316 8444 7672 8128 8073 7564 8359 7912 8115 8211 8118 7761 8004 7945 8166 8250 8097 7926 8113 8058 7478 7741 8045 8135 8066 7641 8122 8212 8110 7951 8088 8493 7772 8453 8050 8880 8249 7957 8153 8343 8469 8323 7999 7661 8319 7740 8198 8337 
8193 8334 8197 8842 8857 8394 8245 8035 8165 8271 8306 8699 8210 7819 8754 8188 8813 8641 8705 8144 8286 8431 8454 8295 8026 8137 8214 8156 8254 8758 8430 8625 8592 8219 8291 8353 8606 8291 8333 8710 8503 8832 8367 8723 8402 7987 8781 8021 8005 8542 9046 8697 8461 8730 8213 7902 8300 8137 8244 8868 8342 8588 8764 8607 8505 8310 8467 7943 8383 8134 8527 8511 8563 8398 8021 8549 7889 8611 7737 8583 8381 8190 8773 8706 8314 8591 8905 8313 8837 8635 8561 8067 8640 8128 8243 9022 8632 8492 8231 8130 8133 8456 7586 8076 7953 8186 7813 8121 8773 8309 8300 8568 7973 8111 8234 8504 8628 7652 8385 7759 8422 8112 7835 7995 8498 8497 8346 8072 8431 8294 8139 8216 7978 9140 8036 8714 8339 7627 8196 8312 7954 8473 8591 8184 8230 8738 7988 8333 8433 8498 7911 8906 8349 8184 8608 8028 8673 7847 8654 8609 8458 8009 8893 8160 7897 7949 7986 8043 8441 8081 8186 8801 7638 8168 7737 8415 8253 7821 8574 8629 8639 8453 8557 8670 7730 7982 8869 8457 9090 8367 8333 8994 8327 9040 8829 7362 8682 7696 8448 8942 8367 8331 8110 8198 8256 8221 8470 8332 8294 8376 8862 8335 8646 8155 7870 7888 8123 8749 7832 8538 8184 8332 8134 8540 8401 8579 8818 8499 8588 8075 8187 8716 8225 8202 7883 8804 8768 8366 8528 7858 8765 8140 8210 8958 8534 7667 7988 7678 7877 8357 7992 8315 8885 8252 8448 8732 8218 8219 8405 8504 8105 8025 7885 8525 8147 8110 9235 8186 7868 7859 7951 7867 8362 8340 8252 8722 8708 8757 8403 7722 8457 8208 8335 8051 7968 8227 8035 8230 8225 8697 8661 8576 8198 8319 7937 8312 8225 8299 7868 8034 8245 8417 8226 8329 8638 8522 7949 8407 8197 8255 8869 8077 8488 8553 8572 8702 8041 8104 8338 8551 8481 8632 7997 8768 8104 8534 8417 8715 8141 8337 8113 8720 8268 8617 8220 8611 8532 8516 8291 8257 7799 8451 8164 8175 8361 8428 7796 8798 7981 8387 8302 8177 8200 9033 7831 8620 8284 8089 8607 8279 8712 8192 8742 8319 8235 8434 8352 8108 8620 8038 8238 8633 7808 7737 8260 8503 8592 7889 8422 8015 8272 7860 7996 8430 8200 8507 8299 8852 8362 8366 8257 8418 8340 8196 8421 7949 8262 7841 8579 8743 
7816 7943 8172 7929 8688 8207 7567 7946 8109 7732 8285 7887 8066 8006 8257 7710 8414 7947 8460 7760 7745 8194 8096 8307 7893 7834 8139 7953 8238 8569 8116 8006 7881 8028 7277 8224 8424 7791 8127 8080 7977 8230 8235 8312 7819 7447 8374 7753 7954 8384 8518 8274 8262 8265 7768 7586 8197 8415 7886 8257 7839 8150 7823 7928 7967 7977 7997 7699 7578 8085 8445 8242 8349 7588 7680 7654 7964 8533 7653 8237 7680 8046 8097 8338 7923 8484 8615 7849 8765 8122 8347 7771 8247 7826 7884 8535 8566 7834 7961 7422 7644 8096 7300 7815 7535 7986 7665 7612 8554 7764 7778 8343 7588 7916 7938 8019 7968 7735 8289 7728 8622 7886 7523 7964 8115 8249 7849 8025 7809 7820 7872 7804 7719 8218 7783 8338 8108 7282 7769 7740 8090 7880 8382 8109 7803 8166 7857 7752 8123 8458 7768 8482 7928 8252 8254 7812 8503 7429 8357 8026 8058 7982 8283 8162 7864 8047 7921 8003 8013 8041 7993 8062 7616 7626 7694 7983 8077 7708 8275 8331 8104 8033 8444 8316 7607 7877 8297 7914 8506 7679 7964 8593 8317 8702 8176 7576 8457 7617 7842 8725 8161 8106 7916 7514 8006 7679 7907 7884 8011 8078 8357 7758 8083 7935 7672 7460 8008 8373 7639 8291 7901 7759 8153 8303 7721 8379 8410 8084 8224 8022 7668 8480 8061 8162 7553 8494 8226 7848 8128 7449 7981 8010 7873 8327 7726 7762 7937 7560 7698 7883 7747 7790 8361 8122 8517 8011 7750 8003 7719 8420 7642 7833 7558 7967 7759 7605 8689 7890 7744 7783 7740 7340 7825 8122 7855 8314 8154 8029 8016 6970 8290 8086 7947 8151 7583 7748 7770 8469 7641 8204 8194 7956 7534 8254 7540 7934 8042 8287 7775 8076 8187 7979 7978 8164 7990 8078 8085 8022 8008 7924 8612 7746 8178 8326 8252 8095 7708 8027 8106 7938 8280 8161 7999 8449 7848 7845 8006 8117 7856 8063 7828 8357 8258 7873 7736 8279 7909 8130 7990 8285 7706 7939 7645 8081 8289 8492 7803 8400 7851 7757 7561 7845 8191 8370 7641 8190 7978 7946 8462 8003 8286 8212 8399 7749 7453 8216 8278 7669 8040 7818 7959 7972 7680 7649 7739 8394 8077 7541 8509 7902 8030 7440 7758 8027 7773 8078 7952 8522 7882 8057 7810 8091 8183 7853 8193 7617 7890 7632 8372 8304 
8127 8304 8056 8184 8909 8194 8113 8148 8136 8079 8229 8572 8359 7994 8514 8244 8984 8447 8463 7829 8106 8448 8659 8166 8043 8262 8540 8162 8325 8587 8297 8600 8256 8046 7682 8520 8979 8327 8452 8541 8453 8212 8539 8338 8262 8081 8432 8017 8144 8725 9193 8729 8549 8537 8161 8124 8384 8251 8109 8599 8306 8706 8581 8377 8353 8302 8465 7953 8161 8457 8574 8538 8383 8280 8020 8668 8028 8564 8167 8500 8253 8314 8278 8949 7908 8796 8814 8403 8862 8552 8593 7871 8516 8173 7789 8383 8416 8175 8462 7798 7801 8348 7370 8438 8066 8375 7795 8026 8471 8164 8150 8258 7751 8481 8425 8647 8727 8095 8609 7949 8900 7959 7824 8206 8427 8571 8217 8221 8101 8314 8274 8043 8013 8665 8187 8723 8387 7507 7615 8282 8022 8148 8426 8594 7725 8240 8028 8158 8421 8420 7966 8750 8058 8369 8786 8006 8810 7927 8193 8480 8392 8403 8663 8426 7830 8031 8171 8275 8482 7613 8280 8509 7952 7942 7816 8173 8155 7866 8456 8480 7968 8403 8585 8678 8320 7836 8530 8719 8998 8079 8070 8418 8766 8864 8895 7572 8706 7754 8368 8927 8364 8406 8514 8018 8349 8335 8357 8518 8091 8546 8547 8308 8747 8399 7837 7975 8173 8250 7982 8794 8159 8346 8185 8637 7907 8532 8419 8855 8179 8247 8433 8623 8275 8015 8028 8659 8269 8498 8551 7726 8362 8075 7860 8577 8173 7781 8210 7565 7746 8273 8152 8418 8632 8250 8579 8410 8163 8231 8603 8628 7987 7752 7744 8213 8096 7690 8774 7957 8187 7880 7721 7691 8143 8198 8147 8860 8173 8563 7940 7665 8686 8320 8206 8487 7725 8380 8259 8799 8224 8242 8434 8350 8174 8287 7785 8559 8230 8595 7822 8254 8605 8711 8263 8200 8406 8418 8189 8296 7922 7946 8539 8075 8470 8634 8250 8611 8384 7948 8373 8425 8305 8767 8516 8843 8220 8157 8064 8204 8156 8502 8399 8544 9034 8655 8369 8366 8322 8610 8165 8064 8222 8466 7986 8199 8126 8177 8373 8661 7843 8454 8100 8276 8243 8753 7905 8639 7832 8224 8646 8054 8451 8300 8482 8105 7905 8181 8193 7766 8807 7857 7937 8530 8170 8005 7997 8822 8461 8021 8585 8063 8692 8042 8197 8205 8188 8529 8084 8856 8304 8194 8165 8623 8088 8182 8147 7770 8173 7848 8528 8756 
7695 7870 7652 7850 8239 7961 7735 7348 7750 7301 7898 8128 7853 7646 8099 7509 8359 7781 8149 7583 7605 7815 7991 7815 7955 7838 7809 7802 7955 8006 7772 7707 8021 7510 7573 8070 8417 7607 8030 7831 7852 7964 7793 7996 7925 7422 7923 7287 7513 7926 8287 8110 8264 7634 7757 7456 7789 7788 7645 8411 7708 7931 8063 7908 7893 7684 7688 7529 7765 7287 8181 8102 7710 7606 7628 8032 7371 7815 7501 7995 7897 7995 7923 8390 7301 8397 8395 7808 8466 8006 7840 7445 8020 7993 7363 8180 8035 7492 7864 7140 7400 7888 7258 7954 7364 7636 7523 7738 8126 7946 7845 7804 7616 7540 7731 8145 8046 7699 7639 7494 8590 7584 7461 7676 7948 7957 7987 8221 7856 7773 7695 7716 7607 8146 7450 8221 8180 7307 7584 7941 7818 7780 7853 7507 7492 7843 7416 7514 7863 8212 7705 8319 7561 7752 8071 7749 8562 7513 8027 7497 8101 7773 8282 8115 7403 7618 7704 7885 7794 7082 7895 8159 7473 7473 7761 8050 7972 7329 8114 8216 7944 7563 7565 7935 7648 7479 8370 7826 8062 7631 7706 8628 7862 8077 8047 6803 8007 7251 7716 8623 7705 7978 7600 7332 7825 7840 7909 7789 7737 7972 8217 7623 8062 7508 7165 7547 7675 7673 7277 8181 7621 7917 7768 8127 7473 7813 8398 7747 8054 7840 7780 7847 7707 7593 7446 8237 7725 7661 8128 7232 8195 7887 7759 8317 7876 7343 7540 7627 7425 7918 7624 7656 7917 7839 8025 7841 7751 7933 7810 8015 7742 7589 7497 8078 7505 7311 8379 7662 7699 7622 7649 7150 7439 7994 7597 8510 8076 7673 7655 7326 7800 7641 8041 7544 7422 7622 7692 8135 7845 7784 8274 7732 7472 7718 7412 7881 7830 7797 7480 7549 8014 7711 7639 7996 8173 7992 7685 7805 7673 7730 8243 7482 7864 8240 8104 8039 7634 7757 8001 7955 8183 8218 7501 8254 7495 8084 7880 8080 7556 7829 7724 8013 7994 7973 7657 8349 8213 8001 7689 7896 7688 7835 7493 7960 7642 7654 7661 8051 7617 7810 7473 7345 8206 8217 7383 8340 7617 7604 8210 7462 7924 7929 7796 7470 7658 7865 7968 7481 7974 7469 7695 8203 7263 7054 7506 7951 7916 7532 7927 7517 8017 7361 7927 7771 7616 8009 7936 8263 7805 7638 7797 8057 8061 7668 7883 7239 7727 7441 8103 7979 
7747 8403 8083 8040 8810 7920 7753 7844 8150 8156 8558 8396 7792 7872 8919 7837 8880 7752 8666 7621 8179 8422 8440 8252 8200 7796 8232 8229 8094 8720 8061 8237 7930 8368 7817 8286 8936 8110 7915 8277 7960 8403 8238 8629 8128 7809 8349 7637 8098 8519 8826 8301 8266 8445 7750 7763 8344 8179 8021 8127 8147 8195 7946 8278 8125 8386 8182 8179 8048 7932 8500 8289 8320 7828 8072 8091 8038 8344 7645 8624 8009 8251 8201 8703 7977 8741 8714 8456 8800 8451 8578 7886 8332 8010 7983 8395 8120 8225 8313 7998 7997 7932 7094 8011 7991 7903 7587 8169 8540 8280 8337 8476 7812 8478 8208 8011 8548 7758 8138 7595 8713 7535 7601 8136 8075 8409 8062 7935 8003 7924 8024 8261 7838 8790 8108 8457 7624 7061 7829 7899 7921 8176 8349 8243 7936 8588 7826 7971 8341 8359 7869 8700 8247 7970 8454 7954 8682 7568 8667 8029 8243 7955 8451 8708 7593 7921 7990 8047 8392 7838 8131 8393 7741 7737 7224 8099 8037 7943 8129 8494 8304 8306 8050 8451 7898 8099 8665 7913 8432 7921 8246 8634 8438 8847 8732 7761 8365 7750 8065 8650 8269 8440 8214 7598 8003 7886 7967 8059 8112 8299 8367 8218 8406 7952 7878 7632 7978 8325 7571 8308 7997 8313 8225 8543 8078 8483 8311 8136 8437 7942 8140 8609 8119 7715 7839 8406 8601 7774 8482 7683 8272 7892 7924 8751 8349 7890 8050 7780 8168 8207 7917 8155 8551 8053 8727 8069 7828 8246 8114 8146 8049 7884 7385 8185 7805 8061 8873 8044 8134 7724 7769 7299 7907 7954 7950 8483 8286 8410 8103 7528 8548 8336 8394 8102 7515 7911 7926 8336 7857 8389 8382 7982 8280 8210 7663 7815 8110 8377 7933 7730 8299 8131 7703 8291 8456 8427 8199 8381 8340 7852 8758 7829 8292 8651 8222 8683 7733 7879 8079 8186 8249 8306 8248 8849 7925 8293 7973 8419 7731 7970 7805 8323 8431 8328 8058 8482 8120 8491 7771 8351 8052 8222 7817 8411 8463 7897 7851 8472 8029 8332 8176 8036 8227 8651 7851 8526 7775 7651 8350 7803 8522 8219 8322 8066 7773 8247 7965 8033 8236 7872 7909 8083 7520 7856 7755 8747 8354 7781 8252 8178 8154 7432 8137 8294 8318 8338 7943 8603 8174 8156 8341 8346 8177 7957 8124 7767 7984 7453 8592 8573 
8037 8101 8001 7907 8939 8057 7866 8018 8056 8265 8506 8441 7838 7746 8896 8081 8873 8158 8716 7913 8173 8110 8282 7951 7960 7900 8253 7902 8096 8477 8159 8419 8342 7971 7771 8481 8181 8137 8525 8662 8063 8408 8327 8476 8328 7737 8263 7852 8306 8518 8903 8693 8216 8526 8242 7921 8506 8023 8109 8704 7915 8420 8244 8450 8508 8307 8236 8032 8010 8034 8569 8262 8659 7999 7990 8664 7921 8549 8052 8578 8221 8074 8425 8599 8154 8956 8753 8488 8717 8249 8603 8104 8446 8198 7965 8654 8478 8427 8549 7618 7918 8016 7499 8285 8004 8114 7830 8140 8127 7873 8005 8297 7671 8208 8268 8671 8667 7811 8193 7895 8578 7688 7667 7954 8071 8531 7859 8159 8279 8183 7941 7768 7910 8558 7784 8258 8102 7016 7914 7807 7997 8288 8108 8286 7941 8214 7997 8207 8256 8555 8030 8704 8136 8111 8282 8246 8840 7553 8434 8322 8090 8074 8639 8304 7631 7986 7960 8175 8372 7814 8187 8397 7765 8012 7688 8215 8218 7955 8292 8685 8105 8194 8180 8532 7821 7859 8501 8209 8646 7892 7797 8792 8267 9161 8468 7469 8583 7818 8088 8847 7897 8397 7834 8001 8285 8094 8471 8174 8271 8354 8426 8025 8473 7965 7910 7544 8104 8154 7948 8278 8270 8347 8152 8422 7893 8158 8496 8270 8259 7972 8303 8493 8071 8107 7887 8627 8141 8058 8298 7602 8622 7988 8490 8855 8296 7842 8019 7458 7799 8332 8072 8165 8412 8246 8453 8233 8116 8454 8275 8435 7784 8030 7787 8367 7604 7709 8785 7870 7998 8109 8275 7590 8115 8267 8110 8975 8569 8266 8094 7721 8549 8319 8093 8181 8075 8198 8374 8354 8033 8445 8718 8661 7865 8222 8009 8229 8050 8490 7703 8033 8264 8251 8199 8413 8431 8258 8156 8431 8189 8062 8477 8141 8181 8644 8201 8573 7989 8071 8064 8785 8622 8539 8287 8798 7872 8408 8305 8442 8084 8197 7850 8270 8094 8553 7751 8408 8638 8297 8125 8333 7960 7960 7823 8593 8172 8166 7950 8589 8113 8330 8030 7887 8515 9048 8035 8502 8192 8123 8623 8188 8633 8346 8256 8031 7827 8321 8568 8066 8246 7744 8122 8059 7437 7758 8118 8396 8499 7768 8271 8075 8209 8162 8338 8131 8095 8572 8097 8726 8156 8235 7895 8396 8250 8268 8044 7837 8204 7547 8531 8760 
7975 7923 8258 8269 8552 8442 7989 7861 8235 7897 8206 8325 8085 7673 8450 7722 8577 8075 8513 7641 7840 8208 8357 7862 7709 8090 8427 7843 7733 8696 8057 8512 8190 7856 7424 8436 8530 7964 8056 8166 8281 8145 8113 8519 8095 7641 8156 7601 7983 8384 8690 8193 8130 7891 7960 7375 7791 7814 7841 8544 7817 8252 8101 8057 8346 7807 7582 7835 7972 7987 8429 8091 8129 7714 7418 8003 8054 8366 7751 8555 7704 8178 8022 8373 7800 8312 8706 8107 8617 8137 8323 8068 7962 8066 7775 8714 8327 7913 8038 7258 7948 7956 7288 7496 8059 7829 7676 7747 8313 7957 7795 7791 7890 7970 8038 8357 8317 8158 7729 7566 8297 7969 7398 7886 7912 8173 7952 8216 7763 7872 7787 7730 7792 8440 8085 8033 8156 7270 7822 7894 8025 8042 8336 8239 7723 8140 7781 7676 7907 7945 7923 8175 7712 7998 8682 8259 8453 7770 8352 8237 7917 8120 8398 7848 7721 7703 7720 8163 7932 7776 7866 8208 7595 7551 7523 8013 7830 7780 7882 8492 8136 7998 8230 8279 7904 7693 7977 7977 8549 7468 7872 8979 8390 8846 8362 7402 8351 7389 8050 8589 7820 8253 8130 7503 7950 7825 8132 7981 8035 8278 8498 8191 8329 7696 7526 7638 7994 8035 7456 8088 7915 8010 7903 8377 7979 8150 8585 8235 8447 7718 7680 8376 8092 7822 7867 8726 7928 8300 7872 7441 8139 7907 7952 8600 7825 7477 7795 7473 7917 8044 8061 7805 8333 7817 8280 8193 7953 8092 8130 8142 8158 7895 7707 7836 7876 7617 8638 7487 8076 7841 7912 7270 7945 7991 7901 8441 8201 8239 8026 7339 8586 7801 8037 7969 7554 7657 7462 8595 7931 8429 8563 8424 7890 8107 7628 8052 8042 8230 7533 7574 8170 7863 7866 8369 8261 8375 8262 8056 7881 8080 8517 7682 8176 7850 8018 8310 7669 7629 7992 8114 8094 8250 7777 8516 7837 8322 7959 8006 7755 7833 7970 8329 8213 8392 8001 8603 8080 8137 7632 7810 8051 7802 7703 8123 7978 8130 7453 8398 7806 8221 7702 7740 8372 8664 7736 8247 8055 7719 8205 8022 8108 7783 8177 7918 7862 7985 8298 7801 8449 7711 7833 8010 7537 8043 7913 8484 8168 7938 8281 7735 8321 7693 7993 7805 7919 8381 8023 8599 7957 7981 7778 8248 7751 8162 7885 7650 8039 7712 8139 8317 
7630 7563 7810 7710 8026 7441 7020 7728 7480 7697 7510 7594 7426 7444 8339 7400 8228 7298 8051 7251 7791 7333 7580 7404 7809 7272 7717 7684 7433 8173 7354 7914 7860 7747 7273 7733 7945 7624 7604 7722 7740 8122 7735 7723 7648 7570 7827 7054 7487 7574 8034 8104 7936 7302 7652 7540 7608 7660 7698 7873 7594 7858 7688 7777 7433 7525 7806 7442 7326 7629 7978 7937 7734 7370 7292 7587 7548 8108 7482 8105 7620 7818 8106 8083 7350 7861 8276 7983 8228 7738 8007 7147 7882 7784 7264 8272 7797 8019 7524 7357 7279 7553 6760 7610 7452 7747 7718 7413 7920 7481 7319 7607 7381 7828 7714 8031 7722 7451 7372 7380 8203 7483 7403 7577 7719 7722 7470 7493 7790 7545 7466 7369 7406 7928 7356 7948 7954 6867 7223 7613 7757 7599 7796 7764 7400 7841 7375 7544 7806 7849 7376 8137 7868 7482 7740 7364 8076 7029 7918 7597 7696 7905 7926 7738 7158 7344 7620 7789 8014 7449 7729 7766 7622 7481 7327 7799 7811 7407 7924 8081 7532 7503 8004 7900 7372 7342 7837 7824 8030 7257 7554 8356 7855 8293 8113 6970 7657 7488 7702 8140 7705 7525 7386 7405 7554 7675 7759 7683 7447 7950 7672 7363 7866 7338 7384 7538 7607 7697 7401 7621 7502 7713 7734 7806 7568 7873 8048 7847 7774 7483 7511 8117 7544 7425 7345 8176 7617 7247 7868 7231 8161 7694 7600 8101 7557 7256 7488 7085 7433 7659 7256 7297 7801 7665 7438 7557 7229 7811 7717 8096 7333 7349 7464 7745 6890 7196 8418 7163 7683 7598 7359 7175 7379 7600 7718 7807 7911 7880 7741 6951 7740 7541 7608 7484 7018 7562 7878 8201 7452 7790 7919 7976 7368 7747 7363 7771 7413 7942 7570 7544 7716 7433 7533 7644 7556 7730 7578 7442 7676 7336 8332 7669 7768 8100 7463 8095 7392 7272 7674 7730 8099 8259 7850 7995 7512 8090 7077 7936 7702 7692 7735 8039 7563 7905 7522 7497 7390 7808 7343 7525 7612 7952 7451 7756 7620 7555 7386 7927 7423 7756 7530 7298 7703 7993 7575 7816 7757 7632 7916 7478 8065 7546 7884 7299 7084 7597 7653 7505 7846 7194 7999 7440 6955 7336 7525 7743 7691 7492 8023 7503 7636 7303 7822 7473 7622 7782 7519 8218 7594 7899 7627 7702 7817 7231 7443 7293 7582 7506 8149 7925 
8075 8066 7945 8086 8851 7792 7775 7563 7836 7976 8044 8697 8320 7877 8523 7745 8701 8003 8445 7665 7771 8121 8254 8022 8058 8095 8415 8183 8242 8485 8075 8193 7939 7753 7648 8494 8697 8041 7892 8372 7747 7890 8140 8019 8186 7606 8425 7711 8153 8585 8487 8506 7998 8219 7979 7826 8084 8301 8171 8562 8063 8188 8373 8123 8223 8317 7898 7605 7983 7760 8758 8290 8445 7929 7763 7944 7885 8307 7654 8412 8017 8347 8116 8534 7946 8668 8579 8064 8369 8284 8156 7942 8460 8059 7724 8583 8505 8094 7940 8040 7845 8058 7174 7963 7774 7670 7664 7883 8622 8038 7890 8283 7601 8049 8024 8328 8386 7926 7810 7932 8807 7573 7598 7885 8135 8347 8041 8010 7899 8258 7771 8061 7897 8459 7254 8274 8057 7172 7755 8119 8078 8131 8138 8393 7812 8326 7865 8030 8333 8062 7705 8406 8027 8097 8647 7896 8891 7327 8371 8152 8173 8096 8604 8111 7781 8038 7809 7923 8162 7529 7941 8265 7927 7615 7436 8090 8152 7652 7994 8233 8192 7951 8069 8318 7879 7659 8347 8254 8377 8076 7761 9039 8428 8705 8309 7190 8456 7631 7765 8611 7981 7955 8074 7638 8071 7906 8128 7786 7933 8280 8065 7914 8516 7504 7843 7693 7957 8025 7577 8177 8352 7819 8125 8457 7750 8466 8328 8280 8308 7749 7759 8469 7842 7674 7684 8712 8102 8078 8485 7512 8549 7929 7963 8573 7910 7474 8234 7796 7808 8457 7857 8096 8373 8044 8585 8074 8121 7891 8174 8304 7850 7654 8022 8046 7886 7753 8459 7875 7286 7797 7751 7389 8160 7934 7978 8295 8199 8143 8162 7368 8247 7761 7946 8140 7722 8159 7936 8323 7693 8320 8397 8213 8070 8255 7558 8194 8042 8308 7541 7811 8145 8240 8147 8427 8217 8313 8019 8354 7684 7884 8350 7816 8077 8519 8107 8220 8056 8145 8077 8512 8259 8712 7914 8513 7687 8063 8009 8023 7838 8012 7965 8030 8249 8291 7625 8438 8103 8681 7999 7776 7921 7843 7664 8147 8161 8028 7792 8490 7773 7990 8057 7923 8427 8412 7700 8145 7871 7852 7956 8113 8495 8142 8266 8021 7674 8393 8018 7836 8256 7848 7968 8232 7366 7974 7687 8192 8259 7875 8625 7847 8108 7411 7688 8178 8140 8338 7858 8577 8230 8068 8162 8169 8199 7563 7985 7385 7925 7690 8545 8868 
7984 8134 8203 8148 8558 8013 7810 7746 8000 7756 8515 8319 8204 8072 8680 7763 8676 7770 8662 7605 7768 8103 8319 8086 8046 7750 8278 7842 7948 8577 7717 8086 7827 7937 7818 8361 8466 8269 8223 8108 8103 8473 8377 8603 7937 7790 8124 7452 7892 8587 8532 8405 8354 8068 8216 7699 7943 8094 7959 8253 7726 8614 8098 8218 8065 8276 8242 7604 7679 7626 8521 8227 8337 7702 7965 7979 7486 8262 7709 8647 8086 8290 8002 8446 8259 8418 8555 8325 8556 7941 8125 7755 8632 8045 7852 8633 7853 8350 8422 7722 7871 8062 7300 8058 8063 8179 7799 8058 8296 7883 7748 8072 7660 7849 7776 8403 8418 7907 7995 7990 8563 7716 7772 7730 7759 8292 7824 8019 8222 7959 8025 7869 7874 8245 7656 8378 7927 7341 7921 8019 7890 8348 7958 8229 8329 8499 7743 7946 8270 8356 7650 8444 8029 8112 8572 7895 8818 7510 7769 7980 8110 8426 8613 8465 7320 7665 8067 8046 8101 7780 8102 8183 7635 7942 7900 8092 8213 7491 8478 8086 8555 8140 8418 8510 7802 7830 8313 8172 8625 7733 8145 8471 8126 8556 8532 7458 8273 7871 8096 8663 8011 7914 7878 7384 8184 7862 8312 7956 7742 8165 8586 7852 8286 8085 7581 8041 7714 8135 7595 8208 8180 7929 8211 8459 7645 8435 8373 8135 7956 8219 7940 8433 8048 7637 7694 8362 7937 7756 8239 7414 8373 7944 7931 8696 8134 7867 7997 7497 7817 8233 7925 8000 8357 7782 8121 7982 8027 7921 8345 8140 7968 8279 7458 8155 7764 7611 8656 8014 7771 7735 7763 7553 7648 8042 7834 8664 7747 7911 8041 7462 8083 8128 7833 8046 7531 7928 8257 8115 7922 8340 8361 8288 7773 8169 7662 7532 7847 8165 7750 8062 8154 8105 7806 7920 8326 8472 8033 8401 7741 7676 8222 8078 8135 8326 7981 8627 7920 7700 8265 7895 8027 8287 8112 8481 7515 8084 8008 8360 7940 7731 8303 8250 8170 8322 7741 8168 8275 8405 7886 8052 8136 8347 7665 8282 7878 7971 7629 8084 7813 8092 7950 8027 8464 8594 7647 8117 8052 7648 8385 7745 8164 8469 8169 7981 7543 8261 8041 7991 8421 8050 7935 8195 7462 7514 7814 8163 8025 7533 8200 7767 8148 7791 8062 8492 8090 8274 8126 8603 8123 7812 8130 8272 8040 7975 7836 7615 7925 7659 8273 8013 
7738 7910 8197 8025 8471 8010 7465 7427 7815 7925 7853 8053 8036 7629 8540 7769 8395 7575 8621 7493 8116 8116 8343 8014 7643 7538 7844 8111 7434 8501 7628 8216 7748 8038 7688 7933 8643 8015 8009 8027 7765 8314 8013 8134 7791 7586 8282 7760 8079 8191 8733 8066 8209 7800 7836 7583 7976 7746 7987 8129 8012 8297 8135 8090 7832 8107 8071 7696 7719 7806 8896 8174 8263 7999 7852 8204 7671 8018 7649 8330 8027 8286 8097 8330 7741 8338 8774 8177 8399 7752 8332 7721 8155 8086 7892 8133 8155 7892 8075 7540 7825 7977 7380 7891 8188 7612 7335 7751 8147 7424 7842 7943 7440 8002 7772 7904 8442 7670 7831 7709 8403 7727 7770 7638 7457 8122 7991 7918 8178 7839 7875 7569 7681 8537 7831 8100 8269 7238 7760 7872 7970 8337 8141 7793 7919 8194 7954 7606 8056 8476 7865 8200 7906 8099 8021 7487 8551 7404 8108 8111 8153 8039 8333 8062 7573 7761 7846 7774 7913 7490 8126 8390 7637 7827 7569 7940 7955 7809 8002 8281 7932 8010 8001 8133 7666 8051 7731 7740 8501 7621 7802 8592 8056 8643 8327 7278 8466 7299 7905 8609 8049 8035 7895 7594 8211 7899 8080 7780 8219 7859 8171 7835 8188 7939 7664 7821 8029 8126 7292 8098 8065 7973 7748 7940 7680 7907 8374 7899 7980 7722 7554 8187 7913 7728 7755 8205 8166 7984 8566 7454 8090 7756 7820 8712 7849 7640 7644 7487 7931 8177 7504 7964 8102 7914 8104 8158 7629 7785 7979 7975 8072 7966 7028 7970 7608 7673 8305 8011 7744 7891 7773 7422 7209 8018 8136 8220 7946 8082 7870 7254 8136 8207 7744 7908 7631 7932 7727 8378 7783 7974 8212 7873 7660 8247 7530 7804 8095 7911 7671 7554 8078 7903 7774 7749 8302 7922 8103 7911 7796 7679 8471 7854 7993 8125 8108 8235 7855 7756 8119 7900 8142 8135 8179 8396 7512 8077 7526 8353 7818 8035 7813 8164 8240 8388 7575 8005 8076 7939 7815 7752 7665 7727 7683 8080 7797 7961 7993 8389 7743 8140 7456 7936 8349 8614 7476 7933 7617 7713 8554 8149 8345 8166 8010 7856 7554 8298 8010 7801 8390 7828 7811 8119 7411 7536 7930 8230 8085 7592 8156 7721 7846 7529 7965 8049 7848 8208 7872 8456 8143 7896 8050 7942 8172 8082 7965 7723 7839 7475 8267 8138 
8309 8240 8556 8566 8798 8575 7934 8216 8530 8057 8285 8727 8685 8062 8809 7894 8951 8379 8639 7770 8421 8680 8569 8500 8186 8095 8586 8335 8278 9027 8099 8597 8251 8141 8220 8435 8842 8465 8690 8640 8233 8321 8307 8513 7968 8097 8523 8009 8517 8785 8770 8964 8886 8218 8219 7943 8636 8287 8202 8272 7845 8495 8388 8429 8136 8668 8392 7977 8241 8143 8703 8417 8816 8257 8034 8598 8044 8773 7927 8713 8445 8560 8683 8511 8125 8855 8816 8530 8987 8363 8857 8120 9043 8501 8335 8968 8618 8498 8437 7999 8156 8398 7617 8121 8082 8159 8276 8524 8537 8253 8080 8615 7779 8224 8310 8468 8522 8364 8569 8049 8930 8420 7991 8041 8326 8632 8154 8210 8350 8271 8394 8253 7982 8528 8289 8449 8532 7567 8439 8002 8321 8462 8497 8375 7902 8661 7999 8522 8575 8507 8108 8752 8487 8399 8282 8332 8919 7651 8964 8201 8493 8333 9270 8454 8246 8078 8298 8629 8608 8010 8451 9043 8307 8163 8031 8310 8066 7942 8732 8465 8389 8205 8981 8337 7922 8117 8446 8079 8997 8402 8400 9000 8590 8991 8880 7674 8804 7976 8176 9119 8482 8354 8360 7807 8429 8095 8773 8097 8418 8455 8486 8222 8532 8216 8144 7984 8192 8311 7925 8656 8161 8392 8657 8829 7777 8717 8920 8406 8444 7678 8231 8668 8337 8286 8343 8732 8542 8185 8826 7894 8788 8392 8168 8934 8176 7748 8305 7731 7907 8375 8279 8258 8659 8429 8808 8440 8056 8706 8447 8698 8391 8244 8021 8333 8298 7926 8951 8240 8333 8435 8149 7995 8289 8020 8513 8780 8526 8589 8230 7720 8619 8347 8441 8370 7622 8385 8565 8810 8308 8111 8276 8370 8405 8567 8014 8766 8129 8531 8032 8440 8071 8538 8326 8322 8532 8154 8129 8426 8222 7985 8801 8044 8229 8486 8673 8771 8297 8222 8631 8541 8831 8785 8277 8738 7773 8203 8312 8550 8028 8081 8379 8999 8702 8700 8051 8748 8608 8485 8260 8283 8246 8433 8066 8236 8325 8493 8044 8625 8078 8374 8367 8055 8362 8754 7829 8604 8235 7962 8368 8054 8668 8569 8902 8075 7984 8581 8464 8248 8600 8431 8083 8468 7867 7968 8066 8813 8773 7993 8615 8122 8206 7913 8193 8467 8116 8753 8002 8774 8401 8281 8472 8522 8467 8491 8562 8159 8563 8481 8944 8772 
8039 7796 8098 8220 8637 8061 7915 7788 7915 7996 7980 8611 7572 7929 8600 7838 8529 7704 8640 7598 8055 8013 8310 8020 7840 7547 8226 7995 7992 8567 8038 8139 8067 8131 7782 8103 8536 8088 8374 8425 8381 8087 8137 8130 7919 7708 8179 7665 7983 8210 8600 8407 8187 7952 8190 7882 8174 7942 8027 8222 7804 8162 8206 7777 8066 8099 8124 7511 7945 7864 8596 8443 8227 8001 7853 8219 7659 8328 7502 8661 7823 8469 8136 8204 7923 8517 8534 8035 8383 8263 7994 7835 8254 7761 7627 8157 8289 8246 7852 7641 7776 7927 7153 8079 7853 7887 7447 7701 8322 7948 7888 8105 7681 7794 8081 8036 8422 7734 7814 7579 8457 7569 7732 7842 8027 8371 8192 7989 8086 8004 7854 7909 7546 8449 7997 7986 8069 7238 7397 8087 7821 7928 7971 8162 7597 8109 7628 8210 8064 8028 7600 8174 7656 8007 8653 7970 8499 7639 8210 8189 7994 8227 8716 8067 7888 7709 7595 7794 8045 7376 7953 8275 7652 7691 7346 8021 8093 7799 7983 8315 7937 8173 8057 8422 7744 7754 8299 7949 8686 7655 8175 8511 8358 8598 8719 7518 8262 7428 7901 8573 7728 7988 7919 7499 7955 7900 8193 8060 7806 7777 8083 8163 8177 8055 7512 7375 8203 8223 7429 7971 7939 7749 7869 8247 7677 8596 8223 7864 8447 7689 8021 8261 8083 7748 7897 8142 8121 7874 8528 7577 8459 7812 7928 8783 8042 7705 7683 7628 7560 8044 7587 7917 8575 7930 8232 7703 7832 8088 8157 8078 8072 7660 7514 7853 7600 7414 8428 7895 7702 7759 7677 7478 7655 7954 7992 8203 7705 8210 7925 7271 8498 8007 7906 7732 7426 7788 7997 8274 7876 8190 8520 8204 7693 7939 7545 7853 8131 8243 7654 7991 7922 8051 7875 8182 8139 8158 8173 8135 7577 8009 8718 7980 7963 8349 8356 8458 7396 7958 7945 7846 8423 8025 7991 8387 7861 8033 7773 8026 7788 8110 7906 8273 8285 8101 7719 8054 8068 8215 7862 7890 7806 8054 7552 7926 7920 7954 7818 8519 7941 8120 7941 7862 7908 8444 7366 8246 7594 7894 7963 8123 8234 8273 8314 7919 7642 8239 7763 8045 8366 7928 7941 7898 7428 7681 8155 8363 8161 7481 8068 7840 8184 7653 8126 7730 8095 8077 7562 8503 8390 7993 8129 8202 8108 7997 7693 7528 7906 7713 8240 8173 
7868 8036 8322 7868 8159 8253 7681 7664 7826 7965 8363 8398 8000 7746 8922 7860 8660 8068 8672 7498 8316 8228 8248 7999 8106 7796 8312 7879 7945 8675 7784 8282 8021 7819 7697 8161 8577 7977 7963 8420 7992 8141 8357 8359 7855 7710 8124 7607 7820 8599 8596 8455 8121 7789 8250 7339 7990 8027 8315 8650 7466 8558 7987 8670 7978 7826 7801 7868 8085 8330 8512 8201 8124 7842 7992 8269 7952 8295 7700 8295 8192 8437 8492 8469 8065 8549 8503 8166 8472 8247 8411 7582 8260 7926 7739 8583 8408 8277 8367 7444 7778 7992 7575 8147 7681 7909 7831 7983 8047 7756 8058 8073 7676 8232 8091 8329 7997 7771 8180 7585 8455 7806 7930 7589 7781 8464 7877 8050 8019 7888 8066 7878 7776 8789 7673 8317 8327 7568 7924 7832 8010 8148 8164 8216 8031 8284 7787 7892 8304 8181 7981 8370 8224 8259 8390 7968 8736 7663 8373 8041 8321 7812 8794 8212 7747 7497 8108 8298 8105 7699 7964 8263 7869 7626 7782 7850 8130 7803 8127 8454 8063 8530 8105 8489 7765 7919 7978 7709 8861 7767 7939 8725 8148 8710 8336 7622 8383 7667 8039 8805 7923 8389 7818 7656 8000 7965 8462 8044 7754 7817 8339 8095 7839 7849 7688 7438 7949 8197 7935 8083 8128 8222 7873 8415 7657 8451 8785 8142 8056 7645 8104 8538 8124 8047 7844 8483 8237 7989 8344 7428 8104 7928 8102 8506 8266 7563 7720 7595 7698 8033 7871 7735 8377 7883 8283 8119 8128 8051 8142 8088 7837 7553 7571 8159 7774 7862 8920 7708 8091 7704 7996 7400 7629 8001 8137 8516 8322 8276 8150 7667 8121 8231 8460 7820 7657 7909 8208 8216 7877 8174 8415 8116 8031 8085 8262 8167 7736 7983 7707 7878 8227 8090 8036 7764 8431 8198 8245 8183 7503 7751 8779 7992 7980 8090 8021 8411 8088 8099 8115 8296 8226 8416 7937 8181 7680 8000 8172 8257 8007 7692 8034 8189 7842 8392 8090 8406 7895 8184 7543 8268 7628 8116 7928 8249 8246 8212 8003 8122 7806 7980 8121 7860 8209 8481 7832 8559 7977 7744 7964 7807 8544 8042 8267 8017 7829 8212 8325 7816 7993 7622 8271 8100 7368 7734 7881 8254 8110 7720 8301 7788 7958 7814 8251 8216 8074 8388 7711 8470 8254 8004 7906 8220 8033 7911 8226 7503 7852 7752 8419 8497 
8416 8448 8466 8196 8975 8619 8438 8454 8697 8059 8799 9024 8507 8179 9144 8402 9069 8401 8846 8171 8258 8729 8962 8590 8346 8347 8656 8188 8467 8906 8233 8841 8486 8736 8366 8849 8908 8690 8957 8964 8734 8616 8709 8799 8359 8066 8484 8119 8312 8722 9112 8855 8688 8462 8520 8192 8772 8274 8252 8686 8284 8590 8552 8437 8227 8494 8686 8235 8501 8510 8830 8764 8630 8403 8365 8541 8225 9023 8282 8742 8458 8604 8540 8669 8074 8974 9083 8737 9111 8496 8860 8185 8828 8218 8410 9051 8794 8475 8569 7745 8109 8499 7470 8638 8297 8363 8203 8333 8842 8330 8324 8372 8307 8596 8526 8539 8764 8301 8280 8390 9050 8330 8088 8257 8640 8808 8615 8523 8468 8477 8357 8396 8251 8758 8122 8836 8392 7666 8104 8127 8401 8633 8406 8775 8154 8623 8198 8434 8663 8557 8314 8948 8474 8459 8994 8656 9222 8301 8446 8879 8637 8612 9137 8548 8210 8210 8211 8608 8423 8229 8242 8859 8412 8272 7960 8113 8797 7953 8703 8601 8407 8587 8690 8833 8270 8346 8718 8699 9057 8353 8611 9345 8667 9365 8998 7861 8566 7922 8193 9326 8534 8447 8586 7861 8638 8206 8476 8690 8105 8598 8856 8473 8639 8236 7780 7982 8407 8523 8194 8932 8720 8803 8548 8842 8286 8845 9006 8560 8787 8319 8213 8760 8477 8154 8413 8935 8593 8575 8821 7838 8904 8486 8164 9075 8806 7959 8190 7827 8089 8559 8552 8282 8747 8415 9167 8584 8361 8812 8762 8783 8485 8333 8061 8396 8191 8042 9190 8143 8353 8108 8158 7918 8476 8343 8417 9216 8620 8797 8459 8054 8966 8859 8687 8620 7845 8482 8672 8910 8011 8712 9027 8831 8375 8681 7812 8387 8790 8505 8149 8462 8562 8718 8564 8421 8756 8628 8800 8614 8262 8339 8904 8758 8432 8959 8656 9026 8428 8246 8745 8404 8765 8900 8502 8842 8157 8790 8165 8677 8333 8311 8030 9140 8621 8454 8437 8951 8660 8858 8483 8534 8382 8707 8134 8630 8229 8546 7994 8953 8563 8664 8275 8576 8496 9483 8007 8781 8326 8317 8345 8644 8736 8830 8747 8582 8229 8419 8398 8444 8824 8084 8259 8484 8082 7842 8097 8917 8861 8144 8452 8231 8625 7819 8719 8433 8398 8680 8011 9023 8641 8449 8447 8710 8491 8556 8307 8265 8722 8408 8746 8606 
7828 7874 8073 7610 8202 8033 7585 7409 8163 7825 8153 8352 7635 7708 8247 7962 8453 7635 8743 7313 7999 7907 8094 8012 7766 7558 8386 7887 7948 8947 7994 7976 8308 7824 7538 8237 8500 8314 7982 7817 7957 8309 8083 8172 7941 7690 7849 7516 8047 7871 8519 8512 8138 8058 7988 7583 7703 7890 7916 8221 7701 8461 8334 7870 7927 8033 8110 7677 7651 7994 8271 8153 8363 7797 7712 8194 7720 8253 7941 8479 7746 8147 8022 8393 7736 8458 8964 7873 8221 7949 8308 7506 8215 7913 7216 8330 8178 7891 8042 7764 7696 8161 7216 7958 7742 7853 7713 7740 8159 7955 7690 8114 7474 7557 7990 8191 8265 7751 7943 7461 8670 7637 7539 7714 8009 8091 7926 7913 8016 8072 7763 7813 7954 8295 7827 7974 8182 7240 7528 8053 8166 7837 8034 8016 7939 8059 7707 7685 7956 8334 7556 8560 7916 8247 8316 8034 8176 7356 8168 7797 8131 7639 8125 7907 7569 7696 7923 7902 8061 7545 7884 8256 7608 7230 7674 7909 7793 7362 7796 8179 7816 8057 8319 8172 7642 7304 8067 8018 8159 7446 7846 8672 8392 8804 8197 7437 8047 7719 8046 8206 7992 7990 7897 7527 7780 7864 7749 7634 8095 7992 8206 8216 8258 7597 7967 7728 7722 7892 7462 8209 7786 8286 7620 8087 7743 8144 8675 8218 8316 7909 7649 8097 8247 7910 7637 8610 7834 8083 8145 7306 8074 7981 7886 8465 8133 6980 7908 7551 7511 8181 7618 7796 8452 8002 7846 7913 7656 7875 8486 8217 7850 7935 7443 8011 7935 7491 8643 7711 7786 7762 7537 7315 7666 7971 8323 8371 7659 8145 8022 7588 8332 7868 7823 8069 7689 7801 7878 8214 7935 7978 8243 7933 7634 7983 7636 8191 7778 8248 8005 7648 7874 7911 7713 8038 8112 7921 8109 7942 7781 7772 8345 8022 8095 8249 7859 8450 7850 7653 8153 8130 8539 8187 8193 8392 7630 8012 7908 7755 7708 7965 7765 8410 8157 8314 7837 8350 8079 7871 7437 7760 7784 7743 7211 8243 7859 7924 7990 8245 7811 8499 7600 7391 8232 8722 7740 8086 7949 7536 8325 7868 8389 7996 8212 7494 7706 8093 8119 7630 7839 7562 7813 8354 7500 7543 7893 8022 8310 7699 7910 7808 8052 7728 8138 7823 8095 8564 7885 8240 8155 7851 7810 8110 7994 8069 7826 7473 7821 7399 7932 8387 
