200 200
4129 3868 3709 3773 3781 3719 3683 3617 3667 3792 3508 3765 3571 4175 4075 3625 4078 4101 3602 4043 3943 4044 3927 3673 3919 4149 3762 3539 4098 4038 3807 3511 3732 3148 3680 3937 3787 3984 3640 3793 3687 3473 4050 3822 3740 3501 4002 4026 3922 4113 3919 3613 4098 4285 4132 3663 3676 3949 4043 3722 4088 3910 3723 4227 4020 3719 3713 3717 4027 3615 3926 4041 4318 3487 3541 3955 3912 3982 4248 3537 4084 3911 3874 3753 3537 3742 3749 3820 3639 3905 3829 3743 3821 3990 3691 3907 3802 3821 3922 3814 3830 3869 3538 3588 4174 4055 3862 4185 3792 3840 3902 3887 3734 3646 3908 3682 3980 3617 4122 4064 3801 3523 3902 4035 3446 3730 3908 3794 4030 3837 3744 4195 3837 3922 3587 3670 3663 3834 3670 3736 3870 3872 4150 3932 4241 3465 4057 3811 3377 3963 4183 4133 4405 3958 3819 3719 3884 3964 4076 3901 3708 3651 4003 3896 4193 3803 4014 3687 3892 3894 3676 4069 3835 4034 3928 3443 3976 4052 4128 3598 4009 3586 3746 3958 4028 3767 3651 3943 3494 3696 4057 3694 3920 3920 3652 3613 4033 4271 3653 3959 
4187 4202 3673 3652 3780 3957 3998 3387 4072 3888 3776 3693 3767 4186 3947 4260 3974 4210 3758 3860 3892 3854 3996 3882 3906 4265 3883 4231 4269 3720 3989 3759 4097 3731 3809 4013 3953 4251 3578 3759 3644 3470 4102 3979 3801 3614 3981 3906 3961 3943 3983 3604 4118 4269 4509 3582 3840 4270 4176 3850 4046 4167 3860 4291 3989 4018 3848 3632 4111 3525 3815 3963 4255 3682 3660 4014 3577 3685 4163 4023 4086 4004 4221 3985 3931 3883 3983 3772 3549 3997 4140 4036 4042 4215 3978 4007 3931 3897 3719 3709 3652 4289 3635 3631 3973 3984 3963 3832 3987 3649 4066 3671 3819 3857 3738 3917 3803 3581 4278 3854 4100 3740 3940 3889 3718 4057 4093 3802 4081 4143 3968 4121 3958 4103 3771 3958 3836 3767 3791 4233 3975 4087 4193 3984 4212 3492 4197 4143 3416 4176 4144 3930 4506 3827 3978 4000 4205 3738 4208 4336 3602 3884 3547 3828 4283 4010 3913 3889 4201 4099 3741 3964 4029 4362 4096 3834 4118 4376 4075 3763 4233 3646 3715 3844 4280 4162 3615 3817 3444 3870 4030 3661 3836 3846 3802 3758 3848 4223 3831 4088 
4144 3970 3529 3822 3850 3539 3805 3357 4011 3708 3423 3672 3607 4088 3878 4116 3774 4182 3753 3940 3842 3988 3893 3573 3821 4118 3889 4021 4197 3813 3978 3716 3884 3458 3787 3844 3951 3936 3699 4051 3772 3639 3762 3883 3810 3457 3887 3649 4143 3923 3862 3461 4094 4295 4319 3346 3618 3993 4119 3798 3769 3997 3462 4245 3799 3648 3752 3645 3930 3593 3767 4015 3992 3547 3480 3668 3637 3663 4001 3747 3759 3733 3874 3600 3572 3932 3815 3763 3578 3877 3867 4092 3811 4135 3782 3851 3886 3585 3685 4036 3670 4232 3507 3774 3889 4009 4086 3994 3883 3823 4047 3843 3851 3841 3804 3909 3806 3454 3989 4094 3837 3883 4011 3776 3465 3801 3945 3748 3909 3936 3903 4002 3979 4116 3699 3971 3590 3797 3561 3906 3806 3752 3942 3840 4031 3730 4018 3959 3617 3764 3938 4010 4312 3953 3983 3668 3908 4148 4189 4072 3772 3901 3700 3784 3995 3789 4127 3794 3941 4176 3753 4244 3922 4035 3982 3685 3749 3938 3770 3636 3942 3631 3799 3936 4056 3910 3648 3942 3606 3686 3942 3758 3775 3690 3566 3705 4039 4200 3650 3698 
4341 4591 3968 4238 4219 4216 4163 4104 4169 4068 4424 4221 4093 4811 4294 4632 4334 4669 4168 4283 4526 4347 4598 3982 4246 4417 4272 4240 4506 4386 4396 4008 4457 3941 4134 4547 4350 4626 4274 4516 4021 3798 4451 4496 4371 3866 4212 4458 4616 4362 4351 3886 4349 4486 4747 3988 4102 4492 4382 4301 4215 4496 3971 4734 4380 4360 4230 4091 4443 3916 4369 4356 4757 3982 4112 4368 4229 4367 4398 4455 4302 4377 4482 4215 4073 4359 4253 4511 4039 4375 4324 4604 4169 4629 4322 4551 4520 4166 4208 4368 4051 4783 4252 4167 4282 4490 4335 4353 4323 3886 4424 4151 4142 4154 4191 4313 4347 3782 4470 4577 4245 4027 4409 4210 4158 3959 4476 4325 4664 4421 4331 4683 4319 4577 3929 4314 4159 4103 4111 4458 4344 4101 4584 4252 4554 3885 4583 4282 3899 4453 4486 4689 4966 4174 4271 4022 4485 4393 4646 4266 4219 4247 4350 4391 4354 4008 4407 4453 4482 4400 4016 4571 4067 4634 4473 4118 4187 4522 4553 4029 4532 4052 4151 4267 4542 4304 4164 4395 4026 4289 4692 4151 4237 4150 3998 4203 4709 4652 4183 4168 
3866 3908 3619 3552 3852 3442 3729 3303 3803 3415 3622 3547 3506 3980 3957 3939 3893 4100 3875 3572 3779 3954 3653 3762 3726 4137 3799 3691 4091 4101 3831 3587 3879 3326 3661 3725 3814 3931 3656 3708 3767 3384 3949 3891 3651 3251 3792 3795 3742 3819 3715 3587 3809 4045 4184 3443 3294 3850 3868 3826 3848 4117 3452 4153 3992 3525 3823 3590 3633 3608 4032 3940 4116 3479 3640 3879 3610 3969 3930 3579 3886 3725 3963 3726 3624 3802 3829 3755 3494 3938 3604 3743 3873 3997 3758 3781 3790 3763 3661 3747 3607 3796 3672 3566 3713 3849 3943 3798 3833 3751 3784 3622 3715 3595 3833 3740 3985 3487 3822 3901 3826 3773 3809 3779 3455 3703 4068 3655 3964 3743 3553 4019 4097 3907 3706 3706 3817 3627 3819 3773 3827 3670 4020 3631 3863 3472 4020 3612 3433 3566 4026 4085 4230 3647 3878 3692 3808 3877 4342 4045 3899 3863 3721 3798 4129 3766 3976 3594 3968 3915 3495 4073 3720 4201 3961 3665 3660 4014 3778 3598 3901 3547 3573 3687 3910 3702 3830 3808 3354 3471 3889 3631 3667 3750 3709 3901 4060 4074 3721 3617 
4433 4294 3812 4166 4359 3988 4220 3904 4288 4100 4327 4069 3943 4663 4392 4344 4524 4340 4043 4124 4276 4326 4244 3866 4306 4481 4215 4063 4344 4200 4297 4135 4418 3970 4255 4455 4308 4386 3921 4164 4215 3814 4266 4351 4383 3887 4209 4555 4386 4460 4160 4018 4107 4402 4744 4074 3879 4045 4428 4464 4162 4494 3912 4702 4307 4145 4183 3992 4149 3751 4426 4255 4753 3994 4054 4455 4232 4099 4320 4080 4338 4168 4266 4117 4069 3880 3979 4303 3874 4384 4111 4480 4317 4541 4323 4295 4263 4231 4164 4153 4172 4523 4201 4232 4288 4381 4310 4097 4028 4225 4263 4147 4278 4008 4350 4149 4275 4061 4520 4560 4299 4030 4160 4339 4031 3985 4493 4224 4247 4381 4054 4539 4430 4282 3983 4002 4309 4164 3955 4338 4316 4171 4406 4156 4344 3714 4488 4017 3732 4103 4542 4451 4744 4279 4271 3942 4197 4694 4481 4298 4295 4312 4168 4237 4242 4195 4573 4183 4482 4389 4088 4335 4184 4647 4235 4003 4224 4521 4354 4299 4400 4047 4085 4237 4481 4041 4038 4320 3873 4115 4653 4165 4081 3925 4065 4437 4262 4717 4238 4205 
3893 3724 3534 3804 3666 3609 3586 3506 3827 3492 3655 3731 3631 3924 3714 4026 3745 4078 3806 3641 3384 3732 3591 3228 3670 3893 3913 3567 4092 3681 3989 3604 3895 3547 3659 3735 3830 4043 3739 3683 3539 3541 3774 3803 3933 3218 3725 3875 4043 3781 3636 3411 3934 3999 4408 3627 3435 3499 3883 3809 3894 3989 3490 4099 3680 3795 3632 3741 3817 3537 3792 3785 4000 3604 3574 4032 3675 3791 3694 3798 4027 3964 3692 3589 3834 3712 3717 3824 3397 3850 3740 3825 3572 4025 3848 3748 3710 3852 3610 3602 3562 4048 3559 3496 4008 3872 4006 3923 3753 3658 3794 3482 3649 3884 3705 3724 3828 3290 3855 3676 3892 3668 3753 3752 3604 3549 3747 3688 3798 3622 3630 3869 3731 4052 3606 3767 3655 3663 3482 3819 3669 3690 4158 3892 3944 3308 3935 3793 3387 3645 3942 3964 4080 3676 3733 3527 3881 3944 3947 3879 3827 3715 3455 3685 3872 3668 3789 3773 4030 3857 3631 3884 3706 3992 3865 3704 3714 3937 3846 3424 3840 3704 3681 3850 3792 3761 3621 3833 3526 3571 3945 3580 3803 3701 3360 3803 3720 4108 3558 3696 
4357 4215 4166 4255 4117 4033 4095 4007 4142 3986 4136 4141 3771 4448 4191 4440 4276 4465 4038 4285 4239 4154 4258 3924 4248 4630 4081 4011 4631 4176 4321 4186 4264 3844 4116 4222 4285 4172 4115 4351 3888 3788 4418 4260 4276 3803 4221 4530 4266 4376 4054 3862 4496 4460 4486 4150 4198 4446 4410 4218 4221 4446 4141 4698 4200 4147 4085 4269 4259 4011 4344 4449 4621 3964 4173 4429 4038 4048 4451 4136 4604 4347 4430 3992 4125 4252 4227 4402 3764 4262 4107 4467 4248 4555 4161 4358 4487 4350 4257 4229 3974 4403 4162 4018 4125 4548 4394 4368 4180 4188 4520 4146 4270 4227 4272 4167 4241 3804 4476 4415 4321 4255 4245 4321 3838 4178 4318 4147 4248 4406 4198 4382 4337 4489 3903 3955 4182 4369 4081 4550 4035 4131 4297 4162 4673 3619 4266 4177 3717 4363 4671 4593 4689 4295 4305 3993 4505 4468 4524 4341 4117 4134 4100 4142 4369 4168 4247 4320 4497 4344 4149 4483 4090 4419 4469 3943 4436 4297 4337 4060 4327 4151 4020 4234 4602 4103 3798 3971 3930 4158 4292 4002 4156 3978 3969 4372 4496 4465 4108 4238 
4163 4043 3948 3685 4110 3827 4075 3885 3964 3701 3941 3892 3614 4261 4179 4265 4037 4415 3923 3841 3943 4000 3996 3972 4027 4411 4148 3930 4224 3951 4289 3793 3921 3517 3944 4092 4052 4272 3682 3789 3694 3662 4323 3974 4069 3686 3959 4284 3993 4074 3993 3617 4165 4487 4571 3726 3559 4145 4070 3882 4061 4492 3961 4362 4267 3798 3693 3949 4003 4003 4165 4172 4550 3651 3779 4298 3858 3783 4233 3621 4391 4200 3937 3917 3974 3738 3800 4039 3880 4058 4150 4079 4006 4211 3883 4003 4040 4004 3927 3746 4061 4195 4046 3843 4044 4060 4224 4114 3987 3971 4109 3890 3876 3706 4080 3871 4089 3796 4209 4370 4012 4062 3876 4016 3816 3785 4120 3816 4146 4215 3985 4408 4335 4159 3768 3953 3941 4147 4186 4169 3983 3919 4023 3631 4424 3576 4267 4094 3604 4038 4208 4257 4435 3989 4048 4019 4191 3858 4459 4092 4022 3688 3983 4013 3833 3862 4141 3973 4221 4276 3769 4162 3714 4251 4006 3654 3906 4181 4233 4039 4228 3617 3897 3753 4402 3731 3796 3995 3802 3982 4119 3735 3839 3880 3836 4180 3971 4314 3913 4250 
4176 4024 3833 3765 3827 3814 3737 3559 4140 3763 3715 3787 3727 4277 3831 4375 3968 4367 3680 3753 3946 4168 3915 3612 3848 4361 4001 3995 4278 3959 4180 3642 3911 3727 4137 3955 4170 4090 3891 4203 3758 3701 3776 4147 4011 3654 3956 4031 4157 4154 4038 3502 4211 4193 4512 3906 3569 4199 4489 3798 4023 4004 3998 4300 4145 3965 3919 4089 4109 3676 4082 4475 4328 3570 3904 3886 3942 3780 4253 3735 4184 4161 3996 3642 3860 3695 4066 4080 3371 3784 4022 4328 4102 4197 3818 3922 4185 4087 4066 3849 3995 4488 3902 3725 4023 4219 4095 4189 3965 3828 3976 4081 4038 3965 4031 3976 4108 3702 4123 4263 4184 3906 4022 3817 3606 4053 4192 3771 4003 3980 3964 4093 4127 4266 3613 3796 3682 3808 4067 4090 4086 3734 4113 4212 4280 3552 4153 3912 3581 3827 4066 4407 4399 3921 4033 3628 4079 4227 4242 4092 4163 3922 3856 4066 3990 4021 4075 3954 4359 4326 3896 4090 3809 4224 4186 3827 3955 4294 3994 3775 4119 3765 3828 4054 4246 3904 3454 3896 3789 3907 4083 3873 3847 3768 3683 3915 4179 4427 3886 3960 
4146 4144 3874 3863 4118 3907 3876 3767 4015 3891 4015 3944 3727 4459 4136 4288 4317 4422 3951 3979 4016 4271 4102 3820 4037 4519 3977 3974 4290 4022 4289 3834 4090 3405 3829 4118 4082 4072 3742 4021 3884 3742 4218 4190 4093 3619 4245 4111 4411 4054 3902 3664 4147 4287 4523 3633 3765 4310 4256 4136 4226 4301 3912 4515 4095 3873 3994 4022 4159 3833 4093 4328 4445 3727 4028 4263 3898 4176 4314 3921 4236 4192 3973 3874 4161 3725 3962 4132 3849 4012 4138 4269 4017 4069 4040 4185 4058 4045 3896 4224 3953 4349 3872 3810 4015 4173 4018 4235 4065 3866 4270 3816 3922 3892 3987 4024 4182 3916 4334 4056 4030 3980 4034 3939 3668 3905 4384 3934 4353 4157 4002 4437 4351 4153 3895 3763 4254 4151 3994 4244 4108 4039 4385 4166 4267 3383 4456 3982 3514 3977 4235 4291 4631 3942 4036 3938 4127 4001 4495 4182 4141 4013 4041 4214 4249 4102 4356 4114 4122 4237 3970 4303 3830 4270 4043 4001 4000 4493 4348 3778 3960 3811 4079 4097 4341 4094 3859 4036 3722 3869 4219 3764 4046 3991 3921 4035 4130 4581 3748 3890 
4397 4248 3951 4087 4200 4184 4205 3881 4331 3915 4011 4062 3886 4412 4259 4552 4393 4529 3941 4334 4156 4338 4506 3874 4338 4561 4335 4040 4677 4195 4584 4035 4269 3809 4094 4333 4185 4521 4133 4296 4000 3793 4491 4293 4164 3788 4125 4419 4571 4274 4080 3878 4473 4556 4788 3957 3813 4399 4616 4399 4280 4544 4077 4645 4368 4074 3994 4073 4368 4063 4313 4539 4823 3885 4168 4269 4237 4281 4580 4272 4669 4529 4435 4121 4048 4218 4294 4104 3897 4549 4175 4436 4289 4499 4252 4370 4280 4274 4099 4532 4058 4363 4132 4079 4374 4574 4543 4605 4209 4110 4436 4192 4042 4092 4110 4064 4348 3598 4404 4549 4274 4011 4100 4097 3952 4130 4493 4054 4367 4327 4273 4507 4235 4639 3931 4043 4188 4156 4026 4420 4262 4392 4256 4081 4655 3790 4598 4011 3942 4246 4493 4421 4781 4181 4299 4013 4569 4201 4448 4227 4326 4264 4293 4267 4187 4293 4407 4219 4243 4531 3986 4592 4209 4649 4380 3587 4077 4626 4570 4028 4280 4241 4198 4342 4336 4282 4223 4238 3754 4235 4589 4097 4000 3932 3952 4286 4243 4367 4162 4156 
4092 3903 3648 3731 3576 3671 3638 3558 3948 3544 3796 3991 3560 4354 3687 4245 3757 4146 3710 3626 3953 3981 3778 3507 3740 4164 3657 3929 4134 3868 3848 3617 3859 3555 3704 3893 3915 4004 3628 3857 3478 3573 4111 3916 3891 3636 3930 4146 4059 4084 3849 3489 3986 4157 4326 3526 3805 3908 3917 3873 4136 4083 3613 4216 3996 3460 3656 3872 4031 3595 3788 4125 4386 3417 3821 3779 3721 3701 4242 3798 3981 3852 3832 3676 3833 3744 3531 3824 3554 3866 3845 4146 3982 4042 3835 3904 3852 3831 3931 3674 3646 4127 3573 3463 3891 4123 3948 3818 4028 3651 3990 3769 3748 3769 3807 3761 3884 3493 4117 4071 3842 3905 3993 3659 3754 3882 3930 3764 3994 3813 4140 4051 3735 4110 3558 3773 3671 3817 3580 3918 4074 3731 3889 3909 4265 3344 3799 3628 3623 3779 4129 4093 4330 3931 3813 3474 4271 3944 4005 4015 3710 3744 3744 3753 3785 3860 3647 3816 4145 3969 3608 4197 3936 4015 3953 3453 3883 3928 3989 3771 4051 3601 3671 3799 3834 3745 3602 3924 3525 3749 4096 3607 3837 3568 3536 3842 3983 4181 3577 3886 
3926 4029 3552 3568 3852 3518 3636 3266 4004 3699 3809 3572 3840 4085 3940 4074 3926 4097 3650 3664 3886 3960 3974 3586 3717 4071 3934 3778 3937 3813 4054 3574 3924 3488 3903 3818 3792 3976 3572 3839 3505 3337 3866 4070 3649 3326 3963 3983 3938 3920 3784 3301 4061 4001 4282 3736 3279 4047 4087 3621 3885 4016 3675 4350 3764 4028 3851 3926 3888 3589 3933 3963 4143 3599 3878 3798 3769 3946 4119 3755 3811 3630 3732 3787 3534 3795 3835 3905 3352 4037 3879 4022 3791 3952 3910 3847 4111 3579 3536 3860 3633 4348 3792 3620 4132 4062 3762 4028 4017 3798 4029 3771 3633 4113 3744 3972 3954 3561 3987 3839 3867 3845 3919 3887 3456 3783 4036 3673 3778 4021 3788 4065 3792 4046 3638 3699 3839 3632 3751 3829 4124 3898 4025 3728 4026 3578 4397 3923 3415 3956 4095 4018 4291 3706 3817 3500 3965 4154 4204 4082 4184 3858 3991 3843 4224 3488 4094 3831 4094 3844 3594 4213 3653 4238 4135 3705 3855 4257 3753 3813 4020 3781 3715 3930 4138 3804 3861 3964 3469 3785 4241 3807 3788 3944 3417 3874 3935 4278 3777 3887 
4334 4333 3629 4055 4090 3908 3792 3628 4097 3565 3814 3824 3793 4405 3932 4322 4314 4366 3926 4007 4133 4216 3942 3816 3948 4029 4351 4047 4581 4012 4253 3913 4203 3775 4015 3885 3897 4545 3867 4217 3913 3608 4212 4121 4133 3857 4039 4039 4154 4101 3924 3667 4112 4198 4607 3859 3725 4060 4358 4184 4043 4245 3807 4363 4170 4009 4087 3683 3962 3724 4073 4101 4478 3830 4048 4252 3884 4180 4276 3872 4151 4019 4125 3879 3937 4112 4045 4208 3737 4218 4040 4122 3797 4351 4072 4073 4195 4049 4179 4149 3779 4340 3999 3808 3980 4253 4090 4278 3901 4013 4131 3846 3902 4071 4016 3782 3903 3799 4108 4237 4010 3861 4142 3998 3701 4016 4300 4110 4076 4128 3850 4255 4198 4243 3931 4028 3937 4029 3836 4085 3781 3795 4229 3705 4422 3558 4331 3946 3637 4097 4179 4207 4460 4112 4040 3865 4035 4283 4436 4292 4047 4063 3957 4008 4308 4025 4113 3979 4254 4339 3801 4157 4163 4431 4151 3837 4053 4314 4208 4050 4291 3888 3617 3875 4140 4276 4039 4066 3883 4005 4350 3779 3843 3885 4053 4164 3982 4238 3832 4014 
4545 4162 3946 4125 4047 4310 4003 3741 4257 3938 4033 4177 3777 4517 4230 4572 4105 4518 3899 4225 3848 4362 4480 3900 4034 4535 4097 3888 4415 4075 4519 4012 4200 3865 4108 4088 4269 4498 4051 4202 3651 3927 4121 4220 4212 3616 4048 4174 4465 4260 4042 3790 4438 4476 4662 3797 3801 4515 4459 4137 4167 4478 3746 4701 4303 4134 3971 3987 4383 3967 4112 4365 4521 3837 3870 4245 3965 4356 4235 4060 4470 4338 4439 3969 4153 4180 4329 3917 3783 4187 4295 4320 4181 4428 3994 4237 4247 4217 3994 4179 4047 4342 3942 3788 4414 4645 4314 4373 4262 4054 4130 4137 4092 4044 4078 3961 4215 3741 4466 4359 4475 4180 4057 4040 3953 3997 4521 4005 4313 4177 4103 4420 4169 4712 3865 4215 4308 4022 3921 4173 4220 3972 4233 4168 4654 3676 4427 4110 3928 4167 4282 4325 4656 4046 4314 3946 4391 4327 4402 4567 4213 4408 3956 4176 4340 3881 4403 4129 4453 4396 4031 4474 4317 4551 4427 3813 4305 4491 4249 3840 4204 3976 3936 4127 4367 4292 3892 4149 3947 4172 4231 4137 4061 4034 3904 4257 4072 4673 4101 4062 
4465 4350 3948 4189 4062 4083 3961 3659 4262 3814 4081 4001 3994 4529 4066 4428 4313 4572 4165 4028 4386 4211 4002 3804 4189 4532 4257 4384 4433 4204 4297 3970 4212 3971 4095 4173 4252 4602 4024 4528 4126 3904 4355 4352 4162 4037 4325 4288 4329 4145 4170 3967 4498 4519 4875 3693 4085 4429 4303 4125 4242 4349 3898 4567 4299 4117 4053 4052 4388 3752 4085 4231 4549 3762 3941 4299 4005 4205 4428 4061 4417 4246 4348 3966 4090 4171 4195 4145 3806 4269 4281 4403 4072 4521 4270 4212 4227 4275 4452 4286 4136 4822 3937 3861 4431 4212 4216 4200 4284 3969 4309 4018 4232 4113 4055 4144 4261 3776 4374 4468 4181 4000 4235 4358 3829 4169 4578 4241 4506 4333 4026 4335 4208 4454 3984 4136 3995 4169 4187 4607 4323 3945 4416 4180 4401 3794 4471 4107 3724 3995 4334 4362 4917 3964 4189 3839 4236 4337 4680 4357 3997 4161 3844 4188 4340 4325 4405 4199 4467 4363 3901 4281 4082 4499 4353 4033 4237 4402 4097 4127 4274 4135 4089 4083 4382 4452 3775 4402 3986 3855 4367 4044 4091 4009 4220 3946 4360 4301 3875 4383 
4081 3904 3716 3799 4184 3797 3770 3427 4075 3800 3821 3890 3878 4256 3934 4206 3988 4159 3784 3976 4134 3757 4050 3872 3792 4319 3990 3644 4302 4221 4245 3821 3915 3635 3849 4091 4089 4011 3992 4001 3690 3437 4148 4088 3896 3426 3985 4114 4058 3949 4031 3378 4117 4158 4369 3752 3631 4016 4051 3905 3829 4294 3596 4316 3920 3840 3781 3932 3747 3786 3958 3871 4183 3703 3562 4202 3770 4118 4126 3568 4079 3942 3775 3963 3719 3794 3861 4015 3703 3861 3971 4038 3978 4327 3908 3832 4116 3816 3837 3826 3810 4220 4074 3703 4168 4073 4197 3907 3811 3697 4016 3662 3792 3829 3903 3692 3961 3696 3988 4160 4030 3845 3650 3962 3769 3831 4041 3970 4042 3979 3740 4196 4079 4249 3732 3885 3986 3817 3742 3923 4076 4137 4060 3739 4122 3378 4351 4040 3788 3987 4161 4233 4509 3816 4041 3797 4058 4332 4367 4315 3848 4037 3650 3939 4030 3877 4308 3744 4021 4085 3820 4237 3923 4175 4070 3797 3822 4111 4201 3747 4028 3660 3650 4013 4246 3994 3874 3779 3811 3956 4017 3920 4079 3817 3608 4000 4061 4143 3789 3864 
4336 4489 4038 4027 4218 3973 4255 3987 4127 4207 4244 4249 3871 4582 4550 4561 4395 4709 4131 4109 4028 4477 4263 4086 4325 4677 4138 4283 4654 4125 4508 3873 4195 3871 4230 4323 4163 4492 3991 4271 3814 3847 4457 4222 4266 3974 4370 4327 4414 4345 4187 3987 4501 4402 4754 3847 3627 4491 4585 4182 4544 4681 3894 4671 4715 4125 4084 3962 4390 3894 4284 4282 4657 4003 4182 4408 4136 4252 4527 4249 4387 4415 4606 4009 4221 4117 4252 4201 3807 4399 4183 4253 4378 4365 4225 4407 4275 4368 4003 4188 4197 4446 4245 3947 4578 4482 4521 4267 4486 4115 4329 4382 4225 4109 4154 4216 4256 4040 4491 4587 4408 4376 4227 4210 4126 4065 4831 4160 4453 4252 4078 4521 4160 4601 3929 4389 4265 4339 4260 4428 4389 4290 4405 4176 4776 3868 4469 4030 3757 4305 4599 4624 4779 4268 4146 4344 4491 4113 4785 4589 4334 4136 4304 4227 4292 4251 4327 4434 4472 4447 3962 4514 4100 4591 4416 3847 4041 4528 4391 4116 4595 3961 4285 4149 4368 4184 4143 4241 4087 4062 4439 3965 4173 4180 4088 4244 4348 4426 4123 4350 
4355 4295 3846 4169 4217 4003 4102 3917 4425 4119 4093 4172 4150 4890 4364 4628 4269 4838 4003 4342 4197 4185 4460 3942 4328 4507 4126 4265 4863 4190 4423 4161 4394 3837 4057 4398 4368 4520 4187 4353 3937 4067 4638 4472 4211 4022 4470 4240 4592 4243 4446 3764 4488 4456 4948 3982 4167 4337 4494 4409 4178 4389 4014 4934 4381 4128 4150 4010 4341 3972 4210 4401 4763 4003 4520 4357 4220 4372 4486 4243 4506 4510 4615 4034 4287 4405 4264 4315 3892 4283 4064 4443 4379 4538 4293 4391 4457 4266 4277 4252 4195 4696 4039 3746 4372 4524 4389 4580 4164 4117 4409 4342 4011 4139 4153 4199 4241 3864 4484 4335 4241 4055 4439 4188 3935 4354 4414 4238 4350 4334 4171 4481 4376 4631 3949 4183 4263 4427 4219 4294 4267 4014 4571 4200 4642 3772 4564 4195 3842 4431 4307 4408 4676 3969 4347 4056 4525 4475 4659 4326 4015 4170 4019 4241 4304 4167 4472 4273 4518 4504 4145 4593 4215 4498 4342 4218 4225 4511 4382 4219 4751 4098 4146 4297 4508 4376 4183 4453 3937 4151 4661 4084 4187 4261 3943 4212 4295 4446 3943 4270 
4213 4074 3939 4099 4173 3917 4062 3803 4041 4023 3822 4092 3919 4443 4210 4501 4212 4456 3981 4116 4031 4208 4127 3817 3952 4462 4256 4032 4653 4152 4285 3715 4133 3687 4021 4211 4228 4411 4146 4424 3860 3654 4228 4257 4298 3767 4133 4472 4522 4298 4393 3754 4458 4456 4394 3828 3945 4012 4353 4113 4345 4284 4151 4576 4271 4047 4065 4213 4290 3817 4151 4273 4599 3763 4066 4452 3970 4140 4212 3771 4426 4136 4263 4044 3999 4068 4203 3973 3860 4119 4166 4274 4101 4481 4111 4176 4362 4187 4373 4215 4036 4178 4188 3728 4424 4316 4367 4322 4236 4181 4128 4136 4049 3939 4290 4235 4147 3856 4308 4309 4179 4123 4085 4275 3901 4038 4375 4027 4085 4140 4163 4600 4174 4358 4024 3848 4183 4062 4110 4440 4204 3929 4445 4105 4443 3569 4452 4159 3780 4050 4417 4448 4505 4211 4181 3750 4244 4114 4413 4522 4198 3923 3872 4164 3981 3936 4414 4230 4229 4273 3985 4378 3979 4418 4441 4190 4043 4365 4386 3890 4432 3804 4107 4140 4219 3784 4103 4245 3879 3932 4452 4022 4049 4058 4025 4220 4270 4345 3858 4365 
4280 4441 3824 4095 4140 4010 4132 3918 4201 4201 4090 4055 4056 4744 4133 4382 4134 4563 4082 4104 4389 4443 4296 3951 4267 4661 4565 4147 4497 4249 4462 3972 4149 3819 4108 4273 4391 4445 3790 4430 3929 3789 4471 4426 4364 3790 4180 4227 4487 4278 4153 4009 4451 4449 4736 4051 4065 4321 4491 4188 4321 4339 3965 4639 4514 3807 4212 4176 4197 3793 4483 4265 4579 3747 4082 4342 4268 4236 4216 4161 4267 4409 4241 3993 3929 4038 4247 4529 3938 4102 4107 4384 4371 4441 4387 4104 4474 4106 4272 4276 4028 4619 4104 4044 4297 4399 4472 4337 4236 4029 4439 4323 4128 4056 4206 4242 4377 3882 4307 4492 4240 4296 4227 4149 3822 3953 4657 4080 4415 4153 4161 4576 4190 4390 3930 4382 4073 4231 4346 4207 4211 4092 4292 4272 4537 3890 4400 4539 3700 4173 4521 4466 4874 4128 4167 4083 4329 4311 4592 4636 4012 4009 3976 4173 4157 4194 4363 4316 4351 4487 4295 4376 4198 4600 4222 4041 4060 4433 4488 4117 4398 3744 4165 4161 4418 4175 3939 4255 3883 3988 4346 3868 4154 3936 4129 4124 4264 4450 4302 4262 
4276 4291 3654 3975 4072 4025 3908 3858 4402 3987 4031 3942 3831 4665 3967 4342 4140 4548 4204 4187 4163 4277 4296 3721 4014 4590 4206 4094 4413 4208 4225 3911 4125 3692 3964 4407 4173 4447 4123 4312 3691 3701 4422 4255 4142 3700 4134 4289 4265 4093 4204 4025 4418 4411 4531 3986 3927 4067 4386 4158 4172 4483 3979 4469 4235 3997 3920 4067 4179 3894 4241 4330 4444 4091 3945 4200 4165 4205 4225 4164 4407 4290 4178 4156 3990 4366 4091 4057 3864 4236 4126 4338 4017 4513 4043 4112 4178 4172 4168 4174 4207 4163 4003 3919 4380 4369 4358 4191 4276 4033 4325 4096 4024 4067 4328 4069 4288 3858 4182 4317 4183 3993 4042 4182 4284 4060 4300 3888 4493 4125 4033 4395 4076 4231 3852 4025 4132 3981 4299 4113 4258 4065 4315 4062 4391 3733 4458 4112 3661 4157 4384 4436 4691 3911 4253 3809 4326 4269 4176 4579 4262 4191 3955 4121 4219 4067 4390 4265 4301 4295 4069 4309 4250 4544 4373 4011 4111 4423 4235 3856 4325 3971 4021 4106 4301 3985 4102 4113 3982 3935 4539 4157 4066 3909 4098 4351 4208 4448 3981 4243 
4364 4433 4052 4196 4282 4149 4071 3708 4231 3893 4106 4144 4244 4605 4403 4630 4320 4629 4228 4334 4209 4450 4457 4073 4076 4693 4295 4291 4461 4261 4506 3915 4282 3895 4269 4221 4236 4569 4272 4354 4059 3935 4385 4312 4322 3753 4220 4414 4477 4378 4270 3845 4461 4452 4867 4077 3906 4408 4583 4347 4248 4460 4208 4863 4355 4038 4358 4192 4331 3914 4669 4456 4861 3893 4193 4381 4367 4191 4595 3889 4335 4398 4289 3948 4145 4222 4214 4255 3969 4456 4260 4428 4297 4475 4404 4485 4504 4286 4163 4085 4123 4558 4192 3879 4508 4428 4216 4374 4320 4261 4235 4246 4276 4114 4234 4195 4168 3981 4461 4371 4303 4366 4161 4344 3991 3929 4609 4189 4242 4481 4129 4744 4273 4635 3965 4213 4289 4224 4143 4607 4359 4101 4348 4061 4759 3951 4571 4256 3684 4382 4648 4663 4749 4432 4258 4066 4296 4431 4902 4530 4308 4225 4308 4197 4276 4255 4338 4258 4622 4532 4133 4551 4214 4535 4616 3856 4275 4457 4438 3984 4592 4156 4183 4414 4742 4323 4227 4337 3807 4310 4658 4133 4257 4113 4135 4422 4536 4486 4059 4498 
4048 3962 3899 3854 4104 3715 4030 3802 4072 3963 4102 3936 3864 4333 4300 4270 4307 4346 4097 3958 3998 3985 4166 3942 4089 4379 4090 3872 4265 3901 4296 4108 4168 3642 3981 4243 4177 4431 3907 3943 3940 3636 4268 4108 4104 3767 4021 4273 4355 4231 3777 3512 4089 4387 4579 4059 3810 4281 4401 4122 4161 4325 3924 4424 4233 4035 4040 3933 4311 3824 4239 4190 4687 3591 3949 4073 4148 4132 4219 4022 4294 4141 4242 3984 4055 4001 4065 4211 3813 4301 3923 4233 4157 4598 4259 4383 4219 4132 3891 3917 4018 4459 4030 3856 4005 4274 4152 4320 4175 3933 4281 4031 4099 3882 3988 3947 4115 3784 4167 4387 3952 3689 4226 3929 3608 3781 4544 3964 4322 4149 4065 4268 4213 4303 3686 4000 4185 3972 3955 4377 4284 4054 4373 4100 4368 3793 4281 4054 3679 4090 4348 4405 4500 3774 4091 3811 4271 4290 4431 4205 4068 4192 3817 4205 4297 4010 4091 4106 4393 4365 3980 4155 3998 4316 4091 3656 4049 4535 4386 3906 4257 3802 4011 3986 4513 3798 3770 4067 3733 3955 4179 3835 4039 3910 3973 4004 4218 4557 3966 3798 
4174 4101 3724 3842 3914 3786 3800 3699 3793 3822 3933 4087 3759 4259 4078 3981 3942 4169 3775 4038 3869 4155 4170 3813 3990 4394 4032 3764 4209 3998 4069 3966 3949 3377 4000 4037 3878 4216 3976 4084 3714 3612 4051 3882 3805 3576 4318 3931 4275 4176 4196 3702 4179 4564 4610 3720 3660 4076 4232 3667 4300 4286 3823 4126 4215 3953 3941 3932 3984 3766 4044 3999 4196 3428 3937 3952 3857 4041 4435 3830 4239 4103 3975 3772 3718 3861 4001 3718 3737 4133 4190 3940 3802 4385 3884 3948 3870 4041 4067 3981 3762 4198 3893 3836 4092 4299 3918 4237 4142 3831 4083 3894 4019 3633 3894 3986 4080 3716 4193 4260 3889 3783 4134 4106 3502 3873 4396 3853 4085 4306 4000 4011 3892 4224 3830 3831 3993 4032 3847 4138 4156 4038 4209 3976 4321 3574 4036 3912 3664 3948 4338 4354 4568 3867 4004 3920 4239 4090 4205 4086 4011 3924 3986 4098 4246 3967 4278 4092 4037 4213 3743 4234 3922 4514 4198 3836 3902 4317 3932 3831 4084 3838 3728 3827 4277 3990 3777 4146 3655 3689 3904 3944 4013 3953 3696 3841 4096 4374 3780 3942 
4359 3813 3872 3939 4155 3867 4096 3941 4165 4189 3938 4092 3789 4536 4310 4499 4548 4500 4076 4082 4038 4252 4300 3956 3958 4662 4188 4388 4467 3987 4458 4054 4157 3664 3993 4073 4338 4322 4074 4301 4013 3608 4360 4150 4082 3878 4337 4231 4233 4367 4053 3809 4292 4310 4717 4052 3917 4314 4436 4160 4267 4456 4123 4601 4272 4034 4057 4146 4153 3775 4309 4226 4603 3627 3845 4181 4180 4000 4369 4061 4383 4229 4075 3778 3966 4266 4038 4253 4031 4257 4085 4361 4328 4452 4307 4169 4210 4106 4002 4130 4090 4511 4175 4170 4300 4312 4133 4196 4114 4018 4089 4124 4106 4000 4344 4159 4252 3843 4213 4401 4158 4153 4246 4001 3848 4074 4203 3937 4300 4341 3900 4412 4193 4570 3978 4351 4164 4050 4161 4281 4425 4178 4341 4164 4346 3501 4232 4009 3787 4312 4493 4540 4670 4141 4322 4180 4389 4304 4612 4390 4141 4097 3952 4047 3983 4350 4259 4223 4437 4487 4137 4522 3994 4436 4276 3874 4162 4654 4391 3974 4490 4125 3908 4292 4790 4028 3818 4164 3967 4193 4042 4000 4188 4054 4191 3920 4351 4517 3807 4262 
4104 3900 3875 3789 3856 3686 3762 3353 3839 3536 3622 3922 3672 4278 3893 4119 4032 4469 3933 3875 3976 3936 4029 3859 3661 4126 4027 4044 4162 3776 4161 3793 3930 3478 3664 3932 4135 4008 3725 3739 3736 3560 3882 4046 4030 3559 3988 3960 4069 3864 3786 3739 4043 4141 4369 3509 3534 4033 4005 4017 3818 4340 3773 4340 4124 3734 3745 3808 4018 3788 4010 4193 4339 3522 3564 4112 3675 3628 4218 3828 4035 3834 3811 3742 3964 3863 3640 3975 3653 3847 3810 4141 4044 4088 3974 4137 3922 3952 3739 3741 3786 4102 3844 3731 4068 3978 4019 3805 3890 3732 3895 3842 3771 3597 4032 3968 4085 3493 3988 4099 3973 3747 3731 3715 3654 3641 4041 3801 4001 4046 3708 4001 3951 4234 3720 3739 3840 3833 3857 4059 4021 3919 3907 3713 4263 3278 3976 3840 3455 3798 4056 4427 4488 3768 3893 3568 4016 4137 4278 4065 3830 3792 3810 3732 3765 3754 3989 3973 4256 4267 3735 4089 3775 4264 4067 3773 3823 4133 4190 3611 3918 3732 3673 3638 4330 4083 3399 3893 3502 3798 3984 3813 3778 3671 3712 3773 3990 4136 3724 4013 
4235 4133 3901 4151 4036 3887 3892 3905 4018 3908 4057 4067 4000 4574 4245 4211 4267 4195 3926 4184 4001 4313 4336 3986 4307 4419 4080 4214 4236 4250 4059 3861 4306 3673 4143 4113 4009 4228 4028 4209 3616 3829 4189 4307 3938 3669 4119 4221 4384 4184 4130 3877 4323 4431 4679 3859 3911 3989 4321 4224 4250 4335 3823 4491 4056 4107 4187 3861 4216 3979 4053 3995 4474 3615 3933 4288 4049 4328 4311 3910 4329 4236 4155 3750 3804 4303 4175 3970 3831 4197 4197 3969 4133 4444 4076 4276 4099 4110 3977 4016 3835 4423 4030 3908 4181 4359 4143 4181 4198 4144 4245 3928 4008 4081 4049 3859 4151 3732 4056 4000 4050 4035 4260 4388 3952 3707 4569 3865 4274 4172 3897 4118 4004 4473 3867 3867 4085 4021 3720 4424 4267 4095 4190 4172 4293 3730 4277 3959 3638 4075 4525 4339 4752 4081 4160 3766 4107 4141 4490 4069 4073 4221 4049 4181 4275 4119 4053 3980 4372 4167 4125 4385 4204 4451 4377 3870 4142 4164 4111 3828 4333 3952 3870 4273 4432 4031 3968 4095 3836 3986 4307 3765 4247 4038 3855 4073 4021 4605 3773 4119 
4516 4158 4024 4133 4325 4281 3930 3834 3956 4052 4056 4136 4003 4603 4292 4415 4339 4294 4063 4048 4037 4292 4433 4084 4032 4426 4295 4153 4425 4043 4318 4054 4303 3738 4021 4183 4122 4449 3978 4283 4069 3692 4344 4259 4291 3801 4177 4340 4400 4281 4211 3790 4337 4438 4835 3929 3952 4220 4508 3962 4351 4427 4062 4436 4324 4084 4054 4049 4079 3994 4264 4204 4480 3680 3956 4403 4197 4444 4432 4064 4346 4430 4238 3932 4079 3985 4046 4289 3789 4394 4305 4379 4141 4504 4214 4256 4087 4227 4171 4223 4102 4403 4157 4024 4071 4522 4359 4367 4284 4009 4364 4112 4237 3981 4220 4167 4299 3932 4201 4603 4267 3976 4235 4127 3771 4032 4596 4035 4519 4352 4136 4293 4472 4553 4057 4247 4352 4370 3893 4205 4448 4023 4527 4232 4682 3923 4523 4320 3908 4318 4451 4427 4625 4084 4069 4132 4301 4424 4473 4523 4238 4252 4136 4117 4291 4045 4196 4154 4323 4459 3912 4189 4312 4587 4424 3899 4015 4560 4499 3951 4378 3968 4175 4054 4335 4267 3706 4126 4082 4299 4330 3966 4448 4041 4179 4026 4113 4559 4059 3910 
4442 4166 4060 4311 4092 3971 4072 3856 4286 3907 4130 4246 3969 4653 4487 4474 4373 4680 4349 4265 4305 4222 4185 3858 4108 4576 4477 4287 4567 4182 4375 4122 4418 3887 4228 4211 4285 4506 4105 4418 3974 3825 4448 4398 4326 3749 4328 4357 4447 4299 4336 3813 4410 4694 4725 3982 3895 4141 4421 4327 4351 4648 3996 4657 4331 4315 4279 4193 4342 3798 4564 4588 4721 3844 4189 4466 4003 4272 4403 4198 4618 4228 4370 4196 4123 4151 4289 4372 3936 4442 4368 4308 4248 4525 4498 4213 4441 4310 4322 4283 4113 4555 4022 4067 4535 4283 4236 4379 4176 4117 4388 4106 3923 4015 4188 4097 4435 3890 4449 4491 4196 4015 4505 4010 4000 4234 4403 4299 4623 4378 4144 4242 4169 4523 4054 4248 4316 4306 4018 4405 4425 4135 4444 4217 4495 3873 4371 4135 3831 4013 4460 4439 4838 4080 4209 3938 4350 4349 4536 4352 4079 4065 4233 4027 4186 4099 4624 4325 4403 4513 4081 4474 3857 4774 4201 4036 4223 4454 4401 3895 4187 4001 4198 4146 4610 4247 3845 4313 4023 4159 4655 4296 4314 3924 3903 4049 4422 4672 4119 4103 
4196 4073 3883 4047 3841 3637 4029 3799 4023 3932 3705 3832 3530 4047 4213 4238 4069 4182 3864 4215 4079 4018 4022 3994 3816 4481 4039 3813 4355 4107 4279 3802 3935 3592 4063 4209 4081 4241 3988 4212 3728 3529 4144 4022 3736 3583 3947 4164 4266 4144 4136 3856 4345 4419 4389 3717 3764 4028 4419 4214 4223 4131 3935 4344 4138 3999 4077 4104 4255 3579 4037 4172 4485 3698 3715 3952 4029 4055 4281 3646 4271 4191 4324 3722 4017 3993 4042 3977 3710 4125 3998 4223 3985 4439 3894 4191 4175 3987 3974 3962 4034 4224 4085 3953 4120 4152 4223 4223 4137 3892 4258 4002 4117 3875 4122 4088 4072 3684 4379 4312 4138 3874 3977 4117 3784 3931 4088 4134 4269 4233 3824 4135 4066 4285 3747 3901 4055 4391 3945 4085 3989 3937 4163 3931 4376 3577 4415 3815 3636 4011 4258 4529 4531 4089 4058 3783 4247 4098 4589 4062 4092 4023 3923 3833 4195 4071 4229 3978 4260 4325 4005 4378 3866 4527 4318 3654 3953 4349 4251 4005 4341 3704 4025 3989 4044 3868 3831 4457 3723 3991 4432 3750 3893 4071 3711 4043 4317 4391 3995 4004 
4207 4322 4003 4115 4294 3947 4067 3970 4079 4028 4003 4267 4130 4683 4240 4390 4328 4868 4155 4258 4109 4445 4366 4050 4337 4532 4270 4073 4502 4215 4279 3975 4108 3725 4021 4297 4114 4076 4131 4422 3901 4003 4355 4322 4347 3742 4159 4177 4388 4290 4254 3822 4460 4395 4660 3997 4007 4423 4510 4385 4042 4413 3986 4745 4359 4120 3980 4136 4385 3964 4615 4518 4701 3746 4065 4446 4238 4204 4327 4040 4377 4284 4300 4064 3983 4077 4352 4478 3653 4357 4174 4343 4240 4338 4065 4165 4428 4354 4242 4272 4117 4330 4227 3901 4372 4402 4138 4429 4352 4001 4358 4528 4073 3914 4315 4199 4181 3636 4413 4461 3988 4082 4352 4145 3796 4022 4690 4078 4476 4257 4101 4455 4249 4531 3982 4172 4098 4297 4133 4269 4399 4163 4314 4234 4539 3870 4254 3973 3785 3993 4487 4713 4972 3915 4377 4016 4124 4211 4825 4320 4163 4264 4052 4072 4312 4139 4394 4364 4522 4345 4005 4370 4134 4520 4487 3974 3952 4431 4370 4002 4324 3982 4159 4116 4366 4008 3896 4081 3909 3937 4338 4060 3970 4142 3969 4136 4251 4854 4112 4154 
4178 4253 3742 4117 3956 3785 3603 3532 3995 3533 3910 4294 4059 4241 3851 4161 4012 4325 3890 3839 3887 4184 3985 3698 3879 4273 4032 3791 4146 4096 4305 4038 4095 3808 4019 4167 4063 4322 3978 4036 3717 3705 4108 4142 4061 3655 4134 4005 4238 3977 3999 3524 4311 4167 4773 3880 3765 4139 4209 4167 3940 4078 3675 4400 4002 3951 4033 3731 4009 3708 4231 3941 4273 3606 3922 4170 4018 3925 4253 3801 4141 4067 4030 3558 3739 3901 3921 4160 3700 3956 4123 4004 3992 4644 4025 4016 4140 3927 3839 3889 3896 4359 3926 3589 3999 4277 4221 4083 3990 3871 4250 3938 3775 4006 4013 3799 4043 3703 3938 3936 4100 4007 3885 3867 3779 3719 4416 3836 4013 3985 3993 4226 3854 4293 3615 3875 4063 3809 3826 3986 3806 4110 4237 4127 4371 3659 3938 3953 3633 3918 4252 4168 4393 3791 4058 3815 4036 4277 4356 4125 3923 4010 4175 3918 4068 3959 4183 4085 4377 4232 3797 4050 3776 4204 4103 3837 4247 4233 4302 3826 4101 3778 3904 4228 4180 4051 3707 4044 3820 3675 4276 3848 3988 3852 3658 3863 3901 4292 3809 3712 
4105 4073 3703 3664 3944 3652 3837 3594 3773 3822 3522 3771 3614 4465 3941 4270 3944 4393 3785 3990 3874 4127 3966 3617 3797 4311 4066 3988 4141 3812 4146 3627 4144 3705 3853 3961 4140 4179 3821 4093 3607 3506 3830 4013 3909 3524 4089 3831 4286 4040 4031 3680 4129 4207 4453 3849 3512 4073 4183 3945 3894 4401 3716 4293 4092 3886 3685 3796 3977 3724 4015 3879 3966 3642 3802 4026 3692 3860 4075 3983 4114 4176 4145 3758 3786 3785 3850 4029 3376 4022 3837 3894 3723 4238 3748 3886 3830 4113 3742 3843 3856 4187 3847 3696 3991 4295 4304 4057 3939 3586 3974 3793 3879 4031 3919 3909 4116 3513 4086 4266 4193 3544 3767 3901 3656 3845 4135 3760 4049 3952 3815 4161 3916 4328 3580 3743 3694 3561 3969 4015 4078 3764 4287 4004 3836 3505 3964 3875 3525 3753 4129 4086 4228 3759 3844 3780 4110 4084 3861 4148 3749 3785 3768 4122 4165 3643 4000 3922 4063 4160 3686 4038 3836 4336 4271 3944 3960 4153 4179 3611 4142 3659 3629 3746 4168 3831 3762 3891 3648 3670 4179 3895 3693 3703 3704 4066 4017 4124 3855 4106 
4343 4267 4007 4199 4337 3976 4219 4220 4239 3974 3830 4084 4129 4543 4409 4607 4253 4518 4067 4447 4170 4272 4362 4009 4272 4699 4463 4056 4622 4154 4541 3992 4265 3785 4327 4299 4318 4569 4152 4498 4171 3732 4227 4299 4407 3892 4238 4326 4543 4353 4383 3868 4619 4523 4778 3897 3934 4223 4690 4212 4174 4528 4105 4611 4485 4216 4178 3885 4297 3953 4215 4413 4564 3903 4309 4378 4110 4248 4525 4054 4585 4164 4205 3762 4022 4272 4103 4186 3942 4217 4302 4529 4132 4449 4171 4384 4571 4224 4164 4174 3963 4443 4222 4108 4324 4232 4517 4397 4115 4271 4210 4210 4115 4301 4185 4260 4173 3852 4251 4476 4240 4120 4208 4276 4075 4037 4384 4182 4321 4319 4231 4622 4424 4591 3871 4203 4151 4127 4108 4540 4244 4002 4429 4062 4734 3662 4397 4232 3915 4081 4503 4558 4768 4113 4212 4025 4391 4278 4740 4374 4253 4232 4127 4050 4230 4433 4464 4339 4534 4571 3978 4532 4036 4626 4408 4108 4073 4478 4576 4109 4315 4066 4120 4191 4411 4060 3938 4273 3982 4258 4524 4091 4010 4019 4262 4368 4140 4831 4132 4266 
3812 3850 3567 3780 3676 3484 3624 3421 4006 3850 3512 3751 3188 4244 4056 4042 3858 4019 3966 3622 3957 3953 3739 3596 3790 4022 3948 3762 4004 3817 4229 3513 3916 3337 3694 3887 3878 4182 3640 3764 3353 3284 3833 3920 3771 3546 3874 3684 3996 3889 3683 3468 3844 4027 4004 3564 3461 3936 3864 3871 3829 4074 3618 4433 3884 3636 3704 3489 3998 3540 3980 3970 4029 3426 3758 3777 3537 3806 3975 3603 3916 3970 4003 3394 3740 3786 3797 3800 3846 3857 3860 3857 3698 4202 3860 4128 3776 3842 3720 3736 3755 3984 3416 3677 3929 3886 3932 3766 4206 3582 3891 3779 3905 3637 3754 3653 3667 3614 4063 3763 4038 3909 3719 3682 3765 3814 4157 3824 4173 3995 3791 3928 3890 4252 3478 3513 3770 3636 3871 3993 3956 3724 4003 3787 3940 3434 3873 3661 3471 3788 4265 4115 4308 3769 3652 3764 3900 3615 4229 3973 3792 3775 3746 3725 3991 3586 3865 3910 3939 3961 3904 3826 3567 4310 3956 3575 3850 4117 3976 3663 4054 3529 3743 3884 3949 3887 3459 3879 3506 3559 3874 3711 3873 3496 3692 3830 3741 4182 3825 3629 
4568 4149 3842 3997 4070 3974 3917 3733 4163 3835 4119 4143 3995 4402 4306 4403 4104 4369 4073 4173 4108 4298 4100 3915 4074 4495 4105 3979 4319 4038 4381 3993 4280 4027 4150 4205 4025 4260 4149 4197 4076 3734 4194 4167 4267 3805 4291 4108 4306 4227 4180 3581 4266 4371 4750 3740 4002 4131 4316 4030 4047 4159 4010 4562 4240 4449 4215 4062 4242 3930 4113 4367 4608 3994 4031 4419 4072 4104 4141 4165 4498 4188 4196 4075 4097 4074 4099 4188 3901 4226 4207 4245 4212 4431 4106 4218 4438 4170 4187 4122 3700 4424 4111 4113 4565 4200 4468 4500 4322 3878 4363 4029 3928 4011 4110 4216 4184 3512 4372 4215 4292 4042 4190 4183 3813 4061 4045 4047 4321 4202 3973 4495 4191 4546 3886 4210 4103 3894 4079 4334 4249 4220 4503 4395 4614 3645 4300 4201 3681 4157 4568 4364 4713 4158 4045 3918 4330 4128 4546 4330 4056 4076 3839 4250 4415 3962 4313 4116 4502 4120 4107 4495 4110 4562 4382 3931 4049 4456 4343 3848 4141 4120 4239 4327 4267 4180 3786 4133 3941 4201 4445 4088 4127 4117 3850 3939 4271 4399 4147 4136 
4305 4295 3723 4033 4212 3926 4016 4076 3983 3809 4110 3973 3934 4335 4256 4265 4129 4346 3865 3946 3990 4312 4187 3667 4152 4358 4097 4098 4409 4074 4216 3844 3898 3558 3973 4131 4140 4448 3857 4001 3784 3822 4307 4436 4154 3764 4014 4290 4305 4201 4337 3820 4254 4488 4596 3757 3667 4189 4365 4149 4196 4176 3970 4526 4184 4132 4192 3900 4191 3662 4301 4115 4520 3462 4250 4425 3891 3934 4295 3829 4426 4095 4145 3842 3891 4111 4015 4126 3758 4066 4151 4101 3842 4179 4201 4168 4102 3872 4016 4070 3988 4242 3861 3766 4246 4388 4371 4284 4159 4079 4235 4242 4025 4007 4088 4085 4046 3560 4176 4053 4275 4101 4094 4052 3917 4034 4395 4298 4132 4083 4104 4755 4210 4508 3751 4062 4029 3950 4285 4169 4009 3939 4340 4119 4531 3571 4342 3876 3669 4058 4326 4233 4534 3991 4269 3877 4131 4082 4428 4196 4111 4001 4240 4101 4136 4212 4278 4114 4323 4177 4085 4390 4001 4590 4230 3773 4075 4376 4023 4048 4326 3895 3887 3936 4264 4122 3986 4125 3768 4066 4332 3806 3976 4092 3977 4111 4378 4345 4180 4265 
4579 4355 4251 4281 4304 4248 4161 4129 4462 3929 4276 4352 4222 4756 4328 4558 4322 4595 4211 4398 4219 4484 4447 4088 4569 4486 4507 4095 4658 4367 4449 4300 4459 3968 4206 4533 4273 4696 4045 4432 4223 3930 4611 4462 4316 4015 4348 4466 4466 4614 4227 4214 4445 4683 5082 4216 4215 4557 4443 4430 4548 4536 4036 4805 4613 4018 4155 4130 4333 4102 4610 4554 4908 4277 4420 4382 4291 4588 4305 4238 4561 4557 4531 4177 4240 4305 4401 4429 4011 4428 4327 4648 4397 4613 4311 4648 4379 4427 4519 4399 4150 4467 4149 4292 4429 4699 4482 4700 4634 4297 4267 4246 4329 4133 4340 4167 4574 3856 4415 4385 4363 4381 4342 4430 4011 4075 4749 4325 4617 4446 4287 4624 4488 4630 4228 4335 4144 4322 4200 4410 4204 4237 4571 4440 4600 3958 4642 4201 3970 4279 4656 4951 5055 4235 4388 4085 4494 4328 4863 4530 4341 4565 4314 4536 4548 4308 4383 4336 4651 4564 4085 4588 4289 4758 4674 3924 4380 4827 4674 4163 4666 4393 4372 4293 4680 4231 4254 4476 4032 4120 4577 4229 4307 4335 4348 4426 4377 4689 4252 4334 
4322 4226 3760 3956 4056 3798 3825 3632 4144 3893 4048 3909 3930 4474 4126 4432 4213 4501 4017 4156 4187 4159 4169 3910 3846 4536 4315 4173 4584 3957 4385 4026 4396 3842 3906 4008 4177 4481 4159 4241 3983 3745 4396 4207 4237 3786 4195 4274 4190 4085 4204 3791 4273 4302 4756 3951 3830 4375 4312 4269 4139 4302 3855 4473 4269 4063 4009 4154 4018 3849 4227 4394 4355 3746 4132 4362 3763 4068 4234 4224 4249 4303 4305 3997 4221 4115 4158 4087 3789 4274 4092 4198 4136 4461 4159 4063 4141 4134 3714 3989 4074 4492 4266 3901 4181 4408 4303 4296 4168 3830 4316 4033 3959 4191 4135 4233 4366 3779 4200 4161 4173 4052 4078 4185 3885 4115 4308 4174 4365 4229 3983 4271 4216 4500 3766 4156 4064 4057 4123 4220 4218 4014 4408 4032 4412 3622 4330 4039 3648 4202 4217 4332 4603 4109 4270 3839 4352 4272 4483 4091 3940 4131 4012 3999 4215 4156 4105 4232 4427 4360 3942 4386 4025 4589 4365 3866 3992 4589 4118 3887 4232 4079 4025 3812 4346 4216 4086 4052 3787 3884 4661 3821 4020 3873 3744 4106 4349 4268 4106 4130 
3677 3870 3436 3742 3942 3617 3632 3450 3816 3689 3733 3664 3423 3959 3806 3876 3696 4061 3343 3911 3575 3695 4089 3606 3557 4013 3729 3624 4092 3899 3972 3666 3776 3191 3738 3858 3668 4057 3545 3773 3554 3456 3983 3782 3777 3333 3938 3764 4031 3680 3732 3285 3955 4055 4290 3649 3616 3860 3905 3760 3891 3714 3508 3994 3859 3768 3892 3542 3856 3571 3913 3909 3983 3448 3816 3796 3777 3619 4046 3600 3681 3689 3917 3510 3805 3536 3973 3816 3394 3836 3782 3857 3661 4016 3796 3896 3824 3624 3727 4121 3568 3950 3615 3456 3722 3897 3865 3977 3928 3798 3816 3903 3510 3555 3661 3817 3580 3335 3810 3742 3893 3802 3709 3597 3416 3713 4140 3741 3912 3990 3825 3915 3593 3834 3605 3530 3693 3708 3642 3862 3881 3669 3804 3730 4113 3290 4049 3737 3416 3689 4029 3833 4144 3885 3768 3505 3881 3924 3959 3971 3710 3894 3806 3846 3855 3583 4056 3870 3825 4028 3649 3909 3594 4264 4037 3601 3819 4144 3838 3571 3750 3400 3366 3799 3959 3672 3690 3918 3352 3578 3879 3694 3613 3709 3454 3933 3818 4176 3574 3641 
4463 4443 3953 4120 4160 4182 3914 4047 4378 3868 4283 3990 4049 4708 4307 4566 4247 4437 4107 4430 4028 4412 4283 3835 4270 4567 4326 4284 4556 4122 4499 4075 4441 3785 4247 4481 4171 4390 4086 4399 4057 4083 4209 4283 4421 3711 4323 4321 4483 4417 4411 4017 4582 4501 4939 4075 3946 4311 4412 4368 4303 4330 4195 4682 4308 4354 4417 4375 4353 3841 4330 4617 4588 3654 4114 4465 4281 4219 4378 4094 4550 4394 4297 3889 4108 4087 4234 4394 3790 4366 4363 4435 4029 4458 4349 4255 4371 4383 4147 4338 3953 4567 4075 4156 4609 4407 4314 4583 4196 4327 4385 4335 4051 4286 4324 4221 4323 3964 4641 4489 4327 4059 4497 4282 4006 4077 4613 4401 4574 4325 4159 4538 4303 4514 4100 4250 4117 4133 4110 4449 4337 3977 4467 4235 4562 3900 4497 4264 3725 4235 4233 4559 4712 4254 4167 3902 4388 4478 4612 4469 4285 4120 4193 4207 4419 4139 4436 4239 4352 4478 4079 4531 4227 4556 4746 4067 4300 4543 4360 3986 4356 4203 4156 4281 4592 4064 4028 4468 4088 4191 4498 4106 3930 4055 4146 4322 4298 4851 3993 4305 
4388 4030 4110 4049 4165 4068 4079 3742 4061 4011 4085 3866 3961 4474 4238 4487 4425 4523 3869 3910 4052 4299 4446 3786 4172 4830 4063 4341 4425 4321 4234 3904 4140 3880 4165 4310 4330 4076 3987 4273 3913 3765 4470 4202 4148 3822 4213 4313 4529 4299 4006 3898 4411 4458 4730 3965 3857 4368 4589 4221 4217 4389 4118 4693 4450 4003 4217 4237 4279 3806 4211 4383 4695 3797 3912 4295 4112 4235 4473 3835 4442 4392 4418 3900 4022 3946 4084 4271 3791 4354 4218 4340 4263 4438 4270 4150 4371 4218 4207 4222 4110 4400 4072 3817 4127 4543 4385 4232 4132 4078 4261 4253 4160 4114 4061 4240 4433 3927 4418 4483 4322 4114 4019 4239 3954 4247 4376 4205 4446 4285 4037 4372 4169 4487 4018 4136 4023 4290 4051 4186 4444 4338 4293 4345 4409 3670 4512 3941 3736 4243 4268 4648 4767 4133 4139 3990 4344 4439 4451 4419 4215 4181 4093 3964 4143 4196 4490 4139 4332 4444 4103 4191 4217 4628 4425 3973 3992 4653 4292 3969 4628 3957 4087 4232 4404 4164 3816 4163 3979 4168 4356 3981 4104 4149 3903 4104 4270 4526 4001 4252 
4048 4450 3934 3944 4342 4143 4224 4032 4292 4020 3832 4117 4024 4346 4459 4439 4330 4469 4094 4086 4040 4245 4405 4112 4220 4653 4382 4106 4175 4063 4148 3967 4224 3805 4094 4294 4295 4488 4136 4162 3915 3793 4347 4328 4116 3773 4267 4469 4259 4386 4259 3680 4437 4810 4640 3903 3881 4162 4543 3969 4469 4408 4056 4537 4152 4060 3974 4058 4263 3849 4321 4247 4715 3934 3913 4246 3954 4146 4605 3951 4172 4176 4326 4217 3904 4066 4029 4209 3857 4470 4198 4210 4276 4569 4148 4276 4043 3938 3977 4096 4211 4359 4302 3966 4250 4460 4195 4288 4232 4317 4296 4050 4143 3753 4083 4256 4266 3795 4168 4289 4162 4200 4119 4339 3885 4089 4406 4110 4280 4270 4180 4326 4301 4128 3961 4076 4115 4114 4123 4345 4612 4051 4459 4133 4596 4027 4538 4036 3807 4269 4314 4305 4813 4274 4432 4022 4274 4411 4564 4319 4451 4116 4140 4236 4437 4291 4430 4350 4451 4419 3852 4418 4223 4526 4203 4026 4034 4401 4229 4046 4527 4142 4317 4233 4518 4106 4086 4350 3727 4058 4543 3995 4233 4187 3911 4305 4352 4529 4100 4182 
4507 4431 4283 4385 4574 4245 4259 3983 4394 4186 4236 4530 4267 4800 4324 4836 4467 4833 4346 4378 4551 4532 4603 4152 4233 4766 4440 4057 4947 4490 4732 4246 4374 4189 4366 4583 4514 4612 4588 4729 4295 4172 4673 4604 4686 4050 4643 4530 4893 4399 4444 4305 4725 4850 5264 4174 4304 4660 4829 4551 4566 4898 4234 5092 4560 4443 4508 4289 4389 4161 4699 4718 4823 4190 4381 4678 4164 4616 4627 4428 4755 4773 4647 4292 4418 4470 4505 4386 4047 4384 4361 4567 4416 4946 4583 4635 4701 4642 4548 4422 4473 4734 4405 4306 4682 4907 4676 4573 4569 4557 4657 4251 4425 4416 4513 4357 4611 3955 4663 4668 4398 4518 4467 4313 4291 4381 4873 4530 4474 4669 4376 4670 4532 4881 4160 4493 4598 4557 4463 4692 4538 4299 4628 4393 4683 4030 4812 4629 4038 4316 4751 4922 5034 4405 4659 4247 4546 4628 4766 4996 4271 4404 4273 4512 4580 4309 4908 4546 4776 4703 4385 4583 4295 4948 4530 4203 4313 4785 4855 4268 4735 4553 4316 4486 4599 4555 4292 4416 4028 4327 4711 4138 4645 4296 4128 4468 4774 4644 4255 4678 
3889 3964 3531 3933 3975 3828 3757 3649 3838 3602 3672 3764 3729 4359 3915 3919 3910 4043 3551 3965 3669 3951 4072 3662 3668 4077 3880 3687 4022 3834 4093 3540 3924 3427 3790 4185 3909 4067 3657 3858 3585 3573 4228 4149 3939 3408 3876 3921 3992 3967 4062 3611 3906 4145 4461 3606 3657 3840 4147 3976 3940 3974 3694 4290 3946 3896 3852 3693 3968 3549 4050 3826 4213 3447 3726 4127 3731 4050 3948 3577 3926 3967 3931 3798 3975 3673 3844 4017 3546 3849 4079 3918 3703 4168 3735 4045 3665 3868 3607 3890 3906 4027 3659 3583 3922 3955 3994 3968 3743 3722 3892 3848 3710 3702 3799 3840 3829 3532 3877 3935 3793 3660 3878 3728 3730 3516 4185 3837 4045 4003 3654 4022 3734 3958 3515 3681 3901 3977 3784 3927 4010 3773 4120 3754 4311 3485 4056 3740 3165 3838 3998 4058 4338 3943 3724 3791 4156 4030 4205 3960 3414 3694 3756 3934 3771 3916 4021 3741 3920 4171 3769 3914 3588 4193 3960 3695 3823 4045 3943 3474 3899 3511 3720 3562 4073 3735 3677 4015 3525 3611 4229 3707 3813 3615 3697 3800 3863 4099 3860 3831 
4028 3946 3644 3692 3993 3788 3895 3747 3909 3643 3742 3889 3748 4233 4070 4159 4115 4242 3915 3981 3841 3929 4062 3850 3781 4202 4165 3886 4354 3847 4333 3753 3836 3402 3717 4004 3832 4441 3894 3943 3428 3540 4228 4052 3917 3554 4079 4187 4100 4054 3848 3457 4323 4271 4412 3619 3651 3952 4075 3797 4046 4204 3702 4252 4221 3914 3708 3923 4241 3714 4061 4096 4394 3460 3867 4000 3693 3981 4116 3751 4138 4033 4028 3737 3759 3885 4130 3990 3561 4385 4186 4214 3912 4196 3805 3999 3952 3921 3733 3922 3893 4400 3851 3631 3899 4114 4072 4158 4018 3891 3956 3888 3944 3826 4005 3877 4040 3705 4247 4274 3907 3825 4180 3805 3563 3878 4184 3934 4207 4077 3946 4231 3911 4259 3640 3721 4028 4098 3699 3960 4063 3871 4296 3792 4193 3659 4123 3721 3547 4137 4179 4247 4502 3929 3928 3917 4174 4025 4172 4139 4035 3961 3711 3727 4011 3897 4048 3934 4020 4040 3661 4116 3706 4305 3799 3726 4032 4415 4166 3610 4250 3748 3708 3962 3964 3834 3792 3985 3798 3923 4181 3846 3857 3813 3937 3938 3987 4370 3654 3985 
4386 4067 3744 3968 4251 3809 3877 3674 4329 3871 3960 3954 3846 4421 4154 4399 4088 4595 4054 4261 4123 4437 4234 3950 4250 4402 4213 3920 4536 4224 4445 3976 4248 3576 4009 4330 4201 4341 3762 4071 3980 3708 4045 4371 4112 3685 4174 4078 4340 4159 3991 3929 4235 4582 4737 3894 3587 4180 4337 4422 4202 4227 3792 4450 4001 3995 3991 3874 4192 3707 4038 4363 4416 3757 4133 4086 3871 4007 4361 3948 4214 4381 4331 3860 4033 3906 4083 4294 3879 4220 3955 4350 4101 4290 3999 4340 4199 4276 3957 4228 3939 4487 4074 4075 4155 4331 4230 4040 4078 4122 4047 4071 3943 4174 4137 4006 4153 3642 4191 4091 4168 4006 4126 3954 3716 3944 4507 4078 4307 4304 4039 4347 4395 4456 3877 3969 4109 3928 3852 3988 4135 4069 4176 4057 4372 3760 4212 3991 3673 3823 4374 4524 4663 4077 4100 3960 4187 4199 4318 4251 4035 4144 3825 3983 4335 4183 4266 4094 4245 4347 3953 4277 3980 4678 4297 4012 3996 4383 4274 3918 4064 4017 3961 4141 4317 4074 3938 4164 3648 4092 4302 4228 3906 4034 3982 4020 4144 4850 4001 3942 
4153 4240 3691 4150 4116 3784 3847 3321 4069 4011 3672 3949 3695 4427 4268 4419 4178 4279 4012 4217 3747 4042 4006 3875 4071 4290 4207 4167 4572 4131 4181 3746 4279 3480 3928 4034 4075 4323 3990 4128 3815 3928 4251 4134 3963 3756 4017 4040 4309 4122 4293 3612 3983 4499 4552 3905 3776 4199 4178 4217 4109 4086 3853 4454 4209 3943 3908 3771 4185 3880 4062 4201 4287 3599 3969 4193 4140 4127 4137 3746 4121 4273 4195 3684 3870 3946 3986 4133 3815 4280 3944 4167 3986 4367 3980 4369 4095 4112 3836 3993 4179 4202 3928 3685 4216 3990 4020 4179 3942 4077 4032 3974 3918 3977 3976 4014 4054 3750 4185 4308 4211 3902 4127 4065 3881 3877 4177 3974 4196 4274 4030 4346 4294 4270 4033 3950 4086 3844 3994 3886 4072 3815 4271 3905 4238 3642 4155 4074 3675 4001 4221 4372 4328 3930 3993 3835 4109 4065 4728 4180 3912 4192 4113 4057 4275 3874 4277 3984 4249 4281 3749 4034 3791 4347 4080 3682 4196 4357 4260 4010 4096 3735 4046 4043 4277 3932 4005 4164 3841 3945 4428 3834 3865 3847 3821 3923 4072 4303 3819 3955 
4545 4125 4035 4080 4075 4130 3982 3690 4206 3860 3988 3863 3774 4480 4052 4460 4289 4282 3980 4052 4086 4168 4304 3844 4117 4337 4269 3899 4485 4166 4319 3847 4184 3747 4109 4027 4019 4565 4013 4181 3905 3853 4501 4271 4174 3837 4353 4197 4251 4250 4194 3755 4473 4532 4781 3719 3953 4055 4151 4040 4372 4401 3920 4453 4188 3991 4024 3972 4473 3857 4310 4386 4380 3716 4026 4347 4192 4218 4282 4092 4271 4171 4243 3946 4191 4388 4322 4040 3642 4355 4011 4200 3950 4386 4051 4133 4070 3915 4135 4198 3979 4435 4127 4139 4190 4381 4110 4472 4314 4025 4192 4068 4179 3961 4039 3876 4208 3822 4393 4191 4418 4212 4083 4115 3826 3908 4270 4002 4465 4425 3933 4175 4205 4641 4298 4049 4189 4314 4021 4318 4289 4102 4367 4141 4486 3506 4498 4337 3889 4288 4380 4331 4610 4006 4012 3921 4195 4264 4699 4395 4170 4047 4026 4073 4379 4029 4414 4128 4368 4239 4111 4091 4029 4623 4278 4027 4207 4284 4416 4081 4316 3755 3994 4030 4302 4151 3713 4243 4058 4108 4275 3953 4261 3917 4019 4027 4274 4368 4071 4235 
3956 4127 3644 3847 3818 3655 3746 3689 4014 3725 4040 3997 3631 4310 4008 4157 4023 4138 4029 3916 3861 3978 3934 3618 3894 4136 4033 3918 4211 3946 4318 3884 3885 3561 3824 3944 3841 4356 3837 3897 3527 3546 4110 4069 4033 3638 4031 3785 4127 3808 3952 3517 3950 4074 4388 3850 3746 4290 4151 3991 3999 4066 3804 4291 4038 4004 3818 3888 3896 3593 4099 3997 4145 3564 3683 4184 3670 3798 4257 3863 4055 4065 3963 3647 3839 3591 3880 3942 3446 3897 4080 3926 3829 4455 4120 4045 4068 3954 3667 3897 3898 4251 3802 3797 4095 4225 4069 4001 4096 3775 3901 3865 3898 3864 3918 3896 3930 3844 4126 3972 4100 3614 3936 3913 3598 3842 4151 3855 4136 4007 4172 4045 3987 4333 3450 3906 3807 3625 3888 4030 3830 3986 4186 4140 4182 3575 4023 3897 3650 4040 4318 4141 4305 3735 3803 3740 4041 4149 4293 4065 3999 3839 3787 3909 4146 3644 3994 4005 4104 4000 3812 3779 3762 4176 4129 3525 4103 4308 4216 3892 4086 3787 3809 3935 4050 4106 3508 3955 3597 3688 3918 3579 4073 3612 3842 3810 3929 4335 3687 3850 
4272 4078 3804 3992 4181 4145 3847 3806 4260 3859 3668 4111 3841 4441 4080 4201 4168 4348 4027 4034 3954 4222 4068 3758 3814 4349 4220 3926 4444 3891 4360 3924 4056 3805 3981 4099 4119 4390 4020 3999 3765 3806 4310 4232 4057 3652 4184 4123 4334 4229 4241 3798 4543 4484 4532 4009 3895 4354 4417 4101 4132 4358 4056 4670 4081 4093 4298 4008 4076 3810 4299 4403 4528 3909 3903 4283 3779 4010 4244 3961 4235 4171 4229 3901 4122 3975 4044 4209 3779 4093 4176 4211 4166 4469 4075 4300 4310 4127 3986 4042 3913 4382 3923 3978 4221 4360 4086 4390 4446 4022 4267 4049 4094 3961 4036 4077 4181 3807 4347 4100 3962 4114 4092 4122 3960 4042 4232 4345 4128 4312 3996 4366 4423 4438 3803 3965 4093 4379 3873 4403 4172 4102 4426 4108 4378 3768 4460 4044 3537 4121 4362 4399 4609 4162 4133 3973 4320 4191 4380 4433 4014 4173 4045 4098 4402 3966 4246 3933 4352 4406 4026 4224 3948 4472 4141 3906 4070 4593 4633 3932 4369 3980 4059 3911 4342 4115 3831 4151 3886 4095 4535 3851 4039 3889 3889 4180 4253 4382 3912 4076 
3851 3610 3489 3508 3632 3441 3338 3318 3569 3231 3666 3378 3342 3889 3662 3813 3822 4188 3360 3617 3642 3750 3924 3335 3682 3923 3669 3692 4097 3740 3829 3630 3593 3042 3595 3666 3538 3687 3356 3584 3624 3270 3675 3668 3654 3277 3501 3810 3633 3591 3575 3361 3723 4063 4151 3476 3192 3700 3822 3740 3904 3878 3511 4000 3533 3505 3702 3624 3830 3325 3674 3921 4037 3324 3489 3788 3779 3329 3908 3294 3955 3728 3808 3437 3592 3686 3595 3598 3552 3585 3651 3843 3693 3789 3703 3690 3805 3683 3908 3720 3663 3713 3553 3133 3730 3618 3792 3670 3505 3831 3601 3568 3495 3749 3496 3629 3835 3252 3834 3879 3795 3780 3670 3366 3385 3465 3844 3718 3766 3693 3562 3903 3761 3725 3479 3527 3605 3767 3494 3635 3548 3452 3759 3688 3934 3117 3766 3554 3108 3559 3866 3955 4000 3757 3857 3402 3694 3790 3979 3827 3443 3633 3640 3530 3665 3659 3894 3395 3823 3873 3530 3780 3604 3874 3973 3384 3630 3782 3692 3540 3605 3236 3476 3732 3731 3713 3560 3658 3270 3622 3583 3646 3541 3582 3628 3737 3867 3954 3610 3802 
4572 4319 3862 4443 4197 4049 4202 3900 4125 4380 3905 4193 3896 4442 4124 4452 4321 4396 4172 4099 4275 4287 4342 3922 4255 4528 4327 4047 4477 4359 4371 4177 4235 3752 4053 4420 4245 4484 4121 4400 3959 3694 4369 4250 4268 3860 4442 4242 4482 4224 4218 3948 4331 4472 4586 3916 4073 4262 4467 4098 4246 4469 4042 4486 4318 4205 4181 4250 4258 3882 4359 4169 4316 3701 4195 4309 4219 4319 4408 3910 4362 4228 4596 3958 4060 4325 4194 4299 3796 4233 4429 4280 4217 4860 4254 4261 4464 4361 4269 4336 4208 4646 4233 4040 4159 4551 4448 4484 4314 4017 4421 4176 4124 4261 4218 4149 4297 3846 4547 4648 4303 4136 4261 4311 3952 3824 4591 4292 4336 4363 4237 4315 4228 4509 3948 4082 4179 4338 4003 4495 4368 3974 4391 4065 4725 3795 4231 4151 4016 4273 4608 4477 4756 4247 4243 4017 4540 4410 4624 4308 3966 4203 4262 4260 4310 4082 4284 4282 4355 4437 3936 4483 3907 4674 4688 3740 4215 4490 4288 3990 4462 4020 4038 4191 4248 4012 3923 4452 3846 4154 4246 4071 4146 3970 4136 4102 4329 4613 4197 4483 
4154 3746 3766 3648 3818 3567 3690 3633 3807 3777 3594 3731 3744 4289 3934 4017 3995 4303 3783 3813 3773 3990 3987 3895 3734 4040 3624 3617 4092 3871 4061 3844 3953 3516 3618 3929 3886 4346 3535 3747 3661 3630 4229 3804 3909 3457 4055 4052 3844 3865 3932 3700 4018 4225 4457 3802 3679 3905 3918 4017 4079 4095 3587 4250 4028 3591 3901 3743 3810 3758 4129 3954 4385 3740 3938 3824 3862 3993 4120 3823 4024 4291 3926 3847 4043 3806 3816 3895 3652 3886 3543 3869 4017 4113 3926 3977 3653 3839 3915 3893 3724 3905 3682 3709 3956 4157 3751 3980 3817 3626 4046 4008 3946 3559 3935 3730 4091 3709 3945 4230 3846 3675 3890 3790 3496 3837 4195 3887 4068 3889 3834 4305 4122 4029 3663 3804 3855 3895 3689 3926 3947 3918 4119 3772 4301 3438 4183 3680 3492 3959 4049 4272 4308 3807 4096 3930 4085 4013 4132 4035 3737 3882 3911 4028 4074 3784 3989 3747 4178 4175 3727 3931 4009 4258 3720 3620 3874 4268 4104 3680 4077 3489 3666 3757 4068 4002 3697 3935 3588 3669 4154 3800 3735 3879 3658 4092 3972 4292 3824 3714 
4020 3938 3529 3939 3773 3611 3576 3640 3693 3789 3884 3864 3619 4056 3897 4281 3956 4003 3507 3841 3767 3841 3969 3536 4023 4165 3911 3651 4125 3928 4029 3634 3989 3534 3938 3849 3937 4119 3875 3849 3342 3580 3988 3908 3749 3628 4021 3861 4091 3891 3811 3286 3987 4022 4356 3694 3544 3984 4069 3850 3871 4102 3544 4128 4000 3957 3691 3764 3742 3598 3765 3719 4132 3454 3888 4117 3731 3853 4050 3779 4070 4084 3911 3594 3765 3850 4010 3657 3228 3855 3877 3887 3818 3931 3626 3756 4005 3766 3589 3785 3811 4187 3695 3523 4146 4185 3966 4160 3947 3758 3871 3787 3670 3663 3887 3588 3692 3455 4152 4009 3968 3572 3812 3886 3573 3861 4122 3549 4031 3813 3557 3928 3881 4288 3407 3768 3858 3796 3693 3907 3980 3900 4064 3786 4158 3325 3709 3864 3472 4058 4109 3865 4277 3648 3892 3667 4033 3969 4058 3986 3891 4089 3779 3857 3880 3759 3950 3878 3794 3731 3638 3911 3801 4139 4099 3673 3915 4001 3954 3904 4176 3799 3764 3995 4110 3660 3631 3875 3716 3804 4081 3657 3594 3729 3579 3764 3783 4086 3683 3851 
4550 4516 4150 4299 4464 4189 4016 4045 4267 4068 4179 4182 4140 4667 4390 4423 4390 4723 3904 4512 4279 4462 4412 4203 4188 4525 4490 4228 4747 4281 4460 4390 4296 3757 4274 4394 4202 4585 4177 4468 4047 4021 4473 4294 4428 3958 4286 4305 4615 4221 4460 3931 4603 4610 4779 3852 4059 4495 4412 4306 4406 4414 4162 4685 4526 4340 4229 4327 4240 4064 4338 4447 4770 4079 4113 4250 4282 4460 4480 3880 4325 4429 4317 4080 4066 4324 4231 4160 3858 4352 4488 4473 4117 4621 4254 4347 4534 4165 4286 4407 4284 4494 3936 3991 4628 4614 4249 4398 4286 4280 4484 4262 4366 4138 4131 4293 4220 3925 4440 4491 4255 4113 4404 4136 3882 4081 4640 4274 4579 4541 4205 4691 4098 4366 4190 4233 4084 4259 4047 4387 4418 3967 4352 4108 4773 3842 4608 4231 3888 4179 4430 4557 4667 4213 4237 3998 4437 4367 4655 4747 4623 4254 4147 4198 4327 4243 4538 4356 4464 4541 4054 4593 4301 4871 4466 3897 4229 4810 4245 3900 4472 4157 4018 4194 4714 4160 4243 4476 3981 4130 4493 4075 3988 4201 4103 3965 4292 4832 4200 4328 
4104 3826 3608 3704 3687 3784 3545 3698 3798 3895 3914 3740 3812 4315 3930 4189 4076 3962 3847 3894 3744 3796 3987 3812 3853 4276 3836 3898 4192 3903 4048 3676 4011 3611 3702 3686 4056 4081 3790 3992 3477 3631 4109 3951 3867 3538 4075 3728 4038 3765 3833 3673 4147 4127 4287 3774 3605 4075 4149 3795 3953 3980 3784 4234 3891 3885 3786 3751 3950 3538 4096 4106 4129 3531 3933 3976 3547 4025 4082 3583 4051 3930 3990 3655 4035 3891 3794 3887 3356 3816 3873 3949 3842 4001 3965 4069 3793 3860 3704 3811 3728 4428 3832 3617 4056 4068 3654 4092 3902 3746 3965 3791 3724 3862 3586 3963 3798 3701 3958 4034 3897 3652 3867 3861 3691 3867 4069 3790 3860 3934 3974 3937 3934 4216 3447 3805 3812 3977 3760 4021 3756 3768 4126 4011 4073 3533 4160 3890 3390 3893 4015 4299 4390 3709 3929 3745 4046 4194 4210 4282 3741 3813 3830 3939 4069 3857 4057 3903 3986 4038 3825 4062 3808 4094 4047 3459 4032 4051 4033 3822 4125 3763 3735 3796 4057 4081 3606 3884 3691 3847 4027 3732 3737 3707 3524 3769 4063 4255 3634 3760 
4433 4398 3957 4015 3930 3904 3928 3802 4259 4004 3918 4128 3810 4288 4201 4582 4107 4408 4171 4199 4142 4377 4206 3933 4302 4715 4386 4138 4268 4260 4395 3975 4275 3989 4201 4255 4426 4314 4103 4308 3892 3889 4209 4317 4149 3826 4295 4391 4497 4462 3890 3998 4420 4390 4820 3956 3808 4354 4359 4295 4131 4308 3711 4570 4265 3915 3994 4114 4251 3969 4277 4309 4472 3648 3922 4266 4100 4012 4486 4165 4414 4271 4050 3928 3940 4016 4380 4167 3610 4256 4023 4585 4175 4410 3951 4148 4225 4155 4083 4121 4204 4521 3985 4081 4239 4334 4341 4434 4312 4021 4286 4106 4383 4365 4156 4097 4149 3825 4495 4603 4348 4008 4196 4163 3904 3927 4728 3993 4219 4138 4206 4507 4351 4484 3808 4284 4165 4028 4024 4361 4330 4110 4407 4325 4318 3759 4224 4174 3898 4085 4216 4579 4693 4298 4240 3958 4419 4535 4588 4383 4011 4358 4141 4220 4299 4163 4182 4085 4324 4465 4109 4369 4114 4496 4419 4073 4143 4248 4149 3943 4239 4034 4179 4148 4267 4095 4055 4216 3804 3982 4526 3836 3919 3747 3862 4252 4442 4469 4212 4033 
3816 3845 3478 3523 3624 3526 3574 3319 3419 3490 3595 3706 3482 3922 3726 4024 3871 3929 3444 3665 3686 3871 3694 3568 3515 4030 3761 3435 3808 3626 3851 3605 4005 3374 3760 3731 3632 3823 3360 3859 3489 3325 3858 3577 3747 3501 3793 3809 3885 3824 3917 3377 3803 3969 4093 3432 3436 3680 3928 3577 3714 3804 3547 4155 3854 3662 3640 3664 3876 3553 4033 3747 3905 3365 3614 3871 3345 3825 3803 3507 3829 3741 3810 3561 3522 3214 3494 3718 3478 3751 3798 3931 3456 3788 3723 3571 3767 3640 3567 3702 3399 3822 3535 3414 3847 3967 3833 3854 3621 3509 3980 3610 3691 3723 3697 3845 3713 3498 3975 4056 3674 3347 3764 3617 3282 3841 3844 3667 3858 3848 3582 4002 3641 3790 3297 3582 3703 3644 3466 3740 3874 3564 3985 3564 3955 3464 3759 3580 3154 3681 3758 3806 4290 3660 3641 3546 4000 3912 3972 4060 3890 3702 3472 3650 3838 3709 3770 3788 4023 3747 3474 3950 3567 4091 3765 3587 3774 4024 3800 3533 3829 3591 3564 3559 3868 3592 3458 3548 3331 3751 3920 3662 3659 3560 3537 3894 3803 3977 3600 3620 
4290 4322 3662 3997 3908 3776 3744 3434 4000 3663 3754 3738 3906 4120 3799 4284 4027 4148 3845 3885 4062 4104 4038 3705 3836 4336 3958 3804 4007 4096 3964 3813 4167 3762 3863 3972 3890 4248 3658 4216 3883 3578 3956 4097 4078 3557 3982 4152 4211 3925 3948 3546 4212 4236 4512 3576 3612 4104 4176 3998 4021 4168 3664 4294 4107 3622 3880 3793 4183 3705 4202 3983 4576 3523 4020 4052 3734 3919 4217 3656 4048 4003 4125 3882 3984 3887 4048 3828 3616 4080 4071 4051 3866 4209 3970 3982 4248 3996 4010 4067 3789 4268 4023 3850 4150 4227 3986 4079 4050 3658 3982 4007 3868 4036 3917 4046 3986 3479 4165 4184 3961 3892 3975 3932 3646 3723 4546 3999 4065 4009 4147 4147 4168 4218 3686 3967 3911 4008 3765 3814 3878 3768 4199 3720 4276 3740 4205 3975 3625 3859 4242 4097 4343 3984 3956 3732 4114 4162 4309 4159 3770 4058 3759 4078 4127 3980 4143 3881 4345 4135 3659 4317 3909 4405 4310 3695 3895 4257 3945 3996 3971 3561 3744 3748 3820 3728 3849 4108 3652 3920 4157 3846 3700 3769 3873 4104 4149 4326 3995 4109 
3725 3920 3551 3600 3701 3820 3655 3477 3811 3473 3635 3635 3368 3952 3706 4081 3785 3992 3585 3727 3798 3738 3806 3507 3849 3843 3994 3714 3934 3776 3923 3648 3991 3342 3673 3942 3612 3966 3588 3746 3743 3311 4080 3909 3741 3495 3932 3898 3759 3916 3745 3443 4005 3822 4156 3621 3538 3864 4022 3758 4034 3921 3618 4006 3867 3756 3609 3816 4008 3535 3886 3946 4063 3530 3645 3851 3727 3831 3850 3510 3865 3650 3937 3589 3502 3432 3624 3849 3615 3832 3742 3865 3776 4135 3900 3595 3685 3733 3661 3884 3764 3926 3599 3609 3813 3987 3967 4023 3932 3548 3812 3626 3733 3838 3713 3824 3791 3705 3988 3666 3941 3819 3801 4014 3576 3674 3889 3835 4202 3988 3820 4001 3814 3954 3727 3589 3578 3593 3655 3770 3930 3796 3948 3937 4027 3464 4233 3712 3447 3786 3909 4129 4119 3957 3624 3477 4168 3997 4141 3996 3779 3801 3682 3794 4025 3621 3830 4153 4054 3841 3540 3987 3583 4352 3881 3410 3628 4171 3778 3698 4109 3693 3634 3802 3881 3603 3674 3884 3421 3568 3777 3479 3669 3593 3610 3959 3947 4145 3667 3640 
4702 4660 4143 4363 4443 4184 4214 4135 4497 4296 4268 4334 4157 4776 4724 4717 4750 4943 4349 4284 4525 4710 4439 4339 4464 4948 4814 4435 4719 4268 4766 4272 4558 4024 4385 4452 4694 4712 4244 4587 4263 4210 4480 4761 4562 4181 4660 4655 4609 4801 4567 4061 4843 4923 4917 4106 4315 4586 4684 4226 4304 4435 4310 5050 4804 4366 4394 4412 4795 4043 4572 4750 4953 4046 4408 4583 4402 4400 4694 4075 4451 4415 4676 4333 4407 4177 4326 4728 4058 4459 4479 4807 4580 4831 4395 4583 4811 4355 4560 4240 4472 4893 4394 4150 4826 4632 4596 4810 4609 4491 4635 4449 4310 4363 4511 4485 4667 4290 4913 4860 4492 4428 4627 4536 4274 4394 4863 4692 4702 4857 4353 4732 4711 4673 4287 4302 4387 4611 4488 4520 4487 4074 4701 4472 4813 4035 4740 4372 4144 4411 4613 4733 5347 4686 4552 3990 4590 4421 5052 4739 4474 4480 4279 4383 4675 4469 4849 4589 4964 4844 4201 4824 4353 4778 4600 4182 4583 4927 4617 4304 4581 4333 4597 4377 4722 4408 4327 4271 4245 4326 5000 4372 4382 4417 4172 4476 4669 4999 4352 4504 
4237 4253 3943 4222 4255 3908 4128 3589 4109 3804 3963 3983 3817 4486 4219 4410 4174 4464 3896 4246 4150 4029 4238 3776 3977 4267 4071 3963 4339 4356 4300 3822 4236 3971 4069 4311 4277 4296 4092 4256 3932 3908 4294 4154 4290 3814 4155 4413 4358 4307 4273 3851 4163 4166 4845 3707 3807 4314 4412 4367 3985 4447 3673 4564 4273 4166 4109 3973 4210 3913 4265 4429 4562 3718 4046 4214 4091 4374 4144 3856 4142 4010 4231 4046 3822 3954 4177 4261 3769 4196 4151 4386 3976 4559 4100 4138 4202 4286 4051 4268 3959 4311 4061 3912 4261 4432 4309 4306 3971 4044 4087 4047 4056 3998 4269 4105 4152 3654 4265 4502 4183 3983 4136 4057 3961 3820 4443 4163 4485 4263 3944 4354 4126 4301 4058 4042 4075 4188 3806 4234 4110 3847 4184 4209 4498 3726 4413 3925 3816 4093 4380 4626 4771 4142 4209 3989 4303 4391 4539 4343 3951 4287 4201 4125 4380 3917 4500 4287 4069 4426 3974 4474 4121 4588 4485 3889 4124 4178 4166 3883 4230 3949 4026 3932 4208 4059 3880 4346 3796 3992 4263 3895 3994 3827 3878 4085 4326 4611 4049 4048 
4153 4084 3893 3990 4080 3931 3865 3795 4230 3683 4074 4067 3983 4311 4252 4200 4112 4566 4004 4031 4062 4250 4147 4083 4042 4588 4130 3791 4302 3961 4204 3946 4161 3693 4035 4226 4071 4227 3880 4126 3766 4030 4176 3989 4197 3669 4036 4092 4237 4204 3848 3626 4329 4224 4379 3835 3886 4215 4092 4033 4032 4386 3714 4417 4351 4128 3951 3982 4073 3873 4257 4147 4634 3829 4033 4044 3917 4076 4194 3913 4221 4193 4171 3747 3877 4056 4026 4149 3873 4203 4177 4139 4047 4357 4063 4300 4329 4107 3968 4036 3849 4205 3762 3819 4197 4155 4096 4071 4151 4025 4193 4004 3877 3872 4047 3945 4252 3894 4183 4203 3871 3949 4128 3966 3814 3938 4237 4004 4190 4071 4116 4279 4201 4394 3788 3957 4089 4069 3537 3978 4160 4010 4405 3952 4550 3586 4116 3863 3714 4000 4314 4252 4513 3822 4184 3955 4124 3989 4544 3946 4212 4103 3999 3892 4064 3993 4282 3963 4310 4318 3829 4313 4099 4267 4221 3973 4064 4288 4152 3598 4301 3956 4094 3966 4346 3917 3775 4030 3693 3993 4256 3686 3944 3979 3965 4005 4091 4471 3840 4050 
3832 3853 3564 3864 3969 3553 3874 3506 4065 3772 3743 3711 3566 4006 3649 4123 3964 4273 3756 3552 4118 3965 3764 3665 4001 4063 3839 3745 4441 3886 4178 3599 3830 3560 3910 4039 3986 4142 3674 3830 3447 3430 3904 3966 3958 3564 3861 4132 4060 3919 3548 3548 3892 3986 4216 3389 3500 4039 4074 4065 3850 4104 3554 4292 3963 3743 3799 3733 3801 3513 3908 4041 4320 3479 3775 3993 3659 3935 4064 3643 3833 3969 4201 3666 3863 3666 3985 3792 3622 3745 3854 4078 3737 4032 3890 3933 4007 4020 3824 3748 3738 4242 3819 3755 3957 3974 4077 3902 4059 3926 3973 3875 3925 3879 3813 3484 3907 3393 4133 4122 3936 3908 3654 3849 3650 3682 4364 3841 4128 3957 3706 4100 3795 4071 3819 3613 3832 3881 3762 4020 3877 3852 3761 3696 4180 3420 4051 3610 3609 3818 4203 4166 4456 4067 3802 3785 4015 3933 4261 4029 3787 3890 3926 3880 3850 3805 3987 3841 3940 3875 3792 4104 3710 4349 3911 3635 3694 3953 3930 3677 4014 3697 3768 3850 3904 3832 3719 3863 3728 3685 3889 3759 3921 3780 3626 3929 3896 4165 3719 3974 
4212 3974 3869 4028 3960 4019 3965 3872 4397 4062 3963 3969 3728 4313 4132 4304 3970 4358 3999 3951 4057 4088 4006 3900 4183 4191 4202 4119 4375 4136 4117 3911 4036 3571 3930 4076 4330 4545 3977 4213 4023 3638 4144 4323 4113 3640 4190 4323 4093 4165 4181 3622 4570 4454 4478 3855 3779 4220 4390 3957 4381 4385 3901 4399 4159 4013 4260 3978 4115 3977 4111 4189 4538 3590 3825 4117 3990 4049 4135 4035 4482 4182 4183 3994 3872 3950 4177 4214 3790 3925 4078 4400 4121 4266 3818 4298 4332 4000 4170 4099 4057 4351 3967 3809 4148 4165 4315 4271 4049 4155 4473 3977 4031 3997 3839 3929 4263 3912 4177 4336 4288 4071 4256 3931 3907 4032 4180 4174 4658 4179 4195 4424 4420 4197 3855 4088 4049 4054 4147 4069 4229 3826 4390 4301 4394 3781 4457 4106 3776 4029 4232 4521 4731 3993 4034 3941 4334 4056 4498 4161 3842 4166 3898 4240 4146 3967 4087 4000 4397 4445 3988 4202 4046 4617 4260 3932 4138 4570 4349 3718 4423 3669 4067 3975 4456 3995 3773 4032 3977 4125 4240 3862 4035 3796 4086 4132 4257 4601 3991 3830 
4132 4140 3645 4133 3773 3815 3693 3635 3929 3899 3972 3877 3699 4321 3944 4129 4086 4220 3904 3658 4053 4196 4024 3624 4046 4223 4077 3815 4244 4069 4068 3690 4108 3856 3777 3855 4115 4233 3916 3949 3748 3585 4054 4103 3916 3592 4071 4132 4092 3894 4074 3500 4068 4161 4449 3695 3751 4074 4196 3671 3929 4188 3676 4360 4089 4022 4004 3662 3962 3444 4135 4166 4188 3487 3959 4113 3839 3866 4139 3910 4284 4090 4130 3761 3687 3945 3789 3942 3585 4137 3954 3858 3839 4281 4080 4256 3848 3821 3983 3804 3865 4296 3686 3612 3997 4235 4004 4034 4156 3891 4208 3864 3848 3831 3879 3821 4014 3509 3999 4111 3904 3932 3863 3838 3795 3997 4341 3918 4137 3772 3883 4221 4045 4433 3618 3780 3999 3931 4009 4064 4056 3732 4159 3873 4202 3477 3946 3823 3706 3894 4166 4124 4394 3752 3941 3702 4113 3922 4312 4093 3798 4032 3938 3900 4104 3925 4173 3803 4196 4136 3893 4258 3908 4157 4095 3674 3869 4223 3929 3742 4184 3745 3909 4072 4040 4113 3842 3961 3685 3812 4376 3977 3931 3737 3744 3852 4110 4244 3845 4130 
3962 4084 3879 3658 3822 3662 3673 3615 4010 3620 3736 3818 3737 4136 4027 4113 4047 4154 3674 4004 3814 4042 3729 3528 3804 4319 4049 3695 4266 3932 4158 3787 3876 3398 3883 3847 3918 4060 3932 4218 3725 3572 4052 3938 4216 3626 4057 4095 4058 3968 3882 3502 4014 4182 4505 3883 3527 4107 4310 3903 4002 4056 3767 4314 4224 3969 3608 4112 3717 3558 3821 4037 4403 3724 3927 4006 4112 4136 4414 3881 4288 4033 4120 3921 3864 3779 3800 3975 3442 3844 3986 4082 4006 4289 4052 3828 4208 3886 3860 3961 3875 4270 3882 3702 3974 4051 4129 4187 4157 3896 4185 3908 4005 3943 4147 3954 3909 3746 4069 4181 3883 3886 4020 3849 3676 3790 4221 3846 3950 4022 3714 4021 4056 4121 3616 3969 3941 3921 3898 4068 3980 3865 4265 4078 3920 3535 4161 3933 3533 3785 4162 4223 4427 4000 4062 3486 4091 4146 4143 4073 4071 3859 3963 3748 4155 3871 3997 4127 4210 4085 3682 3984 3908 4082 3975 3648 4205 4376 4184 3972 3925 3893 3915 3917 4094 3757 3805 3988 3677 3804 4363 3708 3905 3797 3624 4007 4068 4119 3813 3867 
4276 4112 4058 4161 4073 4086 3909 4018 4361 3920 3856 3763 3845 4704 4233 4423 4157 4415 3801 4066 4138 4048 4269 3803 3895 4642 4127 4060 4484 4111 4321 3923 4050 3755 3965 4130 4106 4583 3929 4311 3840 3853 4365 4251 4167 3826 3981 4243 4342 4220 4090 3721 4361 4235 4445 3770 3898 4172 4212 4015 4033 4242 3795 4656 4280 4007 3910 4160 4119 3745 4280 4353 4512 3643 4113 4155 3979 4123 3995 4078 4164 4211 4337 3866 4068 4065 4100 4144 3650 4269 4156 4477 4098 4221 4118 4215 4183 4003 3983 4105 4086 4449 4019 3878 4230 4292 4248 4338 4216 3957 4052 4113 4160 3785 4123 3983 4233 3712 4335 4281 4192 4062 3958 4021 3955 3984 4485 4132 4432 4246 3770 4166 4161 4415 3867 4008 3996 4046 4108 4203 4083 3872 4202 3930 4435 3931 4412 3932 3733 4172 4196 4265 4636 4050 4048 3904 4239 4196 4371 4405 4345 3929 3853 3960 4086 4007 4122 4213 4366 4285 3907 4259 4127 4342 4097 3734 4035 4463 4346 3992 4293 4094 4068 3915 4346 4006 3837 3999 4033 3842 4381 4171 4017 3852 3798 3944 4056 4378 4089 3737 
4257 4117 3628 4178 4051 3778 3836 3769 4101 3924 3894 3886 3657 4159 4023 4351 3840 4261 3917 4108 3856 4377 4227 3935 4021 4354 3972 3683 4197 3996 4086 3645 4239 3614 3840 4041 4262 4381 4082 4118 3642 3514 3950 3959 3911 3697 3979 3989 4335 3970 3990 3754 4261 4293 4669 3784 3706 4358 4363 4126 4026 4146 3859 4446 4163 3861 3990 3849 4110 3774 4179 4318 4418 3547 3818 4130 3787 3974 4246 3814 4199 4184 4196 3940 3743 4040 4007 3966 3750 4027 3937 4168 4013 4328 3940 4189 4072 3747 3984 4043 3736 4255 3989 3869 4106 4388 4230 4216 4309 3842 4082 3993 3921 3808 4088 3964 4099 3610 4153 4253 4166 3975 4041 3763 3834 3819 4199 3869 4070 4077 4157 4258 4191 4281 3813 4036 4250 4013 3944 4132 3982 3885 4127 3967 4366 3618 4266 4039 3756 3914 4157 4418 4258 3961 4069 3859 4235 4097 4318 4156 3942 4183 4016 3932 3995 4002 4126 3963 4102 4257 4091 4244 4034 4396 4219 3656 4046 4187 4088 3946 4470 3804 3678 3887 4271 3915 3883 4125 3882 3904 4333 3809 3829 3908 3848 4191 4059 4311 3893 3951 
4309 4108 3789 3881 4322 3951 3790 3989 4099 3928 4133 4105 4064 4524 4221 4279 4231 4791 4143 4360 4096 4254 4249 3965 4180 4690 4304 3950 4562 4050 4296 4242 4314 3637 4236 4239 4077 4357 4054 4405 4048 3899 4364 4288 4545 3979 4346 4406 4333 4170 4124 3957 4438 4549 4756 3679 3687 4396 4358 4055 4041 4426 4109 4704 4222 4056 4004 4036 4113 3995 4408 4498 4655 3946 4439 4366 4025 4224 4310 4227 4640 4420 4057 4018 4254 4232 3984 4188 3904 4229 4324 4157 4035 4033 4357 4285 4357 4120 4202 3964 4171 4428 4244 4033 4578 4456 4296 4336 4326 4117 4169 3931 4213 4276 4231 3966 4359 3752 4294 4303 4123 4107 3963 4389 4144 4079 4335 4075 4251 4493 4119 4300 4278 4596 3816 4206 4031 4211 4067 4280 4321 4014 4451 4160 4724 3611 4191 4113 3700 4322 4238 4375 4630 4049 4431 3860 4165 4288 4718 4522 4337 4137 4000 4194 4295 4089 4432 4318 4553 4344 4067 4300 4099 4733 4418 4013 4073 4424 4246 4013 4338 4258 4094 3933 4597 4310 3998 4010 3976 4255 4460 4124 4194 4151 3978 4293 4410 4467 4231 4115 
4336 3922 3752 4043 4069 4095 3854 3886 3894 3783 4082 3810 3734 4584 4017 4151 4304 4378 4035 4051 4075 4320 4318 3850 4106 4357 4038 3813 4418 4146 4078 3860 4128 3612 3945 4117 4064 4109 3877 4207 3740 3674 4321 4116 4062 3563 4352 3925 4250 3968 3903 3723 3929 4407 4421 3928 3942 4148 4268 3955 4072 4303 3864 4377 4240 4033 3897 4035 3925 3806 4255 4057 4363 3812 3930 4367 3803 4051 4410 3972 4365 4405 4381 3983 4096 4136 3908 4201 3666 4267 4074 4004 4254 4446 4118 4108 4167 3872 3875 4132 3860 4306 4027 3696 3937 4209 4280 4278 4026 3990 4406 4084 3688 4068 4068 3991 4151 3819 4102 4238 4024 3879 4199 4099 3791 4001 4074 4007 4254 4045 3845 4223 4153 4359 3875 3838 3977 3916 3983 4030 4135 3981 4291 4113 4342 3684 4280 3930 3531 4116 4442 4447 4720 3908 3968 3876 4297 4095 4483 4012 3857 4058 3923 3949 4018 3938 4045 4182 4344 4122 3958 3996 3932 4166 4150 4127 4135 4474 4471 3768 4213 3943 3984 3999 4149 3883 3970 3928 3602 3928 4066 3842 3974 4136 4057 3957 4234 4522 3852 4093 
4499 4462 3938 3870 4314 4121 4131 3964 4345 4154 4129 4060 4027 4619 4407 4403 4412 4740 4012 4227 4196 4293 4381 4030 4287 4399 4374 4225 4633 4148 4572 4123 4235 3881 4146 4326 4350 4602 4002 4117 3961 3798 4426 4405 4327 3575 4080 4349 4372 4254 4118 3921 4521 4550 4645 4033 3932 4420 4688 4359 4372 4610 4172 4783 4263 4379 4343 4099 4150 4061 4494 4399 4635 3905 4281 4487 4081 4147 4567 4127 4305 4270 4462 4141 4327 4203 3984 4423 3969 4168 4313 4096 4279 4832 4351 4549 4496 4323 4124 4119 4216 4567 4188 4036 4543 4565 4440 4280 4314 4053 4408 4170 4076 4100 4212 4196 4317 3871 4452 4272 4202 4253 4332 4303 4136 4064 4527 4420 4264 4423 4365 4422 4454 4510 4058 4187 4275 4056 4253 4327 4203 4347 4717 4394 5005 4019 4597 4168 3926 4381 4602 4608 4811 4192 4479 3925 4411 4355 4625 4398 4106 4278 4006 4186 4634 4012 4458 4369 4725 4574 4059 4174 4273 4493 4470 3892 4146 4615 4583 4152 4553 4025 3974 3958 4494 4407 3979 4219 3751 4182 4388 3974 4249 4142 3775 4260 4568 4730 4056 4145 
4309 4195 3966 3932 4113 3801 3909 3781 4176 3866 3994 3917 3917 4416 4165 4224 4183 4573 3781 4193 4076 4113 4287 4209 4048 4391 4180 3920 4452 4174 4538 4155 4330 3738 4044 4369 4127 4536 3968 4177 4039 3826 4234 4064 4082 3710 4001 4210 4365 3982 3914 4049 4539 4527 4847 3941 3845 4517 4256 4144 4158 4351 3748 4449 4389 4071 4081 4187 4150 4045 4113 4247 4646 3904 4079 4274 4040 4096 4294 4052 4222 4514 4201 3836 4093 4249 4264 4009 3734 4178 4005 4341 4245 4406 3888 4358 4392 4094 4098 4077 3949 4387 4020 4088 4214 4360 4307 4259 4147 4082 4313 3928 4089 3848 4173 4131 4190 3496 4279 4234 4152 4013 4096 4011 3906 3792 4595 3977 4359 4223 3863 4235 4384 4315 3939 4012 4237 3988 4038 4251 3979 3997 4257 4016 4395 3754 4411 4076 3681 4063 4280 4392 4798 3892 4252 3849 4274 4112 4528 4235 4242 4132 3887 4049 4166 3975 4152 4235 4519 4425 3949 4126 4067 4485 4359 4044 4192 4562 4293 3925 4199 4298 4105 4007 4465 4142 4050 3951 3792 3844 4467 4029 3844 4096 3887 4141 4371 4561 3810 4027 
4125 4207 3849 4113 3975 3946 3924 3715 3897 3850 3871 3936 3917 4485 4231 4281 4180 4518 4032 4095 4273 4108 4319 3823 4041 4356 4200 3802 4503 3896 4480 3921 4449 3707 3963 4298 4078 4332 3874 4177 3787 3589 4349 4271 4178 3748 4271 4198 4341 4151 3870 3724 4297 4271 4584 4094 3770 4189 4207 4046 4220 4328 3777 4342 4190 4172 4000 4030 4105 3843 4234 4234 4241 3951 3972 4259 4146 4110 4381 4025 4182 4308 4198 3885 3773 3806 4113 4031 3785 4440 4171 4261 4067 4615 4224 4112 4186 4067 4109 4052 4046 4517 3996 3745 4087 4347 4533 4246 4016 4000 4291 4123 4020 4128 3979 4265 4195 3849 4159 4360 3997 4129 4062 4405 3909 4009 4211 3890 4427 4229 3840 4325 4032 4532 3714 3947 3987 3867 3932 4203 4194 4129 4332 4019 4435 3670 4355 4009 3423 4129 4462 4344 4922 4078 4120 3715 4264 4188 4413 3997 4075 4171 4102 3871 4213 3816 4135 4138 4420 4208 3829 4231 3994 4379 4303 4033 4156 4358 4235 3885 4304 3747 4073 4117 4285 4324 3816 4292 3630 3891 4527 3965 4030 3858 3915 4144 4205 4464 3958 4010 
4308 4342 3930 4045 4235 3824 4058 3699 4099 3875 3839 4034 4050 4477 4196 4545 4263 4547 4128 4045 4242 4292 4054 3913 4093 4303 4427 3951 4577 4196 4512 4007 4402 3643 4091 4178 4187 4412 3987 4278 4150 3773 4474 4277 4306 3759 4217 4277 4351 4262 4161 3651 4163 4628 4726 4099 3900 4400 4533 4237 4239 4274 3923 4652 4490 4108 3905 3980 4345 3828 4288 4247 4604 3919 4305 4332 4172 4309 4195 4022 4300 4466 4488 4098 4170 4051 4130 4289 4044 4296 4128 4233 4166 4678 4319 4137 4228 4213 4143 4243 4173 4309 3988 3798 4204 4456 4293 4409 4332 4062 4356 4088 4054 4068 4098 4194 4210 4018 4186 4131 4270 4120 4228 4098 3780 4135 4489 3962 4443 4099 4055 4413 4154 4440 4008 4139 4184 4171 3823 4147 4373 4190 4423 4152 4410 3699 4430 4008 3916 4018 4395 4503 4569 3922 4225 3835 4325 4178 4413 4203 4004 4284 4131 4125 4327 4235 4267 4338 4518 4413 3967 4331 4105 4841 4301 3770 4097 4738 4284 3923 4411 3785 4135 4137 4205 4030 4009 4202 3832 3819 4655 4044 4184 3866 4137 4085 3985 4610 3972 4030 
4121 4162 3530 3661 3680 3672 3844 3355 3612 3756 3786 3805 3583 4101 3635 4095 3980 4187 3728 3627 3881 4032 3803 3432 4022 4238 3851 3649 3985 3777 4100 3736 3801 3537 3805 3835 4017 3789 3715 3810 3532 3542 3844 3818 3802 3494 3960 4036 3982 3883 3706 3536 4008 4187 4289 3551 3598 4207 4048 3819 3737 4128 3562 4431 3932 3766 3443 3619 3954 3547 4002 3982 4104 3327 3648 3980 3657 3688 3960 3668 4059 3965 3994 3612 3911 3733 3726 3822 3428 3527 3841 3933 3826 4079 3813 3806 3864 3947 3744 3652 3710 4092 3784 3799 4179 4155 4027 3955 3983 3720 4024 3740 3787 3805 3799 3964 3734 3557 3902 4225 3859 3705 3681 3851 3722 3646 4149 3885 3998 3876 3775 3944 4070 4248 3533 3874 3756 3816 3919 4017 3908 3903 4008 3963 4061 3367 3850 3670 3472 3942 3994 4167 4253 3944 3854 3695 3969 3896 4050 4155 3589 3781 3668 3894 3979 3648 3956 4006 4239 4024 3667 4002 3850 3974 4066 3735 3781 3977 4057 3662 3930 3639 3714 3722 4112 3656 3502 3850 3565 3670 3888 3569 3822 3741 3598 3912 3959 3969 3895 3918 
4344 4026 3755 3760 4079 3979 3962 3416 4060 3862 3942 3868 3734 4381 3899 4058 3978 4386 3823 3860 3749 4084 3764 3843 3940 4235 3956 3973 4149 4053 4172 3871 4151 3673 3937 4047 3943 4123 3752 4049 4001 3731 4081 4106 4110 3557 4156 4045 4171 4175 3939 3606 4076 4280 4557 3698 3810 4321 4213 4010 4024 4146 3708 4371 3928 4044 4036 4023 3958 3663 4162 4320 4230 3544 3922 4072 3902 3876 4246 3789 4114 3987 4009 3614 3950 3978 4006 4044 3594 4255 4012 4111 3897 4207 3968 4105 4133 3971 3961 4085 4029 4374 3675 3948 4064 4140 4027 4085 3772 3894 4339 4081 3865 4043 3895 3940 4155 3697 4093 4080 4048 3851 4129 3820 3642 3991 4103 3952 4113 4086 3874 4166 4037 4253 3718 4218 3923 3992 3742 3956 4208 3726 4332 3948 4314 3698 4209 4019 3567 3903 4358 4141 4628 3946 4164 3821 4023 4159 4328 3988 3840 3928 3824 3869 4261 3879 4164 4042 4403 4187 3750 4166 3714 4265 4278 3857 4276 4148 4030 3527 4099 3889 4024 3936 4311 4031 3752 4274 3692 3851 4275 3715 4096 3803 3737 3897 4157 4398 3805 3837 
4398 4294 3903 4075 4210 3931 3991 3956 4206 3950 3925 4361 4109 4328 4335 4461 4245 4565 3943 3876 4181 3990 4211 4131 3883 4337 4314 3868 4381 4011 4585 3884 4191 3739 4097 4079 4064 4628 4061 4207 3907 3801 4199 4043 4231 3726 4335 4135 4308 4019 4109 3554 4456 4468 4695 3820 3776 4418 4374 4054 3937 4347 3831 4621 4362 4359 4071 3913 4099 3928 4309 4239 4460 3895 4130 4324 4016 3962 4267 4008 4209 4157 4258 4074 4227 3753 4126 4237 3692 4425 4297 4461 3964 4587 4486 4051 4268 4273 4022 4175 3952 4385 4121 4110 4444 4287 4270 4682 4350 3964 4330 4135 4223 4048 4319 4352 4232 3873 4338 4334 4329 4229 4025 4179 3745 4039 4612 4045 4400 4363 4143 4347 4343 4528 3927 4182 4167 4191 3830 4238 4174 4140 4483 4244 4684 3746 4554 3994 3910 4087 4283 4430 4730 3931 4183 3920 4453 4473 4629 4192 4180 4268 4108 4053 4444 4011 4372 4320 4521 4327 3808 4437 4259 4732 4383 3985 4294 4473 4301 3894 4386 4066 3998 3879 4269 4153 3917 4029 4005 4111 4358 4054 4130 4032 3949 4413 4102 4688 3847 4197 
4283 4143 3827 3878 3966 3977 3832 3655 3973 3687 3927 3885 3828 4290 4135 4251 4119 4351 4001 3749 3950 3950 4203 3649 3785 4227 4198 3931 4052 3961 4429 3938 4110 3570 3769 3936 4015 4267 4099 3970 3760 3633 4097 4132 4144 3392 4031 4098 4041 4043 4113 3745 4105 4376 4740 3710 3685 4072 4005 3925 4023 4215 3814 4293 4118 4153 3985 4048 4134 3929 4184 4035 4237 3575 3736 4266 4160 4069 4287 3809 4084 4134 3949 3976 4051 3926 4033 4205 3822 3994 4100 4003 3781 4429 3858 4042 4245 3917 4000 4016 4045 4572 4015 3952 4164 3877 4252 4255 4125 3898 4264 3839 3865 4134 3988 4088 3995 3763 4269 4230 4124 4030 4308 4170 3995 3844 4014 4026 4130 4284 3825 4240 4192 4281 3772 3901 3961 4109 3812 4054 4111 3952 4545 4101 4258 3613 4262 4064 3549 4015 4407 4291 4509 4089 4130 3695 4200 4156 4428 3991 3751 4084 4044 3972 4216 3857 4184 3851 4225 4146 3854 4001 3844 4248 4124 4024 4112 4283 4232 3786 4094 3710 3818 3802 4239 3993 3721 4143 3751 3897 4092 3919 3970 3784 3688 3973 4207 4558 3873 4056 
4367 4288 3921 3896 4128 3943 4048 3986 4114 3702 4011 3936 3794 4430 4216 4283 4242 4389 3944 4120 4160 4464 4115 3926 3980 4695 4137 4093 4448 4054 4212 3863 3990 3544 4054 4284 4181 4349 3969 4190 3979 3863 4256 4111 4112 3725 4106 4292 4397 4199 4223 4032 4435 4524 4568 3828 4036 4204 4169 4259 4325 4158 3981 4738 4486 3842 4002 3976 4373 3762 4228 4301 4637 3756 3961 4205 4028 4228 4304 4010 4238 4246 4500 3908 4164 4043 4099 4174 3855 4260 3920 4214 4181 4374 4192 4086 3983 4329 4218 4219 4074 4241 4108 3779 4231 4156 4122 4115 4454 3874 4412 4154 4003 4052 4424 4163 4247 3822 4582 4431 4245 4004 4177 4091 4015 3839 4166 4156 4264 4191 4000 4656 4407 4388 4121 4051 4083 4234 4032 4124 4097 4153 4375 4169 4319 3722 4400 4074 4042 4030 4415 4497 4556 4136 4141 3979 4270 4152 4424 4364 4155 4159 4037 3917 4307 4228 4344 4057 4299 4372 3966 4467 4127 4663 4368 3720 3988 4432 4469 4142 4323 3938 3910 4078 4253 3996 4118 4083 3841 4080 4252 4015 4122 4157 3957 4258 4280 4623 4032 4231 
4177 4257 3673 3811 4055 3582 3947 3560 4243 3887 3805 3966 3850 4620 4153 4081 4094 4487 3851 3930 4168 4043 4114 3848 3919 4403 4229 3912 4356 3812 4359 3845 4262 3532 4052 4024 4024 4292 3925 3888 3934 3812 4228 4139 4075 3786 4272 4238 4179 4229 3957 3720 4249 4122 4706 3839 3606 4385 4075 4126 4151 4362 3650 4553 4102 3797 3807 4064 4166 3883 4008 4164 4379 3750 3985 4218 4000 3967 4345 4035 4043 4345 4202 3680 3985 4057 3655 3998 3904 4044 3954 4083 3996 4247 3938 3968 4128 3951 3999 3817 4050 4442 3942 3691 4292 4254 4118 4141 4160 3925 4104 3956 3981 4066 3980 4052 4178 3781 4187 4228 4043 3871 3856 4057 3815 3854 4212 3828 4230 4168 3842 4242 4170 4431 3786 4038 3926 3953 4147 4032 4262 4049 4299 3959 4271 3733 3988 4003 3549 4061 4127 4201 4467 4173 4160 3983 4154 4144 4291 3904 4043 3798 3832 3942 4107 3850 4242 4064 4309 4429 3938 4258 4044 4256 4299 3835 3946 4213 4194 4080 4229 3800 3987 3968 4252 4028 3968 4196 3677 3740 4291 3687 4037 3933 3916 4087 4127 4162 3937 4135 
4179 4065 3614 4060 3962 3670 3715 3815 3793 3869 3928 3992 3707 4202 4323 4356 3957 4266 3967 4060 3948 3970 3966 3719 3846 4384 4032 3817 4304 3906 4203 3699 4069 3640 3922 3815 4217 4197 3939 4163 3670 3550 3981 3958 3991 3552 3837 3990 4097 4041 4008 3791 4377 4407 4636 3793 3679 4294 4253 3680 3969 4082 3980 4338 3935 4035 3986 3801 3870 3695 3952 4089 4359 3418 3965 4175 3720 3948 4055 3600 4168 4159 4174 3643 3985 3835 3835 4028 3773 3934 4154 4158 3807 4334 3878 3941 4034 3856 3947 3954 3801 4213 4049 3558 4124 4020 4282 4216 4076 3964 4042 3910 3836 3991 4112 4027 4030 3437 4195 4039 4146 4031 3930 3964 3739 3902 4216 4060 4054 4191 3832 4395 3969 4227 3576 4002 4011 4030 3970 4162 4062 3562 4075 4057 4254 3434 4305 3833 3541 3782 4116 4156 4548 3837 3988 3687 4162 4260 4143 4077 3945 3831 3990 3726 4007 3963 4244 3975 4082 4272 3819 4362 3736 4360 4282 3911 4055 4258 4105 3896 4209 3619 3984 3825 4174 3676 3717 4141 3623 3719 4408 3880 3967 3889 3620 3972 4175 4424 3754 4110 
3970 3918 3449 3686 3824 3638 3635 3494 3846 3477 3739 3799 3595 4279 3807 3999 4079 4071 3795 3892 3894 3887 3846 3726 3836 4199 4010 3691 4102 3628 4093 3637 3779 3529 3760 3917 3839 4203 3824 4012 3427 3529 3955 4043 3910 3589 3944 3817 4135 3989 3672 3604 4101 4119 4379 3806 3576 3975 4013 4186 3979 3957 3428 4341 3756 3723 3664 3589 3932 3566 3958 3871 4162 3381 3630 3943 3798 3724 4048 3691 4014 4011 3756 3628 3577 3640 3892 3906 3574 3972 3834 4057 3651 4323 3757 3865 3837 3860 3811 3942 3646 4102 3737 3682 4123 3769 3931 4125 3899 3719 3782 3730 3931 3819 3690 3889 3852 3546 4146 3805 3825 3602 3849 3851 3684 3574 4053 3854 3883 3808 3597 4070 3893 4096 3483 3786 3644 3830 3747 3918 3750 3771 4041 3802 3993 3349 4091 3611 3371 3689 4005 4123 4286 3621 4084 3627 3761 3800 4190 3859 3848 3893 3679 3852 3940 3848 3919 3947 4008 4182 3858 4055 3823 4182 3928 3492 3746 3938 4007 3624 3883 3725 3743 3864 4021 3931 3659 4099 3704 3662 4201 3527 3604 3605 3755 3901 3830 4051 3894 3844 
4461 4224 3786 3897 4179 3898 3884 3729 4110 3967 4091 4211 3942 4582 4126 4208 4469 4630 4097 4150 4117 4306 4243 3918 3905 4347 4216 3840 4478 3985 4249 4217 4225 3680 4189 4210 4097 4284 4136 4138 3972 3833 4102 4303 4121 3917 4252 4047 4488 4147 3975 3729 4215 4417 4748 4071 3948 4299 4344 4242 4194 4346 3684 4662 4374 4080 4030 3943 4204 3880 4356 4302 4542 3609 3898 4315 4127 4238 4410 4227 4142 4250 4098 3868 3894 4245 4136 4146 3893 4080 4071 4246 4144 4527 4156 4090 4131 3897 4247 4053 3970 4344 3880 3863 4382 4349 4316 4393 4154 4240 4115 4026 4214 3902 4053 3877 4242 3665 4139 4289 4086 4174 4083 3855 3818 4224 4481 4145 4205 4295 3815 4319 4104 4470 3901 4165 3904 3958 4062 4305 4244 4024 4455 4204 4229 3732 4178 4017 3593 4102 4229 4253 4625 3875 4238 3934 4307 4162 4320 4400 4179 4064 3921 4307 4202 4054 4084 4194 4330 4205 4174 4390 4054 4329 4053 3931 4220 4494 4302 3795 4055 4055 3816 4193 4389 4373 3941 4097 3876 4050 4266 4069 4111 4164 3842 3933 4037 4430 4134 4130 
3835 4013 3295 3538 3793 3655 3591 3254 3656 3515 3848 3759 3520 4171 3904 3923 3961 4072 3610 3623 3902 3435 3860 3584 3503 4043 3915 3745 4078 3566 3866 3550 3611 3443 3720 3576 3560 4026 3831 3811 3508 3287 3918 3901 3723 3520 3879 3675 3837 3706 3681 3286 3921 3760 3983 3665 3640 3932 4036 3562 3733 3993 3545 4297 3811 3612 3655 3599 3719 3619 3880 3790 4041 3360 3602 3886 3629 3685 3875 3572 3560 3571 3933 3444 3622 3729 3881 3742 3504 3869 3846 3772 3801 4014 3489 3665 4090 3597 3706 3730 3658 4156 3697 3355 4007 3904 3807 4101 3987 3854 3892 3633 3669 3673 3510 3835 3607 3540 3953 3657 3660 3698 3648 3909 3514 3711 3969 3784 3772 3972 3608 3670 3667 4147 3373 3641 3434 3739 3688 3829 3702 3581 3896 3542 4104 3295 3912 3570 3241 3946 4062 4018 4169 3621 3834 3319 3874 3849 4056 3969 3790 3804 3676 3596 3920 3567 3890 3749 3950 3645 3501 4005 3562 4061 3864 3571 3813 4054 4029 3618 4126 3573 3636 3539 4122 3561 3486 3946 3530 3725 3998 3339 3633 3394 3404 3720 3946 4055 3529 3787 
4166 3970 3745 3729 4134 3750 3837 3639 3982 3828 3997 4021 3588 4244 4173 4160 4019 4326 3810 3875 3909 4168 3986 3868 3887 4214 4077 3984 4320 3998 4216 3934 4082 3353 3933 4048 4091 4127 3743 3962 3576 3523 4070 4127 4089 3650 4035 4062 4399 4134 3798 3803 3988 4354 4455 3646 3700 4127 3966 4129 4301 4052 3497 4338 4074 3711 3921 3882 4123 3670 4053 3964 4217 3606 3867 3907 3872 4088 4170 4057 4126 4162 4328 3975 3896 3891 4024 4147 3697 4273 3954 4180 4029 4350 4135 3879 3975 3877 3994 4045 3838 4346 3862 3826 4014 4298 4176 4092 4107 3908 4173 3964 3986 3888 3916 3994 4081 3803 4141 4290 4048 3962 4074 3945 3637 3803 4324 3916 4393 4139 3954 4253 4035 4149 3905 3871 3948 3942 3935 3952 3975 3908 4040 3963 4203 3525 4077 3771 3797 3919 4259 4338 4400 3934 3894 3810 4241 4068 4373 4056 3960 3938 3910 3847 4136 3908 4157 3887 4080 4097 3943 4022 3964 4389 4059 3844 3713 4360 3956 3922 4172 3816 3621 3902 4336 3890 3914 4193 3782 3858 4070 3657 3846 3768 3848 3822 4032 4248 3891 3792 
4205 3726 3791 3892 3849 3636 3849 3827 3675 3664 3598 3882 3811 4300 4096 4045 3990 4252 3896 3986 4105 3827 3958 3642 3634 4234 3945 3701 4326 3821 4056 3831 3962 3421 3646 3740 3983 4279 3863 3842 3632 3511 3991 4127 4037 3397 4063 4035 4265 3838 4138 3346 3978 4036 4268 3455 3775 3727 4025 3937 3972 4034 3731 4396 3841 3751 3774 3727 3846 3551 3775 4162 4339 3735 3972 4135 3684 3820 3960 3934 4243 3875 4113 3829 3920 4016 3889 3899 3473 4203 3815 4069 3956 4319 3874 4062 3927 3853 3857 3615 3684 3981 3702 3519 3914 4214 4092 4029 3908 3806 4061 3751 3830 3665 4137 3948 4242 3531 4006 3981 3951 3783 3866 3866 3636 3945 3907 3614 4130 3770 3691 4090 3968 4204 3459 4044 3854 3935 3746 4154 3889 3678 4253 3760 4352 3554 3940 3964 3625 3865 4129 4076 4399 3761 3988 3844 4072 3893 4084 3953 4024 3736 3673 3836 3969 3540 3948 3931 4062 3813 3643 4185 4059 4327 3896 3697 3864 4072 4043 3686 3800 3824 3927 3808 4178 4111 3863 3726 3660 3804 4228 3775 3998 3773 3792 3873 3887 4193 3761 3900 
4068 4066 3557 3759 3971 3679 3903 3626 3996 3647 3879 3631 3752 4329 3804 4190 4017 4083 3796 3806 3833 3866 3853 3607 3871 4230 3836 3851 4218 3892 4110 3903 3829 3603 3798 3971 3979 4075 3948 4005 3518 3609 3900 3975 3874 3430 3959 4210 4076 3901 3872 3607 4028 3987 4324 3617 3748 4056 4127 3893 3843 4206 3557 4276 4090 3899 3742 3821 3809 3745 4024 3911 4361 3527 3773 4269 3720 3961 4063 3666 4175 3907 4088 3701 3875 3825 3929 3891 3481 3974 3779 4074 3772 4216 3932 3605 3866 4159 4014 3969 3724 4198 3772 3725 4036 4143 4082 4033 3813 3791 3890 3652 3673 3844 3662 3987 3970 3507 4000 4253 3784 3644 3910 3917 3512 3774 4227 3929 4076 4020 3940 4151 3940 4022 3629 3797 3767 3914 3797 4086 3816 3754 4044 3871 4088 3638 4079 3760 3617 3744 4116 4225 4238 3801 3987 3886 4058 4204 4094 4048 3799 3771 3752 4021 3958 3711 4073 3987 3913 3951 3649 4285 3771 4232 4058 3626 3701 4000 3771 3713 4094 3808 3746 3808 3810 3788 3723 4027 3675 3674 3926 3499 3750 3641 3666 3930 3923 4201 3846 3927 
3985 4015 3723 3997 3791 3816 3740 3692 3789 3838 3883 3913 3790 4163 3871 4086 3990 4004 3888 3969 3975 3697 3931 3726 3714 4198 3879 3797 4245 3958 3928 3871 4009 3534 3830 3722 3701 4360 3917 3934 3717 3409 4094 3973 3957 3476 3933 3894 4213 3789 3947 3530 3958 4139 4355 3694 3856 4035 4118 3740 4192 3932 3733 4082 3907 3799 3796 3735 4012 3404 3970 4095 4081 3513 3792 4011 3614 3810 4128 3868 4015 3870 4200 4075 4011 3960 3876 3796 3424 3894 3950 4124 3872 4250 4013 4114 3884 3885 3876 3737 3557 4176 3896 3549 3756 4172 3842 4026 3963 3835 3927 3644 3834 3781 3920 3801 3982 3585 4007 3978 3981 3911 3835 3843 3549 3568 4064 3805 4188 4040 3972 4120 3721 3929 3725 3974 3911 4082 3927 4149 3750 3744 4152 3956 4310 3731 4163 4052 3583 3969 4212 4114 4383 3738 3838 3568 4109 4115 4179 4019 3695 3970 3687 3789 3977 3785 3959 3924 4087 3984 3636 4242 3735 4219 3956 3721 3741 3951 4049 3772 3759 3662 3770 3695 4115 3925 3570 3977 3843 3851 3924 3713 3886 3723 3859 3762 3969 4246 3688 3928 
3904 3604 3392 3570 3636 3442 3442 3340 3906 3244 3543 3636 3488 4144 3755 3706 3842 3970 3626 3772 3731 3742 3739 3347 3569 4149 3804 3654 4134 3702 3958 3608 3658 3319 3701 3780 3723 3899 3891 3910 3473 3549 4013 3780 3732 3370 3799 3975 3839 3881 3952 3264 3824 3877 4294 3485 3515 3881 3886 3863 3616 3789 3528 4224 3790 3574 3578 3647 3724 3516 3953 3946 4100 3448 3804 3751 3744 3729 3807 3536 3991 3952 3688 3406 3579 3890 3582 3649 3360 3803 3684 3904 3786 4037 3753 3913 3862 3804 3655 3602 3512 3974 3383 3435 3982 4109 3808 3966 3996 3749 3761 3634 3868 3738 3836 3758 3676 3410 4055 3855 3621 3661 3757 3811 3667 3670 3666 3641 4002 3797 3545 4028 3740 4191 3450 3546 3795 3823 3556 3818 3710 3507 3759 3655 3837 3327 3734 3405 3434 3856 3898 3846 4041 3775 3765 3486 3889 3706 4004 3989 3727 3759 3741 3334 3856 3676 3872 3615 3927 3907 3504 3960 3807 4020 3977 3431 3884 3931 3879 3404 3780 3745 3718 3780 3932 3661 3568 3863 3401 3691 4061 3690 3822 3606 3596 3636 3902 4007 3656 3789 
4058 4279 3679 3901 3812 3970 3778 3502 3881 3427 3826 3782 3684 4034 3733 3969 3843 4239 3560 3818 4061 4029 3826 3680 3812 4245 4018 4024 4192 3834 3985 3891 3937 3617 4040 4041 4021 4104 3702 3873 3700 3537 4016 3791 3752 3524 3925 3710 3999 4026 3908 3652 4085 4128 4323 3554 3766 4096 4131 3797 3967 4056 3778 4192 4054 3937 3869 3864 3957 3728 3764 3988 4106 3577 3629 3930 3664 3764 3950 3895 3929 3960 3924 3641 3819 3808 4179 3747 3398 4024 4179 4056 3770 4296 3805 4182 4035 3960 3666 3852 3639 4324 3917 3890 3890 3922 4059 4022 3872 3871 4274 3906 3898 3893 3865 3779 3700 3687 3942 3919 4001 3757 4012 3918 3817 3671 4091 4010 3830 3955 3777 4090 3993 4065 3679 3845 3741 3855 3887 4083 3790 3955 3964 4093 4208 3411 4166 3787 3815 3818 4156 4104 4463 3993 3871 3550 4106 4147 4157 3973 3861 4099 3853 3809 4182 3877 3914 3837 4159 4095 3778 4081 3956 4380 4096 3833 3958 4150 3698 3454 3868 3957 3721 3788 4238 3895 3741 3981 3593 3832 4246 3698 3676 3649 3677 3844 3942 4233 3744 3796 
4345 4211 3897 3957 4061 4054 3805 3803 3879 3926 4041 3921 4158 4328 3920 4635 4308 4334 4061 4206 4018 4230 4357 3839 3958 4311 4012 3946 4504 4123 4118 3925 4187 3939 3909 4180 4112 4184 4023 4366 3795 3722 4490 4336 4326 3745 4215 4209 4212 4289 4497 3692 4265 4177 4694 4000 3886 4135 4395 4174 4196 4360 4069 4457 4218 4188 4177 4030 4080 3828 4396 4190 4506 3806 4050 4240 4038 4096 4193 3986 4336 4282 4304 4192 4078 4082 4221 4212 3858 4255 4048 4263 4146 4430 4058 4147 4345 3977 4278 4245 3824 4354 4048 3972 4248 4375 4148 4279 4204 4052 4185 4047 4001 4179 4070 4292 4151 3822 4328 4340 4130 3852 4026 3988 3751 4204 4373 4065 4161 4176 4043 4373 3940 4435 3794 4134 4169 4122 4132 4207 4172 4208 4339 4113 4401 3795 4407 3905 3579 4278 4269 4550 4717 4069 4345 4075 4347 4335 4481 4491 4226 3974 4007 4113 4224 4063 4466 3980 4409 4208 3927 4249 4010 4568 4218 3861 4038 4733 4260 3988 4391 4051 3998 4081 4167 4121 4076 3948 3744 4185 4283 3917 4025 3940 4134 4075 4426 4122 3999 4245 
4196 4442 3985 4020 4151 3969 3953 3976 4027 4063 4078 4031 3952 4397 4098 4317 4135 4416 4008 4052 4060 4239 4372 4005 4203 4359 4283 3906 4226 4163 4245 4138 4128 3927 3896 4309 4174 4307 4135 4151 3939 3722 4419 4186 4212 3941 4075 4133 4353 4339 4325 3916 4005 4218 4661 3957 3911 4293 4543 4028 4191 4366 3898 4546 4355 4013 3781 3904 4422 3899 4400 4231 4520 3576 3938 4182 4084 4292 4329 4016 4273 4225 4294 3916 3994 4119 3958 4191 3875 4259 4029 4162 3942 4368 4020 4363 4039 4174 4090 4090 4073 4497 4021 3863 4196 4535 4406 4452 4288 4090 4160 4039 4121 3947 3749 4045 4057 3859 4028 4449 4097 3861 4092 4311 3809 4105 4368 3892 4269 4228 4171 4378 4208 4435 3686 4110 3898 3996 3973 4184 4140 4006 4525 4010 4537 3863 4229 4001 3860 4117 4230 4249 4489 3901 4207 3990 4348 4287 4544 4350 4174 4128 4099 4418 4188 4144 4213 4185 4113 4343 3984 4344 4011 4539 4213 3933 3861 4346 4062 3858 4278 3992 3928 4038 4334 4104 4106 4011 3990 4106 4225 3840 4030 3946 3821 4126 4184 4513 4158 3932 
4019 4176 3622 3679 3970 3613 3827 3686 3785 3888 3548 3842 3460 4067 4114 4310 3706 4189 3897 3957 3682 4081 3730 3669 3894 4081 3959 3643 4387 3894 3895 3673 3787 3634 3846 3817 3827 4192 3851 4103 3504 3481 3906 3667 3776 3523 3714 3794 4094 3658 3986 3405 4014 4235 4402 3598 3423 4181 4273 4065 3975 4093 3593 4265 3973 3836 3882 3795 3886 3685 4158 3814 4321 3358 3590 3980 3595 3985 3999 3651 4096 3929 4103 3627 3783 3877 3956 3811 3538 3880 4008 3946 3655 4177 3729 3821 4015 3898 3643 3804 3920 4091 3610 3596 4069 4169 3978 4016 3846 3869 4074 3783 3883 3563 3790 3747 3821 3341 4188 4179 4063 3657 3943 3751 3573 3909 4121 3808 3943 4049 3855 4255 4165 4195 3671 4018 3866 3781 3738 4048 4112 3692 3997 3831 4054 3725 4063 3676 3499 3792 4051 4195 4267 3431 3872 3679 4253 3992 4276 4210 3961 3962 3660 3859 3995 3811 3909 3996 4189 4025 3751 4048 3859 4409 4081 3420 3880 4105 3981 3702 4193 3795 3686 3787 4129 3789 3494 4010 3719 3654 4137 3726 3608 3760 3532 3856 3914 4278 3718 3802 
4046 4458 3826 4119 4241 3972 4036 3865 3883 4041 4105 4162 4047 4439 4179 4340 4332 4319 4119 4193 4140 4083 4183 3992 4079 4437 4148 4030 4585 4022 4389 3857 4282 3633 4071 4065 3981 4407 4104 4315 3946 3663 4176 4092 4083 3668 4193 4199 4514 3982 4157 3791 4522 4302 4441 3811 3658 4211 4220 4056 4268 4382 3974 4466 4359 3994 4038 3909 4132 3671 4218 4151 4325 3792 4015 4263 4051 4231 4291 3959 4248 4090 4142 3845 3771 4025 4041 4053 3968 4302 4255 4131 3976 4244 4306 4334 4211 3900 4070 4006 3820 4223 4037 3857 4186 4162 4239 4250 4215 4242 4182 3957 3903 4084 3957 4239 4152 3828 4191 4197 4123 3973 3901 4096 3923 3709 4415 3956 4456 4290 4076 4305 3993 4401 3725 3958 4215 4071 3966 4315 4172 4092 4280 4059 4338 3664 4431 4150 3734 4060 4335 4342 4701 4014 4146 3910 3942 4086 4546 4283 4352 4119 4314 3993 4261 4067 4385 4253 4259 4209 3921 4488 4005 4426 4256 3855 4089 4414 4469 3822 4351 3635 4146 4162 4308 4215 3918 4136 3947 3985 4314 3829 4135 4093 4092 4129 4233 4466 3907 4108 
3749 3690 3352 3490 3543 3713 3403 3413 3529 3605 3543 3593 3383 3863 3639 4154 3743 3802 3344 3609 3817 3788 3548 3567 3381 3986 3622 3565 3941 3432 3809 3476 3857 3532 3545 3594 3802 3761 3423 3539 3378 3273 3845 3847 3612 3264 3504 3815 3855 3457 3570 3155 3778 3801 3826 3331 3417 3834 3927 3679 3531 3818 3430 4010 3740 3561 3621 3515 3504 3478 3791 3670 4239 3243 3342 3852 3387 3693 3604 3587 3738 3737 3818 3692 3638 3379 3722 3492 3447 3581 3491 3824 3752 3987 3783 3637 3652 3645 3266 3478 3429 3999 3597 3507 4029 3871 3655 3852 3549 3497 3622 3435 3651 3502 3439 3498 3677 3261 3736 3868 3592 3564 3673 3533 3452 3404 3835 3594 3784 3677 3651 3762 3626 3900 3248 3521 3662 3646 3638 3664 3774 3586 3493 3757 3961 3240 3985 3513 3122 3555 3968 4055 4210 3585 3661 3450 3912 3586 4023 3938 3364 3653 3382 3635 3859 3432 3659 3762 3887 3593 3327 3718 3495 4090 3458 3141 3379 3911 3799 3545 3625 3600 3695 3561 3661 3638 3449 3543 3269 3611 3868 3443 3413 3423 3324 3515 3721 4093 3578 3598 
4534 4408 4006 4287 4408 3986 4172 4031 4051 4116 4408 4217 4208 4648 4400 4741 4348 4503 4256 4274 4603 4271 4479 4051 4300 4757 4321 4264 4749 4514 4437 4048 4320 4098 4389 4386 4556 4544 4355 4501 3999 3999 4623 4349 4386 4142 4544 4378 4599 4566 4565 4044 4534 4661 5001 4105 4156 4493 4621 4171 4536 4525 4038 4823 4444 4199 4221 4068 4223 4119 4512 4405 4733 3786 4215 4461 4179 4411 4466 4046 4429 4609 4553 4007 4084 4306 4447 4291 3815 4535 4498 4449 4071 4723 4180 4405 4244 4334 4487 4201 4156 4784 4155 4064 4497 4800 4485 4688 4416 4358 4476 4377 4410 4178 4279 4281 4148 4208 4528 4638 4229 4136 4408 4461 4033 4269 4607 4459 4400 4641 4265 4599 4436 4744 3946 4317 4156 4383 4179 4730 4303 4001 4531 4106 4678 4170 4671 4355 3733 4242 4524 4819 4763 4228 4453 4157 4526 4365 4868 4527 4187 4189 4390 4488 4482 4152 4470 4390 4676 4528 4050 4716 4269 4804 4604 3972 4381 4520 4450 4259 4918 4202 4367 4329 4500 4323 4190 4570 4093 4395 4792 4028 4326 4109 4130 4208 4384 4594 4121 4373 
4491 4267 3785 4198 4124 3879 4061 3872 3943 4074 3962 4034 3817 4366 4008 4630 4158 4354 4152 4157 4041 4006 4105 3875 4026 4554 4325 4195 4589 4087 4292 4049 4304 3863 4119 3830 4118 4549 4080 4223 3914 3677 4179 4215 4117 3736 4115 4378 4380 4152 4103 3641 4112 4080 4716 3815 3920 4120 4445 4030 4228 4589 3874 4719 4242 4070 3925 3889 4282 3747 4279 4272 4455 3638 4122 4367 3996 4047 4163 4144 4378 4259 4340 3792 4004 4244 4058 4098 3785 4445 4006 4171 3974 4428 4147 4144 4188 4069 4008 4101 4122 4488 3926 3802 4276 4528 4285 4285 4280 4016 4153 3934 4019 3958 3883 4020 4281 3648 4278 4314 4154 3926 4140 4004 3734 4165 4236 4018 4374 4160 4061 4335 3998 4529 4030 4207 4109 4158 3791 4177 4113 3861 4299 3908 4361 3812 4205 4005 3925 4103 4420 4184 4420 4134 4285 3865 4311 4149 4505 4325 3977 4171 3888 4081 4306 4017 4113 4246 4481 4251 3752 4281 4022 4429 4389 3796 3998 4442 4028 3961 4437 3844 3933 4160 4325 4168 3872 4199 3922 4189 4148 3785 4018 3949 4019 3940 4063 4385 3989 4127 
4172 4089 3937 3872 4135 4056 4053 3825 4084 3902 3899 3861 3869 4295 4084 4331 4142 4424 3939 4134 4181 4045 4047 3732 4048 4524 4264 3904 4399 4176 4388 3983 4006 3821 4075 4201 4199 4406 3853 4237 3933 3728 4393 4160 4394 3865 4039 4266 4153 4239 4287 3906 4303 4259 4603 3723 3834 3897 4221 4060 3969 4556 3883 4309 4253 4055 3990 3950 4051 3844 4230 4287 4420 3646 4034 4229 4102 4022 4017 3899 4416 4218 4215 3879 4072 3882 4129 4003 3733 4232 4131 4336 4103 4572 4069 4155 4237 4414 4081 4139 4084 4444 3863 4060 4192 4150 4580 4349 4187 3882 4122 3988 4149 3929 4136 4234 4132 3810 4313 4335 4179 3960 4134 4121 3858 3957 4348 4082 4309 4003 3998 4214 4336 4291 3760 3957 4143 4054 3848 4141 4028 4011 4268 4081 4397 3558 4389 4108 3946 3946 4296 4398 4616 4085 4106 3860 4218 4321 4367 4434 4000 3985 3727 4061 4125 4092 4393 4113 4365 4505 3891 4158 4016 4569 4054 3898 3976 4623 4065 3673 4200 3907 4025 4003 4325 3846 3745 4125 3817 4033 4334 4111 4018 3741 3995 4145 4243 4494 4073 4076 
4520 4566 4026 4239 4370 4141 4177 3819 4401 4182 4181 4257 4212 4833 4549 4646 4559 4719 4253 4454 4211 4694 4601 4070 4272 4509 4592 4335 4564 4299 4707 4044 4342 3762 4240 4208 4358 4560 4336 4387 4164 3986 4527 4468 4214 3802 4466 4496 4392 4478 4397 3963 4531 4704 4744 4224 4007 4631 4692 4421 4411 4563 4254 5056 4436 4354 4220 4090 4515 4221 4621 4591 4796 3898 4053 4635 4354 4312 4583 4062 4439 4419 4385 4120 4090 4340 4189 4480 4034 4407 4261 4444 4204 4632 4275 4585 4371 4260 4118 4453 4307 4591 4383 4075 4601 4551 4337 4460 4229 4314 4540 4221 4217 4394 4087 4385 4335 4242 4212 4333 4447 4361 4259 4191 4004 4264 4661 4371 4489 4353 4474 4921 4381 4842 3985 4430 4274 4075 4304 4320 4336 4289 4546 4293 4708 3894 4618 4329 3941 4653 4656 4633 4680 4297 4392 4252 4529 4614 4841 4587 4413 4327 4440 4656 4416 4244 4463 4352 4389 4736 4403 4691 4092 4689 4574 3849 4437 4788 4640 4063 4549 4020 4057 4522 4776 4297 4295 4350 3885 4337 4579 4135 4268 4168 4329 4299 4489 4723 4276 4304 
4306 4389 3757 4050 4133 4073 3944 3554 4211 4043 3806 4146 4036 4687 4289 4362 4306 4573 3875 4134 4080 4120 4153 3747 3919 4446 4207 4431 4607 4013 4138 3783 4300 3726 4064 3924 4204 4565 4022 4281 3804 3906 4269 4279 4198 3770 4233 4145 4328 4208 4421 4059 4470 4424 4662 3908 3719 4450 4341 3922 4352 4257 4038 4601 4098 4159 4167 3952 4135 4029 4284 4225 4322 3755 3948 4182 3948 4363 4340 4068 4303 4246 4316 3825 4155 4175 3958 4337 3895 4287 4355 4046 3891 4421 4209 4194 4331 4080 3957 4132 4074 4349 4078 3986 4379 4259 4200 4269 4099 3873 4229 3854 3986 4229 4127 4229 4099 3857 4141 4262 4369 4128 4246 4254 3876 3968 4311 4205 4456 4252 4112 4578 4116 4461 3958 4145 4049 4029 4060 4180 4372 4210 4386 4220 4478 3645 4398 4036 3906 4171 4519 4499 4556 4210 4064 3891 4477 4138 4477 4256 3983 4198 4225 4012 4339 4086 4526 4451 4109 4309 4037 4452 4180 4678 4238 3846 4026 4357 4404 3643 4174 3873 3898 3949 4183 4111 4129 4217 3969 3813 4403 3910 4012 4016 3855 3944 4193 4606 3910 4149 
4039 3702 3635 3651 3841 3572 3487 3262 3509 3596 3861 3630 3502 4015 3948 3958 3851 4069 3476 3902 3871 3952 3983 3617 3704 3933 3846 3631 4109 3803 3778 3643 3979 3484 3866 3654 3654 3820 3716 3880 3495 3323 3809 3720 3825 3322 3619 3837 3952 3877 3695 3221 3941 4132 4100 3409 3345 3956 3949 3912 3720 4013 3311 4249 3743 3746 4014 3557 3824 3440 4022 3898 4175 3464 3437 3743 3701 3650 3773 3739 3797 3739 4057 3606 3588 3865 3735 3669 3508 4052 3514 3881 3742 4049 3805 3686 4048 3559 3520 3665 3635 4061 3943 3562 3942 3918 3791 3976 3780 3822 3978 3778 3791 3641 3602 3714 3894 3445 3879 3938 3923 3784 3811 3563 3519 3573 4006 3796 3984 4078 3483 3849 3811 4215 3601 3826 3536 3692 3624 3833 3905 3566 3780 3889 4035 3635 3881 3738 3472 3743 4024 4174 4270 3741 3728 3317 3998 4055 4111 3967 3886 4039 3741 3667 3825 3560 3916 3682 4026 3794 3703 3799 3753 4180 3848 3438 3642 3994 4107 3685 3915 3505 3607 3719 4056 3721 3513 3856 3524 3819 3887 3658 3556 3489 3387 3667 4083 4310 3931 3656 
3793 3791 3346 3776 3840 3505 3640 3280 3805 3607 3547 3553 3452 4360 3578 3984 3819 4058 3482 3555 3711 3714 3676 3540 3676 4062 3751 3629 3961 3740 3971 3489 3699 3425 3730 3782 3908 3880 3513 3850 3474 3320 3752 3711 3966 3498 3644 3791 4005 3819 3682 3446 3898 3773 4125 3574 3389 3583 3975 3767 3587 4166 3489 4078 3843 3591 3414 3526 3660 3539 3797 3988 4060 3519 3758 3965 3810 3775 3780 3546 3975 3834 3796 3620 3471 3669 3916 3762 3184 3900 3787 3837 3681 4069 3843 3724 3700 3992 3761 3626 3565 3943 3629 3638 4017 3964 3823 3728 3666 3823 3972 3833 3725 3604 3887 3517 3717 3476 3784 4019 3715 3498 3496 3712 3522 3468 4225 3674 3802 3788 3514 3762 3641 3962 3461 3561 3920 3592 3552 3942 3703 3427 3897 3514 3909 3318 3734 3652 3381 3604 4033 4075 4241 3711 3796 3480 3931 3843 4047 3940 3607 3806 3693 3735 3707 3647 3927 3687 3869 3575 3605 3950 3735 4080 3861 3702 3777 3884 3593 3569 3756 3651 3590 3700 3788 3458 3591 3880 3590 3546 4042 3515 3779 3406 3459 3843 3635 3964 3554 3564 
4167 3967 3691 3779 4008 3797 3951 3694 3993 3711 3801 3899 3721 4268 4135 4167 3989 4164 3863 3917 3805 3867 3918 3622 4060 4322 4295 3983 4423 3968 4401 3731 3879 3466 4037 3876 3817 4313 3708 3859 3737 3432 4139 3984 3921 3546 3874 4103 4124 3946 3872 3542 4210 4198 4331 3797 3729 4165 4258 3883 4059 4204 3838 4407 4227 3883 3938 3912 3913 3797 3915 4128 4408 3736 4208 3986 3795 3954 4161 3663 4201 4051 4064 3640 3984 4028 3880 4014 3628 4060 4237 3931 3803 4126 3883 3949 4127 4066 4006 4075 3720 4255 3870 3569 4162 4084 4210 4294 4066 4016 3957 3958 3739 3839 3788 3618 3912 3536 4245 4137 4027 3845 3862 3980 3835 3976 4025 3931 4037 4064 3885 4033 4048 4339 3817 3713 3856 4043 3914 4174 3912 3822 4243 3871 4214 3613 4195 3727 3513 3907 4243 4019 4404 4057 4091 3727 4062 3938 4088 4159 4015 3965 3932 3868 4099 3889 4203 3907 4204 4237 3681 4015 3850 4155 4060 3588 3879 4396 4083 3800 3993 3950 3866 3931 4353 3825 3738 3960 3820 3849 4442 3756 3934 3536 3753 4022 3870 4086 3714 3980 
4199 4032 3750 4009 3962 3834 3848 3571 3845 3867 3865 3993 3899 4256 4144 4488 4097 4331 4296 3869 3832 4073 3912 3772 3750 4189 4182 3814 4165 4070 4140 3644 4261 3853 3872 3954 4137 4102 4038 4030 3619 3725 3927 4138 4052 3731 4137 4016 4080 3931 4089 3788 4062 4143 4699 3744 3579 3928 4074 3975 3920 4283 3675 4250 3955 4092 3782 3912 4189 3707 3958 4116 4296 3545 3865 4243 3702 4059 4082 3745 4168 4126 4130 3950 3816 3891 3775 3921 3794 4032 3868 3976 3830 4206 3808 3998 4030 3959 3783 3782 3873 4175 3965 3624 4345 4252 4329 4188 4135 3937 3969 3632 3885 3983 3887 3956 3945 3494 4228 4004 4178 3851 4068 4099 3791 3779 3982 3887 3843 4064 3846 4277 3884 4316 3713 3877 4052 3791 3748 3937 4268 3971 4194 4043 4254 3495 4235 3930 3444 3883 4251 4285 4352 3954 3911 3808 4030 4093 4502 4347 3729 3917 3811 3955 4193 3897 4147 4088 4251 3877 3894 4153 3828 4394 4045 3924 3960 4292 4106 3935 4346 3788 4051 4005 3895 3972 3701 4175 3803 3973 4226 3854 3801 3869 3679 3898 4005 4362 3925 4023 
4489 4257 3930 4005 4334 4051 3972 3988 4482 3880 4072 4131 4156 4625 4156 4665 4136 4877 3948 4271 4195 4192 4380 4101 4213 4515 4323 4374 4789 4285 4488 4074 4309 3880 4151 4244 4516 4518 4190 4276 3869 3770 4370 4523 4410 3812 4323 4578 4421 4329 4250 3942 4539 4574 5042 3930 3884 4471 4694 4238 4280 4624 4068 4739 4212 4220 4299 4045 4131 4179 4291 4295 4524 4115 4145 4407 4083 4140 4599 4248 4539 4460 4467 4248 4264 4349 4343 4157 4110 4367 4022 4495 4134 4422 4159 4257 4411 4266 4280 4242 4042 4687 4271 4067 4294 4422 4599 4541 4252 4235 4452 4193 4164 4202 4154 4189 4307 3493 4465 4527 4236 4104 4408 4148 3758 4105 4229 4087 4348 4493 3975 4455 4187 4562 3984 4188 4274 4282 4286 4464 4237 4343 4554 4113 4691 3737 4456 4108 3714 4126 4499 4639 4807 4306 4541 4164 4417 4562 4507 4519 4137 4160 3977 4119 4356 4237 4480 4148 4580 4551 4189 4532 4270 4727 4515 4242 4137 4414 4408 4103 4464 4166 4079 4166 4554 4345 4196 4276 4080 4208 4460 4075 4152 4102 4014 4341 4468 4352 4128 4279 
4138 3979 3831 3950 4115 3860 3724 3648 3688 3853 3973 3893 3777 4188 3943 4005 3980 4317 3945 4048 4030 4073 4087 4018 3731 4342 4135 3748 4287 3889 4022 3886 4107 3763 3968 3925 3958 4032 3742 3891 3985 3367 4221 4004 3995 3549 4064 3914 4337 4089 3973 3653 4034 4285 4494 3633 3626 4096 4297 3894 3911 4391 3716 4362 4106 3771 4028 3829 4092 3660 4235 4056 4371 3720 3859 4038 3842 3905 3959 3714 4273 3874 4245 3877 3908 4115 3772 3849 3788 4193 3817 3987 4092 4265 4052 3957 4030 3798 4024 4016 3579 4241 4070 3696 3851 4128 4244 4221 3977 4052 4253 3925 3665 3846 3642 4130 4022 3647 3994 4183 3964 3911 3961 3953 3575 3788 4117 3892 4047 3983 3737 4210 4079 4327 3584 4066 3980 4254 3778 4209 3874 3850 3880 3898 4271 3672 4126 4041 3696 3982 4380 4242 4748 3862 4012 3843 4134 4052 4340 4076 3785 4023 3825 3776 4201 4000 4140 3911 4232 4236 3870 4297 4086 4361 4043 3890 3967 4150 4068 3805 4100 3565 3769 3867 4197 4065 3706 4132 3543 3966 3960 3736 3817 3856 4018 3946 4230 4337 3909 4029 
3863 3799 3331 3459 3383 3628 3603 3486 3658 3521 3408 3566 3532 4073 3680 3912 3670 3929 3587 3714 3598 3762 3476 3124 3629 3885 3543 3654 3927 3702 3792 3275 3700 3233 3692 3581 3644 3776 3539 3617 3479 3530 3869 3798 3687 3310 3828 3886 3826 3632 3866 3368 3971 3956 4256 3562 3520 3832 3841 3642 3891 3901 3583 4025 3689 3626 3750 3764 3643 3392 3801 3987 3920 3305 3543 3820 3559 3611 3903 3606 3856 3826 3916 3555 3501 3665 3727 3731 3297 3706 3577 3798 3410 3943 3581 3628 3653 3830 3667 3540 3540 3851 3451 3400 3813 3828 3765 3826 3438 3636 4001 3618 3441 3858 3602 3724 3895 3305 3861 3819 3729 3638 3589 3563 3615 3514 3640 3646 3887 3591 3513 4113 3725 3752 3389 3634 3806 3671 3557 3781 3799 3585 3904 3779 3949 3319 3855 3768 3216 3630 3915 3839 4051 3682 3670 3592 4024 3781 3929 3693 3689 3394 3886 3708 3813 3706 3679 3572 3709 3870 3536 3906 3539 3834 3730 3406 3821 3888 3915 3523 3702 3647 3659 3736 3754 3537 3518 3646 3563 3451 3890 3633 3728 3538 3356 3736 3620 3832 3542 3712 
3885 4068 3554 3670 3889 3737 3420 3336 3764 3498 3891 3724 3714 4152 3648 4131 3840 4162 3666 3654 3941 3942 3835 3480 3771 3808 3961 3732 4093 3840 3883 3561 3908 3780 3875 3774 3770 4087 3626 3822 3786 3703 3781 4000 3862 3577 3799 3856 4027 3757 3852 3510 3872 4165 4564 3799 3644 3969 3954 3920 4039 4105 3615 4225 3771 3774 3844 3724 3651 3383 3974 3954 4249 3525 3572 3851 3612 3962 3890 3710 3990 3904 4084 3740 3757 3620 3744 3724 3465 3753 3890 3918 3536 4047 3853 3965 3892 3843 3826 3630 3350 4015 3468 3183 3959 3794 3692 3880 3882 3847 3895 3587 3731 3838 3569 3679 3796 3532 3810 3870 3753 3654 3811 3555 3681 3751 4184 3860 3971 3808 3670 4115 3844 4030 3683 3753 3914 3929 3754 4108 3898 3477 4009 3937 3936 3424 4203 3745 3500 3552 3825 4171 4307 3759 3682 3697 3912 3943 4126 4029 3796 3511 3773 3907 3792 3716 3918 3763 3858 4105 3673 3959 3701 4296 3927 3666 3720 4200 4111 3414 3921 3597 3779 3763 4179 3824 3637 4131 3380 3622 4197 3629 3649 3723 3815 3841 3745 4295 3675 3942 
4009 4038 3708 3955 3873 3818 3738 3536 4209 3761 3849 3998 3785 4351 3977 4138 4136 4352 3738 4001 3877 4235 4053 3903 4200 4309 4029 4133 4333 3918 4120 3983 3995 3678 3983 4076 3896 4184 3746 4099 3862 3731 4153 4104 3995 3826 3931 4054 4105 4179 3655 3571 4122 4040 4584 3881 3777 4240 4307 4144 3876 4120 3890 4324 4099 4038 4078 3697 4054 3968 4044 3944 4571 3662 3804 4001 4082 3803 4315 3752 4238 3914 4098 3627 3955 3827 3874 4136 3600 3971 3906 4010 4071 4402 3810 4251 4174 4092 4123 4099 4078 4486 3782 3721 4124 4322 4115 4072 4034 3955 4012 3854 3918 3987 3829 3916 3920 3784 4061 4217 4110 3955 3950 4075 3737 3800 4320 3832 4041 4150 4157 4078 4026 4352 3553 3797 3792 3759 3988 4073 4019 4051 4170 3962 4303 3698 4069 3940 3641 4034 4109 4286 4412 4016 4032 3702 4120 4206 4422 3972 3887 3976 3970 3883 4009 3895 4007 3878 4339 4415 3871 4105 4084 4235 4126 3480 3908 4204 3963 3844 4189 3843 3973 4006 4217 4075 3678 3898 3710 3872 4380 3651 3841 3698 3699 3961 4067 4208 3716 3941 
4007 4074 3391 3808 3930 3807 3846 3458 4137 3610 3981 3958 3662 4239 3991 4049 3962 4250 3838 3840 3964 4067 3996 3780 3771 4106 4159 4021 4090 3926 4342 3710 3816 3410 3947 4085 3998 4224 3790 3741 3838 3592 3921 4150 3735 3314 4141 4117 4165 4052 3793 3728 4166 4158 4355 3780 3599 4014 4064 3924 4113 4052 3648 4463 3927 3998 3885 3930 3964 3690 3746 4036 4186 3711 3934 4264 3736 3915 4203 3671 4005 4163 3871 3605 3900 4041 3848 3995 3599 3996 3696 4006 3985 4117 3872 3747 3965 3818 3827 3829 3744 4152 3848 3608 4097 4045 4090 3995 3898 3808 3990 3719 3882 4029 3940 3819 4127 3443 4264 3925 4128 3966 3911 3983 3689 3760 4170 3929 4088 4017 3717 4301 3934 4099 3614 3914 3940 3836 3965 3832 3880 3827 4083 3832 4471 3437 4324 3831 3575 3795 4357 4393 4376 3977 3952 3744 4365 3868 4415 4243 3808 3991 3790 4033 4026 3805 4129 3942 4086 4107 3748 4349 3951 4366 4181 3745 3771 4163 4171 3683 4154 3794 3667 3970 4025 4130 3869 4021 3492 3897 4076 3859 3855 3775 3791 4104 3957 4281 3852 4097 
4455 4405 4117 4239 4358 4096 4117 3907 4216 4135 4206 4414 4030 4723 4344 4512 4505 4941 4126 4188 4305 4711 4487 4036 4259 4532 4291 4081 4368 4422 4666 4345 4334 3938 4279 4457 4200 4460 4135 4488 4087 3921 4644 4386 4467 4038 4448 4353 4242 4594 4142 3916 4345 4736 4791 4144 3889 4525 4544 4599 4281 4609 4008 4999 4364 4286 4158 4229 4242 4041 4509 4647 4676 3996 4106 4444 4121 4251 4647 4197 4474 4572 4382 4305 4346 4065 4279 4556 3959 4565 4352 4569 4180 4751 4345 4673 4532 4395 4060 4499 4273 4553 4458 4244 4328 4608 4483 4456 4147 4132 4718 4305 4268 4137 4284 4369 4322 4169 4134 4424 4254 4419 4346 4276 3994 4243 4777 4094 4616 4231 4365 4516 4475 4664 3969 4280 4280 4188 4300 4241 4278 4036 4454 4328 4654 3957 4547 4307 3876 4476 4620 4899 5033 4223 4283 4112 4522 4484 4641 4527 4191 4185 4150 4498 4409 4049 4466 4324 4719 4678 4264 4420 4166 4683 4522 4154 4206 4656 4390 4051 4680 4029 4282 4250 4505 4380 4122 4337 3789 4183 4509 4224 4296 4364 4267 4278 4340 4748 4363 4251 
3963 3957 3608 3775 3647 3754 3678 3532 3644 3691 3499 3720 3428 4021 3615 3960 3852 4288 3730 3773 3818 3847 3864 3540 3924 3869 3928 3655 3941 4011 3906 3638 3754 3319 3697 3740 3598 3882 3435 3900 3623 3310 3971 3788 3821 3431 3820 3743 3899 3670 3789 3530 3930 3997 4129 3606 3320 4078 4076 3600 3838 4237 3519 4131 3971 3570 3691 3499 3955 3642 4170 4055 4196 3422 3905 3747 3627 3711 3932 3571 4044 3739 3893 3483 3549 3785 3641 3916 3399 3765 3894 3664 3680 4009 3863 4001 3891 4033 4062 3981 3680 4054 3732 3650 4093 4004 3942 3882 3875 3589 3967 3699 3547 3650 3654 3632 3879 3446 3720 3803 3857 3876 3557 3762 3540 3664 4064 3852 3973 3831 3880 3897 3752 4062 3450 3571 3650 3714 3521 3868 3739 3620 4039 3569 4130 3333 3878 3692 3489 3903 4052 4062 4275 3580 3857 3498 4049 3635 4151 3819 3669 3829 3810 3675 3885 3734 3932 3792 4033 3998 3539 4037 3582 4115 3959 3452 3834 4004 3947 3653 4032 3597 3592 3730 3860 3773 3553 3948 3556 3636 3889 3640 3633 3497 3544 3800 3686 4309 3578 3783 
3913 3783 3496 3657 3755 3736 3687 3554 3868 3850 3605 3914 3505 4147 4025 3837 3905 4036 3758 3629 3828 3866 3837 3429 3805 4138 3769 3515 3931 3809 3909 3748 3742 3500 3618 4080 3946 3998 3797 3856 3452 3455 4007 3796 3931 3425 3878 3690 3988 3661 3894 3424 3893 4170 4272 3595 3533 4065 3988 3749 3658 3942 3336 4297 3878 3881 3733 3646 3690 3443 3942 3812 4118 3404 3479 4108 3648 3631 4059 3832 3975 3812 4061 3687 3743 3533 3691 3930 3340 3659 4116 3855 3987 4336 4088 3670 4042 3797 3521 3816 3918 4072 3621 3841 3958 3971 4054 3911 3794 3534 3831 3819 3561 3567 3884 3730 3786 3704 4069 3975 3619 3860 3881 3822 3711 3613 4103 3679 4036 3923 3774 3798 4082 3999 3461 3766 3859 3674 3764 3782 3891 3892 4106 3977 3872 3562 3999 3762 3259 3985 4053 4077 4301 3559 3973 3487 3963 4016 3916 3876 3743 3887 3779 3836 3852 3648 4179 3903 4132 4020 3508 3848 3642 4060 3845 3659 3795 4066 4204 3621 4001 3783 3586 3732 4030 3688 3443 3569 3521 3620 4030 3716 3722 3646 3504 3819 3823 4167 3600 3766 
4284 4098 3995 3992 3972 3905 4225 3884 4226 3999 4016 4134 3804 4470 4500 4254 4595 4486 3993 3969 4180 3921 4097 3894 4003 4559 3979 3970 4353 4074 4236 4198 4048 3744 4007 4275 4231 4561 4363 4204 3856 3828 4400 4064 4370 3814 4346 4218 4421 4215 4179 3741 4207 4216 4653 3755 4072 4169 4283 4208 4101 4339 3890 4740 4253 3990 4063 3875 4180 3523 4241 4183 4724 3801 3717 4322 4274 3997 4436 4052 4462 4326 4425 3900 4109 3976 4109 4229 3915 4351 4206 4302 4122 4664 4160 3896 4191 3990 4209 4112 4105 4400 3865 3913 4424 4439 4213 4426 4209 4112 4302 4241 4101 3815 4003 4231 3975 3969 4543 4358 4169 4070 4132 4132 3926 4274 4341 4255 4503 4289 4029 4385 4232 4374 3868 4094 4021 4268 4113 4522 4457 4070 4398 3869 4222 3733 4387 4101 3780 4045 4317 4409 4651 4081 4303 4015 4244 4220 4331 4417 4091 4109 4046 4155 4246 4033 4553 4193 4458 4396 3919 4364 4222 4433 4218 4106 3992 4600 4187 4017 4330 4154 4068 4184 4460 4250 3926 4123 4080 4026 4370 3993 4228 4117 3836 4452 4225 4385 3870 4313 
4324 4335 4218 4212 4382 4089 4342 3953 4449 3949 4334 4261 4098 4646 4443 4742 4456 4630 4106 4146 4336 4490 4164 4086 4341 4569 4211 4259 5014 4345 4473 4165 4713 3838 4258 4336 4201 4621 4094 4570 3966 3951 4526 4213 4387 4036 4265 4306 4571 4317 4417 3768 4470 4482 4985 3934 3999 4380 4509 4472 4293 4484 4017 4691 4596 4202 4215 3963 4340 4097 4556 4464 4715 4163 4309 4296 4324 4445 4440 4300 4456 4345 4613 4127 3996 4214 4405 4392 3966 4425 4275 4350 4389 4465 4453 4441 4538 4447 4316 4098 4090 4736 4122 4070 4333 4707 4429 4578 4364 4245 4497 4343 4444 4251 4220 4235 4331 4168 4622 4588 4251 4279 4598 4208 3923 4170 4710 4322 4437 4527 4350 4390 4270 4677 3992 4178 4195 4336 4047 4285 4289 4066 4487 4086 4379 3873 4333 3970 3921 4078 4497 4612 4681 4309 4455 3823 4229 4315 4814 4335 4397 4541 4189 4396 4724 4302 4394 4309 4809 4530 4092 4618 4180 4848 4574 3950 4314 4625 4307 3853 4459 4067 4063 4331 4518 4136 4137 4314 4224 4398 4657 3964 4191 4041 4234 4441 4401 4777 4127 4360 
4217 4261 3853 3873 4317 3810 3946 3533 3895 3807 4029 4156 3888 4420 4258 4508 4145 4398 4043 4108 3848 4391 4270 3632 4062 4370 4026 3848 4308 4055 4526 4070 4182 3859 3971 4316 4214 3918 3955 4102 3590 3668 4345 4201 3909 3589 4233 4223 4161 4266 4188 3756 4324 4495 4629 4040 3838 4379 4213 4260 3988 4318 3803 4554 4402 3981 4051 4004 4187 3734 4243 4247 4403 3630 3862 4364 4134 4037 4367 3725 4287 4376 4171 3784 3742 3806 3891 4149 3812 4148 3965 4021 3802 4787 4140 3921 4422 4337 3969 3933 3990 4415 3851 3803 4453 4456 4325 4101 4224 4004 4250 3983 3982 4239 4106 4209 4116 3914 4380 4286 4116 4030 4003 4272 3893 3992 4409 4166 4178 4319 3978 4603 4116 4557 3872 4097 3888 3906 4122 4143 4230 4053 4222 4129 4305 3797 4324 4129 3674 3849 4393 4501 4642 3933 4061 3675 4134 4135 4601 4300 3806 3925 3956 4096 4151 3580 4221 4151 4447 4369 4069 4402 3914 4348 4400 3791 4282 4450 4182 3958 4428 3722 4065 4225 4277 3975 3946 4059 3732 4112 4210 3783 3998 4122 3791 4128 4187 4498 3928 4302 
4080 4062 3635 3774 4038 4013 3906 3881 4055 3916 3761 3988 3669 4444 4108 4185 4032 4235 3847 3864 3781 4029 4021 3707 3746 4352 4114 3687 4008 3694 4165 3610 4028 3617 3770 4084 4132 4124 3887 4030 3473 3623 3905 3919 4106 3554 4211 4026 4294 4002 3888 3759 4236 4359 4423 3839 3719 3942 4260 4001 4013 4136 3922 4214 4117 3908 3822 3682 3910 3504 4078 4077 4241 3735 3784 4235 3882 4012 3997 3720 4253 3948 4141 3625 3851 3740 3835 4113 3521 4229 3896 4022 3822 4568 4016 3928 3984 4069 3930 3917 3899 4167 3923 3742 4219 4081 4211 4034 4114 3929 4146 4153 3739 3888 3987 4143 4009 3600 4146 4186 4031 3873 4084 3973 3781 3693 4260 3841 4032 3777 3813 4237 3980 4145 3616 4048 3981 3885 3983 4005 4226 3783 4192 4021 4348 3582 4043 4144 3704 3790 4133 4173 4470 3983 3785 3846 4126 4247 4208 4091 3833 4010 3831 4039 3893 3860 4158 4054 4278 4009 3794 4109 3752 4218 4060 3803 3942 4217 4205 3757 4157 3730 3841 3743 4256 3708 3570 4066 3816 3778 3982 3719 4017 3730 3772 4122 3919 4334 3690 4183 
4297 4382 3919 3838 3919 3864 4138 3567 4000 3958 3819 3918 3993 4495 4146 4465 4316 4378 4063 4007 4055 4079 4169 3794 4029 4202 4119 4058 4408 3947 4369 3903 4119 3712 3860 4061 3983 4319 3690 4031 3826 3529 4314 4200 3875 3693 4128 4055 4281 3977 4141 3771 4264 4302 4481 3689 3855 4260 4246 4046 3993 4306 3867 4552 4110 4099 3969 3705 4279 3666 4200 4471 4610 3703 3893 4257 4072 3920 4116 3879 4163 3763 4356 3897 4076 3864 3951 4106 3687 4246 4071 4100 3787 4418 4135 3993 4094 4149 4121 4136 3976 4233 3905 3916 4191 4033 4033 4203 4153 4161 4188 3952 3821 4041 3830 4139 4052 3528 4140 4068 3961 4091 3973 4066 3858 3925 4502 4219 4393 4250 4205 4372 4024 4491 3920 4020 3923 3954 4155 4354 4095 4026 4146 3883 4378 3682 4296 4038 3841 3986 4221 4389 4662 3998 4189 3815 4143 4261 4551 4283 4020 4022 3812 4131 4259 3842 4241 4150 4302 4215 3995 4383 3986 4578 4452 3857 3784 4185 4239 4063 4200 3814 4071 4030 4328 3908 3966 4148 3750 3966 4294 3852 3966 3899 3972 4056 4107 4612 4015 4197 
4147 3906 3774 4027 3803 3599 3885 3630 4036 3897 3727 3899 3823 4330 4042 4051 3973 4453 3881 3775 4116 4080 3698 3881 3978 4246 3823 3782 4496 3919 4128 3946 3874 3541 3837 3986 4135 4124 3891 4108 3559 3502 4222 4049 3958 3688 3903 3883 4319 4007 3966 3714 4270 4221 4557 3566 3724 4060 4136 4034 4034 4212 3782 4442 3981 3883 3803 3785 3993 3486 4059 4073 4385 3713 3882 4068 3934 3923 3995 4033 4327 4130 4167 3678 3947 4125 4014 4044 3596 4027 3967 4008 3794 4296 3944 4083 3924 3978 4019 3617 3819 4354 3650 3747 4226 4165 4133 4112 3996 3848 4273 3760 4058 3842 4022 3591 4037 3736 4137 4177 3993 3767 3822 3819 3673 3807 4202 3859 4215 3902 3879 4202 4034 4279 3689 3895 4035 4289 3902 4129 3916 3945 4173 3756 4250 3591 3982 3885 3745 3830 4279 4297 4444 3599 3927 3745 4139 3920 4341 4092 3933 3975 3935 3858 3981 4147 4108 3784 4016 4289 4063 4139 4016 4357 3984 3599 3917 4303 4100 3854 3995 4042 3804 3908 4189 3949 3752 3969 3956 3646 4120 3912 4026 3859 3769 3745 4029 4163 3711 3898 
3974 3788 3702 4022 3761 3803 3765 3608 4090 3709 3872 3730 3672 4069 3920 4336 3991 4375 3671 3825 3943 3892 4179 3793 3910 4233 3900 3692 4282 3843 4087 3503 4103 3803 3857 4171 4089 4118 3870 4042 3639 3720 4230 4048 3830 3509 3976 4258 4085 4045 3911 3647 4192 4379 4506 3572 3786 4032 4331 4048 4079 4112 3782 4389 3985 3987 3798 3932 4053 3713 3865 4020 4569 3484 4059 4145 3626 3797 4074 3629 4163 4237 4089 3775 3972 3975 3809 3831 3749 3944 3804 4082 4064 4183 3907 4077 3930 3783 4070 3856 3864 4172 3968 3620 4098 4231 4051 4098 3837 3886 4019 3964 3989 3822 3959 3957 3961 3514 4072 3991 3915 4015 3836 3947 3836 3945 4228 3922 4040 4048 3717 4179 3927 4237 3623 3956 4019 3995 3905 3962 4043 3747 4031 3794 4393 3501 4213 3846 3391 4275 4087 3938 4299 3966 4143 3911 4150 3981 4120 4153 3871 3894 3772 4018 3721 3814 4076 4131 4117 4031 3814 4368 3835 4299 4058 3715 3978 4111 4232 4128 4206 3852 3919 3859 3826 3963 3750 4094 3545 3937 4014 3699 3754 3931 3587 4072 4112 4036 3885 3950 
4392 4453 3741 4131 4277 3958 4020 3534 4085 3775 4253 4153 4010 4615 3974 4326 4151 4334 4206 4098 3964 4265 4136 3902 4080 4270 4292 3834 4372 4180 4490 4076 4216 4116 4028 4263 4040 4527 4334 4224 3932 3863 4266 4239 4300 3756 4141 4274 4180 4035 4276 3658 4260 4438 4628 4003 3980 4404 4115 4281 4137 4384 3960 4555 4378 4217 4096 3908 4142 3794 4195 4173 4563 3614 4031 4341 3910 4039 4291 3780 4342 4338 4193 3996 4158 4242 4204 4243 3861 4236 4098 4359 4046 4637 4214 4271 4294 4228 4135 4122 3930 4347 4197 3954 4231 4370 4296 4226 4292 4246 4262 3880 4068 4175 4106 4082 4187 3887 4219 4338 4326 3922 4132 4093 3926 3932 4362 4132 4269 4349 4157 4241 4099 4429 4022 4061 4091 4134 3945 4135 4180 3912 4379 4114 4523 3882 4444 4104 3856 3992 4494 4394 4530 4201 4201 3978 4208 4399 4562 4524 3966 4278 4046 4219 4233 3843 4405 3989 4469 4374 3816 4363 4042 4587 4277 4082 4304 4386 4315 3870 4350 3892 3938 4070 4380 4214 4029 4064 3942 4107 4270 4064 4113 4050 3989 4341 4258 4302 4008 4224 
3992 4194 3674 3852 4068 3845 3809 3748 4013 3760 3700 3850 3720 4090 4237 4365 3784 4040 3913 4083 3917 4126 3990 3849 3869 4425 4226 3769 4318 4100 4277 3802 4074 3819 4113 3914 4132 4255 4030 4078 3587 3625 4191 3925 4103 3823 4046 3948 4327 3983 4166 3641 4320 4184 4568 3773 3880 4162 4189 4027 3970 4169 3950 4321 3853 4208 4159 3818 3865 3907 3823 4029 4210 3639 3737 4032 3868 4174 4143 3753 4349 4210 4093 3710 3795 3933 4091 3989 3814 4113 4051 4078 3805 4367 3819 4157 4469 4053 3839 4034 3754 4152 3744 3716 4092 4214 4223 4221 4270 4010 4108 3908 3935 3980 3787 3960 3954 3501 4402 4200 4032 3743 4028 4059 3806 3887 3999 3992 4131 4357 3894 4397 4106 4386 3791 3848 4021 3946 3817 4233 4253 4066 4196 3813 4371 3546 4292 4055 3715 4054 4241 4327 4454 4012 3842 3888 4279 4167 4528 4192 3981 3993 3853 3776 4225 4000 4204 3881 4251 4198 3982 4199 4169 4565 4129 3933 3894 4409 4200 3747 4269 3830 4006 4106 4323 4079 3852 4105 3811 3872 4460 3807 3897 3674 3730 4100 3920 4462 3987 3907 
4134 3965 3959 3902 4028 4110 3930 3765 3891 3892 3853 3892 3803 4338 3957 4144 4368 4125 3870 3913 3938 3999 4107 3668 3893 4252 3847 3942 4383 4027 4011 3810 4117 3813 3774 3859 3918 4257 3973 3983 3495 3616 4238 3995 4044 3676 4068 3995 4170 4015 4241 3477 4203 4115 4452 3567 3528 4020 4313 4256 3976 4191 3665 4394 3981 4198 3891 3788 3891 3771 4174 4277 4233 3551 3737 4268 3982 3970 4047 4027 4292 4012 4090 3970 3882 4055 3779 3966 3589 4079 4318 3908 3975 4297 4068 3929 4176 4068 3962 3969 3886 4265 4094 3774 4136 4015 4095 4366 3877 3884 3965 4064 3952 3943 4032 3947 4064 3610 4199 4197 3976 3897 3933 4060 3796 3929 4135 4027 4230 4047 3990 4140 4209 4383 3814 4006 3815 3906 3911 4087 4122 4003 4175 4027 4341 3698 4178 3720 3533 4165 4200 4205 4455 3690 4101 3766 4088 4213 4590 4021 3860 3951 3865 4123 4401 3741 4133 4135 4230 4002 3781 4135 3911 4365 4189 3790 4082 4417 4142 3730 4165 3736 3815 3885 4229 4107 3607 4148 3861 4166 4009 4052 3866 3772 3851 3802 3754 4622 3975 4072 
4333 4260 3809 4026 4001 4052 4153 3714 4003 3927 4274 4251 3840 4339 4296 4303 4266 4349 4013 4058 4129 4230 4014 3899 4139 4296 4135 4180 4200 4128 4362 3956 4177 3844 4012 4357 4271 4302 4072 4262 4038 3704 4254 4289 4004 3837 4178 4145 4304 4093 4120 3835 4329 4394 4749 3689 3923 4475 4352 3999 4076 4115 4055 4535 4321 4118 4017 4073 4203 3572 3989 4261 4657 3592 3970 4214 3967 4118 4217 3895 4367 4051 4034 3924 4068 4136 4124 4094 3673 4166 4238 4347 3964 4365 4071 4454 4356 3893 4195 3968 3895 4409 3910 4093 4418 4516 4161 4222 4269 4127 4256 4120 4087 4079 4186 4034 3746 3806 4531 4500 4221 3914 4209 4295 3907 3999 4223 4093 4203 4369 3991 4440 4397 4594 3655 4146 4055 4096 4224 4215 4427 3872 4263 3931 4479 3682 4449 4251 3735 4120 4199 4282 4751 4015 3913 3859 4352 4317 4523 4452 4051 4167 4081 4073 4182 3990 4086 3993 4362 4230 3856 4434 4011 4466 4349 3872 4341 4605 4372 4051 4290 4034 3914 4082 4371 3933 3868 4133 3764 4260 4469 4146 4107 3966 3859 4078 4341 4495 3805 4366 
4157 4298 3982 4221 4296 4014 3856 3923 4176 3992 4133 4210 3889 4225 4186 4450 4229 4307 4064 4295 3951 4199 4340 4085 4170 4645 4253 3874 4451 4223 4546 3890 4453 3781 4290 4527 4252 4376 4195 4334 4202 3786 4343 4267 4202 3495 3950 4342 4551 4268 4201 3911 4462 4630 4752 3839 4044 4178 4430 4374 4130 4353 4204 4412 4452 4094 4038 3958 4211 3676 4284 4129 4353 3936 4115 4390 4369 4421 4334 3877 4447 4411 4226 4005 4183 4037 4052 4317 3888 4208 4190 4383 4184 4740 4462 4564 4334 4180 4295 4155 4207 4575 4063 4026 4071 4252 4400 4463 4419 4055 4319 4214 3962 4124 4308 4005 4097 4124 4442 4207 4209 4100 4241 4518 4037 3805 4655 4103 4352 4299 4175 4358 4331 4578 3922 4031 4412 4085 4057 4321 4275 4047 4325 3947 4329 3689 4363 4407 3874 4050 4354 4543 4739 4224 3993 3826 4113 4315 4706 4251 3924 4291 4047 3955 4131 4174 4368 4161 4453 4390 4108 4510 4198 4528 4366 3861 4335 4503 4290 4027 4386 3819 3984 4130 4428 4063 4071 4275 3809 3961 4586 4047 4152 4069 4103 4238 4182 4583 3664 4057 
4251 4436 3950 4270 4268 4121 4133 3949 4224 4068 3896 4271 3706 4476 4249 4389 4323 4410 4041 4448 4073 4100 4279 4052 4006 4448 4220 4223 4498 4284 4600 4007 4354 3820 4190 4107 4064 4519 4117 4460 3851 3896 4471 4196 4152 4004 4150 4130 4462 4166 4301 3889 4133 4496 4898 3976 4104 4268 4538 4186 4281 4592 4142 4683 4253 4170 4014 3881 4491 4026 4288 4537 4552 3910 4118 4611 4045 4327 4429 4000 4320 4152 4198 3684 4182 4258 4226 4351 3882 4341 4190 4225 3978 4580 4193 4469 4296 4239 4238 4211 4053 4622 4038 4173 4524 4357 4438 4272 4343 4157 4337 4085 4040 4030 4269 4025 4126 3769 4283 4410 4391 4205 4301 4316 4201 4054 4335 4110 4338 4495 4252 4523 4251 4509 3828 4021 4022 4235 4195 4392 4193 3928 4321 3984 4518 3867 4491 4378 3776 4399 4690 4479 4704 4373 4297 3896 4396 4223 4742 4392 4154 4316 4107 4185 4454 4025 4390 4251 4400 4352 4088 4339 4011 4536 4361 3907 4308 4384 4409 4576 4338 4121 3917 4257 4456 4230 4032 4434 4034 4103 4382 3973 4217 4031 4080 4191 4492 4692 3926 4133 
4384 4160 3912 4218 3855 3856 3961 3675 4171 3816 3806 3961 3800 4274 4107 4230 3941 4329 3870 3885 4034 4041 4047 3649 3838 4394 4231 3829 4125 4079 4440 3817 3943 3566 4019 4186 4139 4346 3869 4191 3728 3733 4160 4203 4063 3757 4232 3976 4341 4165 4082 3851 4282 4380 4551 3741 3890 3980 4324 3966 4108 4048 3730 4232 4259 4025 3768 4090 4150 3614 4122 4223 4300 3714 4139 3949 3739 4054 4154 3754 4144 4239 4190 3833 4019 3802 3891 4068 3613 3935 4219 4212 4029 4475 4094 4144 4186 4086 4023 4049 3921 4217 3873 3660 4260 4207 4295 4084 4045 3931 4107 3844 3991 4043 4214 4031 4026 3778 4110 4271 4312 3834 3975 4226 3817 3770 4200 3979 4077 4194 4128 4053 4232 4193 3815 3730 4045 3987 3961 4000 3930 3910 4320 4149 4903 3648 4296 4011 3717 4000 4349 4242 4426 4276 4104 3815 4186 4120 4391 4205 3916 4122 3829 3984 4117 4073 4257 4314 4264 4163 3805 4094 4006 4347 4162 4003 4113 4283 4229 3870 4215 3911 3914 3805 4141 3841 3715 4069 3625 3939 4129 3939 4016 3750 3832 4067 4158 4518 4107 3923 
4248 4023 3832 3831 3939 3739 3785 3629 3929 3806 3876 3936 3622 4383 4099 4220 4032 4353 3844 3953 3821 4078 3770 3740 3584 4129 4168 3715 4208 4078 4219 3869 4175 3550 4033 3986 4084 4040 3895 3920 3658 3622 3975 3665 3833 3270 4138 4141 4113 3989 3947 3537 4241 4201 4466 3775 3455 4223 3893 4026 3861 4273 3664 4373 4099 3891 3845 3690 3779 3859 4218 4180 4356 3763 3892 4100 3881 3830 3988 3963 4036 4150 3970 3768 3918 3919 3938 4098 3747 3997 3971 4179 3814 4230 4283 3993 4016 3937 3826 4090 3718 4131 3951 3797 4153 4002 3978 4149 3869 3998 4137 3826 3895 3911 3826 4050 3970 3744 4120 3999 4006 3785 3814 3728 3694 3742 4140 3653 4130 3976 3829 4074 3856 4349 3779 3985 3867 3905 3659 3909 4171 3868 4152 4052 3975 3316 4052 3933 3501 3931 3887 3967 4136 3904 4010 3715 4168 3999 4236 4257 3920 3972 3832 4012 4020 3670 4250 3890 4249 4201 3720 4106 3721 4430 4233 3833 4005 4244 4118 3761 4119 3528 3817 3961 4317 3927 3939 3901 3671 4039 4196 3954 4035 3917 3501 4046 4025 4407 3961 3936 
3669 3875 3895 3841 3810 3620 3843 3374 3677 3658 3492 3691 3387 3970 3763 3914 3743 4025 3656 3733 3865 3873 3931 3497 3591 4160 3807 3607 4076 3634 3848 3515 3950 3375 3790 3881 3906 3913 3515 3927 3538 3452 3949 3947 3765 3300 3876 3913 3957 3974 3703 3658 3953 3949 4157 3505 3699 3833 4001 3808 3866 4175 3595 4337 3767 3717 3593 3716 3949 3459 3680 4098 4086 3508 3615 3857 3791 3897 4044 3639 3865 3722 3985 3475 3849 3833 3767 3646 3629 3837 3679 3805 3662 4057 3615 3751 3998 3555 3727 3522 3888 3836 3709 3575 3783 4037 3861 3942 3895 3884 3943 3771 3737 3623 3647 3689 3927 3348 3902 3720 3753 3723 3718 3760 3644 3688 4060 3820 4033 3995 3501 3983 3597 4042 3600 3895 3679 3836 3799 3929 3989 3507 3789 3799 4218 3367 3924 3703 3565 3586 4022 4013 4322 3589 3913 3439 3907 3800 4140 3758 3741 3839 3758 3798 3751 3629 3925 3880 3948 3959 3711 3995 3546 4212 4075 3530 3799 4006 3888 3790 3893 3476 3723 3650 3987 3709 3436 3945 3375 3471 4174 3364 3777 3530 3435 3818 3908 4072 3688 3707 
4524 4369 3964 4109 4148 3947 3984 3985 4377 4044 4062 4309 3827 4685 4508 4560 4325 4603 3983 4217 4337 4454 4323 4061 4151 4686 4430 4487 4748 4228 4641 4144 4162 3745 4282 4206 4280 4666 4300 4521 4018 4116 4385 4229 4340 3900 4426 4412 4492 4260 4083 3739 4597 4770 4845 4089 3863 4581 4603 4147 4179 4416 4023 4833 4339 4304 4043 4199 4403 4141 4205 4208 4654 3895 3942 4510 4259 4043 4661 4045 4434 4524 4456 4146 4142 4230 4345 4236 3891 4283 4263 4513 4336 4542 4300 4391 4344 4294 4092 4258 4163 4570 4124 4057 4504 4481 4443 4480 4449 4298 4435 4105 4348 4069 4378 4168 4365 3969 4625 4504 4479 4152 4345 4277 3860 4073 4542 4225 4381 4583 4207 4406 4340 4712 3934 3901 4270 4207 4311 4502 4357 4205 4445 4263 4533 3816 4494 3919 3672 4460 4478 4571 4621 4288 4492 3887 4519 4346 4592 4563 4212 4280 4319 4355 4311 4253 4335 4064 4497 4518 4114 4293 4262 4683 4552 4162 4455 4516 4501 3987 4530 3986 4016 4196 4660 4177 4007 4252 3980 4063 4532 4038 4241 4176 4226 4147 4408 4640 4054 4365 
4512 4538 4011 4342 4355 4156 4184 4026 4231 4161 4253 4278 4178 4669 4366 4543 4549 4728 4167 4348 4270 4334 4650 4094 4405 4670 4408 4192 4535 4383 4682 4266 4552 3994 4042 4372 4169 4678 4123 4200 3841 4079 4535 4355 4344 3894 4366 4580 4532 4276 4356 3992 4332 4550 4993 3814 3907 4233 4426 4583 4210 4700 4062 4690 4531 4381 4124 4105 4328 4066 4329 4457 4648 3858 4441 4699 4139 4296 4532 4195 4636 4580 4257 4165 4393 4090 4184 4363 3742 4629 4248 4254 3960 4586 4291 4521 4338 4447 4240 4279 4100 4743 4491 4285 4498 4599 4500 4304 4601 3992 4577 4302 4196 4247 4354 4357 4391 3980 4459 4543 4360 4095 4289 4431 4107 4158 4718 4219 4546 4272 4244 4452 4492 4842 3924 4297 4435 4290 4124 4304 4492 4236 4731 4114 4747 3954 4351 4324 4007 4374 4501 4453 4837 4228 4299 4118 4554 4569 4804 4176 4228 4500 4121 4444 4542 4120 4368 4229 4651 4453 4079 4298 4293 4867 4600 4093 4223 4542 4272 4160 4503 4118 4001 4108 4559 4413 4265 4223 4081 4396 4544 4225 4321 4268 4176 4399 4130 4901 4056 4406 
4031 4336 3898 3944 4171 3944 4012 3806 4059 4060 3940 3911 3776 4355 4106 4621 4130 4289 4182 4052 4044 4306 3994 3766 4099 4417 4164 4317 4356 4170 4117 3696 4289 3662 4141 4278 4164 4157 3874 4204 3840 3664 4359 4349 4026 3768 3970 4302 4206 4344 4124 3798 4308 4401 4520 3759 3852 4092 4262 4265 4244 4495 4043 4376 4147 4191 3860 3703 4255 3683 4213 4235 4236 3803 3877 4230 3848 4255 4187 3959 4180 4061 4231 3962 3841 4004 3975 4022 3717 4143 3937 4395 3926 4205 4142 4176 3873 4104 3973 4157 3997 4498 3956 3802 4228 4372 4419 4284 4225 4018 4029 4266 3961 3968 4089 4069 4035 3560 4338 4449 4352 3993 4207 4182 3941 4123 4382 4014 4327 4009 4005 4589 4021 4231 3777 4086 4092 3794 4183 4353 4510 3893 4035 4010 4335 3878 4330 4091 3698 3859 4255 4232 4654 4121 3881 3851 4210 4365 4427 4428 4104 4015 3946 3794 4119 4169 4169 4170 4167 4171 3793 4472 4058 4551 4317 3743 3983 4294 3934 4055 4258 3872 3864 4127 4255 4039 3822 4262 3827 3878 4488 4103 3943 3886 4020 4087 4306 4297 3885 4247 
4353 4105 3937 3995 4165 3859 3997 3652 4136 3917 3946 3937 3885 4428 4054 4290 4225 4656 3900 4255 4110 4098 4099 3826 3901 4480 4006 4249 4424 4082 4120 3907 4157 3503 4065 4330 4125 4181 3987 4198 3983 3843 4205 4060 4005 3668 4174 4534 4351 4080 4037 3764 4304 4452 4598 3889 3817 4203 4173 4278 3960 4436 3900 4625 4137 4161 4115 3943 4243 3792 4290 4209 4476 3933 4042 4221 4023 4299 4200 4086 4371 4252 4518 3884 4159 4097 4136 3989 3586 4109 4126 4414 3970 4414 4069 4186 4207 4221 4050 4205 3967 4245 4004 3614 4111 4225 4280 4157 4197 4219 4318 4025 3988 4115 4175 4237 3867 3598 4446 4376 4115 4070 4214 3802 3829 4013 4360 3928 4331 4072 3754 4386 4119 4322 3775 4048 4118 4029 4085 4247 4193 3791 4113 4057 4162 3666 4380 4249 3840 4018 4222 4281 4631 4183 4221 3839 4269 4193 4417 4207 4028 3984 3918 4056 4137 3871 4315 4274 4467 4273 3892 4317 3925 4446 4512 4065 4116 4632 4186 3886 4267 3733 4109 4041 4402 4020 3969 4160 3778 4084 4470 4058 4034 4162 3849 4027 4114 4432 3860 4167 
4243 4214 3817 3843 4011 3902 3772 3726 3888 3732 3836 3770 3760 4047 4079 4362 3906 4205 3624 3981 3853 3826 4185 3842 3913 4299 4227 3851 4381 3983 4003 3790 4030 3615 3863 3867 3988 4220 3619 3995 3764 3558 4112 3845 3884 3347 3892 4077 4160 4029 3929 3833 4160 4158 4586 3652 3627 4144 4295 3944 4055 4097 3614 4358 4138 3856 3998 3909 4242 3624 4197 4043 4498 3499 3909 3986 3745 3929 4291 3783 4133 3919 4019 3858 3790 3915 4103 3838 3686 4312 3962 4083 3893 4206 4146 4096 4065 3725 3946 4073 3660 4184 3816 3771 3979 4021 4085 4152 3963 4067 4284 3872 4143 3813 4074 3989 4043 3415 4143 4089 3900 3930 4125 3901 3629 3867 4238 3902 4030 4079 3764 4333 3805 4131 3939 4239 4122 4021 3721 4043 3846 3851 4115 3936 4231 3496 4206 3880 3819 3934 4078 3873 4378 3910 4152 3720 4132 4233 4215 4198 4036 4181 3843 3783 3922 4105 4199 3869 4056 4094 4026 4350 4058 4413 4031 3543 3950 3876 3841 3841 4123 3821 3925 4043 4171 4114 3830 4074 3539 4029 4330 3548 3618 3770 3789 4046 4018 4291 3994 3823 
4128 4150 3715 3866 4115 3766 3839 3757 3969 3935 3969 4037 4213 4172 3897 4163 4132 4445 4002 3609 4103 4096 3993 3891 3772 4229 4065 3879 4350 3932 4261 3858 3860 3717 3950 3905 4279 4286 4112 4126 3662 3764 4309 4244 4169 3441 4102 4008 4148 3906 4129 3609 4197 4163 4662 3773 3889 4437 4385 3867 4018 4222 3731 4469 4030 4192 4066 4049 3949 3756 4311 4056 4584 3668 4003 4196 3784 4080 4104 3876 4130 4077 4094 3904 3981 4013 3958 4025 3731 3900 3999 3776 3906 4419 4212 3941 4356 4081 3958 3778 3769 4469 4072 3808 4331 4266 4158 4357 4136 3901 4137 3923 3928 4062 4018 3905 4273 3612 3978 4062 3858 4085 3975 4050 3799 3999 4151 4235 4104 4251 3967 4303 4016 4254 3684 4023 3804 4119 3890 4059 4065 4185 4286 4024 4521 3904 4254 3729 3544 3952 4248 4251 4568 3729 4237 3882 3860 4140 4370 4166 3927 3998 3856 4053 4129 3978 4240 4138 4500 4416 3845 4229 3926 4355 4255 3687 3915 4380 4301 3751 4291 4112 4139 3700 4151 4136 3720 3839 3730 4002 4146 3629 3943 3984 3802 4021 4284 4230 4092 4020 
3945 4058 3565 3754 3900 3615 3605 3355 3757 3669 3789 3686 3524 4056 3943 3864 3862 4165 3692 3844 3819 3933 3869 3922 3544 4186 3825 3787 4098 3818 3954 3715 3701 3317 3797 3825 3826 4076 3544 3982 3728 3281 3834 3833 3947 3531 3945 3770 4120 3724 3614 3391 3972 4192 4257 3635 3414 4095 4204 3486 3917 4067 3796 4117 3884 3846 3778 3754 3726 3789 3938 3727 4083 3630 3693 4233 3612 3860 4134 3679 3939 3999 4032 3683 3766 3903 3654 3947 3615 4006 3889 3691 3941 3985 3841 3867 4087 3822 3698 3677 3717 4206 3892 3479 3861 3933 4063 3973 3947 3738 4273 3681 3520 3900 3805 3801 3764 3721 4185 4005 4053 3789 3938 3796 3510 3616 4195 3737 3779 4038 3830 4087 3809 4042 3466 3921 3869 3879 3963 4002 3825 3752 4167 3806 4135 3481 4170 3769 3393 3943 4058 4167 4220 3934 3756 3787 3931 3979 4214 3979 3629 3710 3851 3765 3751 3776 4002 3763 4243 4014 3662 3922 3740 4260 3966 3658 3854 4193 3942 3652 4114 3436 3375 3648 4020 3596 3681 3823 3705 3681 3925 3474 3848 3722 3668 3709 4254 4176 3636 3881 
4037 4020 3651 3959 3989 3906 3685 3849 4331 3870 3924 3992 3701 4271 4086 4206 3776 4302 3826 3864 3897 3975 4177 3618 4056 4365 4354 3795 4471 3898 4409 3836 3864 3660 3774 4079 4156 4289 4045 3900 3743 3502 4039 4171 4153 3556 4037 4090 4268 4014 3960 3384 4098 4284 4477 3835 3906 3904 4305 3934 4110 4066 3881 4262 3975 3975 3877 4262 3988 3734 3791 4096 4337 3473 3922 4218 3908 3950 4250 3718 4201 4047 3963 3530 3997 3974 4085 4205 3745 3870 4059 4184 3782 4312 3863 4124 4104 3880 3929 4044 3911 4424 3730 3731 3966 4183 4123 4181 4048 4033 4155 4159 3821 3829 3960 3937 4034 3633 4219 3812 3860 3935 3948 4014 3874 3907 4117 3843 4204 4080 3738 4236 4136 4407 3774 3867 3967 3956 4124 4087 4154 3707 4245 3959 4235 3522 4334 3948 3513 3865 4338 4132 4652 4021 4119 3796 4054 4253 4218 4150 4285 3888 3938 4049 4129 3937 3990 4097 4009 4136 3943 4258 3746 4296 4251 4017 4048 4194 4041 3776 4069 3992 3988 4090 4362 3925 3600 4227 3736 4022 4197 3887 3713 3968 3688 3892 3883 4489 3728 4014 
3836 4001 3767 3832 4004 3662 3843 3684 3982 3797 3884 3834 3743 4283 4006 4267 3971 4245 3773 3795 3881 4096 3938 3717 3917 4242 3604 3762 4226 3865 4066 3695 3873 3348 3859 4087 3984 4109 3937 3930 3678 3601 4108 4068 4020 3610 3948 4080 4244 4155 4028 3430 3741 4017 4388 3813 3718 4145 4133 4072 3852 4097 3537 4422 4101 3700 3902 3755 4023 3616 4402 4229 4472 3589 3806 3904 4084 3985 3995 3906 4096 4028 4093 3840 4091 3620 4029 3853 3592 4074 3887 4080 3842 4324 3875 3804 3902 3999 3841 3749 3933 4279 3784 3787 4023 4159 4000 4207 4177 3614 4100 4114 3902 3738 3963 3781 3944 3647 4040 4217 3975 4006 3989 3916 3601 3974 4173 3794 4246 3970 4013 4194 3958 4225 3626 3935 3927 4018 3796 4155 3993 3962 4122 3888 4372 3644 3790 3671 3753 4044 4252 4397 4378 3947 3777 3861 4189 4217 4224 4050 3800 4032 3862 3827 4069 3932 3963 3969 4207 4042 3950 4024 3781 4186 4139 3457 3656 4243 3911 3737 4242 3674 3896 4006 4071 3637 3770 4048 3681 3721 4068 3631 3964 3549 3755 3984 4196 4273 3878 3739 
4162 4208 3616 3789 4040 3970 3954 3879 4145 3977 3866 4153 3843 4403 4033 4163 4147 4167 3986 3873 3858 4251 3998 3943 3996 4508 4038 3943 4271 3912 4254 3963 4100 3838 4124 3831 4132 4367 4062 4231 3682 3813 4209 4049 4152 3739 4182 4035 3963 3987 4156 3802 4222 3972 4459 3727 3936 4267 4355 4057 3925 4137 3724 4445 4078 4025 3957 3843 4117 3746 4192 4279 4421 3481 4058 4223 3867 4172 4424 3897 4270 3981 4215 3570 4004 3960 3856 4038 3655 4079 4170 4023 3980 4359 4035 3866 4256 4108 4001 4159 3961 4511 3976 4063 4275 4318 4178 4222 4056 4090 4335 4136 3878 4116 4055 4101 4040 3739 4237 4199 4071 3969 4025 4096 3831 4250 4406 3934 4200 4104 4269 4312 4107 4430 3851 3999 4118 4043 3967 4182 4203 3955 4119 4093 4392 3912 4143 3783 3841 3938 4464 4142 4631 3792 4178 3845 4252 4333 4371 4258 3992 3950 3870 4147 4304 4029 4253 4181 4177 4332 3910 4397 4274 4265 4330 3675 4088 4254 3997 3907 4301 4185 4001 4208 4261 4137 3898 4232 3844 3861 4199 4065 3945 3971 4031 4111 3832 4539 3801 4115 
4108 4027 3667 3931 3911 3708 3526 3501 3872 3624 3909 3807 3702 4061 3918 4183 4018 4322 3833 3971 4053 4023 4032 3850 3793 4585 4006 3819 4222 3903 4055 3826 4127 3557 3925 4146 3963 4073 3854 4028 3921 3577 3975 3957 3867 3722 4057 3961 3930 4052 3782 3525 4153 4221 4376 3893 3666 4086 4136 3844 3840 4306 3834 4295 4142 3745 4123 3862 3956 3793 4016 4067 4270 3696 3795 3971 3889 4061 4165 3757 4380 4157 3932 3718 4080 3984 4176 3890 3619 4240 4001 4115 3996 4217 3907 3909 4158 3901 4086 3934 3700 4165 4147 3763 4029 4149 4079 4275 3946 3893 4111 3869 3860 3657 3912 4018 4126 3551 3887 4230 3970 3799 3862 3998 3322 3924 4182 3721 4175 4034 3734 4083 3991 4458 3693 3970 3901 3935 3772 4123 3952 3576 4096 3900 4171 3458 4102 3737 3451 3839 4158 4214 4478 3853 4067 3855 4073 4113 4379 4214 4022 3986 3779 3991 4226 3784 4277 3760 4257 4024 3721 4191 3938 4392 4188 3873 4006 4139 3848 3822 4200 3655 4066 3947 4092 4104 3717 3860 3407 4143 4317 3656 3840 3695 3909 3986 4032 4036 3764 3980 
4034 3979 3591 3721 3670 3683 3813 3552 3705 3717 3713 3764 3630 4014 3713 4042 3882 4207 3792 3794 3856 3980 3690 3603 3854 4158 3891 3528 4100 3844 3919 3653 3790 3368 3801 3679 3841 4043 3593 3943 3454 3541 3957 3658 3784 3543 3799 3946 3952 3944 3760 3585 3843 3993 4461 3492 3521 3963 4017 3897 3857 4089 3527 4038 4038 3719 3560 3554 3884 3391 3972 4006 3978 3508 3826 3893 3542 3759 3754 3865 4000 3997 3927 3737 3690 3712 3650 3627 3445 3991 3683 3908 3800 3911 3902 3928 3753 3792 3736 3609 3832 4110 3689 3511 4051 4216 3956 4023 3779 3724 4039 3603 3859 3680 3792 3699 3939 3501 3912 3903 3919 3719 3655 3754 3465 3786 4051 3756 3912 3663 3736 4002 3679 3849 3354 3869 3847 3706 3774 3698 3607 3733 3810 3615 4042 3416 3979 3716 3436 3946 3847 4064 4227 3706 3689 3705 3871 4004 3954 4038 3876 3693 3612 3703 3840 3922 3924 3844 3999 3825 3637 4110 3747 4238 3855 3544 3746 4157 3749 3747 4020 3637 3655 3819 3988 3749 3779 3865 3352 3644 3850 3715 3733 3732 3735 3726 3904 4077 3867 3775 
4329 4266 3930 4189 3954 3700 3832 3771 4110 3774 3858 3962 3772 4384 4208 4146 4240 4355 3785 3948 4198 4202 4338 4088 4122 4385 4200 3943 4361 3770 4301 3857 4256 3736 4012 4120 3921 4368 3851 4042 3866 3829 4223 4147 3988 3511 3998 4203 4229 4221 3926 3617 4241 4242 4430 3868 3790 4411 4065 4127 4294 4196 3812 4484 4204 3831 3868 4025 4154 3945 3948 4168 4646 3722 3981 4140 3992 4003 4277 3889 4073 4326 3993 3890 4037 4012 3847 4101 3947 4054 4045 4268 4159 4251 4132 4356 4060 4094 3998 4149 4063 4362 3993 3901 4139 4157 4148 4254 4146 3771 4227 3947 4051 4013 4044 4007 4089 3692 4140 3970 4091 4161 4074 4053 3906 3934 4380 3788 4348 4142 4040 4470 4106 4446 3903 4133 4013 3971 3822 4015 4184 4025 4253 3933 4426 3496 4221 3958 3749 4157 4301 4112 4383 4237 4078 3808 4192 4149 4480 4052 3927 4110 4120 4001 3952 4172 4275 3969 4303 4292 4053 4508 4086 4548 4181 3655 3936 4286 4188 3986 4263 3818 3940 3954 4391 4089 4017 4150 3862 3910 4318 3870 3891 3815 3893 3941 4265 4362 3955 3960 
4229 4118 3939 3963 4285 3911 3955 3753 4266 4065 3960 4025 3852 4527 4082 4499 4329 4573 4181 4164 4028 4432 4179 3841 4184 4488 4178 4026 4496 3994 4431 3731 4123 3617 4094 4120 4222 4413 4019 4292 3619 3558 4193 4356 4182 3799 4205 4285 4383 4272 4159 3817 4400 4625 4456 3906 3989 4104 4415 4217 4177 4328 3785 4547 4362 4102 4017 3945 4156 3839 4252 4202 4535 3926 4078 4282 3926 4406 4305 3966 4373 4333 4314 4043 4084 4022 4026 4238 3771 4096 4194 4186 4043 4550 4183 4183 4195 4197 4244 4177 3972 4434 3926 3799 4215 4404 4477 4241 4222 4188 4405 3877 4142 4061 4164 3944 4188 3870 4338 4325 4099 4054 4075 4175 4089 4130 4417 4098 4413 4293 4031 4312 4173 4491 4046 3953 4046 4058 4162 4273 4089 3944 4272 4156 4260 3803 4578 4041 3766 4183 4308 4433 4800 4159 4161 3976 4049 4113 4510 4364 4108 3958 3859 4005 4228 4016 4198 4225 4371 4336 4075 4204 3980 4203 4199 3899 4116 4354 4246 4066 4466 3940 4081 4228 4330 4186 3948 4198 3907 4032 4517 4148 4271 3982 4017 4139 4414 4656 3845 4073 
3981 4049 3596 3501 3983 3813 3727 3620 3762 3661 3557 3623 3718 4166 3818 3955 3823 4135 3566 3831 3576 4004 3681 3785 3418 4271 3870 3719 4144 3630 3957 3596 3690 3474 3824 3712 4009 3995 3719 3917 3711 3492 3999 3750 3883 3538 3906 3728 3996 3677 3977 3673 3972 3849 4179 3393 3717 4056 3987 3642 3862 4168 3585 4313 3883 3503 3655 3565 3677 3584 4038 4009 4011 3553 3645 4082 3579 3960 3775 3517 4116 3908 3972 3443 3702 3794 3866 3555 3441 3861 3728 3887 3838 4114 3836 3689 3854 3801 3902 3778 3737 3944 3377 3653 3955 4042 3914 3913 3861 3611 3946 3898 3799 3633 3673 4011 3808 3502 3862 3895 3936 3854 3678 3589 3624 3775 4002 3862 3771 3784 3715 4096 3877 4096 3533 3966 3711 3784 3641 4039 3773 3622 3827 3646 4143 3439 3999 3674 3632 3599 4004 3998 4025 3636 3787 3834 3868 3815 4296 4082 3763 3748 3505 3647 3788 3900 4009 3881 4211 3929 3545 4080 3545 4404 3942 3499 3652 4189 3832 3306 4185 3591 3489 3756 4139 3731 3379 4001 3522 3494 3867 3645 3795 3627 3703 3867 3872 4169 3804 3820 
4202 4141 3867 3953 4084 3769 3935 3595 4117 3829 3817 3885 3739 4277 3899 4348 3967 4248 3951 3835 4009 4076 3889 3796 3779 4517 3883 3919 4234 3957 4137 3903 3885 3777 4106 4167 4261 4122 3757 4275 3843 3792 4053 3998 4077 3726 3942 4146 4131 4081 4061 4070 4246 4412 4622 3829 3722 3993 4144 3934 3957 4234 3886 4603 3866 4154 3867 3699 3996 3830 4202 4102 4416 3714 3843 4121 3860 3990 4150 3968 4244 4203 4127 3608 3951 3797 3976 4065 3678 3920 3761 4111 3797 4331 3920 3866 4037 4150 3876 4052 4121 4312 4082 4030 4257 4214 4316 4083 4134 3956 4219 3814 4129 3916 4074 4010 4113 3805 4130 4127 4070 3958 3987 4056 3741 3940 4305 4010 4103 4070 3684 4426 4103 4339 3805 3932 3758 3819 4035 4140 4021 3766 4349 3964 4039 3543 4104 4011 3522 3873 4178 4182 4279 3992 4074 3712 4046 4136 4208 4214 3726 3731 3919 4034 3846 4019 4232 3994 4326 4099 3825 4157 3636 4296 4123 4022 3938 4226 4129 3869 4350 3778 3728 3971 4330 3632 3835 4214 3865 3689 4235 3816 3942 3887 3763 3972 4280 4308 3971 4004 
4022 4021 3579 3783 3740 3675 3790 3759 3768 3641 3876 3910 3696 4290 4099 4229 3805 4144 3756 3958 3834 3765 4121 3637 3750 4224 3929 3690 4130 3888 4248 3773 3861 3534 4044 4027 3919 4183 3882 4100 3385 3663 4119 4148 3938 3378 3880 4073 4287 3964 3961 3707 4162 4151 4439 3512 3692 4113 4034 3805 3974 4402 3725 4218 3974 3862 3803 3607 4042 3549 4033 4033 4276 3382 3876 4108 3881 3893 4006 3835 3946 3969 4013 3800 3838 3890 4018 3823 3345 3997 3895 4276 3964 4267 3816 4047 4000 4031 3951 3856 3902 4224 3951 3921 4057 4344 4113 4204 3941 3802 3905 4098 3880 3824 3988 3860 4066 3660 4058 4181 4067 4000 4043 3915 3632 3692 4501 3826 4054 4319 3974 3960 3808 4103 3604 3921 4061 3992 3765 4170 4043 3923 4058 3923 4445 3633 4108 3705 3538 3855 4107 4193 4256 3839 4022 3563 4199 4341 4111 4260 3806 3968 3838 4124 4008 3767 4238 3716 4194 4112 3692 4357 3845 4365 4151 3758 3902 3968 3984 3810 4244 3647 3745 3647 4176 3771 3671 3931 3850 3854 4130 3605 3931 3587 3651 4042 4028 3998 3754 4004 
4227 4345 3803 3886 3798 3800 3778 3427 3890 3840 3780 3945 3599 4222 3967 4220 4036 4512 3891 3798 3861 4069 4060 3909 3767 4172 4023 3763 4134 3870 4270 3640 4102 3664 3781 4001 4069 4131 3999 3962 3817 3744 4140 3960 4023 3674 3958 4289 4057 3944 3892 3629 4361 4299 4542 3794 3719 4225 4081 3830 4081 4437 3575 4271 4283 3927 4012 3718 4293 3648 4077 4234 4330 3536 3722 3980 4068 3986 4174 3897 4036 4035 4211 3849 3981 3843 3966 4173 3586 4145 3908 4142 3992 4416 4139 4027 4009 3910 4001 4184 3780 4188 3868 3813 4168 4207 3971 4070 4300 3747 4101 4071 3752 3744 4152 3759 3943 3555 4148 4415 3962 4099 3998 3830 3741 3949 4315 3927 4210 4267 3800 4052 4069 4463 3950 4045 3983 4010 3690 3944 4070 3894 4099 3907 4312 3749 4268 3971 3676 4040 4098 4147 4373 4010 3984 3807 4377 4068 4387 4397 4056 3999 3775 3900 4123 3789 4204 4101 4309 4331 3762 4194 3825 4434 4216 3841 3945 4458 4154 4033 4278 3559 3792 3977 4262 3905 3732 4136 3591 3925 4133 3889 3827 3927 3722 3947 4049 4191 3687 3960 
4574 4242 3928 4205 4074 4021 3984 3475 4039 3932 3997 4067 4084 4605 4291 4467 4240 4479 4103 4057 4167 4264 4267 3804 4137 4388 4097 3953 4463 4011 4168 4004 4232 3771 3976 4082 4021 4193 4129 4347 3909 3884 4510 4217 4246 3913 4118 4145 4259 4161 4347 3581 4222 4430 4757 3911 3917 4301 4433 4108 4105 4299 3787 4618 4342 4121 3977 3671 4453 3869 4504 4410 4311 3862 4082 4337 4096 4298 3954 4053 4223 4105 4408 4083 3922 3950 3952 4110 3787 3914 4219 4298 4032 4491 4289 4130 4160 4252 4054 4303 3849 4452 4215 3769 4302 4211 4243 4424 3983 4004 4347 4053 3862 4279 3912 4103 4145 3488 4366 4289 4297 4185 4313 3907 3836 4152 4349 4280 4174 4348 4169 4442 4232 4621 4069 4091 4008 4311 3857 4282 4297 3875 4447 4181 4438 3993 4265 4266 3707 4165 4444 4319 4423 3935 4224 3831 4262 4256 4468 4609 3779 4315 3918 4300 4423 4033 4410 4370 4205 4213 3856 4313 3851 4688 4325 3868 3916 4423 4375 4023 4190 3895 3906 4044 3991 3896 3973 4202 3904 3930 4181 4099 4167 4121 3803 4013 4152 4731 4298 4180 
4154 3882 3577 3926 3712 3930 3789 3759 3922 3837 3956 3845 3654 4268 3916 4009 4142 4167 3695 3887 4156 4083 4102 3525 4269 4393 3911 3705 4198 3920 4123 3866 4028 3547 3836 4167 3855 4075 3721 3889 3688 3612 4472 4103 3922 3776 3939 4208 3933 4050 3986 3672 4240 4453 4287 3778 3827 4208 4303 4115 4202 4135 3729 4354 4062 3970 4089 3955 4136 3704 3993 4067 4327 3486 3844 4186 3771 4027 4147 3662 4404 4092 4037 3783 3803 3684 3886 3830 3623 3755 4064 3967 3924 4136 3913 3990 3983 4133 3995 3931 3879 4138 3682 3825 4057 4324 4006 4231 3951 4038 4263 3831 3956 3695 3695 3755 4015 3847 3993 3869 3831 3777 3707 4114 3786 3918 4210 3996 4388 4101 3878 3997 4017 4297 3610 3640 3748 3954 3983 4074 3858 3768 4252 3876 4080 3579 4182 3939 3208 4106 4280 4193 4483 3856 4091 3626 4120 3947 4149 4156 3883 4025 3929 4163 4112 3945 4121 3918 4131 4069 3898 4208 3654 4364 4103 3586 4000 4216 4252 3900 4146 4006 4077 3908 4131 3949 3760 3964 3726 3928 4094 3674 3897 3857 3817 4186 3803 4314 3741 3996 
4242 4554 3790 4053 4197 4150 4033 3806 4028 3809 3982 4114 4000 4561 4241 4532 4067 4503 3958 4122 4225 4430 4148 4016 4329 4210 4393 4055 4286 4020 4403 4060 4217 3964 4229 4122 4131 4397 3959 4191 3908 3777 4250 4269 4245 3786 4216 4014 4290 4203 4114 3771 4406 4293 4813 3925 3893 4193 4303 4155 4110 4376 3952 4689 4192 4085 4190 3869 4313 4121 4314 4267 4486 3669 3991 4412 3924 4184 4258 4004 4109 4215 4319 3910 3903 4031 4330 4236 3836 4280 4134 4111 3824 4585 4068 4273 4352 4137 3907 4201 3999 4544 4132 3996 4313 4351 4411 4247 4110 4094 4493 4104 4145 4158 3986 3910 4169 3726 4275 4422 4177 3904 4368 4106 3932 3982 4653 4048 4385 4333 4263 4537 4134 4356 3933 4352 4110 3969 4023 4325 4246 4038 4334 4282 4528 3969 4455 4027 3911 4142 4423 4447 4612 4023 4114 4076 4459 4371 4576 4461 4175 4041 3982 4177 4329 4024 4419 4074 4155 4463 4108 4205 4123 4709 4423 4013 3960 4273 4193 3928 4516 3992 4075 4214 4584 4030 4012 4155 3924 4009 4362 3823 3937 3884 3982 4078 4311 4563 4171 4271 
4410 4503 3917 4142 4432 4138 4035 3826 4290 4059 4116 4234 4069 4858 4586 4497 4422 4730 4512 4318 4134 4404 4408 3979 4166 4648 4510 4447 4496 4251 4463 4102 4298 3765 4212 4419 4163 4467 4208 4205 4049 3931 4539 4462 4227 3943 4451 4147 4400 4364 4313 3977 4393 4510 4879 4175 4139 4256 4550 4385 4306 4568 4132 4648 4369 4307 4334 4115 4325 4034 4426 4441 4713 3932 4221 4547 4142 4269 4601 4113 4272 4356 4414 3786 4170 4175 4136 4390 4047 4393 4496 4153 4272 4721 4146 4229 4443 4483 4161 4141 4219 4514 4167 3961 4421 4359 4536 4545 4341 4328 4545 4267 3948 4279 4171 4359 4279 3853 4601 4260 4333 4296 4365 4441 4234 4288 4597 4431 4461 4589 4161 4576 4415 4774 4083 4158 4264 4027 4162 4403 4392 4163 4572 4383 4522 3917 4308 4120 3918 4243 4692 4407 4707 4314 4308 3937 4277 4187 4420 4425 4173 4176 4252 4214 4542 4159 4262 4349 4571 4639 3990 4410 4137 4608 4525 4013 4107 4567 4538 4036 4460 4009 4340 4452 4568 4278 3976 4265 3917 4079 4772 4185 4310 4232 3838 4421 4282 4814 4233 4272 
4652 4247 3971 4193 4487 3942 4197 3872 4350 4046 4248 4105 3959 4603 4484 4601 4365 4520 3953 4114 4165 4206 4306 4212 4339 4511 4302 4037 4772 4196 4549 4123 4326 4182 4168 4369 4376 4529 4070 4370 4134 3829 4404 4407 4416 3842 4333 4458 4324 4333 4296 3819 4441 4462 5067 4221 3910 4621 4788 4123 4473 4648 4159 4550 4636 4207 4259 4172 4239 3972 4350 4322 4660 3888 4090 4602 4159 4232 4477 4317 4591 4504 4450 4350 4259 4122 4273 4443 3972 4400 4327 4488 4545 4749 4542 4644 4364 4481 4056 4253 4086 4582 4272 4194 4309 4720 4590 4468 4210 4193 4322 4203 4256 4244 4421 4187 4393 3954 4343 4763 4377 4009 4307 4286 4061 4172 4762 4374 4536 4446 4231 4330 4449 4543 3987 4351 4374 4387 4280 4371 4392 4200 4531 4321 4438 3883 4692 4091 3868 4153 4676 4724 4749 4094 4253 4130 4400 4373 4673 4664 4119 4302 4198 4410 4319 4310 4625 4159 4374 4645 4157 4501 4253 4929 4556 3892 4355 4736 4603 4282 4389 4135 4266 4243 4293 4190 3982 4152 4140 4223 4324 4127 4190 4091 4115 4293 4387 4590 4176 4323 
4255 4172 3714 4004 4091 3878 3715 4077 3990 4018 4082 4245 4041 4533 4205 4448 4155 4280 4053 4257 4170 4337 4360 3917 4101 4565 4047 3979 4521 3999 4447 3947 4017 3553 3898 3945 4030 4425 4240 4261 3842 3629 4316 4163 4049 3482 4143 4004 4551 4313 4173 3747 4482 4237 4608 3866 3931 4151 4330 4223 4301 4198 3811 4654 4196 4127 4001 3896 4054 3967 4317 4172 4502 3809 4054 4247 4148 4155 4108 3983 4129 4210 4179 3875 3894 4082 3979 4078 3860 4101 3948 4003 3931 4607 3666 4014 4128 4003 4119 4046 3896 4343 4070 3884 4440 4278 4200 4534 4224 3983 4212 3980 3976 4040 4137 4115 4378 3827 4379 3931 3945 4198 4081 4187 3750 3878 4283 4002 4385 4145 4101 4502 3973 4448 3679 4040 4144 4061 3881 4199 4049 3957 4260 3947 4580 3693 4123 3948 3706 4141 4420 4181 4651 3770 4030 3638 4337 4179 4588 4119 4036 4135 4052 4103 4177 4125 3982 4048 4267 4106 3954 4375 3986 4182 4430 3674 3883 4249 4312 3924 4350 3942 4072 3966 4325 3888 3991 4309 3831 4024 4323 3778 4099 3945 4045 3907 4173 4557 3949 4051 
3974 3930 3583 3706 3813 3917 3666 3690 4083 3770 3943 3921 3858 4238 3687 3975 3961 3971 3803 3786 3761 3945 4060 3772 3872 4188 3687 3872 4131 3862 4102 3618 3846 3596 3944 4000 3949 4102 3633 4068 3655 3460 4130 3893 3932 3583 3877 3908 4035 4100 3897 3629 4025 4019 4207 3592 3621 4058 4188 3778 4164 4196 3773 4465 3982 3857 3799 3884 3709 3592 4139 3958 4339 3649 3816 3974 3613 4019 3934 3834 4061 4195 4094 3658 4001 3831 3735 3984 3483 4157 3920 4019 3921 4088 3891 4015 4017 3995 3743 4004 3960 4162 3982 3748 4040 4111 4114 4098 4093 3608 4139 3712 3774 3861 3747 3758 3963 3506 3884 3896 3945 3861 3625 3915 3822 3706 4104 3812 4052 3756 3961 4271 3862 4080 3430 3806 3941 3673 3826 3837 3919 3864 3804 3952 4241 3522 4166 3670 3572 3896 4421 4198 4403 3878 3764 3774 3966 4053 4376 4169 4113 3723 3751 3827 3923 3923 3957 3970 4196 4001 3951 3988 3847 4153 4092 3506 3892 4185 4020 3777 4368 3920 3868 3956 4049 3766 3673 3968 3570 3898 3953 3861 3873 3700 3761 3791 3986 4149 3880 3580 
3959 4054 3657 4059 3878 3636 3719 3704 3807 3626 3787 3714 3530 4219 3767 4133 3962 4180 3698 3896 3882 4112 3910 3515 3751 4091 4017 3676 4128 3828 3971 3762 3865 3535 3769 3982 4025 4144 3999 3988 3641 3447 3963 4052 3794 3333 3964 4043 4029 3854 4064 3479 3977 4145 4122 3849 3610 3893 4101 3777 3958 4216 3665 4154 4060 3917 3740 3909 3893 3547 3980 3976 4377 3536 3697 4230 3882 3690 3980 3896 4105 4054 4001 3870 3655 3796 3927 3931 3538 3834 3850 3902 3753 4212 4012 3908 4142 4001 3758 3744 3792 4168 4096 3624 4189 4153 3955 3990 3954 4002 4009 3606 3587 4039 3785 3814 4094 3764 3938 3970 3973 3793 3650 3963 3737 3709 3708 3728 3932 4206 3886 3915 3786 4129 3735 3698 3682 3797 3805 3836 3785 3873 4261 3959 4169 3420 4241 3836 3421 3813 4132 4083 4161 3768 3927 3536 4192 3886 4047 3871 3880 3733 3820 4161 3696 3471 4011 3915 4063 4056 3511 4119 3780 4394 4181 3787 4022 4161 4168 3794 3968 3621 3695 3713 4053 3666 3825 3699 3599 3790 3982 3686 3893 3828 3669 3996 4167 4207 3705 3914 
4217 4119 3917 4051 4061 3761 3920 3562 4051 3910 3877 4058 3829 4419 4090 4381 4077 4211 3699 4160 4112 4277 4279 3749 3871 4294 4117 3812 4361 4120 4185 3919 4079 3472 4100 4249 4128 4271 3662 4210 3856 3677 4356 4261 4086 3805 4122 4041 4235 4087 4262 3534 4448 4352 4564 3883 3667 4477 4457 4006 4261 4239 3644 4390 4091 3869 3905 4062 3985 3953 4027 4106 4454 3724 3758 4104 4169 4224 4198 3804 4091 4257 4063 3937 3837 3973 3882 4311 3758 3940 4256 4207 4113 4302 4106 4136 4335 4196 4070 4099 3974 4332 3968 3855 3994 4371 4211 4391 3973 3863 4143 3811 4277 4167 4111 3888 4142 3831 4355 4269 4034 3888 4160 4054 3719 4000 4375 3915 4277 4365 4009 4138 4073 4229 3795 3947 4012 4334 3962 3902 4093 3879 4333 4045 4455 3811 4360 4066 3566 4216 4107 4410 4417 4064 3877 3776 4332 4368 4506 4236 3847 4004 3854 4300 4017 3684 4088 4158 4181 4280 3770 4333 3825 4434 4102 3753 4057 4418 4301 3790 4209 3657 3912 3991 4260 3938 3982 4060 3707 4072 4322 3901 4041 3764 3816 4148 4064 4493 3989 3975 
3881 4262 3604 3815 3966 3822 3826 3848 3893 3784 4122 4038 3707 4420 3901 4224 3975 4261 3865 3919 3888 4106 3875 3743 3798 4264 3968 3936 4143 3979 4361 4057 3686 3581 4108 4019 3889 4327 3953 4150 3776 3466 4327 4116 4202 3623 3941 3960 4238 3825 3965 3762 4274 4181 4460 3826 3881 4189 4473 3973 4215 4306 3800 4497 4267 3790 3903 4055 3941 3623 4233 3969 4345 3646 3985 4086 3776 4304 4236 3949 4095 4052 4080 3759 4008 3802 3981 4002 3593 3926 4027 4076 4015 4092 4025 4186 4042 4214 4035 4060 3820 4295 3964 3639 4085 4040 4224 4184 4181 3836 4381 3936 3855 3805 4056 3753 3876 3771 4255 4245 4014 4055 4037 3960 3679 3880 4243 3887 4300 4139 4131 4152 4112 4149 3742 3684 4140 4046 4181 4103 3917 3932 4151 4002 4219 3614 4326 3783 3763 4057 4382 4470 4612 4026 3840 3929 4021 4385 4111 4242 4001 3964 3846 3959 4259 3912 4205 4087 4238 4267 3850 4329 4010 4341 4111 3915 3929 4359 4136 3737 4289 3859 4087 3985 4184 3997 3874 3870 3916 3782 4203 3825 3929 3964 4021 4186 4138 4187 3906 3920 
4119 4247 3619 3907 4043 3780 3738 3772 3908 3902 4047 3858 3989 4371 3994 4318 4187 4235 3816 3838 4015 4087 4240 3681 3997 4424 4088 3739 4303 3883 4261 3854 4012 3878 4019 3918 4078 4299 4060 4047 3675 3417 4120 4207 3951 3727 4293 4149 4121 4162 4188 3746 4026 4243 4689 3747 3830 4106 4329 3795 4155 4117 3809 4619 4160 4011 4011 4024 4231 3420 4101 4249 4384 3504 3958 4152 4039 3918 4079 3995 4229 4032 4238 4000 3925 3937 3941 3970 3573 4072 4024 4281 3848 4379 4015 4076 4192 3946 3940 3890 3810 4486 3919 3699 4205 4193 4165 4336 4058 4027 4145 3934 3729 4061 3934 4072 4074 3654 4251 4067 3980 3958 3999 3985 3887 4035 4205 3809 4124 4027 3742 4325 4071 4367 3956 4184 4010 3979 3993 4336 4151 3984 4120 3925 4228 3550 4287 4032 3735 3893 4175 3955 4556 4011 4171 3826 4087 4098 4344 4318 4053 3951 3820 4043 4001 3872 4075 4066 4222 4028 3753 4401 4014 4305 4111 3648 4014 4145 3907 4150 4202 3936 3925 4045 4380 3984 3704 3952 3905 4024 4041 3797 4048 4038 3778 3991 4027 4317 4007 4016 
4169 4211 3839 3865 4475 4020 4068 3764 4366 3983 4052 3942 3911 4320 3997 4280 4083 4281 4049 4115 4130 4050 4117 4059 3875 4385 4192 4178 4442 4201 4241 4039 4325 3639 4258 4401 4215 4386 3930 4240 4014 3901 4321 4040 4168 3908 4136 4239 4272 4225 4040 3834 4156 4351 4507 3949 3891 4232 4203 4239 4083 4268 4013 4273 4250 4123 3995 3986 3977 3933 4127 4336 4547 3848 4104 4309 3768 4214 4363 4046 4074 4223 4168 3944 4121 4188 4187 4082 3859 4128 4204 4365 4166 4286 4070 4104 4307 4242 4136 4144 4084 4428 3979 4066 4055 4267 4304 4251 4139 4260 4313 4074 4094 4106 4242 4015 4093 3732 4304 4418 4258 3881 4281 4179 3892 4137 4101 4172 4180 4354 4222 4318 4280 4136 3964 3870 3747 4050 3833 4194 4218 4035 4428 4246 4651 3953 4303 4079 3711 4031 4281 4250 4769 4111 4144 3901 4248 4311 4523 4215 3986 4103 4018 4268 4346 4135 4091 4282 4437 4183 4106 4096 3925 4691 4294 4046 4195 4597 4311 3812 4215 4098 3878 4014 4422 4033 3887 4127 3792 4035 4276 4066 4103 3927 4003 4046 4297 4494 3766 3881 
4589 4277 3961 4303 4305 4179 3850 3859 4241 4365 4042 4095 4020 4563 4382 4604 4250 4552 4202 4558 4142 4301 4654 4155 4477 4733 4444 4310 4529 4237 4441 4030 4503 3842 4086 4261 4456 4623 3898 4292 4281 3898 4423 4340 4418 3661 4292 4442 4509 4540 4082 4131 4696 4663 4942 3819 3741 4429 4378 4156 4171 4583 4020 4481 4320 4253 4232 3845 4398 4082 4359 4446 4627 3719 4145 4450 4324 4214 4294 4034 4428 4517 4477 4224 4130 4028 4187 4341 4107 4339 3967 4449 4192 4453 4190 4485 4217 4296 4205 4341 4112 4423 4228 4247 4353 4292 4445 4630 4491 4207 4290 4133 4142 4239 4267 4213 4348 3765 4418 4427 4326 4331 4185 4330 3961 3892 4631 4296 4608 4463 4168 4698 4452 4525 4052 4315 4585 4148 4146 4180 4474 4117 4307 4350 4781 3798 4537 4495 3818 4374 4474 4572 4876 4479 4170 4264 4395 4468 4892 4590 3850 4305 4330 4132 4394 4209 4544 4174 4484 4406 4123 4508 4206 4819 4381 4309 4300 4352 4437 4144 4542 3908 4103 4026 4559 4202 3902 4195 3967 4287 4410 4218 3943 4149 4228 4274 4390 4765 4183 4046 
4258 4161 3563 3793 4017 3884 3805 3856 4149 3988 4095 3914 3637 4224 3990 4413 3998 4463 4039 3818 4038 3988 3953 3730 3930 4265 4183 4042 4334 4068 4303 3768 4221 3939 4170 4017 4187 4346 3826 4012 3743 3694 4253 4077 4253 3692 4136 4089 4076 3855 3905 3782 4241 4132 4573 3828 3617 4187 4124 4324 3955 4358 3724 4241 4125 4017 4027 4033 3851 3916 3962 4143 4527 3585 3981 4106 3814 4030 4256 3821 4203 4223 4199 3902 4054 3836 4121 3966 3796 3847 4232 4248 3920 4265 4062 4028 4331 4023 4012 4113 3991 4365 4010 3999 4209 4294 4309 4131 4140 3937 4209 3972 3844 3896 3911 4012 4073 3661 4106 4253 4191 3949 3827 4069 3898 3943 4294 4025 4303 4025 4077 4122 4299 4476 3822 3910 4064 3928 3906 4151 4147 4107 4198 4043 4450 3509 4299 3876 3619 4100 4235 4295 4562 3833 4071 3848 4242 4163 4362 4192 4178 3924 3974 4014 4056 3929 4237 4075 4241 4240 4033 4213 4112 4454 4116 3777 4106 4497 4145 4054 4301 3880 3969 3890 4108 4011 3668 4101 3862 3909 4224 3959 3800 3910 3743 4054 4102 4265 3739 3968 
4057 4144 3789 3743 3962 3762 3867 3855 3996 3923 3929 3935 3671 4154 4156 4251 4186 4279 3784 4127 4066 4062 4158 3788 3829 4330 3885 4128 4452 3888 4122 3808 4192 3453 3892 4167 3945 4005 3820 4075 3423 3696 4143 4119 3839 3537 3877 4163 4265 4004 3820 3588 4035 4230 4410 3636 3857 4031 4211 4188 4056 4304 3631 4317 4056 4056 3914 3687 3882 3716 3924 3865 4255 3734 3747 4334 3731 4022 4256 4055 4033 4108 4114 3839 3956 3980 3817 3771 3649 3990 3997 3974 4069 4279 3836 4005 4054 4184 3784 3858 3878 4361 3787 3740 4149 4054 4196 3991 4073 3752 4093 3823 3785 3751 3969 3895 4157 3492 4235 4093 3910 3947 4154 3925 3674 3648 4162 3925 4075 3941 3922 4102 3887 4208 3750 4002 3789 3818 3815 4158 4022 3872 4195 3872 4316 3407 3973 3824 3546 4102 4215 4287 4348 3858 3972 3651 4137 3954 4390 3892 3697 3826 3736 3947 3946 3774 3958 3919 4149 4186 3909 4270 3765 4384 4321 3704 3788 4181 4083 3793 4128 3698 3767 3832 4294 3936 3891 4143 3618 3880 4139 3712 3893 3886 3821 3828 4102 4492 3665 4241 
3947 3806 3394 3593 3971 3576 3761 3492 3682 3838 3613 3777 3543 4065 4008 4079 4055 4234 3815 3474 3675 3817 3754 3605 3683 4104 3674 3742 4138 3773 3809 3507 3723 3553 3669 3655 3946 3842 3672 3774 3343 3219 4007 3604 3709 3260 3823 3958 3797 3773 3670 3464 3888 3869 3950 3544 3458 4079 4016 3833 3558 3994 3537 4367 3702 3602 3711 3626 3780 3493 3869 3781 4308 3531 3536 3861 3812 3527 3973 3626 3843 3850 3985 3703 3614 3523 3866 3783 3371 4099 3661 3905 3627 4200 3801 3594 4134 3839 3797 4024 3786 3993 3780 3382 3788 3958 3726 4014 3841 3676 4001 3837 3754 3610 3815 3621 3771 3529 3855 3861 3682 3789 3886 3785 3481 3868 4007 3638 3972 3789 3472 4057 3827 4052 3725 3647 3707 3689 3853 3997 3896 3848 3829 3697 3889 3283 3952 3481 3463 3737 4021 3905 4317 3634 3897 3557 3783 3927 3994 3974 3679 3808 3589 3761 4021 3683 3970 3791 4092 3886 3638 3919 3642 4146 4096 3508 3837 4161 4028 3628 4237 3651 3703 4010 4181 3723 3542 3830 3548 3609 4186 3616 3704 3742 3800 3879 3653 4104 3472 3741 
4426 4219 3983 4063 4192 3922 3963 3983 3989 3932 4027 4063 3621 4461 4280 4390 4219 4228 3900 4119 4275 4039 4070 3916 3665 4337 4069 4111 4402 4319 4227 3912 4226 3657 4220 4151 4077 4232 3994 4267 3819 3689 4090 4377 4110 3658 4286 4073 4457 4311 4335 3787 4299 4324 4702 3861 3773 4327 4376 4088 4360 4454 3813 4577 4139 4149 3980 4195 4171 3930 4059 4381 4351 3848 3951 4420 3897 4214 4198 4078 4310 4326 4196 4052 4083 4050 4156 4107 3787 4217 4244 4121 4116 4582 4126 4108 4304 4310 3976 3967 3984 4579 3969 4002 4455 4488 4361 4369 4230 4064 4164 3990 4191 4049 4178 4005 4160 3800 4234 4224 4274 3801 4118 4090 3856 4096 4441 4162 4346 4248 3988 4312 4232 4375 3851 4069 3894 4107 3898 4352 4145 4146 4515 4152 4443 3755 4262 4014 3764 4093 4380 4455 4533 4107 4139 3935 4172 4038 4487 4245 4040 4024 3880 4192 4297 3932 4128 4103 4225 4095 3997 4189 4297 4474 4447 3913 4239 4456 4343 4115 4193 4067 3833 3928 4270 4077 3853 4087 3850 4064 4046 3705 4164 3879 3759 4079 4389 4540 4012 4009 
3846 3797 3687 3698 3731 3577 3814 3575 3873 3725 3612 3680 3562 4151 3954 3997 3751 3992 3831 3756 3808 3780 3807 3565 3389 4141 3756 3771 4130 4045 4043 3635 3812 3270 3753 4118 3968 4058 3545 3789 3538 3457 4232 4158 3572 3129 4023 4003 4028 3733 3955 3611 4113 4141 4262 3515 3652 3862 3803 3793 3915 3873 3701 4249 3995 3678 3928 3625 3795 3606 3949 4185 4257 3780 3660 3880 3861 3962 3949 3918 3911 3929 4048 3682 3951 3701 3730 4013 3526 3807 3603 3962 3930 4099 3801 3806 3830 3842 3662 3796 3933 4116 3784 3512 3930 3736 4027 3910 3998 3730 3807 3812 3639 3835 3812 3884 4050 3547 3901 3822 3835 3679 3863 3889 3605 3635 4067 3736 4093 3715 3909 4086 3690 4005 3422 3740 3656 3745 4001 3923 4199 3884 3713 3877 4129 3441 3867 3677 3537 3683 4221 4166 4359 3862 3929 3670 3893 3948 4137 3896 3848 3658 3592 3933 3925 3590 4023 3762 4159 3946 3796 3987 3710 4224 4090 3592 3597 4149 4030 3632 4130 3509 3939 3908 4032 3724 3414 3792 3411 3716 4103 3569 3798 3627 3772 3623 3957 4066 3850 3854 
4089 3824 3497 3682 3858 3579 3636 3664 3907 3646 3812 3937 3841 4192 4017 3986 4024 4138 3693 3809 3674 3899 4112 3829 3685 4134 4012 3617 4246 3705 4171 3637 3917 3352 3747 3943 3956 4373 3805 3984 3649 3481 3926 4117 4112 3552 4169 3885 4160 3951 4084 3501 4091 4181 4285 3729 3607 3946 4287 3617 4110 4117 3589 4008 4144 3874 3797 3997 3846 3723 3898 4041 4160 3538 3930 4052 3831 3864 4119 3752 3922 4059 3894 3670 3766 3664 3750 4157 3486 3822 3941 3906 3867 4278 3916 4020 3951 3963 3847 3689 3879 4200 3853 3544 3858 3999 3939 4264 3974 3746 4039 3823 3806 3976 4082 3817 3868 3855 3972 3865 3953 3780 3754 3782 3726 3914 4151 3797 3785 3978 3957 4093 4101 4070 3590 3771 3811 3924 3767 3894 3856 3888 4133 4157 4174 3379 4177 3724 3603 3819 3927 4189 4499 3786 3971 3413 3821 4107 4198 3984 3998 3970 3833 3957 4137 3903 4035 4101 4181 4220 3718 4057 3697 4165 4060 3736 4081 4275 4011 3472 4249 3858 3708 3674 3980 3881 3550 3825 3577 3823 4010 3666 3666 3818 3780 4069 4159 4267 3678 3781 
4459 4286 3958 3945 4155 3915 3933 3649 4130 3739 4137 3958 4181 4736 4299 4304 4290 4490 3968 4236 4145 4197 4299 3885 4165 4573 4388 4214 4542 4134 4360 4088 4160 3753 4288 4053 4162 4254 4005 4361 3902 3861 4430 4480 4421 3678 4359 4211 4578 4167 4117 3844 4445 4574 4741 4032 3969 4238 4457 4275 4331 4264 4089 4566 4446 4268 4121 4093 4101 4048 4300 4343 4748 3989 4375 4501 4149 4547 4694 4050 4430 4387 4252 3912 4215 3961 4005 4276 3779 4195 4216 4073 4272 4464 4205 4294 4371 4506 4303 4055 3944 4353 4050 3799 4398 4074 4286 4322 4460 4227 4355 4110 3991 4405 4301 4135 4158 3992 4600 4333 4104 4081 4467 4480 3992 4201 4470 4425 4262 4459 4227 4626 4235 4671 4064 4093 3956 4187 4199 4327 4386 4184 4446 4256 4461 3870 4575 4148 3856 4245 4573 4540 4894 4276 4009 3948 4134 4306 4706 4223 4030 4018 3940 4240 4347 3929 4317 4325 4624 4396 4156 4409 4092 4408 4315 4105 4046 4683 4423 4070 4263 4229 4194 4111 4380 4205 4122 4240 3840 4149 4396 3985 4011 4175 4001 4052 4292 4687 4062 4300 
4597 4347 3965 4051 4135 3930 4089 3920 4205 3970 4169 4050 3770 4546 4264 4333 4422 4327 4112 4048 4081 4297 4080 3987 4137 4392 4346 4294 4471 4262 4476 4043 4284 3903 4341 4597 4296 4505 3884 4033 3966 3988 4324 4437 4107 3691 4499 4379 4627 4192 4242 4100 4276 4488 4776 3806 3906 4422 4500 4210 4307 4395 3929 4721 4606 4064 4301 4346 4454 3744 4515 4356 4756 3804 4114 4592 4020 4288 4429 4004 4530 4494 4303 3980 4272 4117 4049 4305 3749 4260 4315 4274 4117 4466 4451 4207 4160 3968 4127 4122 4140 4544 3914 4101 4332 4580 4388 4280 4160 4231 4397 4205 4209 4231 4156 4142 4314 4008 4431 4380 4460 3949 4128 4176 4068 4059 4517 4232 4436 4337 4119 4408 4344 4473 4036 4167 4190 4300 4137 4288 4242 4270 4489 4346 4435 3688 4412 4102 3841 4286 4581 4564 4738 4331 4252 4136 4342 4518 4630 4467 4257 4188 4148 4212 4312 4085 4443 4288 4291 4388 4181 4322 4280 4665 4516 4181 4282 4538 4377 3973 4564 3919 4202 4174 4245 4262 3929 4198 3936 4230 4263 3774 4184 3953 4004 4252 4319 4654 4237 4293 
3996 3968 3803 4167 3957 3739 3872 3684 4269 4048 3878 3884 3818 4280 4056 4267 4144 4513 3916 3771 4183 4078 3997 3917 4022 4379 3913 3978 4624 3986 4421 3686 4068 3586 3743 3973 4255 4333 4032 4075 3679 3580 4227 4030 4017 3814 3978 3971 4203 4106 4020 3680 4283 4206 4357 3747 3792 4036 4308 3982 4003 4223 3820 4519 4242 4034 3925 3959 3829 3838 4220 4280 4514 3650 4147 3938 3949 3952 4303 4081 4158 4156 4222 3852 3931 4093 4087 4081 3716 4005 4161 4154 3905 4180 4011 4299 3928 4059 4050 4081 3793 4257 3811 3729 4205 4115 4315 4302 4027 4021 4228 4143 3996 4117 4180 3773 4068 3645 4166 4434 3960 4049 3941 3895 3862 4075 4304 3780 4185 4045 4188 4384 4101 4407 3501 3877 3961 3847 3887 3979 3938 3837 4057 3685 4318 3568 4078 3948 3530 4034 4419 4269 4318 3980 4172 3811 4394 4014 4209 4126 4055 4069 3969 3954 4081 3904 4124 4084 4030 4224 3713 4382 3857 4412 4240 3696 4000 4281 4073 3900 4327 3943 3844 4054 4291 3796 3920 4240 3947 3944 4262 4135 3831 3705 3891 3955 4118 4376 3798 4083 
4649 4499 4205 4401 4454 4044 4291 4098 4287 3911 4047 4247 4102 4476 4457 4696 4584 4745 3986 4370 4288 4538 4422 4111 4292 4639 4551 4200 4656 4564 4524 4213 4425 3965 4427 4480 4401 4594 4166 4386 4227 4033 4422 4528 4401 3857 4516 4396 4589 4425 4420 3968 4371 4831 4926 4185 4023 4628 4602 4286 4498 4582 4155 4860 4466 4385 4293 4566 4514 4235 4368 4507 4918 3866 4221 4506 4412 4206 4844 4234 4557 4737 4411 4325 4251 4323 4472 4412 3865 4382 4361 4631 4308 4738 4406 4503 4708 4390 4209 4438 4352 4719 4414 4172 4439 4424 4590 4600 4247 4391 4473 4377 4190 4386 4357 4539 4194 3838 4547 4454 4441 4376 4529 4297 4165 4285 4583 4245 4374 4572 4083 4564 4518 4641 4121 4351 4110 4344 4217 4462 4554 4255 4614 4287 4576 3885 4520 4321 4007 3971 4685 4699 4727 4633 4546 3888 4239 4585 4827 4510 4186 4571 4232 4570 4459 4189 4610 4232 4627 4681 4169 4468 4235 4863 4577 4368 4388 4592 4416 4186 4410 4151 4336 4349 4319 4107 4264 4426 4058 4304 4499 4112 4179 4268 4151 4455 4483 4786 4400 4254 
4011 4080 3911 3999 3991 3774 3808 3772 3932 3712 3749 3863 3704 4435 3948 4397 4132 4192 3612 3905 3847 4216 3953 3682 3855 4263 3935 3871 4478 4038 4175 3618 3984 3676 4003 4024 3846 4354 3870 3955 3736 3595 4275 3907 3921 3559 3759 4057 4064 4109 4173 3668 4218 4418 4599 3739 3651 4009 4327 4128 4332 4157 3950 4564 3999 3854 3962 4022 4178 3739 3942 4283 4247 3757 3972 4011 4007 4015 4185 3753 4259 4262 3976 3866 3913 4018 3892 4094 3612 4091 4012 4153 3892 4088 3806 4010 3954 3903 3832 3850 3895 4294 3640 3678 3909 4296 4003 4276 3793 4060 4317 3994 3806 3975 3857 3990 3893 3863 4141 3903 4148 3807 3888 3921 3825 4009 4176 3863 4169 4143 3804 4393 3943 4178 3751 3929 3860 3949 3788 4122 3998 3736 4220 3931 4175 3649 4107 3960 3571 3981 4129 4118 4324 3996 3932 3589 4100 4153 4227 4213 4158 3983 4174 4134 4105 4010 4064 3843 3957 3947 3878 4327 3856 4290 4141 3722 4090 4393 4161 3686 4174 3850 3828 4130 4061 3931 3809 4044 3815 3983 4411 3711 4018 3779 3679 4164 3905 4144 3593 3888 
4151 3863 3574 3776 3748 3870 3650 3461 3956 3533 3892 3787 3771 4269 3832 4210 3855 4240 3723 3887 3901 4023 3912 3567 3880 4253 3870 4196 4168 3971 4020 3560 3874 3673 3953 3941 4022 4252 3938 4311 3585 3426 4076 4018 3830 3495 3860 4136 3900 4101 3985 3665 4232 4209 4397 3830 3722 4047 4158 4111 4026 4070 3828 4346 4040 3911 4096 4041 3781 3535 3890 4008 4455 3372 3885 3902 3763 3950 4141 3646 4180 4098 4053 3675 3779 4062 4031 3962 3605 4050 3984 3957 3833 4228 3702 4127 4202 4210 3941 3775 3847 4028 3738 3536 3960 4256 3990 3983 3920 3683 3989 3927 3956 3830 4029 3661 4037 3819 3853 4187 3774 3853 4017 3946 3946 3685 4291 3924 4070 3960 3865 4359 4075 4263 3598 3895 3839 3823 3942 4095 3943 3779 4172 3855 4274 3414 4316 3664 3690 3948 4137 4405 4251 3942 4024 3736 3968 3977 4161 4025 3948 3734 3832 4058 3856 3686 3925 3851 3852 4146 3790 4226 3939 4202 4241 3659 3987 4209 3993 3663 4246 3799 3755 3696 4335 3809 3623 3936 3769 4053 4259 3795 3820 3727 3747 3933 4293 4006 3703 3839 
4202 4100 3939 3910 4009 3757 4101 3667 3913 3909 3829 4109 3826 4346 4331 4249 4269 4413 3895 3907 4062 4114 4081 3812 3887 4256 4051 4087 4418 4025 4146 3915 4241 3646 4213 4091 4215 4250 3916 4129 3687 3738 4307 4046 4045 3821 4195 4204 4200 4231 4143 3744 4386 4464 4558 3616 3719 4207 4210 4027 4118 4240 3678 4476 4001 3886 3951 3999 4267 3892 4101 4230 4381 3825 3884 4083 4056 4095 4163 3893 4075 4263 4314 3817 3745 4042 4019 4021 3827 4309 3959 4256 3924 4569 4256 3932 4303 4224 3998 4047 4074 4415 3932 3777 4036 4256 4099 4262 3813 4129 4293 4162 3976 4126 3918 4020 4351 3748 4230 4378 4022 3764 4160 4098 3663 3812 4336 3977 4284 4357 3840 4400 4156 4378 3993 3850 3857 4051 3826 4167 4347 3928 4188 3898 4277 3798 4178 3974 3624 3955 4191 4331 4632 3939 4038 3871 4123 4227 4523 4199 3950 4007 4013 4101 4164 3837 4132 4054 4263 4278 3873 4112 3914 4501 4298 3907 4044 4361 4275 3780 4391 3830 4009 4038 4337 3697 3804 4225 3786 4008 4264 3955 4092 4048 3851 4031 4012 4500 3977 4157 
4552 4439 3881 4215 4283 4147 4053 4043 4360 4013 4193 3994 3910 4448 4328 4503 4253 4531 4156 4359 3970 4555 4503 3970 4330 4684 4293 4092 4568 4177 4361 3837 4654 3766 4283 4386 4224 4567 4023 4427 3981 3837 4343 4191 4270 3898 4380 4365 4149 4304 4299 3783 4467 4461 4882 3896 3879 4418 4467 4185 4266 4518 3957 4380 4458 4425 4266 4237 4245 4018 4220 4532 4406 3955 4255 4236 4045 4194 4403 4145 4534 4332 4581 4390 3951 4221 4298 4266 3725 4271 4398 4348 4098 4465 4191 4211 4339 4433 4060 4285 4145 4475 4180 4185 4405 4600 4437 4386 4299 4190 4319 4090 4147 4173 4091 4477 4501 3918 4453 4445 4326 3990 4056 4186 4116 4135 4421 4127 4570 4345 4057 4446 4334 4577 4020 4164 4181 4154 4101 4279 4300 3957 4627 4389 4721 4051 4409 4123 3652 4305 4356 4511 4630 4180 4380 4118 4606 4268 4736 4197 4476 4268 4264 4396 4381 4186 4245 4223 4440 4484 3969 4451 4115 4623 4722 3828 4277 4592 4207 4095 4513 4383 4068 4039 4432 4135 3999 4233 3884 4176 4451 4179 4124 3904 4154 4376 4332 4369 4121 4263 
3692 3807 3578 3710 3656 3432 3611 3523 4043 3649 3954 3687 3621 4382 3967 4105 4036 4125 3460 3830 3834 3828 3865 3559 3769 4289 3898 3767 4295 3754 4036 3636 3969 3483 3733 3866 3828 4049 3621 4002 3404 3662 4015 4027 3972 3457 3898 3898 4110 3840 3973 3421 4013 4196 4394 3756 3668 3883 4160 4000 4035 3772 3568 4252 4042 3680 3681 3716 3809 3502 3797 3886 4323 3461 3905 4019 3678 3830 4022 3696 3850 4177 3910 3513 3889 3605 3713 3858 3543 3774 3752 3939 3915 4299 3963 3884 3780 3916 3766 3673 3830 4174 3632 3194 4033 3843 3777 3770 3834 3593 4049 3646 3780 3946 3930 3721 4004 3657 3920 3976 3805 3667 3915 3794 3833 3733 4147 3869 4042 3854 3842 4007 3860 3894 3606 3683 3686 4022 3798 3800 3964 3637 4291 4026 3998 3395 3949 3750 3510 3896 3952 4027 4275 3885 3890 3509 3859 3859 4006 3985 3497 3987 3578 3772 3774 3679 3908 3808 4084 3906 3810 4026 3896 4060 3954 3635 3827 4091 3988 3710 3989 3550 3666 3777 3932 3667 3653 3873 3495 3539 4129 3556 3759 3693 3552 3860 4031 4189 3611 3913 
4182 4274 3860 4088 4093 4061 3875 3713 4275 3956 4081 4101 3905 4191 4109 4389 4170 4512 3983 4101 4250 3889 4328 3901 4018 4622 4140 3906 4647 4003 4534 3977 4249 3841 4093 4288 4333 4476 4127 4534 3931 3750 4280 4200 4245 3884 4146 4483 4384 4372 4139 3755 4409 4452 4792 4107 4025 4338 4523 3926 4298 4347 4205 4480 4336 4034 3899 4124 4170 3834 4275 4496 4593 3829 4158 4238 4000 4334 4442 3974 4254 4260 4424 3854 4173 4024 4238 4327 3880 4375 4200 4520 4139 4551 4148 4358 4497 4233 4245 4230 4201 4731 4168 3954 4340 4523 4389 4307 4118 3944 4441 4206 3945 4247 3958 4296 4308 4021 4235 4391 4084 4149 4137 4309 4010 4296 4551 4316 4437 4252 4171 4255 4158 4448 3646 4111 4207 4292 3943 4425 4260 3907 4375 4019 4597 3880 4389 4094 3539 4218 4362 4585 4795 4065 4152 3894 4476 4348 4404 4336 4174 4050 4143 4080 4241 4257 4284 4271 4350 4516 3916 4468 3782 4602 4438 3766 4269 4528 4404 4023 4462 4212 4223 3938 4442 4030 3756 4411 3905 4118 4449 4080 4112 4002 3770 4104 4345 4487 3893 4088 
4449 4182 3931 3729 4074 3677 4025 3852 3984 3851 3971 3951 4012 4650 4229 4229 4141 4565 4219 4074 4200 4193 4065 3847 3959 4341 4097 3855 4385 4085 4358 3984 3924 3643 4010 4100 4086 4152 3972 4119 3807 3789 4121 4167 4077 3719 4177 4281 4263 3960 4238 4076 4345 4298 4526 3988 3800 4254 4245 4138 4087 4399 3939 4444 4230 3974 3865 3827 4030 3886 4174 4280 4584 3801 4217 4173 3767 3756 4202 3892 4251 4353 4232 3857 3870 4024 4014 4090 3676 4060 3952 4328 4040 4268 3834 4198 4164 4401 4245 3982 3841 4177 4004 3839 4151 4328 4225 4037 4211 4159 4241 3901 4183 4047 4105 4074 4142 3379 4298 4290 4229 3969 4027 3974 3668 3874 4306 4232 4138 4164 4248 4378 4231 4388 3725 4040 3923 4035 3739 4270 4021 4002 4325 4068 4358 3588 4197 3930 3652 3860 4398 4334 4586 3981 4225 3950 4209 4000 4347 4325 3957 4006 3952 3988 4278 4035 4155 4074 4249 4288 3935 4207 3950 4672 4258 3935 4060 4408 4264 3820 4215 3909 3969 4056 4156 3918 3794 3992 3831 4011 4210 3978 3918 3866 3851 4042 4272 4701 4179 4355 
4073 3672 3722 3708 3733 3672 3740 3434 3731 3723 3692 3833 3806 4178 3752 3990 3924 3993 3680 3741 4048 3734 3483 3775 3761 4205 3928 4087 4274 3804 4012 3660 4097 3328 3902 3762 3986 4033 3634 3841 3736 3284 3860 3937 4040 3366 3854 3916 4248 3895 3924 3486 4119 4139 4223 3389 3705 3787 4038 3924 3829 4029 3747 4306 3900 3945 3802 3617 3791 3351 3889 4025 4016 3732 3944 4025 3518 3990 3957 3989 4224 4066 3777 3707 3732 3633 3647 3701 3447 3786 3753 3881 3836 3874 4053 3989 3931 3894 3771 3533 3525 3882 3646 3622 3885 3761 3852 3766 3906 3632 4039 3636 3735 3816 3864 3611 4022 3540 4138 3857 3778 3539 3864 3513 3528 4031 3945 3870 4192 3951 3809 4010 3706 4045 3432 3828 3702 3928 3867 4028 3951 3721 4219 3700 4021 3389 3933 3855 3507 3787 3968 4049 4375 3676 3669 3831 3852 3673 4127 3804 3631 3737 3441 3747 3939 3853 3755 3686 4123 3921 3661 3976 3880 4151 3936 3754 3854 4252 4063 3545 3965 3706 3587 3822 4030 3909 3692 3760 3576 3975 4070 3714 3804 3541 3829 3653 3876 4204 3765 3981 
4218 4191 3855 3974 3873 3842 3765 3771 4185 3805 3825 3911 3915 4360 4046 4398 4000 4296 3792 3995 3864 4090 3931 3791 3668 4333 3914 3766 4195 3994 4041 3743 4143 3761 4251 4094 4023 4188 4016 4108 3618 3772 3958 4043 4092 3787 4079 4052 4232 3822 4061 3600 4212 4042 4612 3580 3862 4054 4272 4170 3990 4224 3552 4587 3967 4022 3930 3781 3911 3834 4050 4167 4570 3957 3948 4062 3833 4191 4105 3951 4247 4042 4042 3867 3812 3773 4151 3774 3399 4179 4124 4301 3995 4366 3982 3970 4185 4250 4060 3952 3766 4301 3798 3767 4281 4404 4002 4240 3900 3891 4310 3938 3978 3842 3968 4023 4045 3808 4197 4218 4191 3821 3952 3810 3628 3810 4188 3952 4156 4091 3958 3978 4131 4218 4006 4055 4066 4024 3647 4179 3943 3868 4168 3899 4409 3563 4313 4073 3644 4129 4064 4219 4420 3911 4109 3981 4158 4203 4426 4098 4076 4068 3854 3911 4272 3766 4270 4102 4363 4044 3703 4329 4224 4222 4085 3794 4031 4367 4028 3785 4036 4007 4027 4093 4217 3853 3769 4048 3814 3925 4305 3812 4078 3855 3810 3904 3907 4408 3833 3669 
3891 4293 3517 3826 3946 3678 3776 3490 3789 3679 3579 3939 3745 4068 3747 4199 3615 4264 3800 3837 3751 3913 3817 3691 3598 4133 4098 3661 4066 3863 3880 3579 3899 3648 3864 3872 3920 4014 3813 3807 3434 3540 4019 3925 3880 3662 3932 3932 3864 3840 4045 3504 3906 4028 4223 3582 3349 3984 4207 3914 3809 4116 3453 4313 4050 3760 3812 3781 3957 3501 3977 3829 4398 3409 3805 3808 3803 3857 3902 3683 4143 3989 4049 3649 3659 3770 3687 3974 3401 3891 3942 3978 3620 3963 3806 3935 3949 3578 3668 3886 3870 4095 3696 3445 3910 4146 4054 3878 3857 3846 4089 3605 3787 3764 3626 3871 3749 3572 3885 3879 4043 3479 3572 3444 3654 3683 4068 3684 4002 3802 3596 3960 3742 4153 3377 3941 3645 3885 3731 3932 4047 3740 3900 3693 4140 3630 4095 3803 3319 3876 3796 3930 4260 3562 3878 3698 4031 4070 4073 3920 3915 3741 3717 3788 3669 3689 3949 3972 4059 3997 3634 4158 3788 4289 3882 3518 3801 4106 3812 3745 4197 3401 3772 3793 3866 3647 3789 3972 3471 3726 4018 3452 3535 3677 3713 3877 3915 4018 3714 3775 
4819 4507 3890 4319 4460 4265 4301 4266 4434 4461 4371 4545 4337 5058 4633 4796 4635 4714 4410 4349 4326 4537 4549 4173 4573 4808 4422 4463 4767 4449 4874 4378 4486 4085 4169 4688 4726 4730 4340 4675 4216 3970 4686 4566 4585 4250 4351 4476 4758 4590 4385 4210 4762 4856 5264 4293 4284 4733 4692 4393 4413 4692 4208 4682 4619 4249 4281 4341 4451 4287 4465 4610 4744 4158 4372 4588 4512 4371 4491 4328 4796 4879 4627 4306 4381 4384 4351 4852 4130 4704 4398 4743 4550 4927 4539 4472 4490 4626 4429 4686 4368 4936 4329 4400 4575 4730 4813 4737 4290 4268 4597 4567 4294 4372 4506 4496 4521 4082 4712 5040 4524 4356 4587 4561 4295 4386 4773 4432 4554 4531 4509 4727 4708 4781 3921 4276 4379 4608 4375 4613 4448 4236 4713 4473 4706 4184 4662 4233 3920 4397 4539 4831 5043 4302 4606 4260 4735 4687 4755 4610 4364 4437 4332 4501 4432 4691 4777 4626 4639 4742 4244 4546 4222 4787 4471 4237 4322 4840 4540 4189 4732 4563 4375 4458 4732 4161 4085 4437 4322 4319 4789 4419 4384 4264 4274 4579 4640 4863 4284 4568 
4167 4294 3872 3893 4133 3793 4029 3578 4195 3754 3865 3995 3956 4411 3870 4343 4126 4363 3761 4189 3806 4325 3948 3702 3960 4361 4081 4094 4357 3865 4566 3982 4018 3581 4168 4131 4103 4425 3932 4119 3919 3849 4349 4470 4109 3740 4180 4030 4353 4182 4274 3576 4266 4466 4842 3750 3848 4335 4389 4252 4059 4214 3905 4825 4077 3936 4054 4090 4281 3814 4358 4121 4468 3843 4017 4183 4168 4099 4211 4073 4308 4245 3996 3816 4127 4094 4202 4079 3739 4096 3920 4300 3937 4111 4049 4250 4295 4085 3891 3977 3845 4492 3755 3935 4256 4350 4203 4484 4093 4107 4313 3966 4066 4119 3844 4134 4019 3777 4378 4241 4186 3894 4219 3910 3888 3812 4169 3945 4126 4220 3900 4502 4148 4403 3698 4222 3907 4161 4059 4319 3961 3802 4202 4098 4195 3734 4300 4114 3749 4116 4307 4321 4593 4088 3887 3909 3970 4181 4520 4175 3999 3926 3986 3992 4243 4057 4229 4049 4340 4318 3918 4300 3800 4558 4093 3730 4247 4453 4309 3785 4130 4062 3931 4292 4269 4053 3920 4352 3988 3903 4538 3866 3858 3963 3848 4215 4268 4460 4151 3920 
4585 4226 3843 4322 4569 3954 4068 3878 4286 4087 4233 4222 4043 4551 4742 4574 4325 4818 4075 4236 4164 4396 4490 4105 4203 4710 4343 4416 4734 4117 4343 3840 4427 3836 4146 4285 4453 4483 4425 4314 4217 3990 4345 4516 4438 3967 4647 4402 4404 4223 4502 3925 4337 4737 4845 4032 3871 4301 4679 4193 4357 4519 3978 4784 4468 4526 4552 4158 4314 3969 4190 4402 4587 3848 4328 4608 4238 4391 4581 4259 4505 4305 4469 4244 4335 4355 4276 4254 3877 4391 4350 4275 4280 4677 4351 4362 4453 4349 4122 4179 4173 4571 4347 3907 4501 4535 4592 4481 4394 4434 4346 4079 3983 4356 4275 4134 4363 3910 4291 4402 4457 4295 4373 4233 4085 4364 4458 4339 4440 4656 3974 4399 4462 4832 4156 4428 4172 4136 4221 4435 4579 4035 4789 4415 4660 3668 4271 4163 3969 4107 4707 4536 4783 4239 4378 3978 4381 4364 4630 4361 4038 4309 4424 4284 4269 4179 4460 4241 4402 4377 4149 4465 4225 4841 4464 4164 4458 4685 4363 4178 4508 4121 4255 4229 4546 4211 4158 4172 3927 4291 4622 4208 4321 3929 3926 4024 4463 4630 3940 4198 
4489 4118 3832 3971 4058 3794 3943 3844 3906 3675 4112 3919 3925 4154 4166 4217 3999 4400 3805 4049 4091 3976 4229 3809 4002 4397 4073 3715 4123 4153 4209 4079 4298 3765 4108 4389 4029 4335 4006 4152 3688 3869 4284 4140 4386 3679 4102 4144 4301 4180 3991 3883 4386 4299 4917 3679 3596 4120 3976 4369 4123 4430 3638 4448 4028 4162 4147 4030 4238 3761 4375 4207 4444 3686 3879 4148 3974 4178 4403 3876 4208 4463 4065 3876 3924 3815 4078 3826 3787 4154 4098 4288 3811 4327 4160 4202 4292 4170 3869 3879 3972 4327 3873 3950 4125 4252 4153 4351 4190 3813 4178 3932 4436 3938 3920 4091 4072 3561 4302 4153 4098 3964 4241 3972 3861 3956 4443 3863 4306 4286 3852 4365 4149 4248 3787 3915 4024 4316 3795 4180 4014 3949 4374 4113 4501 3810 4358 4110 3458 3797 4069 4345 4422 4009 4008 3707 4280 4108 4439 4287 3895 3996 3881 4270 4214 4039 4440 4010 4465 4371 4107 4131 3915 4542 4282 4129 4008 4318 4283 3730 4396 4032 3946 3825 4299 4218 3911 4284 3838 4087 4213 3765 3887 4086 3732 4105 4107 4223 4150 4152 
3832 3708 3679 3574 3760 3671 3769 3502 3946 3486 3676 3677 3470 4124 3754 4111 3798 4166 3614 3562 3569 3780 3821 3588 3583 4256 3961 3821 3886 3909 4195 3416 3797 3382 3686 3667 3743 4000 3678 3727 3656 3480 3790 3804 3800 3377 3749 3878 3963 3852 3653 3260 3807 4065 4441 3796 3431 3915 4082 3856 3924 4146 3826 4333 3844 3574 3675 3974 3710 3780 3718 4159 4064 3364 3792 3998 3663 3847 4091 3487 3945 3762 3728 3428 3812 3820 3779 3696 3631 3787 3659 3897 3863 3995 3627 3536 3841 3799 3747 3769 3898 4035 3683 3474 3979 3916 4014 4012 3920 3773 3865 3835 3601 3623 3761 3750 3924 3368 3965 3844 3925 3771 3855 3833 3488 3681 4052 3485 3792 3649 3670 4213 3731 3937 3430 3874 3528 3632 3658 3952 4099 3646 3752 3768 4181 3558 3891 3729 3434 3611 3939 4048 4291 3741 3942 3685 3980 3942 4047 3925 3907 3769 3671 3720 3918 3717 3860 3807 4033 3863 3684 4034 3641 3943 4094 3457 3675 3947 3833 3745 4155 3586 3901 3867 4030 3764 3526 4081 3272 3650 3866 3542 3770 3502 3502 3705 4003 3985 3542 3837 
4009 4047 3761 3928 3856 3663 3624 3481 3782 3543 3800 3739 3658 4348 4175 4341 3947 4476 3745 3813 4019 4081 3984 3435 3975 4094 3983 3876 4331 3802 4138 3836 3847 3703 3745 4002 3925 3951 3937 3882 3681 3825 4116 4047 4101 3666 4020 4036 3906 3996 3998 3539 4166 4163 4380 3863 3748 4145 4075 4031 4079 4006 3683 4198 4160 3657 3912 3816 3788 3614 3919 4027 4214 3781 3765 3968 3985 3756 3892 3681 4079 4135 4110 3652 3904 3557 3858 4025 3609 3962 3815 4103 3960 4300 4008 4160 4031 4087 3987 3863 3862 4187 3813 3402 3966 4039 4064 3944 3799 3872 4134 3843 3877 3853 3820 4047 3745 3885 3951 4162 3718 3903 3958 3845 3833 3768 4170 3848 4242 4076 3685 4289 4091 4144 3842 3813 4027 3863 3839 4081 3814 3688 3918 3969 4094 3326 4183 3979 3616 3833 4141 4391 4333 3961 3687 3755 4091 4062 4427 4264 3956 3833 3910 3945 3737 3518 4097 4052 3947 4158 3743 4144 3582 4207 3951 3770 3721 4175 4231 3889 4074 3629 4062 3796 4033 3786 3968 3835 3586 3883 4226 3721 3835 3755 3618 4042 3928 4211 3788 3943 
4307 4489 3783 3906 4337 3902 3858 3726 4393 3799 4076 3888 4059 4412 4245 4332 4157 4875 4044 4048 4230 4366 4261 3901 4249 4616 4446 3959 4650 3990 4492 4207 4262 3809 4130 4380 4055 4543 4039 4386 4202 3860 4196 4325 4377 4084 4383 4152 4372 4117 4239 3848 4344 4366 4805 4087 3892 4603 4546 4096 4139 4066 3849 4601 4546 4060 4102 4201 4293 3722 4283 4350 4655 3877 4271 4050 3989 4368 4601 4082 4037 4466 4503 4030 4179 4179 4401 4389 3800 4210 4256 4263 4152 4469 4189 4246 4635 4297 4208 4305 4074 4666 3946 3822 4189 4413 4282 4379 4292 3993 4474 3897 4130 4456 4033 4125 4093 3761 4325 4398 4229 4069 4280 4364 4049 4320 4490 4166 4319 4362 4144 4358 4407 4377 4063 4045 3984 4249 4080 4102 4176 4006 4596 4446 4366 3674 4466 4031 3988 3996 4392 4246 4658 4139 4283 3903 4225 4302 4315 4420 4147 4245 4154 4028 4537 4233 4528 4172 4186 4477 3994 4159 4174 4714 4304 4152 4302 4476 4197 3872 4407 4112 4046 4260 4263 4314 4026 4241 3835 3859 4495 4097 4071 4082 3827 4116 4255 4688 4016 4233 
4444 4274 3832 3876 3845 3954 3967 3684 3854 3745 3812 3946 3687 4086 4216 3993 4142 4264 3613 4085 4145 3875 4091 3815 4013 4306 4138 4126 4323 3939 4158 4050 4049 3601 4057 3964 4037 4314 3708 3880 4057 3647 4024 3907 3817 3546 3909 3987 4231 4017 3916 3801 4304 4182 4561 3587 3746 4292 4129 4020 4107 4275 3862 4397 4119 3870 4082 3974 4104 3906 3874 4038 4403 3563 3943 4214 3878 3793 4238 3860 4094 4051 4073 3681 3794 4149 4005 3827 3782 4059 4066 3890 4038 4404 3825 3998 4289 3953 3955 4012 4023 4299 3838 3807 4165 4082 4087 4113 3951 3989 4194 3909 3912 4069 3819 3903 4137 3617 4367 3930 4054 3977 3979 4182 3909 3781 4246 4160 4203 4336 3917 4332 4020 4301 3848 3899 3816 4117 3758 4248 4021 4090 4302 3960 4177 3524 4140 3883 3660 3944 4203 4121 4392 3987 4125 3707 4037 4084 4224 3990 3819 4095 3902 4103 4013 3961 4296 3863 4119 4167 3814 4025 3859 4575 4415 3766 3828 4307 4076 3796 4188 3839 3836 3794 4505 3829 3714 4105 3552 3908 4170 3758 3748 3866 3660 3867 4036 4463 3872 4164 
4701 4325 4111 4333 4270 4263 4143 4161 4345 4383 4158 4425 4340 4939 4633 4578 4502 4708 4236 4499 4388 4666 4585 4391 4431 5142 4467 4357 4761 4473 4601 4002 4623 4028 4196 4354 4722 4683 4434 4595 3926 4249 4444 4436 4607 4089 4562 4640 4639 4609 4328 4187 4617 4732 4988 4174 4119 4363 4599 4508 4331 4603 4123 4923 4475 4369 4547 4076 4379 4208 4412 4563 4716 3980 4402 4588 4209 4575 4628 4496 4758 4768 4493 4033 4524 4445 4359 4476 3968 4577 4382 4538 4435 4598 4501 4476 4420 4642 4229 4263 4168 4588 4421 4297 4677 4737 4423 4424 4385 4124 4578 4453 4293 4179 4406 4247 4773 4043 4628 4904 4375 4200 4294 4458 4131 4390 4879 4368 4477 4455 4330 4860 4392 4928 3911 4456 4268 4505 4270 4639 4591 4208 4879 4348 4871 4125 4431 4387 3919 4473 4546 4756 4966 4417 4651 4409 4832 4536 4554 4625 4370 4344 4375 4539 4563 4287 4524 4347 4671 4580 4254 4598 4632 4711 4405 4004 4357 4621 4512 4129 4719 4367 4236 4473 4719 4626 4282 4409 4165 4390 5099 4329 4403 4227 3928 4230 4437 4601 4282 4437 
4228 4337 3749 3978 4076 3680 4205 3556 4092 4002 3986 3938 3826 4372 4255 4260 4187 4309 4173 3984 4057 3971 4085 3799 4021 4176 4258 3913 4310 4107 4348 3902 4125 3722 4122 4151 3991 4413 3955 4082 3651 3688 4129 4188 4043 3670 4003 4161 4327 4109 4094 3794 4304 4429 4678 3920 3595 4305 4230 4018 4171 4398 3673 4408 4065 3960 3856 3967 4255 3855 4012 4333 4460 3722 3970 4114 3913 4099 4118 3743 3995 4110 4251 3797 3956 4001 4083 4075 3803 4231 4102 4381 4051 4415 4054 4128 4416 4180 3945 4177 3935 4582 4180 3819 4345 4215 4308 4385 4151 3999 4060 3974 4046 4093 4032 4076 4121 3513 4360 4416 4205 4003 4179 3995 3784 3970 4440 4042 4140 4174 3883 4046 4131 4179 3901 4086 3995 4288 3682 3999 4081 3933 4128 4049 4449 3719 4430 3883 3736 4012 4266 4431 4624 4096 4041 3865 4198 4293 4449 4313 4016 4233 4066 3919 4318 4110 4359 4081 4255 4281 3894 4259 4118 4498 4392 3641 4106 4440 4368 3934 4352 3848 3974 3972 4168 3923 3979 4248 3841 3932 4470 3904 4048 3892 3802 4136 4052 4462 4009 4244 
4232 4020 3682 3888 4071 3862 4000 3726 3862 3890 4014 3742 3672 4307 4140 4085 4159 4361 4002 3990 4170 4178 3904 3904 4159 4194 4128 3971 4292 3989 4189 4065 4041 3590 3867 4092 4287 4292 4001 4133 3652 3740 4027 4171 4158 3683 4267 4239 4359 3998 4009 3774 4358 4318 4522 3774 3724 4174 4244 4068 4063 4078 3534 4306 4154 4051 3946 4045 3893 3734 4134 4140 4409 3568 3888 4315 3910 4112 4199 3941 4090 4112 4107 3844 3979 4111 3967 4114 3688 3930 4124 4155 4153 4238 4033 4159 4084 4039 4059 4053 3881 4324 3989 3908 4281 4301 4332 4259 3996 4154 4223 4047 3833 3971 3913 3925 4132 3747 4155 4568 3773 3687 4180 4094 3916 3823 4370 4127 4242 4052 4107 4289 4376 4251 3662 4013 3922 4095 3793 4182 4065 3816 4266 4090 4156 3740 4323 3834 3627 4051 4189 4231 4651 3841 3980 3795 4120 4020 4314 4289 4024 4039 3989 4216 4190 3891 4073 4069 4107 4435 4011 4123 3932 4181 4271 3885 4094 4335 4088 3855 4065 4076 4170 3991 4084 3983 3940 4143 3853 4142 4198 3862 3919 3783 3717 3936 4216 4284 3804 4160 
4350 4241 4117 4298 4227 4051 4182 4206 4195 4000 3884 4204 4017 4609 4405 4578 4376 4558 3945 4267 4119 4216 4202 3880 4193 4451 4386 3989 4681 4279 4555 3891 4353 3776 4199 4140 4279 4624 4194 4361 3689 3809 4274 4426 4184 3781 4231 4523 4649 4312 4431 3847 4392 4416 4724 3761 3858 4183 4506 4170 4263 4599 3847 4523 4444 4117 4008 4010 4142 3854 4344 4317 4644 3942 4315 4337 4051 4331 4323 4217 4516 4496 4437 4042 4038 4059 4163 4171 3638 4192 4368 4256 3979 4713 4200 4290 4378 4316 4283 4124 3911 4585 4009 3943 4430 4425 4393 4474 4187 3901 4364 4179 4175 4229 4176 4140 4238 3766 4161 4453 4255 4200 4141 4237 4008 4025 4517 4150 4459 4151 3929 4349 4098 4610 3838 4123 4238 4234 4047 4469 4134 4027 4565 4191 4512 3761 4335 4208 3978 4203 4535 4434 4819 4281 4301 4018 4366 4182 4413 4216 4180 4092 3902 4081 4223 4297 4326 4286 4157 4513 3885 4531 4133 4558 4541 4011 4098 4445 4482 3909 4436 3939 4223 4173 4270 4242 3999 4420 3968 4013 4415 4025 4108 4102 4034 4298 4127 4820 4138 4326 
4341 4137 3937 4079 4034 3762 4112 3708 3940 3914 3941 3862 3972 4319 4010 4255 4206 4473 4080 4046 4048 4178 4063 3702 4102 4372 4146 4155 4287 4180 4485 4097 4191 3831 3931 4211 4356 4434 4003 4044 4073 3607 4255 4042 4154 3630 4109 4393 4249 4013 4197 3645 4325 4510 4723 3974 3733 4515 4479 4126 4264 4351 3969 4693 4141 4008 4045 4106 4080 3694 4006 4243 4450 3814 3922 4163 4111 3977 4250 4077 4436 4349 4277 4178 4108 4210 4156 4117 3812 4151 4165 4272 3937 4454 4190 4329 4166 4185 4120 4120 3998 4354 4106 3919 4218 4337 4187 4328 4145 3923 4334 4079 4018 4177 4185 3985 4197 3781 4243 4438 4157 3747 3944 4127 3814 3953 4241 3957 4268 4116 4009 4460 4411 4298 3935 4164 4104 4078 3971 4283 4035 4103 4350 4071 4426 3719 4424 4239 3798 4142 4289 4333 4328 3921 4338 3977 4386 4120 4377 4326 3985 4215 4050 4178 4175 3825 4454 4006 4327 4326 3715 4251 4059 4481 4338 3849 4154 4400 4256 3981 4385 3897 4045 4075 4400 4286 4030 4005 3926 4077 4421 4194 4226 4021 4003 4213 4130 4258 3949 4095 
4546 4371 4043 4040 4212 4140 4184 4094 4244 4107 3959 4317 3991 4533 4294 4578 4389 4750 4070 4281 4372 4389 4181 4018 3977 4839 4203 4097 4443 4187 4401 4148 4252 4021 4355 4335 4367 4639 4391 4366 3917 4066 4591 4344 4329 3853 4467 4478 4461 4286 4369 4006 4569 4398 5000 3883 4212 4662 4600 4488 4247 4478 3987 4861 4321 4096 4213 4034 4195 4122 4507 4540 4740 3832 4151 4376 4229 4173 4391 4406 4521 4615 4352 4140 4244 4200 4414 4165 3796 4242 4372 4691 4302 4706 4197 4229 4363 4513 4147 4237 4276 4593 4131 4126 4558 4661 4349 4501 4423 4296 4515 4343 4257 4394 4306 4498 4134 4053 4593 4497 4236 4250 4310 4196 4243 4255 4515 4090 4368 4365 4208 4488 4475 4565 3860 4566 4180 4419 4139 4502 4502 4229 4241 4266 4615 3778 4522 4431 3989 4243 4315 4570 4661 4047 4522 4117 4560 4404 4471 4605 4091 4323 4143 4323 4339 4236 4546 4205 4808 4591 4035 4576 4172 4755 4546 4013 4094 4730 4290 4074 4480 4261 4147 4134 4726 4220 3957 4306 4056 4228 4657 4101 4443 4058 3900 4226 4347 4713 4065 4377 
4407 4448 3865 4083 4211 3872 4023 3688 4156 3955 4065 4021 4000 4583 4454 4505 4390 4292 3854 4240 3947 4469 4256 3983 4072 4495 4268 4230 4567 4222 4484 3926 4241 3656 4226 4228 4204 4479 3969 4192 4126 3760 4273 4521 4174 3806 4480 4283 4413 4208 4178 3712 4366 4574 4586 4089 3861 4272 4534 4098 4230 4333 3751 4517 4372 4361 4269 4059 4342 3898 4170 4234 4594 3845 4190 4415 4141 4146 4695 4036 4410 4265 4238 4098 4020 4177 4283 4043 3751 4507 4060 4307 4294 4418 4221 4068 4411 4340 4060 4202 3870 4367 4078 3901 4283 4248 4218 4467 4132 4165 4375 4080 4015 4271 4199 4275 4286 3821 4381 4517 4414 4013 4251 4087 3875 4114 4384 4229 4394 4196 4064 4501 4315 4529 4092 4040 4197 4011 4120 4361 4210 4233 4542 4298 4490 3702 4385 3905 3967 4182 4748 4446 4694 4383 4285 4193 4275 4320 4488 4245 3988 4264 4294 4087 4416 4174 4408 3993 4241 4430 3841 4422 4089 4558 4439 4098 4234 4472 4336 3939 4302 3894 4134 4574 4348 4004 3987 4200 3881 4045 4514 4036 3943 3952 4045 4169 4369 4575 4220 4212 
4252 4167 3692 3905 4355 3990 4121 3633 4364 4003 4035 4085 3878 4384 4248 4386 4273 4451 4117 4261 4310 4116 4203 3917 3948 4437 4427 3959 4576 4100 4433 4036 4404 3764 4122 4369 4226 4485 4117 4261 3807 3949 4357 4369 4179 3651 4260 4291 4547 4106 3935 3662 4276 4797 4588 3905 4076 4269 4300 4072 4197 4242 3949 4421 4508 4031 4016 4091 4081 4015 4506 4358 4452 3893 4165 4395 3722 4452 4352 4045 3930 4211 4472 4024 4106 4187 4107 4300 3817 4040 4227 4241 4225 4747 4333 4334 4327 4231 4075 4091 4236 4434 4026 3703 4336 4417 4364 4229 4269 4265 4324 3965 4070 4098 4167 4001 4100 3918 4286 4355 3972 4251 4170 4309 4112 4060 4485 4254 4297 4361 4340 4407 4124 4378 3832 3937 3895 4283 4123 4222 4258 4130 4248 4255 4405 3819 4557 4211 3762 4175 4401 4578 4768 4299 4052 3810 4334 4170 4374 4351 4047 4193 3961 4223 4299 3932 4444 4355 4452 4239 3873 4417 3886 4607 4309 3907 4214 4478 4458 3915 4294 3926 3947 3922 4267 4221 3935 4144 3820 3915 4379 4018 4125 4109 3705 4128 4493 4481 3808 4262 
