Matrix size: 400x400
Execution time: 1.38712 seconds
Resulting matrix:
704 -350 -1017 -373 341 -124 -463 1129 936 467 818 34 1625 -549 -405 -619 23 -821 235 -1048 225 -124 1083 749 -132 330 655 -783 303 509 110 33 -404 -196 514 284 -1301 247 -305 -1038 728 143 -545 596 1277 34 54 1546 -25 -62 20 -1297 30 148 273 -544 1617 130 -1454 -329 -856 539 -1168 221 873 -95 106 621 -183 123 -503 15 -811 -502 245 -413 694 127 397 419 -48 31 572 -444 796 -613 -151 188 357 1212 13 -11 78 891 793 -321 -676 -993 755 -54 -1180 -364 1217 -9 394 1719 -507 1291 -317 521 -152 -143 673 -804 1060 67 656 -681 54 -727 792 729 804 275 633 1303 -1599 197 -771 -1217 1045 771 134 -993 969 175 -596 964 924 258 133 -850 60 112 502 -277 -568 -1314 688 14 -507 1632 808 -185 861 -363 -1463 -73 589 212 147 -595 698 225 -548 -344 -819 -403 703 -869 1167 1122 -233 762 -53 -121 612 -59 108 280 -89 -923 1008 331 -431 -536 1095 -419 -599 -295 -217 -398 687 -1040 -533 -425 704 -751 -418 1299 -360 412 -1273 -1205 454 43 -448 -663 -271 -590 417 -479 -117 -335 533 352 449 -255 -1403 -543 523 11 -241 -55 550 28 486 -439 -447 -493 701 162 -286 -119 -171 59 -832 -554 -47 950 -954 120 1103 -15 -513 705 776 -139 697 552 -1179 224 617 631 -26 -661 380 -90 168 642 -854 53 1251 -296 685 -1703 25 362 180 247 -342 -20 356 -16 706 -926 -480 657 280 20 -358 1798 -435 -1093 -1030 669 -412 22 -42 304 -109 984 57 1133 -826 165 468 -993 763 -843 1201 15 -2612 48 218 1180 229 -301 663 411 -1155 533 -178 -754 241 128 -715 869 981 1508 1202 -456 -583 1162 724 277 129 416 -781 319 -28 -635 -495 -182 82 260 -159 -253 428 65 290 -601 -511 -891 -4 176 -757 249 -698 -415 305 781 -623 1388 1483 68 845 22 907 -55 -519 -83 -238 -267 -777 -903 -309 -699 -1144 -515 -1704 -600 -778 -51 -550 1175 -292 -363 -651 866 45 450 198 527 77 -412 190 1639 -588 -791 92 101 -308 165 -110 -282 -1700 974 642 -217 
-928 355 -45 -81 -143 249 -1189 361 728 1119 -227 -602 -1516 1046 -649 -314 -1051 -983 -1069 714 -739 448 89 -248 831 -644 -121 -164 -9 214 -642 358 255 407 -186 -589 489 -201 -389 -425 267 -638 -611 95 -471 996 1289 -1076 530 165 1541 871 -115 1109 -485 -636 90 -792 -449 -419 -195 872 -132 30 86 266 -442 1544 -118 988 1124 -735 -381 85 763 -373 -1051 -286 1632 -193 854 -283 -1261 334 106 135 -1593 134 641 267 -1934 -479 -827 389 -878 -758 -565 -959 47 -222 -1099 -544 -71 1 -543 -1131 -964 295 -130 1135 -541 -794 621 -1175 -166 -757 -131 209 312 220 146 44 704 371 -581 -557 343 -170 -809 -301 -174 -448 -1473 -1154 116 -361 233 -370 -297 1286 -1230 69 -237 588 -274 322 -416 -182 383 447 -562 561 -367 -249 16 -1415 -159 645 443 491 -401 745 -170 -458 -335 833 616 -300 198 608 -487 -1620 -618 241 -38 -490 58 -704 400 27 -1242 -614 323 77 -1367 -656 1173 -294 -1305 1180 311 237 -977 542 -912 1105 -114 -151 -124 239 285 1010 -687 -449 207 585 590 289 109 -91 -1069 79 1442 -283 -375 1002 602 -1308 448 303 29 -228 -346 75 -1440 678 -286 -1400 608 -937 321 496 210 -140 -1173 -749 -220 2 -1206 -546 -215 -1813 -656 -1040 -469 172 -46 -486 1027 -486 299 -140 -277 -483 -516 220 275 -67 -1697 -799 -411 -559 -1187 -1513 -976 -5 -2037 -148 -859 735 -208 1446 -355 -107 -1361 1056 676 -222 737 -468 1179 379 1201 -156 -737 -122 -456 -286 1055 504 -320 175 453 -996 290 326 -377 375 -549 472 -406 -20 -653 713 676 -445 746 376 162 740 122 831 880 179 604 -524 -1451 -724 617 888 -1615 -1327 1177 952 -42 1348 632 1434 755 138 -764 -1270 1732 -1110 27 1033 140 1015 -126 -386 -1464 431 -246 -497 -361 1436 1372 899 1605 -369 -453 514 204 87 -443 -909 -546 369 -676 -1077 -158 -891 -735 -817 528 295 91 -374 -123 1441 349 -796 -85 -172 -22 -346 16 40 105 -530 -234 -399 -313 947 -919 -393 478 807 805 -2139 -187 1090 733 409 -313 -64 265 -75 -779 1255 
-989 -326 -257 277 257 -160 911 105 1145 764 135 149 376 154 1648 -714 -987 -125 -140 -1141 1467 -814 -857 57 -376 608 -63 -848 -1193 623 336 577 158 948 -225 307 -271 334 -1158 -1465 396 -1137 -79 -160 -391 -886 -203 -288 -982 -406 546 -1101 385 45 -994 -1331 -832 -586 234 -888 443 -63 -507 1277 518 -1306 -165 -249 503 48 20 1577 -191 374 -101 -992 364 -1582 -814 -179 -316 244 -726 813 396 -436 499 -122 1144 588 -652 -36 440 -1398 -142 288 261 132 -50 -64 -607 76 1722 -282 912 538 360 756 -1409 606 1147 703 777 -1245 -704 -530 969 894 1471 -782 -452 -318 419 -779 273 -219 -571 1133 -203 213 -814 1623 -985 -560 1234 -269 -917 810 689 -397 196 -1164 -1048 449 41 724 -144 -607 591 -534 -339 -907 -679 541 -279 743 -1743 556 -530 -1117 1081 -350 -79 -925 -1276 519 1132 353 317 949 318 -490 1457 131 495 -1452 941 753 234 -548 -1606 -931 479 678 762 -748 240 700 3 -133 -1569 -346 -247 780 -113 11 141 -919 384 118 -111 -624 -745 -64 -118 -230 742 -1386 -968 932 -910 1255 -572 -234 -807 172 -182 -1915 -231 282 324 28 -629 -189 1360 -370 617 -528 -848 -5 428 697 1213 1491 -521 -366 -507 942 -463 925 -387 279 -698 808 482 922 923 -260 683 -1733 -506 -246 748 -1010 -1292 1047 47 -131 -1364 0 -229 252 688 632 -38 -8 -322 755 -1076 24 105 606 -809 -686 -1102 813 335 -260 -105 395 -1262 331 1105 128 -15 1864 237 1189 1037 -105 1202 -2182 1249 132 -565 -669 -451 276 -147 -1023 809 455 -775 -115 1132 515 111 -1227 -1119 -204 405 -613 256 -600 -275 34 -914 46 1022 891 818 930 574 -946 521 567 1050 566 299 -210 322 -785 95 621 -166 -76 -215 -58 397 669 -927 217 524 -409 164 -68 384 686 236 1659 52 -142 -541 1148 394 -1149 -142 -975 -691 92 -82 -457 -418 581 -1572 -1266 -1220 195 -300 419 -620 409 -642 229 768 621 -1528 220 -340 -79 233 1095 321 566 671 18 -692 701 534 639 -1582 1461 -161 1030 -129 -1101 131 -107 -107 118 
-622 860 400 -347 1311 389 -198 786 -381 1001 181 1278 233 889 -678 -365 -390 135 429 -592 -599 -857 1600 -1001 -37 -264 -403 -959 1100 -1589 -249 74 768 -1854 519 798 -1153 -266 -969 59 277 -474 -1091 -143 1505 735 84 346 16 -374 -1697 -213 -1460 -606 -235 -758 -1332 904 -880 97 -1330 349 -849 94 -798 840 399 -1063 -1002 -752 456 943 304 769 -1179 -435 238 -425 -332 -63 -41 1095 1587 -1006 55 -1335 -194 685 966 -216 97 -858 -1347 422 82 423 1359 -660 583 -307 418 85 651 -280 868 -551 -145 -122 656 -940 -911 -726 451 492 -581 -798 -651 -625 1638 -204 -390 1125 -833 -259 -481 -495 722 -1392 -2 -2365 -778 -130 -861 18 164 393 1065 -1364 526 156 720 874 207 601 -1307 -624 -644 -1165 121 -703 765 -683 -1340 -527 1007 1082 -546 10 1137 -983 -192 726 -827 303 69 222 -1305 348 753 -1105 91 -584 -138 463 -119 -85 558 68 -157 -862 -957 383 -487 -135 -654 -68 -112 366 -1052 103 549 310 392 -959 130 1271 -667 388 917 725 -1528 -369 593 -1877 653 21 -1168 -1078 -582 929 43 -435 -112 -1617 392 -151 996 478 748 457 1531 -68 -415 326 -599 2167 -847 480 -246 -172 -268 601 -498 -85 198 640 747 1016 -241 407 216 -514 387 -150 -830 -400 -260 -1127 219 1388 -9 702 -171 524 1152 1058 120 -336 616 -158 777 -385 -291 -83 -1201 -1353 977 -1233 -633 -688 913 -41 -234 414 -319 -388 426 -893 757 7 176 -1125 -619 -624 -761 762 -703 -82 -817 465 -196 -367 -210 -221 150 -498 -276 -72 -258 974 -375 1228 -321 -271 -713 595 -429 270 456 957 -1151 599 -205 -39 -1294 -349 -1574 133 1046 -429 247 138 670 -569 774 -360 -399 659 155 50 1017 1161 -639 735 -173 69 -638 -167 -641 592 218 -1095 -1247 -466 468 1016 236 512 -805 -223 819 1506 -602 -173 1108 -230 1590 -568 182 820 391 -444 -25 -1617 94 1340 398 210 27 466 404 -311 -745 -519 242 -63 -443 179 -321 -610 -984 425 -33 473 423 -349 650 -747 -97 675 1171 254 -177 122 405 196 864 -422 184 -1090 
-783 -579 157 -154 -269 -648 -465 -564 -15 -328 1 -1018 333 -20 -675 1347 -870 -519 557 970 129 -1480 -683 -343 -1258 36 704 347 -321 1091 203 1586 1347 -809 792 916 14 1139 1411 -1126 516 -509 -331 -1512 -603 -1547 388 1031 437 108 -457 -1088 -1108 -729 82 588 13 -806 340 410 753 846 621 844 -1022 -721 -194 493 -322 751 -673 793 -363 626 -237 625 -289 108 458 286 -1188 -1073 -495 860 -383 -931 1095 -789 -582 -245 -531 -84 1402 -1680 -622 434 -100 187 1037 467 -7 391 1126 -18 510 1336 1844 -208 -1442 -723 -449 -220 249 258 816 -1114 56 306 -227 587 155 311 -851 -1376 867 1427 218 1426 -559 896 -176 456 -437 -301 -141 426 311 -282 844 -49 -731 -591 -253 -1206 -404 1415 -114 -1103 -835 867 -617 162 1842 -104 230 -97 -221 793 820 -101 -125 -1201 142 814 -907 -1369 -566 580 257 -750 502 1868 295 172 265 89 105 305 319 -748 510 -912 -767 336 863 -1058 -2 -356 -136 -854 521 510 -1314 -1001 593 761 523 -803 212 349 429 -762 -1261 -9 278 1269 101 619 -458 -1215 641 251 604 -1897 -459 -94 -1041 1399 222 -211 922 -203 599 -1417 476 796 -1877 602 189 1353 160 -109 -450 628 1166 834 -13 -403 892 917 979 19 -18 -193 -438 -644 273 -900 -370 560 467 -837 1292 533 359 954 1479 -607 473 118 -476 -80 -99 1071 -1214 -271 -670 352 443 -960 257 379 947 167 730 456 -1069 974 -218 263 -2196 -742 -1437 770 -554 -980 625 974 -1405 -545 471 50 919 436 524 -647 452 -726 -218 -1443 -226 1169 -303 -118 -453 -390 156 -676 283 -701 1063 1186 74 -496 116 1011 -333 148 -290 79 187 -742 -787 11 -787 -663 -362 -1595 1195 235 777 926 333 1017 648 2933 -666 -427 265 544 500 666 11 -1133 -88 1203 861 1240 1620 1029 1076 -649 1484 905 -1043 -409 -975 304 444 -656 117 621 -947 -107 387 -405 -411 -326 -831 -401 1230 1300 -418 -81 33 513 294 -601 484 -386 1691 306 -1983 739 885 954 120 41 1761 1194 -301 -84 880 -783 634 -379 266 -227 1113 -959 
2613 -1092 -865 -345 -162 -1150 173 59 108 -56 -1288 170 406 -1445 -60 -924 -120 -582 944 -678 151 1436 -47 -692 666 776 -302 -1048 -932 96 525 -363 526 -441 648 -857 139 1073 -431 1314 410 -887 701 74 844 836 73 149 -521 -592 518 561 1000 622 -456 935 310 -275 29 -153 307 -997 47 -720 853 2201 784 -1030 -1392 640 -289 85 463 891 342 -1405 1411 -935 53 -555 133 -338 878 26 244 -624 -968 1088 1289 1174 134 662 295 -24 432 155 -376 -1205 -328 172 -109 767 650 -1053 354 423 1100 -551 1017 968 -435 367 -133 -403 -1060 -349 -105 104 -415 621 210 996 1039 -302 192 -519 119 111 613 508 323 1266 130 -115 471 875 118 1131 -739 470 1216 -162 579 358 867 2 789 -765 -32 850 -545 1398 -392 1355 -93 1229 -144 -447 -754 853 1257 -1039 -167 -161 -49 435 269 -966 -459 719 533 -677 841 407 164 -924 -324 -724 399 90 1792 1104 -315 -278 -1149 35 916 -39 732 -892 -622 -744 -1789 1521 -111 150 359 -858 8 -2 -342 -642 -1659 2398 -896 445 1540 -446 378 1059 -511 353 -838 189 1424 -1132 53 -731 -1069 891 7 1048 -1150 1396 974 1156 1937 -1284 -306 -1662 -237 -120 247 413 -2 161 433 -156 198 332 -1091 -674 683 82 931 583 1830 -1021 861 1134 716 -101 127 335 -387 1723 -610 643 -853 150 -650 -103 281 133 326 -258 807 -957 -266 640 18 -153 -554 -1060 -16 962 -265 -1289 474 -155 -165 1263 -138 642 -6 632 -640 -147 444 975 572 -1053 -655 -162 -1641 -296 387 53 763 391 642 -130 264 -494 -1116 359 -1385 246 868 -589 -394 1343 -1135 -619 889 -157 382 -340 86 1243 857 -1195 -577 -899 -872 -953 445 -210 418 1194 -1047 605 -472 -28 -434 -172 -126 -418 -676 6 165 389 1267 -404 1098 -946 -1357 -116 -57 615 -470 -638 -1749 -484 -104 2021 113 -191 -1040 -17 -1834 696 317 506 -511 -356 106 990 -635 -271 70 587 -1376 97 -220 571 -310 385 716 -576 -235 588 506 -954 222 -494 1233 279 267 542 -1641 -231 557 583 1851 -687 -227 -341 -762 719 
242 409 -1039 -1693 -449 -107 614 644 21 362 165 -737 -27 171 241 -460 715 747 613 -863 -146 1334 -78 -650 -38 -443 607 1142 -745 416 780 1021 -1320 969 72 -582 755 98 -785 -244 1012 -850 -294 -1157 -28 877 -388 895 90 -317 995 -63 -1183 -849 1344 -442 154 1056 -635 -444 106 -265 484 382 556 830 -780 -1900 -604 -86 57 387 -309 -634 -998 84 -177 510 -371 -194 -136 972 848 93 22 900 -2218 524 -273 -584 435 -500 580 -971 -784 -146 -910 -202 1183 -1727 -855 -292 -1053 -1655 -155 -821 680 953 -157 71 -442 -3 871 -399 -366 -9 466 506 346 1027 -544 991 -233 -372 508 128 -922 -876 399 513 25 -333 -262 -122 119 -991 165 165 -407 -1305 1416 -1469 -161 -704 273 -119 -1312 812 -131 -278 -559 -53 583 675 913 -350 -634 -205 -322 -1621 791 304 -81 113 -502 560 673 143 -1219 753 461 604 289 545 -167 931 -890 -271 -561 577 384 -2068 -664 -45 10 -1389 -646 186 1063 282 -352 -643 -1105 17 1218 -188 722 -513 -190 159 -483 158 170 427 39 1245 658 -551 -543 278 -423 -241 -156 109 375 320 -490 -870 -485 -889 -192 -536 436 511 -1155 2017 -839 381 146 -123 405 107 -880 267 1319 -758 -480 -716 -725 815 207 -111 987 -646 724 929 -683 896 211 1533 -21 -152 241 581 1281 -62 325 -10 -874 -122 1062 -821 305 271 -503 8 87 229 -47 1176 379 -144 1467 -267 -30 244 -803 -451 -213 835 -1127 827 -449 804 -322 1297 -117 32 -980 287 -648 -448 81 -417 167 -451 -659 738 -97 -174 127 -72 679 -769 774 -610 -368 160 1595 -816 -266 186 -861 504 873 301 583 281 922 -1868 -352 -187 153 1039 -235 193 1096 8 558 329 -369 -342 228 -574 604 -337 930 592 -153 604 -1079 -565 -1014 -1190 -805 924 -571 -119 -400 1245 38 -373 869 -994 -737 218 231 754 236 -710 553 15 131 -114 941 -301 946 343 685 177 98 -1198 1757 -1340 174 61 -385 1024 948 1107 314 -157 927 -25 645 665 -1324 -1040 685 165 -294 -297 383 0 -418 542 -100 844 908 633 
-839 -303 -1182 323 -1011 -369 459 1075 153 406 -698 -1313 342 523 -471 665 844 793 -936 -487 -427 -310 581 69 -221 -1203 327 1053 -372 -551 638 1120 -228 379 -329 -618 1196 106 1252 -98 205 -226 168 216 517 -749 442 602 -440 601 -783 1318 58 -524 -827 567 187 -90 -607 448 1556 -884 42 -74 -90 -641 470 -176 78 -25 576 200 -514 -1091 558 -104 -1749 536 -290 -257 -289 26 645 1208 1088 -152 1035 1128 -291 765 -639 1426 679 -771 -224 -433 -552 624 -314 -428 349 938 -352 717 -1316 715 -498 436 714 128 -204 -622 -70 1196 705 -122 1352 628 -665 1505 -854 -1380 -243 -1333 -76 325 -1575 -625 -670 20 -644 655 191 -1172 -451 -80 339 211 -709 41 -109 -809 351 443 -72 1115 1208 -519 234 40 -686 26 -519 570 201 674 202 -899 403 -536 120 57 1565 -881 885 -696 -1523 728 -1095 -393 -126 -934 -75 -494 631 1060 -145 -530 270 548 814 58 -123 1029 -717 -354 -2372 -183 718 -540 2 -1368 190 -578 -724 99 717 -144 -843 506 671 -136 -984 549 -406 -361 -482 359 375 378 -761 1079 729 739 246 1551 -622 -618 -618 -50 -105 -515 844 376 -45 112 18 -30 1327 438 63 -2055 -553 -103 925 1823 94 650 -966 -662 552 -1088 -99 -765 -423 -254 273 356 783 15 -106 -744 1647 684 -922 -785 1177 -1146 -637 269 441 -461 128 52 304 -241 -234 -1437 -625 417 -124 966 116 783 -471 414 847 -960 -11 1612 172 126 416 -97 -772 -308 819 665 1366 575 -258 -988 -501 -1780 -933 204 498 -41 -627 277 1714 -1050 -211 -72 97 215 -436 700 -1546 -1000 -213 419 204 219 -1173 956 444 -1249 -468 136 -378 112 365 -518 -965 -42 -193 -35 -767 1236 -547 -444 91 581 1494 -839 -152 1011 -171 -883 -146 -136 -461 834 460 965 -381 -1278 -433 -954 -140 1386 421 156 -458 371 -1139 -315 -1746 612 -1071 -161 88 1401 8 -789 482 439 1485 1 -928 -805 989 826 -51 -955 -73 -994 120 253 902 -1378 440 1031 -688 -245 155 672 -638 528 -132 43 -719 -1236 -1206 1666 -614 155 601 -709 
-850 726 -301 149 -37 -536 -761 554 440 -144 740 381 569 -44 -353 -265 -1389 -38 483 -682 405 1133 1025 703 -1009 -1363 1327 593 1298 1073 139 -1369 -355 458 159 -147 -739 74 -625 -368 1451 426 701 433 588 351 -868 2042 -1402 782 -1601 -460 -1052 -1334 -754 294 -1225 -1238 151 805 366 -364 -158 1221 -351 -927 -927 -190 -695 -966 1421 9 -1218 -887 1217 714 -421 392 -358 484 619 -359 967 325 -7 96 746 -1989 -373 58 455 -903 -78 -1614 -307 827 -1055 -1176 1104 174 834 -158 -272 661 1325 53 -1048 1063 -1539 235 1437 -813 -656 -1570 862 1591 -173 1132 303 597 23 -777 -49 -1163 154 104 100 470 -432 -474 449 -1159 -120 -1386 -734 605 324 -3 -162 -274 1523 -709 -1511 258 456 -78 -1420 -317 154 -725 -525 378 -667 873 -403 581 -359 1708 -968 -302 79 119 -563 -889 758 -114 799 815 -260 -683 -82 -788 938 2 -1234 259 567 21 -425 -369 -463 402 -424 13 788 34 560 -322 -1649 401 646 -241 -329 -50 -172 -62 -481 -227 2306 -19 1100 383 659 124 597 -1366 -530 587 -1467 -324 -47 -1186 717 -210 21 1444 -513 -1045 -1023 -223 -139 -219 57 383 1126 -22 -226 -119 532 540 -451 232 1280 405 -1069 -904 -397 175 -738 -932 -196 -848 1562 776 634 -157 -1057 -791 245 341 -1324 -323 1023 71 209 942 548 -590 -1454 140 -1396 -1961 72 -667 716 25 -1870 -671 346 469 -1747 -210 640 348 175 -700 -595 -607 1415 473 -24 1776 -236 -184 -858 -137 279 240 1010 593 513 -1140 -517 -987 -798 668 151 -553 90 193 1103 210 -154 866 485 929 552 21 -637 -299 275 -397 -352 620 -169 319 248 -719 -269 -586 345 -311 292 1106 -534 -642 -419 58 -167 552 -1640 -617 -120 607 -492 302 -1372 -763 1152 750 -1735 -71 -330 -571 -429 -221 -159 756 -182 104 -1105 -131 1129 59 277 39 -795 -752 -998 -659 466 310 -373 -1265 531 -473 33 -961 -998 863 -196 -311 -1106 -639 -197 371 -876 309 987 -269 -646 -32 1442 205 -13 6 130 1600 208 573 -402 -708 -1309 -511 344 -1562 -2063 1003 207 -1451 
486 -950 -53 172 50 1583 -433 284 1012 288 -765 1814 362 771 371 789 150 -306 190 89 960 -526 764 -8 478 -593 938 -960 192 101 706 -767 646 -47 339 599 -486 370 717 1049 -1428 1567 -453 400 -279 91 -1042 1071 500 545 63 77 364 -724 158 -588 1768 -190 -568 -477 -361 362 -356 375 1297 -110 -98 -859 -379 736 -324 279 -562 -482 -786 964 383 -885 -517 487 975 289 -1455 -35 -1230 -216 -952 905 401 -510 68 -624 231 -80 1056 -372 603 214 -891 -899 145 784 -597 -360 4 710 1096 -575 -225 806 411 -607 49 -377 -823 32 -407 447 -303 289 -36 -90 -447 -275 188 -495 -255 -848 -614 773 200 668 -272 940 -114 738 561 -865 620 -221 177 169 -1308 525 -459 562 1424 175 1472 -792 663 -310 432 -775 874 -220 64 -97 -499 -247 -306 -471 -161 -1 505 487 547 202 -2541 562 -71 31 419 205 -770 -708 425 -293 -783 1637 1313 160 -1367 -432 -297 -94 515 827 -416 1122 871 919 -908 -212 542 947 471 967 2073 1275 -315 682 376 371 291 -480 386 802 -253 -1236 619 848 1447 -482 -803 829 -954 270 -259 -24 -150 -703 -176 -406 -751 -241 807 -237 -319 -775 139 -418 -894 803 -412 140 -153 -1392 475 309 -465 1387 473 1434 78 950 -656 -554 -375 -218 -1662 230 139 341 675 -29 488 159 -344 807 382 178 294 137 1055 290 -566 473 -234 -289 446 1509 121 -588 1211 -870 -858 129 -502 490 -278 -378 321 1004 1786 369 -733 -10 -870 952 -440 -516 1289 537 -1282 214 208 136 -151 -1395 -1093 879 -538 1657 -828 334 -977 1466 -399 -1123 -852 -205 -353 85 506 455 -562 -141 956 60 -477 646 -736 607 366 388 771 -667 194 -532 562 607 -1388 -1158 500 1113 -109 -369 -967 -335 -213 -332 17 -888 -280 -466 1665 -335 -1222 193 -254 -1171 675 87 -1147 362 -682 289 -492 2434 37 344 -326 -6 387 1044 -794 736 -739 -12 -743 -452 -800 559 696 -510 -904 142 279 -241 815 -1694 -927 1271 676 989 719 387 -769 280 -1049 752 982 49 679 92 -657 -297 -1428 -96 
735 -538 -886 417 420 892 -654 512 1163 602 228 109 375 659 650 80 -146 249 -723 -447 -283 -319 -896 -85 -617 663 -1269 1486 -245 -289 724 326 -210 -75 -22 1785 1059 833 201 -85 -1208 1631 12 883 -151 -405 -409 1182 51 -1123 -1088 -1419 -843 -1178 -253 -1437 -259 309 -916 -575 17 -229 -210 48 -168 -1672 -413 -978 -596 342 -1144 322 430 954 701 -878 -524 -966 109 409 -161 -784 -286 -553 87 -751 304 -882 400 216 2159 -247 4 1022 928 136 -590 832 1314 911 688 -396 -136 0 -465 -1067 753 -184 -29 -785 -37 242 -115 430 165 1159 298 448 1298 67 -34 1263 -225 1401 136 -265 -266 -1056 224 240 -826 47 -753 -806 118 -1253 275 -17 79 -354 2207 236 -153 264 -1199 359 -119 1274 539 117 388 707 906 -791 1664 -57 -97 677 453 -478 -197 902 -72 117 278 947 -640 719 876 -189 301 383 -509 -272 1111 165 894 -597 -272 -471 -249 -175 1455 -877 -772 -314 -1135 6 608 -773 1339 -2016 1593 463 301 844 -1113 364 -1408 -221 822 388 -827 -2739 -223 1499 493 -1664 1327 -1992 6 -276 -26 471 -344 -1810 2309 -1440 698 1114 299 -333 -1076 -147 -865 -423 101 367 -77 1409 -780 387 -1424 103 -466 361 -46 458 -2061 155 1367 424 -328 566 -359 35 555 447 234 -62 290 1108 -153 -105 -926 -1267 1127 -15 1615 34 -1013 331 959 311 552 -431 -471 -197 -258 -762 601 -677 -854 -103 -942 184 137 322 -495 80 -617 -258 396 -618 -1050 -304 -1045 671 -778 521 535 -462 608 639 -51 441 433 1196 -1586 626 -736 200 1568 130 -183 -459 -794 -936 -484 186 363 75 287 -1348 1571 753 1249 212 -90 -1025 661 591 1123 -952 477 285 -326 45 -313 707 -385 887 -93 -1320 332 1135 -2273 -134 157 -809 -1207 -719 -1151 711 145 133 -775 -1268 -868 -339 1061 856 471 842 791 -393 -309 -855 916 897 428 -1006 -366 -472 1582 519 -95 1098 7 -350 427 -96 293 875 396 -621 -1278 -394 751 -515 1421 1929 -216 -893 498 883 -567 -371 -731 1144 1333 744 1581 8 191 -383 -42 265 -186 401 
-85 -1587 1097 -349 -880 280 71 81 -107 -280 482 -49 -1005 -1461 718 813 -430 -1432 1075 301 -5 -1525 -444 -1251 182 389 -1060 -673 1650 152 341 151 706 -457 -684 -102 -295 646 1146 314 -379 -3 -608 1136 -546 -905 -672 896 -455 -561 -386 311 -239 -308 -990 20 -1019 276 -83 605 444 256 42 -816 61 -98 -475 905 -1036 -453 -345 -114 1200 31 -376 -313 334 -283 1059 72 -20 968 96 1458 -322 -647 4 -1337 -404 -195 -487 267 104 694 1182 116 1698 643 676 953 -219 293 -51 -12 -379 1544 -1089 829 -341 245 1164 -822 -354 -1121 -409 -1260 -789 -249 1330 786 -953 -443 -130 652 1038 411 -412 -300 1343 -1469 245 165 -1905 1057 -661 695 -966 37 6 606 773 1252 -419 242 77 263 8 -940 -406 113 -51 39 803 -1335 -72 1739 918 -33 -579 1428 33 209 716 140 -917 898 182 848 -482 198 348 -620 -120 -580 739 -440 -1060 591 -855 1069 1259 473 -105 1697 321 658 889 -18 -1140 266 -137 -130 -1388 1165 -1224 -548 -31 5 440 -1115 -574 -591 -1000 817 46 -1163 507 798 -1554 -1432 676 -510 630 -808 -148 427 267 -343 508 169 -832 554 -1116 122 432 -325 -612 106 509 -671 -792 -168 1314 759 845 821 -204 -618 1165 -839 -828 -627 -1050 -379 304 -33 1334 1203 -101 -304 -1126 -1238 109 -1530 -456 592 -68 313 1450 406 -700 -634 403 411 1067 -1325 569 258 -1293 320 237 -382 -144 -1808 -559 -78 -264 -471 -1294 -1243 248 272 -224 -25 -194 -55 -310 -164 -1489 -838 409 -388 256 511 -124 245 -321 459 506 842 262 -236 22 -1082 -753 -449 -509 860 194 1009 -416 59 -527 -316 226 -653 -146 -326 -700 65 70 68 -476 -955 -519 -223 -209 -275 432 -711 1353 741 -225 339 34 -292 -755 -11 1233 -368 -232 -571 -279 726 374 -718 1170 516 -107 807 321 136 -1048 330 -646 829 1253 -1256 -88 327 78 -114 -576 -319 -503 112 338 -405 529 -430 155 1022 -1062 1275 -699 63 644 135 -835 -171 793 612 670 86 385 725 1799 981 -379 677 -1211 -39 707 63 569 -1310 1610 -229 44 -65 
752 764 325 -824 -845 -105 -577 612 -2 770 -362 960 -275 -683 -49 -330 486 1002 -851 83 -582 355 -961 -329 -204 -1718 -979 -414 514 -396 -1139 132 -879 473 -259 685 192 1222 -76 1087 -887 -284 493 697 -85 624 154 675 1525 -427 -432 641 -88 -68 112 86 -777 81 -95 5 -687 -29 -52 852 425 -1045 287 1756 440 -592 638 -624 -873 -479 -307 -438 66 -1065 -655 -8 -344 751 362 397 -354 -1044 1028 -159 605 1044 1416 681 402 -244 1043 1022 -97 -2039 -86 503 -630 -669 -336 451 -1382 98 -1562 972 1104 -1639 -299 490 -703 -218 243 1222 -21 -183 1085 413 -460 -795 -247 282 -1657 -80 -201 77 418 473 -285 171 1249 -369 88 978 720 168 302 -440 -338 -132 -500 749 -33 340 -644 1038 418 -1245 -1517 638 -40 -997 -528 869 652 -1020 467 -438 -383 -161 478 565 1043 28 -310 -75 -120 1111 210 807 -618 -439 -888 -129 564 422 -766 58 589 129 -208 1450 -586 1645 587 -282 6 1028 -111 408 558 -67 -799 338 537 27 280 505 196 -135 806 -100 326 809 -295 -2526 -399 319 -122 -418 -415 1696 993 -1394 665 274 1215 509 -587 -389 -57 -49 -287 156 -822 620 616 -8 177 514 -669 -676 -1581 866 -656 -457 -488 -1025 -723 -1314 1422 -665 870 322 158 1078 -1032 493 363 -353 98 -2142 236 -688 -404 -391 -155 1351 -1077 -684 667 -48 704 -542 639 -637 1173 -163 306 81 853 171 266 -599 -85 1549 -279 -273 -77 488 286 978 201 173 305 -1080 264 -468 190 572 -527 -121 427 83 -137 -603 46 -173 -157 150 -1153 822 -384 -209 -125 720 106 -935 -776 1073 -235 1631 -780 278 75 161 -171 -844 153 -143 321 17 -528 797 -1666 454 95 1509 -320 -1000 540 737 1069 689 -76 210 -817 615 459 -678 328 -445 -283 -161 -13 66 -824 -278 -179 -160 -642 -133 -234 -838 -547 -292 -870 -685 -163 -860 304 -994 639 -760 -114 213 -270 471 347 1057 207 745 1248 -663 -696 -772 -1020 243 876 177 -12 -875 957 -334 -557 -476 1015 -757 392 -212 -679 -202 288 -92 985 -610 707 221 
-259 58 1640 -304 -272 -668 1274 1638 -13 174 1163 -177 547 -732 1077 987 477 -369 198 24 -581 859 -609 1038 847 -1031 -326 627 197 -352 517 343 1151 -419 -551 45 -319 389 -285 -239 -415 1118 -1340 -1239 -568 1403 -222 1010 -268 -141 172 -1139 64 -226 -363 -1376 -503 -653 581 452 -189 162 227 265 331 987 486 -781 768 -475 -588 -947 -362 1058 -80 -74 1191 -1463 661 -1973 -869 246 620 24 -138 -1465 -176 918 766 -57 351 -297 -187 120 -1370 -242 618 -465 -628 302 46 1149 -843 -7 -19 1947 180 360 -661 -135 -620 732 1735 242 -365 -950 44 218 999 -399 100 702 -171 -215 1097 172 691 29 160 715 -138 -1173 1463 525 248 -142 534 638 1580 772 -225 -1330 26 407 1301 -1224 808 1033 1041 -66 -724 411 -1870 17 190 -396 -135 991 -217 663 269 -319 -801 419 -1522 346 437 -853 111 -625 462 -910 454 269 464 -1061 590 -1331 1680 -291 721 1368 453 411 -1240 -545 641 -36 -465 733 577 367 1058 -222 -1466 913 506 -354 -18 399 202 326 -557 -397 715 53 367 257 -469 -865 -782 969 -79 -28 -727 -822 386 -239 309 658 838 298 -134 -78 -122 798 -509 -417 -1353 -260 -435 759 184 0 -549 143 780 -1227 128 738 43 1460 -220 109 -1753 -924 545 703 261 -962 361 -459 -664 451 -207 433 -931 -138 -1402 -1045 43 543 470 612 554 158 -59 -44 -410 -328 693 7 -29 -227 1064 960 86 203 -309 -1018 -1119 41 -612 810 -57 8 -1222 341 -1090 282 -277 463 679 -255 -1084 -1075 -665 -567 210 -21 272 1072 -789 223 -1949 -200 -154 -1069 -6 -82 -1483 889 61 -321 -714 -1010 -569 -66 -218 -186 -791 -316 352 -705 458 784 638 -770 -679 -248 437 366 -588 -29 -878 -1009 435 744 -878 -986 -59 261 201 -498 -1403 -160 -310 557 -684 578 522 -529 -1846 1394 -93 668 -273 1655 777 -403 -610 1034 82 952 -1209 244 246 1011 97 573 -440 -69 -975 -123 1008 418 -986 -1331 85 -279 458 -1136 363 -261 -36 1420 -273 -754 885 944 -448 195 2260 -168 63 184 665 590 236 -509 
-243 586 -857 968 -1360 363 -806 -745 -956 -1422 1528 521 340 -758 -1447 -1225 47 -351 966 -173 1532 497 -1521 -246 394 -266 -1619 -633 462 -278 21 -370 462 -87 -412 -485 -168 -277 255 -697 509 1470 -200 215 909 663 -705 -248 304 59 -237 1279 -964 -184 -230 545 742 347 -1122 205 713 -986 -567 64 -108 -46 346 159 442 145 527 -256 720 -747 1173 -143 -192 -484 538 644 -238 202 -1009 -132 293 219 902 1238 1107 1433 1456 1419 1490 177 -250 -635 -450 -1037 298 40 -142 1335 877 867 -4 470 81 1255 554 -351 -427 -106 -419 -552 501 153 -1245 49 -347 307 323 134 -334 673 24 -1494 376 -351 479 740 417 -257 -891 -484 1471 -649 167 -38 -887 1234 -34 347 53 1247 1712 542 -624 6 -1540 -710 -1468 -1342 -1208 -298 -1293 -353 -257 289 51 -1038 413 -144 705 184 352 -1547 -180 -455 819 -514 -599 490 -1151 371 -189 -124 -218 -833 487 -11 96 -72 -985 -799 -247 -181 17 -1629 -506 -505 541 -1251 -21 410 -496 -149 -310 -602 -1553 -68 -366 -813 1348 20 -767 552 593 762 -934 501 -416 -221 -949 72 -46 -236 -153 -57 -1301 398 24 250 40 -234 582 811 -120 -329 -583 571 -552 629 1227 208 -176 -266 225 369 -874 -1420 -768 196 -54 -723 -1231 316 -305 -264 -63 -389 766 233 659 -605 -386 -1338 -78 509 -203 -300 710 531 79 89 641 -650 267 -2095 -411 -33 -888 -301 97 -542 -1019 300 -495 -626 -400 -415 -1136 -899 -329 217 219 -400 -373 183 40 -1549 -699 961 -367 608 328 29 505 97 -162 -1340 73 453 573 -85 1946 552 282 -468 564 963 -170 674 980 1003 739 -555 -179 -171 239 -327 -1082 -365 298 1040 1462 820 -509 42 -1171 -497 533 -944 867 -576 -823 939 190 -987 578 707 -700 -732 885 442 -398 -490 -629 -1418 -644 -397 -1226 397 247 745 527 -204 1523 -22 899 -1087 754 613 -858 -533 -85 5 258 -1939 110 -452 738 -312 -451 222 -20 338 -408 -946 1240 1596 -531 572 579 -91 -457 -1392 -481 1718 -1041 -985 -1144 -345 -75 -229 -484 1009 -159 -986 341 393 
2312 -806 -22 28 -456 -686 841 942 -926 1600 -131 1041 858 -329 637 -1294 267 -405 541 -1358 969 -810 -1558 -746 96 -236 -1552 -1280 -1422 274 -214 -669 1214 -1318 196 -394 -239 -1370 291 74 779 -163 -1525 1507 629 -543 295 -63 344 -410 -1466 -777 484 -756 791 -241 40 44 -467 -519 -889 -911 -684 1126 751 243 1006 -1251 570 -422 681 575 676 2183 -799 1115 723 331 520 709 138 602 1166 -928 -173 892 -200 -836 1067 819 -579 1195 -781 273 30 637 -1063 681 199 -178 268 -528 647 267 1846 449 365 -695 25 -1373 -348 188 -135 -1136 -602 507 60 447 -460 -522 -69 302 -1520 260 506 -522 1103 48 -449 -138 428 106 1294 221 869 226 39 816 8 -262 330 -702 611 -493 -1795 183 477 883 933 -902 -627 -120 -40 -827 -978 442 983 -1078 -583 907 502 44 -913 1397 608 1637 394 -1113 -320 -960 -677 479 338 -401 407 42 -699 -202 -311 215 1592 238 189 -68 540 -96 -78 570 1512 846 80 129 -35 -198 -1449 -907 718 863 -774 -1228 -29 -969 -404 -183 160 254 -320 14 1034 -298 -592 966 872 190 83 -986 -90 -463 725 1107 -194 -825 478 74 -201 1072 -221 -450 615 -1271 313 -273 -2021 -270 -1014 18 546 -371 327 -1013 -2014 1175 506 -391 768 -1625 223 1099 158 384 -45 691 42 1220 224 267 53 -1740 354 -547 637 -1012 -669 -1260 -543 1140 829 771 -957 302 1131 -58 640 182 729 541 -375 729 902 -569 204 413 -206 -434 427 897 -161 942 22 332 -1067 -240 -686 211 -1249 437 125 70 -344 -111 -825 372 -103 311 560 493 -105 -1334 712 -454 -187 -838 1798 425 -1103 13 217 -923 -1308 83 253 -108 -1109 -182 -352 515 196 -356 786 1105 -37 -1018 -719 924 -350 -90 -426 -1057 -627 -82 -426 -1204 1102 132 472 103 -843 1074 1192 -537 490 -319 323 486 -682 -322 -728 -604 -1582 265 -615 -838 420 615 402 -331 1092 1004 -1210 256 1247 -933 -102 333 167 -484 190 -111 816 38 799 1324 1078 1255 -110 355 -782 -263 -279 878 345 280 -353 1586 434 -158 -1057 595 729 -1699 
-111 56 -452 -376 -353 -254 379 88 -546 -539 -376 157 892 1336 -378 853 532 443 -588 1016 1278 -633 777 462 -74 607 98 215 -8 228 401 183 -626 -240 1314 -758 -249 -351 -73 -613 829 -733 -634 -534 -586 246 753 671 66 -1084 -40 -43 192 207 887 392 -40 386 980 -36 196 75 704 -310 465 -938 -609 650 1 359 552 577 -603 258 -52 379 -1841 211 45 -1737 12 66 -671 453 74 47 16 1840 797 301 9 -113 -86 -822 -227 -100 -894 -140 74 1007 393 677 -176 -160 -1049 -182 255 -690 62 426 40 208 302 607 1717 333 -786 300 -997 -2189 514 425 -168 -963 -192 195 -336 -471 380 -195 775 -443 143 -325 1218 -392 -596 622 1013 -229 -334 176 102 -1519 330 611 -670 374 36 1215 -239 -1492 -497 -433 -130 -819 809 -325 -290 -914 10 1103 -931 -751 -608 -70 300 -1139 -689 636 449 -727 1031 -963 -108 1306 -210 320 -1301 -39 490 -597 1571 -276 295 -201 72 721 -495 153 -566 574 28 -684 102 -250 679 -659 521 -111 301 355 1610 -600 350 -125 -293 938 -238 -584 715 1231 270 407 -651 -962 83 277 -1099 525 446 183 -251 860 351 -543 -265 1690 -931 -336 -84 -855 -328 -623 669 729 -810 232 396 1099 -155 140 -387 604 -1451 519 1013 72 -146 685 215 -744 328 -440 -429 -1161 -6 -195 -395 887 -157 -921 -779 1067 -314 -1505 -522 1000 -1490 249 712 -569 -83 1057 -1430 13 469 -647 -350 529 199 -340 -136 638 -428 196 -411 739 739 -1587 539 -1079 -291 -816 -543 -335 -504 -1244 -1046 -160 -941 -557 -563 678 -27 -367 -251 -1015 49 457 -764 -315 -448 -165 -954 21 1049 -200 -769 255 -521 402 1986 -122 -505 663 678 -1047 -473 -1110 -981 1049 598 1165 -653 641 -307 -151 -1067 -357 -207 230 -994 -397 -540 1535 298 260 -285 159 -655 474 189 -550 398 506 -1060 -333 -147 -224 -158 256 -925 -422 1059 319 976 589 -520 1408 1184 64 1103 -955 197 1270 767 1334 587 107 309 -470 1411 -1349 -137 -920 -491 462 -416 634 96 -143 99 -311 -1390 1103 -510 -424 -1102 719 
1091 -525 703 -720 -475 127 -526 -781 482 674 -929 982 135 672 973 754 61 1040 651 587 433 117 78 -102 673 281 1229 501 677 -481 -1193 -119 216 613 -636 964 -162 511 -262 -708 477 151 -747 697 271 510 952 2004 1162 -1065 -241 -36 122 383 604 302 -368 -2013 -750 597 1899 729 -485 130 -667 -253 -497 962 -12 967 -634 952 -344 -539 -893 -364 -4 -1263 -47 -1255 470 345 378 -345 -1346 -1059 794 856 -620 786 -574 -418 876 -140 -628 1782 -1345 854 -237 868 1088 -25 46 1261 1632 359 -785 549 458 -585 -629 94 459 -90 1336 -741 7 287 -370 -221 -915 -1058 1033 316 1197 49 -1933 1013 1062 -317 -307 -185 776 -269 -1069 -89 -165 -461 -822 638 958 -308 -761 -993 -1168 -316 -599 -1483 -586 56 -2414 1155 116 -619 31 1506 824 548 451 -142 -150 -323 505 -90 188 638 794 -287 704 203 -975 671 -1728 -238 582 -348 -1661 -1594 -392 -1377 1323 496 1577 -380 443 481 1187 792 86 314 72 1066 -1408 -45 -258 344 805 675 457 -936 -711 -351 474 -642 1058 226 886 380 -46 547 1071 -658 563 427 596 197 -612 -1145 181 -395 -426 -469 195 56 1616 -180 434 -545 94 708 701 185 818 517 -290 1454 -448 1056 -844 755 23 -1095 -441 19 496 227 -902 -948 39 1342 -1091 -697 819 810 -148 -149 748 503 -1194 175 786 -1172 864 -350 489 -208 -1155 -278 -173 -111 586 -1277 560 -903 2235 485 15 168 2573 881 832 592 -722 1152 737 -814 -1170 338 646 788 -675 -874 -165 -294 128 25 1892 -1433 -1097 -52 -137 -538 -1283 455 236 -143 -463 859 -1326 574 83 685 432 471 -395 125 -727 -1890 1085 -425 105 822 -135 -483 -421 -46 358 -75 999 971 176 294 -376 1190 -1754 829 232 -934 -210 786 256 -231 680 220 832 1037 252 334 -1248 -462 -181 -37 -1591 -461 -197 687 737 1149 -1280 -177 614 -1002 534 721 654 -169 -48 711 131 -829 751 449 -1556 -399 161 -490 -847 -1492 -717 -1158 -203 -230 -402 406 173 1148 -537 -312 1931 -185 1105 512 63 399 -358 -425 24 823 -631 -90 
-791 -674 568 -825 -590 -196 -319 292 -368 356 735 -33 -91 -305 -1497 -625 -273 347 -616 424 632 9 504 -556 455 -1263 577 -582 12 -968 -934 -222 149 427 885 -452 -462 504 -673 -428 -338 -1121 -521 -503 -278 1245 -43 -608 -284 87 59 114 390 470 -537 1187 -615 403 1053 243 -462 480 -955 297 -405 -481 322 604 755 -834 -530 -312 -709 230 362 734 -1682 989 453 1412 -196 1372 -219 1050 -420 -333 210 -355 -469 23 19 983 -924 655 1233 897 -850 -1456 209 1190 -458 1224 1007 791 -1297 -622 530 -385 -808 871 -669 48 190 -104 415 -186 -591 -1019 301 -51 -1002 1083 482 -133 -1230 -738 104 64 161 -250 -735 -177 -117 -434 571 -195 -283 -719 24 -532 -1084 1076 392 -492 -303 386 -498 -64 665 -57 -278 617 -346 -561 484 552 604 -170 1132 -252 275 806 -992 111 354 -996 -138 720 -234 -741 290 -807 -16 -321 -574 -7 409 -343 -523 -532 438 -958 636 549 -282 -45 418 -415 -167 -307 888 1358 -656 1467 757 2324 168 -579 8 -644 240 -346 1079 89 -196 -337 -727 -1139 371 -142 -519 214 -233 24 -566 1330 -781 566 -605 378 521 1025 -269 393 -1296 552 -324 902 1566 -620 163 131 -1209 -314 67 -54 -172 229 801 1137 583 -75 -50 -310 291 1273 -299 229 316 -59 -623 -584 193 -290 -865 -211 -337 -75 -1147 510 288 593 10 -753 1034 -42 327 337 43 190 -10 18 1363 -83 -939 772 600 1088 659 -68 452 -26 848 237 589 84 571 898 1936 -440 -645 -35 1365 1021 -149 -239 -405 -633 -529 -470 417 2066 -512 482 1227 -769 31 329 -158 -245 -80 -213 -248 -33 5 -786 -717 596 -672 -366 169 -1033 -890 251 172 165 -550 1344 -360 185 -563 987 -25 458 131 42 -791 -274 259 715 -1170 1058 -29 -831 -752 519 -1027 614 1203 -549 -109 120 -579 -948 -617 342 -925 598 198 669 937 627 -820 901 1415 -949 -577 -494 776 632 488 134 129 500 101 750 36 15 991 -330 938 -85 -226 615 791 -406 -788 -321 -96 -720 373 33 -409 772 -453 505 -1065 -312 -843 469 
-727 -76 -390 1070 1652 -361 -488 -198 422 -722 961 299 -317 467 284 210 -429 2 -162 32 1133 118 812 1386 495 -489 -1181 773 -51 -1124 -1206 -819 -1307 151 -433 -356 446 989 -921 -631 115 -559 -201 328 1119 299 37 329 864 105 17 1098 -115 -258 -635 1282 287 256 287 127 299 -694 654 68 -91 -928 -640 -349 987 -266 -1078 631 361 155 -1721 -241 -1753 -742 -516 242 402 -143 85 -485 241 -537 -412 464 -183 -187 1843 922 -42 25 -693 -326 713 915 737 -301 33 -1026 553 -142 -958 681 984 -911 1037 -120 -646 334 -798 95 -864 -195 -75 -293 -903 -336 3 -385 172 -697 849 -130 -542 541 -1818 -403 87 -682 -1146 826 -1029 -518 1111 -204 -565 -457 721 1185 -677 -676 -1390 -273 -778 -1133 4 166 -851 884 -1947 905 -1899 -602 -1133 70 550 -323 226 83 398 -874 1076 -307 1136 491 -1078 601 -476 827 -1120 477 -567 299 275 117 -16 -670 -377 -495 1686 -353 -904 -435 955 177 1053 1556 401 344 -556 675 -595 -659 913 -835 408 21 20 520 -183 456 -229 22 907 670 1010 -892 -281 -870 -346 -567 89 1286 816 1175 -303 181 547 -369 -445 97 -1229 16 -339 -1157 -478 -868 854 -371 -573 -199 -1003 -1791 -506 40 -258 895 -260 -817 -376 1579 -687 1574 -1230 739 -688 172 -967 147 -1017 -592 -108 225 1424 1237 -1016 146 -82 -1261 -486 192 343 -1222 -168 -1277 -1570 922 -54 332 -974 747 -1129 689 1073 -1647 31 350 -1673 176 -306 -294 252 1254 25 -673 -104 -580 356 1046 970 800 1084 -37 -1074 573 -680 1804 494 -784 185 -744 -192 353 -282 605 -489 774 -549 -153 -251 1070 299 477 -1191 76 664 -224 298 549 490 -470 1209 341 184 225 -199 -665 743 1767 -1143 -40 -581 -918 -1643 364 -429 336 -97 -828 1052 -168 -1626 -18 79 361 -497 1454 -356 461 -1076 409 292 1155 723 -45 714 481 945 -573 423 532 953 1550 -463 267 746 778 477 -690 -178 644 -95 -807 221 377 484 -26 944 -553 182 331 361 -1123 -817 -552 -55 121 287 -57 -250 394 559 559 -1081 -882 -805 361 
-112 562 -1151 -822 393 -495 886 569 -367 994 -1222 781 -568 933 347 140 -208 535 990 -729 1136 1793 -678 200 -822 -500 -1217 29 748 367 -80 -574 207 -795 203 -750 -255 -122 -765 9 -620 1178 -387 78 -532 -814 910 -577 -85 -362 -1401 -471 -475 -814 -136 689 -1256 527 64 -393 -969 231 -89 1543 -435 -176 -193 -792 1198 -1549 -1046 -80 -207 1555 -397 454 821 -390 -1019 -1248 25 118 475 -705 -944 85 -101 -731 345 -536 -202 601 -1435 841 315 -303 -503 197 -168 -862 1973 602 196 -1022 998 -1066 -424 495 593 1130 -234 463 1012 -570 -833 236 85 766 539 -402 151 813 -1630 435 729 367 -482 148 42 -178 -134 630 4 442 635 -291 229 471 178 -377 -47 -156 -330 -493 70 -1243 -926 954 272 -1532 -541 549 -1932 -403 1508 1224 594 -228 -1647 780 1523 591 323 -533 -1975 -728 -10 -788 1004 -546 466 977 618 621 -157 -334 114 996 -1224 560 434 -287 -394 1197 1285 789 111 458 -106 -832 798 -1216 1378 1147 1057 -569 -33 -648 -975 -360 85 -653 296 927 -575 1111 137 336 799 -746 -42 -948 -103 -275 120 25 -20 -138 275 215 -367 -214 2148 -6 -726 1922 798 -96 972 412 -1766 543 494 -928 858 -1177 -813 -575 -452 -237 -337 336 -663 172 519 903 -403 -626 -367 -59 -224 1028 -471 599 -246 -1176 6 -145 1121 238 -1001 -1368 -248 13 501 448 1447 -560 152 288 64 -443 -381 313 -150 964 171 350 -243 -323 -1129 -146 1244 -1193 -112 182 384 1956 -209 65 -159 35 946 56 -900 631 -525 -307 788 -720 830 761 942 376 -742 -949 503 -713 1126 -315 -326 532 23 382 -1460 481 -445 -744 561 355 384 -158 -381 -180 -201 -181 -342 346 -420 -846 786 -359 -909 542 113 4 800 749 -639 620 712 584 34 843 733 -92 -376 611 869 -326 -160 -450 1169 -439 -358 -388 788 -353 -346 422 1170 -379 -1150 204 -744 -832 857 -397 170 678 -64 -280 44 -354 -242 -813 1222 -69 809 -530 176 452 1254 736 -547 479 -471 1559 -112 -443 198 6 773 408 -729 -507 148 531 1040 -1078 
-729 -147 1133 -379 -491 -620 807 0 1120 -224 1468 296 -441 427 882 -370 -1762 -801 80 280 -554 -940 567 452 836 1249 -83 -94 929 -859 -412 519 2014 -63 155 -43 -338 -157 87 1231 -27 1237 741 613 -186 -949 251 15 -1000 -774 -138 497 80 427 -593 983 -316 1253 564 -509 -91 1191 592 877 -1522 116 555 -543 1169 323 -716 98 47 -445 144 171 -268 220 -1328 -145 772 -957 -58 -582 -631 1128 299 -186 -378 -192 251 -1604 1240 2083 -296 364 -297 118 1113 -323 -1252 -417 1470 -107 190 -253 -190 -288 -384 724 -64 513 -209 236 314 -34 254 -460 1075 74 -205 -575 387 512 -324 284 -408 -294 -853 -203 -485 -99 -1146 -677 1529 -150 325 -697 327 310 -1094 -652 -822 353 807 -718 -464 310 584 199 -253 -114 1846 -29 754 -181 -526 -1531 -1373 1430 215 57 -894 -583 34 -16 -659 -339 749 2261 1202 -627 -496 518 364 97 851 199 316 890 -146 956 1070 -893 847 133 996 -348 932 839 -701 1 110 649 -522 372 -1124 993 -64 550 199 83 -915 -800 1457 -1068 615 -358 121 -684 750 -362 677 1123 -398 -73 1796 789 -81 987 -552 923 433 -104 -1128 166 215 177 -885 -1131 -375 367 712 210 904 -114 -802 867 914 -475 -87 -615 -814 165 -157 -1082 310 229 717 -1202 -804 -996 80 773 233 1226 904 -1889 198 -327 -429 711 713 -858 -142 -440 377 1024 -411 651 603 978 -426 -79 779 -287 -147 391 879 -273 478 64 702 -606 -271 246 -328 549 1027 355 869 -288 564 98 63 199 -336 1302 -549 523 566 -466 -910 -1450 -254 -122 -264 1223 -74 713 -968 -774 340 480 -284 149 -428 80 868 479 961 -583 421 -304 -1216 229 687 428 1445 -878 582 -152 696 43 79 -515 305 670 -173 -310 -18 -497 -498 465 -1563 275 274 783 -303 -635 734 -839 -801 539 1303 -320 331 514 -555 201 1949 -913 -250 1128 304 -785 275 1345 345 -1269 979 916 -994 -771 526 381 -77 972 -630 1121 428 214 -157 -647 441 1016 -787 -524 -111 652 -195 -913 -814 633 -436 -721 -40 549 -1024 -279 
606 620 46 -524 80 688 1099 -592 208 -1143 219 473 -434 -1374 -642 -59 -591 3 -161 1554 176 581 30 862 840 584 -754 -843 -66 -56 1734 790 -53 -624 109 -73 -299 -175 171 542 -1225 -389 753 -178 1500 -5 814 924 -1914 -1063 -663 -8 -741 -710 -415 1092 -186 123 107 296 1415 -1243 36 -1058 928 1051 -842 -11 -547 -1064 -755 7 192 375 -1 -82 33 -561 366 -1178 187 958 -537 -1246 976 523 -144 1153 191 -430 1238 671 -650 -1052 712 279 -905 67 -343 -610 930 -491 -1198 649 6 1548 -431 476 517 -1346 843 468 -365 -98 397 310 752 120 94 -666 -85 -149 436 -1028 418 1321 228 -57 531 621 -30 -820 -210 1058 -259 138 412 1107 231 -99 423 -464 -722 -950 131 292 -4 967 542 -76 661 -338 766 314 -867 -136 102 241 -159 -815 702 84 308 -787 458 -168 7 716 -336 667 343 1292 536 658 -579 -358 -433 -109 1377 -411 185 -575 -151 1216 234 -193 998 -631 -163 5 -363 -372 -229 -1244 350 -386 516 203 1192 1173 -357 316 1468 -391 1394 304 -1398 1065 997 -1114 -348 -305 -154 1003 -1280 -1057 -4 741 -726 460 -89 -111 1200 529 1914 244 -291 -796 -1038 203 261 -1518 574 -78 286 407 -151 -134 -549 327 382 -748 -463 864 21 684 -242 1078 -333 1698 -888 -453 -127 -1143 419 -1269 -83 -631 -541 -448 113 624 203 171 424 175 -143 -458 -427 -782 -140 -147 61 -433 339 514 883 1396 -191 -1312 -1078 1963 71 158 693 1470 -220 49 -1043 285 1188 -493 -1101 -1222 -645 178 3 990 122 -756 -13 1636 1426 306 105 1223 -217 80 -124 -988 -549 -157 -350 -391 546 -636 1001 -1015 -48 501 -49 299 2208 -349 -226 -64 333 -747 930 51 -83 257 -490 -248 -426 -364 306 -58 -1161 419 336 735 893 -412 289 185 -112 194 -506 770 -272 157 -1063 475 62 -203 -462 59 -1022 307 -329 1356 839 -94 -964 -289 -596 525 435 -239 -293 -852 -706 -16 686 -182 545 -577 1132 197 -135 840 281 -238 -672 1091 -312 -27 107 -519 103 203 -253 51 -104 219 128 -974 232 -149 
-202 -597 656 -924 1054 -175 -835 109 279 82 326 1424 -450 -209 -1607 -884 -1634 -1155 -298 456 335 -630 782 -80 -597 -1382 -702 1053 502 -265 139 -577 1385 -73 -498 -1453 1066 -509 -691 -340 983 418 193 154 528 29 -691 -421 -1332 1413 -264 733 -969 295 141 561 178 74 -1208 1596 -1559 138 -662 281 -204 -1000 816 -151 -536 311 830 -459 -961 89 -628 -898 -917 -464 189 280 -350 -801 -119 -550 933 282 1422 -129 -179 355 394 179 -527 -772 -190 127 942 102 223 -786 500 -60 -868 -418 323 -273 248 -287 73 118 680 -819 -635 366 167 9 -107 -905 -1701 1119 -335 229 -628 -613 208 -641 138 -786 502 -86 -454 -16 -390 -805 -608 37 103 -333 -458 -633 310 613 127 -919 309 -1097 901 118 422 -498 365 1327 -1266 738 106 1749 -417 -517 1127 546 -52 -864 -639 -21 -926 309 193 507 -555 -1622 -1479 -626 -347 856 -273 450 541 761 -545 -777 1187 892 240 745 -622 1649 -662 -1616 457 -1467 495 1228 -412 1026 -314 -830 -513 407 -364 -284 -1092 -208 329 415 1335 -1294 -896 -125 72 -720 -399 -510 -1074 -367 1055 1601 -550 -240 -167 -813 -243 -432 -454 456 1398 -178 164 -581 64 -68 -623 -548 1253 -117 -298 214 -1520 -207 345 -988 -206 -356 1563 287 1939 -91 744 1435 -1646 231 925 -605 813 -1370 1048 -1330 -482 192 1484 -224 -716 868 -534 151 1721 -643 225 -78 579 -136 -56 166 -644 100 50 58 -198 -652 1020 986 -943 338 349 -777 -548 438 987 1044 -689 1036 162 490 -364 882 636 38 500 1675 1082 -626 983 1082 -442 182 530 -998 -482 66 -245 -318 580 1088 1078 212 -755 728 663 671 -1989 -470 499 -1003 470 -515 -365 -720 -10 -614 1562 604 351 1147 528 -632 -469 1043 -134 41 438 -531 -1247 -145 -1131 -1603 319 -763 502 1299 -1354 1230 -637 359 -947 510 786 -919 -556 -549 918 137 -390 1113 -772 3 -1465 -257 -359 -576 67 -536 -1026 5 -575 -754 -287 -706 -441 892 470 1222 448 -549 26 653 375 -459 619 445 -1017 -421 192 -920 -164 297 -327 5 414 889 820 -676 
1553 -100 339 -408 -337 97 326 545 -417 205 -111 -52 579 -478 326 -884 983 -1058 444 515 -1174 349 -489 724 -207 838 -425 -465 -376 107 450 -909 58 782 -229 -62 254 -364 1267 430 -730 -772 -474 1526 1016 -669 -363 70 200 -534 -805 212 1703 -248 -1098 339 214 173 339 956 -595 -2023 -198 1403 -226 1776 14 670 -179 791 1396 -706 0 518 -177 120 527 -145 517 -784 37 -102 312 -778 245 -443 -544 -306 -948 551 -535 149 1265 -149 760 -743 -741 -365 -162 464 185 -375 419 357 -205 -683 -119 1049 -2 574 197 -63 103 -470 129 1004 -807 338 -20 462 -31 -712 -33 968 -538 -654 229 68 1066 588 -1716 968 34 -575 313 31 -853 -828 -1340 -225 -447 -510 -443 -740 -1639 1105 -568 1264 -37 659 221 -187 1131 95 -1590 -628 -264 -1099 472 -524 421 244 -136 570 1409 -198 -349 725 317 578 906 -495 106 -262 -549 -267 216 428 -188 -276 -442 -233 -591 -234 139 350 -1061 750 -555 -647 565 -606 216 203 563 340 -1184 934 639 -905 499 655 1210 1175 -205 -156 -364 -406 185 190 279 1015 -357 887 584 -686 -30 -935 984 352 -35 351 40 -157 102 -1214 -315 -13 -166 -375 255 -339 -936 -716 -521 342 -1596 189 -1535 30 -1004 -1645 851 -544 645 -560 124 -173 136 168 -1523 1062 -327 -388 -132 462 54 90 -571 561 -609 -467 424 166 -867 -378 -965 351 -15 -1387 797 41 -1196 -1156 -791 558 1168 -32 479 -1370 50 -331 715 624 -57 -852 687 83 544 1054 -1066 952 81 -995 462 525 69 -371 790 290 -684 -933 933 68 -1419 -460 -381 -398 1467 -1112 283 -113 -461 -1619 -63 259 1124 -749 50 -339 -773 266 -208 -203 -779 410 -1321 -649 555 -32 128 573 917 1298 -384 -525 -596 43 -99 -167 595 285 580 613 653 944 -845 -312 -44 -464 512 164 -79 -557 -901 844 367 -1158 1029 338 -869 628 1295 -137 -827 211 -337 -138 287 371 1706 846 78 748 1662 -253 1497 -328 15 -1908 -47 483 -543 146 481 419 538 594 -20 -93 -229 -1069 1067 -164 -121 -289 14 -459 1456 -800 
-232 33 989 1036 552 418 -925 135 -218 358 434 -293 -183 -428 324 -101 452 159 -515 -996 -393 -195 616 -383 -82 1170 132 580 888 41 -500 13 105 -817 667 347 12 415 -1169 496 -1295 320 169 89 503 159 -858 -273 1924 615 -7 -1391 676 1074 -379 -427 1559 692 -65 97 -449 -279 -60 810 -1201 681 -628 -184 -342 -487 -74 1582 1050 929 1738 -350 126 -902 1252 -735 -122 -467 -430 1763 -148 1378 -702 -902 -512 -250 943 -228 737 -539 187 -802 220 -957 -190 -536 -1227 -222 742 -274 -316 553 -137 128 -462 413 -1214 -952 677 -1323 79 202 -537 -869 12 291 -349 487 -1309 607 -1165 924 65 -122 1095 229 -440 188 40 687 -43 103 535 -590 367 -336 482 1218 -1632 -161 -1308 -31 -365 -622 51 -232 -409 -992 -683 -469 -357 251 -794 532 -1002 394 486 270 -263 221 1468 237 -320 -495 17 -311 944 803 -195 1191 66 -72 -1085 -312 152 330 435 734 723 233 -762 76 559 1453 -308 199 -170 339 531 317 -954 753 -1117 -1160 1270 -655 232 511 675 -1058 377 1139 72 -545 -113 487 1158 278 -116 512 935 -1018 975 -634 -932 1335 101 -651 788 -1257 -508 883 280 -520 798 -1237 935 -242 -717 4 -1215 -555 615 -1920 -154 -339 520 -588 -669 161 -1494 -283 912 -1153 883 116 388 942 -82 1667 656 164 27 769 1140 -1427 -737 194 159 298 88 -908 349 -574 690 -293 -194 618 -531 -906 -809 -1789 -1345 455 -920 -849 277 40 -574 347 616 238 -530 15 -103 -304 -578 -195 -839 -421 268 -386 463 1151 -226 711 -93 -222 -630 94 -807 -269 380 -174 509 38 -330 -340 -338 588 -420 -67 -648 286 -762 -259 870 266 -1279 -770 252 -704 -355 1834 -580 -680 -361 -688 -1079 48 391 -195 -1312 314 -271 130 82 -557 194 -33 -619 -64 -968 982 1330 -1653 -996 -145 467 -42 -521 425 -256 -312 31 -642 802 141 -641 101 283 765 498 773 -232 1596 755 275 -357 609 -499 -1047 1017 -95 -188 1159 1360 -391 1148 -610 -191 -224 910 -295 -224 -536 -168 814 1477 -196 650 286 110 -896 -493 -837 
-1545 -1312 476 352 173 383 -892 -841 -458 -450 -245 -224 818 -1369 -419 495 -141 -1554 1426 1153 -352 -279 -533 -786 500 -491 -44 336 397 -495 -1113 865 -305 -250 -91 2452 1417 -288 415 170 -939 -807 83 261 309 437 552 300 -892 761 22 222 -253 -8 -198 -392 -410 -424 -34 -427 995 -279 -390 -1863 -688 -1771 344 2280 -1392 13 528 746 1008 -127 94 -1293 237 -83 306 -333 -222 406 -1192 906 370 26 908 -1326 581 413 -444 563 152 598 648 -1241 89 -153 -42 244 10 815 501 287 356 1096 926 291 -453 -41 550 536 988 171 -29 -47 1234 -1086 -1054 -547 -143 -799 -331 -140 275 -427 1737 181 773 1549 1060 -397 -42 1163 -399 -389 -741 -656 158 -544 159 -858 -1204 466 797 12 -321 -679 -1553 209 443 112 -395 -417 -600 -1023 654 1210 -1504 807 798 841 118 -194 -957 804 -211 -84 -225 -129 711 42 -54 -380 -157 198 895 205 1960 -665 765 -511 -1001 -153 1319 756 92 -148 32 534 -2 -774 -600 -760 -172 895 5 -71 135 585 454 310 299 523 -956 -819 -969 933 54 -576 -452 1112 -498 -145 -446 -748 1163 726 -679 -543 241 313 -542 -820 971 -23 559 -561 -688 410 -695 -639 389 204 -500 265 -129 -213 -55 680 -1149 369 493 -1314 -723 -1527 652 862 1159 -212 173 -4 -487 914 -320 -416 447 -705 -260 -823 1226 -474 -148 1475 488 -970 728 26 218 220 1650 -570 -185 575 436 -281 -225 -670 335 -995 -221 -123 -538 850 -85 1303 -646 -580 861 -716 -431 486 -1272 -217 -496 -228 205 271 1068 -1039 -440 -123 -562 449 278 1194 -659 48 47 127 399 778 414 -75 -325 -676 475 -360 -1566 932 228 -818 -456 -199 540 670 -724 476 840 -1493 1284 815 483 35 -377 729 -587 -181 1090 1051 -413 -134 899 -807 -285 215 818 -76 -342 1068 -224 -1283 93 224 141 322 200 1347 -489 -753 220 348 75 -220 -315 -235 -1582 -731 -218 1040 89 -685 -880 896 471 1299 -348 -168 933 -551 636 -979 -640 -325 -206 971 -1199 308 1006 49 -767 -477 328 120 -1573 -1120 -569 -571 -356 181 
-705 -936 302 -807 695 -264 -462 425 234 722 819 -31 212 -632 1439 308 -967 -944 -433 -32 997 -1047 -880 -1109 -761 752 286 -892 -547 517 1230 -713 252 -598 1445 936 -43 559 -520 -963 -517 -596 99 1722 -1130 992 -370 -220 485 318 44 -390 -805 564 72 278 1149 272 -217 865 -1444 -1090 267 1119 -711 1099 -519 -1374 186 -361 356 -280 545 -89 185 854 755 706 272 -752 732 1184 1149 -1023 161 754 1314 181 -653 497 -965 -999 38 70 807 884 -40 -198 -167 -121 -12 955 291 476 17 -763 308 -221 394 -572 -1626 -503 380 -874 1193 597 -32 -1026 855 -108 -474 564 584 -1434 81 1007 -829 78 431 -953 -1124 1019 260 -577 -212 -69 715 -933 1144 -100 1327 920 -1214 -342 205 -940 -888 1091 821 732 138 123 748 1028 -40 -23 -28 -189 -179 -920 -109 -493 138 -591 -384 909 -573 279 -1 -1190 -589 118 -1021 1007 -178 -8 1368 311 977 961 -761 299 -568 -1141 508 1315 -54 148 52 -304 803 -975 -443 -9 -37 -1001 -82 752 -267 888 -203 -1305 -31 -349 -649 -261 593 -60 1091 -213 736 -813 -1217 390 524 -306 191 477 307 453 146 -374 1157 -1278 1329 470 0 -154 -128 -608 -1433 922 786 531 -443 -96 -1110 282 596 -831 1679 413 185 -128 26 838 369 -303 47 -38 814 342 164 642 -531 984 -1867 -365 -182 329 -490 -301 900 198 -781 -543 490 919 818 -351 1151 615 853 272 -89 -275 -956 -69 703 -1162 6 -796 1697 1324 986 -938 256 45 1097 -330 -548 -1224 122 -217 116 995 403 -442 359 -512 209 -276 746 -578 891 -157 -694 -289 -749 793 -567 -90 -593 -653 582 1009 -1212 -1162 -878 -637 827 -740 3 -2530 -261 -287 913 469 720 100 -477 -636 -631 588 85 -488 -101 -443 -990 531 1191 1272 456 1085 237 1164 -87 1670 -468 -192 1005 26 857 52 -59 -401 -174 -1414 -941 -22 140 722 -1032 13 -370 -1380 -967 -261 268 546 -983 -1107 324 -962 19 17 -301 336 -223 -50 -252 480 1010 -454 1094 1084 -1477 378 -3 1228 736 589 532 -548 -176 229 -648 22 804 10 
-235 307 428 -288 144 978 -502 -57 -413 1230 544 -365 -492 848 13 326 533 -594 -389 59 363 456 433 21 -956 799 537 523 535 919 -1447 815 -846 476 986 -1062 -672 -860 -443 478 156 -973 681 -262 -2729 1368 391 -1370 -796 -370 -1171 -824 -358 -848 258 -786 268 445 -408 -264 -906 271 -2217 -151 1379 657 -1327 -545 395 -410 -500 -1176 1192 374 906 -155 -226 -135 586 -1603 104 -458 -522 132 -134 -101 -835 -239 761 33 613 -386 -32 -1779 -354 -69 -822 -217 -1116 -754 -238 273 -136 -307 1051 -28 -459 1076 -1176 21 282 147 383 -404 618 473 -561 -759 -464 84 -230 151 302 696 -1596 -85 477 243 -1233 -1038 415 602 623 -1267 -350 519 -409 -649 586 -191 1160 457 197 -44 -642 -476 -399 417 -29 -295 91 176 1472 -529 -799 621 -356 87 256 -331 -885 8 -48 -462 194 -485 -278 -29 410 681 323 1134 977 1435 719 -618 192 -376 132 -288 -287 -153 -313 -23 8 710 316 1641 67 40 1090 -326 718 648 -22 582 576 814 -910 766 28 -84 603 -64 775 1101 394 -150 -145 -897 171 413 -317 921 1283 -163 1148 -2511 -898 -309 858 257 107 -524 1580 800 335 -176 294 -1628 -251 906 -539 319 -139 953 -55 -308 -614 333 288 623 -473 87 209 696 318 -923 -1355 -61 -865 82 70 -228 -475 442 -297 1586 74 -886 -351 312 654 1645 -1106 42 -396 170 490 -141 173 599 410 -37 -518 -1258 805 89 -533 485 1023 582 248 131 1075 855 -418 1467 -908 661 772 303 -936 -546 -965 -596 -1076 -442 -411 282 332 304 721 179 205 -610 -32 586 -83 84 1153 13 -1446 1287 69 972 -633 363 -630 29 -90 -408 -142 597 685 2 -1151 647 147 402 -1158 -758 -797 390 -797 -315 -426 553 -73 1347 -510 1244 36 -1620 1181 353 -358 38 -529 -602 -163 701 529 -20 1185 974 -754 -64 -285 -1909 244 -394 585 731 436 -105 -116 197 -110 818 417 252 -410 -345 917 408 -765 -680 -784 895 181 278 -472 -1092 -407 452 -1050 1265 -82 -18 1496 527 409 871 806 645 -40 278 -100 -349 
-979 675 309 1366 849 69 -263 -527 -334 383 1113 -151 -149 8 -654 921 527 1101 -901 237 372 56 1903 -52 -1107 -994 1013 875 1113 -8 -561 11 -213 640 555 -51 -155 -787 -1138 210 -791 493 1072 -372 678 989 245 -526 181 256 -1731 -69 -1059 -184 64 -1019 782 231 -39 664 -254 380 -228 -1203 -2366 -1257 171 -462 389 538 -618 205 768 418 832 918 -1405 167 -286 646 -1080 33 -73 4 363 344 -1427 1345 -1189 1654 -337 743 -717 -474 -1165 226 565 -1311 476 -76 506 1384 -275 -421 -1277 -829 -855 306 -909 939 573 -445 -10 -21 -592 -282 -1193 -1198 474 -553 235 144 -591 -469 -778 -1078 -6 876 -160 -504 448 -506 574 345 -475 -820 2297 -1453 -1358 -179 185 265 1452 -878 -254 -2329 592 826 -219 1469 -237 -229 -604 836 605 111 90 165 1234 -667 1156 1064 574 320 1164 -428 802 -785 1163 -482 449 437 534 643 52 781 -99 1189 -473 -268 1244 -1223 -344 1231 -660 -894 -714 -483 994 -528 837 356 574 -850 -509 -1534 1130 116 -338 183 920 332 -371 -1012 -232 -81 -873 241 389 -540 524 524 -273 -293 -2 79 358 235 301 -373 -15 1300 17 -196 368 -543 628 381 154 184 -244 -101 -59 684 57 456 998 -750 597 178 431 -277 966 902 -195 588 53 675 -319 926 -72 -146 -593 -263 1031 278 -727 1509 1714 -323 249 -1470 -1109 748 -454 -595 1044 -796 695 -146 210 -1089 -744 -71 -858 -437 1309 -1331 -1295 61 -1086 423 165 -2027 298 243 -345 665 -504 334 -1010 551 1118 -610 229 -29 29 60 -1468 -411 870 947 -494 310 -705 -931 -27 -1579 1166 -293 -1511 1273 337 -455 1243 473 50 882 111 1250 841 -767 -1025 -682 1043 508 -102 -549 -129 -238 -124 1658 28 -693 -423 -481 -163 478 32 -911 392 831 -901 -1555 -628 -742 1136 -56 -452 -1373 -833 192 -405 -54 1115 924 -1610 173 -514 99 -3 733 -601 135 -1050 -801 -267 -396 478 539 -445 -287 -881 -457 424 45 1158 238 380 213 458 -927 -804 883 278 10 -286 711 363 -108 239 5 890 -156 1098 -78 405 -655 203 1311 
-406 204 -224 -493 36 1165 52 481 293 -116 156 127 -216 -513 420 1084 157 -1285 10 -150 -645 818 151 1611 68 -565 -168 455 955 763 -1286 -371 576 275 209 186 -273 -15 -166 351 -945 794 -710 364 -90 -1695 -1778 716 -319 338 -30 1589 766 -339 765 943 -1241 -832 549 -548 -1361 1039 -498 -216 -1421 -863 243 -211 -1217 20 -866 501 101 -302 654 -766 -916 -282 394 1935 -143 622 460 702 -831 -391 -659 -557 -588 -1353 -113 630 942 -215 -144 -312 -352 -23 309 393 250 -194 1310 -381 -1744 1238 -772 -32 -31 1348 -1204 856 -93 -1000 -1135 425 250 -1260 1443 -139 1412 -599 -830 -31 386 -76 887 386 -899 1222 -1025 689 -497 814 -79 -195 75 441 974 753 -200 88 -924 -1009 68 -200 -72 152 622 -39 -39 700 38 554 -327 906 -818 -477 730 573 661 -332 168 613 -895 -483 -12 -71 799 -578 681 -30 152 -87 -996 409 1206 -234 284 1958 -609 -308 453 714 514 -361 -760 -181 828 808 -443 -1087 -107 -2340 740 -1385 -270 489 941 229 607 1276 -1526 1407 -458 180 406 650 -989 -220 -332 193 -458 1335 -1299 -394 716 15 -977 1339 -465 -1229 778 116 31 -22 1775 20 -601 1152 -165 1035 -695 1014 -639 -31 -752 181 -620 -2047 92 189 -1001 638 193 375 -423 371 199 1237 112 -206 604 -162 733 -1669 -1120 -941 -156 545 -687 -1019 668 142 -905 -473 -465 -514 1316 91 1039 -669 -190 -576 433 -1352 1014 -1660 70 -875 1569 -428 -57 614 -564 902 -392 145 347 425 857 -371 -725 -640 218 390 425 606 1582 421 353 -235 552 -570 -395 -334 552 -208 817 -1566 791 -391 1568 -409 -268 -277 -308 1024 -1325 -117 1904 705 730 290 -386 -113 -861 -499 551 -697 217 -46 341 -385 867 -221 -684 58 499 587 770 -266 24 1600 -278 329 -91 1137 747 12 96 -183 -464 -319 -441 1251 1089 180 -163 -572 -477 1131 195 -29 491 577 -735 304 -47 -24 359 -876 -68 369 1945 264 -45 544 344 -193 -199 -1355 -162 718 -803 -731 -715 474 1223 174 -938 -2 1017 55 -192 -899 370 354 -446 292 
-928 535 920 -18 -647 -690 35 -471 58 32 539 -163 424 753 1511 316 -443 -178 -8 -378 -1479 260 -803 184 -346 -376 -460 929 -459 439 -285 1188 650 -877 -744 -83 725 792 -36 827 810 -52 -1611 536 977 682 133 204 114 -116 1195 627 -28 421 -463 897 416 103 -252 -1205 -293 480 -7 527 -245 1697 337 -668 976 668 -412 1110 79 422 1457 -256 44 -524 781 -251 -1185 240 -550 142 269 197 -297 -199 -1301 223 296 701 549 450 438 -854 340 340 -431 499 -1038 747 -83 -288 64 854 1690 681 949 733 -850 -319 880 -433 -731 1181 -576 -1226 141 452 -1625 289 -303 -290 323 -116 -907 1275 205 1542 -690 1076 427 490 324 -852 -148 129 -496 1468 -30 -1163 468 -1957 331 -577 -379 -320 145 751 -139 -527 -809 96 1617 111 1190 359 -692 239 675 184 912 912 483 72 -404 -1296 577 -790 148 -277 223 729 180 27 -18 -132 1147 228 550 611 278 -180 574 538 -166 -1186 956 710 665 -838 231 161 -1044 -363 -198 -648 -1294 78 557 -126 253 -1245 -102 231 -189 -1444 204 601 123 10 -837 99 932 -30 -759 -588 3 -74 136 449 -1563 -827 1164 -301 436 354 -160 92 646 196 -538 -1203 471 -36 141 331 338 1686 -833 424 -95 -49 -1104 -78 -806 386 512 -1145 -222 -220 425 22 678 385 -889 65 -87 -16 337 893 399 -396 1028 -340 1399 614 1053 -576 -214 -553 0 432 612 678 -550 278 -397 -225 265 1321 318 -941 -490 182 218 -772 1556 -129 -734 612 -827 222 -347 -4 867 -56 305 -773 710 -201 -73 -126 -184 -551 125 -381 468 561 940 -974 233 -803 -523 -40 -640 190 249 -79 -144 -790 -927 -512 -359 645 -814 238 64 -725 1339 445 -439 328 -712 -76 -56 1314 -639 461 -1069 -51 -97 692 39 -956 -1425 735 537 -725 -224 492 -198 1111 -418 229 176 -2095 1061 581 17 -611 -408 540 -140 -130 206 -371 473 -11 -412 737 97 1668 -1744 -452 192 -921 261 258 659 -219 -1099 -357 931 -195 -427 435 769 555 193 -1072 1092 378 403 1298 -13 1829 -20 -244 
723 -161 -871 -190 -1497 -261 1033 -709 -715 838 1073 -917 -978 -100 235 349 203 -905 -275 -1348 1403 -1008 1390 -612 -824 -191 -76 76 995 -641 -632 -558 430 -511 -501 2 99 -208 684 918 258 -255 -573 168 -22 -39 -103 -692 1344 -1359 104 220 -82 730 -344 579 -133 1918 -1526 -723 265 843 -646 -180 -345 405 -724 -33 79 -132 -1449 61 1081 267 187 -670 456 224 577 1097 245 -270 -423 246 -434 10 -684 -72 -517 551 775 -645 -150 96 -903 -9 -33 -140 794 -1 -856 -223 290 181 246 -1147 321 6 -633 827 -554 1255 -437 159 -903 863 -410 682 647 1609 593 -25 -336 123 103 -352 472 -441 278 98 -562 -418 540 -1354 -737 1106 345 822 77 -38 -61 611 699 -632 -1286 936 -624 -1334 -944 1164 267 201 427 542 485 -203 -247 -296 106 -89 78 -521 -645 -195 423 231 -557 -636 683 1179 1423 -513 892 -866 750 258 -126 -391 -544 1175 715 424 -193 -1205 720 -553 -289 36 -192 -495 -640 -739 -424 -807 -696 -4 1141 -1278 -1089 -1601 -93 -3 -365 -1018 -461 32 41 134 1702 119 -203 -1070 -1302 -142 -64 337 -33 -658 -1357 -26 959 1028 692 -148 31 -211 68 1384 598 -326 -272 -877 -822 470 834 -588 647 -22 -617 886 539 451 -519 -1852 421 683 1518 -515 -44 -54 88 466 -950 850 -5 1156 324 691 628 -820 615 -1170 -225 307 340 -799 582 -413 -157 -260 1634 -861 -512 264 -1053 -359 -295 -647 151 991 -159 323 -826 -738 -12 -667 623 -307 2010 -530 -259 255 -1564 161 -164 -296 -81 333 -234 464 999 -1051 28 -263 198 758 -594 888 726 -513 65 -222 -1483 -468 356 -141 -778 -270 -1226 1022 1685 1662 -470 982 144 -217 -531 204 991 -1184 -768 364 -870 -546 748 1010 -847 92 -288 -196 -801 434 -53 1257 -1222 873 -303 -1245 572 569 11 -540 -973 -1352 -609 1564 -156 -841 946 155 -748 -659 213 1266 -197 244 1787 -240 -50 896 -439 -720 876 -271 -439 -783 1061 -380 48 -302 1342 448 785 484 1269 -565 814 276 1000 1256 -41 -1134 -595 -109 1462 586 -1478 168 462 -712 
334 266 344 -692 177 -192 -175 746 -440 142 -281 -245 779 156 -1129 -51 -165 -640 1171 234 -1441 206 -295 -657 -379 626 -645 369 185 -621 374 659 -660 -25 -782 625 -325 148 582 9 -262 140 -147 426 -8 100 -529 -317 -600 -272 -1434 -325 -1072 -805 442 547 -220 -665 -527 -606 -623 -720 -578 710 -237 -1220 519 3 164 103 126 160 800 191 -906 -708 -879 -92 216 955 -915 1000 264 -577 -475 -307 -818 -215 588 132 -735 712 615 191 1183 -41 290 -896 85 56 1024 312 -882 448 906 -342 694 282 585 -869 -303 27 -497 45 -644 1456 79 -1415 -682 -194 -1137 594 -103 67 -574 605 -245 285 475 -2458 220 508 -437 140 -1175 334 11 501 -1351 200 75 781 227 106 1893 1422 523 -386 1433 526 -420 -200 -79 91 117 -45 -220 932 -510 834 -573 762 828 9 1278 -121 -463 -1237 332 416 -641 -1387 957 -1 -850 1270 -790 -644 1310 -137 88 -753 -285 58 -1296 1001 570 -717 -746 -709 598 118 232 425 954 1438 193 -59 619 -684 1139 938 32 403 612 -1343 -890 231 850 788 -320 -745 -945 -351 -88 341 -27 -175 1085 219 -55 217 90 671 827 -555 -731 52 395 -966 56 519 480 305 1996 432 1105 979 -280 1064 -218 272 -671 243 -674 -1849 1135 -352 -219 547 327 -1085 -961 1350 -479 481 -603 508 1375 352 1164 -360 314 293 389 181 712 800 966 -120 -488 268 704 1958 -522 545 348 886 -125 -15 -611 -452 -128 -951 -1198 808 -531 222 -844 -135 -86 138 -86 754 1401 1697 -176 1226 1320 -648 -320 -346 679 1329 100 417 -1513 -181 587 -257 454 -185 446 -1712 -1347 -183 840 1023 -1379 600 -105 -793 -1069 -58 636 -282 442 113 -62 212 -72 -28 692 -3 -554 148 550 -765 -245 1660 300 183 -558 -498 131 682 1180 -2172 387 573 -952 1711 702 64 54 -39 808 207 -88 139 384 312 1685 571 -462 -1010 -621 -1081 -125 -62 -1022 367 133 614 -1346 135 -408 462 -630 -613 263 669 -604 344 -203 -479 -424 742 -519 -837 -412 -456 305 -912 281 -194 884 -382 -382 710 
201 -1190 -1162 -409 -1308 253 535 -36 250 83 246 1263 197 -263 1518 -126 527 1103 679 -103 405 -406 -1899 1406 1108 -30 -974 684 -1165 -87 -201 1120 -338 758 -614 -259 -585 -10 -289 -879 1175 122 -1681 -580 -812 -898 -814 245 -831 -771 -278 493 271 -853 588 -593 -131 -484 77 387 -216 526 364 -329 1993 -1083 -1082 -284 -602 158 -514 1154 247 398 39 -977 188 1165 -788 300 510 151 -163 34 -1640 -461 -538 -1351 267 1570 -227 -93 -439 576 -52 787 -607 531 -1363 237 273 809 1004 -300 -825 190 441 328 -430 800 112 -560 609 -661 41 -1786 -367 -1900 864 84 -1241 338 -771 992 -20 -383 344 614 -257 -51 -80 2347 -1375 333 -754 -310 -1086 342 1241 -318 781 495 117 88 -1534 -910 -15 -192 -178 746 -564 577 249 338 437 1099 232 568 366 -666 1263 1026 949 661 -553 -250 112 175 226 -744 -129 585 291 1828 -168 -1156 231 -166 434 667 -644 -314 -884 950 833 -225 191 -802 58 -823 1127 -330 -1127 1530 299 246 531 -621 -1001 285 -450 691 -394 925 36 -577 594 -658 1717 474 -836 -894 -1234 -1684 -412 -152 -399 -216 470 -1553 -85 35 814 740 -374 -659 -249 181 211 -320 -1954 37 880 322 -699 908 -1283 60 1 924 307 -271 200 -36 789 354 3 -115 791 529 579 -668 890 -975 583 -51 -154 80 1537 215 -412 1594 402 -734 581 -1181 -318 -291 112 580 -247 -765 -827 -469 168 -134 -1295 1461 -231 -735 -301 482 282 -245 -1606 -1078 -595 -92 -44 223 -611 1167 209 -970 642 -1073 -599 756 484 -1111 150 -1021 1228 -86 1471 -741 34 -61 -375 805 197 1035 1287 423 -57 358 532 322 126 -223 1557 -138 -1975 403 -629 442 1039 -1231 497 1320 -115 282 549 -82 -534 258 -476 904 360 904 -930 -1121 44 -6 -428 152 439 -955 -558 419 -323 -167 -583 1212 -845 1691 181 621 -190 -52 191 -131 295 8 467 -1157 96 -796 152 -830 924 -34 -2006 851 -492 355 -817 -1348 1023 -115 -36 873 1284 -306 12 -1149 -271 -97 -917 -1137 102 -286 -286 343 -497 640 1400 1158 -273 964 
-306 412 -459 673 -384 664 56 -122 72 917 -1161 -1252 697 532 896 421 -565 523 -969 85 691 -879 1232 1010 -1315 -253 -402 -1040 -274 495 609 -965 460 1622 -350 -803 -77 -1584 -410 570 596 -687 1349 508 103 679 206 351 920 -1284 -340 -1136 -1652 -421 -1007 -146 -630 -494 1422 -543 271 -1155 -7 871 -270 178 1678 1150 799 -1076 -1231 -664 -419 -559 -530 -31 -72 645 404 -227 -470 136 -192 221 -215 1316 -174 -81 885 -515 936 1803 335 509 808 421 -28 760 15 126 887 -170 -1076 -660 -814 531 749 -117 437 1656 912 394 -110 -353 -229 -53 -932 135 -126 -1044 903 178 2418 223 1098 416 -616 -115 -1165 582 238 -230 1287 919 355 59 119 1301 -401 1458 75 -204 -1614 1376 1078 45 289 162 -1234 -465 -1379 324 802 644 745 443 -751 -709 -971 -686 193 -131 -1199 -55 -730 174 1031 -93 809 -780 342 -20 -18 -734 1022 -1126 193 661 594 773 1871 -541 -974 323 770 -528 -1352 -414 78 768 -1281 -434 617 -794 1232 -140 -869 -804 16 452 -86 549 -265 238 97 -379 556 715 -292 -247 411 1584 -890 -1135 -221 249 46 432 -1643 -1215 -855 -188 331 -1795 702 -1495 157 417 636 1354 -672 65 138 -1372 -379 115 -878 -952 -779 87 -866 370 70 1249 -699 110 756 354 -950 -1768 295 452 1021 -443 81 -538 2 -2010 164 1519 262 -417 672 561 578 -360 -36 656 -1301 122 -386 -1041 -1041 -1195 806 -822 -64 -212 -419 241 383 -1541 -317 -405 1039 188 677 917 -1173 -196 274 121 -234 -888 995 -227 757 -1060 -198 310 -369 -3 -126 -475 -934 93 1312 -320 -1299 41 -455 -178 -620 -793 -293 479 993 -1178 -354 265 494 231 -1075 -519 -303 -303 460 270 -1256 -882 -210 -941 -846 209 411 -807 317 313 -452 -165 -476 -349 969 2156 769 -1004 537 -267 347 -698 -78 -765 1040 -625 -869 -395 -1262 288 -45 307 32 -341 -244 -258 -633 318 -991 -432 950 -537 9 -112 20 -575 1134 -476 1286 1458 -741 -405 -822 251 -158 -198 -542 256 62 989 -897 -757 -427 367 317 -190 203 1069 -297 -1011 -195 -33 
-365 -1177 124 727 741 475 -685 654 33 -569 -438 -149 23 2009 108 -116 1715 -548 -13 1545 -289 -81 513 -313 23 -667 -155 226 -443 -206 786 579 258 -187 170 472 -1132 -247 -797 700 74 -721 152 -1002 -1320 -284 84 126 472 -642 752 -330 -157 -1373 -725 1034 154 236 -1175 -487 266 991 312 925 515 -161 -1444 -127 2115 -1220 -660 -817 -631 492 432 346 1822 -936 -768 1311 -126 1241 421 -143 742 346 9 -386 -1495 -960 -1193 -836 -1618 -640 -826 183 746 714 -391 1016 172 437 1002 1036 410 -288 -1092 -568 1001 405 -520 92 -915 810 552 -956 854 863 366 875 -1031 1128 -632 -391 607 595 71 -75 -1084 655 547 -675 1505 400 378 1607 199 -589 41 -759 -26 -319 -1197 -1207 228 -113 838 273 524 -493 7 1787 1307 -1044 575 -82 413 15 326 -501 -1565 1271 -1008 -149 237 -46 -450 -971 -446 -1006 -777 62 -446 456 -326 -167 -665 -699 453 -33 -1769 691 531 -211 -1226 430 282 772 -892 358 162 1046 220 936 -682 -836 -604 279 745 401 -2200 619 1505 -181 92 -27 1285 -205 101 -1105 -639 158 951 1 -481 498 531 -905 -293 -834 -67 1109 1063 306 -1283 871 -790 -530 52 302 -420 -128 -633 358 483 800 -338 704 -123 502 710 367 615 16 480 669 97 -1858 -517 -362 811 -55 -600 -881 -447 602 1288 697 1488 805 -820 -1742 -210 -405 706 -296 15 -572 -284 -1087 -718 137 236 -9 835 -233 279 956 -41 791 512 1526 -507 188 -756 -356 31 -985 -448 -101 142 97 -173 81 903 -1064 83 -360 -661 1641 930 714 232 453 -709 38 11 -568 -249 797 -951 -336 577 746 23 -782 385 -356 906 -860 679 60 -381 290 -657 -634 370 -2171 216 -263 -1276 -99 -557 -325 -320 189 -616 -661 -359 -471 -386 -302 885 303 849 453 186 105 -275 -1111 -240 -484 207 -179 -1069 -102 -425 452 1003 -196 1805 -2255 -350 -1648 723 900 332 -455 861 411 908 414 502 -436 -906 -568 -266 -50 -146 1011 -761 -932 -106 -6 -1478 -86 -380 239 830 -1273 1084 -840 -622 1185 1559 255 273 -787 -35 418 
465 254 -1149 345 46 -1354 458 -753 -479 1062 254 221 -203 -118 -419 745 1090 -1047 133 1356 -92 -139 -34 -256 -1138 -30 334 199 -34 -415 -818 847 -388 223 754 835 47 321 966 -593 -1081 -514 398 -42 -892 -1655 -1153 -1709 609 -36 -1201 -418 -543 228 -536 -496 196 -667 738 157 586 -169 -385 110 165 912 169 891 753 292 -1596 260 -1149 1191 -24 -280 -1257 1044 -202 -805 -483 853 319 972 831 336 232 22 141 -363 -885 623 311 -1707 -424 -1238 501 -10 490 1162 451 1049 -747 -459 1790 767 -325 -1049 244 -299 -523 1084 -21 599 753 -875 -176 1331 675 269 -1187 -367 -1160 -399 703 -1516 697 746 -1174 112 165 -1064 1336 110 -1019 -403 -396 -461 -668 -399 78 -480 536 -215 474 -329 58 336 52 -460 64 267 -653 -430 -51 369 -508 32 277 -26 -45 -1106 85 473 4 960 -349 -75 -106 -790 75 -1085 278 -38 -333 1254 -494 -841 252 39 229 370 -85 1010 -1112 807 451 667 -1707 -374 584 -524 53 206 -1118 -77 -537 598 467 -261 692 95 351 246 -666 -195 -38 370 580 -206 2043 1094 -391 904 456 -1072 -314 144 -154 -228 -220 -425 -1908 -514 -356 15 -79 -288 -270 -695 1637 -365 -9 -411 899 412 -417 190 -817 -938 507 1066 -880 -319 -745 102 -299 -173 -42 -765 -1058 15 -281 1139 -371 -473 -466 130 422 193 1347 -1261 763 276 242 -187 370 -45 64 -344 1004 538 713 445 -595 115 829 224 517 -498 -512 -1095 559 131 -616 -649 -983 -55 -342 -907 535 584 -84 -1189 -867 1734 276 802 104 889 -388 470 521 1540 -1156 -155 -476 -880 785 843 -878 1352 -810 726 -1264 -116 369 -238 -1032 414 -865 279 -228 300 -521 -522 249 -323 292 18 564 -166 237 -1376 978 1249 -271 115 -912 273 -547 1036 1496 170 242 108 159 332 851 -981 372 725 -180 -1127 -736 271 -956 -824 171 -569 -1030 400 1360 1200 1260 353 259 -436 66 451 709 -727 -600 267 -1369 356 52 -611 -400 609 1383 -476 915 838 -1198 350 -67 1203 -1165 753 489 -253 1231 -1503 430 -530 1078 -1561 1242 -299 
-879 -2382 1792 -361 -813 -741 -540 -963 979 527 942 -172 -624 -715 -75 836 -480 48 852 493 411 -333 -381 -231 903 -1012 -399 -1426 615 -248 452 -378 1107 83 1488 -939 -43 -953 -217 -142 252 -1430 332 649 -105 219 -1815 643 -457 443 -83 500 -133 -959 766 167 474 -1114 -448 444 477 -359 598 -919 -1155 614 1519 -505 330 496 714 -1028 325 -546 1064 835 -82 -67 204 -239 283 568 618 35 281 -229 -389 438 623 687 -203 -396 -152 -10 478 55 -568 568 -362 -709 301 780 645 -1 214 174 -1076 -1533 -450 2610 -204 286 -442 427 718 349 -335 -200 1244 -153 -741 709 480 -68 -591 141 993 213 -643 172 124 400 -1035 441 -624 -620 -667 -1983 73 -239 -84 704 574 620 11 1083 1093 -214 345 443 1436 203 -1131 -274 -125 -837 710 867 837 913 522 343 954 -1426 579 -533 -641 95 -8 -1435 142 -246 1099 -437 -148 -168 -291 834 1179 583 1089 725 -53 1184 -747 850 -555 711 256 451 -678 717 424 329 -182 -409 -566 409 827 -899 1469 -1031 313 -363 502 -88 -767 2060 602 -1389 994 -1238 614 -220 350 -1086 37 785 1015 1621 373 -332 -1019 1354 236 331 309 374 -340 -556 -792 1205 272 -790 -373 581 370 -613 497 54 -158 877 142 908 -1558 -937 -1523 -1377 -252 -650 -230 -1792 1204 -110 760 705 287 142 -943 323 391 140 -1358 -612 697 95 -649 -305 620 456 267 372 642 756 50 138 -177 -1187 -330 -470 438 466 110 399 -289 -475 602 -225 330 412 -1412 -21 849 -432 -495 -380 309 163 35 163 1462 1157 -699 229 -27 -933 -447 354 242 484 652 808 1399 -149 54 -726 532 152 -295 1303 -506 -120 -842 -1352 115 -972 -813 34 204 980 1426 545 1028 -124 803 -402 -118 728 -433 39 -1179 -430 -647 -1065 -107 -1068 -366 -381 91 -50 -67 -167 -485 -604 215 1385 -642 795 854 299 381 1591 -173 687 341 -462 -650 22 436 -284 155 -282 -597 964 418 679 594 199 1124 271 566 -384 -260 402 -558 414 192 414 354 782 -577 294 -626 -255 -611 -941 -152 -387 1015 653 
398 -183 -1102 138 693 -1094 -525 -845 -629 410 -1109 329 -381 672 1806 -153 316 -277 -982 549 883 1378 98 -306 -175 346 94 -275 -1500 -665 -224 6 42 887 -437 712 -239 589 -634 300 -513 2 595 259 -532 177 -2 -803 -293 692 -234 -1021 -535 95 -1030 380 1390 370 137 1508 -845 1182 -257 -1085 320 2056 -1249 325 1434 -261 -35 -1003 1014 442 216 569 -122 -1158 1177 350 819 -576 17 -1216 620 13 607 728 -2137 919 1673 310 -380 -1138 -1088 -595 -54 -482 65 -787 -622 -714 -399 283 -406 -139 -9 -949 579 -1237 499 239 -486 -317 2 572 270 -43 222 235 154 -123 -75 -53 -328 392 168 199 997 -87 -548 -88 1923 489 403 -655 474 -228 -47 955 -425 -34 917 1074 1303 -753 1228 558 902 1101 811 709 599 324 -771 -290 483 635 -510 793 632 508 169 -210 725 -257 118 -244 -1577 734 501 1706 -123 202 940 -674 569 610 1143 479 -749 -212 -104 1000 323 656 -131 261 -51 -285 613 -67 78 668 -15 346 1075 543 -86 -161 -329 736 915 207 687 -1241 -1563 251 1983 -323 -223 1007 -1309 -145 -1047 -1520 1057 845 497 -867 662 710 958 663 -358 -394 519 -1926 -667 -607 -145 -568 1239 60 412 136 -399 -312 -652 85 159 -880 -556 240 642 111 341 -1356 -49 -127 -1371 -1287 -1222 1178 406 -42 -761 2381 -354 1392 344 342 -393 -750 -1099 144 212 48 467 -207 -488 -1025 -272 285 78 483 -226 803 -1253 497 -485 592 -274 421 1349 90 -1030 -1090 -720 -743 776 1502 44 330 410 1806 -937 314 1343 191 -149 813 1725 -1139 -272 -36 -1313 211 -611 -81 -385 -241 -751 52 378 416 1104 155 -168 -788 372 708 135 82 1324 135 1144 -139 -1430 172 -590 490 -620 -1142 -285 -934 735 -132 -1431 -96 -772 1270 1511 -23 -493 -1110 -145 -268 628 750 -453 -833 239 -90 -1024 58 -1520 -767 -1111 1472 -455 -1047 -547 1267 -834 219 349 36 -757 -598 596 335 1289 1306 -678 258 613 1081 -208 256 -1057 1043 -63 -98 -742 -1167 -1528 -1030 -1441 -969 -103 -151 -862 -118 926 -864 -218 111 314 -453 
-661 -786 -553 1407 899 674 -128 -175 436 136 -817 -839 -514 318 -411 193 176 575 -1540 -1102 293 -559 353 -412 442 -584 426 -366 823 -228 320 2418 -464 416 564 -1131 -554 -1277 -244 -649 1964 -315 -718 545 -546 -224 -345 432 -55 1594 1220 -1669 -410 878 -51 354 40 1485 872 676 -670 339 818 -43 33 1090 -56 179 225 -2175 902 10 -51 -1105 -310 494 -216 100 -275 -195 -668 234 101 -231 172 22 -605 135 901 -355 341 1412 892 -1111 64 117 -868 379 531 -703 -48 -1278 230 138 -785 -519 -214 66 -364 788 -579 136 -584 -290 -32 -1361 623 608 1018 668 -16 71 -184 -53 -73 -1413 631 -1696 1254 -387 517 -317 1082 443 926 -388 457 -77 578 692 -1840 -190 349 170 -362 322 -7 902 -628 294 -575 261 491 -145 -406 187 -1321 -1118 -301 354 477 602 1258 -989 -1029 461 -1331 -221 602 12 -929 -166 -284 -94 -355 1246 -70 -376 1128 186 -383 -21 630 511 1279 -149 508 1058 -96 -1074 -318 -1006 434 285 362 765 862 -820 434 320 -911 -70 457 -439 869 194 -765 908 264 1167 925 1869 -180 -161 511 -449 -64 -80 -613 297 -903 -1225 6 239 -1283 -180 -5 129 447 -663 373 380 -434 -435 503 -926 -315 184 44 333 424 615 -624 26 -642 -282 682 -1503 1136 -1289 -4 77 -430 884 -1057 491 -15 356 -256 2 -638 -979 600 510 215 375 76 -787 161 592 -523 -695 -985 -152 -637 -717 139 469 -1067 278 7 718 -1054 -11 569 -119 -177 1447 -767 -105 135 -87 -552 207 447 822 753 308 93 -1287 1116 14 48 -1096 184 -490 -33 -261 152 -1627 -372 558 -142 1400 -359 247 -33 131 -523 193 21 -281 7 115 904 -1437 593 139 1525 -287 274 197 241 238 -1085 772 -553 554 -669 -219 -327 -220 -103 1011 -589 176 1496 -1606 456 -1859 -165 865 -282 -903 720 288 -1393 -58 425 -510 -1206 -473 -1289 -994 865 -840 987 367 -560 -325 1462 395 -639 -316 567 -1290 1334 1563 -942 -236 -1245 662 376 121 -757 -671 1523 302 -304 -517 -985 -1334 870 -598 523 -111 -125 501 -506 655 
72 799 129 230 -565 -107 -1583 -128 981 1125 117 1251 -677 -946 204 458 290 -319 -973 -617 -18 618 -258 74 -332 -645 -37 983 -205 -489 667 -154 975 -364 401 127 12 -63 254 679 -863 -532 -161 62 -145 489 127 -596 607 26 272 -292 -659 -2103 -698 328 -970 -657 410 395 18 164 -385 -187 557 1686 -167 355 -540 990 301 -1278 475 -167 1415 818 804 650 -335 35 -704 262 737 -241 -1452 137 -127 30 -1050 172 -168 -1368 -956 -526 836 -919 44 322 530 -392 -182 -479 -234 -653 965 -1187 -883 208 -492 1009 68 -638 822 -459 677 94 584 128 -351 47 618 -147 -478 4 822 559 -191 -611 -486 587 223 234 1905 498 -574 -868 -398 -150 -115 -1131 41 654 -533 -380 348 -593 -620 1156 1296 244 185 353 -1109 94 301 119 509 16 83 181 624 -313 88 261 -390 -569 -1018 25 -241 -157 -1139 -655 -1695 612 -393 -677 -281 635 -840 -604 -330 249 852 452 1356 -57 -111 69 1455 641 196 250 1048 -355 441 593 886 165 136 -55 732 338 -306 -231 -1034 -1373 -875 -99 182 -36 540 -586 -848 -312 -637 647 435 -494 -1026 1702 -200 -767 705 711 607 -1271 1709 -1299 7 -906 -622 -444 -312 -1005 -517 555 -42 -7 -101 -763 796 -1166 -675 -510 -1506 -788 -370 -876 840 1356 -553 516 -1059 359 175 -413 -590 -311 -1088 -871 1093 43 257 -896 9 -382 -121 255 -635 -706 2442 727 -790 25 -617 -1001 1799 154 176 35 147 328 651 1012 -266 944 -527 -735 -99 -1005 -583 88 11 -1207 44 -416 824 1098 706 461 -1162 -118 -194 -74 -611 342 516 1304 -1432 259 243 518 -55 -600 14 1144 722 168 903 -1079 -668 697 766 -686 -918 412 -279 -267 -369 -773 -385 -171 -588 652 -246 44 316 395 -533 -1482 70 -112 932 -225 -316 55 279 -981 -240 -1519 -378 -545 -38 54 403 427 640 -320 291 -403 1197 -88 133 581 -32 936 438 602 -854 169 579 142 1152 -388 1436 950 1059 -1160 1049 -259 108 -98 -1622 -252 337 -408 -1239 1301 722 456 -606 1035 366 -49 511 330 69 -451 -1217 -555 
1575 841 255 -600 583 -287 -188 -1342 -135 -1124 -515 -137 -630 191 507 -235 -405 -249 -196 125 -3 -848 -704 1228 385 -767 250 -653 603 -772 -654 -945 370 -156 203 -710 231 -1499 322 -1338 -828 400 -134 -278 518 -3 -1476 -182 753 664 473 -911 -753 -14 551 187 -176 -286 545 -107 -1301 550 -133 -378 275 1022 790 -187 273 -966 469 132 214 401 -166 -45 -867 -406 747 781 62 257 164 -403 -1229 267 138 -413 418 -195 267 -199 -114 1263 586 508 444 -170 100 1002 -153 -222 150 -277 -872 215 998 -353 -74 669 -803 754 -1262 -1029 -372 217 -185 932 -942 -325 -86 375 390 -327 293 -785 1304 727 -879 -189 1452 -288 -1156 588 819 219 -421 505 -231 122 -214 -395 -410 -893 -1311 230 -167 115 530 -19 1597 1386 74 481 -461 -371 868 -262 -183 -605 -647 1030 -327 1263 371 535 1786 27 -377 -76 -22 -514 -1529 356 548 297 151 -284 -164 -504 -24 143 -42 102 -483 1512 -435 2 117 260 1572 764 -1073 1163 961 668 -1305 -136 -204 -601 1859 1007 364 -1078 41 -717 505 34 -12 -790 -554 -947 405 -1005 -475 320 193 452 292 1015 -1346 111 -280 134 -793 -150 1117 -576 -309 -474 69 -486 -1022 253 -678 195 -1275 -1504 753 -493 -48 461 -328 1506 420 235 -552 -183 -213 1051 -324 254 -256 1135 361 -5 -368 357 1304 -147 -570 385 -704 166 -348 775 334 1155 -558 -675 431 -696 1130 -860 -514 -631 -670 1979 -389 9 585 -236 -316 525 515 -1424 -421 -904 -196 -247 -290 509 -61 295 261 -1160 -1060 955 -745 585 -1187 740 531 -866 -1077 -1193 -826 263 -146 -408 325 -20 619 -83 16 -648 319 83 -730 -5 37 -1010 34 -1025 -745 377 232 120 260 -510 242 -180 -656 1752 -571 -427 -152 -1694 -524 -958 776 662 -92 -296 -574 -620 -297 1766 -84 861 1074 652 152 -447 -971 242 1460 -1476 173 -245 -289 450 448 681 469 311 674 482 275 -323 -330 1003 -723 -219 5 -908 1158 163 27 -659 241 628 -1782 -147 264 -113 583 326 -448 -558 -1565 751 37 921 -182 -29 1056 270 -186 -463 
-23 -106 -638 -661 -851 235 50 1021 -354 133 -810 -42 201 -384 -1352 660 -164 -1572 1350 -1321 541 410 -420 -1087 -151 -353 1185 -115 -883 -463 -44 -158 1236 -639 648 883 65 -49 -216 -981 1004 1303 -577 -2119 -708 758 442 -620 -795 -219 587 462 -1338 1039 1429 -911 -658 4 -379 -505 765 -327 1360 983 364 -271 -432 -1639 166 471 735 237 133 855 1187 -219 -870 -933 -967 -655 333 134 485 550 -361 84 -463 278 622 92 1651 298 -41 -794 200 -857 -40 -30 401 -1040 238 406 278 0 -1162 -378 856 726 1065 284 1237 -689 928 -977 -1222 -462 -717 1 962 974 428 142 -1386 -718 -205 409 2181 -395 -727 829 255 1156 -1114 -131 579 -52 1010 -912 217 -301 -926 274 830 -2154 195 -1119 390 415 245 372 292 31 -372 609 514 -461 36 1038 -906 165 -38 743 -691 -1805 911 -534 -117 -605 -1106 -839 -1606 40 886 1243 -959 27 637 -1034 979 -830 -1218 132 -939 69 -354 -123 -250 669 -73 1420 -150 872 333 -265 -1622 26 646 1349 -29 1877 532 453 312 539 146 790 -166 -463 -8 224 352 -412 663 73 -281 1052 -391 833 1414 674 -293 -1662 -65 -1160 857 751 -322 -774 -1036 667 -850 703 638 1421 -573 -99 899 -862 247 -1551 1804 309 -535 -953 36 -993 197 -84 -846 -130 304 -904 -162 416 925 -431 1467 -270 -155 -1486 748 148 187 -47 446 -292 1180 -73 361 94 316 1325 -677 175 730 755 -1156 -1110 -776 -1039 -1016 749 490 -366 37 24 -1486 -248 -1897 -1851 -33 -34 1025 54 -148 212 178 -48 -50 356 662 718 1013 -703 -596 481 650 93 -410 -570 -979 280 423 220 509 287 465 -57 -806 -411 -487 -730 -195 -640 -151 881 -878 -298 1231 -36 -623 -57 803 194 -343 -389 695 38 6 709 53 -368 502 133 -583 40 188 1306 -219 1428 363 -282 260 -663 650 202 159 677 191 647 585 -742 -420 331 -1242 -266 -624 -577 -845 1529 -38 -296 -239 -120 852 616 516 -257 1964 -284 -450 497 674 413 -426 -283 -1550 -1057 527 -396 -5 -225 -737 -240 426 178 939 -161 -686 -423 
932 1001 -792 769 1131 -278 -928 -90 396 -165 -683 698 -1392 1478 198 -377 -547 -132 -15 -310 -1113 -397 248 -12 -1125 188 -245 900 501 532 207 791 125 55 -240 1286 -953 221 206 191 15 1156 600 -579 301 357 -564 -947 429 964 722 251 -491 809 596 -760 -697 588 212 1404 294 -9 849 584 186 240 -510 -648 124 183 -419 315 1278 71 -324 721 -150 -771 518 -31 -368 -1271 898 -1084 -381 -379 1817 459 -1288 -637 424 880 -168 -172 -502 327 -1526 -389 -1238 -277 891 -791 129 19 -768 -333 -418 474 -22 589 -103 -246 1028 -87 -1463 -14 389 -360 -333 1281 -335 585 -1190 1404 683 -28 316 -697 17 411 -1694 157 -298 559 785 131 763 -586 -1069 -160 2 1124 178 1469 1156 -95 125 209 -299 163 -154 -480 -76 -570 465 736 668 196 1263 271 151 -1127 690 504 -1463 98 -488 -722 -43 -547 829 565 1664 1151 -1369 -1367 -1223 -266 -442 -329 -1303 1070 -940 -273 -1060 1065 147 -1732 -165 514 1609 -59 444 -885 438 -34 -453 -695 -155 753 -415 970 1368 229 -39 80 356 597 -720 407 -214 -638 -1257 -70 363 -313 652 -113 151 869 796 -1473 -685 -385 -163 1165 -84 -1194 259 -203 -436 -190 -1178 442 517 -415 359 -522 530 1244 -1419 -362 -907 -162 432 -143 -127 -386 1139 554 1101 -27 -321 -580 -164 367 408 713 462 -128 182 -963 13 981 -736 404 510 -1644 117 -13 -1687 -732 -1041 97 4 1520 -356 -247 -578 -174 -589 859 -29 -136 135 -739 596 -1259 -291 808 724 203 -1196 1299 -872 -77 -619 1140 757 -1064 -2159 213 773 -693 -1015 1073 746 -461 945 -873 607 -401 -666 -43 -399 -237 -107 282 1774 -17 -438 -298 1295 183 1047 -681 705 412 -314 479 -55 193 780 242 -695 -103 32 -253 -189 -395 25 -399 -382 258 -1554 -1486 772 54 103 185 1038 -2387 1065 1824 3 553 32 -1149 766 1450 99 1169 -658 -195 -456 166 -597 146 765 614 -431 875 615 -319 601 -646 577 1232 58 665 -44 421 -1051 -113 -525 340 703 -251 -372 435 -510 -545 -247 1936 -699 -180 -998 401 -964 -1107 
-456 1360 -201 1015 -566 1020 133 111 118 392 2495 -1053 -485 666 -207 608 -553 -1446 -494 149 -933 -523 -774 -399 -437 2047 -38 1207 476 620 -638 -759 -211 -599 -493 -1135 -14 563 -672 1060 349 735 1652 -564 -133 -886 -88 -1376 206 927 630 -396 -299 381 522 205 140 212 331 -887 -203 991 385 295 380 -83 115 571 921 101 783 1053 479 171 337 -406 -269 -487 468 -9 -786 -1255 -1844 503 -762 -641 281 338 -333 -1710 1307 -964 814 275 403 -534 -416 309 -770 1164 -123 -80 706 19 350 -266 -1373 313 -1499 -562 690 -33 -591 -521 596 -58 -661 148 181 -114 -401 274 -143 709 -246 1022 460 513 -1307 -1138 -893 391 -439 -767 1102 -319 -706 -608 212 63 -1294 -557 -247 41 -250 -487 -769 -37 781 342 734 -39 1513 637 -681 205 -989 -220 -1093 -610 -372 361 207 405 -847 -220 -426 436 1350 949 839 -699 -94 1585 -742 995 898 -699 -616 -417 116 930 466 -1852 1031 -977 402 -905 -720 289 82 339 -397 -684 -449 762 -1128 -598 -672 -12 1508 626 221 1025 711 -221 -154 -59 -828 -493 -990 -50 600 -597 -71 -344 460 -1462 -399 -98 196 -521 -524 -520 -314 530 -33 525 1077 -1277 -1713 147 563 269 -615 -287 -807 -961 -1607 1441 -624 312 1203 720 -455 -929 816 59 172 -415 290 212 -139 88 823 -328 -485 215 -1195 -403 139 265 453 254 -810 4 334 580 -660 -1684 -826 745 236 -1420 116 -322 403 912 -764 -819 -7 -283 -527 -528 991 -1713 -740 -1018 545 -424 1487 1166 404 -263 -1742 -570 -920 199 -419 690 1028 679 725 839 -132 953 379 729 -46 520 -555 288 -1809 701 1674 -96 1007 -844 491 -657 -1106 -47 641 1143 159 884 -771 840 181 -603 354 -105 -296 -824 -238 -112 -1252 477 155 -1647 -394 -304 690 -262 -173 -133 -1453 1169 353 -402 -904 3 737 1709 -398 -777 6 835 11 421 674 837 -306 550 176 -1012 230 331 -458 -149 -557 800 911 -209 -1300 342 1117 -503 -212 54 -432 241 937 -1543 304 1076 660 176 -236 -87 577 284 -322 1790 -515 -358 21 -103 -1066 722 
444 254 221 -838 95 359 -229 -703 -1089 -165 670 1376 -777 1007 745 -227 214 -147 141 868 726 714 188 -149 941 1163 -687 615 849 -913 -1325 667 -76 829 -498 389 1457 653 967 7 -325 1052 -1204 120 213 -1216 -892 -878 -132 -715 -361 854 -1420 599 -529 1339 -654 773 245 -1077 860 -429 -556 -782 707 -293 111 -1222 -1756 -37 -191 -274 472 -586 468 -786 -1302 180 1149 -263 87 479 -98 -182 -1033 -606 11 1012 -1177 -29 1136 -156 718 592 2138 -146 -624 -674 343 -1134 367 -351 413 -1599 220 -13 54 -143 299 -552 -423 -277 534 -1426 233 -467 -151 -12 517 -731 482 -274 -37 178 -104 728 -1220 276 980 -1360 -1535 1033 -320 641 -1842 -327 73 -1198 521 -253 -265 -9 -72 57 313 -1437 1032 80 72 -714 -249 308 -332 1215 -459 1553 580 290 365 -524 770 -124 -412 336 -333 245 -888 82 401 -484 1000 -571 -410 1075 -379 310 -233 -591 -518 1164 -256 48 -293 -383 -97 -63 248 -33 -600 273 1708 -943 -395 -545 -790 -156 -1075 -116 -859 -891 120 -37 -601 -251 -322 -1000 -359 529 256 -288 1153 375 1035 -1280 -445 1187 641 877 -313 -595 -794 532 424 -836 -414 -1224 -375 107 249 358 -2 402 -778 535 572 772 -289 -559 -31 470 1109 680 -1265 -1687 39 -210 -1371 282 -451 314 363 50 -1611 -105 263 -828 -1157 -51 703 -291 112 -112 -82 988 442 864 429 -319 -449 467 537 407 -116 104 -957 290 -1091 388 -470 -280 -537 -549 517 -720 525 449 269 -510 -704 -794 -1330 844 -1301 349 2187 -344 410 345 1611 -440 -1279 -1273 -124 221 596 -647 288 -781 -1686 -1398 -267 -396 -1010 -496 -488 14 -176 -648 -815 488 -90 755 449 -447 -458 969 -15 435 -748 -1408 644 646 -1818 417 1551 405 -1132 787 639 -536 47 -176 568 756 474 1669 190 -813 358 -99 -1174 -360 -304 -57 -944 -1274 -501 -163 660 -549 652 292 -165 1122 97 -55 344 737 873 153 501 -889 403 577 -385 63 221 -237 -742 259 169 -63 -990 9 637 -564 -363 -316 -217 587 -692 -499 305 -57 -1315 -11 385 259 50 797 
-1202 150 -111 1064 -351 -1313 813 1192 -606 -483 198 -599 -469 -600 376 629 536 713 357 -744 1019 1161 328 1486 -627 197 513 -377 -546 1341 1096 213 23 -678 2412 -723 -124 -1418 408 -853 -395 1227 -751 735 541 429 653 -1050 -767 -150 -802 -125 1065 -619 786 745 -832 427 -144 614 -415 -114 -772 141 411 -78 -31 342 -773 1288 1663 332 758 1214 -516 392 -303 -1238 -21 -83 -556 1290 -41 -523 755 1528 834 -221 242 -859 1210 -165 -364 -451 37 -23 -231 283 729 418 -346 237 -187 -95 93 553 406 832 257 1044 -418 -191 -28 375 -253 -96 331 -1175 -1043 945 954 1618 -29 163 577 -217 412 -665 217 -1420 -820 -67 720 386 53 -1858 296 -335 565 -1063 -468 -632 -541 -190 -300 -769 -343 -152 1976 -606 1118 117 763 1231 -739 242 -2246 -1216 98 165 -1006 -786 474 282 424 109 272 126 809 365 223 661 1029 -457 -1321 46 -340 -853 -845 1300 -1548 46 804 -197 263 -662 927 -246 -1374 1038 -746 -719 -221 35 318 459 381 -438 -313 -86 157 49 913 -611 -76 -854 -322 214 118 -311 2074 -434 393 602 797 -484 229 454 -129 -586 167 -1198 -398 -219 215 752 419 1071 -431 -559 839 -1077 -111 461 532 -74 896 -480 -346 -874 807 1301 -1638 903 328 27 213 804 81 -219 882 -783 -278 590 -717 695 -180 -93 -1231 167 -1591 463 -921 -1194 -1032 -1252 547 -1004 -502 11 140 738 985 1139 -422 43 44 -1084 -240 -496 -374 -860 468 683 171 -447 765 1459 -919 -20 -104 829 424 -95 -713 -138 -5 1473 294 744 -405 669 491 590 544 -280 112 -1273 -519 -201 811 -381 109 475 -985 109 -445 -518 539 -204 -1591 733 1410 -32 187 -845 -616 -936 674 -95 1136 572 126 -1068 -173 -686 -939 721 -602 1626 -932 -442 822 -114 385 -605 397 1137 -981 619 -671 -673 154 1012 808 93 -142 437 346 1123 -166 1137 -223 -613 -216 -814 -895 709 138 -2205 -167 607 158 1105 -171 -321 -303 785 1204 -212 560 -1279 785 648 210 1758 230 -1182 -775 0 -221 371 -59 682 631 -597 -254 1279 -706 -69 
0 465 -814 292 124 880 -1486 -962 -277 -349 615 102 112 935 362 994 265 1589 1197 -655 -323 928 -1442 -936 -471 -305 719 509 -500 1263 188 357 432 -435 -187 100 -517 487 -1226 588 327 -670 216 566 -425 561 -94 -135 447 -891 -881 94 -463 165 470 141 78 -850 -226 1024 2 889 883 -1622 1702 227 -1946 82 1026 -585 562 -149 762 -11 -153 617 -205 -654 -1461 -124 -524 392 236 -40 400 -860 -318 10 -913 -500 674 -357 -205 -542 444 783 -754 314 -803 912 807 824 -982 451 312 300 -588 -1190 -722 -136 -129 33 -40 457 1161 195 691 -294 698 -221 222 -164 451 -1478 481 98 715 -391 312 710 135 -306 -474 -817 1274 188 -1163 878 -22 557 -246 -1359 -454 1334 217 -479 564 1291 -969 3 1381 445 -547 -840 -95 -130 462 20 -224 -1875 1489 -429 -458 169 592 -218 7 571 -240 -1861 312 1320 961 -474 -1259 -347 175 -908 -266 740 -2045 -454 653 1693 409 -192 545 155 -184 737 258 -546 -781 -581 -733 -81 365 -794 1230 720 370 -347 794 -462 444 436 -468 331 -1429 -1293 851 -769 -539 -1448 703 362 -918 -1339 -292 -13 217 -1508 -848 734 -280 394 -388 -731 -1011 480 -302 -781 120 -109 680 -409 210 1964 -544 207 517 545 -948 757 726 -602 -431 -1335 544 400 -465 -1140 -291 -375 283 -458 -150 -127 -774 594 -1231 -108 -729 -327 -1554 -373 -905 -908 839 -388 -511 -1399 1286 111 998 546 495 -540 1486 588 -529 67 -58 1774 -1142 -1768 486 228 716 29 269 887 1365 474 -265 -1178 868 457 836 -1009 555 -900 784 -788 6 206 -487 1169 -16 -249 733 415 7 268 1018 -63 -759 -928 -296 -345 -472 -122 291 -506 -606 -413 25 177 -762 -409 281 865 -489 48 293 115 294 -298 640 943 135 419 -67 -513 -528 -351 639 -101 -969 814 663 -473 148 -570 -150 2673 -584 1791 -419 -259 677 318 -659 -352 -392 -1455 -314 355 -47 -211 -1110 419 34 -1567 87 354 -1066 586 760 -1090 -185 77 -140 282 -762 1175 377 376 -447 672 -536 -522 -1964 670 -53 -1158 -339 -899 1018 267 
-1135 -599 -57 -617 891 -563 554 -260 -933 -256 180 95 304 -1169 76 600 -109 597 1173 -558 -655 -1084 97 85 658 398 -352 8 -547 1369 812 1209 106 74 146 477 641 1214 -986 -26 664 -1076 -1193 295 67 -1478 160 782 -123 -145 202 -134 350 947 873 -506 -523 -254 -268 522 1276 -205 -87 -424 767 -1761 -448 374 -597 629 237 1378 -1101 -286 150 -94 -888 -134 565 252 99 -399 1100 -585 1313 -509 -120 330 -175 299 -670 147 929 -867 425 572 999 1797 -463 -423 -1152 -489 177 625 -974 1124 512 -1041 -225 404 -233 406 343 -662 -148 -722 393 -15 942 -263 537 165 1075 108 986 1022 -653 -371 837 -241 -465 -484 -1607 1760 -1791 210 830 -1040 -156 583 1209 292 -470 922 -246 1196 -570 426 1387 87 1106 619 118 -57 512 215 -404 415 132 -372 -710 233 265 379 955 956 114 -296 -464 -396 -399 -295 348 272 -455 -1072 -800 63 584 -135 -510 960 942 -360 -966 -339 -547 -207 -443 135 -712 109 -543 -747 972 970 36 -641 211 -835 192 159 -575 -472 -379 -355 220 391 -208 -208 -411 1394 -66 -481 967 -569 283 -311 471 342 -9 -868 423 -423 418 -759 -95 -872 -1064 221 6 825 1213 307 131 -478 -536 492 411 238 -361 -225 -733 780 -173 -222 736 856 149 918 42 -1706 -29 47 843 1397 -140 2233 -173 -41 118 280 -803 -457 486 -16 -617 1065 318 -164 145 -485 -123 979 -457 -121 -787 43 -750 830 -209 253 -330 -49 -192 793 829 -19 754 251 -219 234 -156 -416 200 241 -30 480 -198 -1145 817 -137 282 449 -533 535 -934 144 438 -670 -1140 -267 -233 -917 323 362 94 -454 -280 -1205 1259 1181 -226 1 434 679 1447 -224 662 -1473 582 787 -140 -669 -286 -784 -155 -682 1330 499 -1094 -776 -547 -242 92 289 -153 -977 302 354 262 -828 -668 -266 -1087 1139 1191 293 268 1075 -492 566 212 522 -230 -66 -214 8 -126 458 90 781 46 323 -860 -716 -629 1482 8 -1010 971 -413 1490 -215 1339 1012 -231 1146 -312 -162 -678 291 752 633 344 -686 -672 516 931 579 
891 -1300 129 -255 184 -225 -256 1251 548 -558 1077 -1014 221 -522 -369 -73 67 814 -215 -1560 -994 -556 764 -451 1377 -1888 1310 528 84 -361 377 -625 -746 659 25 1237 -765 735 316 -792 -677 147 -42 -504 285 -294 -267 -414 -284 -696 -927 1508 803 383 -113 -1431 -391 -973 -1474 -321 110 679 -694 -4 464 672 -808 -366 971 139 -12 625 -187 -601 1137 869 -700 -319 282 -762 268 767 -1585 -338 166 -2289 -570 473 375 -82 698 461 -250 -265 -1159 2 -34 964 238 693 -95 1408 -397 -159 35 1155 -446 -37 -245 53 -97 -1716 702 573 701 -368 368 907 1748 203 -821 40 -48 -615 1215 -541 75 -645 808 1094 1345 -92 -580 -891 811 -431 156 -15 217 -407 312 -55 -185 -905 1206 1385 1172 1503 660 -631 -363 978 818 -670 1662 127 -771 61 -963 -507 38 918 -1421 723 -1551 1066 780 -1622 57 426 -256 -895 1621 -441 6 89 -719 -1073 455 1194 1405 -710 -1490 1724 -1005 -712 -57 319 -151 435 702 1197 102 472 62 -1157 31 1081 -637 736 -601 1449 -839 -140 1739 998 193 -1184 170 -1226 7 -677 -77 1263 680 1199 -337 -24 -889 -702 -747 -12 -848 1219 1267 781 -579 -673 -930 -258 336 252 -819 -647 199 781 -347 -784 288 -2198 -1374 -314 288 436 -446 168 98 132 1335 -251 -440 522 -113 -14 -472 410 -1093 859 -238 -5 569 -449 -559 -146 -152 243 -302 702 741 -227 980 -1333 328 1152 317 1315 902 -866 100 -571 -1063 380 1377 470 410 -141 -373 250 -65 1508 991 -654 -562 525 -620 328 -312 39 763 193 1412 -1176 -812 962 -152 -180 -1994 -770 -304 -1144 265 1474 -128 -461 -24 610 -461 -939 338 37 345 -681 942 -269 -1464 -88 -178 -398 -960 332 -899 -53 792 -315 1063 -1730 -442 452 1010 1026 158 -244 85 369 -113 479 -811 1124 454 145 1021 134 -715 1105 409 -941 -352 1034 -396 -423 925 211 -590 -447 -663 433 -143 322 227 -125 -1146 -278 -1938 -170 836 1222 -1474 -141 1283 1050 -150 -1688 405 -2082 69 1381 -240 -929 80 -443 -60 1038 245 210 119 -1308 45 378 -363 225 
358 578 -1021 -1335 564 -819 -210 -314 -695 -1423 242 1279 1094 -303 473 -300 874 222 1900 -1294 -413 -1351 153 131 -691 -1332 299 -981 -154 -607 -949 395 -426 -685 281 907 -428 512 -1101 75 463 -578 -326 -255 -600 162 -1674 -713 -1512 -113 -669 -220 -1352 -957 698 -134 -248 684 458 -1417 -577 -653 58 -782 1068 -1324 -111 430 169 -358 626 -461 -1894 1021 -95 655 -519 707 157 214 -1557 1269 1062 473 -948 -186 -54 -758 -244 1035 -106 -1720 176 -23 -287 408 195 409 -309 -305 -778 -1141 836 1452 -304 453 747 1154 523 -311 994 -838 697 -1634 27 135 -1018 383 -742 -1461 -3 741 -309 940 -34 882 715 -464 1382 -370 -754 425 770 -1057 61 760 -984 -209 337 -660 874 562 -14 -753 -2 -298 184 1114 -62 -1180 1039 -1167 754 -409 21 345 -25 -762 469 -682 -1435 -164 -399 -126 294 346 -51 -451 996 -1596 -441 467 -180 -255 17 -1224 -589 -225 -498 330 482 114 -149 418 -160 1714 25 -195 -270 -117 586 1312 442 -71 -337 -809 63 1286 802 -635 82 -1029 604 -515 863 -377 -554 -737 -741 33 -632 -119 -977 504 548 -719 -16 -89 -8 -192 -516 95 -634 -365 1002 -118 -160 104 -356 99 -849 -150 432 453 338 761 -500 279 -1586 646 -252 727 114 -234 -1158 -949 -254 200 -1277 1082 793 -951 -768 -137 480 -374 -32 1351 -95 -150 323 494 -793 -781 182 -821 706 1973 33 465 294 10 704 1381 -26 -355 -1050 198 193 1486 800 212 307 549 1348 140 -118 -220 -408 -973 1104 180 -740 1211 868 -489 -783 250 263 -1302 829 394 -1048 16 -1160 917 -158 -769 -1044 16 750 -1594 208 395 -877 61 -558 797 -182 -171 249 521 -424 -813 882 -549 1318 -1226 -1211 1503 73 99 695 647 -812 1119 -474 -1439 48 371 1061 1188 -219 249 -721 376 -335 1071 -2193 1290 -560 1260 856 53 811 -103 52 298 1646 -383 267 -419 -1231 -467 675 -564 788 -453 -1104 614 -285 -409 376 622 -892 -395 -474 585 -1708 477 -978 810 -162 -64 871 159 -122 -787 441 350 -924 303 -716 1474 -969 7 -1166 1681 -659 287 
746 -1181 715 -63 -704 278 -1121 -797 328 -871 -945 1888 195 16 1153 821 1078 269 439 6 271 1167 -784 -1329 1441 863 221 -1038 -1309 -62 332 -653 190 -350 -430 380 308 440 69 479 -521 287 -765 68 222 -501 -225 986 -750 -99 1551 278 134 -672 -1009 -180 1180 -1902 -1036 294 1046 322 944 -653 -304 702 -1027 -1480 -363 -95 -286 -729 -142 -527 -1191 -445 -1 26 -977 -81 1470 120 -168 361 -135 -691 285 837 155 203 -333 -560 -1343 588 49 1209 762 1060 1080 166 -924 1007 176 -786 -736 -1154 -1402 -528 -37 -3 -53 -230 1 253 952 1492 -945 -27 784 269 252 87 -76 306 634 -512 -1598 -107 -96 1288 1392 96 475 557 -434 -250 -1729 551 738 -333 788 -728 878 -460 406 262 643 -214 1032 -198 -402 -952 1540 -587 433 -1294 919 -437 932 -533 271 -187 546 -886 -994 573 -39 -684 -252 584 90 1225 97 112 -471 -409 170 353 497 290 -55 1212 -144 -667 1123 1090 97 -555 192 -386 -247 38 366 -327 235 289 -1324 1464 -144 361 1179 312 215 353 -448 7 843 829 761 -224 -322 -1394 819 92 -601 -185 949 -417 -251 439 1248 387 626 981 508 -1999 -462 -561 39 896 695 482 339 909 -118 520 39 -136 886 1074 -375 64 304 -200 28 -1285 -417 -866 1240 1767 -1105 -620 882 -763 20 -429 -318 932 -370 -14 -459 1048 -166 1577 157 -1099 -157 -1100 602 510 1739 -1665 -490 -236 -544 -213 580 -847 -1064 -859 -630 -242 -1488 645 -1307 783 -2 145 832 -1091 -413 -40 -1224 964 825 -883 821 136 502 -964 -282 -252 -393 -508 22 -166 802 -401 -105 1340 -550 853 883 35 48 645 1797 1317 -100 -726 410 -375 294 -989 333 231 -1099 -1309 721 271 -737 155 2 263 659 -1571 -654 126 -99 -967 -1197 -753 1147 253 1577 -906 -1363 -197 391 349 -54 45 -289 -147 -345 883 1075 -91 -423 -628 47 -240 550 -1374 154 538 -634 -171 17 850 316 959 -373 2159 652 970 655 -290 954 167 -1167 -1035 -536 -1141 -973 135 -454 -664 -13 673 73 -530 183 191 -626 -23 718 -87 -181 -1199 
833 -329 986 770 -496 628 1325 -727 54 125 330 156 -313 1958 484 -468 339 241 249 -432 126 169 -446 -405 81 -866 1182 534 -678 -213 -306 1030 -607 436 -943 427 -534 -1020 498 -230 575 -877 -61 1175 -535 -904 374 -919 -556 690 1055 400 -169 65 -188 -341 717 90 -134 -287 -248 -143 -544 665 744 -161 -530 -985 456 -387 168 57 342 452 -1720 -7 284 1129 1286 -124 556 -22 -44 498 864 173 451 -646 -494 308 -947 652 -680 -285 724 262 -1387 -68 -718 900 -214 -1218 169 -1656 -495 512 -40 691 817 -199 -1639 630 -254 426 128 -511 1118 -738 577 -626 -1058 -129 -536 -103 -196 -173 -430 1506 -1009 146 -411 584 -678 1229 -457 732 30 940 -857 -862 315 -741 1259 -49 418 -214 -374 -494 -964 641 -278 430 17 541 1546 337 371 125 1106 702 728 -326 870 63 -364 645 318 -742 1136 -388 -715 -386 965 -69 -305 538 -95 -618 537 198 1247 -940 1039 1333 1077 871 193 -36 -218 -1637 361 159 -215 -314 655 -690 1210 -539 -386 -142 240 613 -585 143 -121 -695 -101 -453 1990 275 -946 202 -226 -767 -596 -571 631 -882 295 -1305 95 -388 1245 -319 311 -299 -536 -102 250 1561 959 -818 117 -153 1523 -64 249 1066 930 -1152 -99 1561 54 -1165 287 -139 161 114 217 -536 -1963 -998 -45 -1198 -715 -623 439 -828 508 875 -322 -776 -243 96 691 722 313 -263 -539 565 -410 -45 371 1111 236 1549 417 -107 123 437 809 999 -37 971 398 -1069 181 -221 623 772 -745 1079 -1112 -107 1177 -420 875 -369 679 -1363 669 -119 -1228 -972 634 -596 -1000 -270 -332 -425 487 457 -466 -55 -806 -415 -866 -165 317 1240 1343 -682 356 -1481 231 271 282 475 691 1347 -999 976 1239 833 -95 622 251 -393 376 -283 1368 677 981 -76 -111 171 1784 -1200 53 376 175 -556 771 -437 -590 -250 -314 -431 -484 -549 -1781 -968 925 381 1 -698 -987 6 820 880 1452 -38 -581 145 -1150 -1063 417 147 -928 1540 112 -740 -80 617 754 915 -240 -176 506 324 -265 -286 -381 -306 -648 -612 96 74 -255 365 
-550 468 260 -148 -611 559 -343 401 -3 1370 -1159 1003 -569 -754 233 -81 -331 345 -494 41 -352 489 -405 964 -102 149 -484 11 -1059 555 150 1692 535 937 -131 -260 -262 -165 339 916 -244 26 -71 -1274 -392 843 223 -702 108 -547 -35 -2106 -738 -340 357 -258 143 -1003 23 89 130 549 1477 138 -338 1582 -922 257 929 -410 847 1487 1575 523 -192 197 -800 421 -811 -361 1116 -1592 -176 394 -1027 691 -109 249 300 -14 20 23 436 -225 862 -1234 -418 93 232 -1903 5 866 -1238 90 861 662 28 -1269 -702 -10 1059 1267 53 411 261 -594 657 799 -1948 -986 173 25 1602 415 -174 -453 825 -369 20 -643 726 -105 539 15 1385 179 -138 312 -1198 1054 0 42 358 1212 226 -641 -317 869 957 532 988 -742 -219 -22 117 -133 453 -266 -1663 -273 157 -529 -363 -745 1504 543 1188 18 -376 -228 -523 635 -61 -192 376 739 -1192 -710 -213 258 1085 -152 -85 -386 643 544 -69 -735 344 139 -279 121 -546 899 -675 443 888 229 -463 673 -887 -644 119 -161 -512 587 730 21 -30 408 1496 477 -82 -78 697 -1193 -899 220 556 586 202 -326 433 -1120 293 -676 311 -1207 -261 -1254 456 -807 -171 -261 534 -30 800 76 420 1312 519 -470 -580 -1067 -81 220 -324 108 -976 -339 1251 -357 -1340 544 73 -871 317 -266 -178 110 105 -1 -214 -784 557 -45 1185 401 264 28 -4 29 -397 -205 272 -159 -522 -323 -968 544 52 -1171 1171 -430 -467 786 -274 1531 -453 144 -1466 215 1881 193 -216 -8 -477 1044 -192 -391 -798 595 137 -151 -366 684 763 -596 -381 171 184 -587 -115 603 322 798 -852 -264 -596 556 -376 240 -570 -807 -1228 13 2251 -532 25 -1088 1743 898 797 -581 -793 1045 745 853 -991 -920 -563 -2 -1189 -1131 1 222 362 1075 -289 755 -418 -94 -893 -1744 405 409 -1827 688 -506 670 268 833 -126 428 433 -11 466 -294 850 -617 64 155 -742 -536 289 -899 41 572 150 -492 -223 -256 -595 1250 609 534 -1113 1246 -6 -425 -691 -342 -85 -811 1508 258 385 172 691 -949 
-508 1135 54 611 -453 35 114 767 -313 -1426 -998 -647 164 469 -784 -376 1258 107 13 346 -617 618 67 261 -1455 94 -889 61 93 -266 -329 953 689 -954 -1161 -641 570 -7 -532 305 -14 -1114 709 -1323 295 435 366 -864 -325 -433 868 -360 -493 -130 -1150 -217 445 -151 -580 454 -1135 -383 1495 -430 -788 754 -755 504 2408 147 -312 -358 976 -462 -427 -1224 1202 -705 235 90 -976 -838 1052 -684 -196 391 -283 472 671 695 1254 39 -1056 212 -272 1011 188 -731 -998 -428 -910 -572 -755 158 -254 -397 606 130 520 -851 -405 -984 -312 99 -549 863 -1147 1078 -789 584 322 -220 868 248 -2 52 -72 570 -1780 1035 -1194 -1218 271 -891 835 -674 -1382 2709 706 1080 461 1417 739 557 513 -322 732 5 21 -10 298 -1254 1661 -767 -534 -414 -37 -21 130 -423 953 39 987 52 413 21 -273 311 -6 -22 678 -1222 -259 736 924 -265 -2 -263 1196 -691 -605 -1172 -433 -291 -268 -54 -973 300 841 923 -645 -972 86 -889 1099 178 46 245 94 -1478 -586 64 -255 539 384 1021 368 985 -218 -7 -748 1240 -472 66 -812 142 374 -270 231 234 893 -1214 222 -573 -564 -197 364 -254 -1356 -346 -867 -879 8 -337 -303 -359 -159 -365 -287 606 -629 331 592 394 218 248 529 -547 1053 110 537 569 -668 -182 54 209 -114 -56 -224 703 563 371 642 -526 474 978 -1131 -1181 -230 -947 -321 129 493 -404 460 -381 -98 -799 -355 393 1325 683 -234 358 -233 -325 -202 433 396 429 77 1376 -89 -331 368 -1300 -582 -772 -81 -312 -695 -57 279 -176 370 1716 43 -200 -69 -4 1243 -689 239 -173 778 -259 733 -502 842 -1135 -90 -292 1392 -74 549 398 593 755 333 -300 702 -1217 -243 -836 -144 50 861 650 -340 -985 175 -898 -1279 -167 565 -451 1203 -607 -5 1049 153 1216 290 63 39 582 -344 -1178 1216 892 -417 766 -455 56 -559 -795 -1109 12 -106 335 -668 128 26 -842 -374 505 601 1044 231 7 -304 464 -111 1301 -21 -65 627 -1372 -744 -566 -366 -1054 -642 -215 -60 770 155 1481 -676 -725 
419 1268 584 -617 -36 1364 801 -46 220 -171 -226 -367 808 -1516 -289 504 -513 -1465 866 -1279 -847 1006 801 204 1035 203 464 580 414 -80 -431 -856 -813 -602 89 1179 368 337 301 -13 658 -245 215 -980 1244 407 1045 -858 -725 -200 -174 648 -718 -230 156 237 -627 -520 -310 871 -396 -1158 -107 -229 1011 821 -354 38 979 -515 -1068 -716 226 -1071 -1305 -894 673 927 -326 112 -1287 -983 1100 -117 949 1328 -935 440 106 -681 580 1333 228 96 -275 -1129 79 -488 -349 616 -584 509 797 -602 1724 1299 531 -625 478 -44 -252 305 -616 -46 -199 -793 -1507 52 630 -500 -436 907 573 -825 735 1497 145 967 456 -67 -1809 -540 -153 -318 333 -362 53 573 -896 347 -1 -79 27 1858 704 13 781 -359 250 295 421 312 -739 -64 -629 4 222 65 281 1084 -1173 -353 -63 1331 565 412 -849 456 -1000 -233 -1338 -1413 -620 828 -784 -48 688 -829 -171 -2623 257 -207 -207 -220 277 -1026 -1415 335 -93 -6 -224 -986 24 1117 -433 198 -505 -1369 -497 -241 -114 368 686 -20 -379 -273 1872 152 104 -335 236 783 211 1512 1600 -213 1041 70 285 -153 -462 1494 -1540 -738 256 637 626 -475 -1023 -1747 1286 855 -415 -1634 148 98 288 454 467 -897 675 155 337 -224 160 270 218 572 1597 0 67 -289 663 1983 416 655 -1040 -131 -34 -217 -1008 -140 383 -820 -439 -1544 -1180 833 1034 -437 -701 -450 356 -138 169 -267 -203 -866 491 -1480 296 1597 -91 53 -671 48 369 -286 68 135 -200 103 520 -371 -1425 -1220 -336 -836 -1000 -61 66 -639 1088 238 -519 -583 -295 367 359 131 -206 -426 26 1444 796 1358 -578 -869 757 -10 -170 619 -222 -1014 -263 -779 -946 1386 -308 188 -278 54 91 -400 -195 -1499 -903 491 859 594 161 -1137 599 -838 -517 -1116 -458 714 516 -1204 -207 -481 -138 523 -470 1115 359 -895 326 180 -646 -893 65 860 173 -518 880 53 -264 -1499 -1026 2257 -361 146 -1207 1083 -279 227 160 -236 674 -1133 606 763 203 748 14 -590 376 -294 478 -1007 -572 -501 1522 -1126 -669 -609 132 891 
-1904 284 206 178 539 941 1512 -587 290 171 900 23 -382 -1099 -19 1113 671 -363 56 -857 -297 1389 -1321 223 -682 -550 -583 321 -446 -871 -25 -924 730 850 590 1180 794 -371 -823 538 207 -727 -1032 152 -1012 735 135 247 227 365 178 782 -216 -1369 720 -841 395 643 -301 865 172 -1123 810 -1012 798 225 189 -251 713 -627 589 57 -820 1673 361 -121 507 531 -1041 327 -276 537 1093 -566 -296 -185 347 -1000 -1229 -1372 -96 -1041 -914 1136 -650 259 -321 -807 393 -926 816 400 25 1318 -927 -265 -1061 -422 1803 58 -409 -173 -542 -219 29 113 425 -136 105 840 -356 1527 507 1246 540 714 698 -1028 1777 -252 -1234 -306 55 -193 -99 -734 667 292 -1001 1256 -374 1098 -150 1379 21 183 -1041 1716 -363 -827 513 1112 1202 356 251 -50 41 -1533 1246 -431 1116 1178 909 1557 1832 505 88 -594 385 636 729 -179 -635 78 -383 -424 -1247 -629 983 -798 -1848 24 398 326 -526 879 227 -323 -361 855 -702 -968 1699 116 -512 360 -470 734 -379 -58 279 360 -419 -1591 -402 537 -382 -1270 -458 479 -1630 -1803 39 120 1516 317 731 -64 -695 1322 -877 -1632 146 104 630 925 568 694 749 1161 -1060 331 -8 56 643 -737 -1993 216 -913 -74 1636 281 -172 -187 3 -141 -679 721 171 -627 -461 940 391 -308 231 -373 382 -95 734 -405 -116 399 257 -787 1042 -33 609 304 145 -580 -565 -1751 1368 1295 -73 324 -117 -5 584 -55 108 -654 629 -286 -299 492 -335 -849 -593 856 -139 603 494 644 -271 -834 -322 993 -403 392 254 -897 622 -737 422 1001 389 338 -576 -426 -255 -2470 907 -744 343 242 -3 31 -630 -1919 -52 457 190 -450 -357 -1360 1166 -498 -236 517 -1395 702 -492 -1506 -417 -742 860 128 -577 500 -265 271 -185 744 -129 -922 -314 552 643 -832 1522 -324 -56 450 559 423 -409 -204 977 433 593 -112 460 -147 -715 -425 -1354 -489 -723 -773 -853 -657 -127 115 200 -197 -120 47 -62 174 772 553 376 283 1305 818 570 -240 -33 1081 -404 -83 -68 -899 -572 -90 162 733 1373 389 
1135 -372 -856 313 745 -728 -83 -480 -536 957 897 992 2 305 994 807 -105 161 -299 159 931 1323 239 -620 127 345 -562 -377 1090 820 91 -16 4 277 402 -77 368 -935 -497 -337 469 -108 -1037 2173 82 53 907 -1849 356 -875 199 551 -1072 -1434 117 -194 1004 1729 -67 260 -816 1175 -1427 107 -394 -95 -20 573 -1737 1612 -644 803 204 620 26 -1236 170 243 553 -68 821 6 -694 -930 -131 -311 -988 675 594 -909 135 -347 1157 -145 997 -105 870 -162 152 806 1105 1490 -710 84 -664 -47 558 -373 351 1341 -1048 -309 284 729 -475 541 -1393 -1152 -984 206 1338 781 -269 1252 -145 -1113 43 443 947 -956 266 -1074 1228 1089 -480 -1056 -1101 -259 -1525 37 449 670 -788 -416 -524 1148 -803 -112 515 922 -710 268 821 -274 -23 -1057 607 -628 210 -18 1064 -594 590 1643 294 694 453 -821 485 -350 297 -617 -15 -1591 222 -6 543 696 -1036 654 746 -307 122 -846 -20 849 308 357 547 -1082 1480 -1266 464 -944 -736 -635 561 338 596 -911 327 134 1065 -843 -1539 -765 310 -19 917 -450 1095 552 -673 -1587 -187 -108 -193 -1281 -512 -633 -470 412 1107 994 1404 98 1932 -530 919 964 440 -938 -532 -553 -439 134 -219 -1116 365 -462 -799 -201 -20 -309 183 134 1116 395 -108 1100 -1232 373 1185 223 27 -1070 1595 303 -50 744 -587 -480 56 738 -671 -582 -356 -1006 548 -1358 -690 243 454 365 -364 -1256 690 -772 432 176 -1338 -122 -35 644 1636 -100 -654 1198 844 -436 -1520 574 -476 -702 -218 1321 545 -941 605 -134 -385 -417 587 823 112 -565 832 -916 1461 283 -184 30 -885 29 926 795 163 318 -1203 -51 1055 -582 221 297 1099 187 -176 -705 569 -161 336 31 -724 959 -824 -519 -729 795 -744 225 -319 148 987 -455 652 -1818 68 160 -222 -1601 558 13 1059 -200 -629 606 803 137 -233 -41 472 -608 -705 20 -2043 -297 4 -455 -188 321 -96 942 -146 1063 -311 -374 -24 -1463 -164 890 -1132 238 776 -221 -733 1256 -1210 508 -210 136 290 -254 617 928 698 -310 323 -544 870 339 
-619 818 -50 -255 -2 -689 386 -854 -1405 765 762 -93 -512 -732 -1021 -1322 -427 407 -7 719 908 -253 -546 439 -991 312 -858 1046 293 -517 -470 186 132 -87 359 -307 363 -1372 435 -413 499 -1603 770 705 167 5 171 -803 -270 -1210 -1143 -1355 -434 -97 -871 757 -623 172 1153 500 45 -291 163 -396 -569 538 1134 649 -134 157 446 -1558 -114 826 378 -3 -211 -101 -809 582 -153 -493 34 124 -1214 -196 -222 -807 684 183 -637 -905 -671 961 884 95 509 -317 -1575 785 -148 -972 -695 -202 -364 226 -870 78 -2 -573 568 805 -191 -733 813 668 -557 -1314 521 771 -321 -452 157 1017 -1150 354 -706 37 -218 -211 -467 -723 1166 -869 -144 155 -1239 870 -317 -295 251 134 -9 1214 -683 337 -795 -623 295 -107 -283 149 1013 467 -312 224 -567 450 1295 452 695 -1650 1307 -100 1336 369 288 408 857 102 -172 -1423 432 1060 305 -255 -814 411 -156 -448 562 44 -693 632 215 790 1033 -1294 65 -889 530 -876 1302 402 490 -466 -205 721 -42 224 624 1973 266 1235 -685 -1861 288 691 -280 411 -919 376 80 -276 260 -866 -257 81 374 495 -387 -703 605 -433 -62 -235 218 -266 -589 99 -548 1030 -445 -275 251 79 658 1069 70 898 -371 -103 728 -22 -57 -458 562 1308 449 283 -699 478 -525 -249 -1259 410 -75 -991 -502 27 -474 -179 187 -534 -650 1013 -1436 1165 190 -487 -1432 1117 1125 350 901 397 484 871 220 221 187 820 1138 -894 345 579 764 -742 153 327 404 1001 -888 -661 376 -1350 189 -816 -385 -513 981 560 -851 745 59 -311 687 -451 -103 -171 978 353 -440 939 -1647 -80 1074 -368 1076 967 -259 273 700 624 351 -651 -408 -1158 -984 924 -10 -503 -228 753 -4 922 12 658 -729 1186 391 -94 -245 354 150 -943 -701 -815 277 -386 211 -183 -359 1234 1163 970 515 94 -277 -776 -467 571 338 602 290 -831 167 -1106 466 234 -430 97 -476 469 -506 119 660 -287 -1138 136 187 733 83 831 -311 -68 -758 308 -249 359 771 -1146 -431 123 112 81 280 -817 1724 293 
1751 -187 -4 -519 88 268 652 844 517 1218 146 1224 133 -304 -141 -632 1294 1051 585 -641 351 -458 -340 2128 -606 -49 -546 -186 -513 720 49 1657 -1109 1091 730 13 -445 1159 -337 226 200 -1623 49 283 -184 -845 1405 -648 -926 -474 -621 -668 1143 586 -616 446 641 -390 -655 -558 328 -1158 -239 537 119 1375 -958 -504 -1354 300 646 142 1527 -717 -495 -785 714 -607 -740 -485 947 -595 761 -372 -2 -1109 747 727 -628 -849 941 20 -173 -195 -343 -692 799 -297 -184 -94 805 -24 -125 -20 463 -1031 168 -1831 76 1026 -12 -92 392 496 807 -151 -750 -690 281 868 525 646 -724 -317 -384 986 416 346 -790 -879 -247 1228 252 878 -349 71 418 -611 1923 160 -721 -129 524 -274 -40 830 -838 69 818 224 -485 201 -228 583 -554 1066 -963 1016 -630 -817 -944 -143 -433 -1537 -554 -225 -605 -208 -520 -292 -518 416 129 1386 -827 -851 -518 1048 -225 194 669 -141 482 334 -1358 -379 35 911 280 429 1286 -644 -315 840 108 -1572 109 182 858 -358 -92 -621 859 -872 550 45 239 1359 172 -19 713 472 -182 334 -638 -1599 -837 487 770 456 377 -240 -435 213 -506 -2225 62 32 -1082 492 -1095 -123 36 -312 -371 38 224 989 239 -557 -91 430 -297 807 506 419 -82 -1093 566 44 721 -919 -273 -65 -636 -137 73 -478 165 -208 177 82 627 819 -474 -877 -294 -189 731 -193 -387 24 409 -36 1401 959 -340 154 -60 -736 -526 -76 126 -665 -293 362 213 -6 -141 -494 -96 2164 1165 1502 898 -277 904 -402 1366 -1167 -907 -471 743 -124 -213 -425 669 -1046 959 1734 -784 2057 -1157 -739 -252 -62 -621 -112 -352 190 142 909 151 32 -16 -473 -1537 -79 211 -6 203 963 -930 -72 631 -987 -680 355 563 -85 -1 806 1136 -122 112 315 -684 -1168 -314 -287 -653 -136 -377 968 714 1268 477 312 -90 -991 544 -679 -13 106 569 -457 654 1773 1000 604 866 698 -41 300 203 -621 -805 -176 -46 -898 -25 789 -65 946 -79 -60 -324 146 -589 1007 354 -735 920 413 -661 108 475 -978 783 158 
-468 -67 784 -3 532 169 -824 -1791 -806 -1126 726 -167 -68 -567 187 -744 -377 430 234 817 1108 -365 799 -108 -496 824 396 1173 387 -508 321 250 16 -1115 206 -403 399 -562 -1324 567 -1626 -1071 983 -1027 -686 621 997 109 2496 725 -1074 287 -123 -254 -550 760 463 11 1022 429 347 -1343 203 -462 1045 351 -332 15 -24 28 572 -164 295 -130 59 168 385 -733 1088 116 -938 -740 -1203 1296 -332 254 583 -409 -314 -586 -192 -401 48 143 755 -878 673 445 -855 748 521 -742 -105 -517 -58 -539 -625 119 -6 303 27 460 -4 1495 -781 955 -112 -1980 71 617 -205 709 -429 -171 76 821 649 -973 164 174 462 -786 -435 387 -16 392 -106 -915 -65 -445 74 281 137 323 565 -616 -497 -106 -19 437 -623 111 115 -398 147 1423 203 445 787 -1091 80 206 368 -1325 -577 -653 -543 146 819 -910 34 -272 420 -179 104 10 228 -658 -646 181 613 -597 -277 670 891 -574 446 -296 470 -187 -450 -300 -325 -152 789 87 -632 235 -408 1069 337 -222 -1620 791 309 -1103 -270 -479 161 643 97 602 334 41 953 -148 516 -84 -272 -38 496 606 -188 753 67 2448 -19 1560 -130 -600 249 -286 -680 -287 88 153 430 -1323 -495 -626 1143 472 -1137 -202 -106 646 -633 -921 -1570 -381 -11 216 -936 -165 -708 1650 -558 -896 -929 611 -404 71 -688 591 -62 -1467 79 -167 39 -95 547 -228 -123 83 9 -601 10 -297 784 -246 1095 -175 -154 601 398 809 651 -747 -28 131 1364 -78 61 -232 141 -384 224 23 -33 2520 0 1099 777 381 -774 645 -294 509 694 -322 -1441 -1123 377 288 1218 -778 685 138 75 -1035 -2448 -227 185 645 -492 -1032 -278 1130 -1308 -552 -1836 -545 319 -1548 55 -769 24 24 207 1399 740 619 123 126 -2052 373 -120 -435 -692 -228 -251 28 1043 445 385 226 1117 415 -656 305 111 -636 -1483 -480 656 996 66 -609 47 -213 -397 -298 390 24 -579 753 1086 -438 -192 -630 -448 -118 1216 -822 5 -18 77 183 1222 -241 -295 -501 58 -95 -247 125 58 410 716 -185 
-1340 -128 -514 -500 544 995 968 -669 -443 -822 1344 182 744 267 -804 -32 376 592 266 -42 -673 -1691 1257 -3141 989 -708 -153 1408 206 -135 255 -1018 1545 863 -593 335 -235 -650 -956 119 -290 75 165 -756 18 -194 -773 -23 -747 917 960 1595 961 518 -149 340 504 351 -51 963 128 968 247 -148 -191 -1362 -1479 -603 -514 778 -1111 134 -331 -202 -681 762 -316 -82 -847 1015 806 685 -340 25 -376 -1199 -521 923 521 388 -1439 -369 402 13 589 1270 792 643 429 961 1128 -51 -644 307 -2107 -898 345 -68 1394 -1006 -954 -288 -416 659 195 1280 -226 -1369 -270 -100 -408 -210 -30 126 -1020 1175 166 -483 -1072 -674 -744 -344 -442 222 -250 817 47 -28 -441 722 533 781 -1375 118 -1028 32 -821 343 -323 695 -49 -480 -114 -812 -1464 -416 701 -1147 2 -933 -836 -807 1280 972 1111 106 419 -565 -984 -267 167 -513 169 -431 -1447 478 -829 -1237 650 -424 -825 668 288 -627 903 536 568 -177 -224 -218 642 1245 -39 -925 749 -79 -278 46 1210 184 -397 51 -324 -427 1653 -713 1651 -856 438 -1047 -402 63 565 928 -466 -90 -1111 -834 728 -1504 422 -124 -600 -234 -6 16 511 -763 351 -687 -45 492 536 1103 1061 336 -185 1131 -644 574 391 486 71 -1052 -38 -907 -469 -1068 -106 1102 -76 283 -386 -862 1120 -68 -135 697 -1374 -606 813 628 -460 1085 -348 -1163 -227 -1216 80 -1410 797 114 199 533 -194 225 944 1101 -480 183 1485 1289 -1192 -190 -239 1764 196 -338 -1021 670 413 -599 271 1767 553 1349 665 552 -502 -174 -883 1651 -903 341 1390 -311 -244 992 1311 488 -121 -1184 520 -286 854 -610 489 -70 -610 46 936 -695 -542 116 733 327 601 -661 1593 -390 -492 88 952 38 -1187 -317 319 -763 -569 -604 425 -523 58 -1213 4 1307 732 77 446 -1150 -2017 1589 327 732 242 -23 18 791 2 1070 -276 600 983 395 -421 861 -863 320 -1398 827 1062 -1361 194 -270 -257 -28 -36 -337 -284 255 -752 -286 -2171 -464 -137 1242 -761 -1715 1009 -82 1751 -1779 337 -1055 111 1346 139 -146 -1340 -224 
-776 296 -345 350 585 179 649 567 -12 240 101 -148 -811 -784 -332 -858 -411 70 715 -272 1212 -811 448 -1093 -444 324 452 1196 174 653 -724 533 -321 -637 131 299 -356 332 -212 30 -832 -438 276 609 1465 443 -657 -453 120 -511 -732 600 159 699 -587 62 688 -148 -722 286 -615 -361 501 -76 -273 241 -198 -822 1120 -316 62 1992 -503 -505 454 -359 -1018 -161 -653 -1129 -428 -746 -642 1184 339 822 -489 610 -590 164 198 29 1889 842 190 -1121 271 -97 -1405 -336 42 -207 679 843 377 -141 54 -912 -802 -306 -317 -700 872 -66 553 -223 4 -1050 -72 -186 -610 -263 -1185 -1241 -750 -260 -25 1078 1032 686 -23 -271 -470 -304 -236 786 -142 84 -605 -1104 1009 609 983 -237 412 -94 -178 -459 271 1136 -244 -267 -494 438 808 2 1832 162 -494 -176 1070 -749 69 -659 -384 44 742 -10 215 -590 1422 709 1263 712 -132 -391 153 -487 -73 -279 1900 688 -183 412 815 771 -173 -190 488 1090 234 -1146 626 -591 295 -443 -418 176 -155 -88 1931 299 1427 -507 -148 411 -277 644 -995 -1743 -238 -350 -1540 864 -64 -1002 -85 1296 1064 -825 565 1417 -44 -107 -1142 -62 -149 196 739 -1197 -825 -378 -572 163 1666 166 700 -498 -203 -1218 -448 495 1322 -936 -353 565 262 202 836 -737 -169 588 59 -615 953 506 99 717 -814 -66 -658 1640 47 496 -111 437 160 -210 -1112 619 -708 100 -164 856 290 -463 290 -415 -506 -1568 -112 -658 936 -128 628 -57 -1008 -257 588 -638 136 693 -287 -40 536 -150 -718 -652 768 620 196 -1079 350 -23 -542 -1391 -1605 367 392 -418 -53 368 -1697 -433 -440 -81 -683 -777 -51 -2 162 202 77 -2176 -57 -48 -1140 1337 -842 -911 419 -163 822 544 -107 693 -128 533 -1478 268 1408 792 -49 1638 -229 195 -354 614 -642 20 557 -104 921 551 -1036 357 -70 562 568 -151 657 -753 -1054 777 602 -210 -712 -298 340 576 -900 847 323 803 -333 1177 81 -870 -457 626 904 -564 283 -1044 66 -1039 -578 413 408 -33 -433 133 458 -646 -598 294 -593 -131 467 979 
-51 226 150 -91 -624 209 330 667 28 1194 433 111 -602 937 97 29 -121 -360 304 1184 -846 837 -288 1290 -276 402 64 1793 368 -197 436 -637 -346 1738 299 5 22 -184 1487 898 -614 -268 -458 606 -264 -211 -262 821 -483 561 -422 -52 818 582 1327 128 -183 299 -182 116 1060 -421 -217 551 -1185 -1070 -248 288 427 -331 281 62 -543 27 -384 571 -275 725 -514 1752 -339 78 -1336 -1260 -78 367 -111 -315 -1355 -301 -351 1116 822 374 345 -472 148 -242 643 -200 1000 1001 -399 -655 252 49 844 195 -104 126 -130 1852 -1128 18 -1126 -699 408 266 -694 -698 -786 -6 -1177 1028 141 78 579 -514 85 -458 393 -1291 -695 791 99 -282 1256 -945 -745 -105 -668 125 248 -825 942 -398 466 1606 60 -145 -1411 -63 825 128 -169 -725 -138 345 227 252 -345 84 317 829 -963 -332 355 -711 -497 -177 464 -644 1226 -942 20 738 -1410 697 -43 921 -134 -719 -690 -404 -653 -941 -874 -538 172 -632 -1219 -369 175 -79 -285 -1057 1270 405 -2112 -769 269 487 457 169 -526 897 -190 323 -582 937 1222 318 -19 -642 -273 -668 -784 -1081 -503 -669 229 141 736 -258 -388 -703 154 96 -1080 -149 -263 527 -640 509 1074 325 518 943 -165 41 -815 183 473 -445 133 -346 -466 620 256 -221 692 -360 -971 -232 508 -1218 63 -1627 1053 -554 -307 -405 -487 128 -123 80 152 571 179 -283 -1004 -305 40 -296 880 -71 -199 385 -376 -441 176 -575 -226 -25 -330 129 -477 110 -336 262 -1164 369 -187 -646 606 137 1163 1444 679 857 -1635 238 251 528 93 -286 -648 -365 1576 -1126 -547 -435 1335 -131 232 58 -471 -558 199 537 -353 1624 -1343 434 -1180 709 835 68 -698 260 -739 580 888 -93 128 -39 1527 -61 224 -498 1392 568 -778 812 -1331 602 1371 -509 181 743 870 -1764 -31 -309 -434 743 -499 193 -315 386 80 219 285 516 -415 2162 -3 -712 760 -971 -346 -1341 -454 -772 1732 -839 285 714 399 1083 -131 -373 -332 100 -715 179 -9 -823 536 167 697 -303 588 -286 634 -1268 -1399 999 708 17 
1241 567 456 -65 -122 -893 1331 42 -393 1015 -29 366 67 -228 -846 -1027 256 444 -234 -514 -1179 869 645 -533 58 363 -306 -262 164 128 -893 -408 -528 607 509 1417 408 529 -555 706 740 -449 423 -733 -39 -57 1110 -633 -1194 109 96 470 1638 492 -813 -232 730 -1015 -1018 531 -1089 -860 141 -173 -496 -1518 -167 803 1242 135 364 -23 -877 -621 -669 506 948 -185 -252 87 -203 -894 -188 87 -351 1111 -977 -1089 -510 630 440 -844 -25 -287 -160 -141 203 618 568 -200 -291 915 -148 442 1240 139 1223 -842 -676 907 -64 246 1087 -51 216 944 -13 -149 -1046 648 926 201 -1212 -606 854 366 -1737 -142 506 -172 45 385 -32 -944 -354 744 -297 1059 14 -31 819 133 -546 566 149 1740 -452 -61 -317 106 719 707 -135 253 276 -279 -314 445 -88 14 -170 705 191 313 -857 -748 -453 -1196 -798 676 526 -1377 23 -366 693 809 16 96 -311 -640 -663 -1732 -1140 -787 -419 975 317 -414 -32 642 -135 968 -719 -970 -565 663 846 -255 403 -544 395 372 1028 76 -973 -227 -257 -724 -527 212 -1125 553 1056 -854 603 628 -403 -1194 47 37 -247 778 437 1074 424 -98 78 96 -219 299 67 -185 -225 -1002 228 -488 -1094 -21 132 441 -1154 14 1119 -833 539 -866 572 380 748 -522 -1134 662 -578 -194 1021 -206 405 -1053 395 -777 87 -312 356 -149 -428 -385 671 77 419 528 -231 668 -374 316 -278 6 -835 -636 907 -173 -48 -719 -66 -429 384 37 569 1364 1325 -1311 1219 -332 739 1374 317 201 10 191 865 -292 -2050 -712 -247 -218 1111 -626 1529 233 143 -15 -494 -2 -1122 314 -735 2545 -228 -766 172 -691 387 260 365 1261 523 -14 -1017 -1025 -318 -941 -795 -184 219 596 1069 -1352 452 -1316 1590 945 -1385 852 459 -409 643 -226 349 559 258 133 1038 -813 792 137 -882 734 428 603 -10 -202 262 -752 300 -395 -1413 579 576 898 -766 232 -255 1152 2151 -229 697 335 276 -23 -1281 -1480 359 -177 -888 601 -253 2 -217 154 328 -301 -637 -29 -511 -822 150 -1522 44 -111 57 -1438 
159 -1709 399 -269 1110 545 720 -414 602 -351 -441 -190 -19 665 849 814 -2563 17 -326 559 1289 -270 -437 906 -1013 -62 -922 -7 126 86 1110 -552 695 280 -401 -466 -96 9 637 266 -156 690 -607 -1191 -978 -1068 -272 -106 861 426 -561 584 -754 89 1441 -85 1004 -656 -788 679 438 337 121 -304 91 -96 -586 -698 -939 -191 -654 324 683 -149 62 -968 -515 310 233 -233 1269 -1497 -1132 -935 -1250 -214 210 -1076 -561 -50 101 -1113 120 -101 -498 356 -807 96 -208 1213 230 790 1001 -10 -77 -53 -1291 -469 -105 -362 -1114 -792 594 385 341 -306 -325 168 -546 -313 -560 132 -191 -638 295 672 -803 96 147 -240 -745 838 -791 -294 927 654 -37 320 -322 -1102 -518 -1057 -1142 1223 695 1060 1407 -420 -1607 -440 425 -100 706 -533 -56 -530 -38 214 1075 -995 -1054 -70 -103 -260 -569 -73 907 -272 538 127 -411 564 834 1823 -993 -402 0 -1012 -664 84 1175 -596 1328 -564 -275 -13 -34 -217 219 -219 818 815 -239 610 -286 469 -427 -38 114 -318 290 959 608 -1097 -80 -102 -665 1094 472 -857 -412 -1629 1133 -561 -335 611 -1727 -732 528 251 125 -1042 1015 109 -10 269 -31 43 -158 -86 1579 -18 -759 -859 -1722 486 622 229 -67 -342 -431 -1123 77 -430 756 142 -219 565 -461 889 434 174 129 520 294 257 72 -147 -1379 82 -52 -139 166 214 995 255 361 1539 -762 -708 -283 1045 -457 -1085 443 1427 646 -528 542 708 -362 1009 774 -59 -349 15 650 214 1025 910 -989 -337 713 1556 302 383 -967 95 755 -238 667 1058 -325 -148 422 -1069 166 68 401 69 273 524 283 1104 -347 262 -1042 1089 773 253 457 -196 739 197 782 -251 -254 -135 -985 57 -193 450 79 -670 363 -382 1034 -366 -963 278 514 184 -105 -531 -253 443 -1362 56 5 652 548 -475 72 -825 -1253 256 -1345 1886 -273 177 -424 146 -453 520 -559 -275 199 717 -465 772 916 775 -1277 -333 732 364 -1233 -1537 519 -38 -86 1093 335 171 -378 97 -1265 292 1021 -855 61 -143 -926 -226 -1170 395 -743 -312 1349 -59 
-339 1015 394 634 -1536 -179 -1007 -1264 -1089 -320 -288 120 -246 568 -1290 -1021 -891 50 -193 378 -1191 99 683 422 313 1477 -1243 369 -1262 38 -179 -688 566 363 -450 23 -484 -477 602 1407 399 -1199 -569 1077 312 701 -793 1761 -506 284 394 -547 -408 108 -111 362 177 697 482 915 415 41 585 215 557 1450 540 -313 -592 -799 636 -335 -102 316 -475 -218 -286 -500 339 628 269 45 236 -1049 -390 604 651 -305 -681 -1084 491 585 -178 337 150 395 -1056 -362 -409 365 -282 -1593 1259 207 -228 727 -875 961 -525 -394 375 -571 132 439 -216 -609 159 1909 448 1463 -491 -549 16 1623 413 1035 -939 556 -89 258 -311 778 -906 -585 942 -357 899 -113 -731 529 -59 321 1761 992 -703 773 -189 -589 -833 590 -860 371 162 1677 179 -452 31 -1297 1087 928 -1157 517 240 1236 388 -789 -842 -430 -640 933 575 -477 -571 356 946 -1160 -677 475 -483 -903 -110 845 1332 -1659 -1297 -1319 -94 -537 439 -180 -1052 -484 -233 23 930 250 -663 -339 -495 38 -533 1995 -378 709 245 599 -705 -702 -1610 359 697 981 957 469 1894 181 -843 -844 -137 709 823 -596 1411 271 -612 604 -557 -243 -687 1148 669 -99 -532 -228 159 481 658 -962 -1645 811 -802 -304 -1180 -678 34 471 494 295 769 518 -517 -1159 428 -77 -400 288 -158 101 91 25 -1221 -638 183 -1012 275 -586 -1100 268 -943 683 -392 1173 -609 -234 967 -396 1068 243 -813 -596 -37 -541 -1387 875 -595 1077 1330 -453 -374 661 -636 -598 540 -485 928 -1904 990 -272 -694 194 397 920 1148 -584 194 429 -661 -633 -537 -800 -142 -58 -104 1218 -324 -506 -266 -1580 921 574 -583 852 1005 485 -97 -597 128 689 558 316 166 -378 -543 1262 -370 561 -664 514 174 261 1184 -736 -486 682 150 -544 9 -691 85 528 -226 -1245 -445 783 245 380 188 -253 -530 453 53 63 787 -411 709 -317 759 731 321 1043 909 540 -358 671 499 -1059 531 671 -559 -300 -125 -482 414 749 -826 -618 498 140 -1470 -484 -186 270 -826 884 152 -151 -325 -134 -396 -470 
-864 276 -1580 617 664 1513 661 -757 -1588 363 110 -379 522 1394 -1037 -428 283 225 -1109 -309 660 726 94 308 -962 -1215 135 975 -519 51 -1866 -152 -209 -221 143 -870 461 -446 -945 -637 1619 755 363 -620 -206 -963 412 146 381 827 367 920 -490 -248 556 245 791 607 -452 -275 739 637 -650 -2276 -413 656 -1258 -1099 467 465 276 -800 1698 -150 1425 785 461 -960 -541 -658 641 -697 446 -291 215 1068 472 -490 -187 -724 677 -336 -93 -1063 760 -426 95 1851 -663 -39 -441 -282 -68 -287 -445 -941 -28 -663 714 89 788 -824 -251 -816 514 -107 660 -327 -781 -687 263 -416 -1201 29 -916 -246 527 -487 109 876 1157 97 -90 -1024 -551 250 -92 156 203 -681 1787 140 445 -286 -207 -321 288 927 556 202 963 373 119 712 -500 468 -680 -374 -1159 -914 1066 -271 334 -1518 -329 271 -31 -204 -1173 550 -58 299 -195 393 -445 -404 -1263 -693 348 -353 1063 94 290 -235 -922 274 -804 996 1573 -162 375 -100 -320 248 -1384 -501 405 -274 499 493 1233 431 180 -176 313 11 614 2365 494 -799 -810 834 -21 -540 -223 734 599 132 385 -406 339 -46 -566 720 1443 -371 257 -670 469 513 303 -938 -645 -108 -805 191 -466 252 -30 156 396 526 531 -772 421 73 -750 -694 -456 795 322 -4 168 -265 1118 -489 1836 776 1160 -571 -615 -906 -125 -1216 -679 558 912 228 -1088 450 -591 421 -771 -192 -1441 -832 276 173 -835 1441 -279 1450 -180 282 -466 373 548 -235 -647 -374 -80 646 -1808 -707 496 -901 269 -37 -464 1012 1541 -1509 633 -1536 -1479 238 1138 -380 -955 458 709 491 -406 772 870 190 962 376 368 -224 410 -817 1077 170 -564 1125 599 74 162 -324 518 557 -151 -494 523 -15 -721 449 -511 -563 -730 334 809 525 -984 -302 -836 480 -328 548 -503 -4 920 -675 -649 662 -492 225 1512 -260 -248 -1153 155 -182 -169 905 669 230 -603 -902 -196 -1320 -664 942 -1029 704 -432 539 503 1549 -406 377 457 699 126 -671 -118 1089 -886 1109 -1149 -1239 -1319 155 393 -116 1268 -474 96 527 
-2232 301 -101 1033 -450 -503 -1326 45 1547 -363 -445 -778 575 1243 755 871 -414 -637 939 -647 -646 -12 716 1217 352 -322 388 559 -436 654 1249 1138 712 283 469 -881 -460 296 360 -142 -616 831 -798 -1467 323 195 -824 -361 379 -175 -940 1015 107 -952 915 -1213 -1577 -825 119 -291 -21 -336 -1123 -248 188 90 144 290 -89 15 129 262 870 14 183 -565 -469 -111 523 -105 -224 374 1689 -166 1259 659 -660 -323 -213 -504 620 -623 465 519 -951 1187 -270 1148 -1927 570 -569 1370 -277 300 232 254 1238 631 -219 577 -357 -245 545 602 -4 121 -577 -568 -261 1104 -1162 789 -1076 -83 60 308 -575 -356 -161 488 143 799 -858 235 -256 -1590 -708 -1101 -3 -779 541 -339 479 1213 578 1489 537 -781 -308 -91 356 -692 78 -1438 566 -292 39 847 1353 -537 -529 225 1445 333 -1532 904 -1040 1035 115 -749 106 -326 977 -22 298 -1347 515 708 -297 -669 -118 244 -627 -354 -370 -1030 -883 -33 -1207 723 1136 -370 -296 719 810 1353 -1533 -264 -64 514 248 428 210 819 99 -830 -496 -325 436 -749 -578 483 857 -1067 649 835 -506 -608 -876 320 -250 -30 -12 77 -342 579 -898 1077 -1399 -130 -385 -186 -701 -181 1 -30 -1277 -802 -379 353 32 -487 -430 337 -1525 1044 1289 -1759 1188 -752 138 -1572 826 -312 -262 336 160 118 -933 979 -1131 403 752 994 -600 521 25 -902 -1162 -1120 -493 548 -651 -785 1462 1279 -5 166 -1351 128 -791 -16 -1178 724 -813 95 890 38 -676 846 1467 884 490 -1811 -571 -741 -1002 162 1085 -390 -291 907 -43 841 -44 -1676 131 439 630 842 634 963 532 -62 1130 43 -874 -482 -1149 -443 -127 -495 -455 722 654 65 -325 -640 30 522 -34 2103 277 -367 937 -381 -870 -1016 -666 1336 -308 870 -206 -491 -541 418 -901 165 142 339 167 397 964 237 -379 -43 467 638 -180 1266 617 -471 -66 616 2113 -572 1029 1595 969 -701 -255 205 179 922 -769 356 -1515 1049 681 -908 1140 -840 -80 1378 -315 26 304 -78 -411 -111 -572 -614 341 563 -902 -857 300 800 561 848 
1146 -59 -158 31 -68 -628 -1093 306 884 219 318 181 -361 171 362 -556 -365 500 -949 35 168 -429 -504 -504 52 -509 -303 239 -1150 -617 -93 -243 1361 -133 -448 -2262 -1287 467 632 -1101 1104 687 -508 -82 -1582 330 405 287 -537 -704 -285 1316 -82 681 -764 -429 363 214 -825 459 136 534 -462 1324 -1378 284 -507 -817 721 -1215 -309 1779 400 169 -424 103 -631 -2343 -665 387 -194 845 -1245 637 -4 -757 -178 -824 -1481 1999 1139 -227 174 979 -545 -111 114 28 96 -874 233 176 1462 -1578 1186 86 1191 713 530 786 -601 -580 -823 -818 1204 -881 906 -714 860 1158 -385 506 -1398 356 61 107 -311 662 -1427 788 882 629 -2229 116 829 -149 906 -190 438 190 262 -1557 -192 -609 -537 392 -319 -411 -931 304 -691 1444 -357 138 201 385 -172 600 1526 171 695 -162 380 1709 -223 994 920 1862 -128 276 -1274 -37 303 -505 476 -1360 518 -915 -234 1574 -895 248 -142 381 473 177 526 -1697 63 152 316 292 -1717 133 923 -852 -268 -861 -705 -850 -338 -967 617 -880 282 -275 93 -271 -537 239 -110 -328 -2160 -1726 -22 -189 -625 -916 -722 -1442 -1140 935 -323 -108 -889 630 669 -845 167 -696 266 491 -1272 -395 -1142 706 -136 144 1222 -490 -347 -1437 560 -207 1083 -324 786 -712 -737 -1091 186 -809 -495 1114 751 -81 -1264 1213 684 641 -81 -206 -989 -311 -289 -723 964 177 -507 1050 678 1409 -753 624 161 -1109 -1070 1168 694 -434 -1001 849 -1307 -445 273 -803 340 1199 936 1703 92 221 -407 54 -502 430 -419 1195 355 249 -550 197 -337 -457 8 -534 -753 841 -719 522 -472 150 -849 131 -788 -103 -1575 697 589 -180 497 -379 -1514 339 14 272 -362 -89 1771 766 922 -652 -189 -411 736 694 -483 570 1084 -28 -529 -199 39 -469 -372 -320 450 -1309 -309 -443 -63 -2105 -1050 -142 308 -619 637 -838 -302 -136 652 -898 -226 753 370 -737 -323 274 -152 -1038 -348 -826 759 452 -351 4 -804 -159 1969 106 623 -775 100 -726 1692 1426 -373 -625 -1063 12 0 1211 -162 1157 1484 -420 -718 526 -680 -246 
-405 -902 32 -19 1018 377 315 -870 -76 -1682 258 315 544 -793 -817 -295 167 1025 110 274 -654 112 1264 -281 1479 -966 -408 -682 166 -592 34 941 313 -635 373 -2 -1036 313 707 -103 -47 -892 1077 -767 570 -1206 486 -995 252 612 -241 549 1602 -446 -140 1036 201 -608 -1390 -378 518 870 342 725 737 800 -653 -134 -1512 148 -108 374 -497 52 -609 -256 664 1052 -943 -527 -1189 -29 -97 646 -187 -341 -877 -667 -564 -245 -434 396 -1317 -1141 -172 536 -265 -191 -897 1420 -1001 89 162 351 -64 -517 409 195 -25 1005 -162 -219 1156 381 -552 -1882 916 -1111 70 -330 -423 -22 -788 -120 -169 -990 -547 35 391 -391 355 -57 1173 1362 -33 -604 -1032 -953 80 -893 -1591 97 531 -383 1262 -1087 74 884 -219 1470 783 1271 305 1012 -671 -1006 912 178 -391 -278 -159 387 -331 936 1270 145 -721 582 320 -1462 -412 -454 116 -645 679 1030 -228 430 -43 -426 1336 1271 1025 1218 -62 427 178 761 409 -911 -176 504 1585 140 298 -19 -141 -65 76 505 -118 809 -474 217 1317 -592 -88 636 162 -61 -125 591 311 -50 999 -1166 1616 1344 452 -1076 226 -274 -1036 405 -157 1542 -1029 -363 -1273 -726 285 806 335 -663 146 831 601 892 542 -1094 -423 1422 776 -1223 -1593 -99 68 175 202 36 -35 347 935 1259 452 89 419 -480 1403 617 360 -1132 819 703 278 735 704 42 -184 198 883 -1388 -89 612 544 -1 -537 150 43 95 -2078 518 -962 379 1470 941 233 633 -891 855 1126 577 -479 1271 -216 -973 332 1327 1195 -767 -496 904 805 185 -1489 -553 399 -183 1685 1558 283 1547 -419 261 -18 632 1121 47 -745 -318 -652 -781 -1528 -379 -388 289 510 -1268 1706 470 -225 525 -284 877 578 -416 150 -878 -158 575 -697 487 1568 778 162 -388 230 -1017 220 -381 -490 160 555 -48 -26 -720 -299 -1008 108 899 685 602 -676 571 405 -191 -29 -919 936 429 94 177 -1312 1251 -831 -934 279 -1004 -515 -1071 -394 101 -1290 -356 -351 55 -619 -215 -516 747 -1390 -631 110 -341 -1248 -1456 -457 -291 86 -141 
-701 858 538 -814 782 -1 528 -4 -649 -495 -47 -387 -574 -359 -239 -426 901 484 123 -535 312 515 1062 -113 -1802 -344 -146 115 1601 108 603 -1299 736 325 134 -461 573 1025 -439 -716 1425 -548 710 -827 492 812 -933 637 -864 -801 -360 -515 187 65 -672 134 1062 501 775 162 -251 -117 1443 -597 -742 427 672 279 -241 -423 -218 -1107 677 905 -994 752 1059 -165 3 -1223 843 96 -468 -218 -360 525 -38 561 -89 332 -33 -719 608 -372 -314 584 -308 520 -462 -1153 -873 -339 758 662 -79 1086 -733 -1384 1674 32 -175 261 133 -443 -419 143 -610 1389 -1339 -298 416 1285 71 624 -886 1629 614 481 458 450 -1454 -1189 33 -183 1396 953 -495 80 -392 1058 -5 198 -206 220 -751 -1155 736 135 -1605 -124 12 76 6 -650 -21 -568 -280 -1666 -982 607 113 -811 -1182 142 1503 93 -615 -468 153 -663 -454 -551 -20 275 261 -1166 -396 542 689 -845 -178 290 -534 -282 -274 1014 199 1551 696 1308 -969 -913 299 -1269 -127 -1057 951 -319 127 190 -1052 -726 1013 108 -783 86 620 -1445 1074 431 48 682 -29 561 1028 -905 -483 1024 1046 -38 1718 -386 55 -547 1096 679 -131 235 -146 159 -108 695 -610 844 -281 -1161 546 363 -949 823 60 1309 -517 426 949 -1192 965 -1217 -855 -475 -287 1539 -37 602 973 -12 724 639 246 89 -1051 167 534 79 41 324 -495 1820 1276 -931 -308 523 696 -293 696 2242 -1072 69 -181 1153 536 73 -576 -59 -126 36 -231 1162 -734 745 -527 537 1700 965 -905 -33 265 -468 167 -40 -202 -35 205 -561 -425 -254 813 -228 -265 387 1206 -451 -908 469 -46 1001 296 347 -807 250 -1134 325 -848 -148 264 -1148 -498 184 300 -985 279 -297 -757 58 578 58 -334 436 -487 1009 978 2167 -326 132 -913 -489 -465 843 195 -526 208 677 1133 -86 -24 -340 -741 754 -8 540 242 1537 1314 685 -149 587 235 -584 -199 163 796 1182 621 -1608 -223 -829 751 -485 68 -403 66 -15 -920 73 -610 96 152 -568 1432 -172 107 -292 -244 -408 -980 1480 -853 -254 919 -899 
-1116 1216 32 -1123 1026 -50 -739 651 63 891 -55 149 -1023 -19 355 78 84 211 -503 -42 565 712 689 -246 218 -384 1668 -1352 -45 843 952 -111 118 477 1104 -1602 1180 931 350 -301 -592 -79 443 670 207 2341 993 889 -274 1489 -1205 153 -1281 -1378 -1580 152 -307 1670 -902 164 -418 -1463 -896 109 -1617 974 447 -28 -67 75 -222 -1302 -76 -734 35 1055 -162 -742 1490 602 -499 1029 1 -502 863 740 -570 349 -1168 586 937 -983 916 -704 -972 -41 969 -919 -718 -1430 -1214 -1167 -215 -385 800 223 -898 657 969 -130 247 -1097 586 -698 -646 1111 69 201 -143 -298 -488 1394 569 182 -555 769 -1695 1240 1248 -344 627 -596 -786 1651 -19 -242 -334 1195 -441 55 139 1302 -324 -297 760 77 487 1016 860 -1002 -351 -1695 585 588 -507 -1076 -437 -100 296 -144 -1444 69 -566 30 817 -250 -518 1260 444 288 -164 7 508 -195 469 -135 -1535 -267 -607 859 1089 -1336 -304 -334 -203 -261 755 612 -70 930 1047 62 226 28 675 -541 -789 458 78 -573 -78 -579 -240 -1408 -146 867 -377 -19 187 1292 -986 -664 401 -49 269 824 -79 -798 -471 201 -610 356 293 -255 948 92 205 135 321 -603 -1 -834 76 -252 -1098 16 1642 -965 223 -985 671 -385 -563 608 -393 1027 -500 -793 -601 268 -491 -860 153 -702 -1566 552 -664 -467 296 -1076 767 -1434 29 -117 717 594 -107 -298 4 -56 -496 933 -423 -541 -604 158 -778 -1151 -53 1323 -465 266 289 -245 857 -54 -1362 -633 -967 -176 113 844 -625 331 150 -602 -53 869 -518 -83 755 -431 -889 -436 389 -210 1269 5 132 354 -719 -24 -1772 -663 51 -623 -36 293 608 -453 140 834 877 -77 1987 -1273 459 1728 -1251 84 -391 1 -567 -969 824 -876 -449 172 -324 -344 -113 -293 1575 -776 -179 -808 -635 -481 209 -89 -30 -607 507 38 237 -1412 425 -408 285 -789 -1012 -966 362 -23 -891 -1090 -1359 -665 -8 -838 -904 -406 420 -1162 -742 688 179 -56 783 1559 -891 1659 921 142 -421 -88 126 456 408 -177 120 -80 427 -589 -660 1728 713 1383 1537 645 
-359 -138 -1751 445 -184 1546 303 -476 -1659 -362 -184 480 -510 130 -360 -30 265 668 172 984 794 57 -759 990 -735 -759 470 504 -242 553 -994 135 203 731 -287 1101 416 20 -846 437 154 -637 -248 -260 1296 -520 904 1297 114 191 190 -458 -882 -265 755 573 54 847 244 651 777 342 -528 -389 -349 -801 -226 388 259 1408 -166 2048 472 -161 706 -9 98 -97 -531 728 -488 -59 140 -17 -888 176 1608 157 228 385 -390 -444 -215 66 -326 -1043 24 1241 829 -555 192 1211 285 -1050 -1135 829 413 1520 -480 -12 16 -556 24 -42 -354 197 270 -1137 -1096 123 807 424 891 561 512 665 229 505 10 1459 -701 941 -424 -1214 -23 1828 324 -709 4 -25 251 -472 365 -383 418 -666 208 1252 1170 -146 790 -37 705 412 220 -172 137 -1074 -5 -370 169 931 120 1014 -205 -143 2308 -1471 296 -97 605 677 303 -398 458 -553 -993 -932 -1078 -217 -761 -610 -963 500 197 -177 101 -1977 -527 -887 -1494 1045 348 162 694 -260 1186 423 -202 289 -1917 704 914 228 595 -360 549 -258 749 229 877 -421 -675 602 -614 -851 -408 189 620 -1112 1211 -953 354 94 695 11 608 -75 569 -176 0 -1010 983 -1421 962 -463 -821 948 1308 524 -1150 -76 190 -365 81 -632 279 1824 -4 -136 1176 -131 492 808 253 488 -140 -94 1582 252 192 500 -1448 98 462 -125 122 1107 -556 -501 -813 -256 303 866 838 -687 -100 145 -417 824 -385 -189 959 -161 9 -5 -471 -792 -819 636 -1355 306 -265 279 552 -151 430 581 707 417 352 -857 -833 854 -2082 1070 -262 301 548 -921 1225 470 2106 -869 -256 815 -1132 -79 344 1381 -191 -453 -233 592 -378 -665 313 -405 981 -980 152 -464 -634 386 -402 101 597 808 -116 -139 -139 841 -1080 -1306 -89 608 -223 -174 -1391 1419 -209 -157 -595 -129 82 1705 -432 216 185 -624 -1478 381 -398 -494 -1579 -727 -948 -209 -25 -617 -1337 -1103 562 -14 -431 178 -569 -1457 -1072 -766 -449 -1191 -430 -564 833 456 339 -313 1112 137 98 757 -275 625 192 505 -148 106 208 1029 
-703 63 562 -124 -264 1003 -126 -42 -366 -1120 -759 734 454 -1116 1055 -547 449 -243 -427 121 -231 321 774 -851 -873 557 1339 677 -974 167 -285 -42 563 -188 368 -172 -844 1267 -846 983 -474 879 859 -489 821 1327 -496 -89 118 -447 1528 103 1232 238 -1480 -87 219 -499 344 -215 -5 -567 -846 -1333 -252 740 231 -684 -126 -121 323 585 208 181 1399 -746 1303 380 539 -464 -62 253 759 -1260 523 147 -754 296 -242 -339 712 403 239 -353 -451 -221 -786 -518 1098 17 -588 -188 -869 851 -947 -433 493 378 -1141 1188 237 264 827 219 -349 1317 324 248 -339 12 -72 0 -352 737 987 423 -38 -194 -503 1225 -368 1171 -272 0 -125 -2101 -305 -266 -1167 1182 672 81 -431 -1492 -662 -1237 767 57 -82 608 115 -1016 -179 -916 461 85 -897 -1219 -690 -91 465 175 298 -512 114 -288 165 455 1252 351 232 1017 -240 435 -55 -1061 955 -1035 -390 66 -527 -1183 354 277 194 -532 -1095 954 -437 655 -216 -473 409 1133 213 -809 55 -349 539 -320 -632 -1078 -510 121 199 -22 -982 -1811 221 514 395 -115 455 1677 -666 946 221 1498 -472 -849 -11 280 -144 -550 -194 -1060 510 736 -267 304 895 -856 -484 675 1239 -31 664 -55 318 -352 -958 -148 -209 771 354 479 180 255 -498 -1082 -117 -114 12 195 488 170 -498 -1888 -1141 -85 -276 1082 133 -1087 -161 242 471 398 229 716 -520 660 -1157 575 1756 -534 1234 -158 -1031 376 760 416 1224 29 338 703 426 280 -729 -411 630 -669 279 -349 -406 923 1806 -112 695 -55 999 -986 -571 -378 573 -739 474 -1092 621 -947 -698 211 -396 -348 383 -366 17 157 1171 818 -327 -965 507 654 -527 -285 1163 445 201 -13 -18 198 -427 -395 1525 -983 314 974 -442 688 200 -706 72 -284 165 101 -535 707 -997 -500 464 82 -226 1651 -58 -725 -795 -590 1667 482 -26 -219 -6 -1648 1438 -656 415 515 -268 -761 354 -78 -22 -19 351 458 -162 -6 -1519 -85 -413 -17 -10 918 356 -311 -453 73 -94 -236 1282 -539 1320 -1177 883 1228 350 581 -1229 -1099 
-953 -1280 -1492 -250 447 -746 549 -491 -300 186 -171 1264 -150 673 290 -1847 1207 -202 -1118 -1015 201 747 -98 -59 -114 -1118 -251 510 270 -356 -683 1237 233 1182 -146 290 785 -685 107 113 -1737 -305 1351 -549 -865 703 -1576 -819 -428 -1217 1117 188 1712 617 -459 -478 478 590 -777 -506 -101 358 -1095 -160 -322 -286 653 -41 641 -252 -667 1018 699 -351 1317 -515 284 -382 10 687 138 486 422 996 -410 314 -239 860 -737 786 -656 -679 1239 4 300 135 -218 -1156 -355 -357 -171 27 245 720 -882 1489 378 698 -259 -83 -431 565 -184 -387 1585 537 59 -173 -858 -258 -750 -311 -1860 -250 7 -553 -245 123 -195 -638 -1011 -1116 632 -735 70 128 -672 -124 -1653 80 519 1483 671 -171 47 552 -539 -1540 -1588 -605 323 204 -173 -616 -1341 2136 1053 814 -147 -954 1065 -128 -634 -357 -902 -431 1162 -873 -176 41 356 450 -248 923 803 -1564 -118 -444 -1227 32 -843 -723 -711 -905 355 1780 -77 -733 1256 -1275 319 -357 359 367 186 -47 -288 870 -381 -570 268 158 -1339 567 -488 424 308 -1023 -636 114 -1155 31 -132 -484 -1528 6 337 163 -960 -327 -622 772 534 -106 -147 439 90 414 209 245 -192 714 -350 365 1123 -769 168 822 -924 142 -7 219 420 -958 382 1436 -243 372 209 819 -739 1272 -1362 -293 -39 -282 158 88 -152 -428 740 -572 397 -411 -1485 -614 402 -1028 -177 190 131 522 539 332 302 31 1078 1698 448 177 146 -665 325 725 -137 1112 -75 -755 -532 -857 366 32 -1085 -1280 87 230 -188 -451 178 1146 -745 134 -611 -184 -364 667 -937 -23 80 -580 -42 -830 905 -150 235 179 1295 712 376 627 -1100 -1566 -747 613 -978 15 -52 -234 -239 325 -353 -806 112 398 -364 -263 155 -354 609 283 261 302 719 190 1296 845 -969 -1414 1152 -463 -275 162 261 -656 128 -16 -391 -49 22 617 355 25 -133 -172 -101 439 918 636 589 1475 1191 -1522 -889 1051 593 356 63 -1282 -75 1004 -414 2361 -539 1331 -890 -1234 -465 -336 -124 140 166 -256 898 440 -404 47 601 -1746 273 -574 
-438 -441 563 645 -216 -133 1132 -276 -164 -1103 -459 -116 186 265 -291 208 -1385 -908 485 -446 -40 456 -914 -316 -556 -574 -162 650 678 -648 -85 -34 740 -836 -217 -508 560 271 73 982 -986 -120 772 792 238 217 533 -455 -244 983 -450 287 380 -1208 190 -729 -564 375 107 898 58 103 153 -289 437 302 -1176 -311 -56 -191 -727 505 3 1079 1205 -880 640 -751 -612 1013 -344 -1110 584 53 930 -1254 82 -1094 550 509 -783 1051 931 300 -22 947 1009 -94 -460 -701 -407 68 231 518 -848 389 -71 -385 288 -693 -1147 -199 -549 1264 548 -30 246 -807 -580 108 -1047 529 1045 1031 -457 790 936 -1635 -353 -413 -690 274 -731 -1611 -333 -436 852 215 -1046 1073 -9 654 -1368 117 1024 425 1058 1066 -651 212 351 -701 2480 2196 284 149 -614 -472 -1030 -372 -767 439 -248 -208 811 -136 -225 -587 1020 446 973 1382 -244 -256 837 643 -71 -353 75 -440 939 -418 673 469 36 1946 -113 -775 640 588 1060 352 -1124 -338 197 1029 -348 165 -1080 -479 -24 -173 -32 -201 489 1270 28 -33 668 -1105 896 415 715 646 585 -587 1205 252 2032 -914 1241 -124 305 -3 -191 59 -1237 368 1406 553 185 -963 -116 -538 1038 -294 460 943 -1002 492 278 -10 -145 -556 659 -505 -191 1440 17 -270 267 396 604 -482 171 921 -121 987 480 -294 -608 534 168 23 523 -954 -1049 630 350 -578 875 -452 240 2054 -54 312 44 -935 -470 16 3 -172 917 56 83 -261 -279 161 -1402 -540 367 1205 33 590 -93 -499 145 -91 -31 -223 1159 374 694 -83 -1306 -678 -243 -66 1182 -169 1051 -1136 258 -541 -1511 439 -2130 -596 -1562 -277 148 900 -2 59 1325 -246 1223 151 -56 426 277 -484 -468 -220 15 686 133 1223 578 206 874 1031 578 342 173 -674 869 -247 140 379 914 633 379 396 1303 338 -1152 115 1376 632 -33 255 -1195 534 327 -57 261 -289 179 857 1202 1002 559 2 895 175 760 141 597 11 -78 538 398 155 169 907 911 260 -990 19 339 -790 662 -1659 267 718 1086 723 -233 -192 
-778 664 -752 -922 -284 -290 871 302 699 -611 -917 -225 1573 1148 323 -1607 -298 -124 1264 -233 -1977 -714 -596 518 -1047 -538 230 -261 -383 177 -476 842 51 -641 -323 1194 602 -115 -807 -291 21 563 134 1196 -340 424 -583 186 -397 577 96 149 -78 -432 -349 -826 -392 -1418 -8 -999 -289 -185 -124 148 -431 141 837 -158 2085 513 994 -532 -59 458 913 -787 612 263 -609 24 -1487 -332 64 462 -25 35 -56 864 -89 121 -1349 293 1997 -436 -1241 -515 -353 -594 720 495 110 270 205 634 1042 759 -447 1104 1504 1262 106 1608 176 102 292 -50 123 592 -1192 -841 -1291 -1167 -1552 -490 533 105 -383 57 148 -67 -885 -107 -1477 31 -1428 -1133 -208 -107 -122 -192 984 112 1019 -104 -617 299 257 -747 2349 -950 -677 -82 59 -930 760 883 -814 -300 -485 -569 -278 360 -165 -1012 1518 -952 -879 611 264 233 -556 -20 -1491 208 1645 14 -796 181 1082 37 -465 -382 -95 -13 -764 -942 -875 883 1196 -846 -164 -182 -406 401 -855 481 -444 511 1380 -342 2116 -240 -377 -940 130 146 545 -222 -390 -425 -57 -206 -182 715 200 -298 -217 -294 821 698 528 1725 -508 -1108 1417 240 -1227 12 773 1325 810 -806 237 1080 -346 412 -30 638 -219 1307 8 -1491 1 327 182 350 -1494 -554 21 -93 -1277 -362 -369 170 -1369 106 1133 -417 -308 -1025 -1921 -564 -337 99 157 -278 -1113 -127 -137 -329 -401 300 1398 860 -108 571 -815 -279 -310 501 683 -596 -835 -504 -1245 707 -530 936 208 1300 -161 -1827 -344 -978 69 499 417 -758 -387 -1171 670 271 -177 -728 965 -361 39 614 -403 -1049 347 -893 553 -1005 -642 728 539 -610 620 887 533 681 530 544 -640 799 127 -561 272 401 707 -288 107 400 -513 -833 6 -815 916 240 961 162 496 346 301 701 436 -82 94 -298 521 367 1965 217 -978 817 1228 -587 -706 236 282 -385 -701 164 134 -147 560 171 -404 -1154 1117 1287 -342 66 561 276 -211 255 1061 -440 124 -13 -1225 1377 -370 1077 682 784 400 -524 -979 1190 126 402 415 -321 508 -775 169 -517 
-9 -285 493 44 -391 -671 152 -446 -1370 -274 -749 -28 1371 1048 -581 -878 576 -412 -953 1191 213 -40 -415 56 -626 -341 -1660 -171 106 -25 -381 1301 650 531 1084 -394 391 996 -459 -515 -605 -1697 -556 562 -867 300 152 610 -543 -767 289 -240 152 -506 -818 -201 -360 208 -382 13 175 -1393 -972 -731 190 -1248 -238 -435 243 -184 1033 30 -557 410 61 -102 -503 153 432 1048 -1459 -201 -78 -441 232 -495 -593 186 222 1076 -986 469 -751 72 -114 -299 -185 -1019 -275 -142 180 170 -1099 959 560 1055 266 179 639 761 -837 614 1194 1027 -770 737 -128 -1262 -1656 -231 887 -100 -50 -401 -110 -926 12 -341 676 -228 1090 246 40 399 -673 244 836 -995 -768 -623 -1192 26 -195 646 -470 -557 963 -415 367 368 14 206 451 452 -1202 754 -108 155 -617 -298 -706 -813 257 -254 121 944 1231 190 -176 -1230 -217 -147 -1000 -1449 643 -38 -1356 -914 799 147 -518 -286 620 -235 -307 98 -148 -260 -45 227 610 311 -158 820 -1157 111 1403 -1792 476 -1234 -1022 -716 -768 518 893 -199 788 978 86 -490 -27 1923 -676 -565 -36 -41 -85 149 -84 679 -564 377 -71 33 -337 -429 -230 252 -25 754 -797 -590 -968 438 92 -467 622 -696 31 -186 -135 616 -1010 1657 -1589 650 -717 200 337 -1312 1077 -65 -822 -643 -981 -170 -1114 634 141 657 455 16 -1277 281 1295 -355 1116 -150 803 -276 -243 344 541 -857 -610 -836 -1075 54 -267 -380 -567 -302 -1191 419 564 537 -192 560 -1620 -2019 841 1334 -227 411 74 -835 695 -753 -726 914 -914 -1064 657 -1249 -929 -374 302 -156 -1038 158 10 236 26 482 -80 -418 -765 364 -19 683 -982 1898 -357 -610 509 987 730 -774 -1356 -1062 1192 1301 89 815 -267 298 -45 662 -99 -580 849 216 740 221 835 -123 694 665 -70 -1489 -796 -313 691 437 810 -99 -312 -595 768 -965 -164 -869 -1156 -421 266 278 -430 -285 -559 1169 947 427 -1123 -98 -382 -682 106 -1570 -163 32 514 -131 788 -25 -923 -999 1379 -116 -269 -847 -440 -302 1405 972 103 95 -1073 712 -287 773 
-648 152 -637 -444 -784 108 -766 -3 1338 1339 884 881 874 -545 509 -1147 -357 948 635 -387 892 -25 946 130 -96 -140 -408 865 589 832 1287 783 936 166 -62 194 -100 43 193 -382 225 -17 -1000 139 -446 364 219 -499 -760 170 -448 -653 490 766 642 -740 -1556 -808 1253 -271 85 1286 -159 -476 372 -800 448 734 -529 -979 566 1126 364 992 70 -256 -53 834 -1111 761 -546 -1327 169 -32 -508 -798 -784 -765 186 -129 -593 -129 -124 -918 224 -282 16 -709 308 -643 -1060 49 -106 148 -529 1501 483 -968 858 200 140 586 777 -27 262 -854 -371 -425 533 993 1726 412 1179 -1211 891 -89 -433 268 -1387 566 130 -540 655 187 -506 -504 293 -256 761 199 -254 -387 103 284 -325 -1603 -87 -784 708 -775 -827 770 -422 -237 8 980 -599 1029 420 1020 1724 -135 -521 -282 -1206 -226 97 -396 -576 289 120 -744 -1507 1616 921 662 1100 -70 1446 -301 -1198 -820 -578 -631 -254 -275 -567 487 -317 158 -1064 -224 -1477 -1431 -618 312 792 -47 -193 491 1423 953 -1615 209 -477 -9 1367 -544 -15 -654 -494 1554 1358 228 -573 -941 -107 -109 -1851 92 218 -1022 -266 -208 357 -483 1212 -1933 -824 -17 -900 441 -1327 573 -518 -973 857 -792 -237 -428 981 108 -1108 889 -686 -384 -559 -863 1020 746 -810 -110 165 129 1261 -824 149 -256 116 878 -658 -565 -123 -155 -1306 440 -683 -26 -51 739 785 743 -305 -1120 467 577 -799 772 -270 -325 508 1728 -77 386 -203 585 73 1174 -96 -729 1643 -352 1616 -860 -1180 -994 401 -514 -360 -472 -417 1037 249 -175 -341 1003 -148 -18 424 -1181 -836 824 846 189 434 -861 630 -255 -53 -777 802 294 865 451 -428 850 -643 -938 -255 -227 -961 -778 15 439 -1987 233 -1259 -628 -169 -1081 -151 -551 -212 -1433 111 -15 82 -1217 678 405 85 900 -215 2048 -43 623 31 243 -646 1580 515 401 37 313 -710 1006 -836 -424 -45 360 -1604 1811 46 -939 34 -974 -522 425 841 -1062 -1188 -1025 1152 481 277 510 -230 -284 -114 -59 -132 527 -765 -450 454 -767 -183 -1089 385 77 
1256 739 -1485 208 -555 -818 1529 4 -292 612 -551 824 -143 852 -715 -1014 -169 -32 89 206 732 1209 398 -396 1783 31 -402 255 -668 -362 -893 559 -264 655 -1051 145 -396 -1558 -301 297 590 520 -1060 578 -23 243 -455 -351 -1386 -750 -259 -65 -684 570 738 450 -672 51 158 1056 -688 -248 -453 803 1857 -105 806 7 -402 -58 400 609 -268 852 -804 473 -276 35 -1362 -487 -58 601 373 9 -633 -13 -780 41 649 -625 1032 1676 -733 -125 71 -370 -317 -1184 -807 779 1109 -161 46 936 218 -27 280 497 -356 -485 859 31 -26 -449 -132 -1008 128 -145 103 -1312 738 1093 -1392 -1509 1028 -978 -129 254 667 -373 -685 2061 -197 662 843 -200 277 252 61 -98 -794 -65 21 1290 -332 -1377 -407 -59 -245 -1146 -793 845 -1752 -706 -1218 127 -530 -686 930 360 925 -513 433 315 -193 -1113 -239 -131 1069 -380 -251 170 -1442 -245 -548 -1072 979 -447 -287 -149 -45 -1661 -868 -515 852 -667 1127 -9 -1116 -721 127 -465 424 204 -577 111 19 -464 -158 -437 49 -534 1003 1404 118 -549 459 -1249 -1335 1003 -204 529 -465 -1315 598 242 -122 203 4 46 -336 -592 -532 -367 14 -578 1703 -305 747 -372 145 876 -396 568 -114 262 -97 270 -308 -194 -439 -1469 -242 -1112 438 8 1099 -357 447 -454 -641 -74 -860 -678 172 12 -556 552 -43 -677 -520 -117 1503 -1214 -756 -924 964 -1459 -722 469 -419 -159 -665 -897 -526 -157 1650 -538 -299 -1626 -625 -268 -312 -613 932 -499 -12 688 -397 -1497 716 135 3 892 50 -730 -503 418 1814 -262 -461 74 178 228 282 -1267 1388 -208 -797 -120 -1139 48 513 305 484 601 -1917 -2010 -586 124 44 -704 -62 736 754 1095 -34 342 -339 361 456 -645 -422 847 -843 451 677 -1428 902 -247 -346 -625 1408 464 -324 -699 -116 -873 970 -71 357 -564 -2057 -174 281 -1184 833 -196 550 -1568 -773 105 -170 -100 -1129 -260 -216 193 -699 -153 -349 -207 -582 342 1138 308 235 -810 -21 -312 -7 617 -935 837 755 -164 873 -17 -212 102 210 592 -1278 -211 594 -376 433 -984 -1992 432 
422 -64 -722 106 -139 -1192 -41 -25 -565 -929 1202 -2061 -675 -670 478 209 -1084 -131 877 807 742 -698 1131 -54 420 24 400 -699 235 -72 -355 1265 -238 42 392 -1103 -746 398 555 -1611 182 59 205 -2214 586 -914 -1071 -1405 184 216 -669 1325 111 580 592 -1322 -520 -858 -1197 -255 58 855 1438 886 -511 671 335 927 -606 735 -1869 740 381 -876 427 766 -1610 -628 -570 -294 -264 355 990 520 -945 -408 -594 369 215 -954 -723 -408 -548 49 1279 52 -558 -47 -350 746 506 32 -1068 -86 1068 -1615 -190 -910 331 -768 1507 -357 488 171 -1369 1014 -475 -9 649 132 -492 -908 1139 -1490 234 556 -266 -186 448 -274 419 -1016 -1259 37 -5 159 -453 -496 1743 -1259 177 -497 446 -214 1630 521 -248 -821 -843 260 195 917 -987 425 1541 -31 928 1757 344 -101 702 509 -881 60 -489 113 -652 -108 1206 669 -842 -1609 1459 -589 -304 -347 -308 812 -1061 255 -559 142 -733 653 428 -1151 409 -725 -93 464 348 -490 -627 55 -898 80 -1017 -176 -1169 544 -29 961 -1253 565 1357 -790 -1319 1209 -1244 567 -206 -499 716 -343 443 4 -1073 -681 588 154 547 1775 -1020 258 203 154 -1163 1434 -766 -699 -382 -604 -334 406 436 212 136 1157 821 2 1435 -125 420 -651 -1021 -464 844 152 -849 -536 -197 -35 151 -222 1638 835 -1433 1187 1811 371 -137 -127 -584 -801 -1753 1228 1006 370 1029 -377 301 -2072 327 -451 -1939 -1437 -475 -588 -233 -660 -141 -298 -307 -1135 820 -1169 147 -132 330 -235 -297 -270 603 -919 66 -296 -1109 -587 883 749 319 -426 415 -279 1293 -754 370 -593 744 549 98 1008 263 1006 651 -451 -239 67 -468 -145 848 -170 -1389 -1596 -50 -617 1068 459 502 879 -501 -558 162 -76 1113 -94 687 1254 -220 -638 -74 -344 -177 -310 -561 871 -609 -13 -294 1008 588 -331 327 -380 -35 120 46 -878 1137 -1450 666 894 236 -188 114 1070 295 -1247 1267 696 772 -62 332 -1489 1177 963 -1205 -219 -412 -528 -197 -1192 19 -1197 -983 -497 -505 -697 1018 -588 982 1187 -1054 -743 -125 579 483 -120 -349 175 
226 563 467 134 -1060 668 928 -638 -452 -1308 62 -659 1249 232 -422 -749 713 -313 -410 -263 -415 58 -1222 -383 -588 431 -1192 782 -1050 1135 -645 -1155 -618 -809 1354 719 -256 -1283 -172 -10 356 426 259 303 617 -862 289 -267 584 339 -1035 65 800 -602 1128 -1228 89 -451 329 175 518 -753 463 806 -1015 561 665 336 149 -712 68 822 660 704 -391 -1418 673 1415 -616 -194 599 503 -1181 -331 -1022 543 -44 -41 1739 137 -221 1468 -344 -394 228 -1120 412 264 -76 -768 -7 868 -233 9 1659 -1191 948 96 212 -84 1423 498 -1234 627 -389 179 -773 1181 -299 -793 -1206 -31 275 -843 -67 -229 2418 -422 -403 283 -158 -147 81 -209 -40 948 -879 1038 -99 -418 -456 -263 100 -211 -276 -3 -791 -880 -12 580 -547 -338 1027 -863 -5 -217 81 -1109 -661 1796 -215 438 -931 803 -53 -1248 -129 29 -152 754 -932 -285 -3 247 326 519 -9 655 488 -960 -588 631 588 -758 -9 205 -967 384 -729 827 -1188 -136 509 -29 -1126 325 784 108 838 -403 1430 -321 289 -507 282 986 739 1029 706 683 -322 -477 -939 -280 -1341 -1785 -156 -80 127 129 719 -898 -988 -37 -169 69 -37 -1240 385 -289 330 268 -841 -1000 -102 196 -979 -603 326 -301 -788 1976 292 66 -1112 -1558 -875 -1478 26 -2272 952 817 -742 926 250 -120 838 -1261 50 47 266 7 9 -1279 -255 640 -43 1741 -474 54 535 214 619 895 402 528 -720 641 503 -875 58 -650 -1066 154 164 -162 -778 -874 812 227 313 1432 1412 -190 -107 562 -541 117 1802 -524 -772 142 327 1443 -623 -15 50 301 82 456 634 -2 440 613 1000 -311 85 -930 599 -434 -1211 1156 -679 955 662 289 -288 691 876 -6 -368 -131 817 -1031 372 355 1047 228 -2066 329 231 989 -315 457 -273 726 112 440 498 94 -761 1163 681 -667 -244 -184 -987 -545 -232 -624 576 714 -228 10 178 515 740 111 -533 373 -12 328 -136 307 293 -305 141 81 -51 -262 1250 -40 -596 447 670 562 -505 -743 583 -31 -309 -59 -1443 364 -624 -1729 -812 67 324 834 
-75 -149 -547 172 -1100 1598 -732 979 720 -65 536 180 -2081 343 -333 -662 1632 760 -1220 -574 408 -127 985 -240 875 -571 742 -684 261 43 -455 -520 315 -269 835 -772 504 -223 742 733 1410 12 -366 142 695 -673 -3 1714 -299 -1020 -359 -375 -88 616 145 838 -132 44 313 -154 -141 442 426 -71 647 936 450 1210 -754 -284 -224 683 -944 -1338 947 -81 352 174 258 -66 665 1074 -657 763 -402 668 -378 428 278 -719 348 -516 401 479 736 -278 -67 737 -278 39 215 -711 915 708 -503 -1322 -715 -1763 207 621 1289 -45 -105 -398 537 794 722 1170 -36 -53 864 185 674 -46 -983 -399 853 -202 -1096 969 171 -1219 -726 1023 -688 707 335 896 1300 206 -805 1140 -105 -749 -304 961 601 626 319 281 -539 -548 111 288 -333 -1514 -733 -1209 -1305 -141 253 396 -899 -1147 1164 -332 615 -26 -735 397 901 -978 1622 125 84 103 922 103 -173 1372 -487 463 -224 -682 250 -824 198 482 36 48 -302 -1118 286 743 -906 -1022 -129 -581 214 1449 354 -667 225 -24 -127 399 266 -384 -369 350 1083 106 902 978 362 -872 514 630 692 1187 -197 -561 1025 327 -163 599 924 731 12 -865 -576 36 744 -372 -416 -102 307 1279 562 112 1135 451 43 -443 -265 132 1345 -145 -922 -582 175 367 211 -452 -533 -182 755 -613 -861 932 604 -195 -565 -309 -453 303 -509 1297 251 751 750 -534 -254 547 386 -229 919 -1274 -845 -326 406 -489 593 -67 -470 -101 -151 -357 532 -613 -709 -996 763 -978 -164 -389 1226 431 -766 1102 285 -13 122 125 -112 -464 1159 -114 -823 -432 -2266 246 -671 -922 261 -357 1317 -542 1098 296 -204 1852 -84 -544 -573 -704 1338 -153 1429 -415 -379 -979 -94 -930 296 563 -411 1382 1437 30 -844 488 355 -184 42 388 113 -742 476 -455 505 70 -9 -1507 475 860 -281 -1134 -1046 -1209 -680 1 -357 1001 -774 -788 539 2002 -594 -237 -442 -279 597 -1133 849 -338 606 1364 490 276 -1187 -805 1526 368 -227 98 582 490 -608 -587 395 -615 -361 -1268 119 1030 -851 990 512 13 
17 995 -128 -561 -223 807 -137 31 175 -183 970 -811 -646 408 1300 -513 -176 458 663 530 -2321 -182 -63 794 128 1157 842 1067 -479 -670 626 -1036 -722 -540 83 956 615 12 -220 513 -691 -409 805 357 976 -1256 -156 -1309 -352 1397 44 109 911 986 59 182 936 559 33 -702 -507 -541 609 -693 -605 235 -1237 599 828 1161 1292 1089 -962 932 1280 496 845 439 -917 116 308 -831 314 -553 -607 -78 655 -2766 -10 363 -706 -87 -599 -603 97 180 -71 -426 -670 -568 215 1008 307 795 324 -1075 259 250 1150 -577 -76 133 217 215 -559 1015 391 -643 902 -734 273 -656 -722 79 303 -114 781 659 372 260 -1073 -1107 -158 -358 524 -864 -76 149 -110 -1735 561 -437 -1690 -1 -257 1448 478 -264 215 -276 1186 -996 1392 58 -806 584 -331 -574 -270 156 357 1321 71 698 1261 -315 -666 -1354 -875 -79 672 -1269 -734 488 -259 681 -111 -646 897 -640 433 972 558 -1449 -651 58 472 227 -590 -995 46 367 290 43 -311 805 -643 -280 801 1096 791 719 565 -30 503 104 95 324 -41 -964 -685 -1351 247 -809 867 708 201 -563 -348 46 1442 -318 741 1285 -438 142 -159 -686 55 -482 -261 -573 -447 1293 -139 375 572 639 -1115 470 31 -88 1429 458 947 -774 149 18 723 747 -748 923 -243 -156 1 635 981 -1222 88 1144 -1754 -1021 -28 -1025 -732 -761 75 -910 -1613 -351 149 396 -272 790 -721 -320 -605 -1283 350 -889 432 345 672 1683 -869 391 -195 103 187 228 -134 209 -22 215 1007 -1054 -339 -1448 -27 179 -72 -393 -342 -1056 1434 -615 -1432 481 822 -327 598 -328 1112 431 -584 1037 -575 440 -1278 -455 656 -18 -392 -793 47 299 317 -30 258 120 408 1041 410 148 502 75 -1000 -979 926 -266 383 -337 -1695 -942 497 1070 -705 -695 1058 -470 530 -799 1226 -399 -579 -360 -157 -1178 -49 -458 714 332 -295 -681 -22 -1218 -131 486 -886 1103 729 546 -704 27 -424 357 -580 -90 214 465 338 -639 -110 102 -523 789 1648 -474 -432 -113 1271 -953 -1226 -305 -1424 -409 169 7 -742 -655 
-191 -1111 936 -499 -811 1227 -1257 486 656 -577 -724 559 935 -311 662 -112 -137 -312 -172 -124 -482 161 -653 1784 773 -321 -289 -6 -520 -149 461 -83 -327 -339 -578 870 -5 1326 745 1408 118 -516 -416 -863 -386 -1622 502 1328 -956 -819 -554 109 1767 67 -1067 -552 9 -349 -126 -13 -203 296 -367 343 -121 102 -873 -639 347 540 1579 -141 -63 414 62 -260 1319 -505 1000 -846 -729 -64 -472 -110 -693 -89 -176 -1466 -395 -275 394 -1011 -904 497 -1418 539 -98 46 -764 153 -1486 1258 359 1388 230 1154 263 1735 -254 151 -380 -588 503 183 968 -713 134 -597 -1076 -857 5 475 426 448 -1401 -45 -675 -258 222 327 193 135 320 -112 1327 -583 -575 415 651 1216 344 -337 -679 -533 -684 262 -1478 162 -1166 320 280 554 -718 99 1053 -542 -1543 1526 -335 -1121 -71 167 95 -1102 -630 67 337 172 -355 1373 -233 -268 -874 908 -584 -162 457 87 -674 820 -1066 -618 -605 174 -64 -360 -532 280 -285 191 107 -564 -149 838 180 -771 -416 -597 -94 -115 -283 674 867 -580 -884 624 -374 21 211 498 487 -541 -596 195 -769 -1106 -550 585 351 -565 16 742 693 -1288 -374 246 768 1368 -467 -91 -4 -825 -873 -246 -120 392 84 44 958 -680 -398 -628 477 1031 -378 -317 583 -372 503 -1129 247 211 273 -14 -1432 -233 -1079 -96 -47 284 -435 174 -224 -861 121 -1033 449 533 338 -78 -693 1232 -475 -1407 1390 1117 1201 1018 136 -638 -724 -688 269 1355 -604 -485 -1071 1111 609 -16 502 42 490 -290 -25 -166 -861 -540 680 -30 76 -954 -1290 164 -1445 129 -63 -727 -815 997 904 276 -112 -507 295 276 -77 -413 -504 479 -415 277 521 234 -422 659 507 286 -368 186 159 -39 1225 192 -137 746 122 40 -214 -77 -927 669 770 -416 -360 1110 7 706 -517 -85 -32 91 842 1101 -1122 -1060 85 358 -1302 1008 823 58 -755 88 759 -307 993 1593 -473 954 8 -555 -744 778 1199 -275 -397 -969 -593 -217 508 -424 -941 -229 1245 466 -4 -761 23 204 -578 177 -99 -47 -1634 155 806 -576 -624 -602 
64 -107 -878 -441 943 446 1074 -244 -463 -784 -256 415 843 -113 -783 -707 -1060 682 31 730 883 -806 1497 -1570 148 167 46 835 469 520 1327 -195 497 748 1477 -641 -849 -913 165 333 1132 -651 249 -16 -474 421 -1149 1036 -830 579 593 206 -360 448 1379 -1199 -535 369 -396 1190 -174 4 1000 192 275 -491 292 -397 105 -878 -186 466 746 -714 -635 378 -248 -144 -246 265 1088 -106 167 -332 -623 130 -1191 -757 544 -401 -500 155 588 17 189 1025 678 -7 -1506 -161 -303 150 9 -414 -172 -96 -531 104 35 8 -435 -989 -1756 -661 738 -40 -1311 1027 397 -232 -1112 464 -452 -298 -132 -513 335 -1705 18 81 1726 -114 111 274 717 -379 -379 -629 100 187 573 -282 -1224 253 704 1247 468 -175 -1490 -203 299 72 -443 1086 297 -849 -513 1058 193 -532 -598 7 -555 -864 149 -752 723 1605 -742 685 -434 -755 396 205 -926 -170 -682 -648 -664 1024 363 785 88 175 309 57 -305 -779 210 474 276 -144 -9 568 -19 -253 -485 205 1132 -191 808 1402 -108 648 -141 689 152 -205 308 436 -32 647 -323 -310 -765 118 -909 246 177 -475 3 -251 1234 40 199 998 -873 997 51 -111 -408 1079 -1064 -1460 -1294 752 -601 -949 -17 285 41 703 311 -1092 -531 -185 -714 522 -125 155 422 727 -69 -1142 110 -949 94 -333 -225 -2009 737 -313 374 739 -704 -508 298 688 112 680 -137 672 497 -204 -908 -990 -31 455 -1455 167 759 1070 -241 819 1031 851 867 440 447 -469 -602 357 -427 -688 -336 -573 776 175 175 -764 196 63 541 212 -545 269 187 -183 1305 -292 -391 525 320 1048 -880 872 65 -768 140 858 -624 -283 -708 -286 -486 -150 476 191 151 38 693 -70 -188 -543 232 79 784 1579 157 -999 -62 -1307 -401 109 40 -462 891 -141 276 -418 -503 -716 -63 -53 588 355 213 -538 -1006 356 40 -910 363 -344 -1446 -845 238 226 1106 -9 322 452 63 113 1020 -161 -308 -294 1238 971 -876 804 458 -525 -272 -96 -918 608 -304 -970 -647 -241 1267 428 602 725 247 79 -131 109 
1348 -1183 -839 -383 126 -84 -309 13 556 -464 683 -588 1020 204 -437 -422 -333 -1246 62 -384 -93 -438 -1195 1030 -295 -476 410 -172 1704 -26 557 540 -989 -63 167 -116 -288 431 1435 -1882 438 1006 -425 594 -146 -1233 217 -404 -231 461 485 1030 653 460 1174 -33 767 289 19 60 -577 1255 -90 35 1145 331 -786 147 -746 13 757 1404 360 -925 778 -972 -356 -117 -260 498 -984 -548 -1976 -691 -473 -269 1246 -914 188 444 277 430 104 -1316 -803 987 810 -267 819 342 1219 -73 1221 438 -323 79 25 -640 832 1425 81 277 430 -501 -438 215 399 803 333 298 425 21 -123 865 331 437 -201 218 -235 365 28 783 -1236 419 -481 -248 -595 942 -68 179 -679 663 -752 467 632 578 943 -839 1072 -654 -26 -254 -499 -886 -2640 -563 -644 792 -493 -329 401 -188 -57 -177 120 545 -221 -1628 490 -947 -19 -755 521 15 -698 1915 565 -806 1344 -908 376 347 -379 -988 -1108 -899 -1310 273 254 -539 -124 1051 -1475 -272 2 -232 -140 -816 -1271 847 -306 611 -343 348 -583 -1089 402 -652 -521 -239 499 -481 137 -1185 151 578 -822 -136 -929 -219 -496 -1601 -511 -375 318 1429 508 212 -522 30 821 -597 -180 -1144 -728 -35 26 -907 -484 -1572 562 -1042 1046 -263 423 -343 501 -1118 -281 834 -352 -744 994 389 195 -1085 1627 -2203 -771 -317 -477 -1055 647 -487 438 1106 -769 -242 677 445 -891 460 -698 861 -78 1141 98 1040 299 -290 -664 1768 -1134 615 -191 386 1102 347 739 354 -133 -657 292 -523 317 422 -754 810 1444 84 135 623 413 364 760 -601 195 436 870 -210 586 275 1786 5 348 -512 1205 155 1173 -385 139 205 612 -437 -1005 299 910 377 327 -53 -102 1499 674 -57 206 1381 -94 -207 1699 -860 -1109 -1032 -1288 -660 -23 1034 -165 -319 535 962 -185 348 -887 277 -806 -687 -64 154 278 1111 213 -10 541 751 -872 133 444 -1539 -660 -1075 527 992 -415 17 -72 -296 678 38 -503 -688 292 161 468 471 -726 207 1334 -321 -326 -449 -1015 -444 -219 864 112 -143 -131 1112 -464 1234 
630 -771 -626 -72 267 -2344 361 284 -472 -1756 340 411 1281 -790 -406 565 -1073 -288 -238 -151 -529 -674 550 -1013 1786 866 341 -1053 -589 846 584 -175 -510 -464 1429 -1815 -20 953 1104 -2027 -955 1499 1422 -475 -1087 -1369 -464 1140 -1286 1123 848 398 485 1345 -2245 -1318 1883 -1075 -307 -303 -171 1578 -182 581 540 -2 832 -1282 233 502 -1351 -811 -174 652 256 -387 -470 533 0 -1209 154 949 -683 84 380 -226 -877 290 1093 1057 -386 1384 -706 -526 51 183 799 168 823 1295 -517 1627 1029 1961 354 -1145 455 374 47 316 -54 -1298 -433 -252 -67 -330 -43 -271 -41 -1173 230 -607 93 -402 -299 344 -271 1908 -293 136 -546 27 -173 644 -1237 -918 -1223 1162 385 -847 -286 -410 -357 -1159 304 -76 506 81 -492 902 230 210 -18 -44 1388 -405 1106 650 60 -71 -956 -1151 109 471 -1429 -460 853 339 163 497 265 -1517 106 -22 104 -1126 909 63 -345 -264 50 1762 -246 -226 -186 669 92 -353 -1127 -7 -246 757 -628 -168 -12 -299 -343 939 -1193 438 -79 44 -1048 -1060 -635 -1120 618 -651 394 -946 -543 -452 -574 1021 -437 -128 -379 423 466 -379 830 1295 220 -12 570 -971 -335 -922 -707 -234 57 1 1200 -20 118 -266 509 -222 1297 -916 -97 119 268 -785 -368 1526 418 229 -143 -153 -360 -795 243 -457 383 -1090 -1015 1189 128 -309 -432 1134 942 102 -528 443 210 -446 -1010 123 -298 560 216 48 -1659 69 -2386 609 25 -979 -912 184 368 -1263 -180 -391 449 -340 -311 -1102 -134 -541 -578 381 -1741 824 -906 -385 -1415 296 713 405 -487 -149 2167 -731 -754 179 -293 1192 71 72 -1107 -101 379 24 -12 -86 540 1289 293 -810 75 -395 -534 -1270 -431 443 -1170 671 814 373 1329 146 803 -808 -1131 698 355 -403 -666 -55 -411 -1258 1503 -1358 -127 1025 661 738 -873 -471 -816 -363 -583 -462 -161 434 -587 106 -902 -702 301 1303 752 -243 457 -126 206 -1074 185 921 -38 1495 -354 798 -395 423 -337 127 478 -1341 -236 -1522 -444 -229 80 -25 -130 -37 -388 1139 -876 315 -233 -631 -794 320 -592 591 
-1124 -633 -130 146 -623 44 984 -493 -480 -209 639 -31 -809 -90 -689 -286 399 -511 -69 -377 784 -909 -1691 -787 -1302 806 -241 -144 -347 -868 1320 -889 469 -841 -518 -182 120 362 -744 60 876 7 382 -712 -570 -8 -159 -67 -454 407 335 -866 -818 851 1361 685 -338 120 1827 364 408 130 1077 -628 1593 -143 -109 526 -529 -143 562 -506 224 815 207 351 1136 256 582 984 240 138 -564 1996 627 -801 956 202 1130 -1479 -1467 -55 -1071 -209 441 -537 631 519 75 279 1077 688 1482 429 -564 615 -292 1422 -980 -172 -237 329 -1445 -366 -13 -388 -668 355 597 -501 557 456 -122 104 8 544 -360 -179 -253 149 666 554 852 295 120 140 -327 -224 648 -324 628 -1271 -194 -51 378 -1965 -669 949 -93 -629 -579 154 428 -967 1532 -536 -836 103 -881 -776 666 219 598 445 68 -396 511 749 975 807 -1819 -556 125 582 67 574 -106 -27 -246 -28 -64 136 471 1189 -76 -729 591 35 -796 -529 -992 -789 706 210 491 -1971 593 230 -183 -219 436 -1389 -448 435 -622 -72 -642 -1246 -688 -698 -323 -973 675 -462 -475 -888 475 776 1447 144 1067 -477 -694 496 89 279 -1599 -432 224 1028 486 -139 1749 563 151 -730 -259 1576 -160 169 -283 210 -818 1356 1850 253 1138 962 -706 -308 -679 916 1519 -1087 -118 -160 -439 -1088 -884 -948 -865 -1033 30 -712 893 345 368 -138 720 618 149 -749 -254 -328 -147 2051 1464 -155 -247 588 286 -547 419 582 -84 899 -1027 -1059 633 -57 -618 -1131 -700 1052 81 109 91 -1261 -308 476 -205 1458 -826 -792 1362 367 -232 -1374 -677 -78 -20 -470 -460 -22 -465 539 -446 -242 320 -116 -152 971 1664 480 131 -925 487 -248 -937 -386 1112 -949 -1004 -1254 -167 -695 1173 589 -922 1481 -1651 -291 -568 -385 -261 445 374 452 -456 -406 52 811 278 312 149 687 -264 -53 112 726 -812 295 242 -227 254 758 -192 1040 281 -204 -122 178 1651 -1270 -323 -1812 1069 24 -651 -759 -994 -655 1811 -325 804 643 -70 -55 21 173 167 -17 -898 178 836 -767 -378 -658 -429 -940 
-194 -379 329 -886 -972 428 120 72 167 -692 -847 -1556 49 194 -306 -105 1191 334 -104 -1084 781 636 -1019 905 -299 -1182 293 315 794 -484 240 -564 400 512 1102 -1079 356 221 -524 767 -772 -1577 160 -516 -251 -685 31 602 -536 210 127 -838 566 -187 322 866 -227 323 632 -540 -1319 -828 -305 508 520 -119 79 -412 449 643 904 815 -1993 -1054 1760 1030 -1561 969 258 1216 -227 525 263 -35 -1277 469 671 -118 -1309 647 -675 -942 -177 -624 -548 -268 54 -951 364 -645 -521 -322 642 -548 783 -730 -1193 -1027 390 -152 -1160 -1098 477 -153 461 1322 -30 607 -19 669 338 -200 -1033 -114 188 -80 -344 1207 -374 469 328 -371 845 -342 -1092 533 -715 715 -726 -123 -748 -18 421 236 1079 -95 -687 -204 1572 -70 -51 -231 311 26 376 421 -75 522 -45 221 -286 1229 535 896 1159 461 1168 -571 -1936 881 -1053 -620 -527 634 162 -199 -441 726 -364 382 336 366 -355 -560 -309 240 -712 252 572 504 112 33 345 -519 423 230 86 -82 567 -493 1153 457 -477 -385 -1060 784 -201 -729 -499 -231 -416 -1939 -91 -87 -409 101 225 26 744 848 -113 843 336 214 -837 -922 -844 111 1233 -333 115 391 341 -36 -392 113 254 -434 879 -910 14 -232 798 1505 -564 565 -1130 -456 -439 367 -618 60 -25 846 -1378 872 -805 -71 -1092 -122 706 -867 -263 -1261 370 676 -2298 434 80 -93 -65 -2 230 841 -958 149 1057 -207 817 -546 500 449 448 -808 -1022 -700 -604 -130 -364 -441 215 -410 1278 -102 301 -747 -678 10 -1384 1057 -337 741 -1021 536 326 -380 409 -374 448 737 -194 -521 736 247 214 1235 381 1078 271 -1264 -432 -1757 1153 94 1099 -425 -566 -1118 -900 -758 -1242 -995 127 1490 -292 -205 1384 651 -556 791 618 -276 -680 -1290 -344 -463 -1247 287 60 -1523 41 820 375 604 -1029 181 -1462 -315 481 386 557 463 -135 -348 879 473 173 1123 -491 640 -1341 383 -389 -209 -95 256 -713 -1304 67 -542 -545 1248 634 511 133 63 271 -751 -625 -656 551 273 -185 -532 124 1255 202 151 183 30 
-962 -904 -866 134 639 -213 371 164 1337 1074 263 -744 512 -158 353 1268 -662 663 -177 370 -181 280 -453 1563 -211 340 669 426 -52 526 584 372 94 -325 957 -313 698 -792 711 -625 -1059 -775 308 1059 -997 843 954 345 -721 -343 -459 -639 124 -343 763 1492 -78 -539 1248 -114 -1059 13 301 508 -276 -1660 578 -531 661 -836 398 771 -328 352 -492 -115 424 -1238 552 858 -1014 -768 -13 -850 -560 284 26 -1395 640 -718 74 508 -1453 477 6 -769 104 -1028 -417 -442 385 -1709 -1692 378 743 -444 -586 -1716 59 1021 824 48 85 -543 -457 -634 -198 582 -695 -430 299 856 -538 431 1300 622 152 673 100 872 -854 24 -976 720 -1141 -1351 -49 1073 -400 426 -1946 926 -631 390 -677 -421 -518 -225 614 -595 1447 625 -292 491 1040 -31 -701 -67 -185 1058 -541 -1207 1238 -1865 -1227 -278 269 1542 -270 130 -74 12 431 -200 761 205 538 554 715 1032 764 -974 89 -400 -997 535 671 275 -1443 41 -1366 -123 74 155 645 245 1066 43 35 -388 -105 -192 -420 -95 -667 282 282 225 454 -250 898 -306 -677 -30 109 -1328 -2418 -488 651 -125 -293 -953 28 376 8 398 1071 -201 -623 -97 -590 -128 -432 298 562 897 -531 -874 1159 -509 -8 -310 153 846 -242 135 -173 424 650 -323 856 -678 35 33 -1953 -359 -326 274 -159 -199 2 698 -747 370 531 -659 -889 616 -245 482 688 416 -387 356 18 -211 -1106 -129 -699 -1019 -104 -1383 946 588 113 -287 745 -306 -1164 711 385 461 -1008 -1741 -470 609 -980 2016 -154 160 -762 -256 709 1083 -235 1575 595 254 230 -308 -431 -99 117 476 38 256 -1095 -1261 -1302 895 992 180 954 -601 -195 -1494 412 745 -201 116 -524 -1302 255 -1173 -47 2129 367 -1104 573 -68 715 523 -672 347 323 -1495 45 640 277 989 -526 -657 -1031 172 -456 -761 -542 -97 -1011 -376 -341 -1158 -629 -692 194 196 -1474 -930 -461 -304 -1125 -351 -1142 328 -808 1307 -623 -12 2668 707 157 241 -421 636 233 -301 -294 -1078 -347 238 -441 1130 1498 -85 -67 -117 -51 -457 505 1407 
394 -368 -590 1139 690 -93 -414 -163 -990 -273 -157 766 -62 -704 -287 -24 70 91 1289 -201 692 -382 985 -91 -1355 66 688 741 -606 1517 -390 -609 128 1627 335 1557 573 -155 -898 -1113 1562 314 246 827 -605 -1280 -956 -660 -838 171 -769 1223 -848 -422 611 -9 346 218 -360 1334 -297 -117 -260 -304 574 -843 -627 151 42 -565 -80 154 -27 -143 735 498 -686 1623 895 -748 -98 -669 862 -697 -307 -253 703 -163 -956 1206 -449 66 1521 -1079 -1175 749 39 1231 945 -1316 552 1115 345 577 895 -837 396 -1225 -185 -1083 1242 -960 -947 -10 -27 525 -861 165 23 223 -20 -200 -683 -165 -665 -594 749 301 -584 -134 71 81 854 -1232 -242 -696 708 -544 -651 678 974 790 787 -114 -2087 1208 -1096 944 -373 -226 -911 -1270 733 248 -453 376 162 62 343 736 274 497 -616 587 595 377 -81 -1055 -161 129 -155 127 -125 -198 -159 -359 -757 131 239 -668 219 398 -2357 660 -31 1076 -558 -425 531 -640 342 -360 -1509 -426 249 -387 -465 229 -9 -464 521 882 -308 617 -615 -509 -87 -150 -1212 -121 98 668 -512 436 356 616 -1110 279 -939 -836 381 -210 -544 -660 -403 -1078 -104 -158 342 662 128 -194 -49 -321 427 -359 27 -545 -128 -1122 -357 118 484 497 -1218 -432 -297 -320 -456 973 -599 1060 368 -247 1734 -909 214 -935 -419 -1605 -255 -71 290 685 -1207 -567 -955 -1286 -245 -461 78 -554 891 -522 -227 -1487 95 554 -795 130 672 -2096 675 -547 -70 -260 -618 -159 -1652 -1204 79 1313 651 104 -603 1012 -362 -926 0 -493 65 -68 824 286 1565 -785 -270 -485 831 399 925 318 -257 493 179 -38 -587 781 -824 256 -964 -85 295 -7 1083 -679 620 -460 332 -741 -318 -72 128 785 -953 517 -388 827 723 -1093 -913 1229 67 -116 -371 779 1190 106 48 133 765 896 278 -709 619 767 -1390 -310 879 -614 -160 736 -160 192 -976 -34 -396 -67 -345 -115 789 -257 -158 -360 516 61 438 374 -1825 -316 -1373 -1190 -1246 606 133 1193 221 158 12 -855 915 85 973 -1439 -659 -230 42 31 -329 -655 
227 -787 777 -452 88 779 -679 1310 -89 -72 -197 -60 -472 -400 -119 291 431 -974 -1287 955 686 884 192 1340 -632 85 -864 194 -432 91 -318 -18 -872 -59 434 -1661 -450 418 -53 -879 147 694 -419 -920 511 -424 228 -659 319 677 688 -47 -584 312 311 1200 2181 -974 -130 -962 827 413 -232 -125 -248 177 1 -1168 351 266 733 -48 -938 253 500 -370 1219 441 -738 805 -62 -2 -962 -471 -612 -472 888 -602 1578 361 -353 614 100 725 1205 -856 -234 -1965 1199 -1208 843 -1046 -52 -834 190 511 173 -102 -61 -1253 121 838 -892 -541 805 -364 139 82 -828 -995 1052 -290 367 88 -612 -562 -55 -373 -797 -782 -81 -286 214 840 801 -794 340 -880 -1892 1288 -1504 -173 24 33 -69 -710 -220 -258 -160 -291 -282 -555 -125 -240 -1899 908 -701 23 -484 -599 -647 -364 34 -88 -180 1469 262 -388 1067 895 -45 -398 -1262 916 -48 -1354 -226 1026 1051 -294 -417 -1305 1533 962 765 -652 -275 1663 161 -222 885 -635 765 -121 304 -1208 -645 1195 -1031 -141 713 -513 -357 -903 912 544 541 725 -1746 1009 -211 -604 -314 -1005 -151 879 99 703 508 -528 -294 -249 -615 864 -182 1091 998 -106 -366 -296 -119 113 -208 -208 255 -1259 -13 840 -804 725 -51 -725 -392 -179 -282 483 -968 15 -940 1291 329 638 -15 -403 177 -41 -824 652 -1101 -80 903 -698 -926 -391 -436 101 -222 764 -623 411 -323 379 401 4 -401 487 571 145 496 790 -1237 -646 0 20 80 310 -106 -52 58 220 -1088 -1674 1367 55 240 417 398 68 -432 1011 644 619 -1403 -15 197 -906 -212 367 -1477 -108 550 512 1322 630 306 905 1002 82 737 -132 -883 -849 715 436 534 37 621 1210 -17 -379 1095 -208 521 -373 -780 -982 176 -245 -418 115 287 896 124 749 -26 40 864 -1065 216 406 -321 36 949 141 1360 -984 -128 -413 -200 -257 -366 -650 192 395 -68 640 333 -527 -1735 -787 665 -1053 -137 400 -50 294 -455 -1054 -610 71 -1502 353 -361 300 373 -1551 -175 335 -683 400 -17 -400 -98 -227 -340 -41 169 -393 277 -280 
-249 211 -485 -97 -424 -170 -349 272 1 1451 410 671 110 1076 491 211 -107 40 715 37 -14 -981 227 -879 780 569 1032 -62 -57 -1720 378 -487 493 -1024 -415 -77 500 -1357 -614 989 1046 1253 107 158 -1223 -441 -1008 -565 -200 -563 -728 159 -319 -419 -436 -759 -66 -17 419 704 -836 -131 -1058 -117 184 642 -237 90 1125 -67 -338 -982 184 -1165 595 -620 -778 -57 55 -870 -1055 388 -1001 -1227 -5 217 687 1203 529 1845 1360 -946 511 126 141 -1046 1378 667 -1677 417 932 -355 1606 399 311 1137 -11 -227 -612 345 714 282 977 181 -211 -221 264 -1746 511 -383 309 1427 -445 1949 248 -169 -107 922 -1200 -505 1201 -251 -393 111 425 -221 -1276 49 -445 -222 601 755 -132 672 -666 -492 1284 1188 -665 686 -981 -1115 290 952 265 833 688 -1121 968 526 170 -953 671 -307 -718 -1264 1103 -380 1919 -379 1014 -146 -272 -283 1280 -912 -271 -153 884 200 634 1123 -607 -946 -1406 -196 -230 -75 -256 -850 259 225 1312 92 1031 416 495 631 -818 -401 -602 67 1424 -765 208 -999 -649 476 151 237 -1087 -26 -253 -219 -155 285 70 -98 -261 619 427 -564 -1209 466 1095 55 -184 755 390 58 -1217 -915 806 1049 -291 1308 1814 -22 -1437 -769 -678 -554 1128 961 -216 -1641 -228 -851 -34 -828 676 190 -413 -1383 779 -327 451 -684 76 -202 137 1439 592 186 -870 889 -403 -919 -836 -1560 -37 316 314 -20 926 -691 125 -514 1100 714 -947 -508 870 -481 -77 -229 -1729 -421 -1815 -628 579 234 -888 501 691 -329 247 -356 -464 260 -720 -74 1510 -523 330 232 103 172 -491 351 2197 -35 626 -742 -293 -687 -845 553 304 1577 536 -484 -153 1322 2113 -841 -675 421 -139 23 47 72 310 -221 -785 -657 -519 -554 177 -408 -1320 680 616 393 -909 -387 -420 487 186 110 765 117 1864 -339 1201 -45 1249 722 1173 -551 283 -337 -1355 970 1684 -1219 220 -136 770 -580 412 105 -660 563 -670 1109 823 -239 -140 280 189 17 -492 -701 -1563 393 684 -182 -343 807 -40 -274 726 1802 -728 -985 92 123 -1659 1068 
-240 35 1167 -177 -255 -813 410 697 950 -1467 -138 -355 -742 536 -517 -307 -833 160 1486 654 -405 -983 -1162 -1122 415 -95 -679 37 410 -119 -1194 -465 -90 805 172 -734 65 -800 1149 -534 531 1290 -668 1511 -563 -280 -925 -179 89 1054 -640 -1203 -425 -670 648 -1010 359 -672 -1065 405 -362 272 800 563 -91 168 -409 595 359 -42 247 -975 -1101 -994 1622 -101 323 -1366 -941 220 249 947 225 -993 107 -1527 -972 -603 199 65 -516 -514 -558 913 -1043 -209 317 -53 -613 544 -1201 -97 1006 768 299 -1349 -809 -644 229 1166 212 -205 230 -1437 1040 318 -394 133 280 345 119 -202 -1412 -8 829 -310 -149 -108 -26 48 230 1162 282 -122 -1005 -1364 -141 1112 -243 124 -1148 -1113 -793 133 405 539 611 1508 612 -11 -409 -1067 -298 -601 -59 -1303 -983 -175 -732 1745 556 -122 -347 -537 -1040 241 -707 -723 1365 1411 13 -864 265 164 1073 -102 -845 -266 -22 735 959 -103 200 430 -1092 658 618 412 -1044 -1366 904 -275 589 -313 32 -565 -260 1539 68 90 442 -782 -214 -1585 197 800 452 534 -169 -831 -854 160 621 453 -711 -366 110 -361 -369 2164 566 -1527 -759 478 -178 -1055 1101 -731 546 130 338 -258 625 98 -1764 -56 -276 -67 875 -885 59 591 678 -118 -122 -81 885 -1565 679 -487 649 1132 -2 -193 773 -98 -395 223 -293 -289 -7 -1277 -1803 529 -940 -393 82 -469 -55 445 1714 -1087 -324 376 -996 -790 114 -815 68 -326 -408 659 -212 656 -317 602 1182 1204 -1135 377 -48 325 -54 561 601 -173 -169 413 -1339 298 627 -593 -2489 -169 421 -613 218 -350 -855 26 1248 -1041 593 -671 447 -1195 86 -767 906 193 156 -946 371 133 -564 -492 -520 -168 75 -585 90 -743 677 235 195 -218 -870 123 -669 -1 233 -1428 294 -1155 321 -95 1454 -1430 1057 -544 808 1005 -295 -461 -810 -6 560 386 715 -618 -135 925 -240 759 -467 -1016 -780 636 -858 95 333 -453 -757 1499 973 628 -807 1664 -233 1058 244 -807 -1024 455 -404 -912 -1169 538 755 -543 -409 -300 -445 249 278 -770 486 -535 -714 384 
-131 -676 516 504 723 93 343 1597 297 108 -709 -96 1021 494 -284 554 1975 315 -726 531 485 -943 512 -334 213 -372 -845 -1137 1022 -1217 195 -45 555 401 258 -289 628 -165 553 473 -703 -326 -684 1538 461 35 44 -65 706 340 -1355 -68 22 798 -894 -215 -744 -27 -1005 549 1177 470 77 1032 -465 323 600 -418 -966 150 -542 -885 279 945 176 -85 548 -1389 -618 331 140 1088 1503 1033 -1043 -74 -844 2557 1756 -1159 197 1366 -154 -483 694 -282 -1399 -949 -400 245 -678 406 -542 -395 -554 -201 -501 -276 1247 -1569 864 1846 -45 -498 -32 -540 454 -688 -76 250 -321 1710 821 1235 388 -153 993 499 -885 -91 -1002 -1124 -706 1196 35 725 -165 1243 985 -226 -366 428 147 -33 -1524 1105 911 214 -235 -725 773 -772 450 5 -433 -296 1424 -223 -327 -1302 82 -482 306 -272 1008 -133 402 831 -552 678 596 -336 -33 -597 1106 -173 -551 1665 -576 -687 714 998 -596 -537 -1054 -523 99 -1048 325 5 -505 -882 -32 1124 619 932 1256 -893 -466 -297 -1463 316 -1434 -569 -112 369 167 -322 1068 -777 -892 410 41 130 948 -243 -69 483 145 622 127 228 985 1294 -1280 123 -169 941 301 -97 -446 272 -735 -273 608 441 -9 -44 994 67 -81 -102 797 -652 169 821 1151 -788 956 795 606 17 946 165 600 31 792 406 -1525 1114 14 -1712 -876 1387 -373 191 -18 -780 -785 265 -112 -1266 6 -309 671 -1392 463 -457 -568 -478 354 1374 -267 -451 546 1276 200 469 86 -10 -161 -1330 -739 420 -1359 -230 -744 -1487 -95 1416 -516 298 241 -322 893 181 -469 -961 273 -1433 -51 -925 491 -507 -352 -485 1260 -22 769 -390 723 -561 -1231 -740 55 1076 517 424 -378 1740 -277 433 -178 367 -477 659 -469 -207 847 270 -1351 -372 -299 1006 -155 181 -431 -657 180 264 717 73 -511 75 -448 1061 597 -1910 -587 144 529 1316 1068 -11 414 1089 442 33 -141 -498 -1238 -1088 351 529 -365 180 308 807 559 321 -812 1197 -283 -83 465 -625 1142 833 -453 468 77 724 483 789 236 1285 483 -440 271 610 
896 323 562 -52 -439 349 831 315 83 -899 -348 678 -233 -39 656 -288 310 15 -131 -1084 -518 -340 -603 276 -274 -21 320 -306 -1482 -9 -358 -210 765 728 889 384 226 388 235 -388 482 25 679 -970 -458 437 259 262 471 -714 381 577 498 638 716 776 1070 86 -886 -490 -300 361 -157 -74 1032 998 1151 -940 1026 758 1078 549 954 -1023 335 111 385 -906 -148 -281 633 -798 -163 -252 -301 657 138 991 -770 727 624 246 -560 -565 -999 -543 -855 827 984 809 143 95 1023 -159 -444 202 1494 552 316 -998 -731 -957 611 -578 213 42 1431 217 546 243 259 -975 -1076 -3 -312 639 99 -354 1532 790 233 1383 -71 -1080 926 424 698 649 -112 -409 -1363 477 300 -175 857 -193 -982 932 -284 925 -884 -529 -439 -708 972 -450 169 -1728 -143 -681 -4 125 -1157 -357 601 -235 101 -485 -83 2257 -348 -301 1167 -49 782 -392 -781 -271 -126 -408 -117 1150 1083 1422 -1223 669 -115 -22 663 655 -654 -2149 1191 186 94 -484 285 -209 180 588 -377 -148 -933 853 799 12 187 19 -955 -921 -962 -25 -532 216 -305 415 151 1363 602 150 395 618 -1370 -143 523 993 104 -89 283 135 437 -47 -140 2264 1166 1363 537 148 206 -1138 597 1067 -519 226 80 -331 2660 744 -785 713 -421 494 -77 675 -505 811 -389 -939 -786 -581 -811 -572 757 -1248 -859 102 844 905 123 531 799 -733 -862 631 455 -895 695 -1149 -164 -522 537 616 180 123 140 300 1007 -139 -854 218 86 -534 -689 -564 172 -70 -614 305 -287 407 430 1525 219 -722 -1181 581 -807 -730 -688 -1535 -277 559 693 -826 1121 -320 46 -61 -839 234 -218 -298 -33 -365 440 -687 693 -154 226 -893 -305 -851 -163 -746 -274 -603 1246 704 -290 488 -1252 148 1217 -422 176 789 -57 1698 188 339 1238 663 270 904 -504 -257 -301 -805 730 -262 -1256 -482 -95 -919 396 -1444 329 1254 -851 -480 -500 810 685 218 1096 126 -154 488 -1031 493 -980 -585 -1462 -70 -376 -27 -1105 -712 -572 502 -272 501 -604 425 410 107 1072 415 128 87 
512 -1026 884 181 -810 1735 336 -205 1238 -256 792 -1054 29 862 -401 1190 109 471 -449 477 -48 -390 207 -293 -394 -577 1109 894 276 149 326 526 -132 -246 183 935 589 -620 -283 -50 397 -702 259 -1037 221 -181 470 1475 1319 997 -44 -535 -942 -722 124 731 625 -475 1344 -411 1107 -304 880 11 -599 -1287 675 450 1033 754 -782 245 -367 91 -418 -441 -972 -34 978 612 -110 -848 318 1823 336 253 709 -1127 -736 -60 750 717 139 285 1400 2039 90 11 -594 -326 -31 -152 -928 1174 -508 -395 193 432 -391 -295 -222 289 -381 452 -407 414 -219 55 -1074 263 -586 -620 1108 216 -865 -754 778 95 1061 -507 683 -187 -710 -152 -1954 -380 -380 225 -563 1368 51 285 966 400 539 176 293 -668 -168 361 -613 585 237 -716 687 1276 120 462 944 -497 -225 523 1033 91 887 -436 104 1179 -619 -528 -1214 378 26 -388 -372 972 -49 1537 1355 757 1563 -234 -840 1152 -377 -844 992 356 1302 240 -1043 515 260 1047 -215 178 -170 -1045 33 123 1389 -235 -1903 -35 -1101 787 684 843 -186 545 111 93 -448 -693 -898 576 -1324 766 -685 -43 442 -1027 -717 -1118 -561 1434 -1241 522 76 577 -736 259 393 248 -704 -708 -885 -120 219 -241 595 -964 989 822 760 -869 -472 552 -1108 114 355 -51 1256 -946 402 -523 1215 -1167 -4 863 394 997 -19 -69 412 -477 458 -278 85 546 565 792 1250 -965 31 351 -16 -23 90 1416 320 -665 -771 526 360 -523 -257 -2049 -1098 -757 -568 -506 1053 989 -485 -750 849 1654 -613 40 -88 1149 -736 -764 940 -481 510 -822 300 825 -36 417 215 -963 718 776 -48 930 305 513 -327 433 -929 -629 153 -775 -409 -1160 896 1342 -273 -220 577 -757 -1494 199 312 -1354 -59 -143 33 -639 -921 12 -3 -811 778 1174 743 515 388 -357 861 -436 -1038 926 293 -733 -418 -470 -145 826 -1513 -99 351 -115 -1157 -329 155 -29 -1383 682 260 -102 734 -717 -495 530 510 461 689 -230 -486 1192 376 728 721 -627 799 364 934 135 -442 161 -680 -157 -470 -873 1088 863 
-955 -826 572 -624 981 220 957 948 -895 -309 -316 633 648 611 1462 -382 42 -495 485 -1657 -369 -161 -231 220 -515 870 507 -201 259 -140 1721 105 -253 895 206 -159 -981 -743 -670 701 -954 1638 306 870 206 -934 206 -191 355 273 386 -359 -546 232 985 97 372 706 312 394 -84 1392 833 105 -933 1330 -736 -484 572 855 -256 390 220 54 -69 482 -834 -325 -991 -459 783 -1491 949 -808 -334 318 149 2433 77 443 -25 -427 492 127 -260 695 -1197 1070 752 500 -182 414 63 -226 204 321 -433 823 -1134 -933 -437 -845 -39 -315 -8 440 758 35 351 -1525 -508 109 886 650 -436 776 -1664 479 71 570 -478 1806 -1571 -358 639 490 745 478 458 42 674 -787 -556 -19 -727 -1357 -1136 215 38 803 468 -1635 -519 -624 762 342 219 445 221 -309 -247 1862 526 421 1174 180 -203 -963 -431 -747 486 -342 -1374 1070 -225 216 -441 150 -161 -395 -1524 -778 -239 -266 -295 609 241 -1076 704 -65 65 410 -538 -334 -507 -1302 858 -363 573 907 -155 855 -521 -83 -182 713 2058 644 737 -194 56 955 -121 776 -719 123 -59 -632 1036 1177 1395 -970 151 500 -378 29 797 -555 53 126 -111 -31 183 988 697 -1108 21 578 282 891 -421 -302 -832 825 -149 277 -822 -323 490 1576 -66 -957 750 -733 -385 -232 583 569 687 -126 -574 86 861 704 -949 434 435 2517 882 -890 -851 1013 363 153 -278 543 9 1187 -264 1074 -974 1105 345 -574 -619 -33 72 -229 1171 -1110 -668 754 -794 842 1145 -552 -357 175 -1529 647 1158 537 75 -535 143 -1406 -137 -361 539 -1476 267 123 480 1273 1082 187 1266 -588 -481 872 1822 67 919 -624 983 319 -27 325 735 -6 -259 927 -1168 1475 -65 -955 -742 -522 -1 -1073 -39 486 -390 -809 -1487 -195 867 -1034 -274 -91 -279 -1019 417 -164 -578 -22 -32 -575 -174 754 76 51 -290 1444 931 -675 -180 -424 990 -182 622 221 475 -1682 -119 569 874 -191 -884 -95 379 594 -235 119 -706 980 -2119 -1231 1649 -231 100 1370 -1074 -244 -224 1316 -1749 81 -1002 -201 
222 886 134 -876 -1752 -1094 60 973 -180 1170 343 683 1199 196 139 -2022 -729 -740 248 -12 327 -148 453 -192 891 -995 -194 93 140 -391 -634 -938 15 -194 386 -982 -104 -520 441 204 466 -41 244 786 30 -195 -714 490 1477 -431 -359 -184 576 -286 -80 239 -1690 -474 384 599 386 -532 -429 906 -1038 332 328 924 655 -319 419 -93 293 -793 1716 438 -316 -25 -420 613 575 572 709 -655 -1135 -79 345 323 -293 679 -1764 -567 455 -330 -571 -407 189 -158 -142 426 1054 215 -1295 1118 19 86 -237 -986 104 209 -152 -1007 -671 -1463 1071 112 -1532 10 645 1132 -878 -210 389 -41 -825 -477 -428 -639 -356 315 1828 1249 -635 455 449 448 -718 459 -54 -544 -522 -244 587 702 -1450 339 368 -940 -582 -407 -1109 142 793 383 -1301 135 -158 -173 633 -545 277 -223 243 -662 -52 312 -1264 848 -1410 962 12 957 -121 322 -210 555 1152 -1388 -548 -795 696 1646 -62 15 -298 -390 -451 -1162 380 -475 806 1247 -732 552 15 12 300 223 -1453 1357 -48 -195 260 1293 -496 -744 134 121 -205 270 -1008 -209 -410 -322 -476 481 206 214 -508 -1121 -202 989 -663 -343 -790 -883 748 -357 637 -1586 272 -452 -101 -298 213 176 -1146 739 61 -849 -529 148 686 1508 -1059 428 -384 -644 527 -1307 -789 -1497 -767 584 -1428 299 -383 210 164 904 -712 -332 389 -705 -242 956 -287 -652 -237 68 -1452 -533 -202 403 -568 -176 -357 942 -1042 -54 -1124 548 -1528 -406 -1348 -33 -935 -360 -228 14 208 -1112 -241 -1590 2 116 166 -1114 399 -379 -140 95 731 -888 -1118 -443 -134 332 -878 326 -730 1356 501 665 876 -1230 700 -23 51 -1506 -126 -450 -200 791 712 770 -384 -770 118 478 -378 165 252 -971 -638 892 101 -1346 1100 394 996 -338 392 -469 19 975 -1662 -19 682 -716 259 -353 -1086 146 316 412 415 679 -165 -654 23 -63 -161 -140 1152 -708 -453 789 759 -492 -588 -99 46 101 80 112 265 -879 201 -1389 142 191 359 250 231 -13 -345 1323 -718 -51 24 92 -478 -292 -609 -341 1009 106 479 387 
28 522 -69 -445 -61 472 -23 501 -629 -251 79 -858 1479 827 519 -408 1243 -226 2151 626 425 850 613 52 335 448 995 440 -918 679 -45 220 54 -246 541 -253 -172 -356 1150 -141 340 -313 -738 301 -722 -275 83 198 -906 -310 -1188 -1016 -594 241 743 -357 -1562 197 -224 298 535 868 -1069 -469 213 -1025 321 271 -80 450 424 584 911 1511 1291 423 -68 -91 924 1603 444 -383 492 -97 -81 -114 927 -1420 -1348 186 -75 458 214 1659 167 -452 -426 -423 561 423 -103 66 115 466 -600 -737 -60 -201 -770 805 163 -193 92 -154 -284 883 797 -1391 357 -514 -1537 -957 613 734 -1194 -946 965 160 -515 -51 -184 740 -116 397 297 -431 978 -432 -166 359 -758 554 -497 -937 -259 375 808 -1103 -1010 949 43 -445 1056 1243 129 -926 412 257 532 620 768 344 880 -105 -284 228 -462 835 -367 672 -349 202 -147 -31 568 309 166 -52 243 695 -191 -959 -101 776 611 24 963 460 -1262 -198 -1300 -313 -240 1270 256 299 -486 85 -227 -842 731 283 502 -141 -304 -546 -152 518 -290 -325 -784 -28 -530 -1427 -557 958 1384 1452 598 -577 10 296 -919 -400 -330 -495 -305 -273 180 864 -597 666 -905 747 534 953 -287 45 -144 -474 -705 -195 -146 348 -1323 736 -372 712 -86 421 -41 -132 677 -596 -305 390 501 490 -322 663 -314 -687 -965 488 -771 -25 315 -460 496 -85 271 -948 -441 1009 108 -933 391 688 416 -373 -1369 -144 533 397 -338 -427 -49 -974 -738 -1030 793 291 -15 -1044 197 -264 -795 259 -414 276 479 -206 206 -800 -668 -585 -1451 -1232 -1123 -47 791 57 715 -1003 540 -1159 -132 603 -468 157 544 -654 111 345 682 1757 -491 -1649 -824 421 -537 -39 490 -283 -1299 144 670 468 412 -53 832 -1405 1108 -476 690 -679 -33 -1584 330 187 722 -442 1159 -563 -438 84 264 -489 -675 -180 846 251 376 -535 1294 -989 -1106 394 -578 317 -1026 -293 168 1509 51 -1104 -154 -466 73 -369 -871 157 260 1018 175 857 49 529 -1286 837 1663 677 641 1519 -754 -379 -538 -204 -304 560 
490 -978 -576 795 -777 -335 -552 -704 650 459 -812 378 103 17 445 -692 786 1107 1060 208 -118 -983 -30 -415 729 756 -418 771 -483 -122 -180 1056 -358 64 884 -277 -1138 284 80 194 1045 -1092 864 318 345 -627 384 1377 -787 -507 305 -29 352 -994 10 970 417 -948 -1240 -198 917 503 182 -504 -283 289 -699 1432 -170 -438 649 946 -87 -730 468 766 -416 -761 1265 -349 -359 -943 -666 658 -260 716 -20 -674 -2021 883 -560 1609 -1289 228 -992 970 -830 720 0 313 -210 -780 -803 -1120 1601 1043 521 -183 -232 -1816 972 -1186 2693 -652 706 54 481 127 70 1699 -939 -500 -340 -1139 669 494 -1602 379 -437 808 490 1179 -1094 -140 -473 -476 -265 618 -260 -714 -505 -820 -484 66 1016 -262 -433 -1318 -249 -230 -796 466 15 -571 -209 -41 471 25 314 45 -1448 -88 -371 -706 -1040 355 -46 1234 809 351 358 1336 844 136 157 -103 -267 -186 692 971 1290 854 481 1246 -303 71 -723 129 270 913 461 672 -1651 412 1568 -485 76 29 -77 407 -848 -42 504 -69 508 881 -563 623 -1166 -901 691 2079 224 -456 -223 -92 362 702 269 -897 -1038 62 1804 316 -766 -424 -376 980 278 328 -456 -486 -732 -740 770 230 98 -201 397 1044 22 -549 -879 799 622 116 -431 602 269 -258 -467 -108 -113 -442 452 1360 -1060 -193 324 381 626 -250 113 -351 732 983 352 681 -1540 1277 -471 -1244 604 177 -274 -1238 270 236 234 401 -766 483 85 -1214 -809 -201 443 818 -348 618 1677 -1444 414 -340 -161 -673 -1392 927 295 -2002 -318 51 69 -340 672 -100 851 995 -82 -565 -257 2095 118 322 -656 -673 -232 -613 895 -128 120 -348 -1101 -842 -141 1115 313 749 -444 -568 385 -966 431 789 601 331 281 8 982 414 105 -482 -372 77 133 -494 -1142 -69 -83 34 -20 -2003 -185 891 327 313 -660 -1034 -1597 -616 396 -811 -298 -1064 275 -1382 -946 1059 381 503 387 564 -916 -1195 -55 1011 -1372 1425 366 -1055 -1016 1194 83 -778 -476 -346 1415 -514 -1419 -1632 -268 432 -871 -206 -379 -172 398 -264 -418 27 
-699 174 643 726 276 152 -1798 -145 1186 -282 571 -993 15 475 980 117 676 -892 303 -384 -502 -770 -135 -880 -371 1847 313 695 341 431 173 -647 173 1381 559 169 -1139 46 -1683 -100 -291 1512 742 -713 -818 82 -442 -350 -800 -913 611 389 -42 107 459 -698 1011 30 -6 567 -945 363 545 -1190 -1340 -412 -414 -396 1729 -628 -1085 547 -432 519 16 806 -36 183 -1425 -1401 1540 535 815 52 -1423 193 -84 -895 -812 -88 -819 -783 -781 714 52 262 1535 841 1421 -1254 1052 591 -181 1099 -123 -895 -596 -756 -499 -665 1811 -771 -609 -728 -286 320 1445 -102 -314 -180 -785 -856 -661 593 -174 -22 168 653 -953 315 -1972 -921 237 -1143 513 173 576 130 442 889 -216 479 598 -545 1 -1575 515 -1682 1456 234 59 357 -453 -830 -798 1164 -804 -320 1121 -189 -691 178 -411 329 -212 305 388 -193 449 21 1827 400 257 1337 1681 -316 998 536 1650 -712 -1089 -738 52 -391 346 1300 257 -177 -176 1307 727 -40 823 -935 -557 -1363 672 -14 528 1082 -159 -600 -328 -222 624 -345 456 -815 2 -322 -1133 -726 -746 722 -601 463 -515 712 652 325 -1196 -66 -874 113 -440 -838 470 -318 17 -85 -1130 1188 -1311 1000 214 -632 400 -374 -554 1826 790 -57 -443 56 -311 -1134 -1697 -1067 -410 -430 962 -142 -941 429 477 -64 1552 878 179 248 585 1706 197 1932 -409 -744 -279 483 122 294 -106 -983 361 354 -454 364 -1293 807 -178 1162 1963 518 870 -380 465 -672 763 7 -667 119 515 616 763 987 1344 348 -540 1325 -516 1136 303 -434 1404 -1668 707 144 370 8 137 1083 -228 -881 310 -453 1065 -710 -14 455 -340 -157 -549 -1126 -103 446 1149 411 509 927 -140 -265 1038 -156 206 -550 -657 -624 64 735 62 -407 427 626 -1420 -339 1396 335 320 -123 -251 -1125 492 1065 222 644 82 -92 795 70 1697 -988 361 110 -634 -697 778 -655 1006 -214 1304 458 -254 -1155 1095 -187 -63 -835 95 -749 -1468 -689 -1361 -751 796 749 -941 166 11 -181 579 271 53 253 -398 986 -1163 499 149 283 -1307 813 
261 -117 54 -120 -179 -223 203 -70 -1544 300 1022 747 1301 -608 734 -141 312 -137 -355 277 671 -864 -841 -1392 282 1249 -252 77 -336 672 -58 47 -966 -738 514 -424 -21 -175 -135 -153 168 -85 -152 298 98 722 -58 433 578 213 962 20 -931 -419 -42 531 1278 -883 -390 -50 -1332 -1347 231 -484 -667 -420 824 473 -286 -64 -640 -768 -325 -6 -564 -164 -93 -917 378 464 248 329 572 -182 -471 -654 -105 -1009 398 -80 -696 -650 -1162 873 144 237 -935 1072 -320 1181 659 1225 -1381 -796 -104 -361 -734 295 1275 -965 -392 -1551 -717 955 -88 677 -259 -568 -132 -332 429 -626 1419 1763 153 -315 -1186 -405 281 774 -643 -373 -960 592 -150 -350 -448 -262 739 768 -42 1443 37 1241 -439 -201 245 -583 -805 -934 67 838 810 -581 -932 235 265 -965 946 -90 130 -804 365 -419 572 -1046 539 1468 -1085 -204 -1085 -719 -589 -917 -956 296 273 1161 267 437 -520 -327 163 -316 1109 413 1030 -42 -699 -407 -17 -702 295 -647 -188 -42 154 187 382 -789 -1451 -430 598 -295 647 313 -308 -872 1143 201 155 215 -232 -665 -259 -560 -540 79 888 -15 805 -832 -185 102 -119 1233 6 -768 133 -82 437 -272 83 187 -206 351 58 846 -448 -1109 523 -1374 -23 200 202 226 451 619 148 480 196 -157 710 219 -1875 -386 -61 -560 413 671 -204 101 889 675 -519 -1043 1497 -644 132 -270 -51 923 -343 -685 -76 103 664 1734 217 519 744 -886 382 575 10 65 390 1169 166 448 -875 1606 856 587 -887 443 771 413 -2039 506 248 526 125 -116 801 45 953 -245 298 523 -756 399 830 -91 -109 -83 -578 942 -56 -624 -491 -602 -1052 93 -87 -1026 -910 565 1052 353 676 -206 34 -246 691 728 295 624 883 -141 44 -321 -747 -43 -158 -1403 -614 874 686 68 774 593 -76 687 -13 -27 598 465 -688 759 -465 -357 758 378 -177 -548 1054 1159 750 581 -28 -456 71 -280 -1005 -611 345 352 -1628 -452 -1029 208 -606 182 -47 -560 326 -47 -1122 -309 968 -937 -342 231 346 193 -155 -214 -186 -269 
-418 -1189 -28 922 -418 240 1489 106 906 -206 3 -550 -1969 476 128 -8 152 -236 565 -41 823 -1666 -481 -1357 1089 43 618 -431 -1280 -64 512 728 1067 197 -823 78 -702 -1484 -270 458 123 -495 -1212 110 -447 -655 987 -268 -472 794 1434 455 906 -56 770 -284 152 331 -407 -502 -264 -504 88 849 -750 -815 105 521 -263 308 -943 -221 902 -131 600 1115 1393 642 -1093 -48 436 507 -849 -572 -1104 1679 301 -104 -120 582 203 570 54 60 -377 1005 -1096 1023 308 -292 106 711 1045 -147 -595 222 285 699 890 -568 -1397 69 -12 670 1161 -471 -48 745 -323 69 -540 -64 -491 -942 -530 -965 256 191 -141 -240 -450 1475 -547 -174 763 -44 633 -804 -657 -386 -419 -549 -789 -668 -924 566 951 788 -514 -571 501 380 -49 620 -416 -286 523 -1230 -34 248 1660 439 -813 1074 512 246 -391 -691 143 -1049 -218 317 -910 -434 -97 -412 640 71 564 338 -365 792 124 -172 1292 389 -1337 -414 1074 -1129 -294 -233 -778 671 -480 395 -193 -1526 -447 205 241 -399 -1058 95 1001 676 1059 -1127 1304 -689 -402 471 42 -115 13 675 33 -112 700 -99 86 -48 937 -373 366 -959 347 6 1509 -43 1175 1064 502 -799 -145 -204 32 -112 156 574 277 883 -898 -590 655 692 -171 334 502 -1160 472 -295 -162 -557 255 438 226 -419 1349 -753 75 18 882 420 -524 951 1577 -557 76 470 627 274 -94 789 1471 220 236 -705 15 -201 -101 889 639 263 163 -1979 2418 736 1070 91 255 682 -30 1004 586 1530 -94 -216 79 -857 737 239 -586 -507 931 -111 300 633 701 1467 -156 550 617 485 1037 910 559 -591 -711 -1037 696 -756 -1094 -33 202 -54 329 -931 487 320 -167 -122 810 123 639 170 922 -793 -785 336 -34 514 -238 1048 1175 1704 -1057 -641 -371 447 -124 186 484 -418 -558 -1621 -1322 -507 -165 368 89 -1021 329 -793 -469 -714 900 869 -190 827 1500 -594 292 4 796 -157 630 65 -179 -740 104 774 -1213 -1135 618 947 -409 -21 176 -25 508 -907 -889 -271 -357 685 -178 97 -214 -165 
250 444 -101 -1734 1226 -1368 126 464 191 133 -640 21 -277 -1093 -677 -1230 783 -162 -262 -219 248 718 263 847 -509 -1599 -1246 509 2114 -493 -526 1359 -869 236 745 -830 -114 299 -263 -1239 -308 -66 778 -606 389 559 -1893 44 181 -1222 -1491 110 -1439 1359 -125 462 309 -1844 21 280 1173 -193 764 253 83 225 950 2041 -82 -1251 118 -1917 -2212 -367 -36 -1708 -663 -1012 -24 97 389 676 -456 390 -669 -822 -215 1100 786 -247 -482 113 556 -262 -85 -125 -213 -2225 1018 -609 -322 813 -686 -280 2239 810 -462 -966 -871 113 1239 -764 -770 -376 -744 305 -333 -1879 -719 -1977 -751 -1125 -320 857 682 -2178 275 -714 310 -210 1008 -724 915 -542 -661 -1199 560 390 -923 -25 839 555 534 -247 16 -223 799 462 128 -1062 473 -306 576 -1631 160 103 -262 780 -362 1426 -206 737 -10 -185 -345 753 333 168 1456 535 274 -36 -72 -39 1120 -911 -1224 753 -269 908 785 -840 -1192 446 -420 31 780 235 880 -591 -186 -348 -193 1055 -1236 271 -888 333 25 262 1134 -568 -660 -302 1404 357 -290 356 162 234 -661 -58 -296 -517 1590 411 -1250 -726 793 252 -684 755 -844 778 -621 871 127 -263 869 -787 -268 872 91 -920 -483 -552 -760 983 480 354 499 -510 643 -732 -671 1273 -1738 -13 -255 -87 -409 -1472 785 352 -997 425 126 1666 650 590 888 -186 4 -618 1226 586 -974 722 1248 937 -69 -642 1175 137 -373 1218 242 576 -1126 363 -242 -1242 441 319 422 763 -826 -827 -517 1193 569 1078 -1037 1245 -531 590 -1383 -174 -809 -227 1395 -1465 869 192 -964 583 -1020 -358 -222 -1253 -75 -278 -1624 550 -305 -764 393 16 691 -514 -1057 137 242 1033 -823 -67 820 912 212 -1851 2105 -75 -464 -536 -632 489 -280 -37 737 36 171 204 909 634 -166 -713 969 665 552 -374 996 -66 -2082 -458 643 1691 -1643 -176 185 95 835 -111 -1021 1591 -30 -642 456 -224 1432 -500 -308 473 -638 -147 -92 286 79 -879 55 321 203 393 -881 747 -121 1303 771 1719 -597 -74 238 313 -31 1042 948 1148 974 676 841 237 
367 -521 1689 -88 -380 -781 -57 671 135 -606 -538 -620 1566 781 782 -1957 -202 -215 -418 -111 391 353 250 -508 472 -1727 478 -1102 97 -792 1609 266 -479 163 897 1124 402 -288 104 -523 302 761 -1090 -920 225 823 -394 -768 -669 -1235 -289 171 -196 -419 500 -1560 225 -208 -633 -1108 460 1209 -373 -1213 -1288 -52 -201 492 -1262 188 1055 2013 453 694 -265 -2724 -280 -292 -741 93 526 -104 -832 1170 147 420 -737 -1136 1002 -320 -1399 -1210 1016 -171 194 -311 738 -1134 190 -661 -49 -451 968 243 13 -318 849 -223 -87 675 -327 588 -522 -584 733 -1281 420 -529 -409 -56 422 -685 1045 347 -418 -559 280 618 432 685 576 -529 -882 -1457 -1009 36 20 -404 -1214 -491 -167 -1608 796 260 1914 20 488 -358 466 1307 1516 45 306 331 -502 -209 664 -1105 488 -286 587 -402 -597 1116 1316 622 666 -1205 -201 206 270 -188 -691 -662 347 255 -455 236 918 492 1118 -859 1270 614 620 163 263 989 570 -694 843 1165 -940 -971 -842 -662 893 751 1413 521 610 858 -88 -1199 -760 -166 -423 1015 698 115 -166 -306 248 -981 -1320 -276 546 352 -595 -514 -506 683 75 333 711 42 1105 -448 53 87 100 -910 -821 223 -7 302 90 671 124 -290 1871 481 1477 -512 1581 97 843 -129 115 1161 394 -96 324 -1192 -39 -692 2415 -549 -529 -297 424 374 85 510 190 820 417 240 923 1571 1218 -38 -1082 920 -812 1546 -1328 -1332 -443 1160 -352 -1096 634 1897 -163 -746 -36 870 107 702 -1684 -729 977 -342 949 -820 358 -1265 273 609 -689 -166 -1229 -733 1060 -1180 -1118 310 -2306 57 652 880 -222 -1180 579 -1040 361 955 -927 1181 928 246 713 144 -158 641 531 -267 -93 387 707 -606 192 -724 -945 -553 633 -84 1457 -444 139 510 494 -1286 243 -310 306 -545 -470 1288 1110 916 220 -761 316 -561 791 614 504 -180 556 -816 -965 378 839 -400 112 105 -1000 299 786 671 783 692 -806 -101 90 532 1170 -378 -83 -1229 -450 -238 68 105 -765 -312 -404 1126 2 -177 -357 -626 -838 -745 -206 254 577 248 
-1058 -1507 381 201 -833 -143 -1214 451 375 -1779 -720 -274 1228 -71 90 -876 210 -1195 883 -187 220 37 135 -1056 192 -854 858 353 -1094 730 -1464 -228 1061 -1240 -452 -692 -910 -198 -982 954 1226 -298 -212 -865 -510 -4 546 -229 -477 516 1870 -13 1067 31 918 739 -381 -900 229 -181 208 -214 -662 -1162 1014 64 -315 23 850 1085 511 192 -1205 -156 534 -823 650 -202 77 -584 -247 883 580 -373 362 -17 1516 -167 -75 -40 -34 504 -44 -97 837 -1806 -599 151 -1065 840 294 1050 1039 1792 472 487 419 -80 257 523 285 -1261 294 807 1415 163 948 68 28 205 479 252 407 90 -696 143 -1098 -168 -672 554 408 69 -470 -516 -181 -699 -654 -634 280 381 -1158 79 196 -881 138 455 436 12 -664 959 625 -642 -141 370 -387 1604 -158 282 -752 -473 974 -568 321 -1979 -555 -872 -1159 -605 329 -439 -1087 358 409 340 -640 340 1370 -819 174 -754 899 -416 288 -739 1236 1066 572 -737 -965 429 1361 225 193 576 -17 735 79 -242 -803 1420 546 360 328 806 733 240 -385 382 -1313 -411 -327 384 1810 -3 -730 920 -1351 -1766 442 -903 578 617 -236 -287 -854 90 -612 -990 -1455 -669 123 -451 -1215 340 139 -89 -76 1526 -1023 -117 -478 -404 158 -544 -1273 -1342 -1684 108 959 232 -506 -988 190 -503 -628 -396 -991 -206 -1622 1146 200 841 166 -250 833 -488 -1056 843 -525 -15 -274 211 -231 95 -1071 934 -571 -6 -386 -725 321 1444 66 494 -83 -101 -521 -156 -728 -53 -407 197 378 108 -344 -789 922 -576 1156 -600 225 1273 -49 255 503 -601 -61 -369 -289 -66 152 70 1466 -349 -1035 -864 -820 -276 906 -43 -1367 253 262 790 1161 -996 -599 -435 242 520 -799 -97 498 -319 620 1211 346 -1123 50 -179 -220 907 402 -620 -724 -278 -1579 430 490 924 -755 378 -743 -875 536 -114 793 -520 592 178 -1227 64 204 -742 454 83 77 -135 -981 195 396 -3 1154 528 1308 299 125 1023 386 -476 -36 -1583 316 775 -1182 413 -464 -285 -574 -382 -1732 -765 493 -852 -1131 1299 -1118 335 -1224 -971 
-761 -126 144 -554 699 340 -484 -153 1279 636 408 -745 -818 203 341 833 -324 -347 -613 1188 -1719 182 -743 543 372 -195 -439 590 -234 579 -33 -73 85 382 -322 174 215 -429 -329 -217 -989 1273 909 -1490 331 -206 707 -1688 -584 1166 -297 -162 1068 792 -1692 -345 0 303 1548 186 631 604 750 -1305 -491 -57 -7 -722 454 1051 557 -416 993 992 162 -220 -109 -611 -1892 -35 -968 -382 -1821 -160 508 -343 875 -80 -215 638 573 515 722 -784 -406 -489 1686 911 -433 305 523 380 287 -11 -223 -688 -85 876 -290 -813 0 1170 996 105 -157 -999 1228 822 644 -860 -583 -470 440 -1006 -867 933 503 905 803 1607 -544 176 -213 -262 385 -426 -1144 -465 214 -932 225 -619 -87 823 1134 631 232 1459 -391 -611 1141 -500 97 -325 259 -128 863 -529 -268 805 1163 -37 -1321 -621 -1941 51 -178 115 483 -45 407 1554 310 269 -900 413 862 440 -397 -355 935 -317 -224 -323 711 1042 269 42 -724 1167 399 -1169 -447 627 -233 710 303 417 -85 -83 -834 -529 -941 -767 751 66 584 1053 -652 385 481 -383 17 955 587 -632 1506 -133 95 -70 219 -53 337 442 -145 254 -493 -989 -168 64 -920 -165 449 -334 731 -350 -548 572 1516 1036 743 422 -827 1342 626 -2138 281 -376 824 -1301 834 -678 -980 -932 91 -703 -1212 64 141 -69 -566 217 -695 -561 -1588 1291 597 1211 220 -630 996 435 -643 805 229 759 -1094 418 697 250 -726 551 1304 -1320 -303 354 -264 -1327 17 -408 -228 -90 -343 -325 -1557 -899 752 468 562 331 622 719 -1115 744 1455 -154 -974 522 536 -674 1454 -772 1125 309 -208 -942 418 -971 -195 1065 -611 75 125 -235 -534 -207 -136 489 -2206 874 -1447 -219 2065 -1588 1300 -859 -77 643 867 -1209 -47 -93 -284 -475 -178 -114 -2122 710 467 1447 -806 -531 -321 -315 304 380 -1124 -312 -1520 -855 883 604 -69 932 1260 393 812 317 -1128 551 353 278 135 -345 1262 1261 -900 1984 348 643 -74 -172 401 572 -1293 -1189 -547 439 1056 -306 -56 -1120 -2078 -930 -635 -378 -1939 -566 36 187 
1046 265 -559 261 -170 -1810 -310 -701 337 61 50 -45 -778 -212 252 -275 897 -129 -1147 963 513 -387 871 122 1441 708 1097 483 -530 525 324 74 -1028 502 527 -408 -985 -414 -75 367 535 -897 372 -101 -299 932 -2215 -676 -562 -686 -601 16 -751 -123 1291 -1044 656 603 180 -531 -116 -181 -453 135 1176 1046 806 435 -1457 85 -751 -1377 278 -1564 18 384 -416 680 -864 180 -565 867 -47 -802 -126 1522 419 -498 1007 -217 553 -1059 -29 -403 50 304 197 -227 -180 -278 155 -1005 528 223 767 -78 -192 214 -1340 97 -620 -213 -546 -910 903 383 479 -344 -1898 -929 -52 -201 -28 -426 183 -627 -1046 -293 491 -196 -102 -195 982 -465 -985 486 -1201 -226 -1211 -1050 254 71 215 1172 -173 93 1034 -17 -360 -654 411 -1168 991 -126 -429 -1608 541 -555 500 -2557 -940 -302 -979 1605 -1378 -682 745 996 -58 -374 520 -453 -68 1029 529 -813 187 830 -723 -727 562 1018 -743 339 -4 2 -1101 -1412 -138 693 579 -160 292 -652 225 -308 -480 268 -443 59 690 375 -377 -435 -833 -1502 -68 1100 -185 568 -879 -290 -351 -1929 1648 619 850 150 -463 1140 248 1142 -159 -170 423 -825 -417 752 237 -71 885 1856 -1245 565 705 355 -272 367 1055 413 -1313 573 -1962 229 -348 757 640 1078 1410 -1412 439 -103 -845 -221 568 57 -901 286 -234 800 730 -239 -1836 -1727 -1130 190 572 809 -374 719 -224 -190 969 48 -878 -447 -1125 781 -352 1145 978 441 -775 -202 -98 330 666 -645 895 105 744 571 -390 242 1156 -1613 -54 -264 301 163 -1179 -656 523 -385 2031 -302 -488 -582 -1426 -315 1111 -311 -91 -658 -190 -944 -127 596 -139 -731 379 28 164 2066 -424 -1268 451 1038 -469 -104 1 -41 362 -67 1244 486 489 -848 -547 895 -1122 1162 -219 164 -726 786 -706 -1820 -232 -330 621 -24 1202 -1692 1212 -977 -83 467 770 -485 -311 -61 918 -493 987 1053 538 -55 532 -112 -798 -2475 903 933 233 -450 698 1059 -262 -544 1270 1498 -387 -481 321 -545 93 226 -1103 -802 -86 696 -386 713 -1806 184 63 304 419 -764 
251 -616 -834 330 197 -373 401 807 -894 231 -1265 -91 62 553 -742 -141 605 -273 -901 -1107 571 479 -245 520 -858 472 -1049 806 -901 318 161 704 -557 -452 509 -443 414 -86 -1731 262 1639 -319 717 -592 -253 18 289 1157 -744 -698 -1060 -1277 -319 231 -926 -899 388 -434 1054 894 439 -489 -94 -361 148 -413 -84 763 -96 -418 -878 561 296 543 686 -438 -2344 1232 1438 -259 -1103 288 -794 -225 298 907 1023 -503 -438 233 96 1707 1898 -293 -53 -421 201 1770 -635 -1020 983 487 343 82 921 264 601 1055 -556 -144 573 -9 -336 97 162 -364 851 657 -687 123 -1710 936 -1088 -177 815 -764 -1608 -372 -630 -384 575 1261 813 -696 739 961 -1042 72 227 491 533 -496 405 566 730 -627 -1704 37 -102 147 -1076 -614 612 -55 1003 2208 -452 -441 559 533 -758 69 162 390 604 804 -807 395 186 -24 -731 419 -763 2080 493 -541 800 624 -508 216 1649 -1036 12 -1039 -532 883 -375 924 -457 544 884 -520 -535 746 -640 -621 567 641 -1086 -959 268 -540 248 534 -801 640 -348 94 -1024 1031 -978 -225 16 -295 574 -1432 -29 337 -880 -361 68 -455 -630 -1007 814 -838 325 663 506 907 231 107 1185 -46 -354 -808 -448 590 -778 298 392 -1258 195 409 11 1166 -33 287 -941 -584 -62 1085 546 -729 671 -593 546 -81 -365 -1 -597 -1106 1359 -207 1269 248 -553 1713 -141 -1085 -250 749 230 102 -574 -665 -554 1001 -271 1140 1540 -234 -82 -270 381 -431 -1665 874 -431 348 1646 -93 -594 -469 1176 -373 -158 -693 506 -146 125 -115 1019 -91 -315 858 -184 89 -1671 102 -293 131 -1777 -618 131 709 -126 -728 325 -775 -775 -150 560 809 -347 -720 524 -460 -1549 -71 939 1144 3 -956 -1281 462 -441 333 4 -808 188 -240 17 1362 -232 -3108 -190 -6 154 -1195 1106 -529 1389 -81 1859 -605 51 -810 942 -130 624 775 -537 883 1190 -855 -688 -1298 398 -266 -435 -211 220 -717 -275 1354 413 -1354 -1211 458 -333 72 1026 -226 191 -362 1138 863 -579 447 -90 -238 841 -1059 394 -301 617 712 -426 -34 
-697 1280 -440 -390 661 93 -614 -939 78 113 -474 346 976 -93 -209 -606 1161 1571 -182 -731 1115 -934 -277 2181 -34 -1375 -488 393 120 -244 1185 -652 513 -541 700 557 628 -36 -484 -788 -719 -460 -270 -52 -812 -930 1216 -286 1188 -193 265 1360 1325 1103 -1250 -770 -285 -598 151 -525 -285 -1033 391 329 -466 -626 506 567 702 740 743 -1361 -34 17 352 -151 409 250 27 -1045 -144 8 -173 187 -1730 -410 398 -704 -11 841 -1074 -285 -341 -16 -299 571 -437 -552 324 -406 651 -188 -1443 292 -186 76 -198 762 1283 1372 1446 -40 640 871 1964 -368 -178 977 -923 802 1201 399 220 374 32 204 221 -119 -421 508 723 -251 -211 -683 -228 -1431 886 369 1063 293 -196 943 468 471 259 759 -385 -1140 49 201 -179 889 100 443 -295 488 -506 316 101 213 -1180 1125 -615 -502 588 -573 1345 -391 -1527 62 -593 2272 483 -405 72 1258 -605 -637 443 887 -881 430 -965 979 513 1411 -302 -225 705 -148 254 5 1110 -338 1095 -718 -453 -145 -436 -479 411 -1349 586 734 -752 328 192 55 1405 -117 -643 -186 -1119 -526 551 -709 -536 -637 70 -1473 -265 -310 1229 608 -346 183 209 -257 -384 437 -613 528 1832 -791 -550 -190 -665 267 212 -1362 1200 -426 118 480 -517 -806 -615 175 -733 -3 1812 -291 -372 875 -381 -465 -417 777 -227 1011 -1024 -408 812 -163 -284 -485 -566 202 1335 230 -355 1486 216 923 50 531 -193 -372 -604 -554 981 -537 258 -753 1084 876 -1647 76 -344 -584 1289 -273 -812 -270 -998 1517 -436 -176 334 -1281 249 1487 -501 573 -859 165 391 -54 436 -1142 -489 -1046 -67 8 -1297 1221 -484 543 1214 995 -548 6 58 -335 1186 1624 962 -1464 -1527 -624 -558 -1372 -52 0 -881 121 391 1391 681 317 1323 172 568 -74 2013 -419 -1842 1005 -430 -985 -2461 -741 -568 1956 765 -35 949 -1093 -381 181 319 -1051 -846 399 122 -374 -564 -466 -903 -161 322 392 963 670 437 -151 1215 -852 816 320 -391 237 -789 745 113 -961 -463 -144 -642 -1174 408 1052 -185 -224 -1083 677 445 267 126 389 
-270 198 204 -1458 644 -193 -416 -1062 1059 543 486 693 -150 -212 846 1582 -789 -622 -720 -386 -602 -1309 136 -185 342 -224 -1060 -893 -173 124 1057 -908 -85 -420 219 89 502 129 1097 -1278 991 -371 -121 373 384 -901 160 195 1401 -741 483 346 280 867 -472 -552 -37 -349 214 -462 407 669 -753 -667 1962 -694 159 -758 415 1258 -1633 -1442 -1244 -190 -445 -452 367 -796 -973 -469 703 -628 -707 -314 -419 -1688 423 628 185 -286 149 -366 -205 -335 915 686 1134 35 336 769 -115 -757 -265 -324 -992 -442 507 -1208 486 1081 -362 -168 676 -150 -1024 -986 -700 1203 671 -815 468 -115 603 268 779 -548 -556 985 3 -464 -9 -1330 1260 210 -897 365 -203 -118 678 421 -1239 828 -899 -272 251 694 -300 278 1914 889 -352 1484 263 -1145 -123 -790 243 -156 226 -344 383 750 119 355 144 365 339 1353 531 -567 -388 -445 -924 -802 1140 746 691 460 14 381 244 1142 376 -787 66 -126 -213 1679 503 -271 169 191 854 343 -516 -269 -421 513 -3 624 1324 279 -1395 -647 -226 676 -16 1124 -672 -444 -785 442 1874 534 -588 710 912 129 140 386 -49 -423 -99 453 91 159 22 567 38 48 -226 996 -1506 233 922 1685 -456 -572 525 1333 142 239 -53 418 -510 -684 -353 6 68 56 -374 915 -42 -315 441 307 314 -1060 -180 149 124 -145 1013 259 255 -246 208 -492 -849 -195 -356 -446 253 73 -1346 -492 75 -414 691 -1784 137 780 -110 -36 356 430 422 -1115 622 -2023 -725 348 243 -127 -489 -562 339 -1841 -134 -464 30 405 222 -476 -497 -229 -818 2267 1224 198 -1399 358 840 242 217 -782 1484 -628 463 607 -670 1190 91 -312 -726 228 4 -1714 -1204 -602 -88 -390 -893 351 1005 -372 -661 471 -801 -484 -997 -542 10 -285 -247 -139 -877 761 439 317 262 -286 -340 492 936 -14 903 -1031 -116 -436 -75 -1640 -441 678 -245 -1351 415 467 -962 647 166 1439 202 -418 400 590 1042 -1012 -861 -868 824 990 -635 -348 -819 852 -90 791 1120 820 -115 5 -610 523 177 -1197 -48 -667 -100 -40 
398 739 -226 -2742 498 -472 -179 796 -1037 -1753 -212 -191 -317 199 77 112 314 -530 965 277 234 329 -710 101 907 -914 -1159 996 1276 41 -1515 -728 58 -121 448 -728 -841 431 -385 508 559 1618 -1098 995 950 306 -1612 2412 -517 -249 1569 -106 218 535 -215 1533 -404 1058 -125 -236 -545 -135 1356 -59 -101 66 -197 -226 38 -725 354 767 -925 229 15 1284 -896 711 -940 -137 -409 -253 -1463 281 -435 -1239 368 700 1008 262 1024 343 -1060 976 872 -491 1201 -366 763 -891 49 -176 -230 95 -131 113 -36 -526 576 -552 265 247 194 -1140 -1129 -744 -1339 -402 1806 341 2250 -489 166 -897 -1327 -831 37 -1229 327 616 -707 -145 -954 563 -575 -425 -110 -431 545 -393 -7 934 -95 -679 -879 -572 -938 -44 719 1579 374 -248 -759 366 -681 -206 -366 845 -118 1046 247 665 -700 190 74 -144 -482 73 -1215 184 632 446 -530 -2278 -723 905 -830 -359 362 -408 -34 195 -345 -393 -372 -437 86 -23 244 656 -1084 54 -326 -789 -865 -237 467 735 756 624 13 -1160 200 -430 -121 1348 802 335 -148 -190 296 -1048 554 -157 215 43 134 1291 1000 492 193 871 300 837 -478 -236 -46 661 825 -1697 -1536 994 70 996 -550 155 5 -514 375 -158 -106 835 -814 116 -711 -675 -204 145 -1287 856 -185 833 -117 -688 -107 -1320 1654 -504 1921 -483 -117 -1352 439 -134 -678 606 244 -1155 -546 431 -220 -396 366 262 -1110 -1218 -714 -595 -843 -756 -1672 -35 -209 -1012 -196 -40 -1335 236 38 -48 -66 1099 654 532 315 560 812 -453 -1024 375 -223 -64 -974 -576 138 241 143 651 -1180 -20 -878 -472 -1057 55 1182 -687 753 -177 -334 366 1065 2044 -169 171 -605 982 139 -964 -500 -1 911 997 629 886 -341 1147 182 -296 234 -679 873 -715 -227 49 -164 -413 729 -41 192 1050 -450 130 95 -194 981 732 189 -660 912 64 1048 -436 -626 47 -562 562 116 994 -247 137 822 589 -825 570 1539 -387 385 -625 -112 -1099 2164 86 -630 -927 89 -1001 -317 -352 235 1360 -319 422 340 276 714 -12 -1326 -857 -23 -616 
198 74 -708 -923 381 30 -40 -184 223 264 40 -649 1194 -83 -427 452 159 312 -555 306 192 1595 950 847 -837 424 832 -393 43 -289 92 -1474 247 825 839 43 61 355 601 -11 422 -899 -1401 -1820 743 -128 471 -1713 -662 418 -1498 -191 231 -304 -491 1524 174 -547 61 -381 533 -852 146 405 166 -495 801 -484 -1023 1517 -588 -146 142 551 -359 891 978 334 -337 -37 1859 421 461 403 390 528 45 1038 -300 356 -807 -313 -904 -146 -645 -951 427 300 -263 -811 722 209 -1197 -94 -215 -314 670 -79 514 1631 -671 3 -304 560 333 -780 340 125 -444 -1066 -118 156 -417 -125 -140 -279 467 1379 106 -1069 -709 -152 528 -25 515 871 483 -405 134 -699 15 544 485 -849 278 -201 411 192 630 1530 -413 1102 -741 1110 -477 -314 -129 -210 956 -690 -575 26 -1179 -317 -1292 -1069 -298 470 -486 -628 322 -852 -1231 1029 831 -1298 -985 -334 -94 -950 63 -399 -235 166 -90 166 1293 -485 -418 -774 675 65 1011 -13 -168 -1105 240 -1256 -1131 -503 419 -203 -3 -411 234 242 57 159 972 256 490 -939 -476 -961 664 728 -682 -801 -344 -1112 -21 295 166 -450 258 996 14 889 -320 107 163 -4 -881 244 650 -251 964 -934 -229 172 -836 980 1201 -1522 -279 555 -269 280 1431 43 153 -484 909 -137 1170 -1207 -1045 -41 -567 91 -323 620 -31 -762 830 112 -441 332 578 -622 -27 -1189 382 682 499 166 -2096 -1812 261 482 -1481 -816 -1582 -360 -1100 -337 -1115 17 -784 -1277 -161 1203 -1754 1304 -179 -810 755 836 1053 -1247 -664 -757 -240 1024 372 -230 -1309 -11 251 -600 1466 370 644 625 289 1069 388 -561 -337 893 38 510 196 -301 -77 436 479 -622 -263 1076 31 575 -1196 307 114 -843 451 852 -288 -242 360 -1273 -293 -1335 -75 1798 -1123 -435 697 -927 -194 -193 -736 1090 1311 563 169 910 395 -1251 -545 297 -1117 -352 226 406 514 893 621 -427 627 539 113 74 1144 462 -1142 176 436 2154 279 637 376 1178 -729 661 462 1368 -1435 998 857 338 -28 305 520 37 -461 511 1792 -135 
1131 445 2103 -558 -455 521 -1499 -617 238 -841 -186 32 534 184 -262 -874 988 -619 -400 835 -601 8 38 -1343 198 -741 544 -320 634 -399 -307 368 1453 1231 -320 188 -473 693 313 411 1100 1295 128 -329 -1196 902 -632 1096 -808 575 564 -1046 -220 548 1215 -866 84 -214 -331 -77 567 -134 928 -1429 -974 -1488 -654 -644 252 472 548 196 269 428 204 901 -497 350 -1275 569 79 313 -1186 818 -354 629 322 1580 -308 539 828 -684 96 526 -199 -55 -361 633 -988 116 -322 196 1203 1456 -1027 -326 -814 640 1138 818 -1520 -157 366 -565 -336 -483 171 -1521 521 298 2036 549 -1102 -852 -679 634 -690 43 557 840 738 -3 -3213 1148 682 866 1103 -1010 503 -185 -68 556 772 -29 1020 -518 1087 -475 -766 -167 173 -1242 -98 -85 317 -890 -17 4 827 477 -701 414 212 97 1592 -1254 57 -332 -1351 527 -459 -15 387 781 -1244 -532 285 276 -780 823 -743 -88 394 1 944 1366 721 -843 -262 454 118 -213 938 911 74 -62 -351 181 489 -294 -1278 611 209 611 -61 -740 154 -341 -164 71 -1043 -1262 -384 -469 400 -369 652 1451 379 -71 220 -237 -520 -2054 1942 188 -1186 -1196 1020 730 -1105 1049 1123 874 -1211 -246 242 -1414 -914 -412 -42 48 -1085 -468 -75 -1477 464 -389 1317 -1225 -1255 -748 865 432 608 843 -741 811 800 927 -1109 -953 -337 183 678 -627 -78 -369 736 993 202 98 -68 151 -1138 1258 -1604 -260 -409 -963 -367 1182 -279 -253 1301 -192 -1295 748 50 -297 425 -517 -1 229 691 -425 -31 -642 526 276 -1143 -304 1505 -1378 349 158 96 -53 -915 91 -1299 -225 -1053 948 107 825 -606 1957 158 -662 662 -123 -1250 -104 161 1020 -15 1127 -712 -601 606 542 1166 -147 -690 1005 274 1107 176 588 -477 -16 614 -96 -1571 -581 -314 127 -141 467 -1493 -1245 421 -161 137 -631 490 940 84 230 -597 -560 -488 -216 -528 -673 134 -183 275 -323 342 1080 -266 -645 267 16 60 311 1185 852 -125 -528 449 -138 -443 -1361 -57 -418 -1759 -490 -292 674 -1083 -1380 -137 -164 -148 147 -963 243 
226 -686 -1209 -766 1023 -1216 -420 -555 -429 351 -830 849 -1290 -450 300 221 -1261 233 -1218 49 3 188 886 718 -576 1054 111 -688 -316 -219 401 425 277 -716 653 1500 -281 276 -272 1065 -21 45 669 -537 -11 731 587 31 -1532 84 315 -225 234 -68 312 -11 1175 481 675 -255 -186 -432 202 134 -78 -820 -1247 -961 -454 510 375 -21 96 69 1137 1160 -1583 -1396 -574 -402 991 -1730 753 -638 -551 552 1375 927 282 0 -11 -483 -24 -1178 -871 425 -989 -774 250 -1064 -397 -291 293 -307 36 414 1172 452 -85 182 -1268 550 234 388 303 750 190 511 -260 -220 -215 -658 -1094 -1013 -312 97 131 1852 -962 70 548 -311 445 -1096 657 -322 757 -1100 -142 487 659 -161 371 -572 971 -417 -974 1485 1112 -37 352 -85 -1956 -370 -1260 -577 1377 353 -600 -991 -776 -558 -1741 -771 329 371 -173 -385 -1698 -485 -299 -778 482 219 1177 221 956 -237 582 -1004 -528 -458 1661 555 -545 1162 -356 -514 417 -447 11 259 415 -240 -1472 89 -726 264 -1110 196 568 1179 -465 62 6 190 910 1417 195 -737 -188 23 550 201 -711 283 185 156 -114 -98 -441 -162 567 954 173 654 117 -987 -800 193 543 247 -1462 195 -772 -583 818 1091 -113 -860 -440 -1359 -296 493 1146 479 -391 524 -399 492 166 -1299 338 509 -553 107 -1432 -834 -133 -1014 -1092 -366 408 -1218 -4 -610 -1099 -509 -752 972 -485 -232 584 -149 511 -152 78 181 1179 979 -349 -533 159 724 -197 268 486 867 271 -1 392 -509 463 540 -647 -1119 379 -461 -1215 -923 -569 864 -505 -645 -98 -134 -647 770 896 891 -421 789 736 770 64 950 -349 536 -836 1075 118 149 774 -171 -928 848 -98 -199 507 -209 -1716 -257 -1100 393 -572 -53 541 -1217 -1341 787 244 224 -555 -525 -455 -905 575 42 -705 2890 -448 158 325 -522 693 557 -432 1005 638 -150 -278 140 -21 -213 798 1247 395 544 -262 2057 -1199 253 -612 -198 -1273 -398 -1 1192 -538 25 1034 231 555 -136 -2797 434 -1322 -990 287 1160 -14 -604 397 -195 129 472 -853 -824 229 -1446 
-984 1470 -259 369 -869 1783 -437 152 -541 1004 1262 -695 -1121 -907 -490 554 -2235 236 -103 249 142 -46 255 37 -570 -447 -656 -320 1106 416 501 -482 -589 451 813 108 -798 749 399 294 717 40 1334 429 240 301 -556 707 234 -1036 400 989 -560 -256 608 -75 510 416 -1163 -500 215 1244 241 -503 -193 133 -948 1173 -1925 378 55 820 -856 344 1119 133 285 -301 -99 -700 254 190 -60 -77 -293 274 -1094 -384 868 276 -314 -718 1215 262 1262 303 -431 488 -334 -769 -1090 -741 -879 -1910 -1233 474 -125 35 978 -1958 -639 -331 -95 -525 70 301 -115 -18 385 1011 -673 -379 82 -402 29 296 190 22 683 487 -503 -72 837 -1767 536 426 294 -881 -144 -804 -1151 -563 -1580 -764 244 -396 -253 -121 345 -357 -841 -33 643 82 995 -1438 -163 94 -136 755 169 1199 -1101 1055 612 518 1490 -304 800 1058 834 -194 1008 161 -12 355 -1986 -1413 -434 208 413 2005 -951 139 374 -981 -956 -835 -577 -808 -378 960 -468 -1405 -38 -386 119 1316 -129 1058 -1623 665 99 945 -9 905 771 -1244 -221 -349 -305 548 1266 222 838 -535 307 -722 655 435 -552 275 -20 579 724 -424 -483 -765 412 178 -741 2 -659 538 -275 1336 -437 398 -38 -626 -799 23 -660 -1297 786 -1129 1052 1532 -46 712 -305 804 -704 1017 1940 351 -23 71 142 192 424 678 -1122 -927 601 -534 1178 982 -164 609 -967 101 2115 -35 -573 11 514 -93 -631 885 -1205 384 540 1311 232 -236 -262 672 -39 816 -139 58 477 -1696 372 -1411 -563 -267 3 -185 -1389 663 540 1008 -84 -136 153 686 1017 -1217 -109 922 -500 378 869 641 -161 -736 -300 871 602 142 -557 338 -827 -30 -934 408 93 1052 -304 -726 -295 776 844 668 -876 755 -255 853 334 817 -681 -178 -13 195 -4 469 489 357 -429 -458 1179 -347 -365 227 -204 93 448 -2267 1280 -236 -731 -187 109 -854 -554 -1502 -601 142 305 940 -406 -687 -241 -540 -550 -605 1039 1244 1731 707 -298 -518 -413 1098 -349 -685 632 -953 -545 1148 758 10 556 -933 376 -392 68 466 
-394 -208 12 -1203 1307 -393 -251 1073 663 880 234 -353 -1881 -265 225 330 862 391 -966 -293 427 -684 574 -297 -267 282 41 937 -683 626 6 272 -84 1 538 170 377 284 -1198 436 -469 420 718 490 -422 -389 -206 -710 409 384 1011 -506 -283 1449 934 601 51 892 -166 1082 -561 902 -545 402 1643 31 192 74 474 -9 652 -549 439 2 931 1433 -580 -99 613 609 291 -252 485 -1466 1083 397 -328 -541 -344 -530 1000 -40 -493 -951 -1339 -236 37 308 -1343 -576 -1080 -141 7 274 -721 -140 -392 332 -618 433 -177 661 420 90 -536 1385 -19 -217 -89 176 -1051 326 -812 -454 -332 -353 -188 -659 803 572 260 -137 1148 -620 -489 -1442 560 -424 332 -545 -805 750 -1138 -583 -547 -116 -61 122 262 609 -546 -885 -128 -91 -335 -606 -1018 -1248 100 -1548 549 -1385 -189 233 196 486 -1228 -243 -758 512 -293 -102 -7 895 -433 -929 -797 -384 -274 284 -895 517 -1962 309 -882 -1432 211 122 132 673 -127 -235 -235 1054 -241 -368 102 724 -643 -485 -2265 -92 1374 492 346 387 599 -340 296 -183 1536 -381 -785 1108 -504 -1019 1335 -718 -1239 140 1704 -306 95 267 -247 849 57 -151 -365 -1272 -248 158 -371 610 -2 851 362 145 146 -644 -95 527 202 757 542 882 816 -749 663 113 22 140 -519 36 -1156 -819 -538 -123 86 536 -1238 -9 -436 378 -1082 -980 -873 -416 -358 -773 -1020 376 85 -415 -118 -968 257 92 -406 539 131 1099 743 -839 988 -172 173 269 273 -261 1072 -1096 -1233 417 -826 -351 105 -401 -1598 401 1047 -1029 -705 -37 905 464 -161 -1291 1305 -1270 250 -13 -387 510 152 1019 347 -537 -231 -1073 -361 -613 -262 -183 375 -49 669 -1116 -646 1273 -478 -528 -751 726 814 106 -220 609 406 403 -984 -835 -596 -131 106 665 -716 -284 256 430 -176 -1084 1010 294 1010 307 -448 7 -568 -586 1625 406 -175 641 -569 93 -3 -61 -505 -165 -1042 -1556 -326 -799 -200 213 689 964 -801 2439 -380 -374 -78 -538 -766 -293 -1450 -821 313 -326 1239 -185 -717 -65 716 270 -1072 -618 -315 293 
1016 -664 1828 1053 -176 62 -295 -1627 -70 -532 -1258 -497 -621 -123 -610 177 411 -1091 157 1252 898 -323 -276 182 -147 728 -1692 1797 -1094 -374 489 -332 794 -10 531 -854 -59 -74 620 738 -180 -163 292 -1534 -933 359 -4 2 -1238 -38 591 -1560 -982 -485 -702 -113 55 -1911 -1166 23 -683 -1410 81 -743 71 -417 -387 785 -58 85 -993 -1285 -701 1189 -514 944 -638 474 -1537 -758 921 282 179 -288 -325 -1710 1326 -144 1677 1772 408 -156 -626 481 513 151 1123 -445 -992 -330 1299 738 664 424 -31 324 -764 145 84 -999 43 1559 -478 -885 -713 843 -620 -968 -619 -684 -854 -285 989 -231 -520 554 386 -309 338 40 -8 525 648 -1628 -190 1827 26 1112 749 -28 419 643 449 607 -69 190 1473 402 -361 469 -97 -81 -385 -858 -1143 144 -250 580 548 167 1730 291 189 -542 -367 19 -183 -523 269 989 -264 -738 1253 493 454 400 592 485 -34 -691 847 -1356 -34 10 -54 1184 -323 -982 353 -949 847 447 654 -79 35 -2147 -567 -1301 -1056 335 742 -206 -1420 356 -73 428 467 -60 14 44 -1645 -136 993 -754 360 -568 9 -379 862 1425 715 1009 -186 1035 1869 770 -937 -108 -392 619 284 1015 -1002 432 547 -134 547 765 -1266 2379 -925 2 -1061 116 395 -1406 534 111 -474 -393 2 -1366 -704 -468 -436 1286 -1908 420 1164 -714 1237 79 -396 191 -838 3 562 401 102 -1038 486 93 -959 151 -774 1023 163 -96 -308 -781 -250 711 -1530 258 169 55 622 513 667 -275 1535 42 -1265 808 1454 -1272 437 482 597 -2092 -118 -898 -270 113 178 1065 -1570 -146 -364 166 -380 -1450 1064 715 223 -459 1482 -599 598 91 -1165 34 618 338 1990 -140 1489 -479 -38 173 -1296 867 -24 112 1401 -531 -204 -78 -781 -487 997 158 -564 -682 162 -646 60 -793 111 823 1135 -289 408 2338 764 -124 -1221 -1099 1530 108 -1631 195 -89 11 -550 -1026 -238 -42 -770 926 -168 -1362 612 59 736 -47 236 -32 -384 754 1103 -337 410 345 520 -634 340 147 -192 -324 591 -768 -1108 -833 484 -367 -269 545 -49 -929 
8 -952 -46 -467 910 -310 -273 465 549 -222 -669 -36 -962 -129 -297 571 366 280 -1092 -957 -237 -1941 -537 -241 1038 -1218 -493 -1010 1089 589 -310 701 1351 -1570 82 -81 154 -1280 1273 485 -1600 1141 349 -195 91 162 -380 -29 -281 356 -439 707 149 -275 -159 673 609 -37 528 276 -1959 575 -463 190 65 1050 -960 401 551 -514 1333 -111 1134 -472 -622 -622 -206 -481 -351 1256 993 14 -101 -122 -903 1774 546 -766 215 -425 -82 -1226 842 1368 903 -221 -5 1201 -210 -255 -382 -798 149 -543 -1 1641 143 -1181 -21 -305 -939 843 -262 88 -148 110 211 6 640 421 -915 748 -459 -547 191 253 234 -336 467 99 -318 -1779 -413 385 656 1046 -685 280 1205 -306 -1160 134 176 -608 -249 198 598 176 847 1088 1021 -836 -219 -440 -129 -178 383 -558 -79 -1801 -890 -1185 -445 -521 38 -39 -303 -176 757 1430 -568 -896 -252 -746 616 -814 137 184 1953 -6 507 -655 60 1207 82 798 532 208 523 -17 602 -585 -1452 -576 -733 -454 931 1262 -442 -687 48 -319 -181 1095 -101 -363 1188 820 -1418 -1318 -329 -868 358 136 -515 -159 810 -462 962 146 -1805 -108 903 70 33 611 1214 672 -1033 -498 424 -1602 -727 793 628 249 400 42 2 368 1154 754 312 -747 620 275 -1000 -217 -156 1663 -323 -605 -119 79 -127 -1632 -26 -130 160 -634 -990 -150 -196 152 287 -542 -419 218 180 366 806 -461 491 753 18 -181 -255 -589 -506 177 1335 84 101 1060 1112 -453 405 -823 -235 1021 567 -415 -847 -1190 190 -895 665 -420 -1018 1060 117 -382 821 -946 -1176 -249 -283 32 -1194 -187 -499 -805 464 -442 363 460 -628 1657 -1132 -1758 1032 -410 209 -576 -822 -346 -375 -54 -707 -335 306 1252 411 -1434 598 1402 -36 -1617 712 1223 375 576 -1008 142 -25 -539 305 897 -368 193 724 473 243 -530 309 -694 688 549 32 -368 -44 -1172 589 138 1678 747 500 1128 86 828 -322 -267 -114 -1250 205 239 137 559 687 1065 -274 -1735 -494 -408 2 924 138 -600 533 999 -1560 9 -168 144 51 401 1327 994 316 554 
-410 -437 581 -1773 147 -552 1342 -561 -883 1212 -133 -1114 313 52 857 -946 -427 36 -1077 -291 784 272 -34 -613 2 -451 783 531 -20 810 -27 17 -850 269 -265 1144 -990 1169 25 112 -164 -1049 787 -779 1363 -281 -190 -1057 1295 -130 352 -723 -220 450 628 -1378 -120 -429 1052 -319 -198 -1239 -911 417 -535 547 -1056 864 -990 1333 633 786 904 544 49 -548 843 -74 1851 242 -800 -1158 594 -463 -399 298 -122 -1072 -234 1136 -429 -61 661 114 -636 -499 -247 -656 306 631 -536 -131 2 -749 -555 -1013 -812 429 182 824 -839 399 1442 -157 -531 104 157 823 1129 319 179 -565 -385 828 132 17 875 42 570 -274 260 1346 -1119 -44 -693 209 413 254 -277 786 -524 -43 -525 2093 960 105 -1120 33 -1128 1050 74 -410 548 -366 -648 -713 -465 -962 -771 431 862 -684 -336 769 -133 849 -224 877 853 906 -530 -382 343 -428 754 -637 561 1033 1454 -10 983 -568 -1001 16 1314 90 444 1275 -1043 -40 -715 -772 -379 83 1342 -705 -1097 1124 30 -367 190 -1187 -738 112 -623 -649 -206 -1728 238 122 67 837 184 -700 -706 -208 135 139 545 -990 -353 483 -464 -422 454 789 264 324 -376 463 453 409 428 167 -582 29 -702 39 669 -107 662 -353 -660 445 -173 687 175 -179 -267 -623 -674 83 -940 -911 -29 651 -906 -2064 -111 760 277 -103 1035 -432 -832 -512 134 329 -166 410 1691 -351 -825 -193 -1082 776 -564 504 -800 -725 921 -983 -373 -260 405 -257 288 712 300 337 375 -656 634 -755 1301 -40 -763 -179 -6 834 -1008 315 1264 -151 971 -1349 270 -842 -636 964 104 540 -114 -560 312 -431 -2001 -564 566 -69 667 -192 1065 -294 355 1185 -873 908 -943 -1069 339 -670 795 -408 -796 535 326 1129 87 -292 751 280 1594 -684 -1162 -536 291 260 145 219 191 4 867 -218 168 -469 603 -705 -1012 210 520 -375 1446 2001 -487 1172 -1150 269 956 109 -107 1072 -514 -750 -57 61 -270 848 -172 -802 249 138 685 -667 1372 -358 -1915 233 552 185 295 -121 263 -1013 460 -1758 -143 890 -868 59 
389 930 300 333 52 164 2196 67 -611 94 -113 602 -152 68 713 153 1095 164 691 376 -1086 -162 600 -726 -261 -286 -488 366 562 -656 -384 588 -1226 197 -1096 94 -379 -669 410 995 -472 -217 98 -351 -537 -67 -181 622 518 75 -163 -196 846 -1672 367 -141 1368 -476 -427 849 -173 1127 -631 1619 1267 865 -612 955 719 -652 303 -460 -425 -470 -1169 -77 1187 316 564 90 -376 1704 -288 -261 -143 -220 -245 263 -951 -406 -73 -757 152 601 -709 -710 312 -822 -161 565 -513 -980 116 19 -86 1364 -898 232 -996 77 17 572 -1441 -125 -93 301 1316 -398 400 270 -576 19 -849 1694 980 -403 -1259 -511 240 -1204 144 289 590 -678 286 131 468 86 -539 -352 794 306 -246 -649 -1 -307 -472 -243 -370 -604 -357 858 143 -753 1195 -182 -287 -868 1307 -470 -674 2 1011 1371 712 151 -50 -42 1353 718 408 1010 -707 4 605 1108 861 -1036 -937 855 860 -557 988 -434 500 -734 100 680 -90 -1082 -473 -178 -348 205 215 915 278 -649 335 97 -1194 447 858 -320 -1159 859 -225 -403 168 469 908 739 1313 458 1169 -517 633 858 68 216 -517 186 194 -970 321 552 661 -4 -269 -74 1210 -1027 -1551 55 310 -594 -540 728 -110 271 407 -182 -126 -571 421 744 -395 387 800 1094 -674 -781 -275 -333 -81 73 -476 -356 244 463 423 -319 1638 805 992 -1705 -815 -170 120 198 -377 -308 -73 85 1333 -530 811 -792 -398 -213 -703 -506 -1612 -522 -901 -66 78 -1120 -205 152 569 376 -10 383 1098 -240 -665 -274 608 152 204 579 -243 -442 -1487 -196 -451 186 295 -2 -937 137 941 1583 -30 -568 -449 -170 463 97 -112 220 -638 1212 -229 -190 -211 -224 387 -98 -92 454 409 588 -259 1140 993 -706 90 1916 680 328 -467 552 255 302 857 -2260 -1095 712 499 143 -251 -1248 -14 -959 -117 -1633 1294 -915 -378 658 -12 -1 565 -191 37 21 614 -654 436 64 -534 574 -486 336 507 5 -899 -144 56 -484 -387 129 911 884 393 -216 980 655 223 -175 321 -809 751 450 -1 499 -518 -269 
-358 1736 -344 -540 -373 293 -76 816 -579 -391 352 -1398 -271 780 -1252 -143 -423 553 -590 -1245 0 25 384 -717 -1590 -1164 -958 -825 -274 -195 131 -1074 162 34 281 -520 1486 -210 1030 -1434 137 65 -1150 -877 187 -147 -178 -430 -230 -191 724 -109 190 952 776 49 383 209 -293 -225 -394 162 1039 1610 112 -23 -619 309 474 -265 -19 -980 -653 466 -387 1101 -324 -993 151 794 580 1230 1163 -28 -288 -821 -89 -109 940 -1074 -99 -120 -457 -449 -2 -388 1200 -817 1168 -164 -1337 1381 -455 -729 -436 256 -56 634 438 -1083 206 -1108 -195 -1104 451 149 -96 -341 564 54 1702 1137 437 619 -762 1170 216 -837 539 -190 194 405 172 -1771 425 962 997 -362 515 -241 -373 -497 4 480 297 780 1099 456 -534 -682 -121 554 -608 382 1018 -1233 -534 59 -955 -1154 464 736 732 -230 -106 856 -302 -436 182 178 -506 -1394 374 -1137 189 127 -1107 553 -623 -881 -760 -792 -608 -112 -1660 47 793 -779 60 -184 110 -446 351 47 -663 -201 550 -1816 74 30 -369 602 889 -448 253 1086 -100 163 -1272 -259 361 -1137 819 730 295 1724 -193 429 304 144 625 718 419 -633 -382 717 -544 -494 55 -11 392 -1124 -613 773 1150 -173 1558 1066 -203 -558 288 -529 -126 -1412 -338 -100 365 1198 1413 721 997 432 -40 442 -1507 -544 -563 255 -455 -1835 450 -863 -810 255 -1301 -490 -1240 1076 280 438 -891 247 470 332 -289 -576 1197 89 -1467 -56 -1058 -631 745 1047 -30 1204 810 118 -1039 526 -602 385 -749 86 -258 -61 491 1081 -194 735 72 406 -220 369 -436 37 -1073 -615 21 -1350 1202 419 943 1217 -37 581 -341 -677 288 -46 -731 1070 1051 -509 70 111 432 -534 69 -800 126 -1652 774 606 1425 693 1437 721 1087 -499 481 76 -859 -378 17 811 -105 973 -392 757 -950 175 656 -376 -444 -537 422 83 143 -909 -108 -1013 589 786 -732 -857 1273 966 -408 369 -861 -311 1331 -549 223 -756 -198 -1056 398 250 -411 -976 -306 -206 -854 927 618 310 904 940 -141 60 1565 114 1010 -612 -232 -79 371 -2117 
325 -285 549 -1039 -68 -1099 -764 755 -1332 -774 -929 440 -740 -760 -808 457 500 -901 177 -829 -430 -196 435 556 -43 45 599 -716 404 585 628 992 -640 -1340 1236 -250 332 -389 -322 127 -792 483 309 396 114 -318 223 506 248 -1010 765 -669 -1504 -288 -162 -219 -60 -628 -230 1377 69 144 -86 195 377 -469 -357 70 348 321 900 -144 -917 -571 459 -632 77 3 931 -605 236 -331 -404 -257 -1092 241 -25 1341 1774 130 -4 -658 -826 -822 -308 45 -248 -910 -408 -1546 1059 975 -40 -436 39 188 88 -262 -269 354 815 -1126 -698 277 988 -602 -1445 101 -116 344 35 161 1685 -735 864 -294 359 24 -701 1026 776 -91 -274 1554 -1344 -260 443 -747 139 733 -292 587 234 -1019 -432 1085 1028 -992 1645 -91 -732 -213 1337 -115 920 -410 -589 20 1063 -46 -777 274 -371 -70 -680 -201 -1343 131 -189 -212 -230 824 -1832 -686 555 -823 -192 1180 453 1510 564 -800 -156 -115 182 -765 -199 1474 125 -424 377 136 -353 -1134 -604 184 1162 1212 188 40 422 -922 664 325 -188 495 502 354 -450 1284 5 -1113 476 -756 -742 413 321 -832 1289 -532 647 -771 1046 1045 97 -192 372 -1082 1 -253 768 -321 -63 -23 -458 957 -251 621 304 -654 -722 -406 388 323 -1464 813 346 -323 -927 592 290 -608 -130 -308 -573 -135 -811 222 -1113 414 -12 -1549 28 353 97 1115 -930 291 1173 -270 1409 55 -185 607 -205 -1275 -522 -2047 -392 1098 -1215 -1051 912 909 -954 549 154 -482 334 -81 -121 222 151 940 310 237 499 -542 497 -285 447 -130 -1178 750 -1384 -801 148 924 -490 -1314 275 1429 191 -345 961 216 400 185 -458 -554 -78 -871 1728 -83 -177 202 57 -181 305 -825 244 648 -1046 -118 -319 -673 -1013 -340 700 960 233 168 977 64 151 792 200 -196 -15 -267 545 728 -829 647 678 1163 -789 694 13 479 -486 -10 -119 -720 -292 368 568 -371 268 122 -342 844 113 315 269 359 906 -232 -902 -1081 -1204 -859 -104 506 -79 18 435 896 409 -402 250 777 -167 -24 -481 578 -263 59 974 -1373 
-1264 915 629 -760 -862 435 -428 -324 1067 265 -210 -273 -642 936 841 345 182 -260 1146 676 -1227 305 1161 1557 50 858 -477 464 -400 1605 -325 -86 -167 861 -201 -406 -261 719 -1005 330 448 -383 -244 1186 1077 -538 146 -714 -713 187 -504 414 897 -683 -513 164 -428 837 18 452 723 287 -618 298 214 -168 -277 -621 -369 -115 1016 -936 -725 952 -578 1175 54 895 402 269 -825 -647 -1089 375 1903 -348 123 456 -413 -810 93 -272 1205 691 -1307 -1800 1125 -342 -10 -465 -765 -192 -735 -58 1218 1457 -496 301 83 -318 0 369 444 -102 -945 723 463 -418 990 -83 -1861 215 380 -292 -986 1581 689 -122 -870 -298 -185 -137 170 995 -587 -373 -994 125 -97 -1771 1068 -649 -603 -1262 -937 -205 766 -578 1088 -241 -1785 -2 811 -180 586 -898 -1275 -610 461 -425 -24 -1059 830 498 -381 904 -468 375 -1580 1183 -237 477 -178 220 -591 1321 -71 114 -329 936 1100 223 -127 -904 -1456 -1241 -151 101 -2389 246 -198 -1012 187 1325 677 -1218 272 -795 594 -1187 -157 98 883 -718 1287 1531 -24 -538 -489 892 146 -1026 362 1551 232 -75 351 -1311 -435 -39 -386 1256 298 -496 527 516 319 -204 729 -1485 443 -34 -2064 968 1878 574 47 -667 -203 767 1167 -580 366 459 -544 -246 73 -1684 -158 671 -426 1272 -377 1518 457 66 -145 244 -1106 202 -1114 -147 -1574 225 596 1402 -1465 216 -292 -818 -1968 -78 -618 -1173 1466 -497 -597 -354 528 556 308 1357 232 81 -1139 -556 -481 161 795 667 -87 -294 -194 -443 -2125 -223 273 15 1501 281 390 -1018 -1140 563 -824 -650 -662 167 753 -204 737 929 -89 989 502 -1603 628 102 -1165 633 68 1272 34 -273 -253 227 -367 56 -81 509 -110 30 -836 -71 1166 -1359 -265 -79 352 -933 -1010 -586 -798 -1221 553 2016 490 621 499 79 -621 -723 -132 901 635 -225 429 -418 -738 -1048 360 -1065 -359 -512 -493 -942 342 353 -1335 -505 715 60 749 -1270 -568 373 -1540 -1585 634 -211 824 -110 982 -706 658 130 -791 1502 1116 593 -220 39 1100 237 -373 -523 -200 -153 -244 -933 
-1143 -68 -44 -1144 -1080 -1006 787 -86 579 618 -1058 1071 262 626 1292 -497 -520 251 -21 -828 -1113 -145 1046 -78 -4 -50 33 -516 -645 -91 -1302 503 696 -912 -437 935 758 -600 216 1249 -134 296 269 286 1004 -465 -618 -46 596 -621 498 182 -140 702 -1080 -566 61 -405 1050 659 -461 -776 133 -410 1106 1041 166 -273 913 261 102 635 1307 -1427 691 -1449 495 480 494 -793 -177 -220 -902 -407 0 -77 526 21 -63 971 968 621 942 -196 782 -112 -1867 -510 -553 882 271 165 -138 -2036 217 -458 -12 652 -1159 969 559 -607 1475 417 -923 -1271 221 971 1112 155 -563 -278 -270 -953 305 -231 -233 162 -545 -1325 -742 1089 -753 127 -229 -1022 -944 -761 -1272 -125 -821 -124 1677 446 304 121 156 166 1218 1805 -860 20 -1206 -490 620 519 93 651 -1060 -1882 -368 -100 -765 322 -856 -183 -1252 568 -1245 -894 -312 364 753 50 -508 -97 -756 -231 -154 -747 -873 -39 592 -42 -294 -348 536 855 -1449 372 364 -380 -290 -26 -796 1365 1001 395 322 47 1522 -397 278 -948 -466 566 120 -409 70 1741 -467 -139 -689 -285 -786 -604 809 -272 1555 -387 414 -751 -506 -99 1538 419 -627 993 -706 15 535 -699 1286 294 1324 -1064 438 645 -390 200 -404 946 -657 -727 -558 -410 1065 292 10 -594 685 171 -869 -720 472 -206 117 -1099 -341 -1217 -471 -504 -215 -1696 868 -118 459 874 -742 -643 -59 1256 -372 456 -442 260 379 1252 -470 -595 452 637 -739 -67 -1368 -595 -737 121 -558 347 -180 -706 -458 -749 -1809 -626 1167 398 -210 158 284 380 -1067 -359 -1242 565 -304 443 292 -1254 -555 618 -192 141 485 203 1022 293 1268 224 239 -749 1540 996 -1754 228 1321 1190 1113 1149 545 180 -288 41 -28 -511 -445 102 479 -145 -1336 216 725 597 -776 188 -654 749 57 -89 -188 588 1279 508 50 454 -559 -149 679 277 -282 -253 -235 1752 -472 -1631 -441 453 -465 -319 -1312 548 -893 -462 275 1288 1296 184 -225 96 619 404 -875 -781 663 330 -202 -1591 337 1894 -43 69 -1632 -1090 -679 -113 830 519 -82 -894 
246 416 439 -467 514 2024 -1815 145 155 -244 501 523 -315 162 -2012 261 -375 152 -136 1384 -596 -408 -334 -27 -74 -166 152 797 513 -158 -76 -714 -643 256 -360 52 798 -446 -271 -969 1146 -127 419 214 -103 863 4 -438 1449 230 -291 166 -407 895 95 -1029 343 -66 344 -805 1205 -371 64 -778 517 -408 -308 81 260 -27 -483 582 -349 -828 32 -211 -808 -676 -1700 -754 -833 561 -1166 481 202 -941 379 591 287 -1175 1212 1217 204 -60 1986 -51 1397 254 -931 -481 831 -401 -957 -429 98 -1007 1779 -253 -859 1194 -215 852 -1452 377 -847 401 528 538 -255 822 905 -138 -18 -993 -1178 873 897 -739 516 398 779 -565 -259 158 -1018 -287 164 433 -26 -1079 551 -322 -1035 718 -382 461 318 1704 -168 -360 599 -638 519 -710 -297 640 131 -61 123 740 1194 969 -817 331 -413 -2102 4 1523 -706 771 -365 -875 323 536 427 -1436 -403 -53 -416 102 595 -352 45 -494 -363 -367 -1603 356 -750 165 585 -38 1295 594 275 225 -1085 46 -1162 589 -431 -344 -751 8 -844 782 1061 462 -1529 823 -1351 -406 -714 -617 626 850 -531 3 -1407 610 -180 273 -213 16 -927 -1453 -458 -36 -73 439 -1087 759 390 -1040 -1434 490 -193 60 -214 106 228 703 809 -226 -943 -1057 -73 -122 -298 -315 854 166 -376 412 1073 244 931 531 659 137 -444 -72 196 -484 639 126 -1205 133 -431 136 476 1151 -5 -461 -1355 -276 -87 -572 247 1269 555 -372 734 122 941 337 -772 223 14 214 -147 25 274 693 1176 -179 1231 -1571 1394 132 325 -1310 169 74 956 1482 -946 -176 -838 -96 803 155 -308 -787 1081 -686 -663 -316 -19 752 87 1322 -991 178 -570 355 -536 1416 22 -782 668 -42 -772 -252 1206 -584 -1217 468 125 -784 1306 -688 -833 -147 606 -593 141 5 -239 1352 -943 651 406 -615 -558 -552 464 456 -468 -607 724 -8 -1137 -339 -340 1391 178 -610 -100 -1248 -401 -3 756 517 684 94 -711 -350 1068 -198 508 -750 -1437 -951 -63 -87 -238 -737 1 -669 547 264 -348 -532 906 462 -122 14 -80 230 
594 -270 971 -861 90 630 54 458 -227 -814 -809 442 62 -1197 -666 1140 992 -611 -530 -362 493 -880 202 -299 73 -654 -382 -1095 -30 -220 169 762 190 -994 -166 56 -796 1087 815 500 -298 955 -360 91 155 -559 383 -863 -154 -982 353 239 309 -93 -616 125 -358 318 -773 -187 839 -1606 -1592 48 326 -732 488 749 569 224 -146 94 -239 227 1235 -1049 -806 -764 -831 -124 711 -51 1231 653 -468 1306 423 1197 1853 422 -532 188 530 966 1112 -212 -69 -929 644 1476 -563 766 -300 579 -1949 1009 164 1996 -334 -493 -88 131 1444 -237 648 -657 -174 334 -164 742 164 1027 2277 -252 -459 -412 -339 -152 441 -324 661 1317 65 -420 -1090 590 161 143 -359 361 1495 566 285 367 671 1189 574 91 727 -605 178 -1574 1176 -244 21 -872 -566 -1155 298 -1791 34 3 -288 -639 1028 399 -608 -1009 790 14 1142 1738 608 48 927 662 109 -559 125 -1158 -97 615 473 -1160 -763 -627 977 300 -37 797 -62 1209 -272 151 -314 563 -380 1145 431 -454 -976 -228 -817 -1030 -224 649 -1098 -737 356 518 490 460 863 938 -529 323 -40 824 44 -3 205 -432 247 -805 657 121 -305 263 -45 99 1360 395 229 535 1755 395 1396 1131 -456 -232 1067 -460 -1613 -539 156 -1111 923 -209 -1330 -575 -57 -424 107 187 -1456 1605 514 -899 693 589 570 184 240 724 622 489 -55 1700 -1139 140 1472 955 558 274 339 -612 -297 296 -822 834 -781 195 245 -583 217 218 -337 -751 641 771 -795 -724 875 -795 271 697 -125 -2311 345 -807 -724 1041 -349 23 -265 242 386 -229 -691 111 -177 -653 -517 -460 -68 -816 530 1313 346 287 -1066 -457 -1155 -356 60 1362 1824 -1696 -573 174 -298 -931 418 -545 -687 495 1301 -934 -132 959 -1316 342 147 -379 -866 -298 -387 -504 -1508 70 875 620 778 172 763 364 -65 -1648 -203 -245 153 -221 -16 -305 50 -562 58 550 -548 707 -401 295 27 -60 -260 811 -381 136 -632 -1816 47 788 -27 -5 -352 -44 643 1514 -103 671 -1143 713 279 -988 -1062 -846 -816 668 628 -204 
-1026 -671 601 533 -345 -589 -1639 -811 -493 -2 236 1358 1424 -489 -922 -1091 -437 -30 -993 209 1042 231 323 630 1166 -153 530 840 630 177 -804 -215 -1182 838 843 -667 -675 -2 -1092 -579 1312 -78 -28 287 -66 689 -218 1194 -781 201 712 613 -1437 -159 484 -927 -186 -1582 -48 401 78 -412 -407 -2156 1158 -1467 -230 21 -1304 942 809 -166 -625 -120 -229 695 806 -613 230 -731 1268 207 629 -523 -460 656 -553 -9 -44 400 -100 20 26 -319 -892 470 303 -787 -214 -201 154 477 271 912 317 -1648 -715 -66 606 96 -555 211 -448 162 244 -635 -810 -262 -291 -722 1590 496 98 892 -234 -1179 -376 -1353 1140 -242 -925 -1355 -306 -672 65 -710 -787 -226 -1065 107 450 -646 -1802 915 448 1066 -459 -114 649 -723 583 -656 319 218 -709 749 -262 -200 474 -933 613 262 866 97 -121 722 509 -275 -404 -53 494 -738 266 911 -94 1156 670 -1013 36 151 448 628 -422 175 587 -60 -486 243 -589 -683 575 168 -33 -398 328 -24 -975 111 -720 819 593 -320 681 -49 581 -614 305 -1122 156 168 828 401 892 -1097 -685 317 84 -815 545 -1019 -95 954 -313 828 -185 -100 23 697 -909 -1139 706 634 -366 -218 -370 -419 -1551 927 -367 326 -1728 -235 289 -131 -589 785 -1221 197 1246 865 142 -612 621 -452 580 116 -1890 -730 -397 -772 639 310 -10 205 343 -183 -1116 -230 -23 668 -492 531 -1029 440 -978 472 995 -559 -159 672 601 478 800 562 -542 -162 344 579 737 -91 -529 2053 -991 -674 -745 -575 241 181 853 120 -803 -904 -812 963 743 -1033 1132 394 112 211 -805 -873 762 823 156 -810 158 -885 180 -321 168 558 923 1243 1435 -985 124 569 31 -1854 265 786 -26 479 702 -770 80 52 672 803 104 -453 59 484 50 238 -553 831 -836 -764 -805 220 -964 1108 -292 431 -636 206 -1030 -272 834 158 481 -271 -381 170 1193 1314 -122 -139 1144 -1011 -1839 535 294 -132 -306 1204 -1032 -1239 -457 418 -52 536 -1011 -632 320 623 -761 -260 338 -1490 481 483 -1078 1369 615 1047 353 -1183 
-450 471 612 -925 113 862 201 618 56 29 -621 -383 630 485 -1064 -909 481 177 697 -1132 -472 466 -79 -575 63 54 -548 -18 -404 -165 435 233 868 938 -1123 -976 878 612 493 562 1250 156 75 321 107 -624 1620 1823 542 -613 -1179 1006 612 314 -27 -277 -105 205 -201 -152 -769 183 -56 -551 2061 1406 -18 -1236 342 -664 24 -778 235 -908 -1468 41 426 -284 -726 -483 217 167 963 -708 -322 -287 -577 1425 403 -832 -755 -844 -169 316 -621 901 -92 -464 25 -1451 -497 -1577 -1291 1322 -57 -143 -768 -941 1076 -558 772 -165 -252 -115 -870 115 -415 -350 1199 955 156 -279 1221 993 -668 415 -298 -1272 -607 -766 -221 -143 1006 -1519 2021 241 523 371 -545 405 -1184 607 -286 -25 -784 1213 436 256 317 333 798 -478 1328 226 827 99 -968 52 755 305 -905 -415 36 570 130 1537 448 913 -1674 1106 -414 -1204 -86 353 335 44 935 -318 739 310 -398 132 -468 -1046 -645 -109 1649 -558 -116 150 -230 -1336 -151 -1205 1606 96 24 -386 249 1027 -959 146 294 17 -219 -1046 -609 -279 -157 -758 -749 565 375 254 418 400 -849 -910 593 1032 -459 -1502 -1244 -1 -198 226 81 352 37 -1127 -629 -994 -383 -163 205 -792 55 -420 -541 403 -136 8 -581 38 -1327 194 -132 -226 1445 481 -559 291 -277 -319 327 -650 -791 465 -65 463 1776 343 15 543 -32 27 -940 -139 -768 277 -137 1083 156 -28 -690 -264 298 -311 1396 253 163 1498 854 -856 -962 865 945 -363 -651 -1158 309 1104 -643 367 -637 870 -1405 -845 -665 -673 1282 -131 607 656 189 467 -112 -397 532 173 199 -2076 -104 1600 321 -1405 -52 -166 226 -355 -756 -825 848 622 1388 -824 291 -657 71 -16 -702 -28 -291 98 601 243 1015 1077 610 692 -255 324 -1456 -268 2207 1226 -409 -1631 -1435 -659 -875 514 -269 -258 653 247 40 264 -340 0 843 717 -256 927 1558 -177 437 978 526 1513 877 -780 399 -519 -373 1739 -1007 35 -228 -297 -664 -795 -533 142 -727 427 -96 394 -190 -136 -772 -268 -167 743 -81 369 -443 -204 -715 -694 
-356 -926 179 1103 1407 -18 -784 -437 744 523 955 997 909 -102 1533 -1361 142 311 977 374 276 -845 650 -603 -193 -650 485 517 1358 -271 -92 265 472 449 972 492 1167 -897 -454 75 1509 324 -294 644 107 86 -1036 -896 721 -345 -929 680 80 397 297 -312 813 -333 -942 1432 -78 684 -265 -863 -730 -676 -336 -809 -996 145 126 182 -749 378 -381 -210 99 616 -509 53 157 -288 -405 -1122 395 647 1076 175 -961 911 -406 786 1314 -357 -60 648 349 -119 -301 -763 484 -1302 411 180 -510 -1876 903 -649 398 -502 218 -506 319 618 358 -887 -102 -1483 1325 -214 -145 624 155 1013 559 34 -194 -181 -380 -941 -1867 -239 -1084 353 128 -1091 932 -949 -1673 44 1353 -311 -257 -308 113 533 -551 1011 -362 -516 509 198 760 -423 -993 384 1344 180 1670 678 80 -559 817 541 1085 65 179 -666 -1019 -2135 -112 409 39 66 -715 340 -513 -951 -563 279 212 1301 -145 -967 -96 -145 -617 -69 -501 169 982 244 -1263 -223 92 328 66 121 511 -315 -590 784 687 -2160 -583 -263 -281 -996 -516 256 -645 -269 580 -861 -203 815 -646 168 430 -634 252 -700 154 -200 342 228 519 1929 -841 654 154 184 -601 -369 -494 378 1431 195 302 366 308 988 282 352 146 545 183 780 -175 -364 1276 1011 1062 -169 218 4 1225 -873 233 -54 242 207 123 -239 224 -514 127 922 5 -194 -697 -774 -218 287 1251 650 -401 77 413 373 638 -453 -1132 -1820 -718 -438 502 1561 745 -176 -573 -665 198 1242 283 1030 -206 203 -273 -1182 -238 754 -893 1286 1057 -1642 787 754 117 298 -216 51 997 797 869 -358 592 54 -247 -689 -1316 -310 -979 -578 953 398 1062 496 -498 639 -567 746 864 59 -1192 -235 269 88 94 -1568 -1140 -358 -639 681 -9 84 -195 197 -2101 78 589 198 1015 295 158 -1157 -799 22 -299 769 354 868 -1096 -841 17 873 142 -1203 -697 -1298 558 -1097 -819 87 -85 635 -321 792 -687 -480 -393 365 -975 -500 -707 413 -696 -1270 612 207 792 -8 121 -259 -1580 577 -1037 -231 -667 741 
-2 -262 -1646 3 421 400 -1580 529 -517 745 571 -908 -261 610 547 313 501 737 -344 -495 -542 178 -1566 -798 994 259 -178 -319 877 -653 -1186 502 -1474 554 -1330 1276 513 -493 -1558 85 -1358 783 501 935 -732 386 -932 -624 2181 637 764 -1098 -1002 -1230 1468 606 1884 -307 1090 -207 -381 181 360 -1228 -132 1169 -802 683 1705 -882 204 -1047 1916 -430 -229 892 409 -123 1708 -2 651 -383 -123 1413 -482 55 267 -905 -1463 1551 91 2260 1761 2078 -602 1018 -352 1099 -882 -918 569 -793 -333 -1231 -322 574 -1002 651 431 -666 -217 -473 -33 1182 288 -369 701 53 118 -160 -15 -616 -402 798 294 -25 -172 677 -1197 -696 -362 62 1012 -439 560 -166 -1517 -370 -55 -1232 987 -700 896 824 -831 135 812 1206 658 -878 588 -354 180 -112 119 -433 88 875 -533 -296 711 -214 1303 265 975 -193 307 929 -163 -1599 867 1635 1050 -1379 -70 107 -1172 -1422 -479 124 -13 552 817 -256 1059 950 -1805 1136 1473 -1241 -907 -1229 741 163 441 839 -318 1044 -385 887 256 -905 98 1240 741 1280 805 -176 1005 283 313 269 -1116 -469 1442 214 155 -440 329 523 348 -989 685 -1123 117 596 875 406 -1033 -323 -702 -10 490 13 -404 541 -292 -118 -1628 2007 25 248 -1722 357 584 532 393 322 -777 2350 766 392 -325 177 -18 -217 691 1792 1108 1128 125 778 1315 131 2 -1625 293 703 1010 1215 361 785 740 400 -44 699 381 1485 -1 1531 1338 -13 -864 219 -342 -1580 10 138 1163 1702 -913 -1776 -847 -624 307 -6 235 920 -43 -125 180 -122 1205 -450 -435 -1542 -531 -611 -464 650 122 669 290 315 -959 198 270 -142 -632 -165 -435 -532 -936 -2272 220 -3 497 -975 -464 852 1215 598 -898 29 -1112 705 108 219 374 -176 -889 -880 -1537 1031 1370 -35 -344 -676 -238 1 522 294 1398 -814 -49 314 -111 346 1025 -1666 -171 632 -442 566 -290 577 515 -937 526 -810 59 -1049 -992 -993 15 -282 1726 -556 -530 354 639 1557 -1236 149 1105 521 -31 -173 -1215 -787 1025 371 -1057 639 1398 -503 -599 378 204 1060 
-1459 -96 -464 -695 725 -610 -1245 -264 -184 1173 -81 -43 -853 -419 886 947 -933 -661 -480 -547 317 53 213 -90 1006 214 283 675 -11 717 -156 -320 448 -334 960 605 -528 274 -22 438 -634 15 840 324 -302 779 -727 -498 204 214 -604 -603 333 -358 568 -726 -334 1407 1538 -139 -851 513 689 643 -747 -276 386 1157 -648 1449 -42 1765 183 -98 156 277 -1044 -750 -589 1000 118 822 1266 699 -562 387 804 -514 -364 90 33 -850 449 57 -727 387 721 -529 -54 -507 -351 -579 1175 169 507 79 -872 378 -716 -325 1187 -574 -635 -344 459 -630 655 509 -377 -231 371 -206 -67 743 -685 -672 1299 -244 654 -115 1162 350 -994 348 -171 422 -201 -569 632 550 -566 187 -181 606 -229 -645 -906 912 -367 704 -64 -207 46 -384 864 167 603 1451 -183 214 -11 1377 100 -595 -215 151 -86 652 -586 928 -32 1566 622 1256 1624 -39 79 574 -39 -131 215 -173 383 87 618 -269 413 -497 89 279 561 370 -265 -313 -137 318 418 -302 -388 855 892 407 -304 608 -119 1707 218 -857 -31 430 224 -1654 440 -606 1582 -752 -1327 -284 22 -343 -737 260 428 812 -452 116 -442 -570 105 -465 -102 -56 -814 232 -1037 -750 872 -1091 15 835 -1267 -1112 123 1386 -568 -500 783 -83 96 374 1161 89 -582 -938 -701 -69 928 671 -764 -354 -479 16 -1118 -960 -2153 -619 -534 -504 -624 899 -1074 455 591 607 417 127 -808 574 -341 152 613 -23 -105 303 941 320 178 -171 576 -58 -358 -992 229 -353 -140 -1232 351 1121 -105 -372 579 346 294 -238 688 -5 759 488 769 749 -123 579 526 452 770 431 -1411 -281 1088 -90 -1046 669 137 673 94 -1200 -851 -1214 1096 824 112 -649 327 -802 -800 -67 66 -743 818 91 -1192 1031 -402 -611 631 -107 91 -591 446 -1013 135 286 -428 309 -1139 143 136 381 -14 -128 -270 -277 165 -650 -62 781 -8 360 658 799 -602 -412 84 74 1374 -722 -130 -136 569 687 190 -226 142 507 -474 151 -601 -611 1747 -1310 904 17 1025 1313 559 -258 142 -709 -198 -886 
-341 580 -332 -1359 -453 -116 -312 170 -103 101 687 327 -522 -400 936 703 -241 -402 -201 -826 -516 287 196 691 318 -767 480 -85 -47 -289 2652 18 -1171 -1502 993 -151 15 956 -163 252 -832 380 345 -559 362 -343 93 995 469 -621 -926 545 249 701 -384 -48 2047 415 93 -1485 79 -653 581 187 138 -682 -321 858 -885 -1012 -824 554 -2024 519 164 -211 -2093 221 572 -62 1908 533 511 185 -830 -535 -21 -1096 -676 227 -1722 -978 527 -80 109 -607 780 -137 1413 193 -156 1561 -264 -242 169 -451 -860 42 -641 -772 1858 -178 -234 -46 509 -1660 -371 97 1605 29 907 -390 1934 -331 -927 568 -55 -653 759 -428 -629 -1365 66 360 -829 1386 -287 -602 928 274 48 -1062 -1000 355 1097 369 -1164 450 1543 -732 1516 -261 937 -262 1241 -798 -706 -903 -69 -159 -588 -336 -739 -902 -174 840 856 -499 -857 -1272 618 481 1091 -319 -340 1854 0 -630 -632 861 -1416 879 70 100 295 -40 458 343 -1611 -621 -277 1327 -799 -1695 -490 -319 -1565 1313 93 1013 405 194 -178 -288 -154 -603 360 -610 -475 -97 509 -844 -180 -1342 -437 603 -902 -504 -610 -700 920 -1268 -273 736 -222 -217 -1171 1178 -371 -685 -794 340 246 364 320 1136 623 555 -64 551 358 -367 -121 -1573 -407 -114 1122 62 -512 961 298 303 -327 -1115 -741 1322 -1902 -410 -1163 620 -435 -394 -847 523 -301 -237 -242 606 198 -284 973 929 -234 561 -321 1000 -1442 -165 -155 3 -204 -1396 955 1196 241 -622 -12 -1804 751 -668 -112 -239 284 -283 180 -741 -565 1686 831 206 -1105 79 -26 684 -875 514 -369 1113 -500 394 -728 -431 -1377 51 -650 451 40 -350 283 -936 -288 748 -393 -53 -543 -966 1080 -566 -1174 -1267 -947 7 -575 -1427 -287 -1016 -979 -1416 947 -398 217 -1256 -1188 -389 -292 307 -1256 419 -198 657 1339 -601 -61 -76 773 749 837 -198 -316 -69 1307 -508 389 60 -139 498 -482 -1247 270 1125 -856 -520 -637 -553 -729 47 407 -1852 332 -270 -349 -1166 219 -216 750 184 861 -472 158 33 1248 -468 256 -288 -1147 253 -789 -178 986 162 
-163 -1239 226 -435 1569 895 258 -259 272 401 178 334 475 284 -1166 102 -458 692 -471 179 -276 -69 -848 -1839 492 890 151 -186 1096 -753 724 394 -230 -387 -438 313 352 194 989 -79 759 -884 228 168 283 -161 213 -636 179 604 -39 -360 -175 547 652 -658 407 -365 -322 412 -792 42 476 -608 -358 598 -177 877 -418 -1160 -271 1591 478 -172 -87 57 317 -659 -403 256 -63 1 395 180 508 329 -868 413 -694 -1139 478 -214 913 746 705 -172 1356 -321 -328 358 -229 -189 46 1004 348 -103 -469 -438 -457 -806 -869 81 -707 562 -1221 -147 98 -506 765 -169 1164 -549 -713 -188 646 -224 412 -384 738 -1128 59 937 1564 1160 823 -395 668 -258 406 -761 -479 -1021 184 438 1207 -54 1199 1046 -548 358 1040 1117 1381 -87 -334 98 -405 -147 97 18 411 -800 -862 1106 -1678 -772 -791 132 942 501 401 155 199 -59 -596 715 2244 -1212 291 -921 -74 165 -672 717 565 91 485 -1562 -655 -30 -133 -106 381 -1129 521 87 -681 772 -520 338 -787 -521 225 354 -1219 -272 -263 -39 700 -714 -478 318 -839 103 -49 -578 1411 46 368 -51 508 -357 -156 -280 478 770 -1086 643 -310 365 -442 630 391 -72 -747 327 -441 119 486 -477 -113 815 182 -579 -309 -452 789 925 239 180 105 693 753 655 1289 97 -1412 16 943 162 271 416 1497 -85 104 296 738 -447 897 162 86 8 345 343 -398 811 -53 313 154 497 116 761 -1063 80 1 -397 551 -797 723 450 706 787 -1897 1152 -396 -679 -553 -275 534 196 345 -417 1476 -190 216 45 -134 -460 -388 -286 -524 385 -664 -178 227 -1030 -567 492 450 -817 619 100 9 820 460 -1160 -300 768 561 -491 826 262 -1083 47 -162 473 114 -74 693 1533 28 335 1042 225 61 32 381 30 1646 41 228 -359 1035 309 748 -628 200 1145 -134 -791 1120 -54 -278 221 -800 -1175 418 -500 170 -316 1218 751 2 813 -224 643 -547 78 1095 -189 134 467 203 602 -1171 -1812 486 -132 -1396 -443 -770 249 -375 22 -132 -182 602 217 -433 976 
-506 -744 492 -1440 587 1537 -404 765 -214 611 367 34 -1039 -197 -334 139 415 1139 148 146 -9 92 -606 -406 350 -1002 304 138 993 953 -920 -589 263 1473 813 41 475 -1495 121 -887 761 534 -46 572 1176 551 -1297 228 160 1017 162 77 999 196 -493 -220 -317 732 865 314 -482 -748 -1160 625 -8 -537 -226 53 -7 -233 -651 -741 -1293 468 -560 417 -759 -962 -467 -524 -68 -327 -365 -951 -340 -1249 2411 -1461 99 -628 152 246 -235 31 262 67 718 188 -533 290 -407 346 33 43 -1745 -1536 -363 -837 -104 209 259 -181 58 -189 -376 1012 533 59 480 16 1043 -325 1257 -45 -445 -516 -371 -1125 -467 1242 -767 -1176 -195 398 643 1067 364 216 332 762 -473 -554 -1486 214 456 -217 -639 1426 341 -747 -1263 -137 -167 -193 1020 1445 247 -582 -134 340 591 220 465 448 -592 1352 196 643 -620 -830 951 -1582 -86 -1410 265 856 -320 1363 167 472 -161 948 860 -126 -328 -341 -76 585 312 861 504 -1216 1193 169 -462 53 221 147 -211 364 -135 809 626 620 -902 313 -752 -1064 -260 -464 647 -1504 -1321 102 351 -140 -705 1336 -1308 676 -805 -141 581 -847 -320 32 -387 563 1386 650 -378 493 -51 1003 -1206 669 -1365 -279 -134 -913 450 -715 289 112 -1000 -504 258 -23 566 441 1061 221 -81 70 -1406 -92 161 -862 85 291 535 -206 -1108 558 73 -1169 -404 1514 -214 -398 772 202 136 -164 -472 -1709 -137 1352 -377 -477 1141 -566 1040 -479 1198 30 363 637 388 -524 -69 1593 1047 -652 122 85 1409 1048 215 362 146 -2 -257 651 -590 -264 -835 -654 211 -27 -821 -337 1513 -644 1378 -599 607 566 -713 -705 169 -1169 -360 47 762 -59 -624 264 239 -674 147 -417 846 440 178 -591 612 -351 -581 -944 246 -99 164 693 -1294 -433 -1461 185 -170 -162 374 260 -478 -883 733 416 526 -538 -333 -242 183 -698 39 -2011 454 -552 1268 297 -167 626 -1107 -1053 -728 -241 -165 167 -1318 -118 -453 -412 -314 -179 -398 367 -80 1183 -127 -742 650 -97 353 1397 1631 -346 23 -338 -1178 874 388 -684 
-1873 -714 77 1033 -1034 1349 -962 -7 1517 140 959 -483 307 195 228 451 -441 -62 12 715 -1163 -830 -121 412 613 1144 1553 1113 450 507 1214 -819 650 95 -1100 373 1397 200 -223 -376 1151 -928 -530 318 654 -196 290 -126 -373 -58 -211 -643 -344 -378 151 -277 -1084 1567 100 31 -162 870 -639 -653 37 -65 1229 520 -210 -569 -345 -159 12 75 -37 1051 604 878 937 1008 876 865 51 1062 919 62 1169 -1523 -481 -94 566 1827 807 233 -824 212 83 231 1218 232 -465 -519 501 111 -253 614 -121 663 132 595 -146 124 739 -34 -353 255 113 193 615 -299 -894 -491 1887 -337 -727 -179 1169 -358 -381 -919 -1105 -1111 -22 -642 968 -1420 -126 -1098 669 -88 734 -1571 -316 595 383 -353 624 498 -946 527 1113 167 -208 -150 -272 1499 -449 681 -766 -531 1114 514 -33 -858 195 -378 -651 790 -832 -2071 113 -74 -262 1451 -687 -318 74 -1083 2 585 285 -363 -157 -415 938 -49 -1382 463 -79 572 -178 -142 691 243 -92 -101 -743 -1086 333 843 -222 -384 364 -160 179 1635 503 27 58 -1743 98 -122 -1461 227 678 65 -309 1124 -585 276 539 -93 390 345 -1261 80 1061 -707 -1418 -477 -1243 -4 686 1066 3 -1122 -1169 -155 95 554 616 380 383 -61 352 -954 -821 -173 616 -414 -228 -855 -996 -1884 -410 -342 492 -509 364 680 695 991 -618 -1317 793 -700 -403 662 -57 468 415 184 318 -428 1068 -41 -353 473 -693 763 1236 1155 -408 1113 -167 -267 981 -291 -439 159 -39 577 342 893 -411 -1174 1022 723 981 -578 1597 -856 -488 854 437 394 39 -751 285 -184 944 -151 1702 58 554 -962 932 -1136 -2020 -189 343 533 -855 -1325 676 377 -975 1738 712 -1556 816 445 -436 537 861 -52 -762 -237 1053 -1850 -1316 -326 -785 912 871 -110 -86 -535 -489 -266 -611 -682 -322 378 -406 -382 -375 -485 -922 28 945 -59 -1428 614 -561 -209 -632 -234 -177 359 -702 145 955 -197 546 595 -837 275 714 31 170 653 -837 -558 -508 834 20 -70 327 -1071 832 -376 751 -185 -1697 552 -1168 -174 -783 428 
-286 361 594 850 49 -346 -690 -1057 542 581 -240 -510 1275 926 -1372 -40 315 -124 -880 1542 198 830 1314 -264 372 1387 -949 26 -186 -757 911 -1140 238 459 -86 -323 -317 2 599 552 -1027 290 13 -351 -551 193 -206 151 -112 547 -327 123 -377 1206 -678 1421 -446 115 1315 1072 1490 254 674 -211 -106 -773 1563 228 -1040 729 224 -152 -462 -349 -15 1262 -105 367 1672 28 566 -25 -399 -392 332 1315 -222 97 54 -65 -747 658 -442 -759 1009 -875 559 302 298 -655 766 -72 -390 504 -778 -527 91 -245 -685 1378 -1949 -242 -1470 714 -1766 -7 -328 -835 366 -1830 -331 -224 -1366 -423 -1657 1306 -1549 563 -471 347 -1464 -294 250 244 -999 -1156 -156 -1212 -583 -716 1014 -57 -476 -1164 1216 1492 109 -801 541 -549 1032 -769 -1592 543 -1173 159 688 557 603 485 1014 1383 -1125 345 -155 -182 622 679 315 377 970 -487 -172 298 681 78 871 1840 161 -1141 576 -739 224 -674 412 -971 798 -466 1525 945 -559 1241 628 502 120 -1076 -802 -1071 -1032 357 225 360 -580 318 -605 -1782 236 198 677 7 548 1866 623 194 -141 -1033 472 -654 1326 234 -290 43 718 -828 287 1027 134 73 -45 905 -94 -79 424 -1161 -366 -760 451 -732 -244 535 24 -420 -182 826 -385 829 -479 268 444 -749 1611 63 609 -2079 223 -1218 71 0 428 255 -112 431 -461 154 10 -40 -25 -43 -59 580 1053 381 -1366 -449 -163 387 1641 114 -397 -744 358 765 100 250 -113 1477 20 -896 -1149 -411 521 285 426 -883 1607 -662 687 37 -1816 366 -338 360 -769 -614 452 -1358 381 -750 -11 79 370 -445 1405 793 536 -746 580 1296 218 20 1458 776 -57 -906 427 1305 986 -30 -1036 1997 1749 1056 -291 -388 136 -720 672 1138 -331 -1258 947 245 476 -1048 -715 -1153 747 -1681 901 593 -1324 -1061 350 -96 -391 -419 -47 1291 976 -255 201 88 62 -369 825 1322 178 -659 1039 -209 -328 266 1719 814 200 547 -440 2190 242 563 -384 641 495 227 314 -863 -575 -387 -1205 527 248 -358 660 861 -676 22 1406 -1175 379 1050 
-173 -952 -1970 -235 -1344 48 -1614 140 -324 1236 315 103 -166 -598 467 1134 430 739 -379 -144 1423 -559 -883 -1111 968 7 915 929 -1070 -123 -153 266 544 328 -394 640 -358 17 44 -337 -5 664 -1132 -851 -914 -882 -1349 -1012 744 1541 215 -1580 -893 -131 -762 -1406 533 -623 4 90 -324 482 415 -739 -98 625 -782 255 822 678 351 285 -101 -431 642 -93 16 -775 656 -683 -516 810 -504 -6 -1770 -946 -542 -574 157 499 -715 284 763 -640 -387 -1560 -957 372 173 31 -792 977 751 -148 435 1043 224 531 -141 -687 1281 1002 -268 -595 1337 -584 -773 -451 -668 239 510 1356 -14 1047 519 -159 814 1357 103 656 536 -38 513 -516 -249 -645 658 -160 455 394 317 -667 587 -237 -1101 -436 991 1495 731 13 990 -688 695 -51 434 -55 262 766 -306 644 -584 -1987 -119 -734 145 -1757 736 341 223 723 562 1114 -148 202 1567 336 -918 -238 605 -469 -305 -159 130 -40 1070 -975 -171 1059 -466 -1171 -336 -482 -283 -422 -161 -1040 118 175 -98 61 857 -67 246 -497 -764 2343 -13 68 580 -1010 558 -585 -968 -157 -954 121 -801 -513 -80 1030 702 894 -411 148 339 -778 -343 -1140 375 450 24 -83 -867 727 -695 1760 -1004 -415 777 -32 370 -853 -1050 -653 -1289 243 89 -1758 209 808 318 333 -282 682 495 204 -7 -389 887 -723 545 161 -940 -898 -738 -448 -91 -638 544 -74 73 758 171 -203 -905 -1072 -1590 -15 -772 -64 221 -469 -635 191 67 -612 -625 157 776 -745 -547 -1187 29 -225 -141 -773 746 -139 3 1232 273 -1300 -69 342 636 -780 149 336 214 -263 1288 -352 1036 -425 -146 672 1392 -1698 -263 -117 654 -229 -57 1068 -450 29 23 -139 -179 -251 -282 -219 811 -510 -936 1425 179 -843 488 -1025 409 -658 -449 1242 -711 470 34 -205 614 -880 -348 -291 1270 -230 -148 36 282 961 425 96 -515 -1396 -100 726 -516 1979 247 -72 -1163 -1132 53 -552 -1055 -1213 65 930 124 -21 708 -187 13 53 304 -1165 644 -1018 -191 -221 -181 295 671 251 365 -131 -294 -384 684 316 -16 872 
-433 -138 1617 -861 -604 -241 -1223 -277 1177 414 669 246 191 7 -275 442 -403 -636 -299 717 103 55 -343 1003 76 846 -230 182 -145 353 -278 303 -68 1010 430 -697 1325 -1088 140 1211 -750 459 -612 -272 -1081 -546 1185 -966 -47 -214 -1357 184 87 -520 -380 818 -1422 -963 184 -862 -96 -700 -99 -522 1039 -354 499 209 808 -647 -163 826 -1290 85 -18 -944 -735 811 340 -225 369 -470 -294 -196 80 1105 1549 -631 -669 -291 -325 672 1065 -216 134 401 250 -592 -1167 -465 241 -183 -53 285 -142 351 -974 -1731 304 915 -635 364 -367 1320 519 170 908 237 163 448 -1488 651 502 385 384 537 -208 -350 15 -917 -391 946 1029 -471 237 62 -289 -1303 12 116 121 -138 502 -270 69 412 881 -1706 -254 -673 -259 -316 -64 188 -221 2296 -183 169 949 -248 -132 22 -232 -161 400 -883 -346 245 -295 -148 -144 543 -1324 -143 -1064 181 -298 -933 -627 -972 1392 -334 449 -578 790 -514 -113 -165 287 231 1876 1186 -460 -250 -1859 -1121 -714 452 1076 131 -1054 -1289 303 1328 27 -14 -644 -155 462 1162 726 -455 428 -51 -1134 -255 836 -628 275 -86 -904 -372 -709 -542 645 -511 -50 1147 -902 -689 -166 -853 112 1023 806 1734 59 -237 -294 570 30 422 40 228 254 -354 164 -426 -540 121 629 659 -937 -273 847 -420 216 -364 -753 -1017 -1182 -65 518 2160 716 -1311 878 -34 258 -224 1439 347 -203 -182 1011 381 986 -20 -815 428 -111 -575 455 447 -320 -668 -22 -945 788 485 -109 1037 103 -86 -133 -848 511 238 -1523 -250 -687 1299 120 -43 340 -1410 -57 384 650 -520 863 721 679 -236 -513 -244 722 591 -1682 -610 -1351 -262 198 1353 1065 -95 -566 -2723 -1257 1355 -622 248 -231 -1451 -530 -97 568 330 1909 47 -645 -272 -1137 -485 -146 -222 -285 -1419 -801 -1211 308 -41 365 586 -269 327 712 554 -75 -816 303 1785 61 -437 1725 1079 1233 -44 1534 50 492 -587 300 -546 803 12 257 -841 -426 263 148 149 -163 -78 455 733 1181 -268 -1075 -230 498 983 -494 -129 -431 96 -80 -1325 154 668 
-424 -798 250 410 -1150 95 -370 927 835 -1106 9 -645 575 163 180 4 499 751 -830 27 -877 247 -936 124 -637 805 -752 811 -88 -266 327 675 -814 1103 -1027 -1031 -430 -761 253 194 -413 440 13 -850 975 -280 874 513 -1287 476 -148 -200 -656 -897 161 -500 -209 -152 940 126 382 550 -688 -189 -174 -1361 1037 795 130 214 -1449 -99 -798 -665 -214 -344 -236 177 -1005 882 334 -671 -157 509 -1238 -9 362 -733 1882 -241 951 -365 -669 241 -120 -980 211 -567 123 768 -188 992 -602 -809 -374 -555 -676 98 -516 710 -267 686 607 1836 -554 -164 -1413 1169 -1552 539 -703 -322 1022 212 338 -1465 -806 131 468 -242 234 -703 343 336 -560 127 -173 423 -483 924 -599 81 -114 189 1529 670 -474 -429 771 -140 -95 -682 324 -221 -318 -533 13 -332 -1492 266 -285 1340 569 -55 253 -383 956 205 -731 413 678 398 -693 -1677 1142 1032 -254 -41 685 -265 50 -1054 397 -424 753 309 893 214 335 -1235 481 26 524 -710 -733 -417 -851 903 -1547 -582 792 143 -1959 97 264 701 -61 -354 689 218 258 -408 -375 -31 -288 -890 -918 -377 303 308 403 -202 298 -422 473 1112 136 167 684 427 -941 -107 974 -213 176 1143 67 -905 349 275 -83 19 11 -67 -184 -1368 -1028 -176 -406 1169 -1084 127 1264 492 -874 926 779 3 1679 -1179 746 356 -786 841 -175 930 676 -78 516 466 -122 247 -531 132 49 24 -176 -265 208 -53 -158 -108 -1013 2098 -47 -417 1192 0 10 175 -468 -33 45 -373 132 111 -456 454 -1215 716 -328 -657 -130 1091 -1401 8 137 -429 645 159 94 -1323 539 123 725 -774 1858 367 1312 -1040 -43 -569 197 665 -1034 -226 -6 -230 919 -1365 391 202 124 191 -527 -575 -943 -684 -253 -467 -447 66 541 540 -689 -190 -822 -482 705 -40 177 1206 143 1140 -2 -1076 34 354 299 172 1379 -1810 -542 565 -210 -71 30 -920 -552 337 499 893 380 811 -456 -353 634 -713 103 -534 -32 409 -1258 -584 216 -1831 166 -48 -790 936 -316 -169 141 -36 -206 812 1286 1065 1416 -371 
-729 -219 160 556 -189 -970 461 -1648 -1639 116 -56 -649 851 308 -327 -293 319 986 -508 107 661 396 108 -124 -1206 -602 429 -1478 -464 238 -109 -825 -107 903 270 1456 -162 -286 1225 -425 -108 -1663 344 -430 1020 -180 505 682 1268 669 40 575 -162 440 -382 506 620 248 847 -500 598 -951 1604 572 8 187 -369 348 -234 1661 49 456 122 189 972 820 -1093 -602 231 -549 -1020 -812 -645 294 -189 131 -249 1064 94 839 -526 862 -86 -634 -262 1188 -905 -382 -524 -215 -566 -106 -856 642 -928 -565 180 -1250 94 761 -360 161 636 425 730 -178 174 1074 -531 -237 -550 -1426 46 318 -17 232 -408 550 736 734 880 -1184 2736 -52 686 -34 -752 -1596 -616 124 -370 562 -215 -412 67 -363 -1257 -178 -88 1134 -645 -816 123 697 -1373 -330 702 499 588 -89 -67 100 -1123 -271 1311 16 1778 59 -969 134 -201 -377 -846 -2357 -269 899 -58 691 -521 -853 16 -298 -560 259 403 -337 1403 -150 538 115 -223 1055 34 -253 -699 311 319 1007 240 749 -1010 -96 -130 -1096 -734 -149 534 402 951 1493 325 1949 -145 -332 485 -441 -822 -1431 208 -125 -383 150 -577 -121 560 391 -516 607 563 -1210 -162 -823 -336 -382 -373 -623 1550 -187 -782 1213 181 1194 1488 166 -64 -60 -1986 -478 -707 545 -1300 -946 837 137 -326 269 1158 488 91 -245 599 -422 902 413 636 -1 -687 -723 139 -1874 36 -535 203 -1209 -941 221 633 989 -489 -374 -76 -876 24 738 54 308 707 -48 -1048 -918 -339 -450 -470 951 800 -1175 822 -731 -1736 -976 -1091 849 -1669 -695 -1250 -150 794 -273 309 358 113 -534 -557 -388 131 79 745 327 -56 681 -150 1009 515 -294 284 994 809 -1970 27 1191 -523 -505 -1271 419 -445 176 -367 -69 316 -1498 -614 275 -328 242 -274 48 396 368 710 -288 -1090 -99 -261 254 -454 -526 -169 -152 1487 347 -325 922 -1349 -46 323 -824 -1869 -951 1190 -501 -501 689 781 361 -1282 44 1431 -735 -1963 -373 64 140 -1785 25 -577 764 -934 272 -42 581 266 185 -122 -99 1016 110 -89 -1170 584 14 
221 1375 -763 -264 260 -1046 -564 308 -1061 246 631 -316 -912 -746 -497 -676 -259 -1215 183 526 603 602 1151 1535 -1343 -66 -1330 855 1589 1144 62 494 -710 628 599 118 127 418 124 54 -934 1435 1286 -740 871 -410 -2044 -2311 -416 -789 271 69 685 283 465 -782 -1122 69 -512 -533 140 -61 852 81 -235 490 -91 351 1341 704 -218 953 518 1673 1463 -755 -2404 532 -1374 -1028 40 -1190 589 -1468 642 -938 -744 -540 2293 -518 579 934 -332 184 -198 -482 207 -1313 230 -186 -117 -470 427 1206 505 -524 -131 -654 608 -284 102 -62 -387 380 149 1188 84 105 -563 -530 -1169 -1811 -823 -186 -99 -1149 -202 124 -480 459 -1010 566 -1017 1071 201 -742 214 -137 -283 -193 150 767 537 -832 -409 396 520 -1169 -62 -666 1031 -827 -877 -477 -297 868 -491 438 484 -98 -586 -338 227 -1363 -484 -109 616 -975 885 -20 -1145 -817 -116 1424 509 -294 777 -65 645 -869 -1424 111 -953 -861 -365 -548 599 -868 -689 1276 206 -787 -161 1053 -350 -210 -73 283 1444 65 775 -227 1036 85 420 -280 -644 566 342 -49 -952 -1152 -404 872 -1104 104 224 1311 118 1016 312 506 284 -1697 -731 -735 259 284 -525 -568 -737 566 -375 -172 -505 -835 1362 -603 -660 -1624 1215 -493 -271 -567 -1196 -71 656 -18 -932 148 -1163 51 -918 280 -928 243 148 -123 -712 -1154 87 118 84 173 -1969 937 575 -116 -702 -217 -355 203 -1128 -114 -364 1312 611 503 -1158 -818 -467 -1776 1080 -1041 622 -252 934 347 -594 -1249 966 -1794 770 -221 -61 1245 -1177 1581 344 1661 -1763 -5 1459 -224 623 -56 412 109 -117 378 492 -184 116 -586 -1303 -264 528 305 1235 464 -161 -879 1137 187 1318 276 -224 -96 300 -94 958 409 -103 55 869 -34 173 488 -278 -460 23 -879 21 -900 463 -565 89 514 0 -240 495 109 -609 924 181 -1025 873 -493 590 1101 562 680 -547 -1044 -721 -688 1017 866 38 256 -607 516 -204 2358 16 -698 273 -906 -1039 -370 898 -619 -124 570 -85 -1356 32 1123 -440 -303 468 303 441 93 389 -418 1309 -1444 169 -359 
-351 -273 46 948 -288 -87 894 -355 1386 783 -218 427 -266 -789 83 -505 116 540 1202 -353 88 -397 926 775 905 -1601 1229 332 431 -631 437 59 219 -339 -727 -61 1096 567 310 -453 964 644 -1669 577 499 -56 -394 489 675 474 -1015 1261 -203 671 -155 879 -293 -746 -1073 -36 1322 1226 1217 -391 -837 160 613 -102 116 -622 -1211 406 25 -1430 214 -362 569 350 -258 -797 651 -2033 -1062 123 -124 203 -472 -16 -1510 -998 -377 2087 761 -258 41 905 564 908 -132 -1588 -465 -451 389 814 35 464 915 -850 -847 145 -709 145 -901 -1015 -421 -1794 -183 813 178 -757 -422 257 1908 -30 470 1316 258 513 -758 150 275 -228 -178 161 623 732 990 -595 205 175 -255 58 -666 -48 -7 -43 446 189 -925 680 -323 -177 501 168 622 -890 53 -1881 387 -103 613 1011 -324 -92 284 634 -750 597 -257 1165 520 -1418 225 176 -232 -494 452 -306 -863 320 996 793 -789 706 67 -468 -1112 -511 478 -690 -313 -131 -1710 31 -423 672 287 -19 249 945 322 334 1696 2330 -446 1333 615 655 660 -392 261 -321 1224 -242 -1111 638 840 233 -996 -564 -576 -79 1203 385 389 10 -1249 727 -34 188 569 43 617 -410 384 1114 -948 -950 39 -1535 598 5 328 234 -514 888 -184 49 653 -586 339 45 309 168 384 68 -15 453 -152 -103 -744 -195 -175 181 396 -474 -775 381 382 410 -879 -703 -688 -1172 1062 -92 -253 203 960 1273 -832 1257 405 517 1780 495 509 -867 427 -32 1302 167 -335 -259 -552 775 -94 -272 176 -9 -177 -764 -130 -16 -107 878 -869 1587 -1249 -1316 -240 -422 -742 1154 1269 222 -147 -671 -732 -681 -471 -806 -475 888 294 88 185 -419 -666 7 -667 -304 814 -964 930 -997 465 -909 1436 547 -221 184 -656 -195 209 -226 1707 -559 -226 -171 55 -356 193 -307 -382 -476 -709 548 93 741 1190 -797 229 569 1385 -217 -623 -1431 194 -1276 -377 145 488 -748 723 -958 324 495 633 450 -55 -1017 937 -309 372 1357 -253 483 229 -306 -1727 764 412 -900 214 -209 215 1213 564 118 
72 551 1073 687 -539 621 -155 -181 -351 317 -398 -64 -1290 96 -172 -235 -343 359 548 7 348 577 900 356 -1117 1013 -214 217 265 -843 431 -871 305 447 153 1148 433 -291 -129 244 -733 144 -725 782 362 -150 560 36 952 -999 195 -264 551 -1128 28 598 -245 -47 89 461 97 -1710 -543 1439 -315 -216 454 522 1453 -353 875 -859 -482 -880 -284 432 1357 238 186 404 359 -1341 687 -1550 -993 -1710 -629 -816 -702 293 -1146 599 -482 1240 383 -318 283 -1448 -1131 101 96 -899 -75 -64 334 -1521 -443 246 -162 1088 835 -1286 8 705 -569 2026 -606 -87 758 1662 70 1372 326 1395 -627 22 1817 -834 -762 -1249 -789 841 383 588 -579 249 121 241 -1806 -4 1053 1026 594 898 -787 667 825 -995 2026 692 -837 752 1820 15 -143 -341 -53 1815 54 60 -335 -563 1927 -668 -196 916 707 -253 166 503 -378 -826 1386 363 168 180 -1484 -487 -631 -508 -424 231 77 46 -1130 307 -25 -95 -241 -389 1292 -331 1144 1019 1290 -213 -518 -166 -309 -580 295 692 400 505 208 -504 -304 -906 1074 1576 255 -1036 -360 -52 -161 920 188 -644 549 663 -698 -302 -597 462 439 1571 240 659 -148 -375 -370 149 -1176 554 1081 -203 172 -695 994 -301 290 185 1387 1373 -1639 -199 -675 -197 -9 547 1108 892 -928 -507 -1294 -258 91 776 -1727 -54 1188 -338 -591 -970 -328 -639 -1045 -748 347 -669 -531 1620 -1155 -10 124 -1572 693 192 -1247 129 1402 289 1673 -654 69 -370 -260 -363 281 -640 -801 -629 199 622 -966 1005 -111 -237 70 1027 225 -499 -275 889 -724 -874 713 -1412 627 -155 -458 602 1745 470 595 -658 1056 697 880 -308 -693 -249 719 48 1323 -294 -745 1123 301 -197 -2076 305 890 -754 -1283 -355 686 147 -370 -148 -1780 -1692 -157 -598 1472 -312 73 -834 -798 -1689 472 -222 872 1592 218 450 -430 -761 312 1237 -234 893 81 -1112 668 -291 -160 654 556 598 -379 -217 -673 373 -1292 -731 799 163 -1062 -633 -959 421 -297 -629 1083 -308 616 -118 712 -928 1017 -1701 773 4 -58 -386 179 133 617 229 
7 -64 1125 -488 -870 -403 -381 197 1650 101 -328 -376 2165 -788 1186 260 827 -268 69 555 -383 805 -125 1790 309 801 -255 235 803 407 -32 -7 -329 845 312 -411 600 632 -754 941 -732 437 -192 35 1826 -521 -393 -226 645 639 -365 -1012 -686 -1502 -253 -343 -1028 -860 -1184 90 552 -143 1079 -396 -1191 -170 -858 935 -369 -800 165 -649 1050 -985 1142 -893 283 -34 864 -898 70 -810 -153 -79 -173 628 134 814 -623 -1180 -122 725 285 158 -603 -892 -1544 -328 727 -855 -944 -287 -1322 -415 1107 443 308 305 -700 1928 -110 1676 -1289 138 -125 285 -465 161 -517 -444 -584 515 -183 139 -538 -143 762 -1475 -649 -661 371 -14 -727 -1069 71 -384 -99 -444 1594 -319 -4 -213 445 -565 536 885 299 -1315 -407 -401 730 -901 -728 577 -310 -697 -774 575 -288 228 -605 175 405 -1141 372 509 364 168 -991 847 12 -1208 -109 1616 -923 -104 490 416 -287 -310 -1257 448 831 -464 1263 -534 -1291 -53 -1897 299 -256 -497 142 -637 -645 133 -1316 34 -153 238 613 116 -815 -1325 851 1021 -287 2452 -1024 -170 150 -202 -201 -1307 -289 -29 870 -247 -111 154 824 32 -1459 -138 -1387 -534 -359 458 864 -1442 -850 357 -1651 -458 17 299 -383 -1142 -598 665 -762 159 -418 -53 -1154 698 691 -482 -172 -480 -369 218 910 735 -131 1679 -295 1287 1002 208 -1332 390 466 885 1007 -819 -1177 -208 353 1178 587 -1199 -376 191 -35 -161 -493 -240 257 241 83 483 -61 65 143 -1339 102 741 636 518 -42 -303 -1182 -751 -1265 -1781 -213 1141 -64 -1626 -1278 -590 27 1069 -370 250 -790 -72 -958 1034 -273 504 787 -379 -1345 -1000 1462 -403 -378 -1166 -195 839 420 452 472 490 1011 1099 583 27 -1232 -178 -502 -1285 326 -1000 33 1142 1048 -329 -237 -1004 301 277 -83 -732 1232 -1316 -1453 -795 -1420 -946 1307 -344 -527 2 111 -1445 406 -1573 2132 2626 -621 -451 637 483 -203 1478 1106 -1215 -484 1204 -689 -986 45 -1099 702 722 -353 -144 -225 -542 -435 -1005 229 248 64 1105 -639 239 -677 51 92 360 -589 -548 -864 521 -507 -198 
-410 342 -1359 421 -358 -524 417 -1016 -719 -275 -291 -1833 -1376 1457 -112 436 -82 1105 313 740 182 -8 -393 395 -80 81 585 61 -510 554 -629 1319 1018 -900 590 -500 626 -1378 -1059 304 -1029 -821 541 213 -864 -268 899 -1059 324 618 472 -537 -398 333 288 -74 346 -249 349 -421 -859 345 120 -139 -969 328 -376 -15 470 -283 -1585 355 393 -254 466 -437 -1070 843 1034 225 -545 866 -971 -235 723 -404 1001 -886 -1568 225 493 -407 778 -242 64 -766 -972 431 691 120 -415 418 114 1066 248 -278 -272 -400 -413 636 -741 -50 -84 -579 -437 149 -346 -180 639 -687 973 1566 -944 -305 320 166 -478 301 36 -331 127 -847 1087 58 366 -1155 329 -985 -829 -378 61 -198 585 -1427 439 813 -911 1121 672 332 -36 -550 279 813 408 468 1603 -355 -344 971 782 -208 121 442 -356 -195 -387 472 1635 -339 -1024 654 -215 -789 -952 490 -148 -460 -1610 100 719 -317 1717 252 74 82 927 -1031 548 -1784 -400 -1496 1004 790 -1010 1081 -1222 229 -688 -1396 530 1033 -56 -379 344 30 -166 -869 -1479 -116 -476 -932 -549 -494 -1281 -68 477 -610 -619 56 1053 214 197 124 -185 1433 -559 2 1098 434 311 -897 359 237 2157 116 -394 1039 -521 773 -130 -833 -335 -138 -1010 997 842 841 1106 1658 443 233 801 802 -289 -42 -455 377 -128 -283 -1381 68 -256 414 -958 -575 138 -337 553 680 1 637 -928 -115 -1412 1 794 -588 -1415 -428 -221 -822 -40 -394 -257 60 -486 -198 -155 334 -681 452 -107 969 -554 1120 -299 750 418 -538 -291 130 671 -1571 110 -89 -846 147 184 -265 359 105 745 -430 468 -114 51 1180 1791 -582 -513 376 593 -636 -473 -107 770 -589 -1499 -975 307 -187 -272 963 -755 -397 -503 -475 79 20 948 -960 -847 705 46 748 -1521 865 368 933 -572 -922 655 -1613 -438 -369 43 831 487 -979 -426 31 416 869 1209 841 191 -846 892 233 1164 668 -220 14 813 1898 947 180 -344 361 -553 -253 -431 -864 -1409 270 228 214 -293 244 773 277 -727 518 348 -789 578 -375 -374 -2 
689 -9 -261 -18 943 -585 -195 -308 -156 -803 241 501 -915 421 -495 -759 1122 403 -23 -66 430 435 -1336 746 10 146 200 826 956 -191 1313 524 -1164 890 -1369 -42 -281 865 -1141 -322 -902 194 -776 1135 1286 -616 634 599 53 716 372 1439 -384 -189 165 826 -453 -360 452 -858 -859 -187 360 -2131 559 -271 -532 -637 -860 114 13 -717 1089 193 13 1149 -476 -6 1101 409 425 -697 450 -176 516 -87 1309 -92 -355 -651 -118 -153 -461 593 -1042 299 388 1652 130 792 891 -2641 -122 -501 -1001 177 338 483 935 -741 431 -460 76 -213 -93 231 103 788 590 816 406 -1268 598 290 -556 559 1248 717 -1009 -68 -412 981 312 -260 447 -346 278 1464 829 -660 -320 1236 -148 -81 -927 -813 233 -35 1425 -1081 -422 958 -275 -415 -1210 -623 235 -767 -1119 536 -248 -373 -72 431 190 482 338 -521 -380 -1564 154 386 -2521 -579 -1387 936 414 -615 -168 306 281 -699 205 7 131 854 -742 -365 834 -437 1218 299 648 -217 -482 -740 -54 37 344 -280 -236 -786 1676 -398 -462 57 -373 96 1016 -563 1165 719 578 -100 -313 517 -911 1801 541 -1598 -311 -1392 711 -573 -977 -542 1263 -175 170 -289 -167 -377 -289 -571 -482 -21 -589 177 -767 30 1531 -722 -629 -402 1995 1433 -472 -305 88 648 284 733 -761 -159 791 -1725 -377 -904 1493 -534 -747 -83 880 282 911 1826 237 -171 1233 845 -627 -446 -14 -427 710 672 534 849 556 803 528 549 966 844 851 -580 -606 -181 -703 236 -624 177 -513 1817 595 396 401 -805 -132 232 13 212 -905 61 -257 383 -722 -83 -229 347 -182 593 -477 156 -1056 -507 560 -45 -78 -975 768 164 787 285 922 402 -415 241 321 -900 211 -949 -1258 204 54 109 -586 181 302 -334 16 544 -140 -1601 201 1328 -973 -218 19 -1041 312 1200 -1319 -159 1340 -489 900 -15 -356 -246 -282 -666 473 -582 533 927 -740 -232 -755 -247 -126 1175 240 -461 -1136 -250 1761 602 -387 533 -730 -767 -431 37 -975 -792 979 -1267 -535 -840 1691 -1031 -115 638 587 66 257 -360 -91 554 
3 1109 -626 -161 -227 -675 765 850 -71 -564 -91 -986 205 606 786 -272 857 -1109 424 -1310 38 176 -344 452 -1768 -465 -187 -871 -1041 -232 -1783 -179 -970 -453 68 817 -559 749 758 -711 609 631 -817 -168 -282 98 -982 408 843 796 -302 389 953 -198 221 -423 -19 1205 381 563 408 -1340 -1173 559 308 194 987 -600 735 -245 420 -383 821 -348 790 742 55 -1885 208 -363 -622 254 1855 345 -143 -692 -920 135 -205 -318 -886 -57 339 -813 660 -1452 -34 747 -35 -350 120 -263 289 -506 772 862 29 -66 696 -622 1295 -957 937 -1372 349 424 1473 -25 379 2047 1405 -340 -438 1065 1100 998 697 579 212 98 116 592 188 24 -893 1051 -26 -1216 -59 -1031 338 214 1442 1080 -494 421 287 -369 -518 -10 -708 1674 -164 937 144 614 529 544 649 874 -1269 -229 283 -256 511 458 447 -194 785 -1016 -152 873 -287 880 -113 -402 -339 789 345 -866 -1119 1826 69 -1169 -618 830 360 -693 -77 1051 -353 301 -301 -152 690 1346 154 -1646 -65 1239 -427 700 179 420 -119 -1224 561 -165 870 557 -831 347 469 840 710 622 -250 283 292 -409 900 -80 -551 -602 -1520 -786 312 -713 -545 -242 -815 -124 518 -385 169 782 260 626 205 -1289 1052 395 452 511 -674 -597 -737 1949 69 159 -357 773 457 32 605 119 668 520 -129 40 186 -24 -83 128 -518 -510 108 -777 450 590 -1051 784 -74 390 50 -716 328 -420 509 615 -129 1399 -636 -394 -1090 -236 226 -2236 -362 -495 -266 126 52 -786 115 -10 -210 -1088 376 1036 746 1112 518 -855 348 179 -383 774 -386 372 718 401 -432 608 -511 439 -1047 -227 1206 542 -312 1082 12 262 432 785 -463 -107 -401 478 261 -620 333 309 -518 810 -558 -983 -26 470 -894 236 279 -1222 351 166 -272 -642 470 6 -145 58 -229 1290 690 255 -58 -1417 2173 -362 -253 -1022 1065 -730 -226 -1056 256 -16 -1026 -559 -993 902 391 298 -238 -691 -94 -728 309 -217 944 446 -690 -325 1224 -545 1263 780 292 339 138 1441 47 311 28 112 279 753 -499 -440 
71 -347 1233 1021 -783 90 212 -101 1189 791 1013 166 1366 -55 74 632 -339 -883 1308 437 92 -332 293 -482 -269 1766 1041 -1193 402 -609 553 -312 644 340 784 628 -606 1255 -551 193 -161 -161 -541 941 -1305 146 3 174 -426 -196 108 -230 -477 583 -363 707 -887 1087 919 -541 1639 -187 -407 586 610 48 826 -1298 -657 -247 -368 452 56 -497 1286 849 -339 -1834 943 -170 -825 720 2081 231 -1461 -133 -1293 254 -104 -1128 182 205 184 -79 -231 -235 1086 973 418 1126 1042 827 -632 1024 332 546 -458 40 533 293 -290 -564 948 -836 1128 -602 209 -244 816 -215 430 1031 189 -21 188 251 278 549 -2997 -68 208 371 958 909 -1161 -1526 -147 -816 615 -18 -260 -290 -417 409 -1354 322 -837 -1087 -820 -1530 -441 996 -15 1708 71 183 -278 -65 340 -635 1975 -40 -135 -597 553 -598 386 388 -1405 638 170 564 -743 991 -487 955 -150 -1226 937 -1470 925 409 1262 -501 -492 178 1175 -3 166 260 1000 502 619 705 -532 -247 -604 -247 44 1602 12 -226 -117 -270 695 -850 164 716 980 -1513 935 906 -146 271 842 176 1156 234 -587 31 377 -147 -608 434 20 -1096 -498 -636 25 93 -341 -138 501 1800 -83 519 -184 -106 -1131 -1329 -342 -198 -1198 1508 -769 333 -80 -1081 68 563 -240 392 -135 -776 -245 1131 -1680 1283 -864 -110 -705 93 150 483 329 -317 -311 -319 387 296 -652 -605 47 -58 579 -180 656 -451 -149 -899 -12 1062 293 1245 51 582 -1690 311 -443 -1030 -179 293 -458 492 -744 91 442 -138 -84 1150 555 1060 987 -674 992 530 687 -1916 -389 59 -830 -119 99 721 -758 -1046 -722 615 125 992 898 73 -881 -499 1768 -18 -379 -1479 -627 -1109 -437 -1189 -647 -633 -1285 243 -862 -1002 58 1199 -54 -1279 1897 -160 379 -1942 -1109 -80 15 -898 155 -390 -106 -488 -948 22 1998 -115 183 -1628 2156 391 805 841 -660 17 -968 115 -592 -13 -158 315 847 -195 -113 887 -157 -1008 748 -75 -863 585 623 36 -210 1313 1252 1176 -1002 1094 559 935 -604 963 -17 -187 -291 -608 -1578 200 
-805 -986 282 386 684 412 707 -1272 1187 646 -272 -1288 909 722 534 -98 -27 129 -1217 -820 544 652 239 95 -1014 -1121 356 -662 -470 -1141 -290 47 95 -323 -112 629 342 288 -193 -765 1369 -898 520 -525 -917 -376 -287 -579 227 10 -1162 -587 33 -40 -1103 1254 869 1300 650 -311 144 -767 379 -297 -836 856 499 279 -516 -75 273 278 525 -388 667 126 58 1020 420 -47 -359 800 919 -219 -201 752 628 -628 -795 200 -342 -235 -182 530 135 -627 -696 -108 62 435 505 95 -235 -737 -112 217 -546 327 -2 1065 -648 -190 -213 138 591 -720 -163 -621 636 -404 467 186 232 -1281 -182 -694 550 -222 210 364 480 -242 387 -1423 -397 -984 -1096 335 -1101 -371 1555 114 198 386 313 360 -132 4 -1382 237 399 221 -485 901 -583 -234 -713 447 -840 1035 854 -287 704 -921 1104 287 82 -567 714 -405 -69 1417 119 -110 -304 971 -384 -114 -239 -936 766 348 -306 533 1174 755 -313 1040 503 -14 -494 729 1061 343 1337 665 -43 -467 -353 186 483 43 -1453 -11 -983 -747 -1419 -750 817 -69 -201 86 460 -832 834 175 -409 486 -541 488 669 178 -163 -459 -57 -144 -320 792 1791 -36 1292 155 -322 -1167 222 -766 429 -751 -78 -290 566 2146 573 -1010 38 -288 -228 393 -1043 -500 -605 2024 284 417 -200 828 489 -295 -101 745 476 -773 -498 -1208 184 -278 302 -234 641 637 -576 321 38 140 -187 835 388 -1182 -735 -276 1017 -716 -128 395 -720 277 80 -335 1492 1 -836 531 703 1 -392 268 923 -854 -722 -788 519 -870 -231 -291 -102 743 427 -395 -1320 -168 254 881 -299 639 -817 1187 436 532 834 449 -545 786 -496 -257 -394 -335 -262 591 -1855 209 -36 195 -207 740 -1012 286 -616 1275 1222 -144 192 -683 -689 935 433 -860 -460 1502 731 -1068 -246 476 396 -1020 -619 773 -170 -604 163 450 -984 574 -796 534 505 647 -469 208 -92 -347 758 1124 12 654 197 681 -310 -333 1113 -547 669 354 314 -276 1476 1257 -794 927 102 1110 1175 238 645 -633 745 -23 217 196 804 296 
270 -1140 -364 354 -118 -234 -210 265 -168 37 -836 59 -664 235 -510 733 -1606 -823 -6 -195 119 760 426 -610 -588 837 -220 661 -775 175 40 744 816 -840 -641 -1270 116 -535 -165 -485 1319 -1496 1888 -189 -278 468 654 645 -277 1553 1390 -1124 -145 487 300 675 63 273 -271 -284 158 1480 -97 -166 -149 303 1440 668 14 -608 -768 211 439 294 -111 -995 -64 -166 124 -719 -617 -431 148 -811 882 -1189 200 552 58 -411 -567 1776 -5 -214 -568 69 -52 37 1379 -453 -91 -367 -501 277 -244 336 945 -346 -782 -648 169 -599 -85 875 4 -748 -559 786 -215 -164 174 951 1278 -146 -266 -44 958 -86 -708 187 1067 1081 -514 -514 1417 -16 -151 -729 -1239 384 -1600 -106 101 671 328 -69 -380 1151 -423 596 863 -749 155 1525 -266 86 -670 -1020 -405 649 -1080 -681 1347 244 219 343 439 28 86 129 -227 -323 1060 -748 730 101 375 -1002 -211 108 995 560 299 224 -352 1006 -82 -544 -1012 1560 106 -1171 -188 -168 1050 424 -261 -22 29 -1041 -769 925 -174 -516 -38 515 -104 -666 -260 -311 -92 1564 -13 -533 251 327 -438 882 658 -936 487 -736 30 -342 -1053 -423 -699 416 -431 901 142 747 -189 -780 509 -125 351 155 -868 -549 -1179 -420 -1372 886 -297 154 387 801 -937 273 -766 -907 724 1211 -883 477 -1162 -771 -340 233 -997 -261 301 243 -178 1017 444 1599 -442 321 -1273 451 684 288 -115 -521 848 -718 -412 160 -1235 -203 276 125 298 189 575 836 459 -253 -1102 -497 346 -160 -975 600 -240 282 197 -199 147 1742 -123 515 -694 423 -701 -1120 1483 -1519 -198 325 -490 278 20 -224 -377 -347 -200 1342 -542 -384 56 420 -219 -69 682 -271 -33 -730 345 -71 355 846 412 -482 775 986 -394 -683 1162 98 -1789 193 195 -1606 -238 249 -48 286 1408 -450 -81 -837 966 523 -1105 -1489 622 240 -497 1024 200 -625 -439 -659 -1194 -349 -719 -837 436 401 745 -343 281 457 392 674 109 -574 -316 -574 -1071 -178 -73 -513 1114 73 -792 -1105 -493 779 104 -865 762 -1345 -1192 -874 -87 -122 
664 -1356 564 -394 1086 -35 669 -465 469 -718 786 -563 -954 377 -188 651 831 -664 194 -1332 -102 433 -32 781 -1401 -216 -117 874 -943 271 309 -531 115 599 719 -1131 -1333 -37 390 -917 1310 -306 -388 -299 -248 -586 585 -327 -1024 364 -42 -163 -261 435 -103 273 740 -943 325 5 -190 397 271 -496 869 136 274 -468 660 -76 -160 -400 406 98 -188 -180 299 -520 -311 -169 -181 -29 -458 -817 1256 740 200 -164 1461 -358 -351 408 109 60 -675 -622 566 1077 -614 1086 410 1161 577 1648 -1142 888 210 1162 751 -310 -548 -117 -607 -354 785 668 -1327 616 -6 768 592 -332 37 1085 177 -1278 942 -658 -631 836 414 282 1309 400 -74 -442 -865 -248 636 1266 -374 -1598 -364 549 -1505 105 -345 798 -924 -743 911 -470 -178 -28 -762 -1735 498 -832 148 957 -109 -347 -310 -870 27 515 139 9 -430 1001 890 620 -747 -700 -279 927 590 -545 921 -424 370 844 -344 744 34 1359 -323 -322 -614 442 193 -805 -456 -115 -471 451 271 149 -517 -278 1480 362 1045 -560 -1039 -403 -200 197 165 -315 338 -985 -199 -567 542 -718 -1594 426 -508 440 2074 591 988 -336 -211 -719 -384 -203 31 421 1238 -124 -1318 611 26 302 -912 1062 -289 -129 -1074 333 391 -175 21 -129 1020 135 292 -735 513 630 228 -1305 -656 400 209 -900 -1130 -128 26 -58 -236 -445 503 -378 -67 150 88 49 48 -1227 632 -24 -123 877 -219 127 802 -907 270 275 -709 2284 201 -288 -236 -142 -867 -992 -3 258 -165 377 93 -116 -965 -205 -319 -522 -111 206 76 -51 231 -379 -1485 94 161 -401 1782 291 1153 -229 127 453 -878 -1912 -1422 799 463 671 -845 -659 1601 -747 -657 -1194 -805 -413 1585 104 -394 -77 -218 237 162 -1172 -206 -289 -843 1045 131 664 -1267 -462 17 1501 155 133 161 177 385 -132 816 364 150 -128 -9 1343 73 -275 42 1080 341 -299 268 422 784 1141 -503 287 485 -354 2181 -1641 -714 -1759 959 194 -671 121 -138 584 -239 338 -204 752 -1447 -1539 650 649 -447 -59 160 469 85 -492 811 -1480 
194 -504 -308 302 -411 933 1275 -151 -131 -811 387 -327 1615 -527 -360 44 644 892 1050 -691 499 138 -779 -384 -379 675 531 -700 347 -1219 -160 -418 -839 -446 477 -283 766 -223 -103 272 -658 1607 -498 -1076 533 -1003 -229 459 -34 731 -630 -119 434 -614 1916 -997 502 -162 85 -53 36 -1207 835 358 14 -620 591 -1012 -433 -618 -616 177 875 -1075 240 -506 254 330 755 -647 63 -1040 558 642 382 -1258 -1023 931 -322 -652 509 -320 469 -217 -817 70 792 775 -1407 382 380 -562 284 34 109 -68 164 419 1030 118 1290 74 472 489 -943 809 -190 1250 201 -493 1039 1087 -358 389 -1055 81 2464 -97 853 -84 -110 58 -1403 101 -452 359 -748 -94 821 702 424 -126 -65 1119 559 8 834 540 -361 -396 456 -766 -126 1434 281 21 517 630 204 -274 -460 -1086 907 400 -176 -584 239 912 -535 -803 -55 -1064 929 -1028 -579 -714 413 -855 -130 -91 -1449 386 -136 749 -270 789 -1282 -183 -207 -234 -731 -1199 551 -1007 -432 -69 -941 264 794 47 -216 112 -183 -133 -838 1378 347 1341 1485 186 -47 -897 500 629 311 -360 -535 617 493 1260 13 -913 -610 266 -167 1416 214 596 -228 457 -906 -699 1230 225 -2228 -495 956 -435 257 -495 812 704 140 148 16 -159 -135 573 -733 -438 760 816 1085 271 -254 -783 -296 791 247 -445 -1066 474 437 1085 367 431 -666 416 27 705 -725 993 39 -679 923 231 -791 54 709 940 373 -784 302 -388 -1020 1211 -280 -703 -408 62 -349 509 374 -73 -1528 -633 643 288 -606 -815 1151 -334 205 135 1037 1396 944 324 1103 353 695 -359 944 529 383 845 -1930 774 -711 1380 -133 210 1279 233 -115 -1234 -426 205 324 -544 -238 997 450 -515 683 16 480 182 -800 80 224 -543 -2012 -627 428 -983 -1139 -321 -216 452 553 845 981 131 470 1162 203 369 352 364 162 511 225 1088 290 548 860 593 834 -1186 356 1403 -493 3 1108 -860 -1070 -103 480 299 451 289 1034 -533 -606 583 1402 -1635 200 579 -883 -95 454 79 -291 870 -333 -206 360 39 
-127 565 -128 -279 -605 456 797 -477 726 -249 -2 -52 -1158 199 547 -477 84 -1186 245 666 87 407 931 -708 749 827 -33 764 -568 139 -808 -929 962 945 -338 603 951 -893 -1191 1563 -475 700 -1316 938 -444 -580 -1140 -1380 873 -910 1230 144 -453 268 -1190 -142 -671 434 122 -914 -285 803 980 -262 -323 1619 216 768 1993 136 -151 -581 -318 523 121 -364 262 209 187 -692 1092 -431 701 -674 96 262 -299 292 -1295 -1131 -775 493 -87 239 -157 -397 -108 -1439 468 -679 -405 -135 -75 -732 175 195 57 -534 -572 96 903 605 1356 795 400 1327 66 -487 813 367 103 737 1387 -798 125 -1184 1053 113 825 -390 -215 216 -705 -1184 656 -355 95 -619 -2518 972 -1006 -133 78 61 -302 62 -960 241 -145 593 -711 -705 -759 131 675 940 -49 -418 106 -1249 -365 -666 -396 -660 -92 531 -52 -1126 -838 -268 495 604 -91 73 1109 -689 -897 -857 711 -1283 -371 -183 920 -534 -550 -306 -220 -195 -1187 223 301 830 -116 -507 -1760 119 425 359 -201 -461 -333 -253 1113 438 839 92 -273 -1561 -527 -596 590 -299 -1779 286 -549 706 111 952 587 -487 -142 -12 -819 719 -1024 -821 213 660 401 -761 2010 260 -26 886 1963 -373 137 868 -168 -109 929 -1094 -1046 -1104 528 92 417 -490 -1081 -2076 -1266 562 -472 -181 39 -377 -283 814 -1426 609 122 1439 -845 -115 46 -713 644 1019 440 -1044 -686 -734 612 415 484 7 192 -283 286 1056 -723 -668 -61 -438 -607 -17 -951 -363 -443 -623 354 -203 -125 732 -559 16 311 566 899 -404 181 -35 -748 34 -722 -1087 357 -16 442 649 -666 -440 833 -1381 673 -1141 1213 -407 -527 -350 -953 -888 -168 771 671 837 -359 -515 713 -610 -1855 44 1234 22 -676 -1802 647 -252 1225 227 -698 492 -304 480 95 -266 -900 743 1373 -813 831 674 -1029 -848 -1576 446 -328 -262 737 -1249 697 -51 -718 -1472 3 -255 -964 1077 547 177 282 561 -238 894 453 1154 191 1082 -1116 -175 -478 -314 56 44 -913 753 -142 255 19 -18 643 -822 614 802 -825 198 387 -212 -386 448 
-340 1532 -388 -728 -673 69 -430 621 701 346 38 -521 781 -124 -697 -662 -1028 158 380 2166 -470 662 387 343 638 311 1039 788 53 -1525 897 -287 565 112 647 -317 629 155 1072 487 -942 -185 -112 -1315 -1251 966 -34 -40 -1796 27 -1153 260 661 -418 -649 -370 -902 -1126 651 1313 370 -1126 -556 190 -554 -431 -511 -288 -97 -889 1111 746 -111 -86 358 2076 -521 669 -445 -791 99 108 -569 -837 -357 434 -116 -2829 -565 222 -190 -1283 570 -638 -502 -930 83 -649 1745 -421 729 380 -360 322 -116 872 -349 205 -510 -251 123 751 -921 -200 72 58 726 23 510 -83 -774 -129 370 167 -909 80 889 -45 1375 1239 -1211 -1356 -86 -431 -210 157 646 602 -202 96 -418 -1133 66 -565 1797 45 1424 -1311 467 -1216 -230 -36 -1355 48 -960 874 -1813 1324 431 -491 571 -362 -362 312 107 -232 1464 480 1260 393 -408 34 -509 -968 458 0 -100 -406 996 -1252 262 -1337 366 -1028 1148 -4 1102 855 -1082 -256 821 479 -447 -188 180 -341 653 -1851 -23 -575 -373 713 1450 -41 -955 -896 781 -353 -1713 692 651 -23 321 488 -237 -539 573 -708 -13 632 -457 860 411 -982 683 101 283 309 -673 114 400 1111 -1222 505 424 -1009 789 538 -752 867 892 -33 -438 -1023 -53 576 -906 -51 -897 188 386 -1218 -1868 29 -1346 767 1239 -541 -212 -1274 113 -419 22 1192 -63 -903 -722 897 -187 347 543 -237 -687 19 1027 807 -459 135 381 -218 443 1284 64 -192 610 455 476 50 666 936 857 531 -305 -1005 297 -37 74 -492 1607 713 -665 1349 -360 1367 -93 -758 955 -34 706 -452 -288 -421 669 158 -520 -804 -750 813 -966 -223 1 -248 -236 -172 1541 -443 391 582 -518 838 -716 764 1162 -1303 2136 512 -143 392 -223 -585 1076 935 -1829 8 -654 811 -51 -2071 -135 -218 -495 709 1153 887 281 -1131 -15 -466 -184 -74 -566 442 68 -989 696 612 97 -24 -410 380 547 586 495 373 467 -542 10 43 159 -1491 -171 -156 455 541 572 -136 -390 -683 1553 1075 -202 510 -158 -328 -1199 -29 -982 942 103 157 
-158 -633 -399 115 -654 850 495 347 -385 121 593 -824 1299 432 126 829 1083 73 382 -602 1160 130 -204 -270 -487 -1074 1492 -985 353 726 -469 483 -735 -249 256 -189 -363 -1036 -1470 1199 -73 -170 -351 -299 1458 1314 503 749 -283 -14 -167 -172 143 26 99 912 719 -298 815 -764 -647 245 -701 550 -1595 2075 -163 -383 929 -1411 126 -7 259 632 572 -247 -274 420 815 601 -99 565 -806 1253 461 -775 -116 268 -151 206 2082 1795 548 -715 270 189 -1080 -373 506 -163 42 -530 1052 742 338 22 -1030 -315 189 -373 384 -505 307 477 398 347 -74 406 -979 -341 429 90 400 -346 -103 354 261 406 426 223 22 -43 648 385 -649 -441 -311 769 457 -2 229 1636 911 -714 280 399 637 223 300 777 -852 -85 65 1135 401 1022 -773 -271 243 -928 1127 500 -1346 -77 354 -1888 -56 96 -272 -725 -375 -103 636 -684 -639 45 -1332 557 629 382 -684 -465 -880 398 -526 -1221 1623 845 143 564 -904 -2136 215 -872 1146 637 1235 -48 323 -905 832 158 340 -874 230 849 666 1130 1500 28 763 266 -398 -98 -710 -104 435 150 468 140 65 901 -731 742 491 538 -601 1663 324 -1157 -1179 -941 223 -304 198 -1839 337 519 81 210 501 1710 -224 434 -492 -320 -346 -1085 130 482 -269 742 320 -794 -1351 -874 1066 125 624 -229 -677 5 31 67 -220 -1272 -1035 -349 -607 -347 409 456 317 -259 -18 -449 688 -102 615 486 -322 -1198 392 618 -212 191 -1105 790 -549 -571 -467 -1089 -807 -285 -493 536 467 1322 -677 445 1017 -439 -518 -192 20 900 -508 -1097 191 -572 393 -1266 -1184 -631 -1202 890 633 -91 -1333 1157 772 813 888 150 -224 -835 -272 652 793 -65 -638 707 -267 5 -225 -413 -1437 -1255 -706 -580 47 420 -22 38 -184 -626 1091 81 -676 -1036 -1534 1070 443 -707 14 -338 259 585 43 -64 1692 1003 -287 1374 -340 -88 -436 325 433 -720 -1428 414 629 -498 -551 -441 300 1382 469 1333 -222 -277 -665 297 682 530 -64 -831 71 860 -801 359 79 882 -256 1439 -857 -255 -88 -1084 
-146 -15 -115 512 -100 -204 165 485 -668 -680 107 260 616 -488 -1056 244 -465 -239 -65 693 -918 -944 -651 92 1053 683 418 -521 302 -457 -151 200 -792 -724 -403 900 -134 12 838 -27 -165 546 -308 -1107 -618 -1159 -337 -1088 1177 -1309 980 -323 -113 1552 -48 -826 -521 1969 -66 842 281 902 -128 171 -275 -333 1221 -229 -841 279 -193 384 707 623 1621 405 282 162 -224 -738 -300 -185 -611 957 -1687 1126 113 -747 -409 -567 -899 -432 92 122 436 -1463 228 1088 994 491 633 -237 -1657 -731 432 844 1302 -116 -699 -988 -325 -490 916 -1459 -66 -989 -134 51 -435 288 -67 78 -529 1130 794 -194 467 245 1228 -190 -43 -741 115 686 -752 -1346 276 -1609 283 -1493 -1240 -622 140 336 -1128 634 -948 -251 -266 -435 845 606 -305 -321 -52 -294 606 -162 794 365 -237 -579 -741 922 -37 317 -97 -99 430 -1120 938 319 -783 64 -953 956 -250 -1074 -634 573 1319 499 176 -169 -639 -376 -794 -590 -930 -327 45 -561 321 -256 -537 803 -228 -206 -44 -657 -1125 -6 466 819 -155 -792 467 752 120 -534 -182 -1112 -14 -393 1331 390 -78 -156 629 781 -270 1382 -291 -116 -920 -161 776 1342 833 1445 -206 -180 250 411 -397 725 -208 -101 743 -645 387 245 -473 -418 72 585 586 1898 -974 347 1374 -224 178 868 -951 -773 -494 701 449 -171 -1890 -298 564 857 1013 61 740 -633 280 70 -609 960 -869 -192 -752 -1196 -137 954 538 1027 -1135 408 -378 83 -606 175 558 463 285 447 -1605 181 -921 -946 587 -948 811 -971 -343 -1153 -444 1101 27 -308 -149 -315 406 -236 -1263 -866 340 410 -71 -1108 1402 9 -224 543 -1661 577 1537 -245 -591 -379 443 1267 1314 -1750 -344 268 1276 415 790 382 -229 1293 -113 -687 631 -1537 492 -212 285 563 -226 -433 -931 318 104 586 413 -1649 -691 122 -480 -636 -968 1517 673 -752 -59 710 528 -980 574 -198 716 60 223 -361 1312 -441 116 78 -231 -215 225 77 -884 -208 806 453 -644 -462 -573 477 449 -177 -1077 -409 -1329 1349 -148 -679 696 -417 684 -368 -447 549 
820 358 -15 1799 143 389 1090 -12 55 520 587 -1230 199 -80 12 -757 -1289 227 -723 -599 -391 -493 295 -46 -998 773 -531 533 -58 191 81 -949 -715 -601 536 -825 -1510 358 236 -382 1754 599 468 -239 731 -569 -4 -37 1419 -625 -217 -488 663 -126 -1148 410 -173 -182 603 831 1090 49 348 906 -368 409 904 801 -63 -329 -317 798 141 111 210 -1058 836 -65 114 -163 433 -848 333 -363 -262 -1005 -999 -51 107 261 -104 -662 842 762 -713 -501 888 786 261 1920 1607 -1039 -828 -229 479 -1302 389 1147 494 405 880 486 -1204 13 839 60 -573 1262 746 1543 -1217 -901 613 235 294 -286 166 -120 -361 636 -1104 570 -207 759 -1231 -830 -701 102 344 1450 1281 289 76 -288 -503 -566 -1160 -1067 -645 1227 -613 909 -53 -927 449 580 -443 -488 186 1221 -145 -1952 909 -608 -1477 761 973 659 110 -296 -416 126 -175 -68 719 -1162 1253 777 -611 -551 360 387 162 -200 -113 543 438 -679 -934 -671 1220 191 -1034 120 2081 -462 -999 -456 39 848 -287 -378 -128 -73 371 -1087 -516 -346 361 191 -496 1776 -236 90 818 -364 -1121 -248 -563 -338 -401 -883 -481 712 574 1987 939 -543 448 689 -977 -344 -712 118 21 -952 -2021 -162 686 835 -534 -1607 326 1155 316 647 -231 -149 134 -1782 -143 1312 619 216 -468 425 -738 80 502 -121 205 -17 -343 -636 326 262 186 -304 -1006 -390 895 1287 -182 -242 -364 -642 -1539 -461 1003 -270 663 191 -444 -314 -17 -416 -117 335 597 -274 499 -1005 427 -1364 273 935 404 305 -647 823 -13 -421 -913 -293 933 -346 738 546 1224 307 522 -82 -264 296 730 -490 -486 -525 -567 849 372 -235 544 684 1281 -219 -257 617 2001 389 -1336 263 1316 570 44 263 -852 -790 660 27 -207 -18 -1356 -1315 1141 -864 -946 453 -162 -367 84 -1135 -1 108 175 409 944 -1602 -156 266 -306 389 607 -276 786 -30 -58 742 548 776 165 -377 570 -653 -573 -196 -468 -312 326 -130 -1045 357 876 -303 1282 -246 302 144 -221 -42 249 -1464 -332 203 -798 -45 -1083 880 -1263 -1131 
2268 200 -602 454 492 -518 2367 -828 -366 -86 -58 -282 -1241 -256 1395 381 -117 1300 -565 1466 -367 -504 -452 48 918 -580 116 -216 525 -124 -14 214 -14 388 800 960 70 -712 473 -33 1360 301 177 -156 -255 -239 22 -932 -273 -834 655 1155 766 -949 -585 1160 1299 -1046 212 288 -222 -410 553 -494 503 -493 -138 -509 1164 -23 170 -378 312 939 961 573 -490 -57 -436 -1199 -684 351 -843 194 436 174 347 34 -4 474 254 -217 89 -252 257 1078 -734 265 -338 -292 -818 -595 563 -508 -145 -18 511 -412 418 948 -189 1692 -56 877 -112 465 432 -95 555 151 -816 -899 347 -625 582 -1536 241 -557 903 514 -810 -1780 -1118 178 1148 -840 -68 1038 350 675 -29 -110 881 -43 592 528 1343 -931 -229 -774 -790 1037 -994 637 -507 -142 -20 225 593 -759 -184 -844 -864 864 -706 859 77 -1151 364 -263 -422 -561 827 -1505 87 -242 896 387 757 -173 45 -382 156 118 -494 296 -322 -414 1028 -4 -209 -483 -1260 -452 -1637 390 111 -1570 1 -1074 154 769 815 -110 427 -473 694 680 -1275 618 -705 409 -701 1179 -752 -1032 -326 70 -695 -413 -635 1216 351 -1649 461 402 -618 802 -128 -1238 328 89 -1481 -956 -769 -178 517 1234 976 1083 -35 32 690 -622 874 -70 210 837 185 -1037 328 345 -469 995 -89 -515 273 -1398 139 -734 -1195 695 -366 -662 -323 117 -830 302 -1439 -147 34 -771 628 -508 -714 -501 -1085 -59 132 -551 1054 -480 956 -1461 -420 -770 1554 906 790 17 580 -865 -55 -253 -618 -591 -291 388 179 -1267 -536 -1083 403 -1176 1045 -552 1054 959 -643 141 -653 761 311 644 -1558 84 322 179 -705 -496 285 99 43 -691 39 564 857 240 510 265 1206 -270 381 729 1513 -538 -296 955 125 -52 -774 533 -126 442 356 508 1012 389 405 1488 -539 -187 -420 1006 5 436 -635 -1118 10 -447 -150 239 139 321 -25 -426 793 737 1075 1091 260 -607 -1454 100 678 -712 704 -719 363 412 938 -638 66 -642 -538 1274 -739 -52 917 1171 95 -101 -230 -28 -1504 601 -527 414 -482 -581 
-94 847 -571 -1125 -1044 -30 2153 637 -1013 204 -302 -244 147 940 -22 -685 231 -172 -176 558 -433 271 -533 -30 184 -358 -1247 -408 336 -229 -523 626 1218 130 323 -1609 -1173 431 365 -838 -1331 98 586 82 -265 -158 203 722 -535 -729 676 -626 -1013 251 -208 556 -856 -232 -248 420 -116 -122 -448 861 -284 626 1166 12 1656 -1163 -454 -214 -4 -34 1642 -33 -187 1250 326 245 709 -480 325 -19 471 -266 -600 536 383 722 -926 -138 -827 135 417 300 -820 -1176 724 576 -1935 -104 82 -38 -15 1334 1401 -354 -690 44 -927 703 675 -448 684 -863 -240 575 257 -22 -240 -664 -342 -1600 419 -712 -906 -1036 436 -297 603 752 -111 -1970 712 -933 458 -948 1349 -269 -1648 -895 -763 816 -109 -1553 -702 332 478 -572 466 1158 1580 -1165 511 -266 -237 -129 -64 773 1789 445 409 9 69 704 779 866 -232 1814 659 -887 -979 335 -421 -469 -1692 -596 181 -573 -393 -179 67 569 1694 -682 -710 139 252 723 -1641 75 -706 -1136 -334 457 162 225 -847 138 -208 -1324 -383 345 169 438 758 -21 -108 -212 1048 898 79 52 -560 -1152 1028 1502 311 -1123 -232 403 -339 -504 -314 -493 -474 -1102 -80 20 -648 1140 -114 1318 -384 726 -268 -609 -25 -889 544 -1721 -563 -276 166 -590 -254 -100 1331 1197 -1779 -830 455 710 -1390 525 -286 -12 27 -175 -58 1899 263 -648 663 519 -263 -534 955 111 177 -201 351 -120 370 555 -128 -276 -1291 -485 -867 532 -689 169 -782 -810 -1453 509 216 361 180 -457 -629 -1271 -721 -784 -1118 -124 -837 15 -366 262 57 -513 -1099 -442 452 -138 186 -424 -342 628 -262 688 -316 741 -689 471 699 1532 505 357 787 -88 453 1424 262 -47 1413 -681 2243 -1437 -1 1164 593 203 1572 -967 341 295 364 360 743 -404 49 -284 -872 835 1920 -376 229 -968 -704 -217 180 -163 -410 -1611 -111 -153 335 242 417 -892 -117 -137 -364 -290 -649 -530 -45 1911 2 -430 -649 -87 307 -516 792 355 -601 658 203 554 1027 43 -345 404 670 -163 -815 -105 948 1511 913 -242 320 -1099 111 124 
-516 156 515 1683 421 664 -302 -223 101 -150 312 -918 -335 -819 -79 -624 -658 1752 -693 -62 575 -927 -259 195 272 -152 122 1250 807 -539 1078 939 -120 567 463 789 397 -505 -602 -1347 -446 339 449 249 186 -453 -691 -332 -62 685 208 1268 -295 785 -159 -1180 -531 622 267 275 -313 -446 87 -938 -531 702 975 75 109 -416 -917 371 1831 92 147 629 -592 -124 1692 -359 1 -572 -469 -68 -357 1140 423 199 -960 302 -801 1194 584 -4 174 102 904 2042 -487 -33 -360 -141 333 -884 -220 -221 641 2053 -892 -258 -923 -242 -359 -106 -1870 785 182 -2073 187 -1180 -542 -282 -872 355 266 177 1303 639 309 844 11 -1380 -34 206 -586 -1311 -1163 660 -348 -803 1009 -661 -326 -269 -485 867 -324 560 477 1077 -508 -267 388 8 1075 319 924 384 -120 212 -344 343 429 545 -507 58 127 -472 356 -439 -588 -655 1174 1076 496 308 -638 121 1081 465 -1036 557 -4 2 -1238 -191 -496 334 693 -889 847 -896 -617 72 1262 -26 -309 -196 26 43 750 920 -92 -808 -82 -1488 284 -100 478 375 -617 1411 16 -907 -665 -164 224 246 867 -797 172 -136 -861 129 199 734 503 -2 537 449 1447 -1200 -1091 202 30 721 -869 510 229 -243 -464 198 -979 -53 -468 -623 62 -154 550 -771 239 0 -652 1327 700 255 -182 -1196 105 463 840 760 -157 56 574 -730 796 1227 -323 752 139 507 795 344 -780 41 -45 880 187 391 812 -502 -821 -314 133 672 229 -1677 256 437 282 655 -2243 -403 -147 501 -286 616 -111 -466 -307 266 989 796 -224 802 -86 -469 659 -385 -658 -116 -166 -61 173 -201 635 818 -1408 -21 115 617 -971 -383 60 208 238 61 -485 -657 -493 -886 401 395 -1457 -1917 -513 -310 809 1946 -453 1126 343 686 -554 -186 487 1138 -464 -298 261 -365 1969 176 -544 485 -997 -870 -987 -1059 1013 99 -628 31 80 -239 84 384 -96 996 698 286 -828 12 -362 1438 922 -263 77 -149 -173 504 -513 -712 -1016 271 -379 7 -651 18 -148 -215 -442 1304 -922 161 -1095 -501 -529 242 
147 1064 1766 -861 -494 -135 680 -419 177 -762 -10 576 -1233 -329 -157 1115 923 -532 1480 16 -416 -1633 -1734 735 -466 867 -726 321 1221 471 330 -598 1673 -278 -553 -1652 -404 -1129 -263 -269 -145 945 935 909 581 -639 -22 -27 50 -1120 -117 277 835 126 -553 -917 -494 429 1597 -573 179 152 -574 144 -647 -391 -371 -133 -1163 -998 -851 -686 -136 445 -798 -453 940 446 670 1025 -84 -245 -53 -358 604 541 -448 -476 -151 852 -102 -2 641 -784 11 1109 774 -1122 794 -637 -992 -739 652 180 62 1223 949 -229 -328 471 -102 -503 234 -456 -411 -68 -599 -805 -552 528 482 423 -172 596 -848 -1086 1389 -1110 1011 419 485 -464 -1114 -274 -626 100 -162 32 -341 920 205 419 -585 279 -984 -577 -661 127 -874 -461 384 -1103 289 -154 -345 -577 322 216 -818 295 -169 136 -158 177 683 -188 -65 1397 317 -1073 389 862 -394 -1259 -171 70 -111 -500 -665 338 1359 19 359 -402 -562 839 47 567 -639 -569 109 -929 -634 138 -384 -581 -1417 222 411 18 719 -785 -114 -435 906 125 1079 9 -463 -1289 47 49 -1483 -1159 1024 -807 -1060 -499 1335 -702 -665 -413 -520 1149 618 -1114 -573 -923 1376 320 -445 1592 123 -153 -244 -104 30 -76 -945 -125 -175 -647 -249 -276 1217 -205 56 1046 -1628 -650 361 296 701 289 814 920 377 1757 1339 948 -51 586 -274 -144 36 712 -520 451 185 -129 -671 384 -731 104 673 60 -315 -171 640 -331 -526 190 -86 546 -677 64 258 -467 -192 -662 -323 938 -756 203 -542 867 -83 -729 -1324 -1435 557 -7 -778 -266 -1105 95 1263 3 1823 1016 -211 -746 -446 -661 -699 -887 -1510 263 -958 686 -352 -113 -1048 520 -149 630 -363 -331 83 -446 459 195 1035 -421 -830 -918 -458 1 524 0 -400 1143 -1320 -772 513 -141 -916 247 -811 -36 -378 348 -984 -784 206 448 624 43 1442 -216 -273 271 -97 -273 -219 -152 -69 -936 902 -634 277 971 1108 193 -636 -157 -460 323 162 1060 -920 -720 413 452 39 116 851 367 940 -302 138 -873 -3 697 -1071 387 -526 -1579 -779 -450 
-1275 621 638 216 -231 1360 -52 -304 -4 -655 10 726 291 -45 -13 -1244 1043 -1030 905 -461 -4 -133 -905 -103 -589 -1468 -673 -755 440 1035 -577 -475 -923 117 -308 -1401 87 145 -1134 -47 599 513 217 288 -935 255 390 225 1359 -275 -662 399 114 511 868 -588 -375 667 979 -1229 -78 548 412 -39 21 -1164 -204 572 383 -163 1088 1051 -1129 299 1011 -664 365 658 205 -1261 -1849 -226 -42 491 -471 -526 1129 589 161 -399 1024 470 762 506 967 -1048 -393 535 357 -1097 196 -372 -425 -151 163 792 -849 -875 674 559 530 -928 -721 -1340 -11 1003 -36 324 -766 -332 -456 -359 -644 -643 -806 1073 -510 343 -827 1139 612 241 -1539 938 -842 -153 -323 -102 -360 -1820 322 -283 380 -691 -170 -272 254 -136 -993 -273 -1035 939 -339 376 -589 45 860 -1875 -982 -314 33 1778 -121 410 -105 212 208 122 -118 63 5 387 -1101 -445 -151 852 2055 223 901 -588 -153 657 103 427 418 -66 -1340 -1143 -170 1377 -442 406 -331 1028 1592 -320 -484 -11 -819 77 85 -252 71 -113 -870 1223 -372 -371 -347 -74 715 198 -1513 -552 -1050 -478 122 -56 469 -194 -1089 255 119 -340 1384 -554 239 1037 1405 -590 -1070 718 1119 -1069 -765 -731 -1220 -807 -1040 -486 950 -283 502 354 -462 596 -46 280 -947 -383 1115 338 292 -804 248 -537 681 -74 460 -179 -120 258 721 1172 478 1055 606 136 -2220 365 240 -703 -698 -57 -334 -534 -345 0 -1085 -983 -564 -664 1398 -1173 -275 1216 60 -227 433 419 -701 536 16 -446 -598 -496 163 -421 -1004 -712 56 -321 -328 -1029 -142 1305 493 417 -1126 383 -445 195 -485 -1242 -996 1011 503 -251 -173 -1072 256 -3 -436 -206 250 277 -98 341 159 -835 1362 -201 -528 -170 474 -227 277 584 788 -379 1133 -1082 432 984 -211 -299 -839 97 -690 41 -39 490 317 135 -94 -1163 911 -1042 -486 741 833 -980 -365 -1247 -358 -1557 -416 -153 -187 486 -171 -811 203 636 -240 -921 827 -134 855 -676 -59 1127 456 -1059 655 -23 -1090 811 -911 -140 -649 1536 59 870 -1403 -198 91 1222 31 1210 
67 1338 612 198 -288 -1486 163 1098 -231 666 806 984 -213 -1068 -981 269 -619 1259 662 -601 -1410 657 94 -434 303 1612 -466 -630 -163 -433 557 -130 -536 -103 -17 -366 -269 219 41 -729 -476 653 392 -163 132 -74 202 -433 -1042 -711 -290 -653 -953 968 -148 -1739 -1690 -485 -431 -480 339 1182 339 762 100 1776 -1690 -510 1129 -124 -354 326 904 -695 -436 -442 167 -438 234 12 -572 -1203 -714 -1019 -222 861 -47 1142 -670 18 202 554 -567 1077 -845 -3 115 71 -786 320 -671 700 1189 154 624 -43 270 643 -1035 641 -638 -1478 615 1044 332 351 -576 -1529 474 672 -691 -337 450 157 -740 1642 122 -152 447 -707 237 -982 -785 -818 -1514 -315 -943 546 -673 -640 -926 -277 -687 1531 102 736 247 581 -686 1460 -381 357 -105 1003 830 -681 177 -121 2 -620 -614 292 -742 -491 -659 -880 -317 -459 -769 1434 -104 -103 210 1043 -583 -900 -1405 188 -297 -1011 -51 1291 601 -1561 -917 -954 508 -330 -1083 857 947 -101 -674 1077 -23 221 56 -1087 661 1541 -352 897 1245 -486 631 -529 -130 1136 946 -215 1866 185 1053 -35 -124 -281 -59 474 402 -744 -368 520 18 -668 1381 -53 -851 -501 -252 -56 -1108 -385 1378 902 150 188 552 -1045 -1359 107 774 -33 256 -790 -652 -291 323 516 808 121 984 -395 -12 -354 563 -327 -1514 1265 -1262 -915 -1215 597 -634 1370 584 -1602 -1062 -641 27 213 367 -542 -648 -339 644 -333 -542 40 101 838 -422 -41 279 752 -1386 -214 192 -80 -1226 262 852 210 69 -1529 -149 -1559 -491 -796 -403 147 778 -424 -381 787 198 -525 781 -172 -311 -267 1664 735 -615 808 -299 924 138 -249 342 -923 -212 -30 90 91 -39 1316 567 657 622 1002 898 958 -76 -293 -306 93 318 1018 -610 554 -1098 -443 361 104 823 348 637 134 472 -471 -144 -58 959 32 -73 -126 -724 1110 -743 1137 -134 23 -412 986 217 193 -191 -1267 1674 168 -856 -417 456 -6 -870 486 -969 561 791 937 -170 189 657 -1208 -829 -349 348 -83 -940 -81 460 672 513 182 151 902 1292 501 111 621 
786 822 512 -341 -291 108 488 497 -1865 135 696 958 -280 -14 -1458 770 -25 -919 1996 1325 3 -341 604 -235 206 -1295 189 605 637 -389 955 -119 175 89 -380 62 277 -287 529 1072 546 -419 -306 486 62 562 335 -247 -1763 -989 -634 -1673 -1435 396 172 -367 86 -1378 -731 289 235 -1515 -148 1119 -724 -1280 785 1588 1187 966 -789 -224 -1211 811 -309 83 -1275 583 -986 1020 -273 332 605 -121 102 -161 230 744 180 651 116 -823 72 62 807 57 -139 13 30 8 483 363 -869 1484 452 656 77 642 335 207 653 -890 901 -1068 172 1372 -1186 -388 -1014 408 313 173 1337 755 180 -540 -829 -82 -217 -641 -453 -1036 611 295 -408 1062 237 -20 415 997 -440 755 999 -297 -170 439 471 -438 -452 58 -715 166 376 -390 373 174 -454 -57 1701 33 569 -672 1858 699 734 -232 852 -757 -510 -289 -106 -140 134 328 -76 -110 436 -523 -145 -465 1000 -1021 -1310 331 -487 163 659 -197 -454 -682 -826 -714 1125 736 -405 -190 1513 729 26 -1102 -29 565 1216 250 -573 1255 -185 -1011 -127 665 -567 -464 -147 763 1305 83 -769 -1276 37 1250 108 -5 475 -300 -111 256 96 1213 1401 698 -877 1042 -481 -121 -123 -456 128 -473 -460 -142 337 -913 971 407 -453 -941 -196 817 506 1034 -210 -230 -515 -1895 575 149 597 -824 -563 -7 1035 851 -555 218 -226 -37 -756 -522 813 -1344 -322 797 295 -821 -498 216 -881 373 990 233 985 -515 678 -468 509 262 -373 336 -290 -993 -236 443 -813 -158 398 -314 -159 -778 366 349 242 566 -283 213 -183 527 -188 -1001 179 -875 -315 -1273 333 -528 -1006 648 -511 854 -346 1569 -645 -1344 -608 -19 568 714 -1228 354 -193 -629 10 9 482 692 -2047 -35 774 98 332 415 -411 -1456 87 -1805 941 -173 -256 -801 -548 -1262 1153 666 -192 831 1221 362 933 -782 157 -386 157 499 -481 -165 -772 -1883 -434 -294 169 565 387 -153 -403 411 905 -454 201 -1962 -630 181 1077 -1216 987 1348 734 -966 1122 70 -124 -525 784 -1085 730 -279 -698 802 -100 -52 -525 -156 
-471 -623 -1181 228 568 -375 -2320 -448 -102 -148 -1112 1739 58 -248 11 687 636 584 485 809 593 -213 154 1248 8 1684 -874 599 -445 906 -205 1233 84 557 -353 556 516 324 -310 -826 142 -821 286 122 -983 -499 -664 420 23 250 -710 -1489 -757 -392 149 601 561 -192 1323 -840 -857 832 -572 109 2015 943 13 131 -60 670 -131 859 1010 165 -318 643 762 -24 187 -66 107 -657 -28 -306 1034 -587 40 756 382 -286 1622 -167 519 96 -91 897 296 440 499 118 483 -193 -253 290 -385 -259 -374 -276 -816 -960 -1143 647 284 -435 255 686 781 -885 -824 -547 51 365 121 164 121 -228 -867 553 722 964 845 -144 586 527 -126 558 -117 489 551 -215 -1023 694 -330 487 335 1445 1319 339 337 815 -512 -863 -494 585 533 -285 -552 199 -911 -126 297 835 -3 -160 41 -823 -149 263 167 695 -474 1094 -445 288 192 -691 209 -266 80 37 -469 2554 -904 775 -652 741 1433 -271 148 -70 -1115 -863 -1446 89 257 1442 -1449 112 -162 -201 -1333 -316 129 586 -1198 -73 807 32 -1618 212 -832 379 640 653 530 586 132 188 747 790 1741 83 573 224 -13 -424 -439 -80 -414 57 901 -277 753 522 709 511 614 1555 221 1145 -294 73 -843 1699 284 619 361 39 -589 1782 308 18 -296 1652 655 -329 280 -1073 262 -80 -999 -566 87 48 -434 -549 507 1102 492 -316 -690 -68 780 -150 1222 -888 164 760 827 501 173 310 -1108 -643 -253 1024 -404 74 -192 14 440 -57 895 -797 884 -303 851 -143 316 748 -464 851 948 655 -269 -452 -673 209 228 -999 -484 522 -511 -933 -1255 -291 -234 1078 75 64 -218 331 -716 564 -783 -1690 649 -659 -1625 -598 -558 -97 -1638 328 1962 166 -221 796 -819 146 120 1176 -671 200 -395 357 666 -1231 257 -331 839 386 83 221 233 -461 145 813 -825 53 987 954 -241 -716 772 -513 -315 307 -658 500 1279 629 163 -814 886 -676 -255 516 -1428 538 307 -324 -1006 1792 -1872 -259 -173 -300 -286 -242 981 775 282 -297 114 89 -303 -510 132 -139 
176 133 269 728 -824 -597 570 390 -355 -1328 289 562 602 -29 -685 -853 -1013 -885 48 1023 -40 381 1103 -7 639 64 834 724 -267 964 387 843 598 -516 -876 79 628 -362 405 -415 589 705 -506 503 484 -110 374 145 -640 644 -1477 -66 118 -526 899 168 1179 243 -575 650 219 698 -153 850 -679 -711 1189 264 1015 -554 -248 359 -400 20 -1148 43 -301 1210 187 -287 -143 -702 -1489 -830 467 962 -975 147 -783 534 -980 576 -178 -482 -255 1040 119 391 16 -1017 415 592 -345 -722 1424 -311 143 -503 -699 -53 801 -725 -1372 -762 -864 383 -256 -1136 40 239 713 13 -285 -1074 389 245 -664 1102 1117 -414 -104 -1655 258 -270 638 341 900 389 69 -614 630 -737 -520 525 339 58 178 -26 86 -744 426 -1200 496 1131 769 820 73 -399 728 1293 -1242 -85 521 1632 1 -394 -661 -1170 184 96 183 314 -82 258 790 -672 -84 479 302 959 304 771 670 -427 1962 -228 -30 -280 -297 -731 263 1104 -309 -213 462 -160 -993 322 40 381 47 130 1262 1728 -24 459 -453 515 372 910 278 405 -341 -197 82 1603 -623 241 -956 -603 62 19 -399 768 -189 -449 891 -1274 -43 237 -383 -1337 1057 -634 -456 748 914 909 129 367 -412 -534 1462 852 404 -645 144 511 -30 -97 -177 -206 -598 -1410 -85 -377 -1315 -1154 1323 -647 503 402 -423 836 150 -515 1012 -1087 -10 379 126 -887 826 1044 -388 -287 -218 96 1105 -389 -1512 -217 -73 -1235 399 -691 554 -504 316 -125 357 1875 -1493 -251 144 -466 -410 -1027 389 32 -121 -239 669 -556 -1675 -363 56 -224 266 -71 146 510 -577 -28 -397 -144 157 29 4 -390 -719 2231 -974 698 253 -327 -1659 -89 128 -1528 239 -361 -423 169 362 460 512 -243 482 -154 -180 567 -388 -3 1046 358 -1135 -757 -70 237 -146 -1755 -826 -755 -712 -868 354 195 21 112 -1051 -1060 -740 -669 -493 984 -760 -1104 1871 -171 46 -883 265 -338 54 -715 -263 -226 450 1449 -1069 -696 230 -144 114 1048 504 -1253 59 423 -193 -1414 -949 269 974 1655 -987 170 788 1457 
-776 17 1499 260 515 283 202 -76 512 -610 -532 484 -234 541 -1044 912 145 -1271 1130 916 -682 -1270 74 271 -286 -1352 165 678 -255 -427 76 123 1191 150 -715 -847 924 543 -937 -68 -25 871 961 -1279 1195 -226 507 394 -803 -1489 -11 362 -64 -1645 -321 -1036 1552 -1792 1990 1076 -495 592 639 -318 -735 446 136 -663 966 -376 692 1045 374 1536 -863 -211 653 -1024 225 -424 596 -310 -672 350 807 -706 764 -875 -596 533 -82 230 125 478 -849 1108 -86 904 -261 -316 -1037 -675 -521 -73 204 555 1002 -453 -241 1042 1035 -1060 257 660 -171 554 529 243 -138 1341 -286 237 -652 -91 431 188 655 310 113 481 388 -721 793 60 1420 -473 -130 -645 88 -517 -19 99 908 -458 -527 725 -76 -1349 900 -321 496 -56 1334 -123 349 -341 567 115 -203 442 -535 179 187 1153 662 1438 1485 505 -318 327 -1337 454 -1064 620 -380 -152 -1473 -987 1155 -1151 1144 33 425 -220 -852 401 -26 621 -176 1277 606 826 -792 1253 -378 1690 1218 588 1584 -330 972 -303 -98 -2144 1221 1400 94 370 66 5 -566 -357 1003 339 -170 -1753 1205 -694 901 604 327 -40 -509 193 -155 463 458 264 147 825 -730 -43 -596 -617 -398 357 149 -655 65 1245 1790 200 1621 1277 643 -545 -629 -68 -171 314 -406 706 -969 -555 420 -1191 1605 -1207 -460 -1466 -76 172 984 -729 17 -623 -330 525 133 -727 -214 1177 -768 641 97 -292 -454 176 -66 -253 -402 -912 780 37 148 -523 188 -158 -230 580 -141 308 -130 1101 -1077 -1370 426 -342 -131 310 690 1045 65 -23 -651 -109 928 -391 -64 672 196 221 -301 -778 -560 193 542 -519 750 666 -4 1429 698 67 391 1039 826 -291 259 -187 612 216 365 -604 1120 1327 850 831 354 -977 -288 355 -947 -674 -235 841 -641 1438 -1143 -230 -127 403 229 -618 123 -1107 -924 -384 446 438 32 -1003 -119 -196 606 -218 -821 662 -9 -542 -466 -98 -1872 -573 387 -313 300 -106 629 1650 241 1051 534 -200 893 227 -104 -1618 731 -200 -823 126 -726 453 411 -631 -12 -695 -610 -964 
-18 -20 104 1929 -547 -135 667 1417 471 502 853 -576 572 1991 -30 -217 -64 18 -548 -661 -1157 -638 -442 -72 409 -808 867 -475 -152 316 729 271 128 -394 67 -515 -95 469 -749 -173 169 934 242 515 -267 35 -387 588 265 -1219 194 224 -465 570 25 1699 -1365 -1017 127 -698 -448 737 -1769 -66 112 611 1393 -550 908 -613 1022 547 -725 333 1270 -201 55 2372 392 -911 -511 -545 1276 212 595 -237 -865 -761 -801 -2085 -1261 730 -965 -63 1726 -1115 909 70 -733 242 -941 1000 -2117 795 -4 756 1012 -863 315 169 -209 -221 1122 -201 83 524 -242 931 329 511 -1080 -181 -933 -1540 257 -500 728 156 -1144 -479 -1223 1328 422 -692 678 -166 687 2482 291 -670 -1346 -1110 -396 -30 -332 403 1304 -627 294 -639 -824 -657 -1249 1140 89 316 -652 -918 8 -637 801 690 -505 -811 550 -56 1358 1914 -60 176 -160 394 131 313 706 -979 -492 -573 -514 787 141 -953 -20 577 -689 -149 -1145 583 -343 696 -179 193 1471 183 19 -69 -818 527 -4 -725 138 660 406 1016 301 456 1124 -937 -159 -325 -441 283 -213 101 -743 -554 -560 520 993 1181 105 -308 743 218 -622 -351 -517 1219 -1073 20 -826 -712 129 -967 -1141 -614 312 322 -58 -1570 -1519 200 -898 522 20 603 144 -885 -567 -426 956 1120 246 -123 -815 -209 -311 -1064 -1121 1096 -1830 232 -177 -160 633 1210 -346 2257 -98 669 -319 1552 -242 -1545 862 335 800 -66 488 -623 648 980 -30 -128 -398 -138 -316 1139 -1673 676 167 546 1066 -1536 378 1192 -1984 -1285 -13 -120 -1216 -1128 445 -850 76 24 1749 -287 1265 30 -284 1166 -397 -1569 -81 -586 -2307 -52 -83 204 550 303 -247 143 631 -426 -976 1237 -343 -581 1373 -1215 -955 -383 2663 -137 253 657 872 -964 199 532 -657 -455 1035 -432 -817 1601 2037 -1206 -703 -179 -449 688 -239 -1080 -860 -108 -255 -1003 -413 -1168 -1303 -953 663 -11 -149 1845 751 -56 -56 548 729 -1234 138 -893 158 586 1506 -200 -99 -205 -82 2091 -1045 75 -508 -424 -675 -1378 -192 835 18 660 683 -82 -149 -617 -175 1482 
905 -385 -147 -30 289 -65 1192 3 305 1345 -731 371 1590 457 109 1416 1401 -942 -196 -1651 -326 340 -1367 -665 336 -480 -877 -205 641 -42 -194 -19 140 -1926 -604 320 284 241 39 404 454 524 -827 314 -348 -379 -988 -1016 8 -138 901 926 -290 -134 -386 -168 -443 548 119 -1255 185 -33 -127 -93 1557 -327 821 -286 338 -234 229 1221 -172 610 780 -28 -36 -638 659 -568 -263 -1042 -1020 155 190 593 -191 -450 876 -976 1702 -737 -49 -69 295 -754 448 -601 1138 -74 -1750 355 64 -132 -238 566 1539 -160 -147 -424 339 -153 244 -1049 -16 389 -267 1377 1048 -331 797 198 117 506 150 -1295 -205 -102 170 2158 -614 498 -87 -947 720 943 -408 1248 998 359 205 124 -364 -473 2232 1207 889 0 -536 629 889 662 -559 -1251 -76 269 -359 6 -247 531 335 -223 -401 -959 -803 432 -1214 -1102 1203 -230 635 771 877 -1677 250 -626 1960 477 -511 503 -413 -257 146 1222 -709 475 972 455 351 674 -284 417 -370 -567 -802 -145 29 -477 -90 -294 574 -93 807 579 -508 1135 -248 613 -347 -785 -1621 711 -1349 311 -1058 310 112 50 -455 690 111 -314 -51 -619 -362 283 -436 -692 -935 -399 -1010 -616 11 -183 -833 -397 -301 967 634 -79 -428 407 500 -1191 -233 -773 -217 592 -422 -1371 -819 -299 1085 271 -177 -887 -502 -182 479 461 -693 -779 392 661 1278 -724 1002 -6 957 -33 -149 -371 -1096 651 -460 -159 198 -843 -1028 201 -420 1035 216 234 528 -216 522 -1390 641 -395 455 516 1396 770 216 115 -308 60 1106 220 -680 -343 -660 193 -1457 318 236 1030 -741 112 -335 716 627 -788 -436 -146 -443 439 48 -483 1366 -869 -163 -357 161 690 -445 -105 880 -410 -784 -597 237 -991 1152 595 810 -727 617 -1363 -164 1257 -1125 -3 150 542 332 387 1272 1253 310 -117 -224 -362 -679 -577 -678 -693 826 767 -832 -492 -469 -274 120 -788 250 1066 -1636 1429 -225 -49 1122 -48 -346 927 -639 563 -666 -561 198 -460 275 403 -1284 -24 93 1676 -691 1382 -226 -105 333 -349 -765 -286 -1584 507 -832 61 
1031 957 -134 -96 -1038 357 -41 634 1132 -943 -895 352 -478 -659 471 923 311 -924 1065 907 545 -554 -483 451 197 685 -774 250 77 137 -1113 1447 -655 1717 -139 -558 -97 -691 255 -401 390 1356 412 -34 -133 851 328 248 -300 -370 -957 -436 -982 -88 446 -818 -1900 -891 448 -870 -182 1269 -248 183 293 1003 120 388 -1334 -365 443 24 439 -457 -1048 -417 -46 -230 -96 197 -1079 762 -314 231 364 233 -6 1853 492 -723 654 136 253 655 832 1033 836 119 798 -727 345 -467 -868 -771 878 1316 457 73 -551 944 -252 687 -514 939 374 1125 -355 372 594 -1121 -1158 559 85 -89 467 -993 522 -102 584 -531 745 29 -72 1089 848 -424 617 481 -635 358 480 -235 104 11 232 105 578 -12 296 -919 429 669 -586 -643 -412 -770 -293 278 183 -618 -85 -312 -686 364 -1317 240 362 -373 562 993 -208 -1093 36 -350 553 -1307 30 417 -380 -29 725 -547 -1221 -356 747 474 313 -138 -430 580 -378 -133 513 1480 260 -490 -501 100 157 -1589 691 349 -54 -1060 406 238 -97 484 693 72 194 -1408 -1254 914 3 -880 513 1116 -12 -70 -1789 -391 -364 -946 171 -1679 1178 1199 1016 -103 422 325 -654 -488 372 -245 -193 -624 -166 -49 -138 539 -351 665 362 506 -244 194 525 -639 -79 151 1364 -220 -37 -1258 -91 846 373 2 -1635 -812 -551 34 -262 1731 -966 174 -145 653 -298 -1783 497 500 1863 -903 308 -1003 447 80 -192 211 522 -1340 -90 -157 726 -328 352 304 564 -597 -452 -441 -171 -172 754 -158 -63 -317 30 -317 116 667 138 -951 4 -653 -7 569 -235 284 -149 -587 14 -1306 230 -88 -150 430 -1060 1126 2059 -189 -997 901 -70 458 -218 488 1269 141 88 -299 1355 17 895 656 -1440 -324 -1177 364 -326 -857 728 -26 1224 -972 -205 -116 206 402 -1056 1491 -685 -828 637 529 -55 330 -559 294 -668 332 -430 210 556 -453 293 -1146 -56 328 1106 52 1324 -580 -582 478 163 347 -1208 -1199 554 -1365 805 835 -96 1470 -1191 -319 -258 -418 14 247 -28 -521 624 246 -735 590 
316 -407 -1342 859 -422 -147 -237 -223 699 -288 -1405 779 287 -185 731 384 410 226 328 -637 6 784 320 526 -979 -895 -615 -703 -298 292 1573 629 -506 -787 -10 153 -115 -297 -485 557 -1116 -322 -858 353 -129 -179 193 163 67 -51 683 -848 -702 -742 -130 -700 -864 115 -467 214 1251 517 -664 454 1695 -299 1332 863 98 840 1877 -518 -73 365 -665 -529 1281 168 238 -385 269 -72 357 -41 885 802 658 -480 288 596 272 733 -449 -319 -580 202 743 238 -435 112 439 1124 -692 -979 716 111 1919 447 -56 152 861 812 183 -664 -345 -588 -309 -1301 -1133 777 -325 1198 20 337 393 -764 -156 -399 -814 595 1681 564 290 967 98 -644 877 -360 205 33 394 -217 -625 -419 365 -88 921 -2009 -872 -255 -658 -220 1015 1037 1539 -318 -616 -206 485 93 264 835 905 53 94 -970 599 59 -1221 -599 42 2052 -1036 1126 -694 415 523 -570 138 1645 -1026 1460 67 1183 -1110 -1398 -1235 25 688 532 807 -171 463 557 738 840 -367 207 409 764 -601 58 -519 -698 117 923 359 -591 166 -157 -1072 679 507 992 309 -1089 1413 -81 -812 561 -735 209 -915 -79 -1023 -602 298 -721 -198 147 -5 -978 -647 301 1221 -704 -990 -124 -251 -553 507 -544 30 1561 468 -140 177 -135 128 168 525 -298 312 129 -988 549 326 475 451 -135 -67 1158 890 179 -195 621 -303 1207 213 128 866 908 163 -20 591 485 138 -1038 336 729 -241 202 519 -37 -520 -1005 -161 751 -72 -39 1519 -1274 258 1170 -104 554 1045 308 1223 -1348 256 670 -543 -1418 -248 877 -1048 -713 193 -832 1208 -99 395 -885 -242 -110 565 -405 -103 195 165 -444 319 -411 311 1226 272 -929 1075 -232 -656 1007 -1140 -903 -910 643 -545 -1386 1145 -679 68 -1680 474 493 823 -10 632 -1100 -896 767 -79 -224 165 455 830 329 -503 -549 -594 1283 371 -1177 -1303 -374 -1107 -46 -804 370 30 -888 1035 438 -159 -374 601 251 523 106 288 -36 34 376 -1017 375 -180 1348 689 498 -20 -111 -181 85 778 228 993 -1055 262 1472 -778 -1012 
-1184 133 1502 334 -244 -165 9 -508 1018 -1985 -636 454 -224 666 46 -96 -128 -161 -578 613 100 -1103 -338 58 465 222 -814 721 -188 105 -1079 353 74 -1 -1011 -1790 -387 1355 164 -1203 -1290 769 -819 -645 -352 -51 224 517 -64 1129 -136 -75 -153 1354 1052 -122 1013 -887 446 130 346 825 37 998 -573 -784 1393 326 933 -620 -580 946 114 556 -669 -1207 164 -647 763 -1111 1432 -14 -1168 373 -285 -31 1321 137 -355 -32 -30 180 -386 -168 69 -210 361 392 -722 690 237 285 343 113 -184 838 881 593 1079 501 -187 -457 -18 -833 -964 -1151 451 374 -244 610 -1559 -247 -228 932 -1518 424 88 382 -487 -21 364 -980 -1137 488 -7 242 585 -534 1053 -45 726 -355 494 1044 -69 404 987 446 -92 219 -220 -1475 563 914 172 36 -174 -119 160 -645 43 -1106 -40 551 -637 691 118 -101 420 748 -124 174 -228 805 909 677 1360 1485 486 829 409 983 80 1426 679 -620 -676 -412 312 -885 -910 -324 -1271 -309 1099 542 -1370 -655 -538 -94 -578 -500 -649 214 1142 -129 459 -739 496 36 -94 -380 314 78 -582 -753 -75 -270 978 -134 685 -691 -492 -5 178 458 507 258 -1443 -193 -862 -379 707 -492 -1427 -440 -1021 -232 401 1221 209 -152 748 1040 464 1728 -244 381 -744 -832 571 322 136 46 328 -342 -478 -285 1518 565 -263 955 -736 904 939 246 443 -803 -6 1012 -281 -468 24 -373 106 -615 -1497 -1074 688 460 89 515 -1317 229 411 15 548 3 1116 921 -1678 533 215 239 -505 -129 264 -90 -1419 -1595 552 215 330 33 -853 21 -119 303 818 -193 175 1529 -186 88 -92 432 -345 -1044 19 -1127 -576 -332 809 -53 -463 457 308 1079 889 -1194 1861 935 -431 525 591 8 603 909 743 -374 346 -1144 -1029 -164 572 128 256 745 -220 959 701 -1650 21 69 895 1063 -150 -1234 238 1841 -276 -357 -554 -890 2149 230 -665 721 1019 -375 241 -258 -260 -1216 951 62 373 623 -926 -369 1130 -1117 1624 -41 1136 -407 16 -513 -848 324 135 86 -742 367 -73 333 188 672 171 -939 
1333 -691 -983 682 -337 -806 -392 -33 -1432 983 -93 794 -714 35 -585 1048 1188 225 1017 -350 -290 200 -472 47 -1278 -414 -257 115 1180 224 -802 1140 21 283 1538 732 545 285 1298 -272 -70 152 -805 -604 320 -275 -96 -422 212 -891 172 -649 -942 -2026 -717 490 513 -1006 347 -310 66 669 618 324 -19 -174 -189 709 -505 105 465 -1047 -548 -694 211 1107 -1434 -881 1064 622 1132 812 811 -340 -866 -1569 155 -962 -692 -284 -190 694 -902 348 -308 1278 -888 316 -457 1522 -382 307 -163 -1454 -24 -1184 513 -127 -95 -168 431 51 213 359 -1085 999 80 -375 50 1290 194 892 591 -364 805 243 159 150 137 85 -583 -64 252 -1532 -564 -1112 -39 1075 -1063 892 349 192 702 593 -7 -97 -613 919 -1607 461 -916 424 -138 174 -113 575 860 517 -1166 -1309 128 344 517 197 373 -474 33 -192 -1098 -214 -609 -1342 340 51 -176 204 -1307 -795 27 -815 -1149 -1040 407 -327 -236 333 -288 -191 -47 274 1334 -160 642 -781 31 1008 412 -93 -1022 411 -503 862 -875 659 -499 903 -1100 -758 376 170 1003 1334 1372 -1146 94 18 -1815 733 -402 225 -1039 -383 325 572 -104 335 689 1018 -600 1029 695 -105 -136 -286 483 -525 1976 -597 -820 -275 547 -395 -229 -166 846 899 999 473 -842 820 551 -305 107 -404 668 840 -131 -1315 92 393 370 22 -1805 -798 685 -546 -1419 1236 -1126 -726 228 113 -774 -194 542 565 2110 13 356 1245 31 44 528 1118 -565 777 -154 397 28 199 723 -1407 -667 -474 220 542 809 334 71 365 579 1018 38 170 536 466 -240 -783 50 -473 -806 537 -240 352 509 1320 766 868 -1258 -409 -326 -86 -1264 123 507 -60 -749 -486 -80 380 -56 -416 -1 -127 -630 -480 33 -32 27 1269 -964 1685 -486 -214 605 306 291 34 917 -363 705 1258 236 18 -799 321 -950 170 1017 -1629 88 64 -128 -1360 -206 87 -1206 -47 -186 -97 -22 -1538 -472 -238 348 18 1259 -309 426 502 -489 539 -1065 -40 469 -314 -530 -584 -41 -313 273 -499 -644 -213 37 403 -683 -70 591 -318 
56 780 -370 107 413 24 51 246 419 -528 435 589 -1800 126 -215 -211 -362 -350 -921 -687 206 1026 -596 917 -1252 270 -561 1316 -1013 381 -177 476 -259 -56 97 -761 630 -2 -468 -1230 193 609 399 -174 -910 -268 -785 -313 -68 912 923 821 39 -141 16 1352 178 473 216 -1357 112 -1090 -35 -41 -319 -348 960 -255 93 -507 -787 -200 -752 -621 961 -107 -146 -482 -809 -958 -128 644 -662 -259 -1132 444 1058 613 -391 660 653 -682 247 -678 894 -898 -893 -500 -91 -1469 626 298 -1570 0 -784 665 79 592 823 -182 313 -1031 -1056 -782 64 -981 339 322 -977 81 200 -2318 -421 668 164 -889 -969 231 -12 -677 -429 -374 441 412 -296 972 463 -459 -625 123 -632 965 108 -446 -1057 -450 -243 367 316 -1163 -919 -672 -74 49 687 -114 334 5 353 750 662 -632 300 -395 200 459 -167 576 107 -220 -492 329 -592 574 228 -307 1218 1269 223 449 -118 239 887 -323 720 -818 686 -282 682 -728 622 400 269 -777 -560 -268 -456 -717 -672 595 476 -343 -53 -611 -460 -529 -403 657 -748 853 253 -946 863 -1530 -1264 -91 765 -974 -971 361 -97 -355 246 -916 632 -1055 86 -823 -249 -19 969 301 -203 880 -317 389 -25 366 -875 -741 -745 -613 -750 207 -1239 123 138 351 -821 -863 -673 323 116 148 -724 -1341 453 -612 579 516 -700 -713 1452 448 236 1909 -1245 -959 -421 -175 -2719 -470 223 39 -236 -225 -860 -756 253 -714 96 1130 -5 -180 394 -748 -300 341 -517 755 33 661 -1324 544 -568 283 1057 576 -716 -1740 940 -490 -579 445 1006 -274 1046 537 -157 9 -310 845 -201 562 -346 -450 -75 -1546 1066 -1123 -781 -90 -92 -21 175 -1119 602 -251 414 460 -764 -927 54 -418 1181 1192 1305 1028 208 992 1224 -338 -1080 1395 1330 803 519 -425 -315 406 83 964 806 -238 1363 97 -222 -682 359 446 187 485 -1324 -347 -289 186 40 307 231 137 -83 -520 -1018 -152 264 -491 358 -684 -837 210 -1483 -1314 -12 -172 310 -201 1073 176 501 117 642 -166 53 768 -167 89 -21 -433 40 -1350 
-210 -139 1188 866 562 202 -883 340 1184 140 490 -179 -407 -38 1024 -316 -343 -255 729 -1079 -770 -135 65 183 -2420 -67 -379 416 474 543 352 -1762 -812 665 332 1003 784 728 -645 -518 562 -835 673 -992 251 716 606 940 -109 155 -27 857 -617 -557 -126 -863 -334 -566 874 511 71 1629 -812 -992 499 -1458 -195 1585 -907 215 -812 -1066 -1017 1129 -661 -510 223 -49 -157 -156 342 840 88 820 -114 -930 -937 -206 -1001 -569 897 240 692 -388 -516 -751 790 694 -867 112 -198 -760 -804 126 494 -430 1015 -1210 -291 159 940 -411 -32 107 -6 2087 717 -467 566 1100 -402 -217 -232 2017 342 48 615 -939 585 760 -556 -591 781 -924 665 -514 1953 940 -758 28 -299 -722 -170 1616 -614 333 -1202 502 371 -179 194 586 64 713 107 -459 116 -837 -114 -44 -657 903 -40 698 759 711 -408 635 -547 1340 -669 -790 807 -568 271 -58 544 805 -631 -178 406 -26 -637 507 -1001 1025 -1684 404 764 263 -844 -355 -148 -56 -260 220 -280 133 136 221 1 1208 -35 43 -558 -272 -810 -1820 -1027 98 -177 -1132 330 676 -764 185 621 351 -387 -124 1593 706 -735 710 203 134 966 185 77 1591 253 -28 -197 -264 -1042 392 -195 1180 -585 259 589 -676 547 619 679 294 -138 866 644 -232 487 603 953 58 -281 -604 -435 -536 -601 -63 -602 3 -217 137 765 -1354 -1238 400 -106 -325 577 -1336 -544 -444 -1576 -416 568 -403 841 434 252 -2245 1328 -183 -196 257 -987 1121 -976 -556 325 246 153 -148 -297 -993 10 1094 262 475 295 -3 230 528 987 -308 236 173 -365 299 677 282 -1066 -1330 950 157 411 -1105 -2055 342 531 224 1104 842 926 -173 -934 4 -771 -572 5 26 -603 -1472 1275 168 -1592 731 596 617 100 -597 -48 -556 -259 -767 -735 -308 -922 553 500 496 483 -19 962 1156 -61 1361 -183 -358 903 -218 -715 -2279 -10 -929 64 1014 -121 349 222 371 53 -1114 -749 -1109 140 742 1049 -241 436 437 -164 -486 -435 587 -134 -964 70 -681 592 -427 -1046 -231 351 301 776 -561 1366 -148 
202 -26 1439 905 42 753 -1096 -421 -11 -572 -467 -561 6 835 -374 -1713 1417 80 1424 19 -815 -617 -893 577 -584 660 -363 -450 1434 805 -146 -403 -210 24 -961 680 -448 132 1009 1439 124 -462 -230 1339 -617 -196 608 -710 165 902 -33 -389 1151 -130 -52 745 -461 311 108 -5 -128 -177 428 177 405 -779 1073 -1106 -1005 -205 1660 -556 -1274 -167 -297 1212 -332 -243 561 866 -166 -715 806 -636 384 -685 50 1518 1433 -348 2073 -133 56 2196 640 -183 -110 -755 123 239 247 -293 -236 864 -309 335 -1159 -220 -124 -374 -555 683 -411 572 234 -294 -712 -881 92 -1125 -130 1431 168 255 -1417 804 -762 602 309 -773 583 -28 -96 -317 -230 -358 1137 274 1218 155 -519 100 -964 193 750 371 814 89 1498 78 959 266 -194 -1046 1403 589 -54 347 -772 -874 -454 541 -689 -141 -913 537 -580 -99 879 -1937 -969 -405 649 -557 269 1429 1301 901 -225 628 -1291 103 1015 157 -918 657 -560 -667 628 -651 -489 -106 1463 123 245 -511 -1002 387 -809 679 175 -1376 -1096 46 427 685 -902 297 633 -1833 -7 -444 -1514 35 856 -539 -1285 -145 604 1203 797 -146 221 -46 499 557 -941 -1097 304 602 111 965 -1752 -918 182 -537 -418 -559 -71 -39 -348 1299 -43 762 84 -1045 -978 502 256 431 1315 -116 804 396 -568 -1023 752 732 2632 1127 594 586 614 261 -690 979 529 563 708 634 -139 669 1080 -775 -255 1010 12 -828 641 118 -145 747 2 1135 929 295 1539 287 381 631 -342 1737 344 563 1752 486 27 -752 332 -11 747 -486 560 -1016 931 1163 940 -1288 -188 -277 -474 -1368 1236 334 585 340 856 2238 -801 -476 -127 -354 496 -1188 627 -935 162 -47 317 132 -1084 920 155 -6 604 866 -91 -329 200 -602 304 -52 -190 -88 1135 -1233 370 192 -792 1023 48 1071 1447 1457 -1593 -1070 357 749 163 563 -1052 -622 -988 -488 24 141 127 444 -225 -164 -759 52 875 629 751 -749 -659 1371 151 -20 85 -459 854 -851 34 113 -166 156 -543 223 -1457 72 -488 20 285 286 663 1826 470 -781 
186 -433 1063 461 248 -679 1768 687 -522 337 52 592 391 298 768 467 335 -323 244 571 -723 361 -593 -2013 956 597 -606 -466 -545 218 1 162 742 402 699 256 -309 -211 -1435 94 1102 119 -1034 505 -81 -856 708 -1790 -605 1582 62 1715 189 -341 -22 -1 -471 406 -1168 74 97 1041 -726 158 -53 -1469 667 847 454 156 476 -968 -304 -544 -181 576 270 -922 535 -463 -1058 359 -506 -318 191 1491 -509 -304 -735 1342 8 758 -886 -136 -1375 -1279 -857 -466 332 -416 -797 183 530 -644 44 -129 497 -614 -327 1665 336 768 -391 1267 -1012 -21 741 -422 123 480 -1177 -404 -644 -1109 813 -1073 698 -611 407 596 920 703 378 -300 735 199 1145 -977 -125 -1264 -1398 -735 -39 -846 726 -431 -71 -289 1631 -693 -1507 1037 -914 290 -1818 -1041 -410 -736 -891 991 -1096 -314 -1140 591 -993 89 -807 -49 339 636 726 -392 -377 -1221 -1608 36 161 -18 345 -355 1289 235 1117 60 -348 155 -42 -549 84 648 -182 1687 184 509 54 -140 408 -1596 -1203 -256 -102 -505 -1205 54 935 -1095 374 -347 86 177 -327 1124 -364 1114 -374 36 569 -556 -5 -920 -1183 293 -946 507 986 177 -1169 -150 902 -1247 660 1485 359 -265 90 1209 450 -462 -972 -1072 471 722 297 1003 -565 336 -21 -370 -419 1222 -1211 -1480 -264 512 408 -67 -759 1299 -1021 -438 -78 -24 615 -334 -29 -1478 239 -893 739 475 1326 -120 -852 675 410 -1250 -444 271 -45 -181 -466 761 268 -104 -292 306 735 -934 -918 -1012 1557 -456 336 1090 -1325 602 371 869 -159 -681 202 678 -110 25 -46 -551 -123 635 -348 666 -402 -60 1101 102 -318 -247 -131 456 -1120 -1581 174 -425 -1194 905 728 1356 -518 816 136 -197 751 -319 655 -1485 -310 -728 -564 -504 1625 -288 -1099 202 33 451 -415 730 -983 -533 1268 151 -770 -1050 -665 977 -364 -512 765 -108 425 362 -217 259 1349 -303 -437 914 -255 -390 -1291 -58 656 -667 -90 1466 -851 -582 -120 1172 -467 245 -1290 -458 244 -1204 183 843 304 485 109 -690 22 1032 809 707 337 -1540 192 358 -752 1447 
432 89 -657 999 223 -474 1320 -217 -4 336 920 711 -253 302 825 295 -772 709 56 -134 340 1228 -393 340 410 -1475 154 84 380 -280 -69 -736 -428 334 18 232 -24 -223 249 -956 916 -120 -46 12 -820 1170 -1066 16 -1319 853 -1852 716 -618 -1280 116 -305 349 -540 50 736 -716 -365 388 -109 413 -2033 -574 -8 -129 210 539 312 1163 279 -1459 592 -951 777 -627 1235 -158 -918 1447 420 -143 984 -894 -1405 -733 961 870 479 457 -633 513 864 46 -212 269 139 -24 -333 35 161 -778 463 801 -398 648 -425 -102 394 -390 -162 -697 -123 154 269 1560 -656 326 225 -807 -481 -103 -390 -656 -777 -800 40 -1239 -228 673 -482 828 -1 -393 1268 -575 -48 579 -1040 262 483 562 551 -327 535 -1479 -29 158 190 -699 1223 -43 -226 155 -777 -389 136 612 309 701 74 -352 169 544 -162 261 1425 338 -130 363 -565 -298 -746 796 -193 -322 -453 449 133 -698 1107 -612 475 60 -936 690 -540 448 71 -488 -349 1063 -261 1003 -19 -554 2040 356 100 -226 766 -582 -1580 -141 248 -802 281 -192 700 343 -500 -100 321 -1023 701 -539 134 280 229 996 1058 -226 258 -281 1195 -871 76 371 -138 -560 739 -777 -662 2135 -727 -735 280 114 246 1379 1036 1514 3 458 -1181 -12 -220 -707 -511 255 825 -158 -383 326 -798 367 -83 -1246 -940 282 -600 -960 -1492 421 134 333 -1062 1305 -448 110 -157 721 -211 -687 -934 -590 480 1414 522 -88 -357 -745 -1542 841 887 -99 959 587 1452 1064 863 1400 -427 -499 -1921 673 628 -439 318 866 -1053 -405 -134 -162 -437 -1354 -933 -417 621 -869 -425 -740 -404 -1760 1038 -862 583 53 829 -714 -6 246 -82 -1466 93 -488 214 457 -203 -142 -484 662 183 -1410 -1141 267 119 433 -41 -247 767 -1081 -29 197 -218 438 -801 327 -22 -456 -773 -510 -533 -1354 195 -422 -130 1147 401 954 -463 303 -382 -514 -1507 -252 580 1061 -722 -536 715 355 564 704 252 -54 266 -321 -458 53 1504 -995 -157 -77 -565 882 -273 -341 -319 -421 -1095 81 -396 -71 -537 -83 -143 
-671 479 -597 715 468 -619 404 -924 -565 -204 296 -629 -239 -180 139 -243 1514 473 -199 -784 7 -1437 -18 248 1226 -543 -268 -178 -423 849 -20 628 611 -1111 -962 -644 -823 23 863 -174 735 -192 1248 -1646 -729 -432 -1113 836 96 1231 536 795 1279 26 381 625 22 -1406 993 -23 -602 -19 -161 -74 839 173 -1432 84 -569 -142 -1421 146 -1292 1065 433 67 1411 -322 629 -468 -490 258 893 593 589 -1095 -366 35 -191 428 -852 235 549 941 -178 -858 -914 737 -1197 -123 348 163 1172 987 -215 -167 552 -1855 -624 403 -926 847 -547 -141 -355 -289 176 1431 -673 -5 -408 298 -556 -568 182 1220 -266 582 -697 741 569 -170 1856 1121 641 -148 372 -321 -516 -103 -1356 -169 1132 -22 -1697 -428 -264 24 -1096 -574 1428 821 350 542 41 -927 384 -1124 -669 599 -176 260 -661 -337 640 -606 -953 268 -802 1136 -666 33 -512 433 -15 -309 1010 -59 -675 -444 -667 897 177 -215 438 537 174 -324 390 -1454 -185 1287 -1221 154 -849 663 -638 239 -1854 131 -653 -513 298 227 -549 -367 -774 -283 -681 -965 -1137 569 283 393 -265 -42 1067 -1176 903 -1999 -199 791 139 -444 -1269 -463 -957 -1247 -878 398 -102 -975 -460 425 355 1083 -755 868 525 -53 144 -162 628 -446 48 735 -1473 75 -310 588 879 639 -537 1196 -2 105 -1751 1383 -1049 248 -136 333 353 4 61 -1072 -732 -190 204 706 -155 465 480 -258 405 601 -708 846 -435 10 -131 -1408 484 668 -495 -1402 -326 -787 1282 647 560 -596 594 154 -635 726 -329 -974 547 664 -1067 336 872 -350 -1386 -541 -908 -1322 963 420 -849 -826 91 314 -692 548 -908 125 -763 74 -268 -749 -304 1034 -93 158 462 -83 426 429 -474 -765 167 -268 -236 408 -769 -707 170 173 781 1200 -260 -922 -422 272 -725 237 224 -915 -519 -1453 -211 -609 -494 -804 -286 -765 -258 -1373 -1019 -46 307 529 576 -197 750 158 -64 -224 216 819 613 704 -528 -1209 -1017 -83 181 157 892 -1050 -230 334 -127 245 -151 -221 -1358 -278 -297 1115 -152 -342 155 574 -1005 797 695 25 
343 63 269 557 -3 -1438 -1243 335 358 618 -703 -1039 738 -531 -925 1154 35 -868 -202 255 374 -458 -411 771 -1443 172 -1099 -21 19 323 574 33 -448 -52 516 544 -432 65 -19 48 734 -399 -726 1453 267 201 144 -538 -436 -13 -175 -418 -1086 -307 565 -235 -42 839 819 624 -221 -562 684 277 270 -984 770 388 -53 115 515 -1318 140 1097 -688 -324 -583 -176 97 1227 -1725 603 -363 -754 939 -609 215 -997 -173 -174 1580 1513 83 122 75 442 179 -462 873 806 -206 390 870 823 1486 525 121 -604 -720 -2012 301 -617 -103 74 386 166 -834 268 457 -361 101 352 1072 951 -579 -1077 617 290 588 -746 -172 684 1222 -1129 1747 511 -1178 -25 -96 872 -107 804 -657 554 -944 1215 755 953 -653 -773 -762 -2397 68 -804 -438 -229 369 1665 -858 -466 -295 -1551 527 -552 990 827 697 1397 623 -989 44 143 -195 -2111 -796 484 -750 -178 -137 -1499 552 -770 305 -171 -1921 -2058 -783 -794 -639 -239 212 -589 -1338 725 1421 742 -781 -899 286 -974 261 -269 89 -698 14 695 -579 256 -747 283 -559 610 -506 -638 1511 1843 -1445 -714 -21 201 990 801 -220 234 -755 570 348 584 -97 -213 -628 -439 1127 254 1344 1230 204 1612 708 418 -644 -649 -469 -856 527 -798 701 443 -158 -689 680 347 -360 -353 -215 521 390 509 -493 445 792 -17 -994 481 -160 -352 506 -446 420 -514 -2331 -309 134 -427 749 171 1145 37 605 920 -300 120 -489 1046 268 -887 680 394 52 -467 -688 255 816 78 635 414 -198 636 -1181 -176 -566 807 -430 182 796 -821 -81 -964 -585 1034 1224 -248 -544 -708 22 -870 -1298 -856 -369 190 -463 576 -610 -74 1427 22 -405 -135 -405 514 -1221 -304 -887 -361 -1080 318 538 -931 1732 -297 -1454 -697 -34 -104 1037 -1450 -297 345 964 1471 637 23 -74 441 -1068 452 881 -485 817 -54 1094 591 -1918 480 -332 -121 -115 -281 -393 -1925 -1140 350 1171 -99 673 720 -707 -277 -754 830 95 426 -600 743 960 -231 755 177 -1188 645 175 -1614 49 1452 178 1301 -104 296 -574 402 
-397 1278 -790 182 655 934 -653 -275 1184 -14 -196 510 -1370 770 1188 -122 57 -133 -729 976 -683 623 192 -672 651 -396 90 333 501 56 204 547 -8 164 138 -867 -703 -219 -986 -619 -1950 1237 -328 540 -267 996 -882 232 387 1221 543 -1518 -497 -323 1090 815 207 -70 -362 -310 -1256 42 215 -178 -826 -66 1118 82 1283 -465 185 828 375 1394 812 -171 204 -290 749 699 267 951 -297 -393 165 39 -559 -894 95 184 26 1326 397 273 -291 -186 286 -1447 300 -499 341 -817 -912 -2091 52 403 1063 -628 1637 -239 -1381 -337 775 1381 484 1646 544 -1161 -241 1467 -387 161 -148 -30 112 -1238 326 677 622 -603 -232 234 -24 922 610 -921 -433 92 875 625 533 429 -705 126 986 -394 -130 714 -277 -1117 -439 -1327 -233 1565 -256 189 791 185 406 275 1001 1401 687 -169 -1521 330 802 -87 905 236 -67 226 -154 -136 132 -480 730 -812 160 152 541 1064 89 -1046 1761 685 -990 -811 220 525 532 -852 438 -838 542 847 -1094 872 -1095 -2 -451 466 -736 -321 452 1071 2053 -2070 166 618 205 -879 -158 -290 -705 718 863 37 -423 -1076 -881 155 542 591 -450 741 641 486 1010 5 -1450 723 543 -234 -387 1182 800 1252 -189 -664 -133 730 -659 -638 431 57 -1295 109 610 -1486 -464 979 -969 950 -1055 -645 -1168 -573 1274 -450 -1244 -128 -510 -609 -209 -447 -402 -1107 62 358 -188 385 -133 650 39 110 237 -170 -734 972 394 -63 -990 -759 317 530 68 127 738 -514 -576 -214 -356 209 1031 -988 136 359 185 -242 -1072 234 -907 -258 137 -1591 184 729 212 1150 -5 909 80 -383 -1640 70 -474 -156 -31 -834 -64 -571 658 -24 -590 735 -849 296 29 418 1218 -288 228 230 527 786 53 -248 -654 -539 214 -347 -857 210 -204 -18 -272 -1573 671 -1019 -147 -779 -345 7 184 -1405 57 134 -566 -907 104 -12 31 -1363 344 1251 -837 71 1038 -975 -276 449 -415 -551 -349 151 -782 190 453 1955 -67 331 -1376 208 -5 73 -562 -1077 -500 -133 -150 114 1864 74 1618 -407 233 -349 214 705 
711 1114 -220 -330 -1053 -415 418 349 -764 426 -445 687 84 -416 768 -695 -491 129 522 -768 1400 -1819 348 874 1002 434 400 16 452 -709 140 -586 344 -97 268 -251 -1205 -812 -255 -169 -506 279 178 -312 349 -302 -90 1465 -108 327 1363 -1389 -83 1502 -330 -886 307 -1530 -328 513 320 -1563 937 220 -529 499 -1097 1068 53 766 980 555 -355 -464 340 -952 -372 55 219 685 -529 727 -777 873 -183 442 159 -891 192 1032 -518 -807 -336 -62 717 337 -263 -197 2 -678 -1348 -571 866 -291 762 1432 -190 670 265 -577 993 1199 -1224 -1692 685 820 5 -734 1304 -148 1291 1457 1078 1966 242 1403 91 156 -247 -250 -40 -735 298 -867 81 -761 -597 353 581 811 -526 101 943 -363 1961 -65 486 -686 351 1149 19 137 -415 957 -1140 -10 -665 1103 -771 -205 39 474 -1079 -659 -212 1073 456 -364 971 186 -1024 -557 -252 -1899 633 -388 226 138 522 37 1 314 307 -23 1437 1016 193 514 456 -1127 -705 -612 -459 -136 1079 -1176 -157 330 1 549 1236 741 702 437 -183 -443 610 1242 1222 554 -583 18 -314 19 744 -1068 822 -438 -705 -861 -545 801 1131 317 50 407 1378 -789 -1139 -52 -559 -1688 2062 -324 -700 -1487 504 379 -835 -541 526 690 -939 -1329 321 -793 -442 570 2129 496 1137 40 186 324 774 -625 647 147 459 -1505 -582 -1901 -1498 1034 -563 -689 -2194 804 -524 -315 354 -158 -427 563 368 -1124 -581 20 721 1287 650 1797 -129 829 119 1024 291 418 -92 -669 592 -263 -5 -848 634 -683 1100 424 213 355 -45 326 -807 -702 292 372 767 -629 -285 -213 -282 1070 -617 -1763 -75 859 812 -537 -124 -77 503 395 -533 -325 98 -734 1024 969 1500 953 -1805 -1000 23 151 -153 -340 -985 -693 1818 -1268 -1096 409 448 550 1611 -203 -1142 -1818 1335 247 -670 -829 440 1783 -316 759 1983 -1086 1482 -611 459 -714 -1082 -68 512 -1088 961 -896 256 -420 -422 1091 791 -213 -399 441 1467 -518 129 -50 -574 56 693 -582 -533 -72 -733 960 -338 142 -501 -1176 -649 181 -1115 -124 -304 1207 -295 -830 
-754 -238 167 -1174 -594 -2023 199 -434 -671 -519 -304 -291 -91 -228 -94 -920 479 94 -931 -128 -1541 233 222 248 350 -280 411 -1185 -410 -1654 1040 57 -154 351 122 348 -405 707 1348 474 678 648 -438 471 974 -256 -669 362 -774 -385 16 536 300 -435 28 438 -778 1119 1088 3 415 -696 1722 -665 1074 181 -287 140 839 942 851 482 -1669 -659 -427 183 -268 -151 -162 -776 -106 -297 -117 1018 720 -374 -73 404 1122 1204 161 -646 346 -138 888 313 359 -701 -296 113 143 -726 525 -231 -575 -423 501 10 669 -745 -251 -1137 575 -127 -1358 -1713 -1252 1297 -405 -1 -29 24 -255 -275 -456 -362 -1394 -1240 389 288 -1079 47 495 -526 107 -1252 -1352 414 -730 593 27 -243 -276 43 -97 -46 -1775 164 -817 1060 887 -371 1127 131 243 1488 -289 -739 -147 -536 -158 67 -635 -220 1276 910 574 -357 -675 680 1642 196 296 364 -251 -788 1748 -295 420 766 -135 769 648 487 -147 273 939 1130 1708 1097 17 116 554 -567 1049 -857 -460 -30 -1045 644 1172 879 -622 64 -786 482 48 -1123 -54 -130 1014 1102 -1086 950 527 -126 346 812 385 -19 -18 -1066 -721 -20 -556 295 2 39 -1624 928 -549 -15 370 331 302 37 602 281 -613 660 -167 -167 612 -1275 146 -712 -219 -757 118 302 15 1504 13 -1670 334 -1422 1225 -422 452 -156 -148 -286 44 -269 1015 -297 -492 -1100 59 390 1584 842 -1524 405 582 466 1867 435 389 -101 1455 614 194 261 535 -648 -433 196 -396 -650 649 804 -336 192 1143 -1151 815 -401 -552 235 -540 -32 -58 -523 -543 -819 340 -628 -48 -322 -1273 661 -1099 -560 -806 670 101 -612 612 242 385 1291 -183 527 318 -306 -326 293 545 196 565 -469 610 540 38 -155 100 -512 -124 -988 -710 323 -40 222 572 443 794 -295 -238 -983 -483 -675 -385 1318 -820 706 493 153 1245 1049 187 -547 -936 1213 272 -994 287 164 346 -56 99 162 228 -798 264 -47 -540 -845 -1007 -502 -326 -1429 114 698 244 422 -1499 -75 -338 756 690 -789 761 -908 -86 1313 698 -92 -544 296 
-429 -273 1336 654 502 -876 1185 -741 241 120 -590 -428 -12 526 566 679 916 310 -901 -291 -166 478 95 134 -744 788 -351 -753 -1078 274 1819 -1746 -1144 636 -462 -46 968 191 114 1738 621 355 -905 18 -1207 407 -854 -726 -15 -559 580 553 130 -415 644 152 -1668 -257 360 175 -181 461 357 436 137 -122 -686 -989 38 1207 204 171 1110 1289 -346 -339 -206 745 689 -42 586 -521 607 -851 1475 1496 -916 1125 -646 -278 -941 -891 505 367 -401 -671 53 424 -1679 -562 -646 -849 -454 401 -890 282 222 -9 -885 -1134 -535 -914 -552 -810 -390 155 404 27 893 639 610 -892 -346 785 -400 -323 1892 -349 86 -907 -659 332 -543 968 100 -1482 812 380 -1027 -939 215 -118 1118 -280 -1123 216 -82 762 -442 379 220 104 177 418 -399 -23 1090 -1049 600 672 -577 -26 98 -148 989 -99 -387 -1067 -565 1296 -269 5 -512 469 179 -278 848 -52 -577 72 -904 -428 -66 -24 -1509 -517 -1148 624 100 425 -335 31 -177 1805 -582 -1180 1582 -1206 -321 -342 794 665 -1122 340 -749 -676 -574 -1179 323 79 920 231 1171 395 63 140 -147 372 1364 -185 1114 -217 1559 391 386 -342 -66 686 607 891 770 -33 -62 1175 56 -1109 359 85 -323 732 -182 252 -52 722 176 1434 744 -307 -1128 294 446 1056 1359 -690 306 -297 -1415 1361 -368 -668 -563 -1129 174 -180 137 -1014 246 899 377 1047 187 382 -527 560 470 137 477 -1436 -1089 -163 1357 -1570 754 -792 -923 -265 -434 760 -574 436 1269 213 -47 481 144 -664 -1128 -56 389 -348 -308 -272 415 1100 842 -1262 -375 -797 -264 -925 604 719 789 -69 705 -835 -962 -950 -748 -410 -732 1870 -317 -741 1994 186 198 67 -444 -1712 146 254 62 -371 416 219 -423 1893 786 106 -1041 -210 -1051 253 -683 -126 -33 -360 308 969 650 -123 1080 518 -630 234 -543 -494 -493 306 -253 273 703 -244 447 -1087 393 -428 -798 65 1321 806 -147 -162 -201 215 74 323 564 -212 773 841 -473 -495 25 -600 -442 37 198 373 237 526 -266 952 -747 791 95 -27 -676 396 
-845 -655 931 -684 1426 655 378 -34 900 495 -683 623 -892 -379 -938 799 -1042 -657 80 445 11 -1901 69 293 73 491 1143 318 184 -830 527 138 346 -858 486 507 -438 145 1598 -633 431 839 936 -297 137 2448 -249 223 -1091 390 103 499 -889 -5 41 723 -337 -607 -714 -305 -1518 -47 236 -420 -603 332 382 99 674 19 -812 -194 443 -152 441 1552 -285 -759 592 -549 1141 -1337 515 -572 -1322 1376 -986 83 226 1228 -136 -509 -1343 -277 10 6 243 507 -411 -40 -153 116 -413 368 469 131 1287 -655 -1197 753 1891 -1159 675 -470 -366 -204 -98 436 -20 -1735 -594 291 276 -489 -76 671 1037 -308 -487 -430 13 -174 690 -334 681 -37 1092 -122 231 -226 292 966 62 570 906 42 233 482 375 -1195 287 -645 430 -61 418 -954 402 241 524 813 -630 743 -745 -789 -618 -723 418 2 10 168 -750 -849 236 1259 415 -441 455 -442 47 -1490 399 -261 -487 -772 735 786 -634 -1809 -76 552 -352 827 1638 -659 -274 311 515 -968 192 466 556 819 921 -47 704 -1347 -292 821 1259 -857 434 -492 29 465 -1330 1360 -456 896 -943 4 -652 6 472 -127 682 -455 -968 129 -882 334 -305 971 -490 -291 -967 535 1312 156 232 33 -1068 -656 1321 263 -98 294 952 979 -609 -969 250 -616 -679 853 -442 824 -1184 -214 -63 758 -531 921 -422 178 2006 -1770 -312 1599 385 -98 765 851 -413 -736 176 -959 -117 -15 -505 546 -80 786 360 -1048 466 -486 416 -630 745 746 1515 -336 -981 -269 182 -642 -642 170 245 -943 -853 1054 105 2162 300 -411 506 -501 -449 859 -1091 1147 -922 906 423 408 611 250 -1164 -274 1504 343 -790 -1105 811 314 444 -560 1180 368 144 -1081 63 87 69 314 -28 41 -161 -1011 337 162 -1287 -516 -340 -120 465 -732 27 -139 -431 -613 -574 1191 58 -994 -561 -601 1113 -457 -54 -988 -411 -441 -476 -217 -113 -1259 941 170 -1132 663 363 -588 -969 902 -881 1263 -134 519 319 338 539 147 -589 1727 -922 -1629 -267 -1436 198 1351 219 -581 -1 613 -1259 -786 -1022 -808 
-1500 -471 934 -104 -214 131 397 -1160 -1498 129 -888 -2011 75 888 1188 -453 61 -253 -1008 1387 28 1353 -74 1604 829 381 -1081 1028 -182 -1011 -667 -816 315 2292 775 357 -282 -741 709 855 -172 -1191 870 1053 81 -527 1040 631 496 -608 1065 125 131 -525 -1406 761 -687 -110 311 975 418 -702 -99 -1640 -1642 394 -1418 949 534 127 -710 192 604 263 -834 648 -135 -251 39 406 1457 126 -112 -369 -264 -1182 -1137 239 612 763 115 380 448 -106 -607 -634 1983 861 1364 -341 -205 287 113 14 -1105 -29 -766 1156 -97 573 250 -476 509 758 407 -338 -504 484 -251 677 263 -775 1734 155 -498 620 1202 -1100 637 -185 -167 260 927 -27 -245 437 -506 775 -773 727 71 76 330 604 -451 -25 629 34 639 -252 217 623 1612 -66 -196 235 -992 -502 -91 -149 -202 355 1657 91 -617 212 498 -883 -322 1611 -1 430 659 -41 1341 761 -1005 736 -31 -41 113 -1661 504 489 488 814 -372 -412 836 -1576 296 -45 -279 -342 1564 -208 626 -856 -149 -261 -880 589 -300 -110 -583 -336 123 -319 549 325 510 1704 -943 110 -868 -27 293 652 -1094 -1460 -993 -522 1188 780 1272 -1149 977 1143 72 76 -730 236 -200 88 416 -136 -764 208 352 241 160 1059 -1320 431 1137 82 109 361 -492 -648 152 304 393 -105 -1010 321 1220 -36 -71 216 1479 -58 -842 -341 460 88 878 -624 423 -1027 440 -127 -665 542 406 52 882 -588 -1257 -502 1348 359 -788 -331 -279 -90 727 -492 352 -373 -1060 -859 -64 -641 2485 451 -79 -175 815 753 -422 -1598 872 -605 -186 127 -475 453 -445 689 310 37 834 1356 -224 -938 1770 -1073 -792 714 608 867 1241 1329 581 460 -350 -715 182 -803 404 581 597 -207 -293 -1892 -675 1097 396 412 -1227 979 -950 -1571 1148 -288 481 -632 625 -605 232 -257 -321 1207 548 876 -214 390 493 -268 -886 -234 263 407 -1502 75 -1427 -84 -295 -656 836 -118 963 -36 911 3 -467 219 -1027 -273 196 -221 621 -563 528 -1111 363 -311 487 -552 -23 269 -592 -47 520 -416 494 331 544 186 
912 1952 -598 -241 -688 -897 1195 -123 -876 -230 -390 -69 521 -297 -725 -656 -1466 -798 774 -521 -490 -814 673 1657 1342 -674 -532 327 307 725 -1289 -817 634 -483 522 835 141 -1672 -670 708 -257 -167 192 149 -1231 1317 -392 -564 636 -605 -1107 -637 -590 -1094 -102 163 97 -1077 -643 162 -1231 2101 -1273 -296 55 934 1837 -908 1050 -492 -281 -1317 479 -540 20 242 -1618 -330 243 -722 -749 -138 504 -875 -361 75 -517 419 -701 -833 -734 -682 581 1330 -596 509 -483 -311 38 -780 282 -327 -2097 -789 970 39 50 -985 700 -778 -230 -1086 -1025 13 1101 -453 -663 -960 -508 711 -677 -465 -112 -560 256 -45 -428 -456 -1627 584 -738 -1152 290 -1577 -41 -640 -1149 -1444 321 73 -54 -373 1283 260 -34 -352 -737 -691 -202 -322 -125 136 -1000 -270 970 383 421 409 44 189 291 191 313 224 947 -776 -572 337 -114 269 -1416 -174 -1272 -1004 -427 -600 -1913 -176 -359 503 112 -617 -1018 -345 -94 35 954 -209 434 917 720 -554 -71 1337 -181 29 930 1380 583 454 -330 134 1624 196 -561 -384 -88 228 -548 -215 668 -598 -557 -117 405 97 -1430 -68 -527 -18 -482 185 -108 146 378 -457 242 362 1384 142 -265 814 101 -1296 215 -253 20 -1353 -236 -879 56 152 670 553 -1061 91 -442 1058 -723 -619 -494 367 478 -1008 -227 636 608 -125 965 -124 176 733 74 -164 -763 1395 -94 850 -84 381 -2 -1772 1550 886 633 -700 782 391 252 326 86 -164 1403 -1897 -478 449 510 -547 -165 179 1148 52 -486 -46 -630 378 -415 -70 -650 -124 510 526 -640 1142 -1060 980 1497 -154 -500 -311 1324 -235 -181 -119 572 -1221 -601 562 -250 99 -1150 -400 -212 -1022 307 985 454 -917 -420 702 293 -499 -654 294 -1571 74 1438 493 521 122 -766 -127 -53 1020 840 293 14 1407 342 -388 -551 1876 -188 395 90 103 1038 819 576 -5 1051 867 -338 -260 -326 1565 275 -652 363 330 141 -1930 489 82 -247 903 267 751 498 1868 673 107 -1702 906 -414 -36 -1251 702 -123 536 1518 -499 282 137 -1487 1199 75 -336 -241 16 
-1347 -887 1824 -359 -492 -448 232 23 -424 -710 560 -321 340 727 2020 308 -327 386 642 589 712 1233 -371 -186 -665 -141 -8 219 1122 853 633 1939 554 849 15 -734 865 281 171 -428 -996 155 -399 -918 379 -329 -778 -881 530 717 604 831 1083 367 -1593 9 -1598 366 -301 -1267 -135 -796 -758 -1225 -340 362 -683 -237 -219 -537 -762 -157 705 144 1184 -718 -1230 -1390 -437 -383 -1872 1084 63 -1117 -256 680 -182 402 -890 127 697 -904 567 -159 246 58 337 289 -81 1278 -1242 924 501 821 -358 -719 -20 1313 -1705 1325 24 244 649 537 -1117 393 403 372 320 346 -241 -32 -176 1177 -33 60 307 -502 401 1471 -1545 83 -889 91 -515 -1094 -790 -217 -218 295 -706 368 -207 -1348 792 -759 817 -190 326 -1257 -184 470 88 285 424 298 1083 -836 595 513 -258 1085 -234 958 -435 -623 440 -273 -1201 283 1253 3 321 414 -564 -1054 -444 938 -286 1168 -1115 -49 719 -1680 293 339 112 -1030 386 -291 391 87 203 -8 256 447 -1101 193 -795 -818 64 906 -909 553 -120 -932 -747 -862 688 504 -48 -685 -591 -69 -684 1128 -385 -859 831 -109 -826 408 -1057 -242 232 -689 -62 -315 -1909 -1636 -7 -273 -365 -569 -47 483 -504 1264 -754 -317 334 23 -701 -794 -822 397 1186 -581 225 789 12 253 -289 -730 555 587 -249 1140 -429 -132 -587 516 -332 534 -34 -30 -631 687 -665 -85 746 335 275 -842 537 -238 1085 1183 -350 10 -616 -666 909 -17 -251 -865 957 -283 -771 -567 346 1179 -522 -431 -166 -543 -453 365 872 709 777 487 834 106 -163 95 -667 190 -650 -996 858 315 152 899 -48 -757 -739 -413 658 -914 -532 797 -120 628 784 -294 1861 -1011 -103 161 -265 -1183 -929 -601 636 -953 268 486 1222 -85 -110 1007 -556 531 -171 -751 -782 218 298 452 -1030 -1316 144 1117 -535 823 -278 -187 -6 816 711 99 -585 350 -452 170 1177 261 1454 -88 -816 1042 685 996 288 162 -1163 209 -200 -600 -152 1265 -454 -219 -687 115 343 523 33 -546 383 791 834 1312 211 473 1147 170 -671 -296 
-834 -171 711 -150 91 299 -165 -178 -205 -67 548 -1269 -197 -748 -1064 724 740 630 -483 -482 36 -416 800 813 -491 -1263 641 216 -675 869 40 -446 473 259 -1015 352 358 -529 -576 67 -339 92 1018 -365 1058 853 -780 -669 91 1352 -348 -280 1308 153 -374 99 1442 532 -390 -290 -299 -409 -294 -165 1180 1165 1907 688 -248 841 455 -208 130 439 402 1381 -632 -643 -1097 -873 -581 -701 282 439 557 3 -481 935 1357 164 -303 54 -634 -652 -1086 539 439 483 -369 74 -513 334 -767 -664 -256 32 -520 336 618 -459 1345 -867 698 -871 310 -1424 999 232 -1687 -166 455 -101 -579 -103 -1338 158 -1208 -131 53 643 1326 -752 695 709 -591 398 -1281 -173 -270 308 1063 523 1142 642 -658 509 290 373 146 342 962 30 150 1120 240 -1447 694 -918 198 -664 -807 -933 -348 225 276 51 678 -79 -177 -350 77 1639 304 -542 -636 884 -365 722 -855 -61 -551 835 1067 111 -419 -1437 524 0 5 -291 -226 -353 416 132 384 -658 251 155 -128 1385 649 -630 48 -1117 927 -30 190 -72 1036 -174 -754 -195 -429 -164 1416 702 -1206 -711 233 -667 878 124 -1284 753 -287 957 -241 -727 997 -174 428 176 -178 -185 960 512 415 -653 -998 694 -627 1278 431 112 366 -1377 1582 723 -266 46 500 214 752 20 -721 165 -181 -43 271 -17 -187 -192 226 350 -493 1207 961 -438 -491 355 -342 99 909 1167 -28 455 862 -851 -565 1322 -159 -251 -701 -143 -99 1039 471 714 -39 214 1515 -594 -151 -324 400 -1164 -225 1154 -609 -172 207 308 -94 815 -283 937 278 775 -465 -869 1541 751 589 -660 -1004 -1152 546 -18 771 313 -155 1178 -1167 -1228 568 456 567 -568 375 800 -1091 395 -149 1239 -1090 839 -292 -225 1408 -598 -1114 -414 -1122 35 -249 198 -727 -256 4 -197 -680 187 -272 595 -804 143 -115 -1102 655 676 -473 30 752 1496 -708 -224 -725 879 -1058 -1114 -62 -1550 690 -46 573 -253 -451 -516 -776 -181 242 -114 -613 -567 -1058 -329 1019 -188 -825 459 874 838 225 -651 -750 1812 -1276 110 -759 -62 
-108 165 418 949 366 -970 -1331 -529 490 50 958 -290 386 -1165 -869 34 -192 380 1068 -425 -142 -1199 66 -826 -210 262 655 -189 -164 -474 549 -971 -713 -1005 -326 626 -574 1381 844 -870 -390 -746 819 -212 1623 -206 -931 590 -606 -521 -503 732 -280 210 -276 1203 780 -731 1103 -142 193 -18 -400 85 -364 -154 120 -751 -160 -930 615 -271 -722 -1011 169 166 -221 152 431 1108 729 1482 -78 434 -886 259 -204 -157 343 -700 441 1401 -242 111 -909 979 77 180 437 -710 238 49 -265 -1153 858 652 -285 -1204 -813 -277 395 -635 -75 140 -441 -1006 96 -628 -989 -577 -1451 419 -540 909 1381 -1361 229 128 -305 -13 -530 730 1616 -567 -584 1111 939 229 -675 -500 29 378 -298 1220 -388 -580 545 467 857 114 685 -362 -511 614 -732 128 -2155 429 480 -523 -387 7 -934 -189 683 580 1008 270 449 -115 129 811 -137 1851 525 285 384 -24 90 110 231 673 -627 422 592 332 -104 910 730 -587 -1164 1187 258 621 1400 -189 -1403 -376 729 -84 -664 721 -914 803 1424 -510 789 907 351 1601 471 -717 -423 649 -278 443 0 -342 -753 1643 660 -333 516 152 598 609 790 222 -375 -200 -217 842 412 9 545 918 539 905 310 424 -83 786 96 -119 843 1273 -441 828 294 756 -14 -125 233 23 -38 524 412 679 271 748 -38 -1099 102 127 402 -954 -14 -364 -45 1329 -756 323 -28 -305 -655 444 249 -1363 347 -19 1172 -976 -1183 1067 944 -819 -222 -659 -99 785 297 -209 52 594 853 61 -866 -829 -830 -189 1460 -432 1410 -615 64 -309 -1115 -191 -701 -1141 -749 956 -277 -747 -300 598 -634 277 310 1173 -1336 163 3 881 -1582 -641 83 242 -646 -178 -281 219 -6 -356 -744 913 -876 -12 -761 755 69 346 302 836 905 -433 1048 -260 -636 577 106 -311 -919 -653 945 1759 -729 -222 22 -783 -935 954 -1115 416 315 -22 -809 -588 1443 -518 -219 -1439 413 65 -32 -965 -322 1239 264 -240 -159 99 929 -33 -350 1074 1159 819 -180 -397 -202 1256 -500 -390 984 -420 613 740 -264 930 
301 -193 -100 -1304 -506 -1602 -333 -1128 340 -664 242 57 -128 -495 343 791 -1102 -514 -380 651 -420 360 -688 78 24 1494 -1054 -393 -655 -287 876 932 -1220 553 280 -921 -773 -413 -908 1346 270 -673 -444 737 208 2117 -312 9 -1514 -263 91 18 -964 -886 894 1120 660 965 1578 -1657 66 -538 -55 950 -327 171 -359 1197 -931 726 293 -389 -274 -801 -391 -1499 660 172 -191 211 82 773 -795 1564 -447 -123 415 -198 922 -34 407 753 562 -703 -115 -1050 -91 187 633 1241 -597 -840 -62 -1258 969 426 -497 -314 342 -784 -1209 694 697 1276 112 -1477 -138 484 479 -247 -505 -404 1564 -599 247 -37 -499 -19 -472 15 -99 126 -899 781 -622 -498 -321 -715 932 87 180 390 502 452 2377 -338 -734 -259 -225 -509 -271 1241 -296 487 -94 -58 -309 477 40 441 538 476 -689 1362 -981 -25 -785 795 190 -75 547 -203 -416 -700 661 -550 -216 116 -90 -298 571 483 210 -217 -24 -1361 562 -275 97 897 -1117 -557 -870 -481 1034 -156 608 -242 -26 -751 -447 371 -1622 296 746 -13 481 -18 -2296 -478 842 1581 586 854 426 -514 949 23 136 -1030 156 40 63 -573 715 -287 -452 280 -458 297 191 -463 836 430 1454 1256 1694 277 -638 -65 -378 16 -179 156 657 985 149 -128 -120 -450 -599 -497 659 -411 -1031 1231 -991 109 -86 436 -1229 -697 -692 -183 180 -52 -1047 -493 -146 -382 -310 -1138 1072 176 861 -702 1299 -544 117 288 -74 -569 -207 1378 -158 -708 -1400 1045 970 594 -312 -1225 876 -149 -461 217 -1217 -44 -429 861 -998 340 -97 464 97 -783 -119 -40 23 613 -553 1065 -498 -1026 -261 -536 -567 -777 -522 21 -51 1138 -225 -1648 -608 240 1117 1497 -959 1020 678 -245 247 -241 198 1667 -656 1210 -279 -721 57 110 343 -75 -1404 -360 1614 -971 -523 1079 629 455 156 -233 -160 -266 -768 301 -348 -213 818 149 980 -89 710 6 -789 -408 -961 -988 -546 823 -102 -1110 1697 -247 -583 1257 -756 -38 287 -316 -802 -669 1401 672 -408 -833 896 724 -293 622 -199 -182 111 -291 -671 110 -1256 -327 
810 -327 -1042 -40 661 -828 1540 343 -414 -60 -546 -212 761 1181 522 134 1820 -1704 450 -337 -635 2212 365 1748 281 -263 868 1089 -1017 -1803 -989 -518 392 -951 772 696 752 473 -667 -894 -200 -481 601 -1072 -20 -1825 595 255 183 -382 -820 595 -437 435 -269 498 37 -347 -550 -81 -339 -290 -120 -558 302 786 -481 -904 831 241 -465 -57 322 325 198 -44 635 209 50 -413 -880 339 1257 -1358 53 768 1373 221 77 663 -260 886 -1083 308 -1311 -1043 -959 606 419 298 -187 989 556 277 544 -310 -170 369 372 -630 -382 578 -914 649 -841 -393 -748 -153 367 -275 392 -363 308 -289 -145 573 533 13 122 245 -225 737 -333 -233 761 -600 221 666 549 -892 171 -573 -71 -938 239 -22 -778 1604 346 72 565 919 -832 -328 852 337 155 1087 16 718 -643 550 -702 -1416 184 571 -200 458 281 660 -1364 205 -864 931 193 -401 -507 -130 752 -1028 -1080 -581 -393 268 -139 1316 1275 -707 -185 1884 987 -796 -256 -49 -857 -312 200 -1516 322 217 -335 332 1273 -359 564 -822 -452 846 418 874 51 -947 1058 -317 -846 -456 -892 -200 569 -108 -621 362 53 -138 404 17 170 452 -375 816 -436 -117 -186 -203 666 533 189 356 803 -487 496 643 -993 -135 -1662 -504 -462 720 261 -75 -927 -125 305 714 -831 -971 -512 -667 -357 226 -531 707 -371 -747 440 116 -244 292 -134 -373 -951 -1769 531 -547 -165 909 22 204 -109 83 133 117 270 -1240 -275 1817 -1319 15 -730 -994 1335 377 -767 480 -611 -923 -358 1060 82 131 -941 74 1335 253 -407 826 -112 -161 -520 28 -941 -141 929 647 45 962 6 43 -76 -501 708 -36 -829 -863 1400 1058 148 631 -1110 917 709 -1170 141 -224 -550 452 299 -9 407 -139 616 1249 159 -220 -55 77 -294 1325 339 745 444 137 -70 -12 1301 1160 841 -909 109 146 222 -349 47 -522 302 481 -387 -1143 -274 -43 -710 293 -60 -391 166 1764 -85 -254 1599 241 480 17 696 -700 764 -1175 -831 375 618 -44 -301 11 215 -5 280 134 977 -251 675 1563 
1134 240 510 -327 -109 1217 -967 314 854 -920 -754 1053 -815 120 -789 -362 203 88 -465 785 -692 833 542 385 694 -138 -346 333 -286 -291 -581 -485 1019 709 -700 -478 -76 -1096 663 563 -1251 951 -167 224 100 141 280 -17 705 -1097 885 -481 -281 814 22 -632 -843 547 1026 -69 -561 788 -1969 -575 -561 1245 470 -894 -389 -1104 768 -773 1358 -630 -514 -194 -233 -373 -1328 2132 603 54 -52 182 78 247 938 -776 -1261 -30 645 592 -872 710 320 684 353 -1504 -763 -1219 -490 -297 840 -838 654 -1667 -892 831 85 1340 527 111 191 -1258 -1372 -568 -706 331 -22 882 605 452 -979 1370 -515 -848 610 -1159 -715 -276 209 -635 -175 845 1369 -100 -377 -130 -679 -591 195 306 -1284 1629 657 506 -83 -317 304 -320 -647 -678 118 1452 -662 53 -427 638 307 -1523 -876 -625 -790 416 -89 359 -1007 1281 265 651 234 29 -940 -119 229 -929 231 -476 -431 316 648 -538 220 -108 -240 -759 -958 364 -694 -311 114 -83 1261 210 91 932 -658 23 11 886 535 -1069 -359 367 261 553 512 -569 19 1209 372 -699 -804 -922 854 551 -251 929 139 1003 259 287 403 17 706 1005 -732 -30 1076 -102 95 7 346 -1106 -2126 -109 287 276 505 -943 -200 115 -384 412 741 -691 429 -352 -616 -1340 852 -630 -233 1162 888 -1060 468 494 818 924 1486 -444 313 -369 713 -235 710 -694 -1501 0 5 -376 298 -14 -624 -773 -4 -567 475 -828 809 1015 -1012 -450 35 988 591 -92 -2035 1113 -141 470 195 -596 1821 471 832 -937 -967 -939 265 968 608 -828 -105 420 -912 30 19 533 847 219 -279 1805 1105 -385 -348 -655 905 -1163 720 614 -689 264 364 1153 -366 -363 434 524 -740 458 -152 -473 -367 612 -1043 1552 432 571 227 -119 102 1681 -688 713 492 -7 -247 977 349 518 374 -1944 -298 -727 -578 575 473 -101 240 665 -542 -50 1845 466 84 -326 1344 -13 958 -895 -1679 431 764 -617 -225 -28 917 -586 -1978 -740 -972 946 -585 -1030 529 -535 -366 -231 799 -403 -819 -538 -179 -420 -434 -159 -56 1010 
-769 -878 -1023 14 548 -898 -11 -491 -402 -1974 -1218 -309 -215 673 -533 635 -363 264 504 787 677 172 -381 -934 419 -1042 -759 837 909 -111 -761 864 1161 -1191 34 -216 843 -865 -3 -105 -350 -523 1670 -867 8 -1160 513 -783 563 -644 840 594 -306 -271 83 1006 549 788 129 -83 -1955 1061 -220 108 -61 257 711 244 1091 -1258 192 -666 443 -1226 -698 -107 384 152 870 -1016 117 -247 -1553 -73 968 1476 1553 185 498 604 769 430 -45 -525 -458 129 -257 -121 1257 553 -446 -1565 748 -1394 -120 1333 95 -362 375 4 -853 -1568 74 -365 -593 -221 1016 -388 412 620 371 1297 -250 -648 764 -650 809 30 1391 293 -1212 -761 251 -1531 340 376 -4 1338 -840 -753 -521 -48 -439 -267 1263 -291 -534 61 573 -163 103 455 -647 -938 1072 699 -919 -268 -569 -274 412 530 -1150 339 -349 -230 -526 265 -405 668 627 1076 -245 460 -455 -51 409 -27 -680 -811 -84 730 1096 531 -268 -704 891 -469 -34 431 454 436 728 -292 -1 -1783 1034 -342 856 274 -172 195 -137 775 387 823 587 143 -519 -1168 -918 -1505 -671 78 178 712 611 -77 -759 284 -710 400 -393 -181 1012 856 -1189 -237 194 -1026 -424 -290 1917 56 150 518 190 76 214 740 5 -612 -998 -1501 883 1147 659 -329 -1486 1297 950 -343 -444 -572 -721 -1187 932 573 377 -300 -805 153 -1096 -889 633 -33 595 165 -587 177 460 316 -601 222 -337 305 688 -61 217 2942 351 1569 372 -415 942 -271 272 -302 81 211 421 844 -552 585 -678 130 462 -648 400 -800 813 799 -265 -626 -121 776 508 -59 -1408 -1153 -760 1155 -927 -304 -478 396 201 1748 -595 148 -467 -442 729 540 72 -457 -279 -374 1252 -1191 482 -987 184 531 11 62 90 -848 -389 520 -883 -278 -453 373 474 -214 -1009 1693 -127 322 611 -766 -1247 -520 179 93 -301 -204 509 -714 575 -1152 -1266 -620 -480 -491 336 -271 812 250 1015 -203 751 -131 439 -304 447 783 -22 352 -1307 -1055 -67 -540 -911 857 -2 476 874 -115 -431 -246 -235 -45 526 1102 130 370 -112 508 
-49 569 556 74 -431 282 938 -796 -2118 728 -207 -1247 377 -784 551 396 339 49 453 -1102 1005 -217 553 53 -1431 -788 -19 -459 -603 -655 -372 395 102 -56 125 694 123 -1163 -136 819 64 -43 550 -39 -969 772 240 -73 703 245 -549 -356 448 -160 684 809 -1713 191 1061 402 -230 212 -1848 -217 -453 -284 825 -319 -264 684 -1282 5 -303 289 734 799 -196 469 995 94 -805 -513 1118 473 186 -495 591 62 -384 -1446 -1001 -436 -566 -254 602 -1251 -173 287 85 483 -605 50 -1197 896 -1729 71 -810 -391 -291 185 1552 394 -298 1012 426 -286 1821 670 273 37 1150 -2396 425 648 284 -611 123 -330 -58 918 -57 -436 831 514 -490 -121 -314 1357 -299 1120 114 -577 -143 299 890 -142 -369 -843 -22 636 -90 1659 -966 -823 -745 328 277 108 145 707 -266 -221 -507 -130 -253 611 601 1648 -748 19 16 271 398 -232 46 514 -155 558 -1015 -570 376 -493 459 243 679 281 1685 -1478 88 -551 858 -157 1527 -1454 -379 300 184 -451 304 1321 -24 463 17 668 -551 -1203 -544 562 68 -182 -80 517 807 -637 -609 116 917 492 -269 -297 353 -29 50 -1883 202 565 -776 -1492 -190 -724 1129 -89 -268 -278 -419 607 -297 -81 892 -1096 827 -572 -457 910 -612 758 7 1455 -532 -960 -904 700 -400 1726 -959 399 -141 -634 -8 565 -278 -378 -117 832 -321 370 -331 -590 556 -215 -100 -940 -292 -91 -499 -149 883 61 -268 156 -745 -115 1030 980 278 1363 252 124 -1674 -607 -279 -162 1537 -1020 -822 121 -712 34 -1066 809 -871 565 -1425 -1044 214 -408 3 86 458 -402 -251 3 -147 1036 -373 -760 141 -191 283 194 550 111 196 -430 1312 427 645 28 -1622 11 -531 -204 -168 -506 1188 -97 1021 563 -356 68 622 1348 229 -1120 -1110 349 475 933 326 -623 -360 -533 -621 404 -137 -210 -520 1879 658 178 -1114 222 886 -549 548 -418 510 -168 -88 543 -662 182 -25 683 -99 -560 327 -402 -4 -10 332 -973 324 985 -119 -416 -1894 524 119 868 -23 2001 -764 -514 -421 605 1005 -1199 101 -1016 
-915 -926 504 244 -333 -46 -614 -353 907 -4 429 -802 -180 650 -438 -1071 -767 674 -153 71 -281 -842 -279 397 -1249 -540 866 -210 -1468 -801 589 62 423 -218 183 -1324 888 1499 -205 -577 424 -486 -1086 -131 13 88 555 271 -59 618 508 1050 696 623 782 445 398 357 -196 -1373 82 -271 454 -545 -354 -322 -401 -383 -552 -120 220 265 -95 -191 573 1159 -217 244 1122 401 1160 1845 222 32 869 -367 -83 -501 -1134 -199 766 771 -1308 -300 -1191 1057 -286 -24 -749 84 458 14 1063 844 -17 39 -1935 864 264 -259 230 294 757 815 776 -1105 1428 563 212 518 -1118 -511 -1000 425 -369 137 -512 -517 492 1001 751 -83 -510 -385 -219 -242 287 -2314 302 -95 253 -628 361 -178 690 -70 -554 1290 -244 729 520 1072 -542 1022 -458 -1540 -958 -643 86 -930 79 617 -499 -179 349 80 847 -26 742 85 542 684 151 840 -463 -549 -770 -600 2024 393 -715 371 708 448 -252 677 -97 344 261 577 1293 -660 672 796 849 -306 -433 341 -1052 -783 -490 63 -731 -981 631 740 -873 -301 869 -551 130 -180 302 602 -785 -669 513 123 690 757 950 140 1657 914 -836 121 -817 284 -179 -521 250 -1511 1445 231 109 354 1280 626 -1802 1809 1396 -397 -1144 -727 1659 33 135 637 475 229 -400 -1064 930 -1649 -585 -691 -594 638 287 305 -376 -939 -129 199 -403 -516 40 196 278 833 -808 -639 -946 -172 434 84 -601 345 93 823 -479 960 -1329 286 113 110 525 30 -195 861 -482 451 -1269 113 83 710 834 258 -59 -1512 848 786 -622 165 833 210 -441 187 -216 -1512 157 -212 1101 1832 -585 -272 -97 -728 627 1562 -224 845 -311 457 217 -518 1022 423 948 343 -982 -577 -539 342 -357 -817 562 -104 -314 -1268 150 780 -376 95 -129 -212 -874 -360 119 202 561 -68 655 615 -37 -366 -100 -1280 -353 -964 1400 -485 122 371 231 -977 -385 -841 -772 422 261 -2079 1207 -1566 663 -755 -425 673 34 321 615 137 -66 -867 -934 375 -551 -510 528 -397 -235 -320 366 -248 -95 299 -416 1306 59 -431 
716 440 653 165 -322 -487 276 737 -212 -757 25 -271 -1138 -869 -1332 658 494 -343 1319 1197 -126 372 820 393 99 241 -613 -902 -579 -877 1167 -925 -57 -251 -1157 -331 1440 266 723 -5 -715 771 -382 -738 -418 498 618 342 -320 -604 163 -41 -286 330 -415 1523 -355 12 814 -444 1761 -761 330 977 -658 521 299 1205 -307 44 347 -416 -502 251 -480 621 -400 -364 -76 668 843 -1204 228 530 -877 223 -312 918 397 936 136 878 -1113 725 -15 -982 836 -576 463 419 765 -718 274 -72 47 741 -3 1479 26 -680 176 -10 -65 -442 482 794 -513 2006 233 -555 -28 -45 315 -188 -1364 781 -166 -110 -1020 -648 1086 638 -609 630 -604 93 6 304 1154 560 -1010 -194 210 1796 1433 -899 631 -392 -354 282 -700 1626 -487 1159 -28 -287 -546 -355 922 117 19 -96 216 392 -1063 805 -384 163 -113 -129 -37 -977 -826 575 373 -254 1245 257 733 815 -1076 -44 -1015 282 -82 -857 466 -1457 478 -460 -478 847 -361 469 -307 -273 -878 42 -830 200 534 402 -375 1511 -933 608 1435 763 360 1238 -400 1457 1236 -716 -63 -440 69 390 654 -118 -1240 -543 783 814 386 -57 -156 -1535 -1790 101 -197 -116 1048 755 -1546 -1004 387 -552 -31 -677 725 -126 -877 502 666 -227 1281 1013 505 -376 547 -563 -339 591 241 169 -1328 717 -310 917 -152 355 560 -600 387 1084 250 1127 680 1012 410 343 -40 -3 881 -177 -708 218 393 -665 -694 656 -802 -232 -527 782 -503 2 -383 -434 124 -661 620 -1402 1512 -1320 13 734 -794 -725 104 -197 855 1205 -1030 280 506 1026 -1037 433 -1065 -541 600 -688 581 -311 931 -218 801 -407 459 259 534 -310 225 -237 569 -646 1201 962 585 -365 -113 -876 -631 -1247 1076 -806 -1007 -300 1097 -823 1196 -1240 -180 321 -71 -1371 -414 589 -671 -1301 304 29 -571 -599 421 504 -199 215 -91 149 -134 203 -770 45 -751 -1319 1313 110 -1245 934 -226 431 190 -987 -197 1540 -73 -171 -340 189 1607 -394 75 658 -251 -1543 -820 -420 -944 560 -964 576 -107 -671 619 -255 535 -18 
-327 -283 -369 -1263 13 -253 -32 -1134 1446 431 -641 -1345 812 -1800 302 -613 -244 258 -1818 286 606 -372 1355 733 236 -909 -33 784 -133 487 -1299 618 1587 81 -482 186 919 -420 147 1439 -260 253 980 523 470 322 -1075 134 1551 -353 -797 -559 213 364 -667 1085 -183 132 593 1808 -305 -355 17 -567 -970 1492 -579 -882 -167 755 303 35 1391 376 231 -353 -591 -1239 501 -1178 720 -702 648 -983 -191 293 169 -48 145 699 -742 -156 141 -1076 3 -677 69 1282 -470 50 -373 -401 -718 735 -864 724 -1147 1308 -537 526 403 -276 -54 -218 -226 -176 -464 -602 570 1326 291 665 203 702 -526 -691 1167 -274 452 1443 -498 -688 -374 626 849 94 -1015 -86 -129 408 260 -890 1158 -469 509 488 675 1218 1031 -388 488 -706 -422 -864 168 -747 642 839 304 -156 -162 -1645 93 -1079 971 423 219 -480 -216 449 -672 -4 487 -1100 -1 -534 448 -64 200 224 552 141 -251 655 1028 461 -377 -737 -709 926 -463 296 540 376 -473 101 243 1186 1270 541 260 53 249 1094 -213 -1200 -1102 -185 369 303 -553 -50 -936 506 -795 -74 696 655 824 -1104 231 -492 525 -613 188 303 1209 -483 -862 392 179 -1280 1222 602 108 105 -1460 163 -574 -1844 -295 -778 67 21 381 -413 414 613 -325 -921 379 -112 -225 -268 -770 141 331 -682 -724 -160 -135 -423 -514 1115 526 512 220 304 268 -396 -115 -682 39 788 -450 614 1062 882 -453 -260 1210 778 266 -476 899 63 -314 518 -202 824 44 -98 133 -1105 -34 743 704 303 -323 1223 -979 691 885 613 -248 23 -126 -259 -219 514 -924 -183 386 -277 -203 -271 -118 538 -584 208 -722 598 320 -1745 1568 68 504 -87 -1149 770 -760 977 135 572 -498 1697 1206 479 57 -526 90 563 -1253 729 -1195 -1618 -1251 880 -15 -89 1412 -368 -180 475 -628 -826 704 -291 -51 540 -965 361 17 632 -475 1469 -578 -831 532 320 -1349 125 -314 666 1963 19 529 -155 -280 -1098 30 285 70 -1390 240 -141 -954 -439 -243 676 -1822 1250 424 -615 -382 1392 368 -351 -549 -451 
248 -1645 175 -676 -34 991 -485 -570 -708 -242 445 595 -1535 603 -387 148 33 -88 799 933 -332 550 -533 -313 438 -962 -590 -841 -449 -10 190 -709 460 235 -337 -914 376 956 154 -30 -457 -414 -118 334 540 1445 95 23 -166 -1457 983 1453 -779 -204 -1060 351 313 -163 -734 -692 -950 -581 -296 284 -41 -81 -939 -1013 1052 -606 -1576 -608 -395 1257 -777 -729 -578 -965 -437 348 967 -229 -150 222 -125 141 119 -98 -89 776 457 288 592 789 438 -931 -124 345 -436 -78 -650 848 278 282 636 646 687 833 -44 536 151 293 -93 19 -1253 329 -534 102 -190 -11 -18 755 1049 -371 -1892 1424 -77 721 -1179 207 62 199 -750 525 323 2009 693 407 -298 257 -1149 1028 -174 -443 26 -107 497 -404 -1454 -200 -25 317 353 653 1501 -344 1212 -1490 193 193 1101 -1321 89 -527 530 212 901 -242 219 -1634 447 -101 229 516 -205 277 158 -560 278 8 72 -517 234 730 -726 1175 -1561 -377 1217 334 457 1267 -10 -1032 577 418 -613 -437 133 630 -7 -333 -4 -614 463 1401 -1277 -593 741 -733 -832 -138 320 267 674 1098 -779 -46 432 377 -161 -241 217 -416 -67 -162 178 259 73 668 416 369 -1447 -514 -4 1374 1130 32 -110 500 159 -227 -439 -335 1465 -1462 -472 -454 -387 -486 728 849 622 4 306 335 -1228 195 -1201 89 302 659 -684 747 712 -488 707 534 290 380 494 1352 175 -935 509 1065 -489 198 1456 -109 -504 -332 1069 698 338 102 736 -490 382 757 164 651 607 1266 931 698 473 1245 101 -327 83 14 504 -472 -903 80 -1017 265 -127 374 20 -613 -872 -1439 -185 586 91 -6 -63 824 -15 -227 -116 -528 -386 236 -369 743 -211 470 -710 -1555 949 61 619 266 1250 -711 279 534 -428 861 -723 -1289 979 639 -797 120 976 1744 901 -645 1339 -411 -808 -134 -466 684 -937 686 -1422 -1281 -186 628 737 -985 -1473 -647 216 1047 -257 1304 206 -223 819 86 1104 -1257 853 -462 914 1204 166 -659 152 -314 -340 -1064 783 -102 -1447 -400 594 1256 376 705 -1318 -798 312 -1040 
-725 -299 838 622 1322 394 407 1336 703 -940 -10 866 1096 -268 745 -713 1030 -170 -211 -1250 214 1873 671 64 273 -1205 496 1213 189 1172 1407 -693 -497 682 -147 130 -55 180 1227 413 -810 -1222 556 -31 2106 -1256 -17 -347 551 1377 -987 769 2154 -2050 -146 378 385 -270 361 437 82 903 -697 356 -747 907 797 1276 -350 -199 134 745 32 -984 202 935 1512 1378 -25 619 42 -1199 56 389 215 -366 241 1397 181 -1020 -422 -456 1119 -185 790 934 897 139 832 -658 -982 -111 -697 324 -762 480 649 811 69 274 -834 -464 -1124 807 60 748 1258 -857 -1045 -1484 598 -459 697 -93 95 -867 21 -545 -51 142 -435 124 979 791 -72 -491 379 -448 -132 -142 -1202 -704 569 -1506 -897 -929 1732 262 1121 -248 -120 -1070 1090 596 -1092 -457 -620 152 -782 42 -112 -296 1016 -6 889 546 78 580 -1302 495 155 -84 296 -309 126 873 1458 792 -487 -801 323 -914 22 302 -374 -173 -869 -356 753 -146 -812 -96 -1094 -328 -642 -424 636 -113 747 -280 -724 -61 -365 1244 498 998 361 -384 395 -885 -265 -364 360 210 -34 641 1368 35 -79 -264 217 388 523 418 255 111 562 762 252 -1039 711 566 132 842 -304 -877 -544 1226 209 -1 -401 613 -558 146 600 1172 -4 448 653 1611 936 300 1389 551 -646 879 403 -367 -1149 303 -512 -1196 1011 146 1155 651 -611 -730 242 574 -736 -154 542 -528 339 1278 621 218 -860 394 947 150 15 131 -212 192 1157 82 -265 139 -230 -1279 602 634 -350 -737 379 697 631 -152 -1082 1293 -224 989 712 728 236 454 -1237 -948 -282 -50 340 -1208 1277 -462 -155 -737 -244 -866 -984 264 -212 -309 208 -169 94 497 137 1081 -1252 373 -334 112 -166 -402 -301 -422 1104 796 198 -89 -1105 177 1284 -593 1295 -466 -291 1271 -784 -767 -319 1456 609 227 -625 -1081 756 740 -1031 345 -1395 443 680 -503 -78 978 -57 -970 36 -202 319 1020 816 -1066 -97 652 -1125 -1096 -735 -1346 576 15 -702 226 268 -4 -247 613 634 530 654 -1567 -861 -150 -1119 1233 494 -892 
1715 176 155 2398 -264 -179 160 -215 -313 192 648 118 124 338 -51 -1498 169 418 -711 342 -660 -211 -661 -237 56 -1001 424 922 837 -143 -353 -1167 -1263 1154 -270 615 -1098 1236 -970 -687 -239 -228 -104 948 -61 -360 -447 441 339 -180 1138 -486 -471 488 -528 310 -987 -696 563 -286 2 -130 -1245 1062 237 1051 1254 1223 -80 -8 -1249 -124 -978 -230 -259 554 -168 -84 1410 13 -421 -56 -205 323 508 -736 1 -470 -1826 299 -447 731 -741 -289 -1329 269 814 81 1065 -828 -988 -83 -962 -286 1934 -1347 473 -963 987 -583 -789 991 191 237 -653 76 1650 299 137 275 -648 -807 -209 -283 211 -859 -1310 -1327 -116 -597 651 -1337 -793 -102 -1386 204 23 -340 -1006 248 305 -582 -39 96 -887 872 381 695 -187 -312 304 836 -115 -283 -1191 -1035 -1715 -28 65 -14 -179 -118 -1152 -505 1314 -38 1538 741 -920 -1420 -884 1460 652 -950 -615 821 -231 26 -145 -307 -475 94 308 -356 -853 82 38 748 -130 505 -521 33 -329 1406 440 -85 -391 -645 518 -122 -838 -584 255 25 641 6 727 -334 -119 286 410 -105 -96 1055 886 -1621 -627 552 -220 -132 -94 715 343 278 -442 845 -2068 447 1768 -1546 -83 659 494 -391 62 -239 -235 645 573 -1234 514 957 -563 553 431 458 6 1554 539 560 -257 532 -552 292 -733 265 -1251 -114 -453 -555 -306 -927 338 573 773 -1196 -93 -689 -252 1719 146 -241 -890 -7 -485 -438 718 -501 710 -205 -724 -735 140 -1190 -395 -218 -417 85 438 -728 655 -1027 617 -180 -660 71 -85 2145 -82 -103 -845 -1319 482 -737 1484 -564 711 -661 209 -407 -686 525 -337 75 -1080 -376 29 -199 421 652 -227 287 -2 -1130 961 -282 1012 226 1165 -658 -87 198 -363 1324 888 -663 -473 819 1598 -1278 -1317 -377 518 -545 23 -587 613 1291 -1158 -460 -697 -91 -1974 -635 -697 -381 423 -777 -863 -1344 -924 357 -295 -179 78 251 -744 136 1082 -923 -263 -372 -204 -598 -86 -603 -15 -439 -224 -37 -366 209 -520 -443 427 -139 275 -213 -768 118 1088 -1012 620 -1286 -88 178 541 -154 434 -190 
117 -308 -731 582 1418 -143 -1153 333 -254 -687 -50 818 -36 655 -600 -624 -1092 1345 919 -252 115 -890 1212 134 161 -459 194 -1120 -281 -1777 201 -209 -392 -529 906 1030 -493 642 143 189 -1087 1070 1098 565 -719 365 579 1227 207 121 -42 1201 77 481 -105 852 -316 -550 1202 513 410 377 -1014 1049 501 -345 79 359 -879 1403 119 989 562 -1026 -566 1257 401 -332 372 -5 1179 335 832 -251 -255 -876 -663 1172 1099 152 430 -43 -758 -415 -788 -460 -113 1007 -331 168 488 390 -264 -204 -764 -685 -102 -93 301 866 -538 224 520 53 -138 124 -246 -675 -77 -1357 -749 65 125 -1432 588 -639 36 -48 -1543 -260 2167 -20 310 1320 72 16 118 936 217 -481 720 823 75 -39 100 1184 -1490 -971 -773 983 -785 1356 -131 236 281 153 175 -316 -1500 -628 970 -83 -249 -1353 -40 32 1049 -1455 912 623 -215 631 -703 747 -768 -1105 962 156 -550 -105 1360 148 372 889 -526 120 1247 -1622 131 13 -188 -423 1614 -246 823 -72 -376 684 410 1927 -781 -223 -738 96 690 -678 1000 578 -537 107 -945 606 301 357 -523 93 533 -52 -777 -87 -823 1070 -1193 625 -139 455 -19 -295 -103 784 41 1058 621 542 978 54 -317 -1516 782 814 83 900 1063 1569 12 741 -479 214 -303 464 898 83 -365 36 740 -35 31 105 -1205 775 -238 -14 389 611 253 -48 1100 -171 761 966 -712 -1575 37 1234 96 -98 434 -1375 -1035 -387 122 -956 -99 -1384 -699 237 -450 477 754 1161 945 453 33 -32 709 -118 -118 -843 -1015 -1156 179 146 249 -484 920 -293 315 111 -426 -122 67 1314 -680 1053 554 -128 320 199 -971 379 -62 -1551 242 200 1322 266 -38 -910 -508 68 -1363 1032 -91 1153 -198 -630 -628 -559 99 527 139 -369 755 -155 571 1075 24 261 404 873 -974 46 522 224 9 -959 -771 604 -1844 -933 3 991 456 -832 1955 -376 -375 -272 508 1344 214 -1094 53 -8 558 -246 -296 1177 348 -724 -191 -255 210 -235 -521 637 -488 -266 306 127 40 140 -30 -704 -2029 330 346 -496 -1224 131 
457 -949 -475 158 -112 683 -576 -467 126 362 -983 -272 24 334 -1178 -683 -631 -698 -712 -12 1270 -1079 616 595 -912 -1219 -317 -168 517 -438 -84 -250 -169 -437 937 -633 -284 -395 579 877 892 -740 798 -718 -391 -457 427 -1167 772 -1132 84 -39 -874 -746 42 827 -73 21 -435 -611 657 737 -883 -177 745 -539 -562 -187 -486 347 699 1090 -742 -1170 1560 -237 256 980 -725 -1097 -642 -575 -368 -768 228 37 669 163 -195 -607 -914 -675 -640 -1294 970 -637 199 80 515 -1475 572 -608 -22 -341 -354 -402 899 -136 -1148 747 -1647 34 503 -1376 282 -245 -768 868 416 1841 1307 -311 -565 -1336 206 -755 491 686 583 -67 632 205 173 -545 401 608 1046 56 -888 -1331 -953 -747 -318 -224 184 598 430 152 -522 -284 -95 -356 877 -114 952 455 572 230 1610 170 629 -620 513 724 198 386 494 -897 -9 429 -1635 337 -287 1704 -1234 260 -175 -852 532 -700 1609 579 330 253 981 227 573 1308 23 723 1617 -574 -1104 -866 -1068 -573 841 884 -95 134 -16 191 85 -1105 -479 767 -747 1584 -620 -1264 -746 -758 -544 -213 -157 122 60 712 -1355 -478 525 -471 -155 1060 31 -418 -940 469 885 -327 -453 12 -568 -780 -1290 -870 -1639 145 697 -828 131 163 -733 647 348 -560 -53 -550 -1539 248 722 1208 219 -780 -203 939 -206 451 -883 215 505 408 -363 -162 1217 242 417 843 937 562 809 275 -178 -260 -1444 416 -972 -679 953 515 -1459 1429 956 -600 -492 7 243 365 377 465 -516 -36 318 605 638 435 -46 235 1081 -1581 -218 -396 309 1275 359 120 -731 -195 799 -341 1810 116 -39 416 -1287 283 736 218 742 -268 -191 -395 36 509 753 91 -65 -737 -7 -529 -818 -1837 68 -584 748 543 -293 1173 -585 102 -423 -195 -559 550 205 -380 -387 -352 -1127 847 -339 -294 1233 -290 -166 -637 524 -586 -1024 -811 -30 -285 -1176 -1502 1280 1436 -1065 -566 484 245 -715 634 45 -766 -195 -717 -1779 106 -91 -1236 -1089 -829 394 199 136 -693 -98 63 -75 -227 -1072 1012 -921 -2 345 -229 -1448 -57 306 291 
-680 -317 208 -237 1277 925 -110 -16 224 -640 -124 -802 299 617 -429 1445 353 331 -386 -421 -246 689 -667 -898 -1032 -605 -152 1045 -829 -36 1408 -288 -34 -287 630 838 1664 91 -1407 362 -1098 1698 147 -929 -1630 -841 -352 -980 -421 -25 117 -919 381 -215 329 642 273 571 380 1341 -3 -183 -1262 497 654 289 -930 -907 1136 -572 1153 67 -1220 76 237 -278 -148 800 380 -469 125 -26 293 -533 1073 333 716 69 972 928 810 399 801 288 698 268 1769 214 -26 335 634 83 517 -418 -1144 372 -54 -114 1472 -28 248 -383 -338 432 421 130 929 -1522 305 810 -137 118 -99 1372 -701 13 -404 -51 -371 252 192 -45 -285 -778 -1179 -680 -862 463 -1288 361 663 369 996 477 1444 99 1177 1104 363 395 -82 19 -458 910 821 27 -641 1225 102 -1305 -1539 969 1483 317 450 -40 -11 -970 -552 399 431 1574 845 -221 16 960 -205 199 1637 767 -305 -863 853 -355 -35 -370 300 -836 -215 360 752 -980 427 -288 848 -396 683 -1921 -148 1045 1192 1911 193 861 -30 876 382 1321 288 100 192 -1457 1004 362 305 -1605 -516 -667 -1046 1992 -1097 -154 158 1399 -595 1356 3 -477 -201 289 -686 -403 -741 -322 125 -465 1465 -178 -316 6 345 -365 -233 -1302 -322 -909 1168 272 319 848 1545 -105 -774 -1079 -1901 -344 1267 -545 641 -242 -373 630 -964 1239 666 -497 -671 -627 -1050 455 -440 -793 208 777 -2007 520 -476 -297 -296 -354 -396 1787 273 976 -532 -142 554 -77 -477 -1222 -46 -569 -371 50 168 -1825 -49 612 -259 -852 627 -514 426 672 1370 -470 -218 -301 694 -804 841 1199 504 518 -757 -24 520 -665 -772 -284 483 -62 411 -514 -87 856 -629 743 141 66 -331 382 40 1044 -455 -148 166 -411 -920 -279 -118 -174 -960 1362 537 -109 1359 -264 -331 125 -1234 -281 723 -664 186 -12 491 -268 284 -176 -490 -380 -854 -1224 786 -678 439 309 699 -738 -339 -497 633 -677 -951 -53 -1079 -514 904 -3 -286 196 405 -1123 -1156 848 -769 -142 369 1321 113 -202 -890 -547 93 577 319 297 190 666 
264 -352 -1151 -654 -301 439 778 368 -156 40 458 -1181 537 593 1057 -408 -248 919 -1328 525 -1436 1417 -459 -325 1487 533 -1415 266 157 224 533 -974 -1313 1806 -1 -138 -974 63 265 -123 -555 -798 42 -1378 -393 329 -815 -379 256 730 -1333 14 -796 -1734 338 -4 436 -794 534 -204 1537 -82 890 485 344 -538 314 974 433 267 211 -184 -201 392 224 217 499 468 -309 -338 803 289 -1355 -970 267 -177 -765 -1624 402 -950 -485 1137 -9 100 -62 -1172 435 828 -57 224 490 506 -649 2 447 -638 550 -231 547 -141 -639 -495 -689 1341 -523 -634 427 658 264 -455 -229 646 644 -823 337 -1009 344 -1349 70 159 -363 111 491 -1000 328 508 1336 233 -736 -419 480 -1251 -865 106 195 600 746 1575 -707 580 650 -199 -841 1477 1011 -34 -399 629 -590 -110 -272 -313 -1338 73 -603 141 108 -3 -230 -290 180 -566 -982 -146 -745 -1 330 -600 -910 -679 -535 803 -14 277 -146 424 -1734 212 -397 -17 -664 -707 587 -747 292 -532 83 100 -349 1390 -2137 -492 -551 764 -1278 372 468 346 1029 1255 126 267 -221 -254 711 334 -501 1525 -238 -65 1894 125 656 -1518 122 809 238 384 -53 -917 -1036 491 -87 396 -549 42 496 92 189 -479 672 2273 -290 -762 -560 95 -1720 -277 744 -641 1061 61 -652 -197 -153 -484 -607 586 598 478 1003 -412 -124 -1352 735 447 1163 60 781 -31 1062 1076 -751 861 443 -658 -1648 -661 -872 726 1241 -173 -1207 -473 -1008 -1062 -676 287 534 -213 -1498 739 -115 906 216 -437 -372 470 297 773 -1062 -482 863 413 -1150 714 -875 555 -939 844 613 379 609 -386 650 -576 682 -534 -1353 104 -374 111 84 166 -398 -606 405 -37 -798 97 1111 1347 -402 -684 190 142 -806 297 277 -1214 16 -1324 -946 443 -463 -212 -296 -662 1045 475 -443 135 -294 -1684 1177 -277 -1196 314 605 -7 628 1000 135 -286 518 660 -664 635 389 -1402 45 -1231 1031 604 -80 72 -928 266 110 -522 548 -271 156 -280 560 -267 304 248 -1179 -477 360 -566 -496 -1251 1563 801 -668 800 2947 -423 
958 79 -75 -84 -915 284 671 689 -141 217 -198 -82 217 -604 1 1098 -407 -796 144 390 -666 -1252 214 736 467 -652 -389 -383 890 410 561 1463 85 53 1017 -565 -27 -277 410 863 -1200 285 -242 16 377 -1318 -560 -543 -997 -487 -43 -486 160 647 -1442 179 46 -683 -260 -684 -894 15 615 454 -191 297 228 -1675 563 -282 -942 55 -68 243 169 -7 -936 27 -792 -532 746 -218 -150 -635 710 -164 -104 543 -55 494 -1013 -45 -855 -402 652 13 134 1071 167 -446 -659 871 1052 -847 421 317 772 -76 -219 887 -1110 553 -236 -624 419 -171 -487 756 1293 -677 -1101 888 650 88 1688 34 -352 -78 -494 442 -1649 -19 -1438 -153 26 441 259 416 455 -283 -992 -554 985 -524 -807 -713 1289 -118 88 -566 -1127 361 -556 -210 1382 426 -332 -510 -45 -1105 447 902 756 401 30 -702 -323 -179 -1226 96 -1109 -1641 153 433 97 -1134 -1374 683 -547 -480 546 0 -903 -882 -187 1040 -1069 -330 205 -1617 -470 581 210 -6 -637 226 -577 -723 -1340 -686 -229 366 -413 351 -794 -290 -689 -531 140 262 -420 -1326 -184 -341 -824 454 -187 556 -343 539 456 1737 210 -447 -620 -1007 405 -68 -892 -896 -362 1009 113 -105 1310 769 849 601 -357 -473 -296 950 -36 -373 1024 511 -260 -534 -327 399 -523 -210 -107 -1821 -424 -909 -826 -549 -60 -582 -1722 271 1006 -993 636 122 763 -365 -1943 -139 -722 218 -951 -506 -244 48 -535 -301 -692 -178 -596 680 1607 -714 -431 242 906 9 -1313 -744 1312 -72 293 -510 -1341 638 -141 1785 156 -285 -211 1140 1379 745 -709 541 -1165 -292 1140 -823 12 106 -568 -83 -239 332 128 -162 485 434 -427 37 386 -105 -611 -675 1726 1022 895 -452 -129 -123 -781 -412 -52 184 374 -668 -327 182 -535 945 -972 -93 703 -350 -1477 704 151 1558 1326 46 -618 221 429 -498 -135 -1057 1189 1512 -123 -724 1069 239 30 185 845 567 -355 1335 -101 -688 -775 376 -1235 -1764 786 -763 -15 -40 242 1442 -741 126 419 -1182 1012 945 -32 -389 -1199 -116 1127 102 -834 985 802 -327 871 -1572 
1321 -109 -729 -269 1182 353 -532 -207 215 -1046 -454 261 -625 -383 -1233 -282 -602 232 -405 629 117 -837 298 659 -298 1088 -286 252 -617 -68 -30 838 -304 -262 -4 1135 -556 -382 1627 300 -720 -4 -186 80 628 -382 -132 1399 337 508 966 -1006 716 227 296 12 202 -225 -159 305 496 260 -1101 -1225 436 -336 276 1250 -960 611 -255 2446 -17 53 -892 179 448 387 952 317 265 -1242 -311 -1801 -1075 -432 929 471 1292 -515 -646 222 33 -1447 1055 1984 251 438 764 11 379 885 -1687 390 -408 420 836 -1020 776 -149 -359 534 469 -541 -213 862 -1401 819 -489 -144 71 616 -1030 -1060 1007 155 853 193 196 1061 233 -55 1459 -207 -453 766 -369 133 -268 995 -1020 -80 443 448 -1001 2058 773 -1897 -731 927 -11 253 443 -538 -1788 9 -900 -185 1456 939 -776 -397 -298 535 510 -948 1940 357 241 833 309 -1031 -1488 14 -415 -289 1128 606 320 -877 1417 -824 230 -461 -935 -613 1375 -853 -770 -286 361 997 411 -165 -1032 563 -71 -453 739 -906 830 -111 -456 -179 -1436 -1741 -1 399 -1056 179 312 -130 -781 -516 -882 18 -128 -21 -399 -311 -360 121 -1883 133 -364 -668 -106 -265 278 -413 -180 -129 -331 217 -899 710 -1456 -292 -504 155 -240 205 -530 -270 -926 -1219 -1132 622 -898 218 46 -1501 310 -293 1125 766 1774 -460 154 441 1078 450 578 -948 571 7 614 -357 1469 1022 -403 -48 -243 -129 169 -1295 708 750 661 -762 -347 431 -1171 401 1257 207 -1471 365 807 -281 -1923 200 210 129 737 -537 1448 315 -524 -208 -1653 282 184 1122 129 -743 819 50 1666 968 -900 1167 535 -1355 1513 381 -292 389 141 94 -480 -813 348 1094 925 1448 593 104 338 -1191 195 468 -107 -511 -492 638 -87 -758 -756 -654 1052 723 460 -682 -2469 -922 165 246 712 -1832 -324 -767 -99 963 650 128 324 693 233 220 -596 603 191 -928 -633 490 1111 105 -708 -604 209 584 958 71 -356 980 -33 -2156 -100 135 632 -890 994 1857 1053 524 518 -2283 265 -160 -48 5 -950 -179 138 -255 446 5 -1282 -213 
185 153 574 -477 109 650 -317 412 -702 361 -940 194 66 501 1315 164 438 -577 -1233 -539 696 761 662 765 1166 933 -579 -969 807 1114 -353 -626 -1104 585 92 -604 18 -1043 -1522 544 -975 491 1379 1354 -75 258 -961 265 765 -945 -402 -1093 -838 900 384 449 2 767 -656 -138 65 -386 -1269 -629 352 518 749 987 -402 -1326 596 -123 913 -844 1016 377 -492 -518 1131 1527 140 -600 898 105 -403 542 441 -494 155 823 853 -1675 890 59 582 883 402 -576 -324 -876 -1476 -210 -79 244 203 -1517 -1034 930 -668 601 172 -413 -234 -682 -503 437 -333 -19 55 -383 582 -84 440 -44 -1330 -753 -181 -931 159 -800 746 251 391 -980 -484 326 -1631 563 -63 -994 -1069 -199 -552 -114 29 2071 429 -431 330 -311 262 -57 218 -241 -542 -1307 -628 913 -1414 -97 -415 515 -1250 -226 -97 1820 -581 320 -308 680 -364 1036 -35 -283 10 -891 -1140 512 -1210 146 -90 540 -813 -1516 -131 759 -143 -37 -157 1093 -67 913 79 1742 1513 535 -357 1045 898 -325 916 -94 667 -1684 546 -1113 22 931 -992 -984 3 -170 -1739 -1698 360 594 475 166 284 -64 180 -827 -110 1212 11 -205 -497 461 1192 -642 -485 1115 -891 420 -478 -903 175 -795 -112 -172 -377 -337 -1395 803 879 982 1206 169 199 912 789 540 -74 -622 534 16 1207 529 530 -876 -85 465 499 359 -1433 561 536 -835 -384 874 1246 -589 11 911 371 -414 752 359 -792 251 188 378 -1 727 293 -862 -514 -872 -447 -558 -152 705 429 -738 847 -416 -1569 135 -247 -459 -303 -988 890 -35 392 989 204 95 -485 309 1112 384 -228 -315 652 -128 440 884 200 -486 -413 -35 -166 110 -395 -222 9 1091 -1382 29 -187 -247 -186 631 665 -698 -644 941 295 -616 -359 -1756 829 -116 -925 -247 73 958 -1001 -442 213 -524 -54 -1210 700 1523 474 -176 -1143 -635 924 1207 803 283 89 -254 436 1721 678 -46 -1585 469 -414 1214 969 -363 322 42 -259 -148 -1029 268 1193 625 -52 56 489 210 -866 -837 873 -810 -666 516 -1373 -1052 736 -433 -829 501 
169 -636 1 -446 680 -303 -831 -446 1129 128 645 1262 -458 212 151 6 15 -364 -596 1261 -191 -494 -710 372 464 642 -319 -723 -678 44 803 -668 -1031 -230 403 -581 1134 582 626 -168 185 460 56 -194 607 -275 -863 -225 720 -354 -711 -473 873 246 -1280 5 94 763 -1180 778 -1296 -200 -821 103 -353 213 481 -755 -1239 714 -38 -188 -1013 1320 -761 -157 279 83 -812 -179 216 -840 1088 -200 793 -1491 423 -800 181 3 -360 86 -124 696 1193 -841 1098 -230 -162 227 -283 1372 452 -58 -939 4 79 -84 363 225 -954 -70 1146 -856 -323 363 59 192 -1032 1061 -29 -223 442 508 314 -1024 -644 -206 -655 -141 250 672 -213 -15 1205 905 -1091 790 881 -584 742 -371 -111 -854 268 227 426 78 -1447 -862 694 677 421 -1013 -259 624 -7 -472 247 4 398 -901 -173 246 382 -925 666 -823 498 -478 523 -99 -59 560 -1034 -72 551 1362 397 769 706 868 -693 -1073 -382 477 -1471 195 -165 -263 -240 -66 -941 784 786 608 -484 315 585 -1462 -1803 -146 -256 1592 -2042 208 -943 -648 -89 207 -109 -278 -359 1091 -266 445 790 1294 -617 -997 876 -141 789 -537 -226 2 741 -193 -645 1407 438 -356 886 566 964 251 58 45 1341 -503 829 -1139 560 393 781 18 716 160 478 230 975 -113 330 -157 -652 384 854 -633 411 442 51 884 1455 788 -463 -999 543 -497 241 829 279 192 -664 460 -822 600 -955 104 131 108 -394 605 126 -384 692 -1611 548 675 91 -499 510 -276 815 377 -402 597 432 -77 -144 569 -68 281 117 -401 921 -576 -1171 -1645 672 394 -178 -622 975 -291 325 589 1499 278 -61 61 1304 -499 -918 -582 583 -454 889 83 -529 800 -1047 314 404 876 848 199 -604 -247 840 -1334 -534 -357 229 -548 156 67 -1951 631 498 -558 260 228 1321 -369 -1616 -545 1534 -1118 356 1627 -786 147 385 -428 -147 99 872 -895 -1054 4 635 -176 -54 -104 -127 -2067 -247 792 721 -727 537 1172 -658 -864 135 -356 -207 -382 -652 207 -1793 -64 900 99 -142 199 -132 407 68 -634 
-22 349 -298 -822 -750 48 -526 497 703 -853 -1013 842 -1247 -368 -519 1777 -137 103 964 516 607 749 876 399 -53 -78 1479 329 1411 649 762 953 -835 -666 323 -395 396 -464 2101 -343 657 305 748 -1584 -121 -236 1652 -547 288 -1069 248 90 1431 279 -823 856 1560 -496 315 -519 725 1413 227 1221 1182 -66 -144 -240 -2205 -409 -590 543 179 325 -494 130 -223 -735 -571 -1233 -113 -265 239 -759 -410 -186 1447 -201 -178 404 355 493 -29 -974 161 734 -19 512 1327 -287 333 269 -443 69 -388 59 1532 -418 275 1397 913 120 -1725 951 321 -1228 213 -1564 93 -1072 808 623 437 -1060 -669 1783 162 1445 -391 -650 542 554 174 43 -217 942 198 221 338 958 -868 324 -161 107 942 -1024 -313 489 427 -98 720 -1334 -975 -463 138 -1105 -296 103 -705 1179 -1529 -310 -874 -332 -856 -138 967 -557 -658 -1187 -226 -298 421 947 721 702 112 -128 455 -615 -287 38 -324 -433 749 -251 -137 226 -820 -292 25 1529 -268 -747 -39 37 486 -1646 113 1070 -272 596 63 -260 841 -834 1159 815 -901 -1440 469 -987 991 -995 379 251 -314 -175 -705 -177 -422 -878 153 -878 32 388 717 -472 -204 -138 1007 -210 -58 723 -917 -14 328 -1436 365 -1316 -119 -371 514 -160 -175 156 1087 1444 378 -487 -514 -204 324 195 182 -113 -1387 -458 740 -127 -737 421 65 469 -539 1010 -194 250 -244 -61 -155 540 688 951 120 863 -714 -29 114 24 -996 21 753 649 1361 -294 102 -148 -292 -1116 590 91 865 112 -819 -373 -849 -309 710 431 658 -849 -1080 826 1585 -1256 547 789 -119 1145 509 705 -1150 -448 40 1129 -180 -636 -397 -138 -1417 830 260 -617 -599 -291 -1032 980 960 -478 -867 731 -142 905 207 499 -76 -341 -565 -1398 65 374 568 -1225 353 223 1209 281 255 -351 -279 -720 364 406 -1419 -314 603 633 -141 478 15 -692 -317 689 -463 1625 9 -543 -622 -71 -502 1492 -426 324 -270 231 -407 -7 -6 766 -46 -1878 353 -113 -875 53 -1090 -435 990 1121 573 341 -279 -213 39 488 507 685 -421 -1543 
6 291 -208 136 828 -432 -106 -15 -111 -344 -977 -595 -884 1231 409 -1360 -1457 146 -724 -376 -166 -127 -161 199 1118 104 -1390 30 404 719 283 887 -381 -350 -1419 -1065 -1590 873 617 -16 -226 1039 -1700 1188 43 -348 -1334 1780 -512 798 617 -843 796 1550 1142 -1045 -1300 250 -183 -115 408 -1017 712 305 -287 530 1214 -6 124 -628 -726 394 260 511 -730 -984 -1465 -1606 -131 1467 -637 -319 -897 1354 376 -426 996 -584 -6 426 -449 202 -416 106 -763 -691 -1300 1080 617 677 -435 -896 -182 -42 -398 1355 1076 612 571 603 -505 246 65 -434 -892 -244 499 -514 123 -54 7 -395 353 602 -849 -17 -1395 -1477 309 -168 -297 369 -557 852 -50 -372 57 153 553 373 414 -932 -1373 745 172 308 54 -502 -1221 -352 688 -607 -131 158 129 -236 -625 26 876 798 -1048 769 -1426 -729 -2361 -30 -907 -380 -592 -102 624 1008 623 304 -858 -44 551 -1294 -854 641 -1842 -186 1650 -198 -510 500 -994 -633 -328 -1536 90 798 -376 -445 1241 -727 -216 357 -799 -288 -216 71 -169 709 -819 -312 750 437 -639 -573 -582 755 -1514 515 900 -438 1251 -190 97 -1763 1300 -419 1055 -238 -527 71 -839 142 220 846 -538 131 44 272 -1025 -445 544 669 538 -91 -266 -245 -1146 -2 967 -51 -964 267 1733 -802 1618 329 55 529 808 -1132 -840 7 945 67 -912 -1601 13 705 -676 -652 -738 -165 378 191 -446 -631 218 60 -195 -641 -195 -719 -1181 -256 454 937 -1253 747 -1191 117 486 -551 799 552 1033 1325 -599 569 -151 -652 816 -273 609 -173 -49 -1055 -1294 308 -1287 31 -185 191 228 -531 680 193 197 678 -134 -634 -533 34 153 590 1342 249 -755 876 -246 -34 264 88 -160 -379 -518 -85 -289 -268 -215 917 -905 591 1542 717 -376 -273 129 -137 -377 1415 18 -139 -32 257 -57 -714 136 87 975 168 -1734 582 468 -1091 501 166 -6 475 43 -38 -622 904 479 177 -62 259 -1281 -751 321 -335 320 231 1088 265 2127 -107 -233 434 171 -119 1364 -1790 -749 -710 -373 730 -127 535 -229 -119 -128 1349 -100 -165 
-839 523 147 -30 -267 508 217 -51 1219 -731 435 842 -966 -843 -378 -689 -1019 -103 13 -115 -360 -1974 -1631 -413 936 382 -603 -186 463 -1841 -509 189 375 512 581 199 614 -983 -1248 504 257 1034 811 1223 1048 -1790 -598 356 -183 -713 1078 -737 -224 346 -349 245 1104 -478 90 -23 17 76 1019 -361 -42 1058 -735 890 221 -1049 -865 -240 -682 99 926 -945 1666 72 864 28 635 -165 300 -315 -736 904 573 -562 217 307 544 -72 -17 337 845 1550 -186 61 188 -406 -1009 118 -80 -399 -189 847 866 143 773 97 -823 1238 -915 -400 -390 307 189 243 1712 -395 591 5 -543 -658 -498 326 1113 -125 541 891 -1272 899 20 -448 613 -792 -1153 256 -50 771 348 -43 186 -905 -4 226 -467 -694 236 399 68 401 -1386 -802 -827 -920 -334 -380 -724 104 -351 1094 564 103 378 2 752 422 154 1166 785 127 -383 -370 609 -678 -486 82 -228 -751 -875 429 1254 260 933 1343 -435 -1 -77 20 -442 255 -78 -369 -331 -908 -2158 -237 990 1815 746 205 536 -883 -65 -169 -720 -503 697 -905 477 -1118 -901 267 305 -1142 -215 -267 1633 -756 -2082 -115 147 214 524 1570 443 42 416 562 -334 886 488 -407 -835 -389 -683 -161 -699 -844 166 413 -87 -1444 125 -504 486 1265 549 -272 -918 -38 386 -287 1387 -970 275 868 174 -844 -92 -254 906 -1177 526 -501 -362 625 -689 -1539 -269 1000 746 -654 447 -159 358 1546 -853 136 341 754 599 775 -859 1263 -995 506 -29 190 -227 211 246 -339 747 741 645 -182 -349 -693 -222 425 -768 315 1039 -243 725 1587 135 -947 -719 169 -234 167 52 817 1043 -369 410 -774 236 -18 387 669 348 634 526 2216 1251 0 924 -1457 2154 878 762 145 663 -501 -425 184 233 315 -869 605 -383 -332 553 -223 -631 65 542 604 -146 214 -635 -251 910 -417 362 -642 -16 218 1088 479 769 -771 251 -806 -485 -1502 550 -926 -690 96 438 -462 460 548 -474 547 13 1030 -776 36 512 403 -256 -296 916 -1025 960 -60 -438 -1008 -636 442 1214 -1521 -1915 417 
1759 129 1447 -1513 759 -926 -998 567 1420 -735 1635 -119 -13 -561 279 429 326 -319 -329 -641 -1925 -602 192 771 971 663 720 -426 423 -40 2151 -1934 -397 381 316 999 915 -124 305 -1003 257 1268 540 -79 990 -141 -182 -518 500 -1272 545 -536 -434 103 -401 -546 -39 152 303 608 1362 -835 -1633 426 -469 -572 404 342 -761 504 -616 1051 -684 -255 412 296 -88 -463 207 629 1310 -275 -996 -67 -465 -130 963 803 -1411 -286 -527 711 2060 393 -707 -235 1278 -1060 1261 -94 -108 145 568 178 -800 875 1372 278 -282 839 -891 -684 912 -436 441 -355 -753 -453 -655 986 1483 -447 1057 295 212 -282 1540 -1239 -306 -341 957 -639 -2489 434 134 -153 490 -608 222 580 -580 -951 104 762 -67 788 785 -493 194 -858 -547 -185 -293 -47 7 -681 -1293 120 197 -678 -1610 -352 -343 630 -381 27 -583 -710 -498 -120 -841 -313 45 -214 -375 581 -1065 -454 595 117 567 400 -607 271 -1796 -556 630 -653 -134 148 883 -192 -1956 798 -1731 1046 -934 -766 547 198 -697 157 -78 921 -95 -525 338 311 -970 -188 415 -536 243 -1266 484 603 -1128 1165 -313 -640 -469 33 -874 107 726 846 117 -1124 514 -237 1061 545 55 150 -469 -1122 -65 667 542 -141 -996 -320 -1079 1522 -1230 -1747 1815 699 -710 -461 1178 -1093 1275 1298 91 251 -73 -246 -1413 712 -664 165 -178 1139 -898 573 248 -295 556 723 -443 1088 196 806 83 -309 -1454 887 -1180 -284 -586 157 -853 -658 -872 -448 -136 -1084 118 -788 315 -709 723 -202 -464 -95 -726 -261 -154 -439 1608 351 89 457 835 -482 -428 -1040 510 -45 -672 -6 572 -473 352 -1975 316 61 -241 -502 -613 -324 -609 175 -261 383 133 -1754 -961 -465 -418 1205 710 -837 -460 -1621 -745 99 1279 21 -1186 -767 766 -777 -1281 69 -891 351 87 -1007 22 -422 82 791 232 1243 980 728 168 228 -961 1527 169 25 -1623 210 204 1702 124 25 -404 1078 429 -893 40 -987 -493 689 -678 59 -711 -1475 -748 -846 -1430 912 680 -910 -340 -503 31 918 -199 314 -630 118 -160 -282 247 -562 
61 211 -135 1476 -228 276 386 740 168 289 -51 -349 34 287 -179 43 829 -439 -1595 -963 832 447 434 1240 216 -888 441 -100 -1134 -1516 -813 -599 -663 25 245 767 744 -1154 -318 -718 361 -270 -311 -22 265 464 -422 -340 77 -643 -1342 240 -58 101 238 -860 1039 -173 -474 -368 -1098 -284 -1691 -1627 -1029 108 287 -523 849 -1478 -49 333 695 -71 195 350 -280 854 1240 -1450 -722 353 -716 -683 -7 -139 1071 -126 -1441 357 174 911 -178 440 -1032 -1254 -494 -676 -615 -62 257 -539 804 -1310 72 -279 -784 -303 -515 -992 441 173 -652 759 1357 -837 1236 621 -182 196 1295 -1131 429 873 94 -115 621 661 -67 525 -271 -566 -73 -1398 148 229 -346 724 258 -755 -117 -731 294 162 -784 214 897 -88 746 844 314 422 -396 -552 -184 -52 -1179 -484 903 74 447 -137 -474 -233 1314 395 -208 -208 -395 -705 102 100 55 -362 1837 500 -519 21 831 -539 4 1385 -1015 705 -164 -325 -8 -470 371 -772 174 392 -68 -1083 343 21 -546 354 -378 13 49 -63 1102 344 181 -73 -977 -329 192 -531 -291 -310 -1478 -1873 -1266 536 94 540 -694 -2044 352 -635 -1066 -541 -172 129 -372 -230 138 433 1151 -522 918 -458 -300 698 -477 225 197 -429 306 259 -295 267 562 -16 79 836 -601 158 -430 635 5 838 -248 -1504 -377 -546 593 -456 578 20 -357 -698 835 290 -370 180 -746 1073 275 -94 -60 1400 -1122 824 446 -185 968 -80 -147 -1336 -638 -771 -681 617 92 -701 22 1197 -469 130 -53 -329 -498 570 116 -122 5 708 666 175 51 -544 -85 -174 -557 627 -1311 1266 -36 -361 199 -210 -133 80 287 1725 -8 452 177 519 622 575 84 -604 -206 951 -479 467 1477 -62 -82 255 475 94 81 -689 -73 -265 -313 752 120 -322 340 218 -436 250 284 -887 666 470 -1744 -679 911 -113 -638 -312 135 751 -471 -91 -39 26 -682 -13 544 -146 -42 124 -105 -461 -531 1056 -211 161 404 196 370 299 951 -1383 798 388 -398 737 -570 -120 -1194 789 648 -166 525 -386 -2252 607 -1288 578 459 494 
-648 67 470 1451 -240 568 -601 -414 83 160 779 -523 -6 418 -254 -367 -158 506 -350 1307 714 296 -235 -1184 -329 836 345 149 -1656 119 1060 -1454 -76 -163 -362 1264 343 96 -77 754 101 -309 83 1596 -174 -91 495 -462 -1023 1144 21 764 -31 53 765 792 -31 -454 -623 -208 830 66 398 -238 -1040 -433 353 -541 -370 1160 388 216 411 23 606 1192 378 397 145 606 -131 -609 23 -1356 228 -524 -1491 394 -909 723 388 -52 -344 -138 727 -363 -373 243 102 -897 -1227 -490 -166 -263 325 252 246 -474 453 -1862 495 -352 595 442 795 1512 55 166 293 -683 -53 -1321 968 3 -44 -503 -544 409 293 -333 -609 193 -363 -751 378 -829 1118 -87 451 821 -1709 -1203 -233 804 -482 208 225 782 417 402 195 633 707 1157 -1751 -810 252 -471 235 -176 194 423 251 30 727 -732 -44 377 335 934 223 -937 70 -937 -371 760 508 492 197 233 -1011 -1069 389 70 -859 665 -376 323 603 499 -965 200 245 -538 -679 179 -7 57 495 -1058 -85 1555 -420 -1133 -319 541 -514 -647 301 487 1206 -804 151 -488 -260 -521 565 -939 -488 -605 491 220 -101 -302 1020 -597 742 518 69 187 -482 288 832 -551 835 -782 97 240 154 -59 -134 427 384 810 -776 559 -552 -157 1191 -473 -1038 -628 -308 1032 -755 190 -834 -1260 -1673 1133 16 -1119 1141 304 -23 393 651 -499 72 109 -1025 689 -5 82 405 1321 279 -1191 87 -699 1263 -438 -368 509 -135 1403 753 555 -250 484 606 -8 -510 420 -1062 -454 124 -509 9 141 -1851 -564 228 -675 285 846 -229 1480 -374 -684 -696 -818 111 -852 1026 77 8 -1165 1632 197 494 1475 270 284 -175 1055 -603 515 172 -975 404 -130 -181 -1073 467 848 -211 830 36 514 237 663 518 -426 1253 -54 210 -1276 228 579 -1398 -7 -418 1553 1231 -611 -918 -295 -455 1458 -458 487 -149 991 -1075 -130 -792 -209 749 -215 -443 -430 -455 489 95 -774 -515 620 999 -46 -789 -99 309 -611 301 -195 29 30 -150 -253 -755 366 -852 -486 -56 220 189 -534 -14 1202 
-614 1309 544 -884 -843 -607 458 -1211 486 -1181 -483 -1177 -183 -354 -733 -344 458 2242 594 -1552 564 702 284 195 304 -333 -629 -224 270 -314 -102 232 763 -1348 -256 293 1401 128 -176 221 1124 -73 911 -212 712 -312 459 1291 276 -2402 43 837 318 61 -313 690 -269 -410 -737 -862 208 -792 377 1044 -1076 -13 -1002 142 -145 -275 1231 -251 798 -1181 -191 -814 820 152 122 -195 548 -445 266 -1455 372 -736 -332 1709 744 702 981 297 958 985 249 589 -93 454 465 -419 -750 161 37 41 114 -603 258 -717 -153 16 500 -252 -501 1020 702 884 554 482 913 -288 -273 99 1146 -111 879 -131 1136 -911 -1298 1466 1588 884 -853 164 98 -888 153 274 673 168 210 -625 281 -309 159 -90 133 38 -698 463 634 271 -266 323 1061 -780 -1755 -630 -201 -1124 3 -531 568 -496 535 -447 -364 874 331 794 -63 -460 672 -37 -710 757 979 -316 140 -85 -1031 452 -917 876 -55 -977 -601 -721 228 782 -2162 247 156 -1056 810 602 -361 -904 -451 1106 50 9 1037 511 982 305 34 671 -115 397 1492 -580 171 451 -50 182 484 270 960 524 1097 -121 414 67 -217 113 -41 -608 -552 -243 1390 -312 78 204 1310 403 -1007 1564 241 -447 -829 -51 1372 -1394 369 134 -651 -289 -506 -725 428 -881 174 681 -1261 1728 45 -1226 -178 13 -876 368 -206 -425 182 -1576 -455 1153 344 -235 372 -204 -478 139 1297 1017 430 -1205 21 -518 -1033 -600 540 887 -37 -923 217 -113 2823 468 26 447 655 389 -211 -1223 -610 -880 406 1405 450 -79 544 -382 -1155 -894 -258 11 -1039 519 -1705 646 305 -822 -1172 1312 -1438 -578 1134 -513 -424 255 -67 560 -270 102 -723 551 -349 -644 429 402 36 -615 43 -1093 -82 -8 -1402 1701 -724 105 712 1904 -96 -1025 1309 -660 -173 -317 263 -665 -912 -11 1158 -372 756 -1029 606 613 1583 55 66 -366 -229 -1277 1027 -66 872 -66 324 135 503 -891 -8 -623 943 -246 -216 60 -777 -902 -443 -74 1149 477 -174 202 -204 658 120 167 -1226 -490 323 -61 214 1679 855 -527 
74 162 495 206 -26 -997 616 951 -269 -1523 -359 229 -389 227 332 -642 -68 532 565 -128 847 590 -125 -186 -241 278 330 -525 -192 497 1902 573 -1243 278 -146 268 26 580 409 100 1332 -321 -144 -764 410 -191 786 383 -271 -1657 -45 232 1080 -1356 568 -103 -551 -857 -125 156 -1929 -305 401 1212 -184 -596 -7 -783 -25 -696 1216 1353 243 -1673 -336 153 669 -116 299 547 -9 -958 -1451 104 401 1027 -460 217 -25 1110 821 -1828 -571 320 -777 -298 -1061 -213 966 -331 121 381 172 -914 -220 444 640 -1102 -803 746 -281 -235 2028 455 -585 -864 618 590 36 -274 160 -55 -231 185 -31 -50 -482 -38 -199 458 97 -212 -264 487 180 -203 420 1214 -6 -130 146 -3 -651 -71 64 -408 707 -868 -157 878 1177 -572 -363 709 -621 -1209 -594 499 -1451 -442 -467 -1702 -723 -65 -1413 272 733 -833 -26 -371 -50 159 901 -459 -283 722 -3 450 -380 1107 950 55 246 -560 907 -87 -206 762 727 410 -420 1244 -1363 -1123 1050 255 1022 -562 658 487 -427 -362 297 -326 -453 389 -242 794 417 -741 818 101 450 260 -26 115 -369 997 123 -1015 -258 341 510 520 125 10 369 -1226 -2779 -284 1355 200 -1191 -983 -1223 -132 286 -156 617 -948 -1024 -1162 740 -488 748 152 -1473 470 1150 644 1962 232 452 49 932 -226 40 -780 -2594 -210 1027 1761 -779 -1452 206 -236 -530 44 -402 537 -43 760 -1026 -219 458 -600 -317 -639 915 -9 -672 745 191 670 125 717 572 531 411 -777 -265 -569 815 745 -636 144 -593 164 1664 65 46 429 1703 197 -321 -973 -759 -904 -203 -789 -159 64 178 -168 -667 538 -1375 -544 979 -461 -117 373 -22 -918 -653 -120 -188 661 -406 -1453 -456 -458 1453 -41 1476 -26 -681 -899 304 18 -99 21 730 228 8 1930 -167 187 -771 -614 361 -706 -497 935 -688 -677 -1081 538 -40 1203 526 1091 -305 -772 464 536 -581 -194 493 -1079 -49 -765 185 -798 176 -1370 -664 -220 62 -1187 -943 581 -80 362 -39 1757 -75 -425 1381 -1046 -292 1554 297 -324 -59 631 -1613 -566 172 -569 
-1171 -412 315 -1133 -605 1180 735 -203 -619 370 256 -2118 1260 911 -209 29 -364 193 -1743 427 -590 -246 1638 -37 -724 -649 948 -681 720 940 56 -714 293 504 586 -688 36 -560 858 379 -1306 -225 -502 -339 -278 378 1061 -381 122 652 1131 68 373 1590 -129 256 -62 -280 -219 -212 1058 366 -2 -1310 -576 -98 -473 299 324 1447 285 98 -459 -323 -815 -772 663 353 1428 57 -374 -468 -570 -929 417 -307 -239 -156 -477 -24 -320 647 -1000 -1414 -200 245 -440 -339 -710 170 -701 -323 -876 1446 -1120 219 832 -825 634 63 -183 -207 165 403 688 -28 -672 77 960 537 -1467 56 -66 -154 17 779 -1628 -957 316 534 -1064 -56 -350 -846 339 130 1647 -348 -774 1665 -353 -583 -251 -194 606 -1034 -666 -1179 746 1277 -145 -1182 1290 862 -220 -256 683 -1132 183 -873 -2025 504 -1043 -771 -301 254 602 737 -2175 525 -193 494 -1481 263 69 -230 -1271 -1753 -141 -1158 13 -573 38 -1050 -1108 773 36 1376 -770 774 416 2 -327 684 605 -1329 2038 1735 23 560 -182 374 -641 593 597 39 240 -485 -400 355 -60 788 68 468 -811 448 -852 -317 1156 -110 785 762 217 1245 706 -516 -1334 -697 1065 51 16 -746 -1498 109 1148 -12 -1044 62 36 914 359 891 304 -227 1194 306 -40 8 -235 1043 -623 -411 -652 -1986 488 338 956 5 -1412 -949 428 -731 -167 -544 213 132 -252 -97 159 -269 202 -388 -92 149 -264 313 767 -2 -709 -468 90 988 313 264 -738 725 474 -1187 398 -495 -449 -343 -229 458 475 -518 -89 -86 -732 365 -864 498 531 -162 -326 -517 -369 1035 1876 -1071 152 -66 89 356 71 1014 -687 -743 -682 -921 -825 481 1736 1199 309 331 -409 417 409 -1282 -186 957 -98 -183 -912 -264 128 -280 690 -707 828 286 207 1033 -278 -188 -444 -230 -621 187 -1671 146 506 41 -852 681 348 -1076 -37 210 -833 538 46 -244 1101 583 -121 856 450 438 -46 841 1451 27 753 436 -809 -414 314 -269 -678 -907 -388 1054 755 -71 -282 -654 -108 592 -1420 -881 -290 519 -919 840 908 524 391 -62 
107 -542 746 752 1309 -555 -785 871 -895 -1071 777 1703 682 624 -173 -779 578 -684 452 323 88 -259 -243 -296 -93 1021 221 2099 -836 -1166 207 49 -1011 453 -403 534 2 -926 -590 264 104 916 783 -1193 -813 -384 -711 -1143 -773 -380 -744 -1688 556 886 -70 -189 138 -49 987 271 -96 1418 593 -256 168 -577 -1087 267 -418 546 722 417 -297 852 -2275 -953 1260 -169 -917 -85 -216 -705 -1215 -5 -568 74 923 230 -540 85 -467 -1410 -433 1532 109 -3 39 1696 1341 1164 -33 -205 -328 -1010 -981 850 -1032 -206 -2003 -1172 -350 -1016 281 -716 1172 1123 331 575 860 61 -655 -844 828 805 959 -24 -675 -193 321 0 80 494 423 -1904 842 719 -9 1212 846 -19 64 -928 -1050 1044 -1063 -369 546 -675 -1234 158 822 -583 769 68 681 -248 -1133 -771 -122 -733 543 -99 -24 525 -510 715 95 1145 -725 820 300 444 -15 -434 -406 52 1584 796 -263 -58 -475 -693 747 -14 753 770 1082 -692 -1695 -336 -1379 -1185 -995 264 -485 -27 -671 -1082 612 564 -1108 -254 1562 -758 -625 -68 -277 -856 170 113 -321 -1712 -94 181 177 681 -1107 -411 300 -874 337 -520 1177 -1476 716 -894 -740 -109 -82 2068 -263 344 660 545 -889 561 -53 232 -23 988 197 863 -539 -893 415 -293 389 548 -268 892 -267 -86 -1266 178 -765 -1654 431 114 933 -1144 -649 317 339 -224 -291 622 157 -136 -501 -1442 621 730 -103 443 939 573 -676 30 -83 308 -495 587 -76 120 538 1425 -379 105 752 -216 75 423 563 1036 -266 190 255 667 -902 337 1196 1270 513 1103 1565 114 -452 658 -433 -651 -761 -883 -81 -588 -1411 -87 886 706 -353 288 787 -224 641 724 1559 -758 -124 531 322 482 291 -1161 13 -758 681 687 553 933 71 -225 -1047 -821 -937 -750 -387 -651 776 -574 -1489 1346 453 8 518 -692 504 1004 790 1497 58 730 -29 1439 791 84 768 -101 -694 67 138 -1080 -255 -964 254 -572 1474 -1183 -615 858 -400 -344 -546 -1452 188 76 1563 263 322 -80 -583 -685 1093 457 -1440 -415 340 -97 -309 204 -523 -858 
-5 -593 -824 450 77 -125 -1233 -183 81 -651 513 167 -272 282 -405 -242 609 1042 243 228 1120 772 -433 590 400 102 -207 326 -1973 -249 -52 227 175 785 389 -365 354 -200 62 6 -494 690 763 46 -603 -172 56 200 -1215 457 301 204 -24 -611 271 425 -258 123 -661 -479 -343 -225 755 -904 853 -487 -198 -782 -14 -796 -296 403 -85 -1153 -931 722 955 -99 -760 -156 -105 60 -977 -457 -180 830 235 -478 1505 232 1075 323 140 1058 -643 187 97 979 -1488 -414 24 -1008 2215 300 -1097 -49 73 -1125 882 1850 148 1346 143 328 624 -183 1435 165 -50 107 -977 244 239 512 236 249 188 1802 -614 -177 733 -1161 1111 -651 1289 889 -64 -534 256 -792 -105 427 -118 -490 -132 238 370 -149 1372 696 -511 -400 886 -155 -74 -511 1217 1052 -978 -605 -28 517 -340 -410 -1229 339 -1197 30 -104 -335 -1636 742 738 -1484 1549 -771 1487 -10 171 -1183 1033 -1146 679 -397 1503 477 -1101 886 1130 -1156 -521 92 358 364 784 -276 -361 774 -938 133 383 -1224 367 -621 38 557 -124 1355 671 25 -1008 247 943 544 -664 -893 16 -525 -649 -445 -716 267 1156 822 -38 -602 492 -553 -267 388 -253 -417 -651 -494 576 894 432 22 -793 592 -474 844 867 933 647 587 -854 -372 686 487 -186 -912 -442 1007 862 162 1068 -875 -975 760 -674 -421 -880 265 -506 886 267 -253 -783 -993 421 -13 -1004 265 63 -775 530 1569 764 294 -516 342 -795 -225 -840 542 -294 -667 436 321 -102 531 -219 182 -486 -682 433 -44 -173 -272 183 421 -1168 555 312 -642 -534 -319 -969 1452 -328 -176 -142 -238 -496 -643 989 579 705 757 -7 734 226 30 -1648 -177 -167 -1527 -823 1534 -1138 842 -564 1171 539 19 -885 912 -670 -22 686 809 -226 269 469 372 -929 -1377 -1081 604 634 50 250 466 -185 165 -186 885 819 -633 -1229 279 -456 121 927 573 -675 945 88 -1065 -70 567 -795 999 682 -158 494 -182 -176 -812 -835 303 335 162 -2168 204 -1338 715 -296 18 1137 -439 -771 -838 -1346 -427 -1945 -815 772 934 
1868 1301 27 426 -804 -494 -488 113 -264 -980 -1116 216 -248 61 -283 791 -239 1118 -253 1178 -282 -248 -290 87 -882 1604 273 1582 -901 1577 913 518 278 184 669 363 400 -101 354 -10 -69 -389 -818 -478 184 -438 1282 464 -80 -66 1023 -1288 215 716 1086 -465 -367 755 -281 454 -429 -211 483 101 788 -1292 161 312 204 -172 -893 1462 304 1069 -475 1476 -618 1070 -1279 34 -873 -885 -299 -305 933 699 -204 -748 565 1365 919 114 -590 199 906 -261 -318 196 -860 531 508 -706 263 -914 -599 773 585 -306 332 -902 111 621 542 -341 -538 740 -113 219 325 545 65 -357 -102 -1831 895 1347 327 1387 920 289 -216 45 436 543 23 -102 285 343 430 360 -647 -56 -266 725 -471 -939 -605 -151 -385 -265 244 -279 826 790 215 -1314 684 -1297 -994 -386 -572 -874 -1039 381 -965 -372 526 -210 -1225 -1062 296 -44 -28 -321 -659 987 -785 210 265 -518 449 -153 125 363 227 311 -576 -1339 -55 16 -1020 712 -277 -1388 -797 570 -345 70 166 -107 -207 -458 486 -42 397 174 -280 -633 420 250 785 -493 -528 -313 -152 129 309 231 -417 -519 -420 209 65 222 586 -621 -197 -1491 284 391 645 461 79 -508 -651 608 147 -838 -103 65 -355 711 -507 59 846 -286 1112 354 -903 -745 18 427 -874 192 1256 80 -230 -119 63 271 335 -1068 -538 968 -284 1977 202 227 415 -47 685 526 -21 313 1427 -586 -8 365 851 -54 -853 1488 454 -767 541 -907 899 -360 236 -649 1624 1249 1523 473 -499 4 -452 12 -564 756 -1464 888 591 -465 -434 127 -26 330 -1202 -932 958 420 195 44 193 99 233 23 -1522 -331 -620 -348 -1062 90 -80 -277 -628 656 -759 -863 -135 -1561 65 -21 373 -587 415 919 -691 -229 -479 354 579 -1068 -88 -1171 -775 -469 630 203 620 -1833 345 929 1 -164 -486 -638 -1276 949 -830 -349 635 190 -937 -341 769 -1 -558 1363 -523 642 325 24 -465 -942 164 -185 -15 -40 682 538 356 -1412 -499 -908 -656 -688 484 259 1650 -500 -1329 262 -187 707 -696 -735 866 215 
637 -929 430 85 -421 449 -1225 624 1462 -215 -231 -227 -352 -1647 -24 -504 212 -243 589 -590 -382 -394 -59 327 -478 -538 77 -52 937 731 -124 -119 -200 -689 -192 311 -134 -306 449 283 794 263 -443 -546 151 -317 677 447 20 82 -811 23 -276 263 -1322 -61 589 263 -239 1186 977 527 689 -811 -981 -346 -169 1166 -941 1216 795 -121 -681 1130 -121 -1527 -238 -221 988 -644 2089 -247 -753 188 -746 -3 -450 -1485 -100 346 -626 1881 282 -291 -114 109 -734 -512 865 85 -1077 865 62 1444 1158 1427 -309 -323 -202 109 -27 -557 1085 -583 -727 -156 -118 -331 -1478 380 -983 240 669 666 -37 -128 1179 -181 1172 295 -287 -1009 1668 -1421 -934 458 378 -826 141 392 1826 774 -106 1351 -235 -200 35 -140 1741 -217 -240 -565 1235 -143 -474 -319 12 175 262 810 -273 489 996 -337 1139 537 181 704 582 -1142 1071 -251 397 -527 1011 1416 -1380 677 704 857 567 378 -493 1166 -609 -1455 -13 1741 -234 437 -936 -427 -728 -13 -1348 758 591 452 540 -1352 -62 -1054 -79 -697 42 761 -710 -734 262 -60 797 -1645 -1233 164 -285 -186 675 -428 814 -179 914 -1171 -709 1513 691 -144 341 -706 259 92 978 279 -33 -73 653 659 -96 -146 135 283 1743 306 3 193 -691 -1173 260 -706 667 127 1133 282 99 -81 -1156 547 888 807 -254 595 1058 980 85 1071 280 -1206 217 -292 -328 -32 1595 -527 -630 -335 -637 1086 0 -488 -621 270 -956 -1395 -634 463 675 132 -1644 568 -1274 -112 -1236 232 -13 273 -649 518 -161 100 -10 -822 56 12 -1607 1116 -1176 -507 -175 66 -354 -83 1267 -55 -104 -977 629 -527 418 -240 122 181 -1256 -212 -596 -1687 787 -309 -199 359 262 230 -934 29 622 -832 -1357 754 416 289 521 -259 261 -1270 721 62 -689 -1316 225 -439 -772 142 -145 525 37 -1327 -605 380 401 -125 -584 -376 -393 971 399 465 311 808 226 741 -1142 -949 -1012 19 -283 837 627 -983 -1379 1040 -821 -1829 -379 176 -676 96 632 1014 75 -223 1062 76 -1101 2 -368 162 -15 -570 -34 -336 81 1141 
-733 809 -4 576 910 543 609 -22 -408 -570 465 -82 298 -182 -359 371 -624 303 354 818 969 -238 748 -811 -479 -1151 250 222 476 609 -539 -22 -1102 350 -1208 -830 4 960 -329 888 495 144 658 463 480 57 275 564 -641 -431 465 499 147 1013 -383 -1569 304 47 -594 1781 -647 192 612 209 164 -1949 -497 -318 1421 -110 -966 907 840 91 -412 594 -713 596 -219 293 329 -1054 547 -637 1702 -1486 74 1263 -575 -1142 1592 555 -69 -881 617 -685 649 110 -209 278 -895 922 441 580 933 2233 495 -1723 846 714 -6 -333 -474 909 -442 839 1695 -499 139 871 -161 818 612 -590 -596 876 -576 -865 -262 -289 -1074 280 -1133 259 961 543 874 -1643 -590 454 1362 -579 633 385 -362 881 1150 -1027 569 203 -8 -72 -490 359 -198 -302 80 96 675 254 -737 -1561 718 688 947 421 -624 47 -252 -856 -232 3 759 -65 -450 322 373 -594 -1306 -1163 223 174 -491 152 -117 -268 36 -1268 833 -528 -125 275 -141 -948 674 -856 372 -431 21 -134 -846 752 420 247 -297 -586 -861 -412 -375 -509 -1043 821 -491 1881 506 -12 301 669 62 1407 2239 -675 338 -271 557 -755 580 -802 1121 -554 -42 -1244 168 91 -925 -635 676 366 761 17 -979 -92 512 -187 385 184 -208 676 500 -471 179 80 885 -1585 326 -788 111 177 260 459 1200 55 -368 642 -627 -868 153 -1098 806 -1070 424 129 780 -473 514 -570 -366 -170 -13 409 -510 326 216 -137 169 -594 1180 510 -459 156 -503 386 388 440 -1624 717 415 -606 -348 -208 61 335 167 -923 -490 271 157 407 482 -22 -89 -980 -618 -178 -1032 930 -351 -529 348 500 1090 1209 -1247 -66 213 -669 -1174 1232 161 -2090 -134 1005 -160 -553 -509 -306 460 48 1232 -737 425 -695 -382 446 -352 -2132 -1231 -740 624 -668 539 -1379 -176 776 323 -10 1450 -467 -407 1804 945 226 -100 1395 30 -154 589 855 -71 1907 303 349 85 -20 -559 -644 1079 -567 -1621 -463 306 -500 37 -209 -1952 -692 430 592 41 338 -200 -872 1303 -87 -292 226 -1283 -648 -430 -345 
716 50 710 400 1836 -501 -120 -934 87 -524 -871 -1035 394 400 -659 -1222 -1312 890 -1389 516 23 104 -278 -1551 647 -932 238 -470 131 279 550 -291 513 -824 24 -990 -934 214 720 521 1205 -295 2090 -700 -151 718 31 674 -493 1151 1688 853 116 -78 328 356 2832 -1151 -1048 43 99 178 1237 -2107 455 559 -37 -923 -598 -592 -452 -294 -441 -1147 -1187 -1313 -392 591 -749 -1114 504 -132 -668 560 -462 -123 -1514 480 873 -1056 -1311 -1699 -1241 -268 564 -77 -1163 -1275 -881 1030 -706 -421 -1233 54 -361 -1077 353 -1981 1053 -819 -262 -88 -349 -844 -311 -216 -303 372 -1522 -1575 1115 -62 -114 -522 855 -60 -625 -182 1160 -148 1437 -2158 898 550 1378 985 -416 26 -1421 -194 -615 617 -715 -120 513 -909 208 -1082 -473 55 -623 -320 -88 286 624 -526 941 -932 -1256 -671 -694 -1793 1552 112 106 -859 920 42 -292 36 -726 832 -142 -801 -507 -626 -162 609 636 1202 1482 -209 1714 96 685 619 611 837 643 -314 559 167 928 -1791 224 -808 949 1340 -58 264 -131 -374 -57 75 -766 270 -1055 -60 165 -1390 432 318 -777 -463 -1240 -1325 569 1086 938 569 -31 1253 -676 -950 1436 1119 -1739 228 1164 -966 -591 -934 -164 624 134 -833 577 -846 1353 51 -113 -517 978 -667 387 -1142 892 1153 -300 745 -455 1354 -140 1163 -123 -1887 -87 213 -1365 -270 45 1526 -1110 625 363 1013 17 714 390 833 -74 -431 335 -518 -891 829 -667 -686 -622 -280 469 -1191 571 56 793 -584 45 1060 58 1715 -308 -200 -1007 533 -533 1641 -1430 175 89 -709 -313 962 -401 -462 1106 -1655 845 791 383 956 1398 -189 -867 450 856 -83 -548 -1224 306 -153 145 -724 -2231 186 -188 395 367 -264 644 -405 356 -92 -361 -227 -233 -454 732 1231 117 1098 -157 281 -66 1005 756 -137 176 1380 179 86 -650 820 -565 -1074 520 596 -91 195 619 -910 548 -95 315 438 -216 -63 -187 214 1456 -244 683 191 -1213 -685 417 -309 51 331 122 1242 -1509 -635 -1545 389 -1017 -495 -239 -152 120 399 499 442 540 -525 387 236 -749 881 -895 -146 
-170 -250 343 136 268 -94 -1795 -346 613 -1389 -180 -270 52 751 30 -1082 -202 -312 -142 118 309 533 509 -326 1210 57 -185 427 -296 -925 -36 -301 841 1328 -10 -194 42 -661 109 -357 504 -228 -155 784 1080 1287 167 548 147 172 139 664 -774 -1003 352 536 159 887 -439 535 356 62 -314 -1356 -845 781 978 -359 693 -234 1094 -881 691 -710 -440 -988 -423 -846 1017 990 426 -451 217 -587 932 -155 525 577 -263 1424 1852 448 -379 -611 -213 239 -1794 594 197 648 269 61 792 45 716 -431 1108 -8 766 53 -283 -219 115 1036 -367 631 326 -247 61 636 -453 -257 -196 -84 -298 102 -45 -613 819 156 150 -207 209 -946 793 -1208 115 -805 -550 -933 24 480 1010 862 1503 216 105 496 437 940 -1262 59 -282 386 -1056 257 470 1042 -600 712 -518 -434 -126 168 -1070 -209 205 1419 -873 680 -476 -309 923 -1162 -434 -269 -1171 -1234 -943 -149 -281 377 3 -108 -329 435 748 -799 -590 199 -817 117 -768 634 836 -129 -479 -115 741 -91 371 484 726 905 532 -139 -293 468 321 -112 264 420 -1210 27 -182 -59 -466 1930 328 -156 208 1118 53 1012 486 1395 -610 -371 -223 1141 -379 1049 174 -277 -32 262 -48 222 -300 122 85 -492 493 -189 -1001 -1058 -237 777 -298 -485 -298 -1034 -148 992 -421 137 1107 -86 -841 1515 655 574 -857 -529 102 -1087 34 -702 483 -809 -361 -702 215 906 -1277 -289 1152 382 358 847 -758 602 635 1168 -264 195 1534 702 302 -531 -342 191 -358 281 781 -113 1200 -264 498 258 273 -25 -45 -95 484 55 -975 -385 -961 282 -333 1401 -428 -192 -594 -787 731 -1353 -1357 -595 -1361 692 -763 930 72 445 316 -330 -168 -404 951 16 0 -3 -232 -767 32 -314 -691 375 -590 -82 994 1424 -413 474 511 -303 -54 23 -975 -302 -381 -581 40 1208 -938 959 249 583 581 -90 -665 3 1708 -358 -566 -332 -528 -1631 215 -270 1211 -656 863 300 253 1236 1087 -282 -1457 366 -599 -494 -752 521 -188 -659 240 -800 324 -168 -529 -209 -632 -425 188 276 303 760 
-378 -2002 175 100 -479 -795 234 -85 -610 588 -76 -628 738 -683 551 -714 -361 -85 173 519 126 2056 -582 -1334 -194 -538 369 533 361 416 -768 -450 761 162 -299 426 371 417 -969 -130 1197 215 409 -1638 -47 693 957 298 -110 -658 177 810 -1099 195 -176 -344 -396 2667 -35 165 561 182 740 207 -553 -706 71 346 369 964 -135 267 868 -668 135 -742 77 -734 -840 3 -224 -793 576 90 -1109 19 -890 859 -596 190 -408 -764 1157 974 -1456 277 -8 212 -1055 697 -1176 -2 158 -81 915 -277 -1729 -142 -701 -861 1673 663 1177 94 751 -92 -774 158 571 286 40 -225 129 74 -1438 94 -639 -495 -415 1467 276 -297 -308 -318 -46 -168 -396 -933 673 -496 -276 -1056 -54 406 -426 -1267 -334 1003 352 486 102 -1357 243 -397 625 -410 1301 415 -1299 -107 520 245 -1355 575 -518 274 -638 -1131 -29 -186 1197 822 1549 407 -1153 -691 31 -1460 -251 228 -1293 35 -342 178 -86 266 33 676 136 1005 -807 876 -974 -215 -304 252 931 1429 -945 1151 -876 -409 288 521 808 -896 -455 -990 -321 1400 -73 537 1138 114 -948 543 571 -1472 116 570 1330 75 273 1438 -628 -1285 -363 -445 93 -714 744 -856 -758 -859 662 -680 1309 -259 335 379 -601 1283 440 37 677 -503 -167 -98 -509 -686 115 -630 -545 -170 -133 1512 -382 -221 429 -864 -521 -775 -624 708 718 22 -240 932 -160 41 -469 304 -63 25 542 1295 -21 305 538 463 1817 -229 1199 8 -220 -1250 -213 81 -33 591 692 1303 -709 -504 47 -1287 -466 -684 484 1052 113 -945 -1027 537 -963 -593 928 342 396 18 -298 -493 -710 -188 181 -208 -683 -878 -1470 1183 -886 679 555 417 -313 -587 -540 205 -185 -841 -742 317 68 109 127 -884 -635 1509 -126 -131 -663 -853 24 -1115 -928 767 1480 986 -856 554 915 389 384 -455 -491 829 -634 1096 562 -140 -193 584 -40 202 80 239 -707 1230 125 -133 678 -263 924 -2037 436 101 1049 -584 -262 180 917 733 -338 -1301 -435 -1115 -756 -1394 1931 -34 46 -753 -625 483 -133 1845 -788 98 1251 -167 
876 178 -476 987 -317 2008 -414 62 -670 1167 -602 864 253 109 362 239 310 296 -63 -613 1145 -340 812 1534 -1158 -1656 -387 -1289 982 148 -126 -547 -1236 166 1060 -740 231 73 -323 -300 1100 -500 140 74 359 417 552 28 947 -816 276 304 -589 -181 -1255 126 7 100 -1236 -419 1282 67 -103 130 -1306 -1885 -404 -6 -1370 161 79 -466 615 3 100 -801 88 -629 664 77 -563 785 -213 134 -134 910 -104 -1031 -108 673 545 576 -212 239 1577 -597 -819 1116 368 348 189 -430 383 -145 61 -530 872 833 -247 761 -521 -699 -1469 -1957 -1006 -180 -1103 285 -1420 699 -199 553 683 -13 -355 152 -159 -1249 748 312 152 -42 509 -1592 -332 865 1416 -1510 1378 -900 -230 -144 -407 -2908 479 -742 -1458 -1033 -796 -451 -752 1502 294 -398 164 -207 1156 -488 -914 -73 -777 1037 -365 -962 -51 797 1070 -9 1215 50 -1608 -1423 -151 -789 -1611 -783 463 755 -1265 408 244 690 -449 -528 180 1599 611 -1001 108 246 495 93 19 109 -154 197 805 241 514 -472 -1809 6 729 -603 -180 -823 -387 -53 -9 381 -943 376 -981 43 16 -1292 -224 353 883 -571 501 126 -508 -887 814 -877 1494 387 631 963 -866 -314 938 -430 -913 -3 980 -458 -57 -1486 -146 935 734 -1266 -180 85 892 905 1084 212 425 679 -125 -445 982 -826 194 653 1155 -639 -192 -1134 686 309 239 454 581 312 -671 159 1108 325 -696 -1030 -472 -11 -66 508 847 -196 331 1056 545 370 513 722 242 957 -1408 -1421 -385 1586 -883 139 550 91 762 45 -508 569 -273 907 407 782 -892 896 309 29 -510 -697 1183 -795 -5 -435 415 1036 -554 -559 149 -63 848 71 -1402 64 -219 448 139 835 557 745 -407 -266 -80 512 176 -135 -998 701 181 -344 -216 551 373 981 -236 221 -264 2097 -495 366 -1341 89 1338 -46 -183 -92 175 -877 50 489 208 321 -310 -520 9 -706 695 -527 772 974 -32 11 -176 742 430 -1037 -1200 -595 -151 245 2 180 -337 -120 351 -1439 -623 350 692 -499 -1284 257 -804 1315 -711 -315 1452 139 -1281 -676 
1447 -647 -795 805 -182 915 990 -692 -1039 97 378 394 1548 -253 -526 -450 -381 -171 1004 1088 -424 -267 56 1093 -127 620 88 656 -1106 -1403 157 -22 783 -164 155 1368 -1058 -88 113 971 369 -1112 494 -395 1303 -813 -1019 326 -278 -967 -1225 1844 522 711 -823 819 143 -435 536 572 1213 -56 881 -139 -345 -51 -475 -465 -237 479 -683 85 1461 -860 953 -573 -455 -486 106 1470 -1042 103 -1273 -477 -495 90 -423 -1120 -717 955 810 -225 532 -479 47 667 264 1061 1188 -36 717 -529 354 457 -19 -194 -485 -9 581 432 -1047 181 -1082 963 -381 -523 -994 -1178 143 96 -1270 -667 55 1042 1568 -1048 -567 -736 638 -274 559 344 -1566 -604 -1316 -226 -1404 956 869 753 -464 218 592 -972 -936 694 -262 567 529 976 1528 888 829 560 -136 154 659 658 748 762 602 -225 836 -237 -290 238 710 459 -963 77 390 889 407 904 -494 602 -172 1188 992 1281 944 -432 118 167 -1321 -303 1198 -371 771 160 -4 53 -1302 63 835 -1387 -783 -981 451 -853 1442 1361 277 -419 61 -110 214 2231 -1774 -1190 754 -713 390 -554 -499 -574 76 154 696 -256 204 379 3 1176 -515 -1006 -568 -388 736 -280 -635 -1388 -441 495 60 677 -1013 -40 -460 -745 -692 621 -303 953 -1349 -710 -991 -1072 78 958 126 -18 -149 -661 794 277 -379 -825 -776 -391 349 757 484 524 -1825 1131 -390 -1548 241 -573 -147 -1327 1021 1087 -820 -718 -48 -176 15 -1479 285 -861 -319 -253 74 -1502 -1499 -511 -187 -1661 -241 1317 -1123 365 829 -600 -362 1169 253 668 1264 -1095 853 254 -1094 641 -1251 -29 574 127 102 1673 274 365 -2027 -399 451 23 -268 798 216 494 -812 -885 594 6 -884 -423 -900 -1600 816 1142 565 -560 -371 351 244 765 775 276 1408 465 1303 676 648 -311 460 1202 -229 -150 618 -931 154 1088 670 416 883 463 771 95 757 659 -1093 629 -732 278 -603 388 -101 -175 -872 -212 -566 61 1081 538 -398 -1555 501 -72 -1304 -1071 827 827 247 -801 -188 1023 -1192 -85 537 1361 -1074 -729 61 -112 659 582 -1011 427 
-46 -1058 -187 379 -761 -615 -1874 -1523 203 21 912 9 -1027 -756 1282 -609 1076 81 1383 217 99 1089 -3 -992 -25 269 -62 1459 -113 404 -440 284 957 -1468 977 -98 540 -218 921 -112 -384 -36 114 233 905 -281 44 -93 -211 -330 -459 -542 280 213 -320 -325 727 -7 -997 720 -772 678 -757 644 998 1356 604 50 1286 -1153 271 607 -1202 382 -441 225 208 677 105 -901 -29 100 257 -2542 -897 654 -223 -1937 181 250 -407 265 131 166 867 -100 -149 -25 -133 282 -193 548 129 415 827 -575 1047 -1360 1310 1113 494 1404 368 361 887 626 41 -1029 -745 856 -321 342 1049 563 557 -254 52 1405 487 237 -319 221 1254 -340 -177 670 -236 -513 -995 957 119 -1394 130 -442 -178 -1662 369 95 -698 1377 509 379 -178 -604 -883 1456 237 -736 293 -376 624 44 648 -586 -836 902 379 628 -512 -1839 -66 94 -521 148 1125 -273 204 -267 1265 -402 -813 549 -1304 -434 904 1684 -434 -335 -805 -154 1845 -471 -1159 -494 -964 -918 -788 394 -641 -400 832 -863 -533 25 -333 239 -682 477 336 -672 -63 -417 -154 -536 153 -1285 96 -1745 -808 -661 -1516 -25 360 -271 -66 -407 1855 256 -1337 5 -506 80 -704 1043 876 992 -497 823 -454 -950 273 260 448 557 -394 -1128 319 1150 195 -678 -450 796 -337 -529 1101 -194 -1131 -791 -443 443 950 156 -970 -165 269 -642 729 -354 -303 -799 524 -343 564 27 -11 -964 -979 -291 882 -260 229 -56 144 1646 -471 -478 201 -185 159 -2033 -624 -379 1376 -534 -71 721 171 1222 -86 285 284 -116 -430 813 243 -1029 -100 1503 1810 -109 -121 46 915 -484 552 511 790 -878 -646 616 -1320 -1265 -149 -1701 780 -1911 -113 13 1074 -670 -84 -206 1005 95 -1106 134 489 -1499 -972 -15 785 92 -705 -838 881 -1068 -839 -60 -597 -193 852 -263 371 32 -736 109 335 -492 226 540 -1198 704 -920 -1502 1055 710 291 -228 -683 993 -319 -375 -527 1001 528 -728 -277 181 -105 469 252 120 449 -87 -1064 1078 -68 -390 -122 -503 -32 -850 460 380 -778 246 -942 381 -177 -872 
693 -447 -1194 -1116 255 -634 -908 87 357 -1163 -1309 302 -592 -792 -463 -1115 902 -1280 -471 -852 310 341 -591 -231 -290 -44 -25 -183 -746 821 -740 487 -3 -672 794 1455 -862 842 -709 747 -199 923 263 196 -21 427 -1195 -1159 555 -1706 -238 -642 776 -521 898 -482 -566 148 -184 -340 -1148 -702 -874 -1070 735 70 -100 1062 -492 24 603 519 717 342 -38 -1516 390 -966 72 -1083 -536 -336 198 -389 -1500 217 896 -512 -206 -474 -179 -979 -793 -637 981 1211 582 162 -29 523 168 24 468 589 -230 380 -740 -77 79 -111 351 -568 108 -1275 -1038 -1289 241 1903 66 847 781 -237 67 302 -907 -322 757 552 213 658 108 -237 474 -31 60 2536 -1216 -478 -964 836 -685 101 133 298 -537 72 188 -355 494 -717 1013 -223 365 19 1189 554 -276 -118 -452 -1659 -386 -641 -661 5 -277 503 -184 -133 611 -863 225 1083 -501 -56 -913 -990 1817 -220 -788 -124 -524 815 1465 114 420 -715 -1802 462 -93 147 -558 137 101 -453 -687 679 -588 -780 538 864 381 29 -262 -229 -531 -627 -1471 -1092 -265 -513 -836 -877 -669 -519 32 1095 475 353 1919 -314 10 -442 515 -466 -245 -699 -787 -350 -1237 -251 890 -547 232 774 -670 844 -434 -668 -299 -1000 -226 -175 -114 204 200 -1118 486 504 -790 703 582 182 -111 -410 -847 -50 58 63 517 898 -428 485 -225 -96 -9 443 953 -155 270 725 -258 -286 -415 -342 325 -1577 -304 986 -517 -198 -625 1419 -99 253 -465 -599 88 -676 398 1744 -1021 388 1119 -152 377 -251 76 -443 34 775 -225 1658 724 800 293 -386 388 182 -893 1381 -2357 1119 318 -524 835 0 -145 487 703 -107 -1123 -446 379 -445 -606 1043 -659 -906 351 1317 -132 838 378 -379 402 657 461 -331 105 689 -190 303 -902 -468 342 -505 -360 1070 -169 138 1556 139 1879 -6 -1326 -161 878 51 2091 1653 120 -717 820 -951 616 -164 -30 -112 -578 -1444 -817 1533 -925 274 1449 689 -900 -348 -1038 -869 45 -59 475 41 -95 -152 925 -1509 -304 -1075 -425 1208 688 376 356 -451 -585 408 161 -1178 
700 -262 -258 590 -456 -146 -1056 825 -1049 -1358 -439 555 -536 -549 -1000 273 496 1181 -7 -138 -972 172 1018 328 -312 -148 1414 355 326 -1481 -1527 -140 697 -485 -597 292 896 -491 -125 504 -636 -457 -1086 -732 -241 -1155 814 1039 -1862 -820 -471 761 930 26 272 -687 225 -65 -1307 -994 -610 885 -1048 -258 -34 83 423 -759 -1022 -57 -736 271 -989 116 -607 666 -269 -1675 -930 877 -913 478 1164 -593 179 -646 -1023 -136 -1194 367 -1114 256 -451 1508 -133 493 -85 -937 -898 -8 -598 717 257 86 -571 495 -116 -513 585 -709 124 -163 147 72 509 1428 911 -111 -118 904 -147 153 322 1267 -762 821 363 350 -352 1181 317 -1715 -89 615 291 1914 -1273 951 271 353 1038 413 -282 541 -289 -174 571 443 -483 -470 -889 728 1275 1461 381 478 -732 160 -1607 -656 700 231 -292 100 -33 -710 301 -225 -338 -638 816 -893 1152 1237 718 -408 -1136 -51 548 1175 183 -172 140 772 -958 146 -249 -240 167 608 -148 -128 802 929 1273 -351 -652 -1799 451 -289 237 2810 -859 401 830 1070 926 155 530 -559 -1222 -393 398 568 -4 749 224 -697 161 816 -1207 1060 162 1677 -440 -429 -849 -897 -449 284 -302 -1595 -317 -177 810 226 -76 169 1119 -47 -600 -734 2267 -166 137 -726 -342 408 -176 539 -396 177 -542 642 -336 -41 112 -347 66 -246 -189 868 -1061 -131 404 -119 -195 -178 780 1320 -260 -554 291 242 750 404 1274 296 1118 427 -1760 -1058 258 618 29 226 1056 -340 29 554 428 550 471 -517 584 -1223 -898 -422 300 337 1615 -1010 119 -628 -993 -202 -593 -190 -504 119 189 -1061 287 -804 -436 788 640 -648 1030 1002 115 582 1103 -252 -979 1147 -713 -401 481 128 82 610 -804 -179 572 85 -133 239 -1080 307 42 -1611 -290 493 -299 185 199 399 -642 -1137 1171 -943 -898 397 -2362 -246 620 1604 -71 1136 -321 -289 206 826 -836 1196 -628 -292 620 332 -816 -1089 -625 31 201 -661 36 96 407 1582 -119 103 -513 -1351 -555 560 372 -1211 319 481 -128 14 315 1086 -40 213 482 -261 -614 64 
-1638 274 179 252 1520 -556 -787 -279 773 -297 615 15 215 1172 258 764 591 726 -563 429 -665 -569 -278 357 -464 -77 -1778 -195 -710 -629 1196 1025 -517 -989 -1081 624 1596 -388 -324 81 -64 -606 -42 -167 -875 -1636 -31 184 -414 733 1276 -313 170 -1276 -142 197 506 121 1325 -263 -158 526 -91 657 -391 426 -187 1147 482 506 379 -668 469 421 -675 813 604 35 569 129 -929 189 -698 -295 -1008 582 385 -1215 647 735 -105 91 721 140 182 -398 243 -329 975 -618 645 95 -2065 1074 -1051 267 -232 -46 641 -376 579 -419 497 -288 284 -140 -492 671 -646 189 -751 -121 201 116 393 -83 -100 1018 -834 208 459 -61 1892 165 -371 908 -552 -128 168 -1092 29 -120 -264 -829 -141 1712 1358 1130 315 319 -468 528 1441 212 -335 44 239 -412 -277 -1168 752 -774 909 -461 272 729 669 -799 8 -1169 -545 -17 -47 -930 -914 1370 -176 437 446 -296 -886 476 -961 -860 -356 476 1213 -403 20 484 -1084 -217 -590 -253 461 495 -597 -112 -1241 447 -109 428 964 -651 -1308 -476 22 357 85 330 556 -97 -119 400 -974 827 -750 149 265 72 -115 -81 753 292 396 -435 -802 536 -1006 -99 -421 -668 -247 -1447 263 -344 -1087 1955 -291 71 -100 -441 -1 941 -775 -53 519 -67 241 902 -479 -236 736 -294 2083 -360 -126 -414 -499 1252 367 -152 768 -190 -674 535 -433 603 902 -1332 614 1239 109 139 539 260 1068 47 851 -602 -195 527 34 1460 489 -120 525 -445 422 -565 -1149 -366 -281 -133 -577 607 169 498 1293 -106 217 -351 -829 649 -167 -1188 -1087 -325 -2 -224 1134 -551 582 -379 -698 901 1727 -453 1599 -208 -429 229 1291 413 341 254 821 -1774 652 287 -22 -92 -400 131 -198 -87 -678 429 -942 185 -161 -794 -269 899 -942 521 168 511 794 -75 -807 278 543 -239 -1009 -1147 -1309 359 369 848 318 1292 -806 -62 -485 -191 -539 -579 276 -325 -290 67 -993 854 -619 255 -645 -400 1199 -153 -592 -930 -342 1234 668 436 -695 -727 -328 -548 1090 396 -733 -464 132 -951 -839 128 -288 645 
322 -76 862 -682 401 -286 170 402 199 -808 285 192 243 684 -651 -243 222 378 628 272 -1500 -314 566 -409 678 792 -554 -253 19 -993 34 3 304 -479 -802 423 -739 841 -697 283 917 -733 68 -413 -836 70 -80 177 144 194 -306 940 821 1875 -711 -236 337 -1083 699 292 367 349 777 1653 268 -741 -750 -749 1435 -161 235 407 -1511 499 0 -466 478 1123 375 -463 601 1301 -31 -5 1282 386 -454 1413 -1612 492 -1107 543 241 263 350 368 419 -319 -942 -415 -1068 464 55 1528 -77 80 -128 -571 -166 -187 2025 -365 447 308 1215 -717 213 527 1012 -720 862 -636 -1298 -162 -552 134 788 120 -542 11 836 49 670 1409 -486 -1286 -160 -490 -1342 -628 -661 6 1640 341 -367 78 818 1184 142 723 1123 1512 40 -787 768 938 -422 297 430 1393 -552 -44 -582 -849 82 836 351 144 -487 -699 -164 -434 509 514 -657 212 -919 -253 -318 293 944 1054 -626 289 -1456 -40 314 1461 1027 -246 199 843 411 524 -991 -68 -182 484 420 1575 556 -340 573 365 1055 -175 541 -1546 4 -710 392 -1071 -108 1148 -701 -811 -895 472 358 -575 123 755 656 355 -259 297 -1718 -1215 -841 915 -782 -461 294 -779 -751 39 -175 507 -370 172 -168 -412 678 -82 -691 -564 -644 -891 786 555 -388 -294 -561 140 727 -1509 -678 217 -1088 388 -273 754 -205 797 -426 226 -766 -204 -17 455 -256 371 472 -931 1271 730 -159 1836 -487 -392 112 -95 341 798 1262 712 -1989 -960 215 -1268 -269 -1444 -176 408 -58 733 255 804 -404 -324 808 -695 462 -684 -531 -241 286 -970 -720 -1451 -134 620 -362 -253 -297 431 754 -1026 934 1223 -950 587 60 -142 -246 138 351 -131 -287 -334 142 -923 -94 -473 -1683 255 176 -1075 62 -1737 253 -697 494 642 693 -607 777 723 937 -1357 391 31 -397 369 370 -35 899 69 -860 -199 -192 -71 -618 310 204 -57 -458 -896 543 -671 12 446 1041 67 131 168 -120 -910 -197 1394 451 -1631 -114 839 -1303 -21 -20 -164 317 368 -35 225 105 -108 1159 -212 -670 150 265 174 
-125 723 556 525 -532 855 811 -985 251 -195 1668 144 -781 381 -537 15 -775 670 1184 270 1532 327 -483 -591 28 470 -147 307 555 155 85 -725 1241 164 860 293 -690 687 299 222 225 385 1231 43 -644 592 51 32 188 -963 -682 -303 -830 591 -350 -104 -601 117 -876 169 -902 133 299 334 739 -44 211 -524 63 -172 -1149 225 -173 -452 175 657 89 -767 448 -935 -1077 -810 1005 -1374 -952 806 -365 -714 -258 -1000 -98 -1243 845 770 611 1157 -641 -353 -558 96 -581 -218 -283 929 -243 778 -175 171 175 -679 -546 -553 -297 -1101 605 -83 -1548 693 840 1043 -32 290 -378 983 363 1301 -1247 1726 1572 -4 -1116 -303 707 244 -598 970 392 -83 915 -416 -1197 -143 -451 919 813 107 -525 -371 345 -1044 843 -494 -866 -1177 184 368 183 383 967 102 -173 -299 -1460 893 -120 -1003 538 -1058 964 113 -234 119 236 681 -373 -1275 -972 236 469 -1620 68 2002 -749 497 -848 -737 1839 630 -1758 -943 487 1700 171 347 -158 -1435 -92 955 22 127 -336 49 328 791 -887 -424 -76 -566 -514 -382 -175 -183 -410 -991 101 -1131 607 -779 353 580 1697 -77 811 -1132 -438 -697 -457 -243 -290 -582 678 140 788 -87 983 -287 -227 -70 -886 59 1036 243 -1356 132 -1348 214 1281 -1387 -1115 -819 -354 -1276 -90 -51 -347 654 -754 -384 122 -140 -74 -174 -324 251 -1200 715 1008 619 798 335 -1766 857 -483 -282 514 656 -839 689 335 -1304 -133 137 40 -489 633 -318 724 -888 -333 -939 248 1551 527 -419 605 -113 -602 -1205 -152 235 -696 1292 -812 -810 1123 -526 820 -43 543 32 -1103 -1529 -229 -245 307 -560 -631 -190 594 58 217 400 -16 551 290 -590 658 70 -1621 -465 -620 274 -1560 -574 -12 536 996 -503 -538 821 -323 -534 635 -415 33 -379 -431 664 854 -701 -9 -620 949 -638 -758 22 1131 821 63 411 262 323 203 158 -293 -1260 -1015 702 -859 326 -822 -487 1028 -449 -83 -853 -50 84 -26 255 -315 -1233 468 -1277 -1547 98 -168 -312 168 854 -552 544 560 500 -520 -948 239 -717 1381 452 
1060 -73 461 622 -465 -449 2691 -365 -144 1767 -1096 -860 686 -646 256 816 -203 388 -70 -1377 243 -912 -564 -90 255 512 586 -1019 533 239 -503 -113 -593 -68 -630 1341 1248 129 392 -512 1955 -405 -397 -743 -452 148 426 198 1068 19 181 544 841 1007 -2140 -8 650 1667 913 1304 -104 322 -1020 584 178 323 -408 -461 -1344 -262 690 322 -233 -148 182 -829 1222 7 1352 -1794 189 471 -731 1434 -36 340 -745 1203 393 -514 252 -423 343 -295 -355 179 1533 1144 -14 -412 -905 -363 629 -63 -350 302 80 689 619 -185 -519 207 -661 452 -994 -1398 270 777 165 857 -673 829 310 1221 -784 -536 1563 -65 -839 -381 1303 193 783 -1446 769 1390 -1239 -446 1077 -3 1269 256 1277 121 1083 1126 -1257 126 -539 287 -325 1116 -350 -201 927 1100 374 -567 245 779 -1242 -378 -219 -559 168 838 53 171 1147 699 -56 -1521 433 -1211 450 -387 290 70 -76 1000 382 1142 -47 140 -623 -1140 -395 1400 -600 -943 -8 -50 -559 441 -597 1027 -253 102 -429 -1255 -606 326 504 731 187 -497 -258 314 -454 452 -119 563 -454 -764 725 -1484 1077 -807 -476 -291 6 -744 256 842 -631 58 -175 394 100 807 274 -477 784 -529 -307 -850 -1233 369 228 20 -390 -877 175 -729 769 231 587 313 715 -2079 202 325 497 563 377 330 -952 -89 -418 -339 180 459 69 891 -225 297 101 -322 -1318 -1115 792 -1545 35 305 -1350 -985 -496 -548 -445 503 852 -1293 -556 -99 -557 449 443 267 313 -1231 -376 2172 184 334 -566 -1443 -844 -203 -265 -148 -1144 -229 -219 14 260 658 541 789 -104 82 -532 -296 -258 1581 -65 -701 -1023 -874 -209 -162 147 -122 -264 -282 -1221 -1103 -1800 1640 -605 -2069 -1462 -29 745 552 603 -826 -1 592 -304 -235 22 -59 846 1647 1128 -178 494 1290 -117 -413 -496 -389 -938 -329 -661 249 518 -474 154 -390 -12 -106 852 912 634 -796 2167 1003 683 987 530 1147 588 -1065 -364 84 -1413 1038 -1713 208 183 -231 429 -237 -1769 1889 162 503 238 381 -1554 -436 -643 167 -609 -387 906 1395 -149 -904 
735 100 260 182 1060 298 -290 -944 99 307 -581 1755 -1405 -211 740 494 -1059 -195 -73 635 195 -919 952 -714 705 -1312 -343 -937 525 181 779 -1159 48 -157 -518 3 148 -519 1027 -942 -566 -501 505 -94 -590 236 108 -79 1462 458 404 -1638 -100 -1405 -1472 -411 138 157 -708 -255 209 -574 -515 1257 987 456 -291 110 -756 242 -297 -667 209 -61 -945 623 -1520 -1311 -989 -824 -645 233 -370 339 -368 -147 1500 545 938 1075 -380 1052 205 1163 1315 -1182 467 842 -277 855 124 -622 -993 582 721 618 338 70 731 1408 -597 329 -1409 -1050 -865 -297 1267 -593 -753 -450 731 477 -143 824 -1410 -226 1016 -739 -493 -589 -22 -452 -269 -198 -333 502 -1293 981 -895 -445 -155 1403 -37 -582 -137 255 181 900 -1116 -1 -361 1089 111 77 -246 -419 27 479 -806 -237 -442 -326 441 -1 -148 -633 65 -60 1027 -711 -806 -813 13 -988 459 1454 -519 1257 -458 -635 -300 425 129 320 120 840 143 -864 644 -569 -65 -352 890 -18 638 523 -267 -1414 -865 877 288 81 -990 -706 -318 839 -170 435 -546 -372 -590 912 -1423 -600 850 -897 -286 541 -739 757 646 -240 -426 -639 24 2173 -1017 -1315 407 -1120 604 -291 -745 -373 -841 -745 -567 349 -464 -117 -725 724 -595 -866 -983 -473 599 94 1357 -332 2410 526 402 -596 624 -180 -867 -575 1067 -1195 1572 600 -52 1067 -1353 -717 737 -669 -830 195 1608 -388 -61 -151 -275 -770 -1061 1056 -502 -706 -584 -409 482 -61 1036 839 -912 -182 -1063 -973 396 684 -417 -296 -397 -139 -66 1198 1017 -827 -1177 120 627 545 -349 1403 -583 73 -821 317 -271 729 1076 -356 -658 71 362 827 351 783 -1315 667 -1430 -609 1068 171 1021 -227 12 360 -720 -1598 689 159 -809 960 -551 -533 -1048 -143 25 -585 534 -369 -824 74 932 -367 -82 1133 -701 166 1495 110 -506 248 241 579 -217 -492 -228 -51 -797 -1091 550 1332 656 -102 -77 652 1365 254 -533 1627 109 -372 1159 353 98 -129 -47 1090 -1415 -566 -1448 718 -361 809 1237 390 256 -67 177 501 465 113 436 1331 -258 274 
-103 339 -609 798 511 -1018 -144 79 -981 -187 -209 601 251 -935 173 291 -199 -557 775 -629 -279 115 -1134 15 -398 -35 339 -815 609 1631 -742 -783 720 19 423 -1503 -329 399 -1997 -121 1573 882 764 129 -857 1254 -752 913 303 -193 344 -228 -1249 4 1170 -72 -1190 2148 375 -41 87 -26 -1006 -846 155 -621 424 59 -515 263 1156 -73 -1287 220 2041 -1589 427 -736 -27 245 -2192 -233 -174 1091 414 350 889 541 479 -1222 321 -1519 564 1704 943 -405 1451 679 -7 -2862 -603 -427 -350 32 1147 276 61 -796 -198 -1419 -323 -18 -645 -2354 181 -686 444 -151 -945 -802 470 95 108 -758 -720 213 1040 219 -75 -865 1510 1 -678 -328 170 193 -467 190 -407 90 128 -73 -1192 650 297 -1905 -520 -361 -1145 -1192 108 -1111 -82 -466 -648 199 -311 93 -232 47 79 -60 -518 1130 230 -869 -59 1347 158 -1531 629 1159 -681 324 -380 -880 -491 -341 -1154 547 -1403 -105 -495 416 636 -554 -1090 1472 -638 688 -605 -151 -170 -38 1240 -1090 -757 322 1347 -549 -895 -724 1327 361 -299 -165 303 185 -421 765 -83 1073 823 -248 2150 -363 785 708 -1006 1329 -298 -154 314 -315 -740 229 381 791 -791 -432 -554 -229 571 448 -843 -1123 -2081 -800 744 -1486 -1029 1327 -945 537 1348 -353 -217 51 -1628 -495 696 252 783 373 1001 177 -23 354 1309 -983 -1037 -1011 -1163 -495 305 -333 -524 1696 -957 48 -529 199 1505 -1238 287 -1113 -1503 595 1513 -150 126 -782 453 -272 -959 -420 143 485 96 473 192 359 1425 -1034 -31 287 -458 -203 -900 785 -609 -99 -1001 67 -254 -605 384 -972 -18 191 -135 -1367 -408 -262 666 -658 -392 -697 -846 -717 -783 -51 203 244 -1403 -915 -262 1989 -687 69 -1048 -787 -180 -860 375 -473 -78 411 -433 448 -846 -807 89 352 252 -525 505 295 424 278 -270 -365 391 -911 -1189 -147 1094 758 241 -18 -353 -473 -1975 112 7 -604 466 -374 -1065 -1501 545 888 538 -2288 -1293 39 9 876 87 268 1573 411 -205 258 -1136 278 179 -492 -535 -599 -979 1117 85 2302 -558 -290 -1581 861 -94 185 
165 967 91 -105 -402 1267 -125 431 -910 964 805 -245 -1055 -14 -226 -502 -604 337 -133 -1340 272 -1451 -345 660 -943 291 -664 53 233 202 428 -648 580 380 413 -68 -424 -301 150 -900 139 -506 -917 -350 -819 -76 496 16 1118 -159 -382 732 -116 238 124 -151 -2208 422 -42 -1040 -66 -743 -359 148 -469 191 916 -541 -704 -995 -812 -403 714 -764 -1163 1060 -1028 -553 462 1544 -634 104 116 -1140 -894 645 571 -718 -77 -224 641 60 -876 -1498 680 -750 -648 130 -94 -90 557 -292 -98 -299 399 -717 228 -104 373 -26 911 137 -359 938 -10 152 885 -741 -172 -684 -1127 62 -364 473 954 659 1159 -351 -1150 232 -195 -375 136 1426 884 834 71 1473 558 -388 58 -57 -214 1024 -730 841 -565 1069 -169 -672 1204 290 379 54 -947 595 -572 684 66 -445 628 377 -97 -438 -125 -4 494 1115 -238 -912 -741 752 858 1337 18 843 -805 1250 -1166 -257 -139 -1231 -13 -599 556 -831 328 -22 940 63 -320 -417 -405 160 2127 -735 -440 -1156 97 -594 -898 -884 -159 -1000 432 360 -219 -478 -92 317 -103 666 -657 250 335 -330 -162 -1146 602 340 -1348 -736 47 8 224 1437 -629 402 -596 427 -566 -534 -448 213 -1299 135 28 -1355 -965 27 326 0 -226 596 49 319 -144 372 -920 562 371 287 -1256 -240 17 436 204 -1103 -1550 129 -866 46 -759 -843 -1022 -193 553 961 145 -114 493 315 -830 -974 -585 150 -684 1544 284 159 1057 -751 -646 587 401 836 -266 381 698 528 -1082 -1380 640 -672 156 247 792 602 187 562 -1319 -72 -428 -588 2151 -201 1289 -84 821 -155 511 216 527 517 675 744 -70 754 911 -501 489 -12 566 383 481 119 630 14 847 96 560 129 238 -1320 -611 285 256 144 1010 457 159 548 -744 490 -1081 60 -538 10 67 -896 671 -411 505 375 97 158 -477 667 143 339 726 31 157 -1254 -720 810 860 -838 436 30 142 -307 74 -1289 102 2248 223 259 1684 -1371 154 1290 1730 35 1225 221 -446 71 272 -278 566 -15 -594 846 -582 -152 503 0 256 -252 
766 -523 342 148 322 -41 -114 1421 318 -851 -777 210 -95 -463 -73 -761 87 -135 -1075 630 -578 -610 -96 1527 -605 431 -1398 15 -321 -561 -298 406 866 743 -366 1471 805 1800 842 -77 -308 943 409 727 -280 -1415 1126 -547 -63 -1718 -525 -97 -133 552 83 885 -19 404 -447 -599 -486 307 1735 -104 -443 1273 -1119 761 6 1294 165 745 -59 1685 -303 20 615 6 -1020 -637 372 -540 121 -328 -456 -544 1051 1020 -813 233 -694 -548 -445 1001 -409 -580 735 452 824 -287 -214 706 617 246 1449 -206 -2015 155 515 -1264 -15 -872 -341 -297 -492 -175 1389 -547 -793 -675 376 -1537 -491 -811 -628 -656 234 405 -33 18 -221 1015 1136 -841 883 949 -767 1550 -621 310 -1744 -233 1925 454 -75 -1603 492 594 1671 408 644 -72 941 -1027 -14 -714 -26 -389 203 205 818 812 -380 847 832 1285 -1683 -752 898 -146 -9 827 614 811 244 1220 520 862 971 167 -435 -842 680 486 687 409 -964 597 1038 403 -34 -206 796 -27 -1589 133 -223 -109 -1142 215 682 114 -820 239 -162 341 244 -429 145 -261 -160 401 1182 757 262 -621 645 86 -577 11 36 -563 292 733 -93 -591 234 -825 -135 -5 1201 -600 -931 878 -487 -512 -276 -360 -592 894 -1195 25 -288 -368 717 -426 91 -570 -71 -89 994 -342 -1071 -766 1172 480 -28 815 329 205 493 49 -227 15 125 1114 223 934 226 -46 210 -244 -384 210 -756 914 433 313 211 799 1369 768 -348 -76 416 -889 -55 599 -185 1095 393 928 583 383 230 208 -700 410 -211 -812 385 -716 392 504 -589 172 431 461 -858 -1775 1278 915 -491 -447 355 -153 926 591 1162 -238 -153 470 1173 -283 -166 249 -304 588 583 6 926 -52 -774 234 -762 -238 616 1436 434 -524 140 -82 -359 -657 24 310 157 -57 1268 876 593 265 -364 4 -19 -1171 -780 -287 427 435 -913 777 -434 -476 -349 -499 724 1139 327 -759 1214 1124 -435 179 347 -219 -955 -704 -432 -592 584 -157 -923 931 -859 162 1260 -1227 161 -54 -880 749 -947 1122 87 1079 -1202 414 702 -1218 
-7 -45 553 253 -57 1444 -554 1693 572 -230 620 -49 342 -361 -47 91 -354 -1613 -598 1119 -328 -91 -578 -482 -1293 -225 600 1388 601 -766 429 -874 364 281 11 -794 49 455 1490 307 -1245 1108 525 334 283 726 157 -103 610 341 -1170 -150 -608 784 -875 327 717 -8 48 468 421 -106 34 -515 -1563 619 -531 269 -65 534 -742 312 417 714 1223 618 495 -858 717 389 526 -16 -168 -1321 -737 1123 -364 699 -508 -534 -840 756 49 -166 1414 670 -298 171 859 -591 -677 899 -573 -889 392 -429 -844 774 355 -838 -1378 348 -812 558 359 661 -449 -1667 301 -272 111 -21 -1106 732 -44 166 -1180 571 850 -1256 -1187 -963 528 -573 -732 893 867 -1710 897 1503 -122 -264 -387 -304 -376 79 -516 -1028 1609 -11 -195 -611 1084 654 21 -294 -687 -677 -318 318 381 939 495 950 1936 131 88 392 111 -518 -294 -1228 -308 386 -587 101 551 -398 191 497 -871 1131 -366 334 485 877 661 -528 -1394 555 1497 -385 453 -1500 -630 546 -606 188 1293 -1675 -18 726 1615 -307 426 -8 156 241 178 84 -321 -1400 -38 -1582 -701 -623 1118 -1242 -368 -642 -318 608 -139 -1098 -89 -901 171 646 906 -996 -1496 132 71 -355 728 1065 -184 599 -11 -613 315 968 91 -782 -457 -833 110 127 592 -143 -726 -243 186 1327 -181 109 -514 -204 537 563 170 -469 409 258 1204 -13 710 461 1192 -1339 -565 989 470 -418 -1797 533 297 293 1374 -402 533 -51 -492 -1092 707 -474 -208 1238 195 967 -642 1021 -1998 -493 678 -66 760 -425 -1083 92 -272 72 42 1416 -568 225 -860 1271 -252 -780 383 -477 -2205 -856 -217 319 1355 -584 -729 -1200 -993 -623 -191 -598 80 656 -772 798 -340 904 170 -58 -1045 320 -68 -44 -218 672 -850 -184 936 400 59 362 -1940 123 1080 -84 -912 -4 -1300 -526 -116 542 293 -413 -463 -688 -649 492 334 796 -879 460 -415 292 18 -830 387 -490 -118 -207 200 255 -140 -578 474 643 -46 153 597 -505 601 -67 98 166 232 625 142 144 -732 1253 884 -1102 110 806 -314 -1076 -251 -265 
463 -791 -221 293 -407 375 -494 -328 347 -117 483 548 -218 203 179 1571 1180 533 719 750 339 65 -1106 123 265 1239 -469 -265 -624 58 -1063 1032 -282 1395 -632 -336 801 2 408 -694 1407 257 -74 24 1116 -112 -511 795 -452 395 -109 677 286 -571 -747 152 301 276 -60 -751 1395 77 341 -860 920 -1057 -1351 -493 -895 551 -958 -82 461 -328 -226 -223 -722 45 -1442 716 -898 1050 -1040 19 -635 734 602 616 950 475 2145 1253 1095 75 1662 -1127 -392 521 -282 450 -298 158 1010 -143 672 195 618 247 427 -274 406 1158 640 450 3 -228 -875 -503 121 -490 -536 464 915 -1044 -175 -195 -31 556 -1483 -499 529 282 -851 551 -399 52 -240 -90 818 -1049 654 380 -83 -57 -323 562 -253 -776 -217 -654 -341 1527 128 802 -49 -462 1151 1392 -610 478 -455 223 686 -346 -392 -43 622 -379 871 -348 -355 351 98 -494 -475 1180 271 843 -508 695 412 312 -252 -1204 506 -278 -319 -310 1169 -690 -299 -53 -28 -489 449 838 -11 -1 -1730 -49 -907 95 -565 -68 306 -1095 -1252 -475 273 -551 644 1293 457 185 204 693 -275 260 135 -173 -352 291 -475 557 -444 -1009 312 -676 -676 -909 1001 56 251 -279 -319 1682 -259 -929 -1272 1419 -645 1228 -566 -163 -938 540 13 1501 890 -178 -462 518 -259 437 861 -677 -401 617 -688 373 -415 -67 -380 -459 -315 -183 0 -70 -1311 -1155 -63 -207 -696 -14 597 -492 -446 -257 -62 788 -737 -365 -694 -893 1138 15 -1209 529 -279 -469 -1037 -42 -68 -63 -944 939 1275 -860 149 -901 541 -661 768 743 346 917 -1099 -160 -516 -53 -217 1016 948 -182 689 1169 669 -600 -323 -118 -215 -632 -963 928 -714 296 -515 1759 24 615 -218 1121 249 817 67 -511 -786 71 28 -1018 -203 461 1547 -800 227 1309 72 -702 -274 663 55 358 -371 -63 1465 -160 -245 364 -549 593 -84 -566 1414 -55 -676 32 -116 338 -761 38 46 -871 -623 678 -527 404 479 -212 -30 -94 1652 32 -529 -794 -1010 574 -29 -290 876 -418 372 426 -337 839 -154 -280 229 -10 -218 93 
433 511 -1076 -194 -767 352 194 -72 647 141 -80 1082 465 -803 -887 693 -835 316 -828 -593 231 -917 1146 -448 2011 -33 -388 -425 174 -341 409 -656 888 -392 1275 330 193 -353 32 365 337 -253 28 -1075 89 -442 -1154 189 344 -472 -783 -530 -559 -959 -775 240 -1137 -451 63 -222 1268 207 -88 892 1555 850 237 886 -1731 692 -414 -225 -308 -340 424 294 -329 -105 -1190 284 642 1204 468 1046 56 701 -535 631 -503 -941 -497 -567 207 -697 1238 -739 -1566 -282 157 626 -1603 91 348 877 1258 481 -1236 870 -784 -1271 -1161 334 -1266 -776 270 52 -317 153 -519 -331 394 122 -19 204 126 -536 150 -501 16 291 1116 86 827 -789 1058 393 -1074 -407 473 -1156 -435 -123 -1035 179 501 1597 598 -410 -926 -1061 -65 2387 1715 -299 1063 -34 -540 952 -1138 -6 -1683 -550 179 -566 1242 -32 -301 806 35 453 -1070 -749 -808 763 -1270 759 -370 442 5 -435 1086 394 -45 179 -428 168 1934 -253 74 282 516 -658 -134 657 -695 125 53 -1766 -566 1036 527 294 330 -398 -331 -371 -1199 742 -1694 -610 130 41 159 112 1012 543 236 -74 295 509 27 2093 -421 -694 -846 1395 -1339 -699 -78 -119 340 -449 -471 541 412 -547 39 996 -36 -839 -47 -1424 -911 -517 -367 545 941 354 145 707 -1110 364 800 -24 134 305 463 -365 -1596 -106 375 -920 307 -206 1130 -89 315 -1499 742 -1116 -560 -563 148 -867 83 -358 80 -1179 -1357 -1132 -27 -606 548 1053 -1023 1102 -485 73 -1117 -23 40 -850 382 389 -744 9 314 376 211 528 -1245 -464 1091 538 -177 1045 247 -300 318 304 -335 -342 -312 244 -356 1531 -111 -16 1118 150 947 508 -938 -647 -37 -2239 335 155 -6 -2 -28 -16 -895 -373 420 1444 -585 835 903 -105 -112 -691 1084 1284 -792 -398 560 -5 7 -860 -489 33 -790 -779 151 -455 244 408 -28 -733 1159 275 -535 672 15 508 -402 486 182 -108 695 1280 291 -408 -268 647 -146 -534 1094 -633 72 1263 -519 -1284 1000 -429 977 1315 -334 183 -537 -447 532 1281 229 -305 -293 -693 294 46 
736 303 397 642 437 314 107 -41 233 481 -1084 -221 811 21 -741 99 -58 -208 207 -213 16 181 -473 361 -815 -287 175 -253 824 3 -725 -327 206 -187 871 -309 -159 -636 -766 874 799 747 -261 1049 -708 5 686 -418 1258 -1095 1329 -975 -349 1186 1097 201 54 -580 -393 -117 -227 -469 284 72 -400 -641 897 -730 -933 323 468 -199 -1167 454 932 570 453 -1001 -701 -558 353 -1567 850 1959 810 88 -199 1827 -89 -545 385 -73 -360 -334 -2103 -139 432 -1048 -413 -114 -718 156 -51 -646 -105 2204 69 5 -352 -881 -1793 100 8 296 61 -178 440 -178 771 -1668 831 591 -382 -1587 137 147 314 -267 1032 1271 877 -465 524 422 311 -601 -104 598 826 498 698 620 -42 628 876 841 -54 752 621 244 -101 90 -514 -1334 736 -91 -784 -536 -1060 -542 1502 -474 -842 805 37 382 -635 997 -294 -1327 -92 -248 803 72 306 -332 -1010 -318 74 907 -115 859 -443 1603 -337 -716 179 -284 442 419 -828 -540 -3 43 863 -779 867 131 635 115 94 17 955 487 882 1163 884 -44 -381 -84 -241 639 -437 -754 -335 529 764 458 686 29 -814 -743 428 116 288 12 -1583 283 -595 -74 1237 862 -812 -75 -501 -1055 -567 -1282 733 -165 445 487 -68 1510 534 735 1122 489 -523 -461 573 -276 -9 814 -365 -719 -138 -288 938 151 -596 539 534 1124 -87 -87 299 418 1372 -8 -512 -399 944 -632 12 388 -398 261 -57 -278 112 -468 -778 391 -1263 -248 936 -642 -512 771 1424 396 -398 -381 -57 379 963 -659 -479 -599 -385 -292 116 -616 235 433 858 -998 -7 741 -671 -1598 -283 1148 -525 543 787 783 -974 157 493 -191 480 -630 540 -366 202 -444 113 -169 689 -743 29 -134 198 603 973 563 325 803 -757 -284 93 343 -19 -1444 -1035 1429 -496 37 1704 526 -516 1113 -574 -707 564 -52 -645 -187 1489 95 183 1383 323 61 1083 2 25 -186 -1187 -436 -504 -1366 768 -1326 -774 1654 178 508 326 -563 636 -577 -42 -177 741 102 -1246 896 -1104 520 1989 830 -93 -129 270 -130 351 -1028 
-245 -433 -355 -1591 -267 -25 -398 -302 -1102 1315 -774 -313 823 -771 754 202 254 -326 892 -334 433 -1806 124 827 -154 -24 -474 -836 589 -72 963 -394 433 -913 302 680 -1392 1372 1266 -695 -1136 1392 1203 533 -403 750 -823 -394 132 645 1804 -880 501 -377 232 -332 89 -140 -554 -684 -92 376 1114 -859 -921 1470 -2132 -1500 -35 1000 643 -417 8 354 -218 581 13 87 385 -513 1097 -558 942 -569 -865 499 -863 336 -387 438 -72 -1165 221 -70 -335 453 -563 556 157 480 -1097 243 936 239 -1008 2090 67 -1232 1310 -1269 -389 -215 1131 -1664 692 -26 -974 -1132 -213 446 704 1714 445 -735 -338 748 885 323 329 -376 -470 -967 502 -486 -407 163 949 1578 918 32 -1038 1390 0 -153 -455 -391 -225 88 -509 -270 187 61 327 532 6 -784 184 648 -1173 -637 -88 160 595 -904 -512 -261 -850 -865 -264 388 -367 -552 157 -915 -156 1533 -154 1063 1175 -480 1463 1039 -712 -490 390 804 -763 138 233 -989 -626 -1567 955 -1339 -138 -39 -219 667 615 -176 125 -455 -341 -524 15 1440 699 63 132 -1998 102 -1090 -376 -349 -336 -644 533 1090 -482 -1253 -698 104 205 -286 112 -207 -403 -277 -62 532 -1013 1106 -421 732 -649 -536 895 -962 -921 32 -227 -637 5 336 854 390 996 -869 196 858 839 575 -60 901 -286 1432 -717 -461 624 1203 -1209 -402 -92 112 -1058 -736 -741 171 278 -13 -328 177 -828 -903 455 1341 330 -279 492 -234 -1067 1502 190 1775 -790 -58 -1344 424 -146 -852 574 -980 147 449 -379 -176 -868 -138 842 -343 -1156 -124 1833 -771 -539 -1044 -673 424 227 -284 -1062 407 -736 -865 -1138 92 1556 452 -715 -1270 1272 -25 -383 -453 -1452 201 56 -1224 -144 125 -242 1252 1199 239 -46 458 -891 -1540 -722 264 1350 458 390 1216 840 440 599 -1436 6 202 -301 943 298 759 -1117 1139 -162 321 1051 619 -481 635 1514 705 364 62 -380 -779 1054 -458 52 2102 -936 -657 10 -927 -1558 1320 -146 -182 -541 237 723 677 108 1159 -494 -551 637 18 133 189 150 509 482 996 -714 168 -94 -1480 
-1004 -940 1024 -453 -878 1278 434 708 463 30 206 -667 657 1434 -347 -746 497 662 667 666 -179 1196 -989 -655 -251 -1012 90 159 539 -300 -219 -764 736 -971 -1668 113 4 -697 1931 1102 721 1142 -477 -475 -120 -597 -746 321 -554 318 282 584 -508 239 92 995 -1028 113 967 95 518 -22 -149 903 698 -1039 384 -541 -425 -661 1373 168 -934 -991 1086 -84 519 149 776 1347 -1140 28 463 -548 274 31 -266 439 1332 -1494 410 -508 1414 -448 229 -36 -468 -1098 -552 514 953 658 671 654 -131 1129 -477 -144 -1019 -248 565 1363 1001 159 -25 11 -103 23 576 161 -105 -82 -763 -209 -384 -1205 291 -49 -23 990 -1978 841 -1134 -158 464 -852 990 -807 -497 -354 -411 -556 -619 400 -22 592 -392 -396 -307 -390 393 -357 -777 57 -675 -1177 -227 327 123 -593 943 326 -1226 302 406 207 390 -394 -413 430 -175 -250 -15 256 714 357 1960 -1126 827 -320 -470 -1134 -671 612 -1119 -610 -796 55 -750 -3 -439 363 312 -466 1056 -593 -1047 -315 -86 533 1266 1258 -328 -624 -636 155 110 554 -613 486 317 1051 128 1278 -789 -8 -1096 -1335 1373 523 17 -188 9 314 556 -317 100 542 1186 -114 -481 352 -400 -503 -470 -976 400 108 -161 -1350 132 761 463 -277 454 536 709 -146 64 -462 -607 607 293 52 -553 591 1162 250 -792 477 322 739 -276 -69 -81 1762 -487 476 71 -618 -916 1740 -1463 -975 208 731 1597 560 -503 -421 268 -807 651 597 -191 298 -916 331 -817 1389 209 -777 -660 -1149 320 603 -348 -613 -1397 67 3 -527 -1478 286 440 -82 749 -365 -1182 -583 236 -609 657 514 100 496 187 313 -1258 -129 1181 608 -3 946 -51 -409 2 -821 -85 1053 -139 866 281 -519 236 630 -387 -216 528 580 285 335 -1101 -349 221 164 666 -921 473 808 848 -205 93 242 -99 158 -553 -143 -228 70 427 265 286 232 -1694 393 -902 1162 62 1098 -515 222 -678 -15 -450 -382 -370 72 -45 -711 -162 -138 179 296 712 -160 -958 119 891 1440 -1428 323 -398 -105 -345 -541 489 -526 92 -250 
132 -1663 244 790 -389 343 -169 1552 -86 -728 -271 -676 1056 -344 -447 586 36 22 44 1125 -12 836 -484 462 -765 291 115 405 321 -910 1373 -518 -348 -605 877 378 740 -835 647 353 904 554 -786 739 427 -537 187 -18 -437 -554 -524 343 984 718 -784 603 -761 1578 207 -742 718 -865 726 -374 505 176 245 218 486 480 -307 786 43 -636 256 995 -483 -551 298 -828 -1172 513 -468 -536 37 -843 1141 -180 -44 -514 48 771 752 -209 1300 -111 898 948 1005 632 823 -195 -497 -164 1295 -711 -597 296 -406 29 213 -246 236 500 -588 1483 -205 1077 1442 -542 -947 -1385 885 -448 -667 808 226 -1112 -284 -485 -2263 1078 572 -646 460 -1315 -1566 -1070 -856 -321 -1497 -1379 -1843 -1789 117 397 235 -122 -760 13 502 735 611 927 57 -74 -315 -757 -802 8 1648 945 -449 -279 151 661 581 959 697 266 476 -159 -16 575 125 -571 797 -832 1274 -361 -229 -805 796 113 -528 83 666 1103 -696 1689 242 -474 988 1447 521 1262 185 -1197 -35 -205 1160 -44 1111 -393 308 -616 -450 -172 -557 -637 -372 -852 -129 158 -151 1984 -1088 -167 -241 153 -594 -803 -466 375 72 -91 -1191 1464 1234 874 95 -650 -20 27 356 209 -637 -422 694 215 -477 1248 509 911 -813 64 -139 271 815 -744 -422 639 -908 -1036 -459 91 -254 -196 -582 473 206 118 -1261 -461 462 1694 -372 -274 -214 -893 1439 -840 -18 391 853 409 1657 768 446 -127 6 -294 1456 99 1221 836 580 -1384 -643 -236 1525 150 262 -1034 -440 -63 -92 250 573 679 -555 -246 -109 1246 876 243 858 677 -1629 -114 637 -517 -256 513 -760 -1236 783 -91 341 -754 -373 501 -697 -607 418 99 -558 -845 -1582 -362 -499 -559 36 -847 -40 -636 1410 167 326 998 -296 -246 -55 -260 829 -601 713 107 -299 189 -281 410 679 913 422 176 -1282 -1014 -641 168 1741 800 877 393 -573 -312 -1004 366 -737 812 -21 865 151 977 612 -528 390 -168 -229 -1732 -317 -201 -1865 -493 541 1165 360 -758 105 130 -81 -1626 2059 -452 -606 -460 -69 -214 -1011 738 
676 -168 -290 -488 -855 -301 1305 -409 -235 -408 -482 -230 452 728 -216 -8 31 -723 -580 309 1650 470 -78 -199 -730 239 -657 -1230 -1232 498 -47 296 105 622 1240 -720 137 377 -68 -1135 165 58 426 -475 38 1588 216 -297 816 -519 -357 -366 25 -205 1466 -262 -155 202 -543 -68 -348 1623 -161 191 -75 1359 -23 65 -1088 -516 513 -52 463 -1409 574 -567 289 391 26 -147 604 1525 -1100 -398 -426 1545 347 -364 1177 1591 183 264 1119 -700 303 29 -283 2 632 -663 1392 803 269 -938 269 1592 596 214 496 301 1 -386 -672 245 415 -1573 -52 -122 791 655 -202 1085 -809 137 22 -139 442 -494 -499 -1270 948 798 -463 -311 687 -15 673 -2458 -411 -1366 -314 -410 1130 -2649 -306 -487 -442 505 -199 -88 266 461 -394 -578 -256 281 640 86 99 -1236 36 227 -1545 182 -595 300 377 -475 1651 337 -761 417 -186 -267 -450 -65 -305 1030 -159 -1743 880 -465 -72 143 -586 -663 215 1057 545 198 413 287 -595 1371 -496 468 1210 334 -209 670 945 -485 -498 -434 1045 812 563 -126 -688 496 40 -982 1587 -437 -624 -545 361 -642 1332 448 716 -484 -599 -47 439 115 -1204 196 2032 939 1659 337 -1218 -404 -158 159 -383 403 -1299 796 -453 346 -538 268 798 1410 -114 1001 -412 -586 -1172 524 215 -244 -364 755 -571 -376 -936 -429 -569 -1232 18 -829 -907 233 541 1634 -842 1076 174 -623 -301 1281 -486 24 140 594 128 1156 -1114 1196 -207 -287 -1265 -1090 379 247 98 -461 -358 -193 243 18 -1165 -726 -916 -532 -118 261 -1338 496 347 273 -364 -528 70 62 -456 -1092 39 966 698 -22 -705 -164 749 573 655 -978 -414 145 171 603 -1500 989 -284 758 -444 -181 1274 482 -473 -382 406 -242 1361 -565 -760 346 161 702 -199 354 258 335 -736 413 143 -228 791 -243 650 -1109 161 873 -738 1805 -12 711 -32 -315 1242 -1234 475 -477 1547 -189 -78 -433 1610 50 -342 933 262 792 324 -80 814 21 -532 1185 958 -55 -149 -312 -258 1534 77 -111 -352 142 -1177 -179 838 308 108 -618 397 197 
-22 -119 -266 977 433 717 475 800 -783 276 -1092 568 -36 1627 539 -373 -1720 598 493 -240 -731 218 76 -710 -497 -726 504 -1016 -510 -676 -3 -261 1148 -911 208 276 -577 -588 -322 -504 1464 23 710 -562 28 606 1478 -136 -348 494 -880 1137 -34 44 -573 257 175 -297 -311 -218 -253 -1008 -1197 -1064 359 -456 1429 -367 1018 218 1279 834 2402 -28 1062 267 163 -446 -910 -1703 -576 -1040 -230 -26 669 1352 807 -69 309 520 847 1350 -776 -831 460 -246 -750 913 -42 -348 -1122 -271 790 -708 1300 -136 2 -627 135 536 -64 38 -409 115 -763 -445 526 1184 64 -736 -830 550 -1620 -1504 1214 -858 187 -326 1231 294 399 817 143 -820 860 -136 -576 393 -684 654 -419 -1637 314 128 1535 613 -11 946 689 -384 1630 6 -397 -976 -828 -1196 290 -754 -730 1301 -343 1261 -774 261 318 -568 344 250 -605 -383 -596 623 490 -1027 -524 -303 740 444 1653 -202 757 -422 1228 1669 491 1930 -778 350 -1602 -354 517 381 509 -262 -643 -136 1028 129 -109 -625 -301 -967 -477 -1 50 380 340 181 -895 156 -1368 -254 211 368 964 206 490 756 -955 836 -1261 948 -1004 -256 180 789 -809 236 -403 -237 -360 259 747 -1191 -1164 -200 1168 327 1133 -957 -571 874 201 476 -25 -964 199 563 -629 -1157 -416 -1125 -1035 213 666 629 1074 -1275 363 -569 -1097 -572 -632 -89 -1073 140 103 -1499 -108 -1222 659 318 -26 -139 -12 616 -1063 -1083 158 160 1073 981 319 68 505 -375 312 799 -1255 656 360 976 -295 -250 35 -360 337 -508 -106 17 189 295 1055 -137 -156 278 246 18 485 296 1133 825 -155 703 -1391 518 60 -1383 -797 179 281 -1038 -194 -573 938 -136 -1612 70 415 -726 -153 347 262 79 -145 -1094 -644 -839 -683 -502 -979 413 1022 1388 69 -972 -609 936 -738 681 89 791 260 394 894 -726 -747 -464 981 809 3 -1497 -319 -986 256 -183 165 -863 -394 573 401 -56 -35 313 940 -444 -983 -43 1009 -2006 11 -988 -873 -641 -152 -77 -357 563 195 -35 291 691 -988 -1774 1067 -676 551 -6 -394 429 
-794 -1016 903 1022 113 -473 -1098 -188 -732 -628 -354 -74 645 404 -920 -330 1354 659 -179 943 -628 -933 -679 -361 172 -468 -430 -292 -409 156 -27 -101 -16 -1023 -399 -249 -187 -318 122 65 761 -66 177 -94 -794 358 686 9 742 -151 50 275 -670 455 429 -278 -244 -512 635 1062 640 -324 404 -223 687 -107 298 -1448 704 932 875 260 1125 183 126 555 229 -304 685 -695 -730 -839 -311 453 257 198 1860 -637 -759 727 -365 73 -1176 339 -53 -267 103 1412 -1666 579 1134 709 275 -554 -520 -772 -118 281 -880 -57 146 1429 723 652 451 97 828 -241 -595 -590 -609 -278 -602 -33 590 -360 -216 -568 494 14 1174 699 853 -197 -292 52 -1514 843 345 95 -318 -1628 -323 1740 270 -140 -139 -169 -401 667 -80 -1445 -690 -117 -1024 394 1089 -727 -205 -219 226 -746 -463 420 555 964 -4 -201 -1324 147 747 -311 93 2385 -1318 522 -352 -725 812 -660 1474 1188 257 774 201 1417 -176 406 -66 206 1542 23 1994 -53 -530 -179 189 -435 -27 -386 -489 229 430 1423 -136 138 838 -547 438 -15 286 -421 147 331 1502 721 299 986 -16 -4 -56 -120 -1746 -474 32 1144 608 -92 -1091 298 -518 -1055 318 802 412 709 -287 -274 949 320 167 -7 -122 27 -964 161 -301 -515 712 -379 458 -270 -524 -227 -718 -369 -213 15 81 783 379 1275 953 571 999 266 -409 -948 -80 -365 469 864 -68 726 -160 515 -1404 -1137 448 391 50 565 -205 978 -648 198 392 217 -854 128 -231 883 -200 -46 -259 -931 484 -293 -188 -457 369 20 56 425 93 180 -381 -137 -855 1146 1510 361 383 245 437 -544 700 -876 -932 -414 -306 -219 562 -83 294 -735 -1269 -991 -429 -156 146 782 474 -376 -1943 22 -402 -660 -74 -1259 -18 513 510 519 -352 -119 121 344 247 431 -204 -401 -762 -233 5 -751 -1034 -189 -778 -371 265 -619 312 333 1610 303 471 -258 -438 1003 38 -705 -813 -408 -374 -108 -452 968 -21 -490 -115 -49 574 528 -1092 644 176 928 -254 -578 -1125 53 -500 -929 604 -126 1357 159 14 -151 
65 -328 972 -460 1038 1131 979 464 -457 717 -424 -1406 -853 -918 2035 361 1962 415 -1274 226 443 207 206 418 865 -1144 -645 495 1559 -520 415 -738 -708 821 82 917 -347 -163 -477 263 294 77 -531 -729 -935 201 -282 1345 99 -648 -486 754 -250 -348 -680 -745 -815 -92 382 1935 -1208 -9 60 -449 -845 -729 -1387 -260 -716 -832 337 28 165 -530 1489 578 126 335 -384 959 475 664 -670 -491 90 421 1361 -108 -571 -668 383 -1773 1063 -651 -1537 179 -75 -1082 254 -942 478 -539 433 -611 32 -377 409 713 484 292 -1583 2230 366 -359 178 -185 1791 -1179 350 -558 462 3 622 -280 -732 -134 675 54 -400 -54 1457 -827 -1118 1784 -571 -1347 2091 -902 487 -908 422 442 -2175 -422 -1375 -315 181 -599 -559 -773 446 156 -87 -1345 -603 165 -130 1320 450 138 -11 477 -299 797 -364 455 -415 1284 -180 1193 -722 -1130 971 38 -848 1962 19 -373 -248 204 -44 -689 -1172 968 -516 -1328 -1076 623 -150 -1000 852 870 -633 625 -116 828 340 -1767 1316 -287 -2 -1641 1155 -651 -3 1349 -1125 5 -959 1166 -1417 -423 461 -1310 -1061 -1102 616 1073 569 498 676 834 378 -265 -1407 1282 -439 575 343 -968 580 746 -1642 -1498 -1163 -1363 -190 157 1030 -157 9 -51 1005 754 760 -250 -1118 495 -209 -1895 691 -996 1656 -257 -159 -832 -700 -1337 -143 -566 -622 345 -118 -492 -193 495 690 -116 99 416 648 -961 1421 -610 -806 -1031 -235 116 -1064 -243 766 -440 -862 1031 -599 402 -799 260 -895 282 97 -437 480 1156 -389 336 666 468 -164 -208 -1428 -263 -198 -504 -406 -795 610 587 176 -389 -311 -289 -391 -206 -243 -976 271 610 1082 -1219 505 1148 863 105 -156 -349 1652 338 -659 13 -202 547 53 -903 626 -288 -619 -192 1182 1047 -493 -532 -615 191 263 1410 568 -63 -732 -483 1131 272 551 340 -300 404 -1096 -797 -390 992 794 764 327 167 1188 286 -1079 228 0 1050 2135 -345 578 -737 -556 -152 1220 273 464 14 232 340 -515 -926 8 1202 233 -1537 1325 -252 1033 -418 781 -108 31 786 715 566 1738 -1447 
-102 449 -885 -73 -161 62 -977 766 -998 -882 -529 397 439 -619 -1403 -747 -703 354 515 -203 -1625 983 187 -131 826 256 506 -788 -616 379 922 226 77 109 1008 -316 65 -67 -1043 -682 -180 933 568 -649 556 1296 16 575 -428 -345 -123 84 28 -801 1198 1246 39 -172 -973 -614 -885 -467 -799 -566 -1063 125 -773 288 -350 603 -282 783 1086 323 768 -342 -813 -38 386 586 -677 -81 -178 469 144 1379 1141 -517 95 940 59 687 1429 599 -1333 455 -459 408 -108 276 371 -260 740 -415 -588 -1 -688 677 451 548 -312 -575 1047 -886 117 -103 -70 1374 -752 488 -964 -1110 744 555 -465 199 139 991 -725 -391 1023 -648 -144 -1267 79 1031 469 300 223 588 -1285 230 -1228 301 1117 219 -846 653 -1009 -610 1379 -1418 -2 93 -459 -526 -116 -149 -1195 -1390 -267 714 -685 -6 21 -696 574 837 -389 -10 -1188 -1010 954 579 -879 -646 415 -1696 1203 -504 -925 -5 -303 464 -60 1311 -1864 414 557 202 -728 285 -567 -214 -574 793 726 81 447 888 -766 -754 48 813 1356 402 1058 -508 -1528 1259 -165 83 711 3 -577 259 -639 -252 -293 1150 -319 -764 -614 -815 -730 -531 1204 439 -1574 -861 -1236 340 -155 -69 -306 -374 1152 -325 -453 2068 -874 -828 -8 803 1079 -209 -110 -498 258 124 -848 -1336 -432 877 -442 -1250 -351 -76 816 -124 -1248 637 -148 63 -523 -321 275 -687 -455 413 -912 -90 -183 303 -412 -64 -1199 392 159 290 -42 -377 -757 471 -973 63 1922 196 304 -439 656 742 485 866 -439 -837 418 928 -31 -89 454 -635 1649 -458 766 60 67 1472 -324 1526 -299 87 235 -215 1053 436 -617 -28 274 -630 -1287 -1239 351 -520 -434 -263 -655 246 -495 -463 665 -478 -245 714 398 404 -854 -291 357 -1033 -242 -123 -1133 -972 1277 893 430 -354 -1109 127 531 307 824 -289 -322 125 -498 -152 -864 180 -42 143 166 -490 454 -1483 190 -582 -49 -1318 -1118 436 339 -1780 -1144 288 -1216 1154 189 -179 779 132 817 363 -331 1095 60 -746 -346 -691 -1141 221 -1854 1103 1276 -387 -249 -168 577 -297 
7 582 -362 13 -671 61 836 1438 1186 -206 -112 385 -1269 1126 -592 268 356 1409 477 802 99 814 718 589 904 -1491 293 -265 227 -1897 -29 677 250 1286 -45 -859 887 -1097 -80 18 47 -84 -877 1541 -517 40 1789 24 -1126 567 -907 -3 -361 -494 -48 1462 386 -1226 -444 359 -1289 606 -548 821 572 -142 99 362 554 -908 -277 -1579 -169 -503 -1097 49 -573 -327 358 -894 -580 -9 392 -1423 -136 -219 472 344 -192 -193 590 522 -356 -238 -818 -92 96 -248 -1145 212 -291 -1237 -1301 437 -1021 276 1008 -66 1043 227 -546 20 -158 -1315 -664 221 -102 -732 -259 -162 -213 1476 -350 27 962 -924 -1363 -103 -132 573 -386 143 -143 964 -367 -416 880 2173 1200 530 -7 -611 -1353 -770 231 249 516 284 133 -1620 -34 -447 -944 -200 1666 526 306 542 390 330 -802 221 1366 -411 -740 -29 320 90 53 -501 -672 -881 -593 -1502 -209 -559 995 -577 -635 280 1042 704 595 -536 -1425 -201 797 -579 765 -406 657 741 496 1176 -972 -487 650 -1276 361 -39 -251 -571 631 262 22 -391 475 604 -1084 954 -637 -435 -465 -113 86 215 -502 227 -428 -34 384 -282 -40 143 -464 -688 1015 487 1605 121 -974 -835 1181 -103 712 513 8 1243 -196 761 -802 -1343 1108 360 56 -985 -604 -864 270 -331 -285 -719 465 291 -695 511 -431 -498 151 -406 -942 808 428 361 514 -229 -1228 -1308 752 981 -1551 -258 -302 -736 809 -170 185 -127 -1051 162 76 7 585 -687 710 -132 -837 509 -970 107 -154 305 -176 926 274 -401 -259 -381 -514 -377 -325 630 418 -184 -837 -237 303 1216 -814 847 -872 -135 668 -532 -1198 909 -1034 1188 -41 -965 -151 -498 26 -333 860 679 -863 -174 -123 -795 1798 565 -635 450 -1106 996 221 -1554 545 446 247 -249 -8 372 -133 -1174 485 -1374 -1548 -610 -823 -419 -231 -890 105 -662 659 675 909 -427 834 110 -3 -603 743 -1216 -1074 -420 359 33 149 -139 -131 -173 -101 697 733 -1550 811 252 -28 -607 -260 -109 775 178 2187 19 -507 460 -65 309 853 -64 125 1609 873 401 -899 971 
844 670 149 -158 -1086 -611 -1158 1061 -574 -2135 -436 -1337 -292 713 -677 -124 -343 -167 147 619 -322 138 -782 -140 245 -495 -79 -64 323 -450 -62 458 -712 -1478 -562 -83 -78 294 1373 -381 347 768 121 -378 1023 140 137 383 -297 -199 216 -982 640 982 438 185 -922 85 -796 -635 678 -628 -367 895 492 965 395 202 -259 -535 -346 158 708 -11 -480 -31 65 -801 411 -781 -350 -64 724 27 -464 -780 -1225 232 234 564 -786 -395 -237 -314 277 216 -887 -85 450 443 645 234 24 -11 374 -336 -636 107 287 -463 756 966 707 -84 1128 -1056 -446 2 515 -38 -346 423 -740 78 140 762 -48 859 -515 -89 -501 -1238 -451 173 -461 -511 -44 362 881 64 -853 -718 835 -173 -1710 -794 -693 -405 817 272 449 -151 -48 376 -118 -908 770 8 62 -925 -492 515 362 -1088 299 -580 273 82 -950 -444 -849 -612 -1457 -865 975 -254 721 139 223 -811 -42 -1152 58 -593 -444 1559 192 169 -556 -827 -730 -152 -556 124 -1103 -302 -744 841 -535 -194 859 -1 -513 -24 26 1468 438 1033 695 -1031 -315 -399 -40 547 -503 790 -1345 -526 259 -776 -560 1454 -1018 453 -559 -1011 273 -1170 984 -192 224 282 168 766 -76 680 268 -250 -35 -126 -477 688 454 -1487 -645 -131 -365 7 -587 2210 -482 48 276 294 -762 -433 488 2485 -566 293 448 -915 -917 -367 -658 134 -148 -643 -924 655 -648 686 -235 47 193 400 169 -502 -1165 328 -471 85 -977 -444 16 -136 -558 227 387 -288 -487 520 -444 -1332 -772 0 -456 -333 -576 1103 1252 -147 1048 26 477 27 173 -559 -108 752 -1110 -217 -1477 497 392 525 -220 372 -151 751 -116 -292 923 922 -324 875 -590 -1091 245 -759 348 212 390 936 -1057 -300 -838 25 647 -564 1011 360 1247 -655 555 -1765 -1734 -667 -47 -243 754 855 88 -110 -138 82 467 -882 620 -693 -922 227 244 -235 -1099 784 433 -8 -316 568 -42 753 656 1568 -539 77 -246 -2020 1589 -1923 -348 319 188 -887 1650 777 64 -419 167 55 413 166 -1295 490 -59 -127 762 -258 993 421 
-568 -562 304 505 -1028 763 575 -522 -217 1504 -122 -559 -652 1517 -55 245 679 -845 -203 397 863 129 -1374 -321 -1066 -358 455 -121 -98 701 791 521 -596 694 -63 491 -355 -868 241 -16 243 -15 -265 -418 263 -17 745 -240 1413 -616 1271 -1494 778 -466 326 -1403 -626 21 1750 -391 -84 -784 930 253 -147 120 -16 1435 -677 107 972 -378 225 1084 -240 595 -303 1058 200 -1130 -1260 -334 509 566 1575 -1138 94 1079 316 502 456 270 521 146 -1010 -1456 -662 339 -171 572 1104 198 177 -328 -440 47 770 -680 -586 1429 -247 1462 -815 -191 493 165 1307 1064 -604 692 73 -434 123 -707 -1802 789 308 -1692 1189 813 1118 1758 -340 -71 928 1063 -997 -521 -362 968 -619 -742 1135 -203 -221 270 -755 711 1531 892 -531 359 -993 -11 -12 -541 649 541 -1600 857 1027 -127 -298 -147 -788 -8 -961 649 142 -139 -784 486 504 -517 -1002 -105 1363 122 437 -1227 694 -1012 -236 203 -321 849 -3 172 -816 -45 1196 -192 -339 -353 999 -602 -1007 483 -362 -550 322 -299 25 -610 -833 -163 -746 104 -1188 -561 -698 1301 -202 529 -899 -900 -481 805 753 3 -947 391 -487 -1869 -462 -1359 -359 408 909 186 192 -560 -476 349 818 630 -81 -568 -180 830 1363 189 116 -41 -680 -281 806 736 442 -615 -593 -429 -425 554 223 -675 -675 -314 -279 765 881 399 -604 464 -1015 1023 -315 -145 559 -448 -67 -252 45 42 -466 385 606 1281 -1786 -499 -4 -258 -82 924 28 -1132 378 77 837 -832 -511 -675 1127 -71 -717 665 483 -346 1070 -141 -1022 -286 -344 -170 0 818 878 -1742 1467 -623 -266 972 -1046 473 437 114 683 -545 -604 485 805 499 135 719 -707 1587 -345 985 366 -15 936 -881 140 -375 -569 -394 -443 75 575 -2465 1094 1935 93 -1502 -1234 1033 -1 87 422 -146 -132 489 1038 -48 -855 -534 1068 443 62 737 466 -97 492 63 -23 111 -319 -390 -1524 1134 349 90 1848 1354 433 -317 502 445 1487 -1647 899 325 126 -1176 952 1497 -622 68 92 530 861 19 1169 -1217 510 -995 189 -358 185 599 
347 476 -537 524 -198 -235 418 -498 307 116 337 -1074 1184 -28 1397 660 -452 1312 -564 339 663 561 -883 -89 -572 -1029 -515 -272 -1025 353 -118 -1175 71 1210 1608 1091 573 -366 -261 -1550 1152 -2151 795 574 -379 989 -1067 535 -177 1228 486 -374 -196 -208 443 -1127 -633 -67 63 1486 -827 489 -1223 -342 -279 690 11 100 -804 1842 -573 212 -892 235 5 -952 792 1081 181 -979 -279 -302 1994 548 1906 789 933 -223 -727 686 -25 894 -264 258 50 446 -126 -171 110 576 -1247 -388 90 415 35 -350 -480 -861 970 942 -778 2316 -538 245 -7 469 -31 903 493 -1062 -108 -640 -300 231 1654 -564 -602 776 478 737 -1377 -385 1595 654 -194 -202 -506 1504 621 223 619 -660 216 -376 954 115 585 -389 -126 295 129 937 -704 -82 1252 -206 119 653 -1913 1721 -862 -393 489 -629 502 -695 216 -905 785 911 -581 -1488 -393 -79 282 -445 -50 726 1244 -556 466 1220 -320 -223 -909 -383 1355 -181 1025 -514 -286 -1185 464 -848 464 -1285 354 -1104 -443 -893 468 -167 20 -618 -1131 -275 -539 -577 -527 877 -1225 73 -648 -130 229 -178 -320 -472 -156 1565 1054 931 -751 -360 -523 -2131 -1046 -403 -336 452 1378 -227 -37 388 -122 -591 328 -70 -906 -514 -1066 348 852 -155 195 494 1679 -294 367 920 -440 138 450 507 -128 -671 230 518 -840 665 1016 179 -490 1 -94 -953 -1623 975 419 287 236 -770 -205 -528 -95 1038 -797 -1223 -213 -968 -231 615 1278 -847 -273 -484 142 -270 -240 -267 -1337 771 594 152 58 83 1179 -544 622 85 -782 -1411 580 -793 1349 -1241 -877 -2167 112 42 409 -1025 -767 103 -1201 536 508 -797 -303 1034 316 2069 532 42 208 352 -1033 707 -888 -383 -23 -1296 58 852 1013 -567 -45 -1040 155 57 586 1053 261 1192 301 -405 1268 179 818 4 -373 -910 -923 -445 -1599 303 174 391 138 -678 -669 859 -288 -540 888 -9 -154 -1263 -1480 -137 -88 50 385 -520 310 35 -178 356 1004 172 21 298 630 353 -332 1361 -440 374 562 852 -381 770 237 60 -68 -26 705 126 1029 1003 
874 -577 -906 289 774 1662 -984 -386 -553 877 -1398 -555 -567 504 431 -395 37 -955 -79 -201 939 412 448 -1301 569 -260 -178 -586 -507 570 -1214 141 -360 21 752 77 -772 640 -264 629 -1625 -785 991 2 835 1171 15 -249 -954 -67 1462 -294 40 -80 -155 -448 1493 526 621 -165 59 -827 255 -693 978 1100 455 133 199 -288 355 -184 215 -694 -588 -311 -729 -1450 2312 -172 745 185 760 843 1063 -826 -567 227 599 511 1160 196 -163 -26 70 1250 -305 -301 -292 -777 574 156 562 574 424 -152 1212 1528 -392 713 -9 -567 647 -131 193 153 -881 1019 -250 -849 1 1265 -122 -780 -529 25 103 147 1104 590 115 1712 -616 430 629 855 -514 623 -998 925 1018 1299 497 238 -554 1097 535 550 288 621 -811 112 -428 315 52 -245 -864 167 -834 -1749 863 326 -177 -1077 -826 22 -261 763 -315 214 77 1041 -521 -1514 -96 -1588 402 454 -824 -629 70 -207 413 707 247 -377 228 868 344 412 -963 880 304 64 1329 -201 -1834 287 1426 -365 289 -1033 776 -335 -967 569 -10 -640 417 997 509 477 -1021 -581 -1663 394 281 -791 80 -8 -1803 374 64 688 509 -26 -699 1105 810 -146 -17 306 -98 186 -350 -1521 -1227 -1177 50 1210 530 366 -922 471 96 -599 1515 -1220 254 -19 -209 -1210 942 276 -948 51 962 -113 -521 153 586 -459 211 -1105 -1129 -750 661 805 -921 121 1813 931 63 -384 -824 292 -41 743 -740 -899 -1303 -130 -1436 -1233 93 -1000 961 -481 -34 1027 -447 -573 950 3 -740 -391 141 -102 -32 599 -375 433 10 335 404 -85 184 -639 -1433 1306 -92 -162 -1465 532 -599 152 -435 -385 83 391 446 -423 13 49 -1180 849 -683 760 1744 -255 -646 -690 -457 -572 33 -158 -65 -525 -1144 -451 804 -753 550 777 135 -848 -107 -51 -102 -213 -959 411 168 380 -1521 -224 -387 -104 -761 1129 503 -357 345 24 -1136 379 408 1007 614 704 -1195 568 234 346 605 -442 58 1074 -242 -180 -803 603 881 -573 411 271 147 -250 -84 -589 501 -321 -432 -999 307 -394 12 124 47 -76 
-440 131 208 -60 377 -721 366 -1 -39 -1012 671 -148 -906 396 -297 520 -797 975 -215 -422 -216 -120 896 -24 -40 -250 -209 389 272 -90 973 -591 -720 -813 -980 -585 173 -564 548 -124 -190 -260 144 -1675 445 -14 -94 -92 -390 712 360 1222 335 -239 -333 -41 283 -1370 -17 -491 -774 1069 -1199 176 -1009 271 -16 387 -908 246 -93 1042 892 -1017 -881 928 -912 392 492 -1529 897 896 -1115 -760 -1173 -307 563 -25 -1126 363 -543 194 -561 479 48 -924 -555 -1452 -25 489 -252 739 -832 -695 -472 766 -380 1825 205 115 -1057 -738 -130 -193 -79 79 6 -1016 1436 -575 -255 480 151 614 179 782 -128 -311 -1544 -1423 -243 -273 251 606 121 -767 945 -571 438 -127 -1077 -361 -666 858 1584 -783 812 -1553 9 -427 675 893 171 479 -674 898 244 318 211 724 13 -242 491 56 -284 -58 501 500 -376 537 -234 -2186 283 358 -1966 -68 -425 34 -207 350 748 -143 50 -254 646 17 -820 -620 -979 -639 1132 -281 1307 -293 750 895 1012 -1148 -393 660 -220 1378 -388 951 -958 -1781 -1531 74 522 341 98 22 570 -1318 -754 866 864 -215 -1067 29 -1081 1072 -1412 46 514 1154 1635 250 -686 -151 249 1047 -760 -533 234 -487 12 -897 1353 779 -122 77 350 -667 561 266 -188 588 387 -121 216 -1332 81 760 683 344 -473 -753 -897 78 219 378 -126 249 -24 -62 -306 -1330 -753 1074 -311 371 269 148 450 -1243 289 -168 -175 -3 1413 1322 -827 718 2039 56 -600 359 383 1468 1358 228 -261 -581 -501 214 343 -711 1142 -723 -334 273 749 1685 -402 123 33 -10 788 -1323 881 536 -1401 218 626 -587 -1382 259 1600 703 204 -548 758 540 236 84 -905 -1182 592 622 -2 147 -1591 11 495 644 -145 1028 -163 104 18 -765 -340 -954 964 681 -75 -587 -301 -1519 -1336 612 602 945 433 -258 -866 -1117 245 1477 -1044 -59 86 -822 -344 -1177 -261 -224 2404 -567 -779 -80 634 -764 -863 80 1262 -504 -252 377 1305 122 -704 -16 250 941 -400 -1303 -501 -416 -443 423 -354 -756 -432 -639 472 -42 -1022 -352 
-237 -244 -1085 -1344 60 515 473 -837 -455 435 -321 -417 1154 -843 793 -582 178 586 -1376 9 79 -710 150 388 1012 -94 275 -290 -303 -865 -1189 -78 -378 776 441 -351 915 -445 203 186 347 -855 -773 301 -542 -16 -425 437 372 286 311 548 814 -23 -721 -802 663 762 -737 73 -378 -408 242 -372 299 -132 -782 391 -474 -775 702 -144 -719 561 94 765 -175 -943 -923 -23 102 19 -486 874 -495 -410 -703 -81 323 561 -56 636 -864 -92 -168 797 -278 181 -1374 -30 -139 409 -304 733 367 147 818 -704 989 548 408 1482 -1062 818 170 -1180 -70 511 416 -612 943 313 356 -381 45 232 452 -1747 514 839 43 -873 -242 97 715 -970 -47 195 -486 173 11 -130 973 -932 -550 607 -182 -254 -816 -656 -275 1905 107 -1022 145 239 -756 -463 -3 -146 -411 623 -909 -68 857 764 559 -1049 -1734 738 -172 -718 -398 445 -72 -110 -653 -649 67 -305 735 -1616 842 273 13 551 -1306 831 319 -607 230 372 427 95 196 -280 694 -250 300 496 -851 631 -105 -1252 572 118 458 800 389 -1267 -576 414 -20 296 472 1334 -439 -352 -57 -586 -209 -202 -1747 -428 -739 -108 271 -184 199 -709 -1219 1006 -1712 246 -935 506 -372 -1046 598 -15 1086 -322 -118 -124 1279 293 -293 -432 -697 157 -95 -301 412 17 233 -568 923 -235 1570 555 30 928 1319 -865 725 -1072 -53 -776 -99 684 271 356 918 136 611 551 297 331 305 187 19 22 465 -695 162 -520 -48 801 -346 295 811 -574 -653 1017 -1329 -381 216 -550 -1502 -441 370 509 804 -764 595 302 65 343 -392 72 -770 -910 -721 1228 83 -150 -227 -320 -1185 902 343 -518 -1924 288 -139 827 433 416 76 46 -583 -521 637 -639 -778 -523 64 -732 758 1843 -1160 -711 -898 219 -837 1335 -725 1740 469 853 -512 -316 -1436 -540 1275 -629 -839 1237 602 509 778 -1005 125 21 -32 -507 1036 28 -301 -1258 452 -710 -296 989 -674 -513 897 484 631 705 1712 230 703 -121 686 -1 675 199 105 -298 -544 -288 326 -38 571 1213 157 255 -710 406 
-737 648 -139 -227 680 -512 751 485 -405 -1119 1087 671 -1039 287 -277 154 -596 896 -78 -1757 -172 -1523 853 -269 108 459 -342 1173 913 -864 -292 -121 261 -100 -626 1164 -63 -384 358 -1212 -269 206 85 -8 -138 -572 1656 -522 768 -133 163 601 -305 277 260 -1966 -768 -72 -838 -1359 -1371 -995 434 98 492 -238 -846 843 1088 86 -1201 -1285 1407 277 -893 -198 -995 -1145 -85 -246 66 -104 -1351 882 -346 -221 412 -283 -65 -598 -277 308 -1020 514 -451 1901 -528 -199 -897 1159 1236 553 707 1261 1248 -350 400 1250 225 422 -347 -826 194 244 -877 1520 -444 -376 175 1088 1484 2204 -25 459 737 1009 430 1033 352 -367 -1141 -17 -918 -329 -489 342 1040 -96 -175 -346 34 307 405 -72 -1906 79 -906 182 -340 465 -62 561 -392 -1143 -325 1299 -567 72 924 -561 -606 -461 415 602 342 -262 -1195 -450 783 241 663 -1529 -126 242 -73 796 149 -359 1058 -1411 -651 -766 -729 -741 -599 -65 -852 818 -472 -638 384 654 -1551 695 -172 -126 451 -810 -972 -269 601 -205 -772 1024 -953 -876 -416 -526 -228 -12 -226 354 61 -380 -299 931 -621 -458 342 -478 -56 -903 232 -582 -510 -777 -179 1423 -945 -12 -140 -155 -800 -1031 -26 644 -1325 1308 -667 1824 1244 -2017 -1126 -718 -34 691 580 -913 -813 1 184 -370 -184 -1271 868 588 800 228 -68 -692 555 41 -77 -623 -96 640 234 -525 254 -791 610 578 132 876 -1107 295 461 47 600 -158 578 -717 -240 -757 -963 749 968 -1016 102 122 -615 448 339 288 91 348 299 -522 479 523 994 -465 257 931 539 812 -46 162 533 316 -1095 -153 506 -710 409 189 -833 -347 255 -1213 50 -151 650 -157 644 -794 196 473 -736 -997 379 566 -106 -1001 -107 146 -851 -936 220 1792 23 -166 -1489 -250 -922 57 -1226 -398 571 362 682 -901 -129 583 2146 290 327 313 -352 424 676 -100 -571 -534 -347 -649 216 -691 423 779 1568 -25 -940 -520 255 631 -8 -225 343 -785 267 -597 -331 703 877 -894 715 -371 280 -396 316 -877 -319 176 -381 200 -1817 -305 -841 1090 
166 555 327 1019 1036 792 -192 423 -383 -341 -104 -950 -117 -986 210 742 -719 -239 -352 -380 -1041 -237 585 543 357 -687 294 -893 -111 907 963 1285 463 -74 -95 -93 250 -182 -84 356 898 -643 -1022 -560 -574 297 -386 34 -337 990 988 -438 264 -307 -362 -240 -323 -430 -891 113 931 453 477 -1734 -86 911 48 852 652 356 136 511 45 53 -523 565 215 1018 -578 918 19 415 482 718 690 1033 11 -779 696 337 442 -549 146 -1098 136 -480 -241 1097 -1286 108 -739 -428 375 -390 212 926 -599 551 397 -31 1059 732 -536 695 -563 -612 5 -659 89 320 -517 131 396 240 1411 -117 -1584 -194 -692 -269 -316 -1083 39 399 553 143 -772 -2000 -360 610 -599 355 1480 -492 -281 -922 373 -1099 -486 376 1369 3 196 1461 210 -187 -358 122 1265 -388 -20 -421 501 245 -196 669 -203 410 23 -817 1051 701 494 1035 -504 195 327 323 1011 -488 -296 -886 1563 -497 609 767 -223 -553 -726 -802 805 475 311 -120 321 487 611 1061 -429 612 -981 990 -20 136 -179 -294 204 1051 1522 -489 282 1560 1217 752 490 -886 224 610 5 377 1150 612 -59 371 -777 291 -332 -1237 -1026 -276 31 877 713 -160 453 1019 313 1102 444 45 50 1032 -958 -98 893 -489 -305 -907 1523 -1198 -334 -759 -1351 746 -904 1032 423 1449 -209 812 941 -966 -333 169 845 -546 -696 201 21 574 -233 86 235 1118 87 750 -307 -1007 -425 304 770 1293 102 1365 171 24 -39 -388 -138 458 496 794 -327 120 1143 272 804 655 975 -567 466 27 -153 435 -278 1217 -820 79 -410 -1193 -163 1263 -7 -207 -647 608 -1217 31 -801 -872 533 -284 -1423 533 916 -1031 460 -500 120 -301 -721 912 591 502 13 -799 -281 -269 -136 374 147 964 553 910 318 -1034 31 -241 881 442 981 73 343 733 -71 809 -1145 -1507 47 -880 -2156 334 -585 1412 872 57 239 -633 -302 -1151 366 -775 100 -154 424 381 301 -441 550 998 38 251 193 -866 -795 -314 -346 -1528 -1094 -61 498 -110 195 -1327 478 -23 -1008 1352 547 -60 
1151 -62 109 30 -959 1320 -1318 153 -776 290 301 -728 -20 -5 -926 1292 -977 1059 -1231 229 126 -93 -952 188 156 1129 -964 -272 -325 -1569 1054 -515 126 425 247 343 339 409 62 -664 489 517 1038 -177 -427 -776 1010 93 -192 -1281 -74 -495 -1546 549 -394 492 155 507 -399 644 -818 1442 263 456 -1811 220 -784 271 39 -935 436 20 -107 -1203 -1263 1237 796 398 272 726 1101 -309 389 -1453 -854 1242 -458 -1449 71 35 408 -403 -476 610 -345 -584 756 542 501 -133 -192 -524 -650 -453 -558 -766 -782 177 -684 1150 565 -969 -673 -230 -684 -368 -1260 -198 935 -219 -1501 -914 -339 1576 979 130 658 636 -958 252 1115 179 924 -1288 1571 565 742 337 -110 389 -431 915 -212 -1341 98 506 -372 -598 -245 699 441 -371 440 79 550 186 -810 -554 298 166 5 -102 769 937 -130 -54 536 276 228 279 -1526 -291 833 1257 884 303 -742 139 2008 -330 920 -1865 -811 -1348 -175 1032 1093 242 -102 -141 129 -303 510 692 1299 366 696 476 -622 -275 -248 553 2085 -554 456 817 -752 286 1744 -11 -337 -177 601 588 209 -268 -1308 -636 464 -672 206 -1510 520 263 122 -69 895 -468 -513 -537 829 576 -1257 -216 -578 33 -100 482 -528 -259 317 157 945 -245 674 1197 262 -1741 448 -428 -441 -686 -319 965 -297 -188 386 570 -550 1092 -88 502 1971 -1405 909 -930 506 1948 -229 424 627 -139 -769 -205 329 -749 -571 -434 1599 -634 -132 308 198 -72 -791 -438 1488 -354 -14 -1008 -1004 586 -254 -485 1742 557 -71 566 -668 -391 -564 49 1120 330 177 -212 -1216 -693 2 811 125 101 996 1140 -201 -41 240 -198 360 595 647 -714 768 -131 -160 -842 -529 -675 -419 82 158 994 704 118 47 0 5 956 887 436 509 519 -302 915 589 -756 302 359 40 118 -120 106 199 -51 -306 -77 -677 776 71 -199 306 -313 63 879 772 -646 96 350 -221 -463 1250 115 -225 486 152 733 348 -221 764 -136 -408 -238 119 130 -582 157 -887 462 -1551 -54 1012 -808 -388 716 -28 -1739 86 -330 177 687 
1662 192 414 -744 579 947 -1356 546 -144 -728 552 -806 1277 -271 651 -92 -98 -1399 -371 32 -1083 -495 -292 -571 -197 -558 -1014 -516 -241 609 -329 656 -256 555 -181 231 81 214 392 -58 375 77 670 347 1371 -1242 418 -536 322 -700 448 1191 320 1214 -231 -625 1308 -221 -549 -357 -187 -627 -1118 -747 554 951 -484 596 -573 368 -121 -258 -272 5 696 -988 -654 -251 193 218 1176 -655 947 -219 611 -738 -533 132 -382 -405 677 172 -147 -316 787 172 -320 -740 -1224 663 -750 -332 70 -526 -970 -790 -735 133 639 -161 266 717 1005 -109 -178 -274 343 692 387 180 221 -726 -751 217 -829 -529 396 -15 669 -562 -259 -1134 -42 755 86 61 573 296 -148 63 211 1028 55 -430 264 729 -1278 -234 962 252 -262 1177 252 564 -804 -17 -668 495 -452 -765 429 232 21 -1013 213 822 -71 993 -1107 173 343 -2312 1098 -963 -2417 -552 -642 672 -423 671 -450 -305 -282 1201 -225 -559 -272 -221 -930 652 -633 -1696 652 421 495 386 342 784 703 163 -706 425 -279 -129 985 -73 -1121 824 -1414 -1070 32 -68 -1663 -531 -960 -139 -838 174 1030 46 -479 164 -999 -426 -583 -122 -343 860 133 -1318 -583 -960 -404 -553 -44 971 958 -1471 394 -52 -911 -1266 241 -602 199 142 1721 94 -557 1868 649 1890 -166 -480 154 -1050 709 389 1348 153 591 366 246 10 -655 29 1664 -486 -762 1017 35 422 388 1511 -1733 -395 586 174 -173 -988 97 807 -776 1225 438 -427 834 28 631 -329 337 79 804 87 -683 1137 -204 140 -145 -66 796 -19 706 -683 -9 152 23 -1199 811 -507 -692 -777 -293 124 -256 263 1528 -101 -1391 54 -235 -939 -656 -667 -464 -1019 57 -53 97 347 269 -8 47 490 372 320 -522 1428 1355 -540 -380 730 -1617 515 -491 -235 -1121 1074 1161 280 -750 -443 290 -467 -246 -1181 1059 -1129 -935 -760 436 -403 -983 -574 700 -180 948 1046 -40 189 -465 -1608 159 662 701 -499 -1461 424 -355 1059 -443 1342 -370 -1118 -719 -515 25 -845 -67 -1927 -840 -28 -26 252 349 -239 -75 -1098 -236 -162 
-1526 534 1373 810 -1311 1618 -801 1032 -1788 151 -33 -1044 -147 -234 -568 -46 37 183 316 1256 1120 217 18 646 -1232 -148 -1420 287 -218 1152 287 -1288 489 -39 430 -232 -219 -713 -515 1407 127 -92 714 -368 539 719 -129 -442 -427 522 32 562 -783 721 -359 404 -478 30 554 -118 215 -163 419 -519 -1752 1011 -1441 963 220 -583 -533 -797 70 49 1009 -726 785 1060 934 619 -1094 258 384 788 606 886 165 -1436 -83 -382 -637 -549 317 -1060 -400 -1620 500 1506 -113 -1402 -811 681 627 670 120 735 -1693 160 -568 206 241 -596 86 731 813 291 1274 -514 330 72 -836 925 -496 1240 -923 119 -1137 -371 -667 348 -590 -738 1477 -1499 223 -659 -167 -540 22 369 582 -159 1153 -581 -782 -1183 -944 1200 -1090 1236 111 -1277 -698 329 -582 81 268 755 81 377 852 1108 -593 120 -608 -728 -375 -342 -202 549 969 511 -431 -56 316 589 -297 782 652 -1427 126 513 467 -275 216 -866 -593 -23 -118 -192 -1428 -29 828 -109 271 -2148 -225 1217 -479 -331 -558 744 424 85 -769 1294 214 -1073 130 310 927 766 -433 2085 1527 -2255 1403 1489 424 -455 1613 0 1004 400 -432 -470 -1112 1608 734 -1137 -1124 506 -1135 -771 201 -434 -541 -399 -844 94 -439 -488 1114 -846 -340 157 -478 357 -33 -5 497 96 131 455 17 256 -246 545 -1889 -51 -988 -341 205 -207 -803 -875 -27 -128 -136 824 1158 1036 -84 -352 -934 -276 982 71 -314 55 126 148 1331 -285 -617 510 -139 866 435 321 -1177 205 107 -1239 -36 104 65 243 -1019 388 -116 978 681 70 301 -997 -1517 -745 518 698 543 415 742 -1214 -465 -221 436 -444 -432 156 -682 561 902 413 -545 263 663 376 410 910 694 -444 -125 -885 -133 -786 -176 305 14 -7 -1074 163 714 -59 -726 -74 -326 276 -237 -706 391 -194 -577 46 97 3 -565 -396 -17 -247 107 -46 -1222 -116 208 -1001 -399 284 1130 -298 -1312 -1472 1151 158 170 -594 563 526 -160 -211 -208 -2122 748 39 1066 84 -700 -218 -305 80 542 790 -1143 -461 -13 -375 -222 -253 -206 -354 
269 -158 -223 898 -210 -2347 -735 -128 890 -1196 565 -300 934 691 735 -1449 -361 304 1152 929 -846 -1422 -932 647 -1145 -312 482 504 -632 590 1163 117 -105 -719 -1473 -1038 -623 -636 1265 295 566 -1626 -56 141 269 -542 11 185 -520 -616 2013 -684 1493 587 667 -497 66 -35 1079 70 -236 134 97 -48 383 875 -1495 1312 -916 960 24 -600 867 646 -1569 -497 -630 1710 1115 -511 255 181 -746 1577 173 -254 -1505 -487 700 1102 -667 -1060 622 532 -987 -746 -321 1291 524 1357 282 -414 282 116 -59 417 -535 -1232 -1018 352 474 -606 1361 -289 521 857 28 991 -756 361 -1202 343 248 -419 744 -82 877 524 269 -456 548 -406 -259 -74 497 1506 925 1241 356 -783 914 -615 -939 -994 -140 20 101 -1623 -943 -221 -1214 -862 -250 1248 -954 -320 -329 -1051 -539 -1627 -411 -460 -727 -680 521 -887 239 -1085 -676 -1274 300 712 -341 -644 398 -444 -226 235 180 1329 164 -226 493 544 -950 1309 -379 242 -261 804 -1732 332 -232 1134 -1795 155 771 252 407 -378 -273 681 675 212 -243 272 -394 -188 -801 -636 -663 147 -214 266 -1418 -218 -610 -913 573 843 -415 1326 -297 287 1073 -2312 -173 -823 -259 -872 308 -542 -84 276 921 -845 853 -786 514 566 -1310 -1173 -46 -964 -122 -127 595 -292 -696 398 448 -341 109 -2076 320 -178 499 -401 -1029 -1266 252 872 -204 1067 -604 278 -531 1138 -856 -294 1578 683 -142 136 192 -560 -1498 278 -639 -764 142 -436 900 -142 151 292 -888 904 -1357 -91 1020 421 -743 -293 -477 759 -471 700 934 2016 -503 748 479 -85 -1249 484 -416 -958 1011 484 -1014 -791 341 -1270 -758 -732 594 73 -2118 -370 415 -351 417 448 383 296 268 60 13 -2007 -580 -313 -275 446 202 -216 337 -4 792 -374 -646 -1198 -268 -1587 -945 368 -637 -445 -5 603 594 296 254 744 234 -429 243 455 -44 -1182 -479 176 541 -1150 1578 54 330 239 808 1329 843 -566 -697 -1 939 -1637 -110 395 36 835 -423 1487 -974 276 -377 -463 57 738 278 -643 24 -321 817 -429 247 345 915 10 -110 -387 
372 -821 634 -614 -478 806 -854 -799 -107 459 -370 -605 -799 182 -183 -531 -141 -568 743 -62 18 371 32 255 -168 -114 474 1620 377 -936 -1203 465 -291 -105 -537 -623 774 237 113 -710 217 -338 -490 -910 1377 774 1888 -960 208 -281 -75 1108 883 580 -1462 976 509 -735 109 623 960 -204 -739 183 1446 732 -21 323 1009 39 -245 -99 -238 118 585 46 -1744 -498 -914 -44 308 -802 -762 60 -873 97 -115 -709 -1489 755 -295 -56 1051 648 253 1091 -473 988 -591 -108 977 -2 -433 -193 1001 471 17 399 -1180 291 -547 667 -1126 556 17 -455 -374 162 421 -328 209 83 1132 489 330 390 -19 1477 -912 570 99 -609 -522 1139 -908 932 -143 1225 140 1112 -365 573 532 93 307 -1258 -118 198 661 1047 -387 1344 567 72 942 566 298 -122 369 361 314 -31 -645 1512 -807 567 -7 263 50 -600 522 -111 -488 -1081 1105 -630 474 -638 870 -205 -1037 -939 320 -686 -425 303 -511 403 290 -672 550 1326 -1683 536 632 110 342 554 -427 60 140 -587 435 -374 -222 -131 -814 693 -406 -238 -264 296 27 -611 1120 272 -467 -1914 991 -664 -547 1523 343 -814 1134 -1 146 473 -192 847 970 63 -556 -1472 -2 -21 174 114 -982 2040 549 -372 -177 -317 195 222 -1180 433 -558 -523 1854 -670 -916 1140 981 553 -991 875 442 -835 562 -55 -149 766 287 1307 1293 693 -736 30 98 104 561 802 -711 -307 -37 989 1309 726 505 186 -947 -315 -498 -808 1004 234 1593 -524 329 172 199 -136 -260 262 -729 -38 468 -1335 1459 -809 1025 -256 1035 82 -296 627 472 765 182 -1130 -941 47 1767 -836 -130 234 316 715 -750 254 -364 222 -282 -266 1014 -1249 1078 131 95 -824 968 -886 639 -533 -1068 -779 64 537 416 465 -687 -345 960 -476 -2126 722 -1039 748 1304 -1372 841 893 682 834 -896 694 1049 34 -449 190 -554 -305 969 -322 -1287 426 -56 989 459 -344 923 -1011 -1533 -361 702 85 1760 -982 577 603 -890 -75 -352 423 1137 -204 972 -615 178 -183 -1645 -1344 -1089 350 -761 1257 478 -115 
284 143 -351 273 -163 -360 1548 -1079 -530 400 358 104 -95 357 1106 -531 -705 529 162 -823 -632 858 887 -346 558 42 300 -511 -72 131 502 -287 -341 -233 503 622 516 -1273 879 1202 -664 974 -245 -625 -288 -417 -1287 23 201 130 -655 593 1525 -284 -246 -1057 -278 -526 25 -760 738 104 -650 1469 -450 -1709 1020 -744 486 173 -178 -8 -722 192 -125 -183 -341 -18 -1191 185 -72 -7 -805 621 -1537 334 -1034 668 -382 -520 -725 621 -666 165 -1408 556 185 -638 638 562 -509 643 88 -319 389 -2246 -262 1220 -997 472 978 -971 238 401 -724 449 1112 803 572 628 540 -501 -655 -227 776 -1693 -75 886 1376 2138 511 -370 -896 273 -2163 47 -271 563 -51 -1893 1482 -1083 179 805 -690 209 -1315 487 1327 -914 -1296 230 -992 -356 2367 1409 -191 831 106 -719 6 -780 533 -442 74 -1123 1215 915 644 13 -352 -23 226 -451 169 -1358 512 195 -2149 866 -546 975 -333 109 -950 -940 1180 -682 275 13 692 941 -466 764 895 1082 85 -896 650 382 729 1014 -268 1773 -1781 -1241 141 -569 -321 1756 -1339 -643 -435 271 -608 1844 -773 -574 -100 771 9 -52 -878 -729 862 -914 -49 -13 337 811 -518 -720 730 382 269 454 33 126 -28 -782 179 556 -162 1333 170 161 -42 539 -632 -297 -952 -566 -251 -326 -1312 -398 1393 -1332 -970 123 -162 -560 889 480 112 -1250 1662 -262 696 -258 782 -699 -555 -464 26 -211 1122 431 429 -7 -1624 -841 317 -1138 -1152 619 486 -241 1634 -734 976 -446 -664 -189 -456 544 -525 -216 -905 821 -247 630 750 -1169 -613 556 152 -472 449 777 -857 657 -846 65 -133 848 49 -812 1395 -678 24 851 -809 679 -254 953 138 -996 -480 743 268 554 911 -580 -702 45 81 -1047 -163 -1032 -102 678 -515 1224 -781 192 -282 379 -1090 -49 1073 -333 -1071 -1086 -510 55 1920 867 -766 127 43 -181 -90 -474 204 -136 -138 -681 430 66 -623 500 -373 756 548 329 981 -498 -401 93 -579 -793 -199 201 145 146 -183 215 82 1347 -801 1615 860 -53 -225 -492 238 -168 -93 1224 
-163 936 153 144 721 546 120 -235 596 529 118 -188 105 -368 739 -423 121 -137 312 307 849 -233 662 -75 256 260 293 207 670 687 182 437 -33 -528 -1353 -174 776 841 -363 -358 83 132 -682 -1290 297 -998 570 -1346 -1208 -518 -945 834 232 -123 -184 -1726 640 -1087 -893 -86 839 -454 437 347 -447 96 -571 -112 990 -441 -524 -469 131 -158 883 -541 205 378 -1222 -237 61 311 807 82 -166 -758 -893 173 -192 -1163 -255 -1031 -592 -286 359 1098 -130 -1385 -1563 1152 262 438 1011 386 -443 271 -200 -324 209 -598 -291 -94 -188 639 513 890 1372 -1322 -1303 -710 264 -84 -1061 -549 140 -410 -97 540 595 -335 1245 443 93 -852 230 -305 -1345 300 309 95 1463 -133 212 489 -174 650 950 551 279 -542 1156 711 609 -1319 -1018 690 26 466 932 -1219 -692 -855 -335 619 110 -392 -1289 -152 1377 -259 -238 166 864 896 -197 -349 1243 -251 -947 199 -1014 -411 374 280 238 -969 304 -648 -162 -463 892 176 873 -496 11 -724 142 435 1773 -19 921 125 876 552 -270 -1181 -434 -261 495 -645 -1325 102 -661 -821 -298 -739 557 424 -215 -340 216 254 95 -257 578 1295 -60 -68 223 837 -63 -728 -205 -498 293 -247 328 501 -309 -653 1743 -716 -19 -921 -189 -897 773 -238 407 -61 -847 -528 -214 -38 740 -1129 -100 4 1072 -33 -112 -279 933 -702 -597 690 1156 -381 36 106 -250 526 -696 -713 -757 236 -381 390 829 -339 467 331 -1480 -847 470 342 286 561 253 778 307 133 -91 -290 288 -863 -8 -1125 56 -298 95 739 -100 -286 -331 -395 596 553 -476 274 -151 -649 1148 -461 656 -463 340 514 1163 -333 273 -844 -81 951 -578 -87 -221 -1089 -508 1071 -1227 786 -817 -125 -311 -984 -243 -71 -100 576 -302 -215 -216 850 774 1129 -1038 -537 84 -416 -499 861 -282 -793 -993 66 895 1325 423 -491 325 914 -703 -782 -377 -40 684 -215 220 397 493 -692 -441 -372 -442 812 1283 571 -844 221 -467 55 711 -536 -657 -1106 231 -142 577 -292 -212 -952 -1061 -375 -335 -201 1089 -1116 478 1400 
250 370 1220 -159 -722 -503 145 201 -1012 1056 -895 -529 -473 -480 -1038 -41 -149 1305 381 782 -271 20 -686 -530 -1436 305 -1708 1856 913 54 87 -191 623 -1439 337 -638 -302 -26 -957 -184 439 -111 -597 -409 1052 372 176 351 22 270 748 -404 -1407 857 143 -742 -700 1321 -286 774 770 365 558 652 248 21 -468 -1615 1074 -2018 -663 -288 -609 144 238 916 -539 1487 100 -1299 -109 297 453 673 191 -757 -711 -656 797 -1221 1019 955 -562 -176 569 53 -48 -449 -456 -577 -854 -1227 451 -909 510 -513 -402 -345 -542 -1407 -118 970 1370 -108 -745 634 -1470 1357 761 2065 -867 1549 406 -625 -453 -484 1133 -657 -360 -185 -572 -529 845 610 -798 -1533 -864 385 -501 957 573 -260 361 1291 398 -701 -1426 -6 -784 -1052 1032 360 -530 -765 -108 1235 464 692 627 -208 48 580 218 14 -652 318 -1675 565 -285 217 -165 -127 750 -88 -876 -749 -332 382 -658 402 -1049 -1818 1121 2326 -168 -948 -1752 358 598 171 950 -378 1004 -418 -780 123 -803 440 -830 -1207 372 254 -643 -564 0 2443 94 367 272 501 -663 -104 -393 881 -498 219 312 -646 -139 -383 -1106 -845 465 492 -1073 556 -1216 1477 -62 -394 -157 203 949 -433 733 -173 -26 -609 1252 1313 41 -636 -299 539 740 954 -798 928 141 581 694 1304 646 -346 -731 -822 -1012 -614 1068 -1133 465 -302 343 612 1270 -341 -836 -162 -121 -669 -707 -38 -555 -1982 28 795 749 435 140 1107 -69 -204 1350 -1149 -198 35 -1516 435 -480 -776 866 -881 1009 585 -535 -291 197 1 -1483 50 393 143 -65 -37 350 651 1693 -667 -109 184 -860 -1181 249 -581 8 364 93 559 759 1148 -303 488 531 -134 1703 375 46 109 -7 -262 -262 -582 -323 221 419 -1118 208 1048 -1775 332 -18 -300 42 265 320 -1141 113 45 -1272 498 764 -960 200 1055 507 -102 -1493 165 -491 12 363 343 451 19 -1152 803 -185 -1563 647 1460 -2110 -430 548 -709 -320 -1278 505 162 -156 1137 -240 2124 1064 -34 -2 -19 -728 25 473 -520 1178 -623 66 88 -335 635 531 -1437 889 -1125 
-1314 -880 617 -78 169 313 848 827 -1079 -1579 -1563 -542 -359 429 353 -1082 152 214 234 1055 316 919 -228 -129 -1265 -1332 367 867 -1568 277 -1010 514 -1091 194 -143 492 -682 295 -54 -1031 1387 731 -167 -820 -322 -96 580 724 -439 287 798 212 351 -544 528 686 606 137 -1173 339 -498 351 -74 -815 312 759 -664 690 107 446 -169 169 567 93 -147 401 -454 -296 -420 -1092 -59 -261 -937 -430 -440 -178 904 -934 670 399 542 1203 -1250 -11 -81 -812 -455 -130 -731 719 1084 634 -164 1048 -516 -1078 -1543 -241 -1080 -303 454 274 -1232 746 -2152 -516 1476 366 431 -1235 -1026 -261 -705 708 249 219 -1283 -1465 690 376 333 1023 875 -620 145 -1202 1594 -721 -259 648 -316 162 -521 -322 -545 -393 -150 90 -174 220 509 -1969 -37 -727 -856 87 1042 -397 104 54 -752 893 -659 -428 453 -477 490 -892 443 -168 19 200 270 -842 -354 567 -267 -23 574 -832 -690 -126 358 187 -1207 -1034 -416 206 359 1022 480 858 554 -654 -208 60 -18 65 -165 -451 -527 -7 -125 -375 -671 204 -1412 244 -601 -675 866 330 388 1335 -258 -311 435 -439 -26 654 1258 -122 -1286 -526 -1195 1158 483 -487 2132 745 130 -824 -1073 -1302 767 416 820 -66 -190 -32 -111 706 -202 -566 115 -837 -119 898 -263 -353 -238 486 -302 274 546 89 1166 -1270 -205 -1169 194 -512 188 96 246 -94 713 -246 -189 1669 1119 335 -546 321 -411 -1257 515 590 218 -91 -1463 -181 -750 314 761 -855 -596 -362 890 371 -98 205 669 -511 -1164 -237 484 426 -522 -533 -189 1581 1058 -948 2071 -454 -334 -392 -66 -743 168 27 149 118 1206 -52 -172 261 1534 -1353 -285 714 324 1021 -80 592 727 -1014 951 1163 288 -189 -982 -398 -947 957 476 1284 566 112 -890 530 452 -778 -104 489 400 -151 -480 186 -641 -514 510 920 -333 952 -183 107 204 -450 -324 -152 5 -699 -652 78 238 -705 368 -119 -349 -86 -25 574 529 -273 659 -1352 659 401 335 -1231 175 996 -278 816 -1575 -965 272 866 -816 2499 -779 -1949 354 662 739 658 -593 -320 
-767 175 -285 1218 434 -301 871 -474 201 586 -1507 -182 649 -483 -526 843 -70 -113 1155 -898 340 -359 -903 296 -761 326 906 779 1089 -347 378 -723 371 -927 311 -25 -154 -179 -49 13 -397 1112 329 -820 -98 131 399 1613 -391 684 -436 -1462 -835 -1072 177 -257 -694 -738 191 -775 1397 -1219 979 -1421 -1898 -757 495 -144 337 621 -1213 440 -566 370 1320 -1866 403 -319 -1082 480 -1440 -1089 218 666 -802 1338 503 -589 343 191 49 572 77 322 -1265 -983 -79 -1071 -675 -374 -801 -964 1322 472 -273 1241 -1 -914 1236 -688 -368 1314 -777 -186 417 -1579 538 552 -211 544 -599 398 155 -437 562 2058 1037 905 -143 1233 -729 -849 -1150 -760 -844 -117 1204 2003 -1688 287 -223 -585 -713 681 414 -833 579 -140 -735 -124 -33 676 1501 338 -126 -926 150 -604 664 -662 695 734 436 662 534 -1367 64 52 76 417 817 543 219 58 123 800 -532 -706 507 -126 160 -894 -1016 635 272 573 466 -286 -626 -1375 90 -1609 -1181 -118 -2 548 1221 -66 -72 294 38 436 666 -334 -1255 -417 468 472 893 -148 -1501 -298 919 561 117 -668 81 368 231 -252 -161 1193 -585 -692 -170 614 -663 -950 -252 172 -261 -446 -139 626 -1230 359 -410 603 -1363 186 1137 177 -1182 -302 26 149 953 371 1555 10 428 520 -87 1923 1199 -578 571 417 423 67 -440 62 -635 -516 971 19 -78 -1475 46 382 -1262 188 -248 -230 166 1009 -869 -1010 -348 574 -103 680 1143 604 -2043 707 -178 647 958 -415 -533 -1079 1166 -1021 -1663 -736 -119 -316 -10 655 1232 -1115 -314 9 381 -457 1295 299 600 -832 -343 -459 600 -238 -597 -346 -490 -297 366 1641 743 -246 332 191 -531 -2017 -103 59 350 -562 -359 528 232 529 736 134 -598 -180 -75 980 830 -55 1014 413 -1396 50 -643 1203 -91 -1164 619 387 -413 -389 513 -127 -865 114 776 744 303 749 552 1157 -146 -1474 564 812 -646 -1362 1275 137 -1229 670 -710 1169 -376 632 2097 -552 2018 -408 -1007 336 -335 -664 582 -416 520 32 -1278 -612 -484 118 659 165 81 132 313 -962 
1034 -504 -30 -122 29 1137 105 964 -1369 369 205 -283 -130 -128 761 -282 608 890 -793 -67 1513 -89 -697 -480 37 -769 42 -1133 963 1724 -142 947 -1030 -486 1192 13 -1261 -1762 -326 -706 -646 1149 394 507 -1325 56 405 -528 -95 26 -879 -356 709 -158 -493 -454 175 -690 -1143 -13 88 -1235 -709 773 -488 -411 -734 -1913 132 64 1066 120 611 -1192 -597 1047 -802 522 -637 -12 97 -351 1545 -55 420 -718 -663 1189 831 -1371 1105 -1462 267 -1307 806 -279 -929 -1095 -724 -840 316 111 -827 -332 155 -101 -1539 1136 434 961 991 1358 -1049 982 1188 -342 684 -624 -333 -1003 676 -149 -1164 -162 -1029 634 -1112 -604 951 -646 -207 -397 -255 1127 -469 666 -128 217 -560 42 78 975 797 -41 159 -121 -268 335 69 350 647 -262 -1140 -302 215 1146 458 1464 190 797 -1335 -944 -118 -27 398 -484 -478 17 -288 236 -1287 -813 266 628 -1792 -733 200 661 36 -301 -280 962 290 1154 821 1222 8 -97 -292 -1170 297 1281 1317 -357 408 565 206 485 -66 -327 635 -48 -346 789 444 -1190 -905 1590 -722 77 110 -229 -1128 76 -1092 -688 904 426 -184 283 996 234 -838 -2843 -748 653 -203 -325 125 -1162 -147 70 -272 -187 104 5 390 434 1170 -1982 -248 -515 -43 -1335 91 1267 -572 849 343 515 -963 -903 838 1093 458 -431 62 772 481 424 -937 -487 940 689 193 -529 562 -592 1014 968 -257 1685 355 -105 92 1193 -913 -70 -9 -810 1373 191 -55 543 43 -810 -373 -568 -532 149 -1644 -21 634 -732 -580 1337 -15 476 822 -620 -551 72 473 -159 1285 -236 336 -249 373 564 -706 1358 213 369 308 2018 -640 271 -359 339 549 -77 -72 338 -672 -178 -206 1331 1734 -315 -1434 -214 -362 554 -298 5 609 707 329 158 -41 698 -537 -627 676 -103 1362 68 -920 -1241 -487 -187 682 -727 57 -209 357 -83 -1301 -785 -347 1176 -371 180 554 248 730 604 189 811 1392 -364 -2444 453 1 101 499 -321 1554 -932 -553 -38 718 849 -259 -256 -786 293 443 900 222 451 520 -313 -541 -757 141 -306 -193 -352 
-1403 -386 -85 -690 -23 1190 -2114 -36 293 730 -1009 148 -56 107 -1196 -1452 229 69 -481 -61 112 310 1392 -241 -298 -1049 620 -350 396 -354 1034 -580 -99 -1212 625 -476 568 377 129 372 44 550 387 -412 -246 1919 -652 376 -8 -107 1056 381 -117 -341 897 1314 4 -343 -688 61 560 -135 -801 -254 -89 -1093 752 -698 -503 1092 1655 -383 -855 -467 -955 -535 -7 -924 474 442 281 -825 116 -918 653 1617 472 -270 -739 -298 491 -1382 -442 899 789 -238 -72 33 109 -1488 399 61 -632 45 -157 -642 537 362 -1102 189 -1138 97 -374 691 -138 -28 -264 -912 -551 -1377 431 317 -113 -719 -1714 -99 -774 -552 141 1002 307 -608 167 537 -728 -687 1054 -676 -501 -149 849 227 -1287 -940 1101 655 -59 -822 198 -317 252 -8 553 798 644 62 246 -715 465 -252 1310 -34 467 -373 -596 -30 615 1355 498 -81 -568 -444 326 352 315 -676 387 -254 717 313 114 423 -392 -529 580 169 -182 896 -568 1948 181 -9 54 616 1218 166 386 775 -190 -103 -110 -1532 699 -605 -695 -187 -577 -1199 422 -63 -505 -484 1233 1090 317 1268 1473 -136 1406 -90 -229 323 -583 -1222 780 1317 -234 1042 -930 1292 -697 -2175 -122 78 263 379 68 -148 -1444 1181 869 189 -117 285 -776 21 -1145 1474 -406 341 442 -556 678 309 -335 -83 754 287 49 383 365 1806 387 -166 248 -161 -53 -26 -146 872 -638 1147 -679 -900 263 1249 -16 -374 154 -530 1366 -1046 221 938 -797 906 1081 -5 -503 727 -65 -431 -1369 -354 122 1555 1251 104 271 23 -118 89 -853 209 563 472 327 -264 814 733 -56 -563 1167 1473 856 551 -125 581 -346 -701 -936 -581 -136 -65 951 411 887 -824 1586 761 -929 -24 613 -1760 310 1247 66 570 765 182 947 203 -555 -1597 887 -285 -228 692 -2499 879 102 1013 2354 436 -599 -1324 -361 -209 237 -355 426 163 -1386 -922 1009 784 365 -1132 631 -213 -552 -512 844 334 128 -345 -393 -106 965 -1243 -467 -1151 -1107 880 378 854 -830 -530 1755 242 268 -632 1600 515 -412 444 -665 1172 -55 -6 
100 -362 -418 -403 -544 -438 440 735 -285 132 164 442 285 -1790 -541 881 -926 -1337 440 -703 -150 -556 -234 690 -96 -588 -762 -569 -449 -242 -269 96 475 -368 -241 -1085 250 -165 -832 -164 -735 665 338 -1417 -1358 440 -723 -464 -1461 1151 -472 984 -1182 449 -454 -611 -595 -152 -133 -761 -483 -22 278 1620 1600 -372 -258 -2109 435 397 1127 1278 -1438 522 903 364 47 341 -450 -1524 -303 -456 110 -383 -324 -586 1197 -317 87 397 406 -626 -653 -1335 -261 463 1101 513 868 -729 -682 -406 2098 -812 529 143 -315 -60 -778 -796 -662 136 -1593 -89 -1204 -108 -313 -215 837 -690 1381 63 -1010 -768 406 -802 1262 756 -283 931 -720 59 36 -314 206 -75 149 197 -718 542 -44 -751 -524 476 90 858 622 327 1192 -200 1299 -1040 -1353 1113 166 1367 -575 1524 -396 -658 -164 -368 -38 5 867 908 -506 -9 332 -542 -1656 -163 1046 -315 256 -1022 978 -356 -91 -1268 -350 -809 -317 635 1029 -89 -394 -1029 174 -781 1208 140 -343 -994 182 193 -633 -351 122 -485 524 360 -580 682 237 -109 -167 850 336 -399 -216 -319 -660 -282 75 379 -36 -78 -201 -16 -307 -433 486 -66 -972 964 277 281 -316 615 453 -31 835 1110 696 -635 1211 144 394 -10 312 478 464 -202 1084 591 387 -969 -1127 59 950 -513 -543 -749 529 751 -39 519 -669 -832 -572 -806 150 906 -581 -678 -50 -159 -700 185 135 217 -445 1196 81 568 -49 -1496 -575 -398 -1141 -2343 -670 928 -210 -1242 -119 492 -25 -617 996 1221 1144 -143 711 271 -406 254 -947 257 -322 528 638 -646 403 86 -250 -281 -553 -855 -71 376 -1150 -162 -916 45 109 1254 753 -143 -515 -437 345 517 -482 -1173 -550 -956 128 511 1182 160 -279 -392 1421 518 263 1161 432 -285 1003 303 468 159 -199 -789 604 -402 -129 298 -318 325 -271 -111 18 -214 99 171 1517 238 -557 -250 -827 -352 406 489 775 -310 -1001 172 -1 734 -582 661 1002 529 205 -1549 -376 -1089 -358 -221 549 1160 -1024 580 -680 1039 -940 -507 -423 1675 23 -579 -315 85 -15 -50 313 -1045 
855 425 2297 932 -140 -1190 388 1021 1963 712 -561 311 -1004 -539 -549 -322 -571 -213 -1041 1201 183 -314 -488 -659 -1112 310 439 1148 -1012 -442 -431 -1087 1094 196 891 590 303 -1417 -126 1152 346 -329 421 328 -1227 -105 9 323 502 -254 -647 336 -379 1000 18 391 -2064 571 567 179 -776 -426 -40 -607 -228 -1289 802 105 609 -90 506 225 -1165 300 783 1500 693 144 1005 83 736 155 -156 -1303 -596 -242 -732 -468 -1167 1342 38 -533 -1048 89 -313 -316 841 -336 -574 -810 621 588 39 -84 411 -95 -562 83 -574 -140 -1063 1406 -563 1881 197 2191 1208 728 -959 -423 -206 325 -1024 397 13 305 1074 -1433 100 -981 55 -364 1927 422 359 -513 555 226 -1429 1137 -68 -275 344 -550 -921 944 274 -242 448 783 -217 -356 995 878 -147 -159 359 275 393 725 206 292 357 -1315 463 595 -425 -825 162 -428 -645 -332 70 637 -532 491 -1084 -56 86 709 1497 -1019 -808 -121 -1028 1067 -161 -311 533 450 1752 536 -233 482 -581 47 -970 969 21 82 -154 1032 -319 -220 499 543 -1254 -42 -302 79 472 -739 -364 -302 -1778 270 1243 -738 -410 1052 -561 412 522 -163 -265 -901 400 -264 1046 -122 -66 -272 -1100 -111 1672 532 -611 -127 -305 87 212 787 1024 440 -192 333 -33 -125 -490 -248 293 900 -873 189 -1021 -196 911 533 -473 -172 314 -14 -1331 450 734 141 -339 -30 -443 593 -33 -37 1259 1293 -223 511 1037 -679 -556 -1093 1624 -1449 515 508 641 -1449 -773 658 -472 -572 -801 235 -817 -23 -180 10 681 355 127 132 -1055 -618 -484 251 126 425 1471 133 -112 375 -562 -837 -443 1121 708 -702 -538 -699 38 539 399 -169 1434 -1266 363 -1368 270 -562 91 54 -683 -369 594 -400 -486 369 995 263 -864 -1191 1129 782 404 -632 953 136 994 -920 74 -1380 1057 -300 -75 -161 682 -808 -495 494 -855 -202 215 402 -540 -452 -366 304 482 1143 -251 759 -250 -830 1077 477 1082 268 331 257 -50 648 -917 1474 -1040 -1548 -335 1140 824 736 700 227 167 19 1900 858 -924 268 -96 -336 -942 -889 
-576 -1194 -488 1792 102 -179 66 -565 -129 774 81 114 -73 1485 1260 -1997 -146 -157 -172 -1013 630 453 529 -526 -1385 659 1940 -308 -349 2 -524 1337 765 423 -489 1032 426 -560 -164 618 -624 987 -661 -793 -533 -400 387 -612 696 512 -546 219 147 -1530 -875 -493 130 1898 -53 -614 -256 -183 -567 -174 -710 -49 102 448 -569 -153 -935 -843 465 -212 302 -1347 -766 -167 -865 91 -1373 -42 1228 -585 62 -1242 -614 -670 -982 -276 1 -1002 -617 603 -390 4 543 -955 -802 469 789 -419 -121 72 308 -1504 632 -312 597 -667 1108 -629 -531 417 -921 -513 909 -3 -536 526 -951 -1150 -659 -696 822 -313 -955 337 -16 1013 -565 538 -383 -36 -117 30 37 -518 -1303 -29 733 104 1086 -240 -287 -473 -657 -830 53 -341 611 -7 -294 43 646 1134 -129 -720 1515 1322 188 -814 365 -538 43 -1 75 141 341 -265 1 278 404 -1171 215 -420 551 -105 -191 774 570 348 648 -367 -260 -581 -175 -10 431 -212 612 -710 -33 -295 533 687 29 1093 163 -871 -656 -393 22 -818 -232 -1066 -2253 385 165 530 65 550 -12 -438 246 369 340 -76 -910 -422 -549 -1 -534 -837 -150 -528 1009 -227 817 931 452 -1530 -1255 -1085 -138 196 1475 -476 -878 -774 1834 -1086 352 -285 277 700 32 954 -968 -164 365 430 -242 -935 -844 700 369 -753 622 146 488 -295 1016 275 843 317 -101 -866 -108 -671 30 -196 476 728 -167 529 596 -892 1307 985 -1017 -1173 1174 -251 -83 -1285 431 -1257 1347 326 -561 -161 -109 -50 -591 80 -168 536 1304 179 -574 730 347 -949 -91 -326 217 461 -500 -312 554 768 123 477 358 -1326 318 528 976 493 -693 211 264 -340 192 -1169 137 297 -382 974 49 -66 724 137 268 0 92 -219 332 64 -1086 -325 -1007 670 -629 -242 832 -986 -432 346 -1202 553 -810 -138 -463 783 1254 -826 1898 180 -934 296 -932 -801 1199 -345 -1196 -339 286 686 -310 -995 -948 -1834 -516 227 243 329 -386 666 -296 755 -352 1268 -1151 372 425 -198 541 554 -5 -389 479 -295 28 -37 -628 1145 -658 480 
-1561 -754 694 -1171 -1057 -350 849 -544 -885 996 -703 -532 -527 1357 960 1146 210 -382 -215 -266 -1099 -463 316 147 -329 -17 137 446 -411 199 543 -315 -371 469 -73 -1517 1136 -497 390 1148 1793 -1072 465 -911 -550 54 -617 -574 -246 -1881 -356 1041 -797 -791 -288 72 63 -1224 295 260 1184 563 -579 527 -533 -90 -125 -805 916 -68 -470 187 -1820 957 121 864 1076 579 -1135 -820 -60 315 261 -818 360 -673 633 1058 1279 250 -857 -512 -698 8 -631 261 -90 -801 751 229 931 74 -331 478 -392 -358 31 -1222 -1136 587 -403 -1160 290 657 -182 -1482 -65 21 -940 32 -357 -509 1043 68 -106 483 -97 2 -1388 399 275 687 221 -422 -366 102 253 943 8 -590 983 465 376 -590 -359 236 350 -258 -195 -212 -876 320 -751 -1017 1704 1062 -903 174 860 600 -1377 6 208 -113 -1069 305 -47 377 -32 -180 -2048 294 -665 825 779 757 -1396 353 -171 -704 517 1241 -348 -1384 15 -1501 505 -423 82 1038 544 -41 -148 122 908 461 2338 -2080 2 938 -649 -1566 55 -239 186 -344 550 484 -376 966 331 270 60 -43 -235 -452 -1075 28 1951 -146 818 -855 -933 -604 966 1099 -429 232 1118 445 -315 629 -1115 1253 -79 510 -211 624 -75 905 497 581 1210 892 249 -1222 -138 436 -877 180 -253 -245 386 -1094 -956 411 4 -862 -447 -1084 2052 -211 556 -1213 -632 138 1128 -736 -793 -168 478 -717 122 -1337 1235 666 247 -333 -680 141 -243 -1076 -840 -16 -447 37 -1272 -1201 -530 -671 -820 -1148 166 235 -1024 -639 -1264 -277 -2004 320 95 851 -61 -708 -326 -693 511 945 528 -345 332 -443 939 1273 -301 304 -407 660 446 21 -1230 324 -353 582 778 2040 610 759 -105 759 1290 -482 -598 754 183 -189 527 -56 897 -262 -734 2109 -89 -871 -199 747 195 295 -1041 -234 199 -111 369 -475 449 662 -405 -332 -99 1236 -804 176 689 1076 1066 360 134 800 -142 -286 647 -876 1166 -78 -126 156 252 102 -1293 -618 913 -508 506 566 588 561 -569 -882 1819 883 264 891 -388 -18 -105 1529 601 1045 -1091 -680 
262 150 382 -397 -366 -486 -1602 -830 -127 620 545 429 -741 -1073 874 1134 -184 155 -1016 267 663 -31 603 -912 -80 1410 -22 -698 -848 547 -81 165 529 708 323 803 -480 425 197 -694 93 -709 369 40 453 118 -621 891 -35 -157 -244 666 -3218 -900 -579 488 127 -158 -782 440 125 -908 825 222 -708 -126 225 -627 -1139 -157 937 -859 434 -525 -1137 1897 -730 -927 -1075 823 1692 149 2199 -1009 -1091 249 -861 -365 273 378 839 -237 -407 -124 531 912 -895 -821 871 279 -1166 234 983 -493 1220 -1004 537 467 -358 -238 -200 -80 490 -280 -481 183 -676 -1130 517 -981 1363 586 783 -516 -1242 278 223 708 606 -755 390 258 -491 463 435 432 617 -111 651 -50 1503 36 -319 -313 -1077 -14 -296 340 433 -1182 762 -750 966 1099 -491 198 689 468 508 1388 818 -678 629 -255 118 299 1159 427 368 -757 -1008 -534 882 -171 -244 -918 -801 764 344 312 419 19 -1068 -681 -506 -64 -579 -261 1029 -536 3 264 409 -899 1169 -410 -639 -177 1472 -561 -731 492 -1736 -1553 708 534 94 981 701 -58 -330 1669 -388 -260 -511 1228 -96 -101 1018 1197 1155 -672 406 -806 -168 1300 468 146 -723 439 -1317 -33 -991 -175 1056 1116 1329 415 221 -54 -590 190 540 17 79 -170 -222 256 806 189 140 -299 274 791 -658 509 -83 1023 1429 -506 170 -1013 1093 -75 -568 233 238 -54 20 56 -305 255 1297 -102 730 625 1017 -773 -799 391 1260 -1400 -600 -716 635 -1114 -1016 661 1175 -444 -1076 411 -876 847 1429 1136 535 403 -536 -1135 381 -1039 -902 -828 456 -315 -977 -439 -256 991 307 1020 266 466 672 -510 -480 -743 -501 527 -212 120 -634 -1563 354 553 625 1006 -727 -967 -480 179 -1132 659 664 -34 -486 1041 -83 -371 -176 -624 -178 -186 -653 -602 1596 146 522 1262 401 1 1014 -975 -65 1252 -591 -397 -214 359 -444 1444 -1377 716 -640 -816 -622 943 711 -462 -130 -543 -484 -884 -438 261 -643 1241 623 -548 545 767 -197 -629 180 -666 -716 262 782 349 -532 -1020 702 809 -762 -678 -825 -581 652 -1163 
967 -576 -185 454 -533 656 601 105 -1460 81 -615 205 -720 869 130 1389 -635 765 -1185 -815 565 186 -197 525 -1187 150 -280 -1339 410 -104 -80 -433 109 -373 -772 -88 593 -140 105 229 969 387 -774 -131 56 -217 -393 290 1134 472 462 425 -251 450 -1767 410 -281 -300 755 691 369 -624 598 -175 272 -531 1374 -452 -1249 -329 189 -247 -958 -210 -587 -230 1032 436 970 69 104 -936 611 195 580 243 -437 604 223 -1229 -1391 -927 -205 418 823 493 -129 -275 289 -1 848 -504 -371 -535 -1436 215 -552 1024 -385 69 639 -690 696 -258 -1220 -474 -752 -121 554 440 1083 -1386 275 307 162 181 652 -490 467 -197 949 -98 -480 896 264 -70 605 439 -487 445 313 -389 583 484 597 -285 -338 -564 656 -179 436 -168 593 1505 2136 108 852 -479 339 992 947 -396 1166 278 -1139 -175 765 1076 53 -873 -386 87 1311 -802 -103 725 389 281 138 789 258 757 -397 -488 649 -696 333 -1245 372 182 -855 -1075 705 -1940 -237 557 354 -6 674 -216 249 437 -283 145 -320 439 -305 -303 2216 165 -49 -135 644 1025 225 -191 -1146 234 -91 750 -128 -505 386 838 -398 -435 513 -103 -25 535 629 -87 325 152 -573 356 -1241 -1164 1242 207 567 -712 -380 -107 16 -638 1180 435 642 -1193 395 1799 1188 148 -905 307 -296 136 1 264 -597 486 1021 44 1078 95 30 425 5 102 140 888 -1210 -780 1062 28 -246 1227 147 808 333 1131 -1009 -397 90 520 381 159 351 -944 -662 -1023 -1118 -370 -589 235 483 -355 -484 -772 700 -36 138 -509 -280 441 984 -1128 272 -726 147 608 -533 -610 -177 -700 393 -891 835 1737 549 -202 -1428 -477 -98 -104 -189 -1093 9 183 222 -1124 685 -288 -151 -276 178 138 1384 -773 -674 919 -1102 132 445 -595 -189 -330 239 -617 1063 -381 293 431 203 579 31 -17 427 270 -1113 572 -454 -1205 -1315 -427 506 1155 -922 -860 901 1381 -140 -271 -250 -99 -1562 -284 423 -705 511 -493 -25 94 274 623 610 -208 908 775 -1281 1533 -392 819 778 427 64 295 -680 -581 
-803 -1582 1190 1224 812 1057 -1237 -528 1778 -1295 -312 -406 -1148 -72 882 -502 -326 -363 -439 172 686 257 1159 -768 -659 -1103 -1211 -1845 834 -156 -1155 -8 592 -10 -996 -1424 -335 575 1365 -1405 -234 880 533 267 101 -357 -641 -283 51 47 -1189 1888 569 1278 -954 43 15 -713 -637 -138 748 2065 -479 -712 -590 -1610 14 220 -1988 53 -367 131 615 -1174 505 -1713 359 -1105 263 298 496 437 -223 -847 -1499 19 -724 506 1004 -813 -260 542 -690 -487 540 -952 -470 755 901 542 503 237 407 -1518 64 -241 -103 -470 -16 499 -44 355 143 151 -907 128 430 529 243 -745 984 -93 -232 -614 -160 -1100 935 732 175 -518 -347 -956 -1746 1046 -102 -66 473 -229 -57 -249 -286 -456 203 449 655 65 -91 -591 -140 -1120 1010 307 -33 -34 40 1091 492 -978 -119 283 912 -335 -214 -580 -1066 881 227 -1487 1350 377 -174 443 -664 441 1225 151 1448 392 -921 602 1452 -250 71 475 -273 -593 600 -396 42 -668 -147 742 -675 -378 -123 -139 490 -581 1120 -81 -599 -334 -1614 1136 252 -1027 -528 -1070 -395 494 554 -547 746 181 -799 639 268 1005 510 -1327 540 45 -151 -779 271 -1413 6 418 -1804 311 -45 1158 1279 1470 -34 -339 -109 636 1536 -921 -479 1499 814 130 349 6 -861 -21 -728 -943 484 314 -373 378 -353 -199 -936 228 -33 1718 314 1138 -9 293 1186 1543 970 -333 -29 1168 72 -989 92 993 139 584 164 261 -257 135 283 41 -226 -1634 105 720 -155 146 -583 190 -890 1247 -926 928 100 -493 -315 -617 59 749 -442 -17 1754 -1178 980 -787 -499 679 -822 1769 -373 -627 -611 476 564 -56 769 846 372 273 -20 -267 -75 -746 86 -37 816 -1566 -491 588 953 -530 988 207 195 422 519 -1682 1169 1413 -243 605 -51 -171 803 -50 17 -1476 71 618 192 737 144 -615 -83 -603 -1082 965 46 -102 196 1220 -206 -456 961 186 -394 587 819 -769 -236 910 -306 111 -192 626 -1044 1676 427 -150 -1621 425 30 94 -234 -873 902 -720 -783 -930 -1562 1006 115 447 -472 191 -2 -334 117 630 
-183 161 -6 -195 -547 1934 -321 -231 625 -791 -689 -530 -487 136 530 318 70 -8 176 121 -510 385 -706 -209 -1272 -352 -1573 -612 -554 681 -1109 664 -168 76 -1562 -1866 -1373 123 428 -262 589 -635 296 -316 -332 -146 661 -22 215 -1491 1331 -416 55 152 31 -460 -509 321 -644 432 -434 464 510 -39 546 886 559 946 294 101 -408 -35 323 886 -928 -16 538 519 -1537 217 -153 131 1378 264 -252 -834 280 -144 292 -134 314 -1023 -1636 -303 489 106 -471 -184 -1022 762 -757 -736 227 1374 517 -992 -550 100 678 585 1125 50 -356 29 72 1355 1533 34 640 -1821 -449 65 415 947 -1332 467 303 327 1113 -324 2237 -1042 -1249 923 159 -580 43 1059 776 414 -665 1354 -77 333 939 -972 -393 1385 1195 -642 -456 518 81 290 549 -637 284 625 -1245 -92 286 641 -157 -126 -765 -109 -980 -1000 59 595 499 -103 716 -204 1356 497 -261 -518 1375 -1003 257 -437 -64 -305 -1389 694 -136 269 -585 1004 -524 -262 641 -947 170 -442 1631 441 -629 -465 -240 117 489 242 2161 1106 -1285 -1290 -421 -690 73 194 501 1026 261 -925 -335 303 232 -574 358 50 515 1734 606 378 -418 -161 427 -565 -38 -606 -251 594 -1085 229 741 -310 876 -163 -506 -155 -699 211 731 -1014 -193 -26 -101 -404 1491 -1220 -1274 931 -684 -417 -1680 -257 470 -307 1031 1551 -1420 758 145 751 1032 724 -971 22 -34 -563 1590 -485 -1005 -380 950 587 -135 -820 -629 554 153 -683 585 1304 19 -19 -341 -2314 -644 775 -185 -859 -408 -106 -120 -57 669 -931 -356 122 334 125 -15 286 56 -287 1199 500 226 -441 -245 -718 551 -87 221 -397 -552 -522 -199 473 -434 -1442 -1127 238 127 -7 138 962 -187 -501 -756 1128 988 -542 -425 271 -134 2123 -266 -311 388 -414 612 844 -640 667 331 799 -490 304 356 170 -566 433 -137 -1205 338 -1460 536 -874 -174 88 168 -1298 -240 394 -473 385 877 1498 208 410 1357 -453 -287 -206 1065 926 -40 -159 1427 -777 -903 -306 -710 -948 1122 -280 -1378 -723 -437 490 -177 1105 614 15 43 126 
561 -826 1066 162 -355 -20 -723 850 605 601 -495 -548 560 -700 1051 1362 137 -1151 925 232 -668 922 -235 477 1035 292 1293 -527 -377 1416 -474 5 -791 469 1563 -1310 -789 35 -1012 -653 421 521 1133 -217 -973 623 -764 -1026 -34 -729 781 -397 962 728 468 -565 248 303 -1175 935 -1105 1524 -34 -1232 31 -645 -315 105 327 264 582 -538 -981 545 -238 -907 -408 731 116 -838 1315 787 600 21 -1302 70 -12 1364 -1049 1076 1431 52 922 -146 752 955 535 38 316 -1092 452 1334 -251 -290 -527 -824 -285 -144 -33 288 976 839 -1203 1575 -128 -483 699 -23 -797 -1115 -210 -118 -50 324 -862 141 1313 -627 701 -1054 174 -450 -60 1395 1146 -1520 644 -885 -1060 465 -517 1032 -757 -215 -620 -240 349 38 593 -619 459 -754 61 -787 460 352 930 -25 -201 174 554 382 1204 764 881 -108 285 432 234 484 346 -234 474 -265 -412 26 -312 -1017 -489 1831 782 -922 972 170 1672 -15 -252 853 -1777 -495 519 604 57 -244 1244 1299 857 498 235 -395 1180 603 -551 104 1786 748 -628 -1148 1442 -718 481 -127 151 285 -1142 971 194 -1231 -292 501 -1309 -442 -1567 1217 -427 410 823 -242 -633 -36 -379 971 -1209 -194 1396 603 -1456 -580 823 279 -970 -291 -509 902 344 -154 367 -20 411 164 217 17 -968 176 1587 -470 806 1004 -162 150 -114 766 -1795 859 -550 71 178 749 -382 -729 26 270 1015 790 -1402 -178 -495 1911 -677 329 -428 -555 -635 668 750 -535 317 905 -248 117 -62 581 -453 -1030 469 873 384 630 -62 476 -696 197 1074 270 1088 -1467 -639 533 -321 -197 -89 -835 140 378 1332 -558 467 -182 72 -273 -368 -1281 403 -675 -473 -173 -505 146 -178 -487 -489 304 810 -1154 295 -1028 118 455 -213 -600 1191 -592 -896 -45 573 -901 125 50 365 -981 -363 -29 203 201 -888 -1091 881 741 -114 -1013 139 849 24 -145 -20 163 841 -575 -285 -2642 88 -705 -399 -266 522 17 -118 -668 -130 638 -27 27 -730 -389 -97 60 400 -1251 -71 -730 -726 697 410 404 649 -869 -286 334 -1839 -85 
-454 1868 346 -744 497 -779 269 125 -666 -505 -732 -409 -634 677 -167 -10 -753 69 1245 1123 -51 -1090 -411 495 -135 1322 448 -360 -7 993 -123 -1366 341 893 1317 715 560 142 -215 -1029 77 1270 -888 808 1468 -920 -588 -482 423 1361 -916 901 2124 1010 -916 83 -376 -332 243 -977 -1443 -1432 760 748 -626 -457 127 -535 207 -34 22 -555 -152 620 -95 255 -1198 -495 581 -195 329 -193 -437 -774 516 -907 -1269 -1029 -52 -712 -71 -574 -239 -759 488 -195 1030 304 163 -183 177 1164 -689 -853 432 -331 171 58 -265 -1277 -131 -563 -216 -383 -1754 758 -588 358 -162 1144 116 -451 77 -912 -130 233 421 -812 303 -5 -1148 -408 635 768 211 681 42 1382 401 -1116 538 -915 -1157 -184 776 1958 542 1121 580 -838 980 185 846 572 355 120 -373 224 -2 502 325 771 -1251 934 -724 -408 389 -245 626 1433 130 132 875 -166 -120 1144 596 798 -1137 1225 -59 858 -424 -253 790 128 -760 260 -971 237 -752 -284 174 913 1267 1721 -2039 -2 358 -487 21 -145 -1405 125 -1159 -892 -59 -104 938 1008 464 -518 -216 1817 -22 575 -338 -365 8 974 712 76 950 218 -1337 -712 739 650 -641 -271 -244 -79 1394 610 -289 1464 776 -712 1579 2 44 2240 -13 1009 163 -1293 -432 1028 -532 -154 -233 563 -226 216 -235 -337 24 617 -35 1263 -875 407 -168 727 -1194 1325 1212 -21 -542 -714 -338 857 -569 544 417 -1309 -1282 -266 194 354 14 104 631 -597 288 -378 -182 -29 281 467 653 24 319 -135 409 254 -868 290 -318 1134 -522 -393 1310 -701 769 -689 353 -698 656 -251 575 449 1166 1647 684 -1026 -422 -94 -58 -748 429 525 -147 -613 -190 -405 -42 139 -285 -280 -941 -195 -922 -293 -272 -531 145 426 193 547 -1655 1309 -63 -986 1540 1514 -1592 -26 1912 -281 1443 -139 365 203 -1168 -1012 -193 -657 -185 18 413 -1319 383 -214 -592 -326 324 -495 -625 -246 -117 -162 337 -110 255 23 -941 793 -1271 -155 319 684 -597 317 364 535 1142 77 1186 -1488 -114 -219 -163 924 -240 250 788 191 -915 -128 
-417 -642 564 1095 -468 -228 92 319 -387 -1485 787 159 -714 -177 380 293 -227 869 1489 -285 -547 322 112 -2083 1370 -646 -333 -688 -718 369 352 -989 524 -723 -746 -671 -626 643 -124 751 -2028 571 -535 -998 509 533 306 699 -811 851 -202 -81 215 909 -1111 548 -484 -1149 207 820 -234 90 -75 229 -500 -192 -617 -357 -517 -115 -539 -182 -558 357 907 -1639 104 -520 37 -951 713 294 -290 -606 131 -671 -331 -153 639 -737 914 -265 -1058 -264 923 -63 -68 -353 -335 968 -439 834 -377 431 -89 1375 234 -347 600 -120 382 1007 -82 -59 -1085 -234 -64 -1006 283 523 -765 1396 -291 -466 300 992 603 -738 -1345 -213 -1036 -394 151 286 -1 880 1406 202 -225 178 -123 372 -724 421 -180 -83 992 -364 760 460 -537 886 -649 1594 -875 -852 -223 -147 -439 -23 912 70 1712 202 468 -275 467 -351 -752 -145 199 -519 552 -1145 -729 -575 309 778 -295 482 557 81 -628 -1101 -456 115 -765 -999 171 -1531 -877 1091 1770 -1442 1046 196 -947 -379 644 7 275 1196 -1306 -294 -239 618 -1550 -1813 410 242 160 -109 272 199 313 -438 406 -755 -308 1604 450 596 -328 1253 -145 21 370 339 -128 -1145 508 976 -563 -33 -103 -324 2293 -775 -225 -27 114 338 1388 -772 113 19 674 -313 1035 -351 35 -737 -69 215 962 477 -37 -635 -946 415 -675 -467 200 198 618 -734 -534 -939 270 -1439 1034 949 -695 33 1297 -342 -590 -857 -504 -1148 -298 -663 -1317 283 664 -233 -1375 439 -838 1333 500 127 -372 -736 444 991 914 -261 82 30 37 145 402 182 -592 631 -244 -990 613 -485 -1004 639 -2049 -446 924 108 214 -1081 462 916 324 -644 390 1027 -1902 -1338 -821 -982 585 54 -113 703 -530 -206 541 -49 -553 567 199 331 1141 -366 593 -262 -437 -294 741 541 -324 -1142 -674 592 -803 791 85 -632 -900 381 63 769 -1101 429 -602 -925 60 -368 -4 56 296 193 180 481 -468 914 137 -738 742 -469 1374 -758 985 -48 -253 -713 660 678 279 -1097 -449 845 -597 1727 -225 -146 741 -890 -12 -904 -855 -1178 
-170 -133 -1021 515 -781 -1337 301 245 776 -100 509 -776 567 -935 167 -247 1165 537 -199 -668 -237 778 16 -643 695 416 1456 -418 -830 -879 -1188 -269 -1164 -228 649 1299 2380 52 -15 306 -792 562 457 53 -180 -422 -28 -500 573 -444 188 235 -642 -659 -1178 676 -389 -429 -824 -697 509 -885 198 736 556 -440 -764 564 -413 -390 1551 -907 632 5 255 -468 257 -876 -432 -634 1894 499 1023 1574 533 -709 -139 -1011 -951 -1004 793 -440 526 500 -447 -383 -55 -582 -122 -231 -731 524 -140 990 749 -28 507 517 374 -952 395 734 -276 -571 -354 -383 332 115 214 -564 -587 258 -1239 -101 1470 523 1284 -338 974 -617 429 867 -450 -217 -349 -120 629 692 -8 19 286 -1165 562 269 -935 190 1043 -378 496 -326 171 -358 -634 -929 1792 32 388 347 237 -607 -740 -705 220 148 -383 415 -559 673 -373 786 561 1706 -1183 -612 281 -2221 -8 -184 -934 -38 -1132 -153 -85 -639 -178 -1109 1540 963 4 -226 331 -597 574 1076 -411 -875 -59 440 -46 231 288 -989 -398 208 -833 553 -242 144 -801 -242 -300 -217 769 1654 -706 1371 1153 482 903 1026 389 254 801 385 280 273 -367 -492 608 533 544 -1330 -403 559 1096 -1148 -794 448 -71 155 47 -155 -408 -567 1459 370 171 -340 28 -459 1032 -448 905 560 521 153 137 68 833 -106 -1265 1808 -326 -174 -245 -2401 -588 -409 -570 683 2451 -111 2116 -257 137 -736 96 -1322 262 -315 -945 -1292 335 -461 268 -1458 -575 298 -701 988 308 -320 1080 867 355 1027 -628 112 596 -344 1247 -1366 333 -836 781 -1134 -1697 295 -1014 -856 1218 54 495 67 1640 -310 -1622 678 -1107 146 -951 -946 -352 287 -793 593 -676 -310 367 715 -1021 -528 -885 -699 989 -792 241 -441 1523 997 -371 -431 -548 419 -1812 654 482 383 -355 784 -607 -532 910 -950 -510 502 363 527 808 -440 889 -801 -1095 287 525 491 -114 1185 170 -20 682 -1594 492 195 476 -31 581 883 523 556 264 251 264 256 420 947 871 -138 596 388 699 -64 -791 -739 375 -991 471 749 -221 -859 
54 -1314 430 104 557 517 -921 -827 -125 78 -47 682 749 487 -241 -909 1747 -738 -612 -1490 593 196 266 -309 -503 -1001 1409 -64 -240 397 -596 1492 -318 1071 -52 -1064 432 1010 -1591 -549 50 976 -347 -427 -544 -104 -519 -1898 -1163 -893 752 -823 22 537 725 330 155 -427 -598 -1290 -220 -605 159 -357 284 711 -347 -145 -362 -593 -546 398 -43 -611 1296 -245 -970 -109 -424 -435 503 -8 228 513 487 124 819 674 -325 -666 315 -253 -290 -953 835 1101 -688 747 426 -1150 326 234 -536 1681 -723 -194 -179 -92 230 -982 40 -1287 445 241 506 -921 1964 581 -602 668 1154 -734 197 -376 -879 126 -371 -610 138 489 -319 -165 -850 288 63 -81 923 -779 -212 -606 1508 1571 -414 525 -206 -520 878 -344 180 -827 1053 -483 -138 -1774 -1257 -524 653 1634 201 -1840 -63 -41 -613 375 -21 418 -273 -515 909 -602 61 -100 -95 -46 89 -480 -743 200 188 -552 -1817 -835 -257 201 961 276 67 462 46 800 811 159 -519 1204 59 29 -78 309 745 -144 -216 -374 -164 -694 -61 -97 852 932 785 -1202 -434 298 -351 -349 192 1148 -393 755 32 205 56 826 528 -710 629 506 793 -698 179 296 416 165 -443 -240 -141 -2175 -203 92 380 323 290 430 -898 -937 -1418 -777 110 -532 34 -351 117 669 -544 22 92 -1091 548 1232 285 -900 1172 229 -205 -233 746 514 692 670 599 -789 -1517 -117 545 -988 42 -357 390 2046 -1149 1577 -120 685 -201 -185 292 755 953 -438 762 -754 887 391 -17 -440 466 1186 150 -1241 305 -218 1048 -1488 559 249 1299 964 445 938 -225 -198 377 803 1415 1124 2155 -1562 620 685 163 -1053 700 -1035 -539 378 -164 151 520 656 -547 -189 -246 1016 591 338 739 1464 -26 1878 821 -354 -651 735 468 72 -194 92 247 -608 -797 -400 -196 1102 1829 325 -480 233 -1130 103 -868 37 29 -932 418 918 939 263 1208 487 334 1617 -312 -226 -290 -383 456 167 -1514 -1564 -752 -1462 269 455 -341 59 -1362 -539 260 -126 -449 -520 916 1596 -877 -1805 835 -252 -465 -37 27 403 
-428 1478 -839 -135 120 470 829 -857 1231 -652 957 -226 -839 729 616 685 77 -484 -637 -487 50 -614 110 762 -1723 1209 -370 998 280 1299 1120 601 648 663 434 -1033 480 378 -1896 674 1146 257 -170 -1112 -408 512 -239 -346 -1109 -1058 -307 -1008 -1435 -10 384 1193 244 592 984 561 801 -576 224 128 155 -898 -98 845 -785 -675 481 88 -502 158 171 132 -249 -354 -181 299 709 -727 -582 -57 461 -21 -453 -376 527 -176 1312 26 150 -1004 575 -584 1528 1754 -332 -730 908 684 -1949 -78 534 1084 1710 709 -453 -907 -267 -46 -1462 184 827 541 -277 452 -439 922 -338 -755 -902 -1222 -1622 1446 1229 -984 -731 734 -218 362 788 -625 685 389 211 -596 375 -157 1124 -700 -100 129 -35 -588 116 53 603 -326 -243 -523 598 -282 -210 -732 -902 -510 -128 226 18 -755 536 776 1046 540 561 2901 348 1064 184 -80 -572 1372 -735 -584 -902 -227 143 -101 989 507 -17 -273 -179 263 4 -793 -254 1354 178 -1102 762 -705 827 69 -990 827 667 -1506 4 80 622 377 -7 169 -139 70 -1376 122 668 151 65 328 -79 -1141 -313 469 676 720 -134 261 -123 -1047 -398 365 -227 -1026 226 52 1166 1835 -43 -366 -415 1009 -672 -433 -691 105 118 -649 -51 552 -1213 -978 280 617 188 -596 -958 1295 -1092 749 266 -618 -313 -513 -778 -92 -1044 931 926 -503 -206 587 -65 1166 207 -969 -19 1024 129 -562 1167 -1594 -719 613 -955 -635 465 1176 31 444 882 -63 -548 -315 557 -154 -557 389 -1571 -518 49 46 338 -255 -730 -1240 313 515 -1 1518 -68 1096 -372 235 471 913 892 196 165 952 92 -430 -541 -1065 -320 -528 -690 1657 -78 520 -195 992 -997 307 328 -1033 1601 -572 -572 -1181 350 -348 347 1279 -384 -123 358 296 -594 54 -1046 -509 -957 1059 239 -1698 -163 -13 180 752 1399 178 -180 719 271 1208 1868 -1056 -346 -42 -255 133 -202 437 -498 986 153 455 985 -1789 -99 -712 393 90 458 864 472 581 1041 21 1033 -476 -1377 -1123 711 182 1435 -380 929 -454 1203 -656 -309 -674 581 -429 
764 -314 795 -416 -710 69 -919 337 -143 530 -872 -137 132 428 280 -1206 -127 0 -724 -54 418 -156 2638 341 -78 -1258 1057 -2529 -1556 445 383 337 -1544 -511 316 -155 290 -778 -418 -163 1180 250 -1390 482 -321 1817 405 777 -587 322 -977 -791 -300 -20 331 -570 -186 -280 -846 -1011 -192 -1098 -72 -427 -747 489 1033 -558 -501 -227 -18 196 -243 -72 146 -589 412 -533 140 -821 321 -638 470 -600 -1218 656 1508 -166 -490 -465 -1101 386 -602 299 140 -584 -937 30 -1087 616 -1019 -764 -149 2279 610 -6 -295 401 685 886 661 -781 -95 153 261 187 -530 2137 -126 1065 331 14 1390 -349 -865 91 919 576 -148 564 1089 -551 224 937 792 266 948 -256 -357 94 3 1309 -284 -734 -1145 -110 -539 -1797 -545 -544 -610 -561 -140 -1183 202 216 979 -669 -180 926 -229 416 453 22 416 -276 -146 -934 234 -1280 -1274 -1183 -472 -143 415 -1415 98 1125 1578 -287 -691 -797 -425 352 -590 631 -419 -893 198 545 -394 994 659 214 869 328 938 972 -223 -91 -39 37 -344 -1055 -326 291 -750 -692 304 849 157 636 -441 -156 601 516 203 -131 366 -132 874 -1119 -1679 -1461 -211 -660 1335 -140 -1653 -926 402 -945 60 669 -17 -254 -246 -48 275 -997 -131 391 -8 1297 -927 97 -722 368 712 -708 660 233 955 -1347 185 965 -431 29 989 -209 102 -651 954 434 285 -417 90 -378 697 968 637 75 -1186 673 1803 321 577 43 193 654 -238 -396 -241 1234 -781 -388 -456 -558 -166 457 419 106 -1166 -546 -842 -635 -631 -206 103 600 -1277 483 -771 -265 -742 -800 84 -1014 -426 1471 189 -409 808 -471 97 -770 30 -7 25 335 -133 -564 -611 -869 1337 -721 1555 -305 -35 398 -617 31 1193 -517 -1035 1133 218 609 -92 -296 682 -160 217 -1231 -603 -858 383 -612 -951 99 292 861 913 582 716 7 -487 -269 -635 146 -1045 -15 722 -1328 103 -81 145 567 -285 -153 -1610 772 -644 -84 -101 -995 -644 842 -334 190 -103 281 -307 213 657 -404 -330 -418 238 -602 -730 271 133 349 1036 970 -739 1655 -733 -8 
25 435 -1526 180 -426 683 -74 -1357 -383 530 294 454 834 286 262 1279 452 -1571 200 277 -346 494 599 68 57 1254 269 -1129 -150 892 -676 95 -55 -789 760 954 114 645 -282 719 -303 -345 48 -1198 -470 89 -19 -1369 -292 44 241 124 -470 -183 315 -212 -688 -98 -324 -881 -603 -3 646 1085 -975 290 -773 498 -1456 651 689 559 469 -427 -63 -229 542 -286 -326 -726 -608 354 -467 1010 -964 -416 260 73 166 174 -462 -1027 -211 779 -479 -325 -759 -179 332 -234 332 813 1660 -276 1119 -629 288 802 77 977 -487 -378 -1120 -386 -418 -979 -935 -1094 -543 200 -93 -875 346 -649 368 90 -545 349 1154 -1569 729 203 -1374 1074 929 205 287 -587 635 422 -318 -1073 81 -2106 1346 -681 -89 -612 -241 320 687 13 355 804 -649 204 1247 285 627 191 -578 385 -518 -1450 -978 -139 -11 -257 1164 1049 -1518 -1085 -569 -221 -607 1 582 286 -965 519 -122 198 622 -11 1750 -9 202 -302 -581 -633 508 152 187 452 -366 550 504 -124 224 -554 -272 389 475 1224 165 90 7 479 -676 1321 -68 841 -26 -1259 379 1117 166 -1534 1181 -994 -83 946 5 -805 -300 266 -460 -59 -720 576 -1234 -297 -146 167 1636 610 183 990 171 402 -983 -340 2019 -1360 -929 71 666 -320 -204 359 849 -1521 -961 17 597 -209 -596 -18 -100 -1408 589 -2 147 546 -1538 416 763 -1528 -186 397 -680 -801 847 865 -205 -390 -296 -781 102 -258 -494 -1432 -1136 -1769 1180 -728 -1381 581 1113 -2142 580 49 -362 1181 -15 -887 893 980 483 384 -678 180 1679 -126 81 -513 -959 516 851 402 418 -276 675 725 451 552 -1243 -452 -179 435 -811 -41 548 -132 -1370 964 -1312 1038 -354 -236 48 356 -1231 322 1395 -208 -251 -287 373 -171 1071 74 1044 391 373 1670 881 -814 118 -426 -1016 -216 -154 -236 -177 274 852 136 -86 952 -715 -302 -1119 -458 475 -1803 791 714 1087 517 -86 408 -317 102 -415 -1111 -826 -30 549 -735 337 -561 925 119 380 538 -527 -17 -831 -599 -966 -118 386 159 -51 -797 -936 85 -65 -127 
1287 -994 -1246 1205 450 -269 -423 -162 899 343 276 1297 -17 -1578 269 -895 68 -554 -724 -591 93 318 673 679 459 597 -149 -637 -328 -1245 967 -253 -2057 -658 1043 560 -185 -7 762 1053 657 1026 -113 641 941 761 942 -516 -23 -530 285 170 1025 -499 -565 13 179 682 -439 318 926 -65 27 -375 1571 996 -496 -41 -1162 800 581 125 -743 -221 -771 -86 1159 -983 460 -899 279 -361 -341 -413 -110 1049 -277 7 375 -1450 384 -28 828 -702 -291 -1233 60 -316 609 276 345 -588 147 972 -36 -769 -842 -413 -861 -183 551 442 -14 768 -378 -339 93 -589 491 1051 399 371 392 911 781 -352 776 -553 136 140 -533 -345 833 562 -1026 -643 -1061 -489 -5 -937 438 -369 289 -904 1055 1069 320 319 -7 381 530 525 1495 -520 -931 -682 495 -1148 -29 565 -86 67 169 -401 -1070 -798 253 -1338 1259 -832 -43 1200 538 56 1402 -840 273 262 -918 221 -173 -388 -641 653 -1211 -591 894 1119 -501 -632 497 -354 116 1154 1201 372 -698 680 -161 1843 -205 511 60 -631 -734 -362 -369 469 -755 207 -216 523 1192 1969 330 -390 -547 -641 -844 -220 41 -382 520 132 218 -556 76 55 -44 1638 -274 -1394 -720 -382 678 -544 164 601 -290 -49 113 348 500 92 348 -370 431 -100 -661 -468 -148 403 39 -235 293 513 -256 -159 417 -484 225 -803 1154 659 -625 -1318 -46 120 -278 357 -890 271 -422 70 -204 -49 372 -278 439 -617 -52 41 723 -67 -531 8 1049 -794 1010 -386 146 -1100 44 953 256 106 -939 179 628 -437 -447 -1063 56 -106 525 389 1483 -551 1121 269 -55 -65 917 1135 92 -87 420 1019 28 303 -340 55 -47 736 -35 -1788 -141 -448 505 210 -1440 -238 562 -690 -59 -198 -412 -30 -175 33 -535 23 1230 -76 251 -1509 -21 391 -1208 213 639 -93 606 -447 -726 1158 -1334 53 -297 230 -491 -110 -122 168 -221 -602 250 1007 -423 -503 -1253 884 1043 996 40 37 -1009 681 298 169 -78 100 -30 740 -595 377 268 -984 338 245 -758 -175 -563 72 -810 -949 -980 434 -868 455 
575 -193 532 255 -372 -235 966 -629 13 -2029 56 -43 -199 735 836 -512 -616 678 -560 -131 9 -454 115 316 -62 -394 1408 1093 370 413 -112 35 -494 -835 -31 -1442 -226 -797 -276 705 -735 1641 904 280 -391 461 -1043 -338 917 -227 -148 450 699 909 431 142 -575 -263 -293 -451 246 353 1258 346 587 -1507 816 -564 1078 1615 1098 722 -702 -272 1133 452 133 -189 293 -106 33 665 -1548 1487 1242 859 96 68 -717 569 -686 -298 -213 -1143 462 1278 -1119 -81 -723 675 507 -1063 -138 -757 203 -1050 -117 -21 -777 -1688 -269 666 -317 434 525 705 1216 -404 -68 402 -664 -506 -200 393 -150 -966 136 -500 656 491 1 -916 -503 -1295 39 -331 -215 903 806 -138 -972 529 -1318 63 148 706 157 -956 -277 1112 1043 107 1679 -569 400 -910 -882 905 438 707 -447 123 -256 161 -679 1108 -916 763 -687 463 -97 35 835 494 -283 475 1145 -1778 977 1293 10 578 -710 400 -275 464 130 -744 -1619 -642 228 956 -411 -1317 1887 574 -268 1297 -604 635 1648 170 -162 376 341 566 136 -124 -779 -1043 -1504 798 347 -910 -1439 -221 -355 -658 167 -978 -1381 983 163 -1111 -813 452 -719 72 -245 1544 932 1042 -865 -216 425 384 -660 -511 942 143 642 168 114 -789 690 -148 376 341 -855 -1236 -144 -908 -1314 770 -898 -1307 -582 -1263 851 134 -849 -283 -217 -830 378 545 -440 299 -97 -702 -1035 206 489 286 -1213 231 -897 438 -502 -1558 -196 -8 -1126 550 -171 486 62 -402 -244 207 2002 -1148 -1197 -1052 -491 1401 456 -406 -265 281 -1076 545 -415 875 289 -320 751 -696 -181 -97 113 -1692 458 612 -745 578 154 -461 167 576 1402 -754 -384 800 77 -1289 13 786 -68 32 -972 -445 2006 -311 769 541 188 -840 768 215 220 354 -372 593 -271 619 693 505 -376 -1552 -319 216 25 -83 936 -1333 -2112 -988 -992 -634 1636 -184 0 551 253 -1556 -750 487 -705 -572 -27 314 1672 -1568 738 -648 1130 258 -342 -289 322 733 -115 -420 -646 -490 608 -792 328 506 -519 -161 1111 -1417 -1452 -232 1270 862 -217 7 
-1030 -794 936 -20 172 -724 289 506 1047 -1314 48 -75 -939 1254 -399 -361 -192 -1614 -506 267 -311 49 630 179 -1207 -38 353 -126 -43 776 1177 -348 -202 112 -1018 120 532 583 1306 199 -508 482 -29 571 632 -460 229 -674 733 -340 216 -67 1259 886 -488 -552 -210 -207 1148 -29 -85 902 1225 171 861 761 297 490 -1135 -275 -879 399 794 19 -493 21 841 592 -535 831 335 -513 -161 -186 1079 1040 240 -323 0 120 -610 -1738 47 -173 -360 984 -1085 474 130 929 -155 -1348 -95 386 -100 707 -1398 -360 429 598 1281 -81 952 619 581 60 242 -972 70 150 -1415 -1839 -941 206 887 1467 -2041 -246 -351 371 213 884 -529 -306 76 487 -219 242 256 589 -860 276 685 -544 -159 -1664 747 -346 785 1906 694 -718 794 -120 1476 -151 -232 41 -448 -388 -711 -1488 -239 575 -609 1234 -98 -106 -480 -807 -311 -67 552 350 1258 -54 710 749 881 -171 49 776 -1355 -166 -557 551 402 -84 -113 -279 -176 1308 494 -456 -358 63 -375 -325 -631 -17 311 -399 -394 599 1699 -376 615 -1301 105 -1225 558 -71 1131 1026 210 -729 -267 -673 704 276 576 85 -358 625 1551 -343 336 -1148 332 -52 802 -110 1350 647 -76 -707 -497 -439 -912 2017 -412 1020 -539 -141 1170 -302 215 -371 827 -655 -2034 -621 566 -655 214 -75 -889 374 57 277 -255 -620 1117 -387 1438 843 803 522 265 208 338 -394 155 182 -278 186 97 293 282 149 444 911 -806 -424 160 420 873 189 -246 501 228 -368 -973 157 -835 -13 -181 308 212 283 816 514 -488 46 -474 772 422 268 1924 -526 -248 -301 -890 -1074 -219 17 20 -36 858 -568 166 -355 923 418 -75 -311 -602 1057 1800 -371 -429 568 -131 -80 277 -336 -331 -591 31 -258 -63 402 -254 -542 1133 943 440 -848 -529 -1019 -1334 726 245 800 -925 -31 883 -697 216 2540 -672 926 869 247 -317 -422 572 215 -461 408 -341 799 -338 -610 -1370 -337 789 149 -573 -73 -165 -1217 327 -641 -23 587 201 127 862 -201 42 -1074 -453 439 847 373 409 234 442 -1348 
-470 1297 -783 -336 -553 -384 161 -633 -1315 809 -275 518 222 -1679 -214 -871 -2 318 -668 -518 -75 433 -141 -1475 734 1119 167 646 -465 309 -151 -1057 -760 835 551 214 -223 -862 -1002 499 1328 -706 736 -801 994 368 -707 308 1158 -328 295 -1626 -509 -252 1166 538 129 224 123 1133 -1040 -234 1301 -161 -1544 201 -109 -385 -160 923 696 -47 759 321 116 970 746 -44 -867 -27 -544 1644 761 62 345 -318 -244 -376 -801 -224 701 242 -587 -787 -250 -876 -23 546 1089 1430 -185 -37 -302 -918 -303 -840 1185 -1075 -501 -335 526 878 779 149 433 46 537 521 -924 753 666 -628 846 -394 469 -178 386 -221 394 -81 -318 1734 542 -988 820 498 569 1267 105 -755 670 -240 -417 -1420 -280 -667 -585 527 -500 710 100 468 -186 -657 -596 -1179 -687 195 1261 361 -42 267 915 350 31 -57 -192 1093 -881 -105 461 643 206 750 1512 953 -1490 77 234 593 -789 -485 -108 -690 600 -645 -467 -516 -379 -448 274 944 1383 -999 1045 -157 1117 -477 -456 -1479 -366 -1466 120 -416 536 542 1061 832 -437 660 -194 -676 169 -243 499 -436 693 1705 -554 1412 -49 514 336 -581 -499 -444 671 981 -83 -89 223 285 -163 461 -926 540 205 488 486 38 657 -940 714 -298 -79 182 749 1153 158 51 -610 -431 180 658 506 -548 -460 1138 170 368 -588 180 -411 -1384 -283 -219 -767 -492 -606 -1671 -515 -471 -279 -889 -332 -277 -377 42 -527 -1189 -586 -945 -318 -342 -348 -199 912 166 -1023 -1016 -1417 -2060 -681 712 473 899 -360 1020 -771 -121 -1171 1336 744 -564 642 -496 89 321 -669 920 -396 93 374 -471 416 -48 440 -1360 151 934 620 728 -59 572 3 357 -139 712 370 -231 196 -874 1153 259 -62 -30 125 -1205 -171 -458 -393 -312 960 720 -299 -327 292 885 519 -267 -1172 -1667 -1320 -760 -902 -510 767 -89 -271 784 -105 1168 -36 791 -336 -39 61 33 -532 -453 497 -14 -246 252 520 210 506 215 1028 -115 629 627 -794 -475 -551 367 -972 918 -350 211 168 -126 -113 478 1405 -365 -835 171 -421 -402 
643 102 -161 33 1707 166 22 -401 -19 -21 -1216 1234 -42 52 -1901 -1059 -190 1048 1047 592 -232 -88 724 -387 875 574 -572 431 -791 130 -239 70 -42 421 -730 602 1183 -263 63 -734 501 -262 135 877 -969 10 -571 -323 -1000 -429 21 -100 845 -726 -790 564 515 125 -1447 -229 -511 632 1356 -550 -439 -514 -157 -945 -474 537 707 -309 584 948 -1908 16 472 -1030 316 -527 1107 -48 -335 -1720 206 -1025 28 516 322 345 600 672 -737 18 -1005 1145 765 -144 -784 -279 -139 -432 -199 17 -372 -219 1631 -193 310 65 448 -280 -310 -870 -898 141 290 -145 -1880 -432 693 617 982 -1850 -512 -182 -152 426 -81 393 359 -17 359 -1869 1197 471 -820 1210 1048 -205 -901 135 -1159 472 696 685 1421 140 -400 525 -331 1124 -1354 179 -830 -419 -169 298 108 -104 -457 -598 -724 524 802 516 -796 -1613 681 -232 -303 -2000 590 -359 1585 1310 -57 -431 -506 958 -59 -320 1136 534 -1224 779 -181 -230 1354 237 112 1071 -238 -852 595 200 -878 -477 209 -355 -313 1959 -1357 -608 -2106 -411 1149 1253 -189 324 -449 1831 329 -1169 -209 263 -594 422 265 -360 -186 185 -668 -196 959 418 996 137 -258 1097 -404 -990 -838 1094 -452 -708 797 451 -617 320 -770 819 1727 -694 1830 -901 3 921 -59 292 -30 -1855 -545 -694 679 -458 -258 188 24 -852 803 -127 -366 309 -1536 -716 -941 1053 569 343 -1143 -206 1141 991 -32 -723 816 -34 -223 1291 -943 676 565 249 718 1614 274 499 -91 353 247 1165 -643 2346 -128 -126 524 -632 375 -1125 -587 -763 -273 -252 -884 275 97 -663 -942 131 95 -1099 1094 -364 243 349 674 -81 -173 560 -10 -400 267 506 -145 1486 1717 88 188 802 -521 -9 -274 887 -64 -483 400 -350 278 -602 563 -194 169 -405 336 -205 1212 -706 385 845 199 922 -210 324 -462 -297 -1466 -268 141 573 -622 1384 -548 -893 -1219 -280 658 120 380 867 117 814 -279 796 946 187 -161 2313 647 167 713 -181 -709 322 -145 103 875 -194 -104 -254 -1038 -1182 34 13 828 48 -516 -558 -247 -15 
79 362 540 1023 835 -272 496 -249 -892 374 282 -811 382 468 -164 -723 438 470 327 -93 1373 -270 62 -171 -689 11 -603 -453 -641 -1220 -144 128 -108 345 886 -77 -778 1270 142 509 -543 837 684 -575 -204 47 874 413 -243 -211 1326 89 447 -336 -1096 1098 1852 158 1141 1522 275 601 102 917 802 551 -326 -501 -585 -387 346 -109 -368 1065 -1097 -358 -179 182 -371 -128 1000 312 -241 -420 269 676 467 1013 1037 -672 125 -1024 -116 896 990 -294 635 -652 -583 781 1979 98 -174 1713 -116 -849 1254 -218 90 -3 -130 3 -1661 -9 582 -879 -132 -479 603 1824 481 973 -592 -762 -1109 -827 256 807 300 65 -428 722 1047 754 1062 701 -243 -121 -9 -202 399 -73 -235 -374 -1129 306 -402 236 931 199 -903 836 372 -656 21 -799 187 -49 871 585 1210 -927 1506 441 810 898 47 166 162 32 -1821 329 868 -409 -1333 77 604 529 446 455 -102 -266 790 -444 655 348 548 -826 255 -1490 -498 60 78 -1155 324 -391 -70 -440 -43 -20 528 131 464 33 -940 -242 -350 65 56 1498 764 -34 -529 -318 -195 -928 -538 956 -342 -1687 -926 -773 201 278 619 -709 1970 464 724 -84 -199 -650 -743 -2265 -584 -560 634 501 -299 331 160 227 -64 -934 874 842 1744 -928 33 -926 773 857 -107 -714 -19 195 933 -754 -725 907 -625 547 474 213 -398 367 184 14 1186 546 -246 881 -1043 529 417 45 921 839 282 -176 -759 -54 1138 52 453 612 -410 1174 175 -516 542 -484 177 -683 595 1672 863 -735 732 518 -359 -1508 -1005 730 1423 371 173 -1324 -579 1482 642 285 -962 223 1630 610 -104 396 330 740 -760 -535 -645 2 -58 885 689 1068 674 1220 462 441 -211 -499 -222 -5 864 1001 -1502 592 200 -909 740 43 -106 -1382 37 -839 -385 -1591 676 -17 -1165 64 552 -307 -31 411 374 648 466 232 -888 -1 20 477 972 949 1256 -758 349 852 -644 -211 -801 212 -959 -1433 -158 -71 -78 -250 711 1041 877 -1349 -670 -189 -412 1280 707 -1005 291 -1795 117 537 -745 -1168 -560 188 
614 -621 -834 1276 1602 -344 -1879 982 662 649 441 772 -59 1642 3 297 1552 526 -107 -1297 -310 741 1603 1940 -1109 -394 156 1271 -221 -609 1130 618 -744 611 1486 -24 2290 -1168 -183 -1242 -337 -98 509 200 -1151 -1540 257 -2112 155 -141 -767 -375 647 54 -967 -342 232 19 -302 -204 -241 920 -967 1772 1584 -1166 1047 -515 -328 -739 -312 -316 -240 -1059 -1100 1189 -603 748 -417 -342 -553 -440 21 -797 -158 211 -147 539 -1432 -716 560 -30 662 -1558 -258 -818 -163 -820 -59 -1094 -133 -186 235 -377 -1181 440 599 -480 -345 239 302 -400 -135 -628 -1027 -533 -854 15 -209 -553 167 117 -865 -138 70 -210 -972 61 -926 164 -686 -1337 681 12 553 386 1391 250 388 -284 -265 -43 -406 551 127 884 -534 328 499 541 -338 47 -1295 384 1438 1689 -51 157 -197 492 -974 1050 -481 659 882 -396 -462 -27 -90 14 305 -661 661 334 588 -754 -212 953 -207 700 -600 -479 -129 -119 -1465 -1273 -64 60 291 536 -370 -368 395 568 -910 512 1794 -1481 -545 93 -552 911 -353 276 -1461 -370 -156 463 -1252 1077 1705 -206 83 427 164 -1067 -113 -430 -721 -859 -111 756 -73 -760 602 -100 -422 700 -49 974 676 299 1379 288 412 -238 2097 -1503 631 -370 -73 170 933 528 -754 1056 698 1224 -94 523 1502 -508 -205 1455 204 -213 -655 -458 898 352 -40 374 754 1231 -800 1425 -971 -469 1283 -783 -1401 -2135 -21 313 -497 -1145 736 -676 -27 598 454 -938 134 -1294 -72 1235 132 105 -1745 275 370 149 -117 -571 -156 587 558 311 -77 -1219 -886 -350 775 491 693 -374 -166 -170 -42 -1937 -434 -792 611 -698 890 -194 1543 446 -702 -448 588 28 -752 -234 955 1040 701 -735 -338 1304 134 -1 -659 461 136 75 103 1689 611 -430 -510 -620 405 -356 1290 413 856 -1017 661 -1390 -321 -286 779 263 -475 1480 -1896 -799 303 660 -587 -406 -313 -911 447 -175 -782 -408 1399 516 -446 272 -1923 -423 606 -930 -441 172 19 -677 -184 -368 16 1004 -1790 502 419 -267 206 -196 1435 704 1691 100 116 -4 262 -1201 1188 428 
-422 333 -864 -30 371 1263 824 704 -488 837 -1077 329 405 1066 -71 553 1425 -221 -854 -674 467 -342 494 257 -136 959 -691 -782 -366 -191 874 -351 -456 -256 276 413 1368 580 724 -202 -365 1140 -609 730 -568 -672 281 -1124 -160 -1486 573 871 -187 -40 110 1067 307 1124 854 -343 982 380 -158 499 743 -752 -642 -669 1227 -404 -1643 -276 666 326 728 579 -1081 202 1241 515 1530 529 -43 584 -334 1120 1017 493 895 -986 841 -485 1639 669 1158 -54 -757 800 -1223 -1203 1692 297 -1587 1107 -589 829 -220 -492 1675 325 347 1246 220 -376 -240 -605 393 -554 -580 -533 -1405 1284 -1461 822 -192 1771 -243 196 -906 -588 -989 1574 18 -90 -649 -331 -2659 555 1079 -993 17 17 -433 -224 -349 869 467 723 45 -272 -106 -23 309 490 700 671 996 -290 171 -632 -867 418 -75 -453 -402 -89 1190 178 8 -377 -579 -455 -692 -201 456 682 627 -1282 514 -782 -330 1430 1 -470 -99 665 546 -1150 -1068 -375 462 -364 -368 -445 -308 271 -571 98 -492 -740 208 -607 869 -1207 -1066 675 1419 -184 -14 -1140 799 205 507 800 -1453 44 -865 -511 -1051 52 -79 -1426 655 315 427 469 986 -818 1525 693 -22 -164 -604 -1361 844 -298 -966 -243 86 -359 371 -12 -1445 -621 47 1335 -29 -1063 777 -1140 -133 195 649 -209 2218 -132 -94 -65 519 202 29 -15 875 136 -242 1217 634 -423 67 -417 -946 -53 531 -102 266 -63 413 -255 -550 -387 218 1797 287 -463 1006 920 -62 -2366 -592 -906 504 367 -136 306 -466 862 775 -1364 462 -21 -576 -657 305 476 439 794 360 428 -4 -1954 568 168 678 767 178 770 -189 11 -1968 -1214 527 -622 410 -593 -1947 258 -183 -403 -403 -765 -106 900 -845 62 10 -1076 -515 -255 -805 -150 87 311 697 1262 543 566 828 1248 574 252 -1042 -135 1656 -139 98 73 -853 -1516 -283 -837 -827 -150 -922 -778 461 -398 1043 398 1200 1315 -216 -294 722 449 -699 -391 876 -1175 1202 383 186 1273 1299 -204 -219 1264 -454 -823 628 730 960 -36 -548 -871 -789 -43 1182 36 362 96 
-382 -321 399 -1626 1354 722 913 660 524 311 509 1332 216 700 720 898 -21 -1004 249 -309 364 -883 994 35 953 1048 210 -1461 -2367 -492 -159 -174 -361 97 -956 976 960 672 68 311 -189 -395 94 84 -904 103 501 1406 88 -88 -1986 1020 133 -493 -247 -649 -837 -168 577 -1701 -766 -943 -1005 1625 -389 -692 513 439 -968 -461 -251 268 713 -320 -1864 167 767 144 373 389 -782 476 -1589 371 -745 1290 997 333 -314 1239 -298 -726 -153 734 -900 1105 131 643 59 -399 308 605 204 934 -562 770 1015 714 -387 932 752 -717 311 73 17 345 120 1345 175 -241 171 13 -30 550 1185 -612 -621 -735 503 -1435 1416 558 -172 -60 510 434 -503 -812 336 -1326 550 -516 -427 -517 -701 101 -147 -736 -1257 649 -962 -1037 1555 -1119 1271 629 -1286 379 49 -237 -463 574 -1160 -388 -1023 1107 746 -272 -1363 235 -1625 521 196 716 -552 -1664 787 -613 -457 1059 -150 768 -306 -666 248 -181 511 -406 137 709 -1043 -320 -162 808 168 113 1125 228 -1154 139 -814 -663 -385 262 -662 -1188 1386 516 -154 669 -281 743 -1373 -88 357 -282 1127 54 177 -680 489 -610 1692 -1245 382 -18 -1012 -746 -839 -231 -163 -473 22 1638 239 504 236 680 -1374 770 -787 1075 -178 759 -378 -534 -1 -382 -975 566 -1029 -422 -707 231 284 640 808 -795 289 33 -692 -695 522 -1014 -174 -1394 -237 1672 -24 1275 -558 -71 -466 872 0 -265 -237 -254 62 -443 807 -266 -432 -1127 -166 694 -471 -20 619 -424 1306 -596 -519 723 -740 -738 -24 1202 359 435 674 856 -238 1405 -608 -665 -951 -1522 -33 -626 -487 795 520 -554 16 762 -93 556 -450 573 -184 51 -682 951 -181 -138 696 -610 -258 -194 -244 -476 -451 -412 85 184 -712 -29 728 423 -280 907 -271 304 -107 1549 -857 -626 168 -775 -1019 -658 730 -1051 83 269 892 192 -573 8 -880 -14 -309 -879 782 -806 1005 925 -688 -374 681 -306 236 -107 -766 946 -582 -585 -501 -406 935 -285 1734 495 -661 -36 -2127 42 439 -489 432 1021 1010 -978 529 757 -1007 504 1778 -1083 
-2010 383 -1875 47 988 -182 -127 -1555 -30 179 236 -134 -116 -320 152 496 -249 -978 -203 -453 743 -698 -194 -417 -177 570 -814 601 135 291 -535 1088 24 751 137 1092 116 -274 -637 435 1144 -540 -450 -246 -478 734 -765 -854 -585 56 -396 -1273 -1679 -695 367 -194 659 522 2009 570 -495 -101 -246 -835 2128 -616 -1137 264 644 -140 -321 -248 21 774 159 40 874 1495 -385 -1422 599 860 616 91 930 867 -337 -697 136 680 1396 -1178 -478 41 -705 382 421 -23 -278 504 320 -811 -391 72 -220 -63 -241 118 -1111 -1221 852 231 1417 -451 778 -1402 -1040 -352 585 554 -54 -419 -32 -882 17 658 -215 133 -442 143 -462 -443 1149 57 -799 -191 470 293 115 -138 -690 -336 137 441 524 -226 -243 1038 -15 -429 1586 747 661 -1279 1105 -936 -937 232 135 98 197 790 434 249 -1165 -271 41 829 -629 -39 1041 894 768 1225 308 -344 1269 -271 269 686 528 727 -830 590 873 762 524 573 -401 -1544 839 -629 1373 -270 11 455 24 852 70 357 -113 -1200 -32 -701 50 -633 80 -1074 -163 -164 -571 -10 -192 -470 1153 900 -487 142 -15 742 -161 -887 1055 -754 362 -875 -456 988 168 -751 -759 -397 129 -1187 492 81 -959 -601 344 1045 -115 969 638 -165 -228 -600 632 904 -614 -872 -864 163 -762 -443 -353 429 1453 -385 551 -192 255 -501 -54 801 -17 875 -77 -49 -733 -667 -1651 270 331 504 1116 350 -442 613 -190 467 -182 133 1187 -537 1778 -464 -981 -536 539 110 551 34 -143 768 -595 -513 -434 -328 86 -81 735 -352 -4 -549 69 -385 613 -73 -39 -22 -627 -475 -2770 268 -309 482 -1161 -587 -78 433 100 -1135 -715 272 -163 -436 613 -620 -1288 139 -284 -867 -622 -70 -802 -743 -256 355 -1005 1338 -477 1638 -683 -75 -425 -330 321 366 -1182 393 723 811 1024 321 397 764 -487 105 -152 -180 -990 -292 -1321 -282 -750 197 -574 -583 281 -359 -1019 -501 1420 -334 366 52 -789 -410 -1620 430 573 562 670 288 935 150 -491 358 274 -196 1037 -545 -761 -65 1270 1499 195 -115 1123 -517 
-722 163 -57 -470 -346 313 -1400 781 382 -805 431 -35 -1672 -552 -831 1595 1078 -410 840 388 454 -615 -335 -1197 -670 -157 -1283 60 797 -516 -246 980 -245 368 -768 -282 589 82 -416 -283 264 -1110 -420 351 -230 -748 486 164 72 -887 -1096 -345 -988 -1076 -438 158 60 -1134 -784 357 373 88 140 -313 -358 271 546 365 249 -172 -192 -303 -273 -734 553 1592 -59 -304 765 7 -69 -110 244 -1263 1305 -1059 1119 895 -1379 -790 -415 164 -618 566 1345 466 226 -712 880 1415 -1662 -211 707 189 275 644 472 -146 -1339 64 -515 -1246 661 644 -727 -289 268 680 -884 -1185 158 -50 -938 -33 423 28 -1807 868 462 -191 -589 555 416 -28 -167 59 -586 674 -67 258 856 1007 -165 -297 268 516 -44 450 1926 441 -393 -516 732 31 -181 -790 103 -456 -604 93 -1246 650 576 -345 135 -70 1109 275 718 -86 892 628 314 -24 631 -854 -875 -1035 -33 35 -1225 -424 -381 27 536 327 -79 -1729 -312 711 223 268 840 562 -203 -163 494 171 -576 -672 -509 -644 -1003 -1417 187 319 -287 8 1020 -875 -937 1013 499 -1539 -220 544 333 158 926 -325 -1460 -1176 -129 -179 15 252 452 1179 -369 927 522 572 1204 672 -232 1057 633 -725 31 138 1347 52 -1817 549 -642 459 -2 418 -39 248 -1429 24 626 161 205 642 606 1013 1465 1471 -65 572 193 -1280 1261 41 250 -20 630 90 -889 -303 293 -519 -1006 1636 1525 -254 16 -478 -651 -254 -1178 870 558 -711 1164 -150 -1666 -315 -475 -1175 630 694 981 394 -31 -561 -638 -355 -310 -121 -570 -1576 -211 1104 548 343 -929 308 692 -580 -698 -161 -420 505 2144 -50 1250 116 -333 -189 456 -513 1346 319 -70 776 94 -733 841 -127 -527 -655 -533 1074 1264 -238 -1110 -167 935 1500 -354 591 -450 -340 -169 852 360 -1528 864 -433 425 11 -72 -1167 -817 -895 900 -470 451 -131 -566 -65 -1128 -299 -772 -146 -1414 -577 -781 949 -828 1217 -180 -226 -570 -539 -655 -1461 738 1126 -200 -986 -88 245 1322 123 -354 233 -594 1100 1225 355 96 -430 -19 -1797 660 1396 
-302 -10 -779 -463 835 916 1474 -98 342 233 -241 792 -436 597 -358 920 5 -187 565 568 1083 386 -208 -398 -612 1590 -30 -572 -137 766 -455 111 -567 681 343 -517 777 -564 78 258 648 -1084 -288 -58 748 483 115 -37 1240 184 86 692 1 -199 483 1703 -1019 817 -558 -429 -385 431 1157 859 -872 -549 101 284 234 -569 311 -249 -132 -758 803 -679 -321 580 457 444 1773 431 452 -710 -49 1363 -1229 638 -167 -137 111 722 369 -728 733 607 -958 -111 -272 -10 723 105 -184 156 -21 -277 -888 1312 -685 991 308 -1237 -325 -97 29 993 -458 -185 1018 240 -503 -386 -826 118 -866 -797 -519 272 -173 -1193 -307 307 568 359 -366 -566 602 -1497 -854 -1152 -1170 654 433 -580 -610 -877 101 -267 -237 769 -1149 24 -202 -129 -809 805 -317 -2009 999 -613 -351 -823 898 -277 463 -537 456 124 268 406 311 -503 -162 237 -1229 429 -314 -902 -1062 705 404 43 1 920 -957 -1122 415 868 -331 1574 726 -868 564 270 239 -412 -532 1416 1335 -1255 288 -719 36 1408 -530 1324 -1779 -1373 241 462 658 336 -919 -122 -599 1013 -106 454 846 724 -346 -835 1005 161 -1464 -507 18 471 -588 -1244 1003 -623 -321 662 1004 -217 -578 375 -2153 -1420 -232 -1149 233 -120 330 622 144 544 -1033 1029 -459 193 -144 -221 269 -256 402 -258 -1164 667 -1229 -732 277 -120 765 692 944 -59 -354 -560 -696 377 20 -974 -1507 -1571 1492 -1003 326 308 770 481 -489 550 -77 461 -158 1299 1063 550 -800 473 -309 679 449 845 138 550 -1092 326 -154 -510 -1019 480 -1760 326 35 -968 743 -2031 -614 743 705 234 -83 417 1252 -76 209 201 -476 -659 -421 -721 -489 -861 760 -849 -822 -55 -293 376 939 314 -127 -126 936 -408 157 332 1550 -202 -2042 1160 1462 819 -295 -259 1049 -658 575 415 -103 -311 398 27 -123 -988 -333 103 -329 -1113 -118 -734 -383 -1493 -1111 -633 -718 726 276 -998 592 78 813 -205 263 -113 -1601 -63 -965 887 -268 -820 221 -19 -84 -91 256 254 -275 222 94 389 601 1635 -334 -488 792 -117 
-402 818 -876 401 522 128 817 -499 -28 -105 312 452 -442 -257 -244 115 -1040 273 -234 -1265 278 628 -408 -206 -502 859 -973 560 -523 245 -713 -443 1377 1285 586 -295 -94 1591 -128 -364 -389 133 -117 -323 482 -1232 -681 537 -197 587 1231 536 536 1140 734 287 14 345 -208 -1834 -485 1598 -81 -237 -691 1023 81 -13 578 -919 -2056 335 426 829 -72 -405 561 -126 -993 -889 423 224 757 -1199 -1850 -914 -677 -362 448 -850 -609 1318 206 29 165 -320 -160 -544 195 721 -940 105 -507 160 588 -355 860 -884 584 -472 1677 -507 157 -780 281 -607 -800 -71 153 351 449 0 -315 -1 -128 387 600 243 -817 2 -64 107 595 425 641 -1054 60 -919 -34 289 -688 -593 897 396 -7 625 -988 361 -1334 281 -387 24 -445 1125 -767 -735 552 -1327 -639 -555 429 46 141 -628 -1097 847 806 -904 919 1575 2015 488 17 -474 1580 -774 388 154 258 -973 1003 478 1355 -936 1034 14 198 -675 151 439 -96 -900 825 -1008 -171 -710 -250 -321 -607 531 -160 176 -1214 -912 511 1849 -296 -189 1387 -772 995 877 727 1309 -1250 -554 -403 -115 87 -739 -1475 816 -99 1301 -1004 -1254 97 -144 154 287 -865 1229 -900 -1232 81 762 592 -201 138 -26 496 34 686 -288 1225 386 378 419 324 -351 444 -47 88 211 -268 -580 -271 70 70 85 -592 -124 -109 327 193 -1592 -665 675 -1308 1983 85 -1593 743 -468 -316 419 320 1004 88 319 -1089 -1511 551 -1107 421 -755 413 281 36 521 744 -9 -58 369 -509 -217 -354 -226 -908 -786 88 -127 -285 187 220 -1193 -1619 446 1665 824 116 1449 -1586 267 475 -922 -340 -2056 1093 -96 670 358 215 -358 -78 1311 -120 -99 -104 -297 889 437 1048 1019 1189 247 -447 -376 -1196 -785 -816 -6 -611 1216 969 221 873 1349 965 762 271 261 -921 348 427 403 443 -691 207 385 839 -403 -597 194 588 791 1213 935 1915 -193 -119 537 218 -1119 -439 -347 -185 400 -307 1183 -171 739 -651 -1204 577 346 -730 -104 -572 -367 -63 -875 -280 1048 502 -1349 -1195 -942 -591 -273 
-1387 -521 463 -497 -100 159 -719 -215 1168 -559 -1134 -51 60 -338 352 1114 410 270 -897 -218 149 354 484 1129 -172 -735 826 283 -200 452 1153 -507 504 -1936 -87 1665 307 -452 -581 -66 -809 -285 170 146 -716 -483 -106 -596 -1062 -267 -633 1047 204 708 -125 421 -617 3 828 -1519 -98 -1255 -1365 -115 1341 284 1368 1120 -939 507 859 -260 166 -774 898 1415 -403 264 1166 593 -1034 -160 -265 -1625 -27 787 721 -123 222 657 1468 -375 -5 -324 760 80 -990 721 -237 86 629 692 -461 352 -760 1258 -1103 -105 227 -1155 -171 635 153 766 -492 404 196 -106 -307 -1101 954 -225 1310 -498 -47 -160 750 220 767 -364 478 -431 789 270 1650 -1184 -767 450 -166 1115 -1067 736 504 -845 -41 1319 -537 346 -981 600 529 -1200 830 20 -411 -566 613 1221 -1282 575 -1343 -809 -124 -1110 -498 -977 -594 289 450 -371 0 837 418 -1340 -600 570 251 1708 1334 115 -116 -526 432 -380 -654 681 -151 -783 -717 1226 -620 -961 961 1434 -741 542 -1134 -528 1016 579 82 36 168 -482 -274 -348 84 816 -238 -1395 -80 323 39 432 -140 264 -388 -925 284 5 -116 96 575 -660 125 1475 -98 -1027 374 990 -536 -14 999 202 526 -769 -246 718 -565 -750 -696 256 -1072 283 -913 -883 -573 605 762 -400 -391 -739 686 801 319 -1104 1023 -706 -753 1056 -462 269 888 -29 -435 58 50 -30 134 -615 -1002 -27 532 -908 660 745 -117 121 531 -360 769 481 -501 1033 -113 884 -779 590 485 -689 1683 880 215 1023 -36 -974 1213 45 498 -762 999 -365 284 336 92 1021 249 724 -1041 -822 639 -1387 -69 -263 265 -518 -67 -407 -400 -802 38 -113 118 242 349 741 -192 -1360 -850 -6 82 282 498 230 112 -377 -27 18 -618 45 1065 1371 1314 717 993 1017 1422 265 214 932 -247 1745 1918 253 111 817 -639 93 -37 1561 276 -1001 -809 1512 -2 -38 -1249 -265 -466 -320 -2422 959 -255 98 -262 772 -855 -3 -63 -271 -93 60 -317 -237 -167 -10 -309 406 -371 -328 752 14 -117 -593 -786 -991 -86 329 168 -206 
-941 -617 601 535 839 -666 6 267 -946 339 -714 459 709 524 1059 259 283 -1277 -927 111 815 826 -7 -45 -903 724 -179 187 -506 471 -293 -1182 286 -399 483 106 -426 682 495 -74 -1138 591 -168 -766 43 -752 113 -435 305 -605 -660 -648 477 532 -892 -131 -429 -106 -512 -192 -486 806 216 -1055 -134 149 1171 436 1242 258 -299 -1002 -551 311 793 -1847 -355 709 1391 1271 1462 2314 -1357 1057 -422 235 290 -345 1559 -251 263 -884 -560 709 450 -1592 -622 458 -50 -107 570 875 -109 -739 119 325 -1192 617 16 494 -475 -160 463 -717 243 -244 129 -64 -673 -47 38 -1599 1659 885 -6 -315 938 250 702 309 743 447 1036 -731 967 -284 -276 -1029 -1091 -58 -631 -791 -869 -467 -465 -516 -4 159 -789 1390 1422 429 1493 -859 -628 1668 799 522 -2237 15 253 -784 -1104 -654 6 600 904 -73 12 1216 1066 1232 845 -331 -41 -115 -375 -580 -437 1090 653 -504 -292 233 1882 558 -139 1376 -411 1241 -445 252 -1080 -186 25 364 -1031 236 407 -738 -517 391 42 846 -900 114 -1118 -669 414 -1118 1878 -49 416 106 -573 773 428 770 -847 -471 -849 752 1227 -466 -9 301 591 991 -1819 227 -790 460 -310 -429 99 350 -542 -1235 1140 -912 -229 537 137 79 130 -716 -295 745 477 80 -490 1303 -512 -9 -473 -1722 -43 1195 -373 -554 -655 -232 -32 154 895 1374 589 -600 139 -463 -269 -311 -248 -391 362 -1974 -487 -318 -250 186 91 -1350 79 1129 -628 -1343 229 -1265 -369 328 -1570 -557 -1274 -554 -588 -213 235 -678 348 349 253 -705 -739 1263 559 -1227 379 1262 -1142 -551 1281 -844 157 -41 705 593 1381 -541 560 -936 501 1245 374 43 -55 763 -267 -426 -1228 151 1090 -839 1126 -203 195 -642 164 -896 588 1439 781 -353 138 764 792 -144 -314 192 1006 -68 1426 -986 -639 -833 -440 1463 -1344 -374 81 -703 -191 987 343 -1156 520 325 -1262 340 84 57 518 -256 -519 297 632 309 -1179 316 355 38 356 91 -911 583 273 -222 507 428 -754 -1298 838 477 354 -278 385 -278 48 29 335 699 
827 128 550 173 33 37 -80 -152 531 599 -908 17 1521 783 -415 1680 -336 -1236 -176 295 -284 1047 -286 -273 -174 -170 -152 301 374 511 735 -306 -261 -985 -1066 83 852 -570 250 -423 -3 473 1049 320 -202 -293 178 -796 1067 72 -577 883 -1130 -1304 92 -183 -593 564 -444 119 357 -25 -190 536 40 -1125 1593 -746 -5 959 -186 23 -84 245 -479 -780 -19 87 210 597 -463 -537 320 1033 -78 104 -1222 501 826 -876 1968 567 525 572 -1088 -57 790 -433 -119 348 104 -440 -681 618 112 324 -822 -48 151 -1339 -8 -586 -386 45 342 1369 328 909 -1402 -877 -181 1026 13 677 568 -914 -198 175 -741 -67 188 -162 -637 -1964 802 -736 281 2127 158 405 -73 206 274 942 111 660 -424 107 78 -212 215 -1458 -755 819 661 -10 -418 617 265 -253 -988 -1210 1251 -162 1745 526 -201 612 1371 881 655 1 -695 396 601 1233 669 954 458 -23 -198 686 268 11 -236 -1050 -1241 -414 1883 868 601 -2368 492 42 371 -476 -1360 -511 -760 -142 769 477 228 -1060 -810 443 689 62 -444 147 -325 -1418 -1119 -638 1695 524 -562 -133 -244 1552 -46 -956 83 -947 393 -559 877 1258 -578 363 705 -342 -566 136 -1269 -566 -977 -304 -1475 -900 -41 -1184 -505 1044 -667 1708 633 -283 652 842 -185 959 562 868 -296 -629 179 -132 285 748 430 -288 517 49 384 -606 24 168 -186 -1626 -455 -1199 -13 -732 -848 597 -281 -1256 210 -390 422 -761 -805 -1561 -678 -460 -904 429 -370 -833 -51 -986 1155 -605 -929 -364 -492 378 -136 -324 -325 -337 818 959 422 142 927 -848 -1289 708 -827 -1335 -55 -669 -563 994 -572 -704 188 95 1506 1051 1174 -463 712 -2137 -841 543 -1055 -614 -546 511 -2 -74 -1217 1350 204 -406 190 -145 485 -1386 -24 1194 44 -952 -153 -121 -659 285 1179 -332 -270 548 615 -1384 582 -20 281 -11 1148 330 459 511 -578 265 528 76 -100 -141 -895 1069 -381 -82 157 585 -373 161 648 -457 173 1361 1125 646 476 -290 608 1259 -1144 818 1355 842 106 401 665 125 386 346 221 1305 
239 148 -101 -1011 56 1314 -1036 813 -228 559 -1152 1153 255 921 -1055 1426 475 -178 262 607 -977 381 136 520 -410 1379 -514 419 44 -412 -1269 1550 87 -108 -1035 1168 878 378 155 -688 -1746 182 -789 511 -960 -212 414 -115 -1128 1184 279 -234 328 503 615 328 -155 669 -91 -281 -632 557 113 580 1247 -739 1291 -218 633 -224 449 -174 -122 -717 -453 533 -1174 -354 1280 1451 -611 -408 -845 305 5 445 -540 -1158 539 446 869 1373 -92 1878 -376 -61 -620 -340 951 465 420 455 750 241 -95 1493 -935 -128 371 -647 -175 283 554 427 1010 -320 -122 -343 761 198 1357 676 -352 -477 -502 -103 -978 76 -916 223 856 385 -294 -690 696 -243 -246 -610 1014 -251 -269 215 494 844 74 705 -28 -164 63 -568 -406 1117 1389 177 404 -420 -514 90 1501 768 -465 22 -406 474 -2182 -394 -1260 665 965 360 1327 1104 108 -63 -1420 -154 -928 313 -245 -64 -61 135 559 -669 1183 913 -414 -881 -672 1103 667 -953 651 -1199 -204 57 -1815 504 -247 596 783 573 325 239 -175 706 123 905 -760 -1358 -193 312 -1032 -349 -196 326 1238 534 -409 592 -477 486 451 -579 -364 328 -832 -960 932 -161 -1209 -185 -635 241 303 57 -1529 372 -470 -115 -401 -860 -1239 720 -673 -295 92 469 -474 247 -1066 -337 72 -303 356 -2263 -1210 429 371 197 -436 -333 22 -171 -316 -231 1125 658 646 -271 -106 352 -18 -834 113 -454 120 1297 237 -631 -838 -873 -668 -742 480 97 -842 111 852 -372 811 630 1492 481 -427 -94 -101 1106 711 485 -250 130 737 547 903 -769 -254 526 -601 -1439 563 635 2519 544 -797 -206 283 -180 -21 -843 339 -329 -659 970 1066 95 -197 -171 -1328 -994 1613 -323 -49 -478 74 -304 -533 -147 1258 -233 333 -541 -442 918 -608 -578 -587 -1318 370 -822 996 -1618 539 -151 720 -871 1546 329 617 756 1061 682 386 -803 -241 614 -1127 -598 715 710 -43 -463 92 -384 845 -566 -684 -550 -113 -85 -38 -573 -1001 450 -178 194 697 -195 -301 -712 557 1635 -91 233 -732 -1043 -594 -743 519 -1165 
-1168 -575 1777 -792 -1434 -1002 -97 -814 679 -680 399 638 955 -668 722 -941 -468 -175 201 1105 -400 1481 -425 562 900 753 1343 1423 -508 -191 -653 -108 756 95 -1536 836 125 863 -488 830 -80 881 654 319 782 -95 150 1236 687 -828 -410 610 374 -13 -569 1143 -333 -489 149 -145 833 -136 -113 -555 846 66 -59 -931 906 699 659 -407 1096 -1108 272 -528 294 300 -859 -645 -496 425 -109 17 -455 -706 -820 570 -485 420 538 -862 923 242 21 -146 460 -177 -288 837 560 -83 -263 906 679 382 -1141 185 -908 -745 434 1204 -53 341 -607 -89 693 -266 1005 -700 345 -439 138 -131 -110 837 -810 76 -218 -1061 -90 1166 -637 349 254 -1281 -1649 1192 -887 267 -432 -49 523 -818 -920 115 -706 620 972 682 72 151 -427 -644 557 827 105 -818 529 169 436 -1524 1078 1160 -785 -244 -545 34 -597 307 216 1347 -776 -718 -94 -538 -942 -2 9 1017 -49 -1019 655 -1024 433 -554 652 -361 -1639 -93 -639 -523 1309 -214 1039 -429 -425 207 617 639 554 -332 -178 -367 -500 -1833 -565 1200 -1249 793 279 -508 949 426 -362 1197 -1111 126 -297 313 438 -19 -1017 -461 678 752 -1136 908 -638 -692 -228 334 252 91 1602 -1138 808 -382 -404 -426 -460 597 439 -23 -1059 -301 -556 -1241 803 8 225 -716 315 1327 -174 1335 302 -176 -1009 909 376 344 1018 -159 533 757 -1266 539 162 -448 642 1254 -215 -778 1345 553 343 -590 849 -1170 38 -590 246 -108 -201 -1189 -852 -708 -1281 -14 -24 1155 630 -158 297 577 -1052 465 1459 949 -234 -38 261 -144 555 742 -193 891 -902 165 794 -603 -148 -678 339 -1406 -552 687 313 504 -48 994 -27 1273 1329 -977 759 -176 -233 443 325 -538 -320 -354 -41 -355 679 -465 26 7 39 -499 496 -67 -113 -86 289 -859 669 443 -922 313 -236 -333 -846 168 1226 19 -238 706 174 225 380 595 1013 677 48 -1434 250 -287 276 -78 -386 216 -242 923 623 -1240 121 -861 -503 1160 -914 -327 263 -208 -355 424 731 909 165 -497 803 126 -863 372 77 -221 -356 536 
1001 1239 -167 -646 -274 627 -1011 767 264 -867 -784 95 143 -88 -590 451 1053 1151 991 544 -134 292 44 -447 49 -873 -175 1047 -155 73 995 620 -566 -364 -404 657 202 665 -41 288 -2521 -198 -376 -250 2115 -1399 -130 102 346 227 59 -522 657 518 -840 -386 -11 -879 -352 -453 1185 -174 -960 236 207 602 420 252 220 -1286 -184 373 -1504 -240 -1224 -62 -404 1359 -659 309 -385 -11 -118 130 7 -365 73 1018 712 -488 -301 -661 308 469 1191 -948 312 150 -973 950 231 -42 -4 -178 -555 447 -923 1312 856 -74 -635 345 297 137 251 641 -318 -235 1022 -764 50 -515 649 1138 -843 583 -334 277 383 97 -77 -818 -57 336 -126 755 36 613 331 -1288 1325 -142 884 182 258 2276 31 -518 303 455 1113 572 149 634 215 769 164 1368 -68 -26 817 -446 134 -24 153 814 -539 173 -354 85 -110 -1489 -295 -394 -1123 -722 -374 885 -641 -103 -198 -446 -754 -227 -3 375 959 490 -589 -1204 -154 -1749 838 1288 -434 368 -931 276 1163 60 -404 180 338 -747 -219 597 -562 -349 -743 -552 -25 -2387 -554 352 1452 -355 -241 -719 -417 530 -1146 916 -1055 -183 -1377 392 613 435 1227 -655 -1491 -112 644 -817 -536 177 269 -1163 -187 175 1602 -852 415 -631 -998 954 -135 657 -54 678 -162 248 472 50 -387 -130 -274 591 829 1608 -311 -18 -109 -199 -347 1252 -476 -1109 652 -98 216 -595 -715 297 533 -516 603 464 1268 80 78 -378 280 768 -227 -905 175 43 -233 683 421 -1157 147 -702 -182 189 471 837 -377 -208 -616 92 9 977 -357 864 -409 -286 -522 -137 -1184 411 -1022 -122 780 401 1927 83 98 -423 1574 -575 18 -705 -1684 14 116 465 -272 1458 -458 47 -406 -330 -1997 483 -860 -515 -251 -133 508 -85 -556 -986 1781 752 54 569 -98 -7 1235 389 -261 -1825 67 -303 479 -90 -41 575 517 -389 -267 -91 639 144 133 101 713 -121 -580 355 -896 719 -150 -102 -1183 -925 -394 -753 535 -237 2153 217 -516 98 393 -50 -313 137 1062 -140 -487 -17 220 670 -244 -1019 -399 1118 
-281 -313 -532 911 944 -939 720 1994 -482 -903 175 1172 121 -518 -987 -177 -341 -1262 1261 -93 -601 2025 -206 41 44 97 1012 456 -605 -760 1436 -462 233 1790 1118 1033 951 1037 -649 193 -1380 -817 963 1079 -86 789 1509 243 -256 381 -1856 -11 1482 2 -180 589 201 1539 -25 958 -1031 798 600 -822 258 230 -317 -795 -9 -276 891 -893 47 -383 320 -207 885 -294 579 58 -276 -1361 196 -1587 -914 874 1405 -625 -604 382 1744 -345 -528 659 -1766 114 954 587 187 -347 -559 -1031 73 809 1325 237 -1918 -598 948 -758 308 -146 -1666 925 587 -142 463 322 1323 99 1 -304 -542 1070 902 925 157 -478 -904 -839 -1228 -686 109 -269 1477 772 777 1278 149 379 5 913 -290 195 271 112 -50 1086 467 -783 -272 269 87 783 -45 -1119 -568 33 -781 442 220 315 185 298 424 -114 -194 -45 -544 -57 13 -176 -531 175 -480 -573 -463 1025 673 -737 580 -152 637 -656 -883 1053 -754 -490 -14 -661 -809 -205 1134 1053 -898 173 -533 -275 516 -118 -607 1209 179 -183 907 525 58 54 1240 -385 1187 -1403 996 -1140 387 359 57 505 -1326 -144 -304 -1259 866 365 -598 -495 469 136 -43 314 -1213 -205 1438 -284 -647 -300 -154 -736 -1940 -559 768 299 -891 866 -214 377 -229 -518 1488 1110 720 154 -1389 90 68 41 1047 -409 -715 -648 -1209 32 -61 258 1394 -58 -978 1063 -655 153 -898 -25 -480 2100 974 631 -290 883 1155 1074 358 -751 595 -230 -608 172 -2 680 -508 642 -279 1866 -587 863 91 189 -1015 665 1511 585 37 -736 135 -1154 872 535 -1064 662 -1043 854 176 384 -532 -127 -1916 471 756 1826 -62 301 507 284 96 -245 -692 -1065 -1242 1088 -424 -458 735 223 -302 -589 71 509 596 37 -31 514 2049 -457 663 -68 970 -517 242 -2056 -518 436 32 -381 -276 -1250 -267 -252 314 1629 1472 444 1168 1160 685 -987 -1011 814 680 -750 -530 -1752 -193 65 -1086 952 -287 186 -23 -521 1061 -31 -241 1290 -330 -684 -806 -87 348 -193 708 -915 -653 -29 801 666 -529 1466 -572 -913 818 -264 
-343 73 -286 561 -242 868 1203 -474 -337 -17 96 -155 631 -315 -479 291 457 322 1435 -146 -105 -211 -418 946 -205 94 60 -568 1034 729 51 298 813 -702 -366 952 -1410 199 -151 407 317 46 -355 -878 -1082 381 268 -341 -2161 744 602 -615 314 -847 -1759 421 -1247 159 1104 -1285 -232 -963 -36 -641 1771 532 500 -521 162 -618 22 -313 -358 1156 1079 1251 38 630 -74 -878 -1126 969 868 182 1012 110 246 787 -4 -44 826 -485 1798 1958 2076 -365 336 23 -1306 1056 -496 310 314 1231 872 -55 909 1051 490 257 327 -597 1195 -673 -1629 688 733 -381 -744 -556 372 691 106 -1179 -1352 80 -136 757 1180 0 -343 1011 270 406 424 21 365 -620 -127 790 -737 -298 -1038 372 779 -576 -313 -680 103 70 306 -79 124 899 77 -762 1403 -104 -1334 -308 -55 300 221 -883 -101 -967 -256 -18 485 765 515 361 1074 -361 624 -887 100 -487 1050 -1158 -1145 -45 -41 251 961 433 -758 1039 -774 -451 -434 -489 1071 1045 -1104 161 -323 -68 -302 434 -79 -930 91 -38 -677 -241 -284 -1349 -104 -532 -1422 1599 -223 889 230 -391 -23 209 252 -436 -305 1387 -544 -545 795 1430 -678 -1127 570 677 380 -553 -129 70 627 867 565 -160 927 -349 621 1456 -1195 -26 -1171 -1398 -104 -771 -15 -2421 -333 458 875 533 -199 565 485 -105 818 537 -685 458 -245 -856 1180 -253 1322 506 -866 -79 -642 139 309 -1923 -253 505 -931 1116 173 -1220 -944 -755 426 -278 1653 751 -1764 249 -1353 -169 2259 -526 219 -304 -264 -983 -278 -860 606 586 -599 930 617 -772 -741 304 1876 732 -432 -966 -455 -273 -514 -821 434 -679 -1768 -890 -365 -308 273 230 -801 -225 92 -143 -269 888 -159 -377 -616 303 -327 760 -990 -629 307 -1363 -1075 1014 -711 731 629 747 -242 242 429 734 377 1053 -1284 577 874 -660 -843 -131 1320 -882 850 -885 -1170 -920 53 1167 -983 39 -1100 149 -293 1235 1168 1278 -108 174 -278 -1008 502 -474 1165 316 1770 696 -118 -1256 381 1785 -328 -810 -912 1146 -780 -706 433 1019 -848 -88 -1436 -824 -153 712 
437 401 -357 -131 281 396 500 -676 -492 -1080 188 -825 338 418 1075 -211 -573 431 198 505 -758 929 946 802 -707 280 829 -22 72 870 -193 456 593 157 -455 376 -1070 -565 592 329 -780 -291 -54 -934 -732 -217 -588 309 1021 508 186 1193 980 -669 1136 -517 -1144 335 -934 -511 708 660 172 -110 984 524 -994 -372 908 -1448 -88 310 -433 -1325 -118 215 -823 -1118 -74 -1302 -651 -1623 1043 277 -425 -951 -269 1033 312 -29 71 -467 326 77 76 -336 -1748 -325 -368 1089 -640 -605 -31 881 100 389 -1011 966 136 589 -350 -791 -374 -736 327 652 -705 1223 -4 115 -683 -315 -737 501 625 952 884 441 285 121 65 -901 -946 -105 710 114 -314 -495 -386 1049 -719 15 921 385 726 -612 92 -1132 -632 839 621 -257 269 -343 -420 115 1673 340 -37 -342 -829 -116 994 656 566 -1631 733 226 674 -256 -1013 -777 -421 -730 -484 -1484 610 215 -379 -402 -1217 173 1106 291 -610 -446 885 -1433 -473 -266 -431 1068 -265 -217 -412 360 -11 544 -149 400 154 399 -726 -126 -560 -1749 -400 597 -686 -908 499 1208 383 -19 -441 912 1182 -1123 -563 -544 -404 -570 -2289 -445 -76 698 170 -1066 -1279 -449 1646 -189 -157 -1027 572 -439 -155 -408 -350 -1135 -330 -136 -931 797 -1318 -547 -426 -1507 283 427 -407 -170 421 175 382 -1331 1034 28 -1052 666 397 -461 879 -196 -145 238 38 -954 -440 31 -598 -1707 1589 -717 8 -160 600 639 311 -179 -31 708 -459 -319 178 809 -297 -143 -184 273 66 -90 68 139 -721 15 -295 -803 1164 935 -564 156 643 -642 -549 132 -640 -379 485 304 -862 -174 958 175 -216 -940 -914 938 900 -247 -206 658 -548 -1049 63 1005 -253 439 468 -303 -741 -249 388 445 -84 74 1075 -428 -191 -1 258 381 -665 -419 -753 892 -469 -795 -6 -663 -922 431 453 -651 -305 1063 1353 444 1093 -242 110 135 -183 -31 -446 816 -570 34 -395 -85 -71 1029 402 204 -531 -377 437 399 -1128 -817 -328 143 -342 -411 -204 980 -548 -153 658 -35 -547 1381 178 1645 -266 -399 -1170 -923 -1020 -784 
1103 454 795 -213 278 -517 210 1416 1191 -510 -717 737 -103 360 -329 1045 1393 -676 -871 283 -1753 -319 -961 250 -561 -761 -572 608 454 918 -631 -521 -612 605 -1143 -193 -113 609 1611 -903 -951 795 -576 861 1480 632 146 141 557 1151 1159 1200 765 781 78 -72 -635 472 893 572 353 368 667 473 -420 45 -1130 -1676 -46 26 -691 -665 201 745 -610 266 -154 776 -809 1485 1069 20 102 1262 635 -101 -627 549 1635 -577 566 266 -1382 -697 206 -336 -57 -674 -475 960 224 -713 -461 -795 -220 10 -367 309 -82 167 547 390 153 -192 -934 168 473 -624 1240 706 825 751 -1212 724 -1483 -646 181 -418 -134 1176 642 278 -488 871 -1366 188 137 678 -393 -1046 509 104 267 765 -871 605 -50 1542 -346 -252 -192 130 344 1486 -838 538 1230 172 -105 -694 -374 -84 225 -112 -441 -535 -506 -584 -339 -837 -823 -455 343 241 -776 403 910 -725 73 -503 264 -250 945 677 -579 -301 -416 298 1450 564 -206 602 719 -759 -514 -19 -16 -1257 747 377 512 192 -1812 -238 828 157 9 -416 790 461 -594 -1053 -432 -924 -407 1099 -1676 633 -1015 -196 -362 -1057 -1049 428 -1325 -493 1254 -302 -677 -340 -271 59 1356 450 241 -1438 12 265 -92 328 -1226 -1042 1741 965 741 -429 -1322 69 -59 -821 367 336 494 566 -495 -774 -38 -1381 -114 -158 -443 -516 807 -616 1270 -177 204 -738 -1208 -5 319 -574 -1306 209 -54 -96 633 -1007 179 1251 -10 -473 -1552 -541 -435 525 -625 -674 462 1431 -558 -1077 -764 140 571 508 1801 160 284 -435 -813 125 -1101 -465 -44 1005 36 108 -268 170 -38 1215 736 -324 272 1042 -330 -136 -239 -681 1815 -298 -582 -452 -414 -164 -1225 -684 722 -93 595 1605 398 177 -631 771 -694 -760 -442 -41 569 806 -830 820 240 1038 -164 -332 183 569 -155 132 -767 -802 351 -456 -1776 -659 77 -8 49 -800 -132 -1819 291 -413 1612 1940 544 280 180 -688 -365 668 -576 310 287 49 71 336 4 812 -570 -731 1096 -1757 1133 -661 284 1204 -1711 -159 1191 358 -324 -154 -767 -186 701 -375 
1141 -969 -268 1034 -487 1128 -381 454 819 -190 -1707 685 253 635 -853 462 -337 -39 251 491 286 8 -12 -228 352 165 -715 -256 -267 163 -783 2282 1096 1099 -239 -800 548 -176 850 -1139 263 -267 146 -37 265 -431 381 1336 -220 -202 2138 -772 -205 383 -591 -301 -824 207 213 1307 -1035 1155 -76 801 -42 -550 916 23 -1569 -728 -240 -222 324 1705 -456 -1236 264 -131 -254 350 45 253 2103 60 -144 -374 -704 688 519 -244 -510 696 -227 -272 -371 662 -432 -817 -911 -301 267 -286 1479 649 211 -778 183 -281 787 421 554 1002 -110 -589 -282 331 -5 -706 -1322 21 -693 333 -1227 -468 -698 -779 522 -1797 877 -984 -421 66 201 205 -830 123 -1353 -676 -513 71 -1459 1121 -1360 1084 -448 -448 -354 301 989 -294 -85 -594 -1105 431 -236 489 761 -1456 2220 529 -785 -467 414 416 266 308 -382 319 290 1056 -1025 -2308 -27 -447 28 1134 -923 -419 -395 138 328 1842 -542 -330 -1324 -796 534 242 -168 -106 801 -176 182 1490 -1475 1497 -1518 450 1307 -2178 -404 -12 -724 -477 1194 -526 1005 -1547 254 1132 232 1298 1020 -1332 -38 -728 -207 1043 947 405 880 -91 -17 1661 -995 -242 -990 451 1783 -493 402 -1169 485 -378 -180 -1371 84 854 -405 -53 -1769 -901 924 -382 618 -102 288 -476 193 -201 179 -710 75 -366 464 -32 -801 -428 -240 -71 283 -95 478 -64 238 -431 -414 1081 -275 152 603 -231 166 -354 -1249 -714 527 242 -1010 -662 -378 -523 -430 -374 -531 180 -713 765 -1258 -1875 -817 153 -221 779 161 651 -755 -152 91 -669 -705 -873 -1465 178 -153 -862 -443 -428 390 -174 -854 -1689 734 149 -307 347 -255 -821 1402 772 -785 89 230 332 -74 -245 681 -581 -485 1428 702 976 29 1337 432 -629 289 840 -1981 -985 -147 -532 1767 1599 300 538 250 -288 -916 -1357 224 -52 34 -1152 -1345 368 -242 -653 -560 356 193 117 -303 810 888 777 864 -65 -416 660 1197 552 -1036 -94 927 861 -1086 911 -1119 648 -937 793 -961 -207 -1281 -351 742 -122 -1283 -497 -1059 -56 553 740 217 -438 -128 -1868 386 -177 
295 229 -824 790 -323 -86 -473 327 664 -1208 -507 114 18 -562 -265 957 1064 98 535 676 422 -348 -249 497 183 596 227 -424 655 -536 191 883 285 610 15 -1164 274 229 -1172 610 69 198 -1216 -239 -567 -613 921 -776 214 -261 378 330 444 985 563 -500 -1400 104 -210 131 1178 -148 314 -1128 104 439 408 323 -1227 -887 -79 482 1003 -220 -473 749 -180 462 -1499 -399 651 752 -803 -779 946 -734 273 -845 1178 -273 -125 148 -612 -108 -838 16 529 -40 1134 -1573 -100 -1321 428 1085 -460 891 -946 1057 251 -144 602 -1328 170 201 -879 -449 -674 -404 -892 1311 152 507 515 96 -761 326 -501 -1134 -308 420 594 176 1639 646 253 -1729 755 -766 153 1259 521 -15 -682 -1280 400 506 -599 22 -16 -1302 217 -1830 266 1262 743 324 -1085 -1763 234 -1473 778 -1193 -729 -411 26 793 -33 -248 -36 -156 569 980 -780 80 -1163 -832 -199 138 505 -351 33 5 -886 -487 -151 -769 348 506 -572 -197 78 -1219 -117 170 330 -603 488 282 -1792 633 -978 -1623 998 -1211 -550 576 -486 -663 -107 159 554 -1306 -147 442 735 718 258 693 1412 25 718 -997 -116 -107 385 -785 -500 -645 981 -1069 -1089 8 628 -734 847 888 -31 -1182 829 690 282 384 5 -1515 180 -386 -81 -1400 366 56 -476 -95 1042 -963 441 1053 -35 -96 635 -82 1146 497 219 1112 19 367 459 -403 1324 1713 510 -1129 -1154 570 820 47 -588 -538 101 576 360 1201 492 -1388 501 1348 -509 -1827 -928 74 -2136 425 -1396 868 869 -1019 1097 93 -179 1728 -68 -1043 371 788 -246 955 -84 -344 -50 260 311 -1121 628 -362 -2299 771 272 28 -1419 -110 531 145 1478 -1125 980 -1150 1311 -27 -489 -528 740 85 -572 -94 -272 53 -698 752 93 -184 -292 -99 -967 -133 -69 -894 -258 -587 330 -382 1110 623 31 -278 1023 208 78 -813 -865 333 -667 75 -205 -623 141 527 202 -1020 271 109 344 -32 1216 119 846 -399 657 -473 523 81 -704 -476 885 -416 623 -1550 -209 -342 -1932 280 -222 1 -170 -271 1066 2275 -476 -334 73 -626 
454 408 89 -169 999 885 812 929 -1519 -2018 518 591 -44 273 1096 507 -1102 69 -910 98 -115 1454 188 489 284 -1 -574 -515 14 736 221 -1213 31 61 -553 876 -801 68 543 549 -751 2236 14 627 325 -890 94 259 1064 -194 -404 841 -455 -750 -390 644 944 543 -412 340 -92 -656 209 1085 453 667 -283 398 1696 281 -605 1245 -1729 228 539 487 -129 -922 -659 -31 -151 -59 72 239 -246 66 690 12 -44 710 -210 -719 103 694 506 230 636 -565 -180 195 -774 461 572 674 448 779 -1643 686 699 -555 -428 216 68 -411 -25 738 1251 -1353 879 35 19 -1109 -425 195 -411 102 -344 -447 626 237 -1193 564 -510 584 -1088 455 -658 -399 -275 43 -1028 860 517 331 247 -276 671 -1785 244 -260 101 112 712 603 653 -45 -571 736 873 -264 88 1690 284 1392 -790 -784 227 576 870 311 -202 1155 975 -159 834 -146 908 357 547 -296 -1085 155 223 -241 329 398 742 -592 297 427 -122 34 972 -444 -726 7 507 -37 -517 -30 527 315 -11 -260 -170 449 208 -1048 -39 837 -442 -954 332 398 1142 -322 770 -735 -955 -381 -351 822 1303 809 -970 1679 -359 -1042 583 -574 1267 -278 -750 -163 338 -1924 -24 797 572 331 591 -331 -732 406 -533 -723 3 -280 601 734 -242 876 -730 -126 24 -154 734 -46 272 -145 474 -796 -272 -806 787 -720 217 404 -566 -115 62 1332 -535 -1159 -248 -824 265 1448 188 -242 -771 238 316 -111 -1065 -5 509 -357 133 -851 733 -104 415 -269 1880 27 -1263 -683 1281 -626 154 -410 -576 -554 569 -492 -564 1702 -727 -1150 -945 -684 498 431 -876 -1465 -1038 546 1079 -592 -195 810 -1237 -156 -883 275 -1013 446 -116 1145 -504 493 318 451 -174 244 -59 -203 515 546 -144 129 861 700 704 -177 1285 -1304 -939 647 -1155 -1611 -223 598 572 878 438 -282 -274 -11 264 -834 -530 -596 -1592 -1220 536 597 1417 -638 -175 646 -33 -170 -559 -1072 -558 -1273 -1360 497 931 392 -54 -239 1256 1334 -611 -736 834 -230 -191 1383 -145 -161 0 -950 -1331 -443 522 -1249 
535 451 1434 43 -584 -282 740 -38 243 949 874 825 -167 124 -195 26 466 779 -1227 -66 -1327 736 736 -583 996 -965 753 696 685 -1194 1112 126 -429 53 -200 -502 -984 -2234 750 351 86 482 79 -567 1040 335 -566 -752 1274 -3 439 -1271 1105 -571 -127 223 -73 219 591 80 -402 486 -1114 759 -1470 815 -462 264 -295 -78 -239 -646 257 1434 -416 433 -54 22 -1087 633 1389 353 198 285 -979 30 1336 582 -303 36 -417 362 340 165 1012 391 1267 -2472 423 788 -299 -996 -680 426 -492 -818 377 376 274 -1127 -539 1300 -416 -1213 982 219 -854 -673 1045 817 655 133 -382 57 -341 -1783 184 -874 -87 -163 -389 -976 1792 556 -1341 -1685 435 -750 1173 -24 -1528 -373 -532 -1289 -1269 151 -600 -474 717 -1838 473 -144 797 -734 -1204 -249 259 771 916 973 676 -346 1769 107 1006 678 347 456 -390 332 211 -983 -124 -1659 -580 1238 -833 723 -277 15 685 1730 863 -669 -1334 466 234 605 425 -615 710 294 1237 2252 -73 -109 -557 457 184 188 -509 -217 -483 -29 181 -1187 344 442 -180 551 -7 -186 -830 -357 -375 1032 356 337 1861 474 -1355 735 74 634 -1073 300 -334 166 341 -591 -135 217 -579 -548 425 386 -1234 1128 171 -471 -321 -387 225 20 209 315 88 -1282 -90 1458 -316 302 244 -773 -1523 74 1034 540 519 56 280 -241 56 -325 -149 386 -11 701 303 749 -289 919 -422 470 524 1109 1143 815 -314 -1314 34 1799 338 446 381 200 -1197 -762 421 -365 -609 -700 395 -400 565 855 -190 -1364 -8 606 -833 1170 716 243 -768 -384 -1725 -1078 100 -8 -1723 -906 1107 -1491 -1027 -56 -111 786 248 718 -630 -545 -721 248 1066 -89 283 498 -882 82 -512 935 427 258 -637 133 -813 -1070 500 -120 -419 243 -756 291 -874 -1991 -332 -388 -1607 -171 -571 -793 -541 -344 1091 -560 1427 -479 -636 203 875 989 960 -403 1016 591 611 -1701 316 -809 123 368 869 342 -988 837 342 247 29 851 165 1235 162 -321 1307 -975 -12 657 -123 610 -306 223 1301 1263 -974 752 -200 -1336 -1109 -104 
1211 -1647 -691 878 -152 -907 -160 85 949 -1015 -359 -521 1641 1526 1263 519 304 -501 531 1098 410 1736 -343 637 296 492 2140 -11 -482 -637 -84 189 -224 -447 24 131 202 -819 2221 -510 -1482 222 -1660 -1266 -1060 91 -163 1374 1294 282 260 852 -326 499 714 -81 -797 -1266 1939 -220 -340 279 245 -130 47 368 332 182 -378 25 364 479 1077 -413 -1494 881 -9 -1213 542 957 184 78 -531 -446 -1352 988 -168 -1010 -466 834 876 -17 -222 -519 -849 972 759 203 101 -157 351 -18 32 400 -790 671 1310 -9 42 -173 -18 275 595 -1049 -951 479 -1572 50 57 -575 105 -342 174 855 240 -149 640 611 306 626 362 -553 -579 735 -505 234 673 -163 576 -850 -456 74 393 425 1004 -1251 404 -275 980 334 628 373 -604 -353 -329 166 767 117 747 567 -820 -499 -684 341 -969 -1815 19 -428 -282 142 515 -980 -284 -212 -145 88 1164 -172 -482 1157 555 33 415 506 711 99 486 142 -75 1548 99 1649 -927 800 -274 455 967 523 572 -624 -47 705 -921 1388 -42 -1590 866 1684 -313 1336 1123 589 41 -589 -131 -292 187 395 -423 802 -831 -615 -379 -10 324 919 54 92 -472 -508 30 -678 -1232 1053 -689 -1533 31 -1867 369 -1686 -668 -20 -82 549 -696 -199 -2225 -379 -186 1533 -169 -2282 916 -567 52 80 -407 -266 -660 -116 -242 -360 430 546 427 1295 -358 681 319 -316 842 -345 295 70 -618 3 -620 198 -809 -442 103 1612 -592 1041 1410 -1011 -609 -982 -244 -457 -55 -149 -66 1406 249 -1581 -214 319 1420 1940 -779 984 43 2 -643 -1025 719 -687 12 -301 225 -258 1368 285 1065 -884 -117 209 -1592 -564 602 -260 -510 339 636 293 462 -503 216 -1350 -1 842 -38 600 -83 131 303 -855 68 -445 146 721 801 -237 -1801 -433 153 -92 -70 448 -89 410 1282 18 -314 -204 541 313 575 652 -901 1550 -605 -956 578 -390 112 -313 -318 -326 896 765 453 -865 -766 925 981 402 629 -357 -656 -869 -270 -1225 -249 7 996 -1821 521 475 -258 -972 -612 -825 -613 -449 487 1397 -510 -550 
670 211 -146 77 -783 -1118 964 448 1343 778 5 -640 478 318 -360 -964 -26 -84 -315 -365 -74 -913 413 707 -452 -1280 -305 334 77 -535 1271 274 157 -653 -685 542 87 -451 -828 -1641 884 622 -352 994 -586 -1262 1295 -491 -874 -823 653 -1725 -1662 -249 -977 88 233 354 -455 324 447 -684 -643 436 325 20 770 48 698 -2159 568 159 254 -591 -637 812 582 196 -499 -55 -1101 -271 385 -826 456 -1032 2125 84 -1456 323 -108 405 623 32 -360 29 -835 1041 416 -160 -328 -1176 289 -246 18 432 -203 56 349 -869 -557 1325 -138 -343 89 -447 -556 609 1224 194 1063 818 328 371 936 1950 155 266 2 381 -942 -348 478 190 629 -1059 -135 -743 -727 -102 140 -1717 -66 442 886 99 -80 150 -525 1066 -586 772 -471 580 -80 839 1223 773 -664 -267 -640 -251 -306 364 -616 1015 14 -361 -93 -393 -244 -195 -1278 -846 -771 -862 -836 -1108 2075 -1338 -149 611 -75 -576 1142 -305 -963 -163 -923 -209 -512 -555 -1837 221 544 -838 525 -304 100 206 359 -483 304 -96 242 -28 1891 991 -394 -1204 558 483 -1001 439 -548 60 -427 50 70 -1282 -191 1012 -702 -438 699 97 324 -868 850 1634 -1681 1063 1254 592 -591 299 146 -724 234 -759 546 -282 -67 -336 784 -969 -961 -400 -47 541 -425 345 -4 61 411 312 159 1222 594 -173 1336 -11 -709 341 -391 145 -392 -687 -260 1493 -350 -1037 1360 24 380 701 -239 441 525 -222 -636 316 164 -326 51 -456 1448 -359 998 -181 -265 900 357 75 7 -847 491 -569 -493 329 -297 -559 222 -306 700 359 394 561 -240 167 800 983 -1067 -1097 -185 -244 -138 -652 -60 -509 -239 1092 937 -626 639 1366 -547 491 -419 -620 -84 -368 -671 711 -5 630 -420 108 431 -1040 -650 -57 631 2705 -121 749 1250 1643 -518 220 -101 -732 1774 -292 -1219 -509 -412 -1606 -254 175 945 223 103 -352 861 631 5 -744 194 -205 -441 1565 -641 -284 -56 56 44 -1323 2854 -337 413 192 1030 -487 1349 57 -178 412 60 713 568 -266 -1337 1153 -1168 -529 -1454 164 -143 826 
98 -27 -108 1626 1444 91 377 1000 1895 421 -113 -338 458 661 229 1100 172 917 -574 4 -800 521 595 1141 1133 -108 843 -252 -110 -181 528 -356 61 1044 -676 -513 732 -778 591 -720 -1489 -45 -748 -203 538 -104 107 -457 478 379 -137 369 519 -200 -285 -1050 917 -124 -957 753 1174 788 1074 756 1841 793 1479 271 1372 1408 -481 794 1228 179 -241 1043 -977 160 -1752 -1508 446 -788 -572 157 186 772 -1125 726 -399 -1947 -592 745 -568 -650 61 -561 -791 436 -945 -166 -228 733 -845 -605 444 98 537 -73 345 66 209 475 191 321 -425 636 -563 -107 -533 644 -268 -231 992 -648 -157 -25 -287 307 521 -280 -259 -364 -309 291 586 -246 -241 -883 -340 -1113 -559 -415 661 1152 -126 1216 1109 1386 2273 847 1000 600 -816 1382 630 -398 -200 -469 242 288 15 2 -438 863 1625 616 -221 -294 -1328 648 -809 259 2096 181 1174 -1035 1097 410 274 -415 1030 -977 -975 61 -849 589 -84 866 -489 -73 -312 704 457 -593 605 574 482 -1151 -653 1612 375 264 76 506 -515 74 738 37 994 -995 -1892 403 824 1189 -241 387 -1718 -448 283 60 157 458 -744 -283 -31 -123 -64 -315 4 -1030 -889 312 790 -142 -752 36 1133 354 1554 -865 274 1170 -158 599 -843 844 271 -263 304 -2373 -893 -132 -295 1366 -109 -741 -60 288 -261 1080 711 -1153 709 118 1008 1854 964 69 1299 -1498 -126 -195 -360 305 34 923 132 -228 -585 -248 316 127 1040 -399 156 1511 -84 -443 -1355 268 158 791 -85 -1002 -627 -486 -179 1427 300 569 40 -251 -232 756 -669 1513 -379 950 399 -247 75 238 -510 -697 772 489 0 -694 -24 -22 850 164 -413 641 882 715 364 -380 -478 -946 189 1043 -1041 -346 420 -2137 -3 -72 -1193 320 604 -921 -596 -1381 680 -39 -1465 1240 410 487 256 -521 -1285 -1026 -138 1527 -1255 -586 662 375 -810 462 478 964 -211 254 -891 968 217 -703 379 484 251 -1120 131 -375 -331 139 602 169 128 -457 -189 1069 -839 418 -135 -263 -420 1118 41 1148 590 -953 -355 441 484 837 1514 627 
-201 770 -230 149 -5 -96 748 -356 -1335 -729 529 45 -524 -372 -363 1397 161 -286 395 -181 820 312 -124 -461 294 -965 1482 -119 -902 177 -1122 412 -376 28 -475 -210 117 -216 -663 -1176 980 917 110 -1212 -255 1042 -810 -490 859 619 -938 780 227 -1020 443 1001 495 -30 -918 -465 582 -117 494 -421 42 -174 259 46 177 -169 -832 -160 952 -597 234 1048 -511 -86 -804 -117 112 -1207 -248 584 -540 726 -386 -299 -472 245 -237 532 276 65 245 -425 -1765 1338 165 53 -611 465 533 -640 -640 730 -644 -304 237 160 -174 146 -1297 -74 459 -385 -375 132 -524 -690 -474 -327 -513 68 -1146 -13 -159 382 -74 758 -812 -845 -60 261 -245 291 347 -1743 -243 945 -1311 631 271 370 -161 -348 -320 339 -513 -582 -260 492 -168 399 815 265 1329 -90 -206 1311 -42 -235 307 360 -236 547 -183 -704 -110 468 412 -876 625 424 -886 -84 -675 471 -796 -135 -268 -372 874 792 1000 714 622 -138 984 94 -7 -258 -493 230 -658 -415 -448 -493 262 -492 359 -384 -50 430 677 -361 -819 0 -687 -586 3 -1867 -1040 -331 -42 1510 -685 627 -200 590 -1104 -505 -268 -1300 -1241 -781 -351 -243 -523 -423 -428 282 171 267 938 -395 -860 -298 155 172 -414 -421 84 154 -1173 -1432 97 635 295 1499 68 1039 -884 491 229 132 92 420 -541 -1254 -1347 1243 -965 -656 -1 -60 1056 -898 513 784 -686 240 223 -37 -383 -257 -1779 1231 -852 175 834 -693 276 -208 206 -89 164 -2179 -374 -510 -1351 -15 -640 -230 -370 -888 879 1357 1522 484 235 -1506 -220 871 -677 981 -159 888 -931 645 -150 794 770 504 182 813 -1303 532 -267 -470 -329 47 -654 -419 -883 -710 -311 953 -349 -1420 -536 -450 611 -95 -161 855 773 912 -852 -261 1167 -349 -1062 938 335 81 1260 -463 274 -231 -290 -289 653 -827 -255 729 789 891 127 -262 935 -189 1563 968 945 472 169 -425 -318 407 -345 225 -689 116 127 365 131 -225 -779 584 600 -238 1433 -165 -104 -1356 151 707 265 274 -189 1281 853 -417 -625 418 459 365 647 401 
59 -884 410 561 516 -559 231 -244 672 581 -1155 592 1092 -379 174 471 -319 1177 -41 -979 773 1131 -71 625 30 700 -161 142 -1263 -233 32 1235 -197 -189 -868 -519 1436 -379 -1005 109 127 -994 -508 296 91 -157 1574 507 11 16 303 -635 -259 389 -79 827 -317 527 277 1173 -225 413 1230 -935 108 40 -72 -534 -1595 -960 568 332 374 303 -172 -806 260 532 190 -1310 1046 -206 193 439 -190 533 165 -322 -224 -139 33 -51 -1028 295 41 184 1001 33 -1126 115 -159 -209 17 21 146 -1030 1818 -552 -279 649 956 -1353 -660 392 -1587 -152 -548 -371 -625 1938 1788 1045 1304 -1248 -356 -80 60 -289 1099 1035 82 1036 208 111 -134 85 389 1190 1427 -888 786 -965 361 909 172 -44 616 -450 -55 148 -314 1014 2 364 440 42 432 886 -362 900 357 577 924 -840 -37 1056 -1291 -1448 161 768 -759 419 -570 461 750 -801 -451 -399 -817 669 -234 -1106 -396 318 365 361 -401 353 1900 402 1019 -1267 181 -400 282 -823 -350 -826 -433 530 172 528 -741 -1061 -368 318 -1205 -137 -1394 55 548 200 1139 -955 -1438 60 -305 -306 99 -151 -290 -1019 -308 173 -16 -1052 1379 -305 254 131 91 -453 -332 919 -1874 -666 1084 -1498 -238 -326 162 -787 238 976 186 -152 555 417 162 169 1416 844 719 -301 1065 -311 -1031 -1116 743 -1633 -540 -411 1042 551 -686 434 -957 -771 845 -298 708 -1309 513 34 69 -1853 -425 -1974 30 235 -3 6 694 -1101 -28 -136 -503 18 -23 1010 571 282 -100 1084 -749 -73 -337 -370 310 141 282 37 41 586 653 -38 2151 -521 -1413 42 159 68 -464 587 524 -303 -292 -482 -51 -271 -154 519 951 -250 1177 -1643 -794 1484 391 -650 205 -668 90 -241 -722 445 1179 1327 -514 -399 -1148 -1259 -614 -276 1103 -27 746 1138 276 572 644 807 -598 1184 272 370 -1400 -54 -683 995 -149 250 -434 -1071 25 564 -419 559 1101 1766 133 1124 -1048 -467 684 -675 -23 685 -311 1005 1130 -215 -368 347 -1110 414 220 119 296 -154 -334 -521 1146 51 -768 117 15 1660 546 -260 
-157 223 278 1316 -81 -94 112 -362 -452 -212 -313 -316 558 1246 -22 494 -1579 -684 548 -425 178 355 867 261 545 -63 221 -1144 -1789 -234 83 262 300 -908 -637 -104 1239 -251 443 472 840 -722 -912 -248 -2380 -101 -516 158 390 129 36 -114 -613 -1250 -87 92 -275 -219 -321 -668 -1146 -26 -152 706 862 -666 -450 -887 -360 -193 53 248 -209 685 -322 421 735 1216 1013 974 466 452 -1393 -885 -1348 -343 1306 -1195 -1589 -799 -370 -165 -897 -387 565 893 1342 -550 -1069 742 627 -193 1536 293 -34 -733 57 1238 1396 206 -663 -406 -717 175 -627 -555 -5 -1415 58 627 234 722 -747 555 -758 -1580 1190 654 -1229 304 -154 298 -1486 -106 -457 -801 720 -703 707 -644 -584 442 -695 312 532 952 304 -165 -232 1273 -105 -1325 585 1864 -44 498 -71 1046 1617 -1021 -127 771 757 -1059 123 -508 -178 -92 463 -19 -467 -687 1796 1339 1113 -283 1316 456 -72 676 -337 -503 761 709 1498 -145 -1456 331 1191 -1591 1180 338 713 1495 297 514 329 -1209 -920 1320 1351 952 -650 1198 -623 -744 -688 -847 273 1085 -87 -804 -202 -471 847 1342 -426 -1274 242 -1007 -968 -692 -168 549 264 1054 145 -394 505 1077 -247 601 -1353 -1248 -1233 -504 295 119 193 781 984 122 253 237 -849 932 -705 647 115 -1334 510 -728 -310 -1443 -1162 1778 1158 -1104 -433 768 1686 48 -233 58 -472 -125 -287 -419 -1205 24 -468 838 -638 851 -1169 -255 343 474 -176 -355 -901 -1867 -306 -4 316 593 1104 -495 -407 -786 -181 219 -806 26 1399 -829 632 338 371 321 68 16 1382 52 14 521 882 1316 -772 681 -751 -117 -17 -364 646 316 -49 1116 723 -2 -513 545 -456 125 -1221 -407 -914 271 -1114 -41 -1172 848 712 -650 -360 1424 50 -452 -414 573 327 -785 702 524 871 -1503 8 -700 -815 -76 263 -1397 1347 382 782 477 -422 -12 730 -380 -1539 -479 -605 -912 -357 -832 679 844 1028 -286 786 576 394 -499 -652 872 -774 -35 -328 1608 1041 388 -573 1844 -492 753 -1167 1163 -342 716 299 -864 609 -888 88 -392 -123 284 -500 610 
5 1309 1151 -759 -596 686 -101 -1448 -645 -890 1091 -44 -1085 9 252 1236 350 949 726 1547 -235 -163 -356 -68 195 103 -533 -903 322 135 459 28 431 503 1370 -435 32 490 130 -159 -1473 105 -400 -1430 936 407 -186 668 -376 181 1166 611 -522 304 -844 -315 -87 447 -85 -189 -208 -546 663 -1042 -1495 -159 -427 -888 812 78 -104 -11 289 -545 358 -290 179 134 -952 -1265 -1016 323 -1267 738 -220 -820 762 404 -670 84 444 73 -103 537 -397 -750 1019 683 -786 -910 1053 -1179 -766 165 -616 -292 83 -78 30 -220 393 1211 -55 129 -279 717 -1234 431 393 191 -981 -190 232 -168 -352 1149 981 -339 -6 571 605 145 -432 265 -593 -254 940 88 952 -428 832 1694 813 -1950 -294 -523 -379 -1001 494 -827 -264 476 -1476 -451 -148 -46 156 -350 1076 -308 672 172 -163 -1575 -1280 -272 -166 87 -1027 -234 -697 1576 -529 204 -442 68 -398 1015 -122 -774 184 -300 -97 -315 -282 -55 308 99 682 -85 202 -398 -378 -682 419 -988 -255 1239 -470 -43 -1479 -155 -32 654 -893 -578 41 452 1065 511 -560 -1514 336 1011 251 676 -325 360 2 531 -337 -380 -651 -365 15 -126 294 -7 -226 1386 80 -222 72 1637 -751 838 -1587 -501 1179 17 1852 -352 -346 1389 218 473 -735 -428 -662 -305 648 110 152 284 748 -789 438 89 -78 -682 1030 671 -262 330 511 -629 -1589 290 402 -1505 253 902 476 -212 88 -28 -684 -285 832 -396 1082 1059 -437 -1004 798 814 104 -1676 -68 -474 1474 -821 1017 -5 -110 -1047 810 198 -666 -680 642 664 -767 -970 -307 310 163 -727 36 955 -685 -62 188 -171 646 -113 -129 189 -277 296 -106 -115 -329 -421 -302 227 812 -1499 -535 255 189 1337 -16 -234 220 -379 742 -568 771 -359 448 17 826 -1554 217 -906 -797 787 1072 805 501 812 -668 348 852 -460 -174 755 228 549 71 122 -201 -340 432 -752 326 -795 -483 -458 -1328 182 1703 219 242 -595 943 -486 -136 1356 1591 -423 24 488 342 139 212 -424 831 369 251 769 214 887 -301 206 1018 843 -370 506 
200 266 126 -300 -735 831 43 140 -393 -587 273 -942 -1096 626 452 227 -836 -22 755 386 -309 433 18 792 -56 -882 -1108 400 -1282 -321 -1895 -2194 -902 -379 -39 1299 246 -788 -1009 -129 1246 -116 -843 -802 -191 920 -776 968 60 5 -226 -315 -628 38 438 -481 -934 240 -1116 1134 -1531 1327 -711 -798 -530 549 -186 -702 521 397 -319 549 552 -345 -830 284 887 1004 1252 -98 523 1740 84 -736 123 18 407 -342 913 38 -884 -234 168 -463 -287 -1142 67 -36 379 63 664 400 -1277 -409 12 -996 594 487 198 -8 605 -162 529 78 -68 -261 126 104 246 620 -70 -680 1221 963 36 121 365 -222 533 -214 -556 -968 -213 44 311 400 1511 -42 542 32 260 277 -953 -491 1184 95 -485 -1050 -421 -161 -1591 -189 -1071 -743 -351 107 -38 458 39 133 389 1473 345 -533 -372 979 317 -1115 -1281 -1263 -1755 682 235 693 48 125 -1031 -1134 484 96 -366 345 -377 465 921 -286 -281 268 -705 307 -462 1141 -461 251 187 952 -489 -993 918 -160 -2328 1477 1295 906 802 -86 54 1124 -698 163 568 -176 45 373 -695 -55 58 -360 -660 207 1321 191 21 -296 -753 102 -1146 -1167 -2746 228 761 148 1066 -218 -566 1302 -611 -272 349 60 -762 -164 -260 305 247 -1485 234 -383 937 1318 -512 302 744 1117 -493 -371 253 777 -708 -1143 -950 627 -1705 456 -54 -1518 -1247 986 -402 27 -285 -1437 -1028 -513 -655 -110 -766 -611 702 -125 -590 798 -1809 -66 -404 277 116 329 -884 715 -946 -1754 123 -299 597 -1542 712 615 988 -235 -1101 1479 -729 -623 398 -960 1311 -968 366 190 -174 920 851 -217 -109 997 -69 -972 -470 -250 86 781 266 -570 422 238 320 -396 -326 -81 -1403 -943 24 389 824 578 268 -797 1218 -1080 311 136 -450 454 851 130 298 -143 1203 309 122 -421 -100 -31 -1253 261 146 -36 -484 -1573 -1488 1390 522 -1689 -1100 255 1363 -1452 -1700 413 499 776 570 700 -436 15 247 6 1300 559 950 -753 1034 -43 -498 313 -207 -363 558 273 -90 299 165 322 -934 406 242 -363 519 -473 
111 1187 -204 -522 663 -189 488 -987 102 1047 -592 1057 325 428 258 -247 89 930 -510 492 -662 188 801 -485 456 352 862 -1506 324 -373 -430 -1112 1009 -983 507 -271 177 1013 -679 1252 -180 -155 1103 -423 70 -1403 872 -567 -728 -825 69 599 -232 307 196 866 452 413 -280 750 423 447 -487 185 1022 -81 -863 -262 316 216 -310 94 -1258 10 -881 -28 -912 1478 -1141 -946 -119 -180 952 163 -218 -74 243 -605 -345 -268 64 -1204 -624 -671 -1181 333 1208 127 487 637 414 115 -341 1 65 -1310 1637 -249 1102 -844 -170 376 -206 348 -321 -1116 -463 -46 516 1168 -56 198 -1556 -1082 -84 -238 -747 -517 -1113 -104 -751 -1202 -721 655 -450 520 358 733 339 1046 -270 757 1194 -792 391 211 -874 906 -174 -686 75 156 -1035 447 -414 222 140 318 1578 -1321 -685 -191 633 1456 -149 276 -1346 -1314 -658 265 -497 -445 -485 57 -1182 591 -342 1136 -94 588 -1229 952 -1178 -678 -209 -59 33 -528 423 -168 -335 58 -76 -1244 846 -489 -257 -27 109 1928 447 -65 488 339 -7 -697 331 -276 -107 314 -765 -231 409 1038 -548 -598 425 -257 330 690 -437 -428 863 -644 -368 566 -852 -258 -172 -442 -1841 -26 1441 -486 -403 460 -366 -355 406 698 1036 -496 528 112 931 -573 621 553 388 398 -745 1748 -63 785 1125 -386 -1060 -57 848 -312 -243 -366 374 1214 -320 -1586 1298 506 1159 -1564 137 -118 471 614 -410 -203 -1832 236 789 478 -16 -24 202 -632 -639 -693 938 64 813 622 1053 -761 603 518 -549 -54 -22 -313 -1360 -704 -435 1170 348 -79 1354 139 811 1222 -1107 919 -553 -132 -645 67 -709 -15 -650 542 5 -116 688 -232 31 37 -192 -532 -923 -345 1980 896 -416 -885 -1353 402 427 33 -446 -320 -757 -543 -960 729 -492 -636 305 361 853 966 -264 742 1122 25 -190 -787 -195 -650 426 202 -863 -1177 -648 -205 -472 -685 -270 381 1116 -453 -586 -454 575 545 398 108 -627 -214 735 181 -206 1031 144 -632 -952 -500 112 -543 676 -50 886 787 -330 943 -817 -917 239 -714 1067 -27 -221 -1735 
-337 -842 -744 -166 214 298 -886 629 -36 -262 -201 1853 -447 -63 -282 269 -482 111 634 -1109 1496 -39 361 228 -489 75 -224 32 -89 -73 2227 -779 758 302 -87 947 170 -1431 -127 284 1061 821 -1972 -407 -104 29 -1095 11 547 -425 -1398 -260 397 -866 685 301 90 288 483 308 -564 -1290 -971 806 112 -728 -1 297 347 -1600 -1250 -1378 -28 -93 -501 1742 500 -298 -752 -895 481 427 508 -224 -738 -387 439 409 -847 914 963 -636 -157 -654 -689 -219 317 897 1100 -1390 921 513 329 -1416 -249 754 -1067 1039 841 -1136 231 -27 -181 -506 -932 572 -561 941 1008 317 646 59 438 -43 1289 178 -1132 -96 -104 -413 336 -216 1001 -360 123 -78 -322 -812 2012 -138 20 -1134 1483 -14 -1952 -650 127 274 -619 -1171 -556 -265 -861 -935 -240 787 -1172 -474 209 514 -205 -1974 938 -230 -346 506 233 -35 -326 -763 -481 802 -31 948 -68 545 -922 453 -206 -540 -683 344 563 451 -482 305 182 386 58 -258 544 -139 1565 -460 988 -756 140 -793 -2030 -56 133 -271 225 -123 -829 1491 961 497 -1043 634 136 -1111 731 -381 1575 1263 362 -242 -284 1504 178 -695 92 -850 -117 875 321 174 -407 259 1031 307 505 582 -250 -857 -1339 718 -649 -1176 310 98 207 866 -994 -71 -634 977 -1433 400 620 24 -555 -1101 63 -84 -866 -916 -1113 -414 115 172 351 185 501 -437 -660 -877 -22 547 -827 551 331 -180 1674 -319 -912 393 -331 1250 814 1714 9 329 7 1349 841 -962 -174 -147 -577 -988 -1160 -80 694 -396 855 1297 77 -590 -277 535 -701 1538 -666 -537 70 -637 -829 -683 172 -386 1918 138 -301 580 -70 -409 -234 -629 -1078 975 -348 -637 1427 -1296 -368 9 573 -230 -127 881 -1497 -89 -1131 -270 418 -707 -386 559 14 67 206 495 831 387 -1274 -1759 -1084 -78 427 -111 243 235 1377 1353 -836 -359 600 1038 591 -1077 -355 -540 -4 350 541 171 26 1779 -292 -854 -346 -860 992 -926 -469 565 -743 690 -799 200 -156 301 217 219 -512 -447 166 -337 -82 362 498 -184 -205 629 -1369 1669 1187 -217 
-390 -528 244 -797 446 900 771 425 -5 846 -694 76 -665 -360 35 110 1384 -820 177 -945 149 1205 -385 24 275 -330 670 188 -309 -350 -500 1343 243 319 -29 -322 439 628 -660 -1015 -201 367 66 447 -488 -43 335 -121 -982 750 -326 -136 92 -1019 1075 807 440 940 245 -836 -581 -271 950 -238 86 89 -1314 -193 78 -234 -160 504 -450 871 -1096 -1746 373 653 -1589 752 -1300 92 9 263 -1382 746 615 5 328 -790 288 710 -31 391 715 -465 505 -848 -1399 -696 -904 297 775 -685 98 1030 654 1317 328 198 476 -866 -1494 -374 -570 -198 -684 -549 -569 299 1057 -377 39 -775 -1129 -578 145 68 142 -154 577 379 335 -591 -542 107 599 -827 870 -259 -536 1110 -924 554 -440 -286 775 305 74 -575 -743 -1295 1064 213 972 344 -1685 527 -1122 -118 -3 680 -137 5 966 612 -158 159 613 1329 25 963 -797 697 169 528 754 -1014 -444 -117 439 -1093 651 -894 98 -1205 2071 1670 2033 421 7 1016 -1089 367 -153 745 176 164 1109 -150 -375 173 -100 295 175 291 113 -235 52 418 676 -294 1269 630 1722 -381 -223 -16 1321 305 432 -1102 1078 -92 689 179 75 57 82 154 -1237 -484 -77 412 -604 983 -117 756 -1462 -538 967 -622 19 -661 -642 737 -882 -344 1598 236 -831 1244 -642 1809 -331 -191 -14 -1011 -14 768 1022 283 -168 -818 832 181 -614 -367 1250 183 -865 181 578 436 -567 910 -360 -756 -157 -282 -386 -1319 918 967 660 551 502 -249 551 30 -405 1186 1504 233 558 -956 -1207 -1109 162 -32 74 -1384 397 -315 286 -85 -237 702 -1093 -72 -75 883 -737 735 751 687 -653 -820 603 -256 -588 898 -377 -556 -1906 -666 -513 448 480 283 1268 -256 66 411 -202 631 761 963 711 777 426 334 254 -55 -197 598 1744 504 241 238 -827 -1348 227 -407 1651 543 -206 2333 -421 364 1044 -1105 -321 -226 -368 -256 -273 -83 -298 85 1114 1082 -1075 -606 -122 2636 655 -652 1470 473 -496 -144 670 499 -946 -1769 -706 990 -292 -114 -337 -19 659 493 1266 41 -364 -525 4 1051 
1189 -1265 -364 -784 -722 352 -331 -921 -397 290 -989 -842 1148 531 -318 79 1637 -743 556 429 253 859 -591 1052 52 1026 -51 63 -867 -92 -865 739 232 -78 -103 1387 1159 991 395 991 -109 -2182 276 -703 535 181 29 960 792 94 284 -168 611 -158 572 345 1060 -1342 803 -1441 641 -20 -290 -258 -288 582 -252 178 -709 693 155 -266 273 -409 317 -157 638 943 26 1153 -900 -564 69 -330 -462 -348 80 -560 -162 168 795 -454 950 -469 -578 -509 140 37 1021 -40 -517 -416 782 1 884 -387 -561 -538 -628 -338 374 40 1092 620 -388 -872 45 1767 32 -574 919 -436 317 -221 -276 -816 -489 250 625 642 509 823 635 -729 -1119 -550 130 163 -1349 597 893 124 -112 522 206 455 -815 -220 -857 -394 617 -672 450 -492 -68 -277 -230 679 -1098 -833 1062 999 -1497 737 -249 6 -904 390 -895 364 319 -356 -863 542 1463 -474 850 798 124 -1686 147 -1271 117 424 912 -1674 -852 -141 765 293 -1053 -1398 -68 -1234 268 184 962 -374 192 -282 -756 -677 -632 -246 -499 717 1476 4 455 947 162 1364 201 -162 -362 551 245 697 657 1011 1300 456 -787 135 -187 -1302 -672 59 -1939 553 741 912 -331 -802 -1319 377 -538 632 946 -127 -299 -505 -861 1225 -128 -47 -684 -707 377 -898 -150 172 486 1076 -344 347 827 -1644 976 1005 -338 -333 372 -952 -53 -181 -1282 166 -508 431 271 -985 553 -813 393 953 698 158 725 373 -14 -121 -91 1091 -537 -649 -145 -265 830 761 1172 -745 769 689 549 -641 1412 447 -1100 1266 417 -321 276 -836 -230 -104 -2 -596 293 906 573 690 551 -768 452 271 -50 -532 -725 -306 620 1092 815 529 -607 -205 284 207 -514 50 -625 64 -286 1477 255 1527 507 -938 -518 583 -402 1125 65 688 -1163 1101 776 -202 60 1012 1398 554 715 550 -1005 167 -893 -222 1949 -385 465 -783 159 145 -453 547 525 -758 541 -86 -364 -7 1244 415 -30 -33 632 -533 -625 -1104 890 148 -375 -97 734 -180 -20 -1100 333 335 -102 -116 -812 -270 286 -218 16 416 224 -667 
88 181 -1854 348 -487 -571 1301 410 444 795 -627 -23 -172 45 -370 689 513 247 -445 -120 1416 -1824 -1320 883 -1078 -589 -523 -1046 896 252 -427 1756 115 871 -725 -916 -462 -1205 -388 499 611 -138 414 985 -127 75 550 -95 239 -324 436 320 189 -806 -321 -366 216 94 -195 -632 1014 379 373 646 -126 -350 -1089 593 1169 -457 678 -886 154 -35 -301 583 -866 -32 -293 1126 -1348 -93 462 -463 62 -464 -546 -132 286 753 44 -205 70 -864 260 143 -581 -759 -124 -1249 -704 615 -465 -928 -15 290 -689 -927 -636 454 -1387 1240 492 767 575 -3 143 -104 658 55 665 -192 51 579 919 693 -1605 -554 1083 -215 -128 1091 458 252 -714 250 -119 -1179 -126 907 -690 -935 1026 121 1293 703 -41 -405 122 -110 -438 -400 -51 305 -288 1065 522 -266 -141 -1989 -443 -798 725 361 -882 -456 113 -252 -83 236 -727 517 1114 -1420 -456 -490 -984 -660 -1132 -739 -161 -222 -534 -57 411 -608 -609 -340 -65 -10 -681 -139 -287 -519 418 -983 2192 -30 -226 17 -234 156 123 1064 177 88 -543 37 530 -418 -806 805 -550 575 106 -182 434 828 -408 -598 442 -669 1298 154 -578 936 -396 287 -224 406 -357 348 318 111 382 1001 330 1045 311 -144 379 536 182 -877 -490 -225 224 277 167 20 -288 -154 -132 259 -91 159 429 1213 -212 1628 -170 -827 179 -1331 185 -200 367 1164 -219 1 649 570 1076 771 439 -931 291 -662 122 1011 97 328 -266 -611 355 -290 1788 1995 565 80 -149 286 -222 -1148 289 -85 -126 -736 -439 -381 -439 -290 336 264 31 669 -32 730 68 -309 32 256 -678 -994 -1737 164 -861 15 1087 -922 -640 98 307 -1310 306 -486 -1100 -304 1753 839 -838 769 113 787 -165 1425 385 -1481 -160 905 497 -256 -141 914 99 1544 203 -455 49 225 -255 34 -314 -79 -134 -266 215 443 164 -689 735 -699 -344 860 -87 651 698 -902 129 -413 748 -1729 -884 -563 492 8 411 609 527 793 -301 -390 -1113 640 787 -70 -1120 -245 -259 -586 -390 833 143 -138 530 -25 220 -92 -1966 871 
-816 -196 263 -344 466 260 -456 -338 -10 2066 694 -618 652 -588 83 -176 -146 617 -535 -199 43 96 -146 -427 197 -699 861 1086 -161 551 350 -431 514 267 -509 -876 549 -1973 -178 -366 1214 185 156 -459 796 82 -1610 142 -1038 -593 269 -519 -122 106 465 -696 107 1416 345 1405 -16 1553 224 -1103 -576 -520 654 3 1154 -1123 -1206 57 461 249 -1367 -371 -813 192 925 769 -15 245 123 -222 -625 113 1395 -109 544 -539 -546 15 1350 85 608 -331 1651 1592 -530 -953 630 35 -603 432 -2 -437 -634 -148 -27 639 -292 -619 233 -264 269 553 -78 167 449 395 -871 -106 2230 896 239 599 -75 1379 -1472 -167 -619 -1874 -295 -652 40 -995 -336 -1486 993 -151 1014 838 -358 -267 -468 -600 -1107 480 -280 -76 -967 49 1513 -50 109 615 -67 -1061 1557 1 -355 0 318 1024 -886 130 -367 -1208 -1007 -582 1256 1 908 670 -131 -104 1182 -533 495 880 -203 896 -1372 -1142 -383 589 159 -1094 -271 1560 197 -767 -1108 -73 694 -951 -572 -58 -1324 -792 -109 -211 639 -545 -855 -510 406 335 -179 -593 -176 64 99 -214 219 241 125 149 -345 637 -451 -1131 667 -574 89 56 669 217 767 509 -744 483 -678 1522 -837 349 -505 13 -953 -530 -219 523 -67 643 -14 -750 26 708 -485 -381 -1346 -356 2 -976 -1978 -1405 -1115 166 -11 289 -514 -153 -332 -1184 1325 -1465 -1235 1445 1062 -1025 314 173 418 457 -343 681 -815 710 365 154 772 -65 1373 537 -1024 134 1062 -718 -660 1528 287 640 232 -368 -965 677 -869 -121 -23 -204 595 505 -1531 1994 -1205 701 -947 -1548 906 -40 -454 -376 573 884 650 -918 658 1060 -1906 183 438 985 -501 375 418 -382 323 2054 652 -540 -336 -600 1904 1164 -508 -366 347 -94 -72 -595 -469 467 77 -1144 -1451 -990 525 1442 -972 1656 100 -932 -272 -1106 1085 18 -247 1401 -808 134 1049 596 1366 1772 -32 -648 -195 -1136 -572 1704 -540 -475 377 -460 -271 1289 -1067 1850 -1114 573 -298 -105 95 363 -857 667 -1465 200 -1017 1372 -160 -638 111 1776 -1487 488 565 1083 524 -801 
246 -533 66 -424 1411 -1104 -413 -122 742 421 -1134 61 227 -449 -666 955 -573 1017 -74 -194 -600 -76 -931 836 -531 -750 -414 573 94 321 586 1206 -715 -400 -597 -44 44 893 244 517 -342 978 -227 -709 1704 -1169 -1411 -327 -555 1049 1531 185 -596 -488 -649 -508 -157 -553 -1642 -47 264 188 -161 -1725 491 922 -352 -908 959 50 624 -262 -1230 -898 1587 -1265 635 1374 598 256 311 -1737 356 -759 1098 -45 795 -129 -8 -394 -759 -97 -513 -1023 -1363 -227 725 -763 -465 86 -1413 -380 104 -844 -1240 499 -1637 65 -416 -791 -760 -354 758 -68 -1919 254 -721 488 884 576 569 -254 1196 -662 -761 971 903 1182 -242 379 -131 -350 1426 -1364 -40 -291 681 -449 299 -189 332 252 1095 -942 928 1798 1126 -252 -625 1314 766 -850 -626 942 836 -383 541 -535 856 67 606 -1664 -117 -600 149 -1167 -649 -352 471 -299 638 190 1003 562 -1128 627 1084 -609 -285 136 207 -23 577 136 -703 -898 -217 -201 -1033 -665 -89 -983 -540 -603 134 483 -953 1274 1045 642 -324 691 786 -568 -1160 870 -1512 604 -587 -895 -462 -1418 441 1984 -858 -247 -87 -260 -566 868 1022 645 532 927 -151 32 -73 37 -125 -518 -864 -477 714 721 1691 -597 -274 758 -473 -882 802 -785 -191 64 1000 -478 1062 -148 129 1012 624 -824 767 364 -925 413 -1065 850 127 808 302 -312 -620 148 743 -845 -363 -142 1696 321 -526 -908 -1786 305 -324 328 -209 -711 112 1519 -135 -368 -1570 -220 -1235 -929 107 -578 398 82 687 -634 860 180 51 -529 -4 -771 335 -449 -572 -55 -687 299 1258 -364 -1065 -11 -638 -43 673 -28 1198 1058 -196 -1622 -360 -333 -75 -1225 515 -547 435 -282 600 319 -12 -255 -262 -1011 -353 -107 -106 417 -224 -800 -202 843 1308 -705 -116 -270 -735 -359 48 -332 -59 -486 259 -132 -342 -404 -710 -624 598 372 -470 -593 264 -107 1080 -340 -159 -173 140 -220 230 -685 -95 -353 -828 306 694 -1085 -1370 458 -388 -192 238 -298 510 -1177 1091 230 -995 -142 -957 237 -52 -1003 184 1182 180 -880 79 -1093 -2067 889 -310 282 
-442 177 1021 -385 -1293 41 275 356 -618 664 391 -617 167 -807 -256 5 -393 530 170 -194 395 -1491 189 -6 1053 815 900 417 373 193 -689 -153 -653 -1121 458 629 990 -731 1725 -69 261 935 -352 206 -455 -717 -354 -511 330 504 -627 -205 154 874 -657 67 399 54 -881 1173 1287 882 -1176 -23 -1128 -343 64 63 -567 852 135 -547 -1158 374 552 -100 737 45 1864 -629 1362 -1070 221 275 -375 -106 -769 517 97 -52 -1139 639 650 -551 434 32 -646 -1169 174 522 -1145 -135 217 -326 -78 -108 -128 332 -133 -661 693 827 416 12 235 326 -696 -447 802 677 -186 -283 181 -30 -69 292 135 1053 -14 -1520 -221 137 13 241 1213 -662 464 307 632 -310 -295 -1242 1468 674 232 718 563 -1324 952 -204 -382 235 -189 234 1038 254 -1080 591 294 816 -934 -531 1642 -991 -103 -648 -1353 119 623 598 -726 -1638 -1023 -2 370 -973 -1281 -351 1304 104 -70 -17 110 -860 -425 -465 290 834 -440 -111 -163 -945 -230 1046 -533 812 350 -532 -1887 210 1435 1007 -5 -294 -831 -5 -1315 -1001 -212 -71 -326 -379 -1194 -1247 -906 1358 -533 261 1018 55 187 -732 152 -876 -603 -691 1294 1276 -284 502 814 633 233 889 1644 203 297 1643 43 -625 1290 -1007 362 -1126 -357 952 1568 -190 109 -870 -955 71 961 -138 -27 104 547 -1741 843 667 -548 974 -56 -2437 34 341 797 -931 701 -75 -533 57 427 570 78 -738 -111 285 -1016 200 -578 305 -573 327 -787 -185 392 -465 -229 81 -243 -610 -361 -917 398 210 -195 -357 234 -682 757 -1237 -894 269 -139 130 312 -877 -10 -1352 213 1027 771 775 1619 516 1452 59 -943 1358 1261 2 -471 394 -673 867 -874 1324 659 -1479 142 1056 1636 -447 191 -367 139 -883 365 -1069 667 -140 157 426 -451 -26 -18 7 961 -403 -758 118 303 1366 -594 160 617 -131 -863 -624 -566 -1440 858 112 -786 -519 650 593 80 -94 -206 823 -980 579 787 -6 -673 611 -1023 -27 417 1400 237 -499 415 146 -529 40 189 1350 -557 393 -1029 34 -262 -912 1341 1557 256 1237 
-753 1008 167 -812 862 630 333 837 -649 -386 -969 449 -851 799 498 729 -345 -509 -604 -825 -923 438 615 -476 191 254 118 261 582 1013 855 -610 776 30 1395 -432 521 -301 758 971 -1018 823 -1365 -1612 -28 668 -704 682 620 1601 449 -247 232 -40 1137 -1637 -239 287 246 -992 1467 -1013 -4 1623 -309 1799 1329 -238 -574 257 427 -176 409 -66 772 -869 -981 -1396 -470 -570 1024 -786 -370 696 583 421 -41 -117 762 -690 423 95 1091 -337 1092 -719 145 194 -52 171 -401 -195 248 -606 -515 -445 310 1242 -988 151 469 -486 -745 27 282 -1165 1257 608 5 481 684 -620 330 293 222 -10 1226 -1146 -451 -937 -747 -658 -148 870 659 -652 1262 -1793 53 266 123 -222 -248 0 730 54 -689 380 -626 246 193 363 -755 -704 953 -167 -593 1310 -2960 -423 801 1334 -324 -1118 -669 -913 -168 -965 -139 816 135 -1195 644 -648 -369 410 -345 -201 -1134 51 -1367 -1289 -171 298 844 -874 -573 787 329 657 -459 -969 33 133 -259 749 -892 26 -729 579 62 -630 85 888 -633 402 472 569 -248 1441 1835 966 259 -591 1226 471 842 230 -394 4 -14 255 -333 -1192 -536 1752 272 9 -296 366 313 58 -133 1351 61 -1942 516 -475 -257 725 -234 -11 -446 -1151 -586 -1069 -168 243 -159 -179 1688 797 -1313 273 -1307 743 106 642 -934 -755 141 -570 -241 279 -1040 -1235 699 885 -341 -227 869 256 56 3 161 -58 735 -104 -1635 -562 -27 -215 368 752 -555 237 -432 1598 1182 516 -422 -1000 -42 -851 145 -303 444 657 997 1171 -91 -1017 511 96 -903 -538 -224 -1044 -117 -7 214 18 647 120 948 244 -470 -562 698 -53 -1452 -729 -1438 46 -1054 759 28 4 874 221 1143 877 613 -81 862 -356 -1027 58 -372 -798 -402 123 223 744 -655 1681 507 -1152 -137 716 113 111 453 -133 -298 376 167 -478 694 427 290 -1200 -611 430 -445 346 -127 -153 738 749 -194 -831 457 23 178 -48 1022 -497 350 177 -549 -131 -692 378 850 1306 48 -762 996 -91 484 301 404 176 449 -82 -486 810 -56 -1580 
-219 1387 -993 -214 -686 -124 529 201 -456 -1092 -722 1091 -321 374 -212 -503 -602 475 462 -1175 189 444 -776 121 -704 -1291 68 -640 -808 -20 -963 -898 539 -648 -352 -383 -482 -672 564 595 1105 11 -267 -1617 1342 -165 881 1070 628 -421 524 264 -449 -1072 387 39 334 185 732 -1139 -2115 206 -45 -199 1100 1759 -258 146 613 -1196 -873 302 -620 -85 -1640 -856 -362 1062 -640 -2026 -770 183 -631 -732 -247 168 1752 -689 -553 269 1344 189 810 73 -441 249 -427 -340 392 1132 381 -1271 929 633 386 -282 -750 -304 1213 -493 -460 966 901 692 -583 38 760 375 299 943 565 -1240 -390 208 1568 627 180 1066 -311 750 -236 -182 541 231 -556 1 403 -104 -974 325 -992 268 467 67 560 -1677 776 599 118 230 -408 104 -2033 -833 -1359 531 1117 -419 199 178 799 -246 -146 -100 1776 5 653 -344 262 -1346 -1456 1814 -581 -61 -473 -391 381 -81 -400 -1725 772 -499 -733 -348 -400 364 241 -411 262 -734 827 -262 -354 -250 1010 283 690 -1833 920 1054 712 -109 894 393 169 -199 635 -128 -278 -3 147 898 147 1706 -965 1386 -513 1875 493 164 636 -1180 -710 -693 -383 -689 862 -745 195 -1349 -128 -1038 296 -32 -524 1756 -546 683 -1451 93 -354 37 546 -325 102 -955 457 -1261 -838 1035 -37 -87 930 -287 1513 -1323 -60 917 -228 421 1503 3 610 -1301 850 -246 21 -258 -719 -127 222 546 1513 718 713 -360 560 -43 153 379 -1161 39 -207 -435 1081 8 441 -384 -720 212 -743 -82 1314 309 -1014 107 485 663 -624 975 1051 903 393 -729 -326 -825 194 328 335 61 -439 1647 -98 770 -79 491 -182 968 979 804 -1567 -1328 533 -303 1022 -444 -1072 560 851 285 -314 -399 -1241 2134 426 744 40 -844 -260 56 170 187 -35 -638 -1155 40 -920 681 -702 355 -715 -192 -42 -1207 -840 -495 530 -243 1617 -466 -1100 -24 -664 300 354 -1195 762 -811 -2106 366 -467 -932 125 -844 133 157 249 -872 212 323 -406 -917 -1210 197 547 374 -1866 588 44 -485 -319 -199 -819 -181 -297 183 448 -265 -978 -1252 
-410 408 762 1178 307 -315 671 -1331 751 -523 905 664 -33 -658 1595 -470 -438 -332 -1184 50 200 288 202 -535 -609 -969 -145 1468 938 -27 -536 187 -205 1150 -333 1123 -703 934 -1028 -591 -285 -1340 768 -83 884 -1042 172 -540 483 1116 -644 27 352 316 -516 -605 -781 -456 401 220 -598 -334 -554 18 -297 774 -140 577 118 283 16 569 749 -335 138 -437 -461 342 10 237 -992 37 379 531 238 662 495 -862 -727 -753 -1580 353 668 -49 -814 87 -330 -1228 -677 670 -608 -1349 190 -114 714 765 -951 180 862 145 -350 573 1544 -845 791 1018 498 -55 -1066 871 159 -262 523 692 -182 -455 -50 182 1066 -677 396 278 -199 901 -721 661 308 300 -694 -308 192 -16 -285 575 670 -1008 -239 -214 -1126 6 -573 -250 42 396 -822 -977 -352 1112 -581 -651 843 -273 394 748 268 217 -76 -244 800 878 525 243 856 802 -2 166 966 -398 499 -681 -485 365 191 166 910 -426 42 -607 79 530 1623 -141 -123 697 -403 -867 1363 -1122 1059 -264 -267 775 -1030 -747 -149 512 -600 -138 -516 -288 -1123 -437 -1202 -74 -108 -1762 -468 452 -1069 363 -360 823 -867 -240 391 37 -507 287 904 -443 488 39 21 -292 -356 -489 -13 622 -156 -113 369 -151 47 -1744 -74 882 1229 -199 832 -1256 251 975 556 84 913 -539 -665 982 853 144 391 -382 -1044 -758 -141 906 238 847 -607 377 30 -1472 -443 314 -91 888 -406 -285 -668 558 1401 967 -1149 -1340 963 -329 489 -69 -21 -718 303 -1195 452 -342 583 -9 -456 -57 897 -1065 552 -797 -80 1251 735 -293 1086 -666 -336 -240 275 -731 -437 49 -1071 255 304 -839 354 865 -216 266 -480 -414 181 -1002 944 320 42 103 127 63 522 1004 -813 151 -1016 298 -822 -67 -858 -219 398 -390 -326 -13 -582 956 -114 -1047 -790 -371 873 176 1575 584 -172 -316 -439 -454 356 895 365 415 -1299 -1468 -138 193 -503 174 969 -966 -421 -777 -1211 543 -1672 861 -463 424 -264 -532 270 -1222 -487 -1530 50 554 684 -457 -467 -2 -96 -1655 -446 -1577 303 344 -4 417 
-499 918 429 -1566 -421 488 1104 236 550 574 -44 16 365 -1670 141 -750 -211 -875 -857 -378 37 842 -408 -1797 803 -1039 -308 -114 -111 -1273 1182 149 -642 1393 1011 -516 991 267 545 111 -441 1348 -342 526 398 -749 -1403 -222 -369 -648 -676 -925 418 -281 1376 -905 -552 -19 -867 1173 -147 -289 -670 0 -105 -357 305 213 -450 -450 -158 486 39 -401 -425 -1235 493 -4 -972 598 1300 -1141 668 449 -472 687 -279 168 1100 700 -872 148 990 9 -53 -797 30 -599 557 -479 251 539 -814 -185 -1397 1385 514 1465 561 -1518 672 -649 77 776 -496 -261 -357 -575 146 594 -779 105 497 1184 -830 -1109 9 -650 -1352 -763 734 466 -1033 206 -1153 554 274 103 258 -2209 417 1005 -1060 -403 798 661 63 -417 -240 -1076 767 -553 857 -397 -32 196 -1101 -174 689 -951 -309 -510 1244 145 -200 -309 1177 798 -469 -840 292 1035 218 -448 420 860 236 -163 795 202 -1585 558 -942 -293 364 -380 1584 394 -259 18 47 1486 -87 760 1114 -126 -232 967 159 35 558 -1316 1135 487 648 -533 -1346 -6 -531 801 119 -2444 -248 -921 -14 -824 -206 1670 -247 829 154 -363 55 -1094 -543 180 9 305 840 -1063 -658 471 129 114 332 -53 1067 -716 -647 -464 212 -562 -442 -599 -988 -351 317 634 356 425 -95 945 -197 352 -421 254 103 -737 427 677 846 1226 463 1117 746 370 601 -305 531 -210 107 -415 -134 615 -754 15 -1275 -395 -944 -310 759 558 -442 367 -31 -387 1078 -903 -550 -1113 -545 -2068 357 493 42 -120 -388 -1151 497 -395 -949 -416 488 744 922 -648 -735 -490 154 -664 -886 309 255 -227 -408 394 742 896 546 -1117 1057 518 -1192 -823 102 -320 354 398 623 843 303 710 -497 663 127 887 -219 934 664 -31 -951 -710 994 1144 1638 30 -513 213 -297 260 944 661 1379 -601 1119 -165 1482 -178 608 -304 1097 900 -390 715 -434 -635 -947 -714 -12 213 562 -435 -660 -296 157 743 693 -2224 38 -525 -1332 -191 -976 -855 -40 -420 -302 750 -850 436 1161 467 644 -835 -533 75 901 1296 4 -547 
301 1020 761 -1265 995 282 -88 118 -1292 -124 -435 1424 -1446 1363 -851 247 -257 35 160 -157 -298 -1141 -342 21 189 38 47 -1139 -127 197 1061 716 -1201 -301 -691 -633 -1228 567 394 118 -962 127 -538 -217 712 -612 137 587 -971 -10 285 -559 696 269 -778 539 846 -165 -1054 236 226 -207 194 -315 -673 513 -249 -745 609 -26 411 247 -2140 503 -431 1842 -159 740 -620 735 150 433 -176 375 978 -1133 -315 -201 544 -634 -193 -929 -201 -1077 801 1089 1222 -426 1000 455 927 -787 168 -342 382 82 -57 722 -611 877 -711 -1295 -640 -696 -102 616 -519 -137 -165 442 689 348 -1055 -664 112 425 -1031 578 427 248 -1567 802 -560 462 -800 149 575 -45 26 -470 -606 280 204 49 -1898 -466 973 609 887 -198 199 654 723 -1187 84 -81 -276 236 532 507 802 -231 638 540 -704 430 -334 -565 207 1004 -368 701 -909 -7 -499 1124 310 -386 -975 738 599 -1638 1471 1227 -331 -556 431 122 226 -1563 -404 141 -629 -612 1850 -21 -1169 -397 1431 -843 1156 947 812 -749 235 866 -123 -388 -522 -851 -307 -1750 255 -103 -392 1299 121 -419 -454 203 64 -358 165 937 -471 841 1001 952 1062 45 -447 597 -398 -369 -1057 -726 320 -443 368 -465 740 33 -851 40 187 741 -590 -418 273 1639 -393 162 -1000 -1965 -634 61 443 72 684 324 522 -416 -314 -839 -937 220 27 -2119 436 1322 -239 1100 -424 -91 -544 -148 1384 -84 -223 170 -540 -910 -919 932 1965 609 109 41 1177 267 -583 28 -14 1582 795 629 284 27 -476 136 628 272 -1119 -716 -1418 689 1046 198 -564 -975 -878 2125 -708 -233 1304 1377 -376 318 1534 111 129 -84 354 -160 -874 910 851 1072 1678 -755 -200 -803 267 532 414 -1970 628 -1522 1090 506 -39 -617 -721 -668 1407 352 1326 547 -377 -334 123 -33 98 1038 887 -669 -63 642 229 1178 -182 -209 607 -985 -1195 488 22 1591 -120 -806 446 455 -382 40 579 -305 774 373 -628 256 182 -63 -427 360 1038 -696 335 -386 55 775 810 398 -292 398 971 -472 277 804 -569 -406 
-199 468 1237 864 -1081 -421 -1262 926 1100 904 -977 1216 -754 473 -659 179 782 650 1203 502 483 719 -742 -979 -502 -599 591 239 -116 214 96 439 1132 957 435 -290 687 -383 39 -1959 409 508 -624 -364 804 -438 -598 648 1075 -120 1000 -108 -179 1014 -507 1018 -1632 14 -151 301 -48 259 -136 345 6 487 691 256 214 204 267 -1406 -1093 -12 642 1648 843 334 1046 1063 334 -609 932 492 -378 -444 100 1019 -1022 -455 -996 -454 806 -906 -916 1124 -379 -1165 -179 -448 -839 687 -671 -1005 -178 -1305 -801 430 -605 -956 371 5 626 -754 -472 841 480 89 16 -414 582 286 -184 448 -922 63 -410 146 -115 169 -160 369 1776 -332 187 -780 -806 -878 508 453 -785 -109 850 -353 -550 140 5 349 -671 1190 221 -530 -633 646 -63 151 -58 -472 -371 925 1172 -114 -414 -105 669 236 -1563 191 669 -112 -316 -373 187 -926 535 -670 279 -32 76 326 177 1115 -883 -726 597 87 -773 164 1474 -1 11 -515 -1073 265 489 1703 -1195 -635 369 488 883 -264 572 494 -141 816 -201 333 607 -69 110 1098 -82 270 -897 935 1213 862 126 655 223 -83 1111 -125 -1233 -288 394 700 -1047 -1356 289 190 454 282 668 -24 -630 529 595 -110 53 91 366 -265 -478 877 496 -1155 175 -439 146 -112 -368 241 -118 -677 -1032 812 -597 -575 412 -310 460 1403 -317 -1253 784 92 1269 49 -334 -544 -818 -262 -108 -744 985 599 -285 236 359 614 -97 -963 -327 -342 268 -902 766 -324 -985 269 841 -1579 -137 1121 1032 -661 -721 402 -324 1475 -770 621 -4 -43 38 -758 -236 -59 -886 -151 923 -410 1454 642 1666 -643 -582 -13 -344 -1182 416 -52 -219 215 336 -2061 -215 836 -907 -183 818 -66 -142 -113 1184 -652 340 -337 -265 738 1033 -953 -494 1040 438 854 -979 -449 284 -106 -135 -713 -937 -41 -986 649 -1301 31 -39 470 402 405 53 -636 1327 589 1168 -80 -746 450 1050 -590 157 935 -434 640 1166 -874 -1480 1067 -367 -114 -317 801 -1194 672 51 292 -873 334 444 651 139 -459 -245 183 423 -421 
-516 350 1062 45 216 -776 1045 369 -252 -2214 -788 347 362 -315 -885 517 -411 -210 600 408 -508 -312 857 -935 1328 -279 -421 832 -433 -1022 -64 -370 197 -855 -597 -982 169 241 204 -85 -127 -516 -258 -632 399 -180 -81 -20 435 -470 640 709 634 1373 -22 354 -264 -565 637 206 -44 297 783 -235 38 61 1119 -200 -29 1144 -2029 -499 -91 -435 218 -988 -387 -1327 -411 -877 317 1601 -459 -164 -309 270 1080 371 510 300 -245 607 -83 -193 612 352 321 43 -113 -346 -847 1421 -377 314 753 -474 1777 -470 883 -47 1683 806 -590 209 -323 -334 443 -32 427 178 -100 920 517 14 840 -974 -264 -674 -593 73 -997 -1518 -341 565 530 93 221 -1 108 -547 132 -129 -590 -890 -251 1620 304 -401 525 556 500 179 -572 -258 -324 -1047 523 232 253 -357 1059 390 -819 -1384 572 209 -108 266 416 -931 -236 284 -1989 -744 721 378 79 564 106 -122 442 474 683 -499 670 182 -442 1410 720 -202 -1048 487 246 451 -465 -439 -191 -460 -1668 -187 734 -476 -562 -660 -182 731 173 -967 1164 1658 -24 -622 21 161 67 -653 68 354 372 1029 -349 1070 -280 2078 -459 -532 -987 232 882 -546 718 1206 -1038 -1004 -548 593 -153 199 476 719 381 234 -830 -253 -250 273 -557 -144 -127 -430 210 -588 -344 -953 851 1083 418 -1088 -588 43 9 36 -360 -701 456 -84 -1297 533 -115 -124 366 -1056 -599 919 -1254 -119 -1399 663 515 -1364 -642 1510 1079 152 1528 952 215 110 -718 607 631 583 -521 -1006 -572 -1527 1090 -793 351 506 464 341 471 127 509 -555 -290 275 -229 436 -321 -346 777 -490 -346 -71 1773 -1076 418 -837 840 -167 21 31 -300 -2 -70 426 -156 -775 76 -155 -208 -1575 1394 737 853 -245 -628 273 -379 14 90 1705 -627 -1432 -76 -591 105 84 6 363 -939 619 614 -240 629 -872 242 -108 576 243 1129 -305 724 -605 224 -107 1220 -389 451 843 -994 128 -272 308 1258 -932 124 -740 288 896 -688 -803 1318 -453 -272 646 355 489 -72 -1544 -67 156 -1342 673 -165 -957 -640 -103 
983 170 -299 117 331 1267 -613 429 322 -2070 -85 276 -189 -2159 -1167 -275 -214 -94 1545 -772 -1066 -333 874 814 -518 -114 1675 -728 1226 -101 -1046 -200 595 129 690 -540 667 1616 -81 -1223 -600 502 537 -91 850 -338 75 -585 44 -1104 387 251 -283 910 -10 -171 -495 -904 -862 -173 -662 92 343 53 169 -956 -29 -43 63 826 -302 -959 -908 -1258 1307 1344 476 107 -174 -858 -824 65 1169 -164 644 -473 -1420 1819 561 113 -356 1651 1226 -553 -595 1054 -368 4 624 -1136 110 297 1013 -1197 989 -1327 327 258 -302 468 268 213 1343 -316 30 -350 -212 -106 556 -779 58 -311 -99 -657 1116 -83 330 -1021 241 735 -402 -1189 -1316 1159 -1576 -943 90 356 1264 618 1265 -927 -644 832 71 -55 1018 627 -862 -800 -662 -854 -308 547 925 -608 -806 204 332 -1620 953 545 143 -701 -381 353 -393 -973 -386 -764 -1126 321 -1019 336 218 -633 338 533 -46 -1225 -165 -86 -1814 312 73 36 -746 -207 -346 -235 1269 801 529 352 331 283 812 -1004 887 838 1242 -790 425 -168 1901 -109 683 86 670 34 -732 -60 2261 372 84 -263 -317 552 126 -210 888 1374 -101 811 -1345 -497 22 -1195 -593 63 1145 452 443 -757 -580 375 -626 -266 1017 -347 171 211 1420 157 307 -391 291 -672 -1153 -634 -66 -664 -85 -171 661 152 834 -893 262 172 -353 -116 226 -388 -870 34 420 473 -416 -412 434 -666 -699 -629 -290 -352 -2006 283 1098 -1122 -666 847 527 -373 -476 1658 275 -554 -1282 -895 1381 375 -558 -433 373 345 1427 365 -1491 -1070 1479 138 378 -148 -224 -282 -136 -707 495 -602 -590 -308 -806 -666 -2264 1865 739 1083 347 -554 911 -640 388 -1735 860 233 675 -1029 -359 -531 -417 557 -535 1040 877 -893 -491 -790 -30 700 -1407 367 1307 414 -614 503 294 1215 -137 -591 1109 818 129 283 -717 -479 1000 -1063 598 -1104 -492 -66 320 396 -819 -864 1162 -450 671 -76 -872 98 1840 -813 53 -531 -81 -883 228 257 -927 296 -521 -317 -550 266 292 -81 -459 -321 -1303 431 -514 -423 -706 -17 1894 303 1262 -1668 
-814 1383 261 -687 -212 -979 -604 253 371 -65 -93 1031 1271 -402 -1360 61 288 1082 677 535 -1123 -125 463 -863 20 -660 402 -189 -142 1319 1396 425 332 -831 -474 833 853 -129 295 349 563 -119 -1332 -1404 -766 980 -489 -1466 -37 -791 -499 -621 -548 324 -562 -123 -692 -682 -222 -889 -94 -910 -83 218 -731 -953 59 1335 1342 -727 131 -741 790 -705 848 -602 229 1271 153 -163 -185 457 -488 178 -1246 361 614 712 -2994 362 -486 -306 -102 -381 198 -64 648 -149 -2110 -198 -349 377 -405 66 291 750 -781 -1339 333 97 973 274 1354 -1587 92 -211 115 -22 172 799 -1268 632 297 -346 -133 259 253 -6 260 -1427 579 -221 -146 -850 319 10 205 -154 107 55 -297 -550 206 2882 1025 913 1028 -496 339 -384 -364 -338 43 1003 140 -238 140 1569 106 -727 871 83 708 -212 -217 -1207 -762 -321 381 128 -332 -859 987 746 144 -739 -130 -323 578 485 -170 379 -498 913 867 -1441 -956 -1526 -735 -262 -398 -1887 463 -116 1490 1718 -1190 -985 -709 -510 -62 745 396 25 -1335 991 113 619 -461 517 -337 493 387 -228 -575 967 171 -216 -1309 940 -1535 1 434 -1071 256 1169 -981 -21 -604 80 -1366 144 -40 -222 -613 1107 883 250 -395 199 972 -558 -286 -326 0 -434 595 404 568 1439 492 -366 -336 1414 317 313 -325 648 824 -495 371 941 -878 56 -543 -768 -1861 -373 779 81 -443 316 1360 -1240 -1047 -509 -172 -226 -980 -252 -506 706 845 -55 350 598 393 1523 331 1726 1105 250 270 -837 -305 -437 -206 -573 120 -1136 -540 1074 1296 -205 -283 -5 158 -305 -1067 -67 415 644 242 -152 -392 -67 -239 -125 1529 -1517 -809 -522 -1823 405 277 337 -746 -739 -257 -91 291 -970 241 568 -288 110 1419 -376 1202 490 18 -578 733 867 -166 283 800 -692 322 521 -787 -646 1247 -199 -481 1017 545 -97 142 370 1509 -196 -907 168 -468 101 506 -1269 1279 -67 -192 166 -162 -518 371 -69 893 403 271 -781 39 815 -227 647 -501 1106 -1090 959 -446 -1451 -165 1274 -11 967 1569 -530 1029 1507 525 1039 
-175 -91 738 55 193 138 -598 -1082 514 -1595 41 643 58 -977 -2353 -194 345 52 -143 364 -303 226 -117 -220 1619 -1680 -24 -140 112 157 -536 -574 283 707 568 495 594 146 -1344 516 205 -519 -390 595 -1058 -766 134 425 91 628 -192 762 416 222 69 -994 -36 -920 30 988 73 15 -716 -1078 -343 -225 1529 -1034 892 -1013 -713 -1738 -309 125 1294 -275 -222 -1508 -717 -637 219 516 669 80 -240 -939 -603 1043 -286 -250 177 71 -1359 -403 695 680 -15 807 -219 920 66 1107 -422 1383 540 -952 700 -490 1364 -868 554 131 -387 -42 -149 -708 750 -89 386 671 958 674 200 -11 274 353 -540 457 -831 1104 409 -610 399 420 -72 -483 -429 9 -699 510 412 185 393 14 -140 443 112 -61 257 -176 -514 342 -734 -228 -848 -977 1005 -452 -85 789 846 1092 1051 101 762 -734 -240 222 -622 79 137 787 -660 -985 32 151 -411 -1809 -255 -1183 -692 411 -435 581 -899 328 -862 35 830 475 394 85 1229 -32 -634 -525 -614 824 127 210 -668 -761 636 261 -347 -2 654 -235 1053 -1080 -511 -474 437 44 735 337 19 -926 -893 1074 -289 529 -551 2265 -1036 -214 907 315 291 374 -564 -781 1083 -811 -181 -421 73 168 1241 -891 575 719 -437 1387 -527 -844 -1714 -727 288 -699 156 -9 -212 -125 164 -718 189 -192 335 1219 -459 -1204 489 307 1515 278 -278 -8 -466 -200 87 -984 289 -570 -453 795 1399 625 237 -824 429 422 -936 -891 -1408 53 -326 869 56 304 687 -141 -350 141 270 299 737 -599 27 -307 701 140 -700 -705 547 496 -25 390 -40 101 -196 7 -608 815 680 -1207 -422 -330 -788 -203 -228 206 -598 -910 746 248 -481 912 -1078 446 -1017 -377 -261 -914 87 941 -712 1263 162 -1778 -3 267 491 146 682 141 -1685 362 373 851 152 557 -1305 -25 -704 1480 1254 -369 98 -458 668 -634 -577 1330 391 822 410 -909 187 -133 -38 564 233 -674 -446 327 -521 -975 -83 306 318 -534 -345 392 -1590 803 -30 -427 -188 -319 -840 705 -5 -545 -527 1228 -637 -496 -1343 227 
-687 -130 -1685 447 200 591 398 475 732 774 -210 -280 -134 339 -289 5 -1602 818 -291 89 527 -297 -47 1393 -1202 1121 600 1143 -395 -524 620 -93 508 857 988 -1031 68 -246 1072 -960 160 -954 260 -746 1463 -226 1318 1167 422 317 797 -895 -50 -198 -900 663 -400 -808 -6 1391 639 -239 229 41 -690 817 -301 502 -520 -1413 890 573 -622 -50 -196 579 -937 -1435 101 819 871 -297 71 -845 -552 919 -780 -776 754 979 723 564 44 -66 -357 -525 54 204 450 454 204 -1101 -778 1392 -414 -844 -677 -1109 577 540 -31 -189 -1008 587 -22 -278 -653 -105 613 -466 -1418 263 -1083 129 818 -525 -1075 62 -273 -625 146 564 348 153 122 -757 610 341 -1544 371 -653 -897 238 -550 578 -498 -223 703 616 831 969 -1628 -1079 606 670 -502 -161 -176 377 332 773 -45 261 -659 -761 857 475 415 377 74 -711 -881 367 -201 89 -761 -1244 -526 568 -91 692 -449 -224 -593 203 1167 -656 -756 -233 -476 33 -48 -488 -399 -959 179 163 1416 595 1549 -404 -391 199 -325 22 129 -1097 206 536 -674 -186 1044 -245 431 -791 -603 196 -1026 377 362 608 -282 701 -328 769 -241 -766 116 133 -179 -710 -418 499 -195 -1307 490 457 -526 -8 717 644 1072 -714 -361 -80 -467 -1333 35 106 -970 -867 116 -256 32 1350 -1487 -612 352 -569 312 -433 30 206 766 -527 291 1131 -734 -700 -172 1158 -761 -2221 -1086 117 -421 -645 -18 -1310 569 -754 511 -251 259 853 -274 327 -7 258 -762 -489 -402 875 -347 462 2 -383 70 -1850 1133 -128 774 -326 53 1692 303 802 939 -73 625 -557 -757 510 1102 1188 615 787 -73 -618 798 -347 -1363 356 -3 403 363 -122 -345 -151 688 -752 613 1011 106 -1292 -256 -251 585 -312 -1097 675 50 246 -61 -122 -1550 1330 190 -1299 -711 734 1217 -281 546 -237 -437 -626 1135 428 444 555 -180 380 542 -1168 -591 -327 213 361 -1664 -570 772 -1105 795 69 1119 -504 593 1053 -107 962 -516 1309 -615 1077 16 -321 -20 250 1038 -61 -545 51 -1315 -40 -405 757 367 1005 245 
218 -1104 1024 -97 -351 -211 270 -154 1350 486 68 -1004 -759 -340 -409 -541 121 -876 -99 864 -649 -125 -587 741 -553 -628 -1213 12 364 519 -444 -56 741 -108 -879 -670 336 300 -447 -867 -1434 -870 -369 -503 -579 -471 194 285 -723 -541 128 1469 330 208 -420 -668 327 878 -316 84 265 1572 -270 -1488 1525 -517 1688 973 -324 -776 -915 -2471 -667 -1471 974 -79 -389 284 -386 219 -585 102 215 39 -498 -273 -339 -675 -128 53 1230 239 -574 776 -1354 -336 -120 529 -373 -718 992 -173 97 861 288 -246 -1188 -283 645 487 233 364 153 -92 276 559 -499 -28 163 -745 -503 -694 -686 -462 -1122 1336 -252 197 -970 -84 61 10 -185 -423 995 243 -536 -227 1304 -122 369 1736 -260 1885 1823 44 509 -170 -434 -994 -969 327 -756 178 -470 810 1091 37 160 706 391 144 -1327 381 -829 -107 -1131 351 -193 -932 -617 -466 -405 1099 368 -1045 -113 836 250 -460 567 -144 -893 -39 -295 348 -734 -504 591 907 384 -1660 473 -270 409 -48 -491 8 124 -380 -210 -508 1292 159 -481 843 -754 517 -287 -246 -900 209 -432 955 29 -567 -555 999 -1310 1553 775 615 242 261 688 459 315 -507 -113 -1144 -1394 1445 1521 -713 612 -489 -931 -162 -442 -1616 -257 183 -851 1254 347 -443 1210 -116 -301 -724 199 -1340 -449 -692 -572 384 800 641 780 1236 500 -104 1387 326 896 1641 -754 351 835 -284 -405 69 933 384 -456 -423 531 120 1211 78 721 270 399 -617 1100 27 -270 -806 -747 462 841 1688 -481 232 876 613 346 16 247 -81 365 -586 -563 765 710 1105 -895 -455 102 -664 1241 -94 -858 908 756 -906 306 589 -1089 -753 81 872 1163 -847 526 585 888 -125 832 1169 -132 -1385 -1045 -20 504 -310 844 1338 706 394 -111 -1718 623 -78 1245 343 -130 -1987 893 676 -909 662 -447 -1477 -824 -102 512 -781 673 -863 789 544 -1075 604 -103 -957 -431 -140 467 777 -1694 -108 691 -1571 -389 60 1397 396 -187 957 -262 990 39 85 -1196 -388 -951 267 -201 -982 17 -964 -624 438 -1154 204 136 404 -670 1313 
1190 215 804 303 534 546 -352 -137 1279 -1225 1111 85 -1378 -1002 -925 502 402 -306 -402 -1118 61 -63 -814 429 1075 -531 -978 697 -894 1274 -1198 -1003 207 -24 -651 -779 592 1079 21 -615 76 640 -499 653 720 90 697 757 -85 -351 -156 -116 751 261 870 -1173 -387 -420 -545 -943 1339 -378 632 -612 1234 1207 -872 126 175 -363 -565 501 -163 1564 183 1408 -244 618 -1307 -711 582 -1187 28 -817 -315 -1150 271 41 233 -809 651 426 -1836 -1410 416 1601 244 166 1116 -1294 669 871 -172 1049 807 -1248 787 -355 165 119 506 -186 -625 46 424 192 289 -1593 -160 1169 1774 194 320 -409 -326 344 1330 -110 959 294 -897 -2 -395 348 -70 927 -398 -839 -1013 860 -194 407 1389 -195 -1296 585 509 1793 1304 1173 428 -170 921 1487 -878 -666 183 -281 749 61 1437 1636 898 910 237 469 -394 -291 -222 39 -667 631 -161 227 1015 461 637 -497 -140 -2680 17 -330 -423 1425 419 -213 -113 181 182 273 -1288 382 565 -392 665 493 -440 350 -806 605 200 782 -2 -264 -51 393 -305 712 166 -509 -863 445 -195 158 -416 -202 -884 -909 927 -395 794 157 94 740 -181 -339 -1369 308 516 -5 -1856 736 -207 -1291 372 74 -678 672 145 505 -792 -62 335 276 -93 -492 -177 358 -53 -161 511 -584 1 -133 1049 1227 502 -144 1035 -603 1086 -888 234 141 -833 -138 211 171 484 -409 483 -1135 -786 809 -816 -445 561 -39 25 -2088 -495 128 343 819 -167 395 -83 138 814 897 -266 565 791 -333 445 441 334 317 162 270 -917 -756 196 -521 -174 1059 962 1231 732 -127 420 -558 -89 -760 33 743 -694 380 653 -1522 -511 392 -358 1937 -264 695 191 -918 -138 -117 697 -538 -198 -1023 -699 -1613 1035 599 -1983 72 -359 366 -1412 -512 -570 -781 93 -1074 -10 680 -253 531 -773 846 242 1060 -642 124 259 -287 3 260 -220 -932 -312 -5 425 960 -690 -1116 -1295 -1037 677 616 244 -225 -117 -238 322 -221 -485 4 -56 -68 -5 -774 871 136 -511 1037 -127 358 1334 128 -1030 -451 -167 722 1829 77 
833 -287 497 1089 1304 36 104 973 1382 -126 -104 -721 -112 2202 8 -68 -579 -766 -574 -1254 -14 322 -539 -1088 -258 -113 -96 366 1144 -546 -147 -57 -988 705 501 1013 -312 385 813 638 -329 534 546 1560 -780 1331 837 222 211 -44 140 -1173 -345 128 -564 354 260 527 326 162 -201 -656 74 -331 877 543 -276 -555 -782 -143 340 72 286 -718 693 -565 119 76 707 -161 -739 -582 397 -957 995 191 1132 60 978 -971 229 -1700 -989 211 195 -49 431 801 -34 58 -295 -1153 -505 619 -386 375 -609 -278 243 194 -2381 -1093 716 -1348 1267 -906 19 660 958 1980 -740 -371 -371 612 858 1026 -1165 -1730 245 -253 -1350 -333 241 -970 -721 -231 113 434 44 -107 -91 720 -269 956 418 1105 174 -949 -703 -1052 -821 -168 668 -1056 428 -340 -265 -429 936 -791 -1943 -605 90 -772 150 -485 -25 641 -17 169 627 808 242 -797 -708 1683 541 -55 -55 -31 854 381 171 -327 -1390 -194 -1408 -473 -614 122 216 -73 541 165 -447 968 -645 762 -933 632 -576 -247 153 -472 -100 327 -909 -323 89 -704 857 1019 -948 1100 1360 -434 808 -711 -685 28 575 -242 915 -247 -608 199 548 -15 558 -550 319 323 -1415 -611 -855 -942 -603 -944 -2277 -18 610 30 241 -297 1170 257 1025 1378 -18 1052 930 1068 839 -960 -1384 413 419 -199 -709 -614 -55 209 671 329 961 -1131 -106 77 -28 61 -760 -514 -1243 -62 186 584 86 -1127 1218 -366 222 -755 510 793 -1274 -688 414 1391 128 1333 -202 -218 -1450 -327 -212 74 247 -712 416 -832 -277 -316 -420 -2122 263 1113 1327 523 178 -823 -977 1076 -965 161 -690 -9 -885 -482 -145 -252 1361 251 128 494 92 275 764 -526 -243 272 304 -955 642 -612 387 726 191 439 409 852 -234 -88 -720 485 2125 -969 425 172 3 8 397 501 939 1261 1228 -800 190 -984 -362 208 -871 -1039 663 -1086 758 43 -510 829 -707 -60 33 -618 -280 -413 544 13 -539 -584 210 31 -107 1064 190 322 224 282 1406 43 -796 -210 1456 -551 611 202 -1409 838 257 -111 -90 -30 
-452 -290 416 675 -211 -1617 1045 -927 -310 493 -34 -1391 821 -888 937 84 -783 -742 -273 -189 -117 -1194 -1046 902 -39 536 -808 895 1799 414 -1120 45 435 -1519 -845 -1074 312 -395 -343 814 9 61 658 -1401 -145 -291 -1314 264 110 404 -116 2002 184 1772 -459 -498 -464 -870 372 -316 1446 842 6 568 -700 251 795 -159 -202 -151 -493 427 -849 254 608 346 10 50 531 352 -1386 523 -490 618 -457 -75 -543 -433 -827 -46 -88 477 1057 -347 -164 1356 1064 -898 893 -515 -366 1103 -1114 -247 747 -1046 247 -145 -1339 -951 -211 -282 -491 1758 -404 54 41 -327 87 506 -26 -358 -210 -549 747 -157 -550 -578 -52 816 -277 -1235 328 696 200 -171 456 -1760 -428 63 -75 -339 416 521 1511 -1304 957 -1274 -274 71 -494 -105 358 817 -739 1263 -571 201 1235 618 -403 -153 -1192 1210 596 -75 -908 1522 1269 705 -634 -356 -384 671 -481 -327 -655 1081 -473 300 1415 388 -511 -857 -1168 -615 54 65 723 723 473 -229 -1379 1022 287 1378 -37 -391 -239 -935 117 -460 1088 1249 -1097 -292 254 -78 -81 -174 -645 -87 206 285 -228 -14 634 -1014 382 -1276 770 -176 892 752 219 552 -719 367 -183 -758 -64 98 953 275 950 595 -720 -127 773 622 649 -179 205 -706 -182 714 -999 74 1076 15 210 -822 -38 639 -61 286 597 55 -357 -1405 -333 228 1560 920 392 28 639 -822 -388 -952 -1147 568 688 -756 -1273 87 873 -379 -5 -22 -182 -255 -566 -610 1226 970 -156 29 -188 88 -36 -626 -577 -107 -539 1615 145 223 -436 749 626 691 94 1002 -552 181 -22 227 614 -477 -854 -488 -225 151 -74 -297 -936 312 643 -400 -394 -479 253 157 -516 -65 -828 712 -787 646 -811 -175 -162 -49 651 131 421 -1085 1675 -312 942 637 96 -54 1064 -476 -254 254 414 -1078 -892 755 -429 -214 -748 -477 -594 1296 -59 -1160 238 662 -69 1618 -449 75 306 -169 423 -1021 195 483 1159 -736 292 283 951 191 -620 523 529 -1432 -1240 -1184 -1469 -248 195 -824 452 185 548 476 337 -74 1008 -610 1145 -15 -854 11 
686 156 620 289 21 -614 -437 358 -761 -501 -1764 1279 -11 879 250 -810 -966 -1711 1002 -84 77 1609 -245 1849 -1625 -1311 375 255 -109 28 936 734 630 763 639 -346 -821 505 568 40 -278 -590 -250 -115 -270 911 -317 1444 -457 -410 439 -1196 -1315 -700 124 -69 69 -627 -182 1220 -1502 -456 -344 879 40 2190 69 -55 824 -915 -21 -1279 -396 -546 -348 677 -860 376 -77 594 -535 524 506 -636 -1217 326 173 -574 115 -238 1797 -1002 -29 449 -913 206 915 -1393 536 -592 816 381 112 427 130 -424 -950 665 449 -455 -227 -219 -601 -893 -2220 328 -509 29 -1295 1000 -254 819 -265 -309 -757 923 -96 -75 -143 486 -360 611 756 -549 -329 1219 -274 772 266 498 -280 1079 -257 482 1830 -360 483 -329 103 -324 -1059 -1260 540 694 165 126 -766 573 526 -377 1001 -293 170 -261 119 -1527 -611 -23 -287 365 -690 -518 -155 9 -410 -57 1246 733 42 262 691 -1468 456 -298 -566 -685 424 -491 113 183 2074 -639 1260 636 -331 -473 1187 1012 1515 132 -487 830 1068 -167 755 817 -694 438 -2027 854 302 -552 572 614 445 -820 597 -380 125 605 -800 -555 614 1301 1111 941 -602 -167 724 75 367 213 564 653 -969 -91 -235 -1842 91 323 -94 -1380 -302 511 140 163 795 -217 1180 -875 -40 105 665 -390 -1 684 -364 -1008 -110 304 425 406 85 48 293 223 -1144 333 -423 -80 1214 -1099 763 117 280 -592 -277 -459 830 -285 -902 -86 -241 534 1821 1177 -957 -98 -285 479 -666 -117 -1014 829 677 -591 -148 267 797 -579 -393 564 646 -1193 553 -56 -252 711 -831 -52 -479 -103 -79 550 -556 -392 73 -90 -192 -610 400 -223 94 -770 197 -1361 -945 -490 270 268 139 -447 -572 -574 336 -212 -223 -391 356 752 -1122 981 744 -1404 234 -389 769 606 -1257 -22 168 12 744 -143 130 595 -27 1035 368 -466 428 -76 -392 -530 -314 -1265 -790 278 746 -172 219 1915 -696 -1727 924 1320 -444 -755 1281 900 -128 -626 34 470 -6 78 -734 -728 886 561 -315 -1012 -1418 -476 -826 -876 -517 -705 161 -1483 
-229 -583 -83 633 400 -1189 -423 -33 370 -1342 186 134 343 171 -568 -110 -106 1085 1457 -287 822 -645 -151 73 242 149 -179 1201 1110 -156 71 -367 421 732 1194 -684 -336 -1124 31 1539 743 264 131 501 -164 -1610 -320 -609 -811 -909 -157 22 412 611 -902 1060 -482 559 -106 782 -352 1166 857 527 -348 -55 231 -287 194 -1928 821 -1347 88 -561 1001 -176 -1164 -289 -36 -374 291 -1335 934 -1489 -36 -1225 673 -99 -1300 -722 -1151 60 574 -314 93 810 -268 -489 -212 -599 502 -383 -134 328 -383 -1021 140 -1066 -215 -678 962 345 -560 -72 694 -460 811 273 1088 833 -566 263 -911 1268 17 -1280 -667 -588 953 -440 -866 -52 -953 -322 485 -974 -653 822 838 -11 -19 -324 775 125 9 -136 -803 223 -59 981 -1265 466 -964 1077 521 609 284 1435 -703 459 726 215 35 -1532 -908 -24 -455 -343 165 -256 -1043 -1879 402 385 -1208 457 891 -608 848 976 269 427 -1293 164 -147 426 -400 -1023 -473 -381 1708 -745 -196 342 -130 -1205 1339 190 -1453 83 -149 1830 -272 -142 -59 -1610 236 676 -398 29 -373 397 668 -628 -1230 -1719 -672 -777 -546 -383 -1756 669 861 187 -1992 -195 782 840 447 113 -1325 654 -167 74 1393 1144 330 -702 701 -735 730 -350 629 -880 18 386 130 641 106 -816 868 762 -1402 1231 155 -629 205 -32 1715 -546 -881 280 -154 749 465 101 483 1383 821 250 -1182 -1062 -2347 18 -964 1263 -632 -231 690 618 -286 973 971 -448 228 -568 992 1367 -557 -224 1039 -27 -440 125 13 256 -782 286 -1487 -1411 1191 -961 -1000 244 -328 1128 1145 -2446 -116 -132 53 516 208 -333 -22 831 1009 855 -1335 -12 880 -20 203 -446 83 -596 316 -512 -997 842 425 755 -159 284 7 301 -1126 619 624 -1393 54 1246 -276 5 -422 -226 467 943 -171 -330 304 -87 -1203 1164 63 -105 -954 -546 -287 -1245 1650 -1121 -1719 -1179 -73 -674 1726 -799 372 -88 -798 420 -79 -545 199 -166 -74 -345 -620 614 -2199 -54 662 -388 779 241 -370 45 -131 584 -124 -1207 -100 90 -1395 -241 1099 711 -545 -257 
674 -271 238 167 -122 -1340 370 286 -1560 33 467 -47 847 631 472 276 1224 -258 641 731 286 1167 -627 -231 106 -569 1200 -595 596 302 -315 1158 -1328 -457 105 -583 -1209 -300 83 -369 -547 433 1290 2086 -841 2409 446 286 -1119 -664 234 -265 -1713 340 -361 -1010 856 -631 -510 -242 -96 -1186 -311 -927 -304 591 1780 -387 1001 856 939 -387 1026 260 628 145 -206 340 76 -917 125 -337 -32 351 160 -206 135 340 -189 453 -142 -43 -1310 -238 1492 947 58 -477 -279 72 -782 1342 -371 -153 163 -421 1112 -254 -862 849 1525 537 452 229 865 621 692 987 -1452 -557 735 170 640 -834 -25 666 601 -259 724 -57 107 -406 -302 320 282 -1167 -1493 478 30 18 1325 -326 -739 886 736 -332 165 -875 201 496 465 -809 -391 10 -815 -997 282 648 -615 -91 1117 -528 -168 -746 622 57 -763 274 -519 -255 -267 1073 607 -846 -359 -535 402 279 513 641 -2 -1030 -358 -423 214 895 188 -276 -297 422 -796 -378 1339 -1293 -542 -115 1373 174 -92 599 1396 -371 -65 -263 885 -231 844 -143 1396 218 -247 881 -86 -757 -408 480 348 -200 101 -997 -121 -1202 1164 478 876 -914 409 -272 -1396 -119 -589 84 -472 -302 -1586 -1279 -88 80 543 -866 744 312 370 430 4 -2226 -212 326 115 -218 400 -242 146 -1840 -974 -821 1310 -741 -652 -428 185 892 121 102 -158 -796 203 291 329 389 546 1905 3 478 -528 860 514 -129 611 -347 -777 -767 110 290 509 209 -161 781 -217 -16 -496 630 -506 -1132 197 -259 21 1271 567 418 -315 113 -893 -831 308 -65 1169 -357 -123 1674 -171 492 -252 -1011 268 783 -149 -313 -769 1711 408 -292 -1146 -1444 217 1323 34 -118 -471 32 51 -46 -415 -734 1801 -1793 122 332 -368 -563 -1723 922 -530 -954 145 -1777 264 762 -364 548 -182 -573 821 1282 242 25 -478 -642 433 -84 -173 100 564 -403 -490 523 -719 1355 214 143 598 808 715 158 916 -469 -379 -247 276 -99 277 201 59 708 -327 -608 -1177 -473 1038 567 -401 -470 208 1327 -576 891 -664 -895 338 -1009 
-1119 405 -1530 462 -800 -261 -128 -435 -144 89 -1112 -947 -59 949 -423 857 -1664 325 -588 810 354 92 1133 -71 -1246 1176 1826 -25 -668 471 -262 -94 677 -242 181 753 273 369 1127 -98 597 387 374 -669 904 679 -255 -54 -2 15 97 -1255 69 -85 991 -16 959 352 1445 758 -183 187 1265 -166 -550 -48 -667 -89 1326 2338 924 1449 1114 1229 815 718 302 496 -1119 -800 -614 -1115 573 1083 1107 -145 -22 -1224 -465 -92 809 -456 -451 -434 -7 -337 -32 1100 552 223 1820 114 483 874 -841 -187 -2 -480 -813 78 -1057 -132 27 -805 -47 -759 -517 -288 -785 -1544 187 -914 -1104 -849 198 1497 678 1182 60 -318 -433 -747 431 -41 1520 -1656 120 -833 -539 153 504 189 78 -923 128 -737 -1202 -83 161 1114 332 -89 -246 -619 1347 152 111 -453 125 1303 -711 -352 -464 -562 -631 -128 111 221 -255 803 408 -701 -1438 826 -15 -522 -776 -169 -23 -186 633 650 550 -613 -194 -390 255 -421 -1215 1090 -714 -1237 477 175 475 61 -240 810 624 45 -70 -262 -137 538 -343 -63 -350 -854 -851 -296 599 972 -464 994 1281 860 1187 914 -621 -600 -566 621 79 -815 -459 -714 50 -471 74 524 787 607 -163 942 -386 -270 -846 -1561 -101 1089 -266 -472 -760 -397 1001 -1015 -651 -478 -330 -961 -110 724 494 131 1515 -808 -154 1404 187 -610 386 1502 -1515 -1412 364 38 297 142 -136 136 289 399 -261 -445 -229 -474 -671 361 -328 368 448 294 317 -318 162 -596 338 1024 -83 245 449 -541 252 532 -152 -897 148 572 -776 597 -854 393 350 -565 -794 308 -302 -888 444 680 587 -1558 -482 1936 2004 587 -484 357 338 28 444 -1131 -154 901 -28 1294 -511 616 -911 -267 -343 -316 139 273 210 -156 2 -314 434 357 -161 993 289 -674 350 870 -284 1159 -369 165 -743 -1285 465 -61 -1794 -1705 -223 1501 -404 413 -72 -1183 99 -977 1368 429 -79 -274 -1343 -765 -45 -450 507 715 -86 -71 -298 1230 -1152 501 1545 -1032 -93 489 1650 1397 -1121 -1526 441 1276 -56 -632 -739 1610 -272 -406 1460 -8 -564 -724 
-234 -554 437 -429 -224 204 879 447 -757 54 74 43 1114 294 1138 -1369 -873 -1157 -396 51 780 162 129 865 48 -552 -1457 24 321 312 235 512 357 689 1106 -177 339 371 921 -396 -1074 -604 1130 209 478 -536 -191 -360 257 -55 44 -733 -193 20 -75 -789 715 -500 -395 726 1060 561 -148 290 1464 -533 -681 -432 135 66 418 675 -764 868 580 -940 163 625 -671 -485 -335 272 377 -174 415 -574 -498 705 -535 612 -963 -895 1115 774 882 -392 1195 -94 416 -210 29 662 -164 -384 -242 180 491 715 -1243 -832 701 -547 265 713 -78 -595 40 -258 146 -1178 579 725 816 -232 475 -9 -809 -415 192 22 -696 1015 -658 -1311 -30 1411 97 396 650 -293 -651 -276 58 -892 -387 -662 -1210 802 83 29 -632 768 -945 188 1524 -156 -855 606 -1254 503 879 -738 808 630 -1297 -125 902 -7 64 -533 -408 291 -1936 -236 -626 -508 -1002 -624 -108 854 87 462 -627 -653 116 431 884 -1354 -209 569 -410 -280 -284 283 -371 -599 492 -686 534 -513 -683 -1295 63 483 -668 -520 267 420 -643 232 561 -625 -55 -17 -385 -314 -309 1082 303 -986 -215 -326 -1300 -1035 887 53 816 -25 570 707 -442 688 1062 992 -360 62 -290 -1175 -179 -225 -384 1343 -249 -525 -1451 -211 -491 1103 487 -605 416 1458 63 -685 226 -375 -23 1102 -1522 -181 -647 727 719 974 -729 -885 569 1340 1191 -295 -404 -719 720 969 470 -40 -820 1502 -476 1636 -2120 1493 162 -464 1038 -565 985 -929 473 -716 -289 -192 -436 -231 -456 726 164 -352 274 402 -99 842 722 858 -970 577 -312 347 49 -596 735 33 -328 -183 679 942 521 -1281 319 -433 -390 665 -604 80 824 884 168 -553 1141 970 682 -1350 -153 116 -643 437 1301 23 58 -1864 -475 -2 1502 -682 735 95 -2083 326 335 -603 80 567 479 842 -119 494 41 665 -702 -268 306 297 -584 -1173 -531 44 1471 320 -670 174 -993 611 743 -142 697 -436 -537 -604 -1545 1294 -38 -263 189 212 446 0 874 -641 1000 435 92 244 -75 157 1498 -676 -873 1380 688 -113 
502 723 -1337 627 -1120 297 266 25 -940 -627 165 -1489 -79 42 1725 -732 -201 -777 -539 -346 1642 369 -157 256 349 138 -510 -797 -77 482 783 398 -267 797 -597 256 -476 945 -134 -648 -170 -64 -577 241 -572 306 -639 -109 827 294 -739 171 -169 -925 -158 786 -713 1005 291 14 -208 -1278 -1475 669 646 363 -334 839 602 294 60 1897 -599 687 74 -1423 -375 821 -356 -496 -459 710 59 1577 -950 -877 30 732 748 652 -160 299 659 231 363 -894 48 400 -652 306 293 -135 663 -1567 673 -477 6 621 452 -498 -206 118 -112 927 -164 628 -514 55 403 831 -368 616 1163 -170 -856 225 692 539 -1639 213 175 660 875 296 -1493 -776 137 -84 176 -738 841 872 161 -7 1511 -415 1140 -613 -619 -377 615 1049 -1083 1560 -165 365 -920 674 1351 1247 460 537 117 -707 515 -253 275 -498 866 -1089 -769 -843 741 637 -633 24 1044 -461 -171 20 720 588 633 529 1323 922 -8 142 1041 -213 429 -94 390 -630 470 -7 491 -918 -133 -188 -207 -1237 -649 1377 -499 518 -147 -1061 598 1085 -1630 801 -865 -601 -545 328 -489 645 -390 -702 1287 -1310 -664 -2444 166 934 85 -139 28 600 -483 -489 856 -322 439 -615 109 823 30 -754 91 -590 1254 -801 -1056 1009 -1651 -18 -617 -897 432 1756 711 464 -337 354 -581 -747 277 -1140 160 -1042 -239 1577 724 -251 171 -581 -365 -628 536 344 -408 1376 256 584 -419 -1357 -1819 1167 -120 865 -91 524 -36 459 246 -916 1265 -938 -1149 -237 623 -769 767 -1025 352 -856 234 863 -1057 708 989 -405 -270 -359 392 590 9 764 -221 485 766 26 -391 443 110 -17 -345 188 -920 -495 -1199 -492 1040 -419 -1186 -254 -952 491 -1582 -415 -1025 -823 84 124 -429 504 -435 -731 -287 268 -581 -97 354 804 -798 -1538 -787 164 -1371 -355 384 65 48 -154 -337 434 366 -67 -993 103 -1032 -1420 496 -676 1463 -301 520 519 1218 -621 1284 -27 -327 278 -106 -1205 11 231 -808 -945 565 -847 774 -148 53 1337 743 276 -677 366 338 -947 170 584 -719 746 1350 1181 
273 163 147 497 324 324 -168 327 -599 723 821 -1920 484 904 139 -233 -799 -203 -989 1652 306 -272 -295 797 -195 -796 -296 -260 636 -415 -126 -1306 146 -17 -199 -187 1104 904 329 -232 -758 -1382 -136 -1655 -716 103 -740 -6 454 -118 -719 -473 -404 -427 -748 202 -291 -1555 295 -503 1145 631 964 -62 -135 -1344 435 -1669 -89 32 -108 -545 579 -53 -644 -776 -23 -479 1112 403 -958 1045 -91 -516 -132 -432 -313 -1273 875 -694 318 -802 -260 116 -1238 6 913 11 511 294 518 753 455 -742 -733 -294 642 912 136 454 -1150 600 -1067 305 -762 -889 -723 -1551 -801 -55 1427 -65 572 125 -221 -188 133 1326 -39 1600 -1057 -52 351 -466 192 1120 903 -153 582 -169 211 -825 -474 -1059 -711 -89 135 704 358 -28 707 -83 -995 129 778 -421 -285 384 -1120 -1848 -620 795 -635 1060 389 87 -46 -406 494 -402 406 -41 -57 -478 1100 -375 641 214 -279 147 435 -360 -1027 741 -134 -1022 -117 -465 365 266 -331 738 1675 929 1165 648 428 -1342 500 -10 -529 -303 -489 -47 -284 -824 -95 -975 1318 -588 114 -69 576 48 944 -272 -1383 557 58 451 276 665 549 568 545 -752 -686 448 -602 1042 489 101 98 1723 -1505 -379 142 -754 -959 776 -475 1685 -129 1076 79 427 719 709 184 -384 733 -814 962 39 309 244 440 49 823 830 321 77 262 50 612 992 1454 47 83 -675 -447 -1612 -342 866 1637 293 -35 618 -250 65 -977 -172 -877 659 -748 906 -871 419 105 1237 1106 31 -1643 640 -516 -627 -433 250 -59 48 1084 94 564 -655 306 821 -311 -431 46 -794 245 -1145 -364 -80 -509 469 88 220 -1596 -940 63 935 -1008 -1008 -703 701 153 -234 32 -3 74 1208 306 669 -492 805 516 1390 -401 -666 178 346 -1299 -535 54 -268 -339 1007 446 811 150 904 -59 268 -871 1147 -7 268 22 -548 -661 765 1393 1026 -289 1637 123 127 158 -322 -1469 -109 -100 1562 220 -169 -411 345 -719 28 861 -408 -187 -845 1522 -301 977 37 774 965 628 -1437 493 566 769 603 566 291 937 -998 
-731 475 -157 -1528 447 -694 190 637 556 -394 -356 -249 355 90 -762 386 37 312 -576 329 86 -893 -1363 -1255 -105 -1093 376 365 -744 585 -854 -1027 -324 246 -134 -1728 904 -312 183 -818 533 -765 770 2 -230 -46 1437 -390 1685 40 406 206 173 194 748 -229 -254 -674 -321 854 -415 841 792 533 -43 -567 1013 -994 761 -700 196 127 -698 -581 340 -250 382 -320 -13 379 305 -165 -722 233 117 -217 -682 123 -1140 1149 -282 9 167 636 10 639 -495 456 -583 -779 19 479 -703 115 -101 -116 182 215 -3 260 202 -476 -721 414 10 94 1036 472 -883 -228 72 -265 -1242 777 1118 -75 120 559 175 540 690 -582 504 -535 445 -815 -116 248 -946 -545 -418 -477 14 -954 -651 88 -278 -350 -738 446 59 461 445 1042 1396 162 85 -600 -331 611 -447 -207 -319 -487 -508 498 -195 247 -185 316 -438 -710 -967 -195 -880 -399 -86 -445 1055 671 383 899 -1825 -1110 -243 807 124 -307 -663 929 -1404 1068 -1504 606 -830 -544 735 1538 -80 430 -1193 -673 -606 1129 -714 -1124 -366 -2178 730 391 647 -285 100 -681 -320 1105 -141 326 -384 -608 654 291 -161 -996 -167 -656 264 1875 -556 -852 -443 -662 901 625 100 294 -337 155 989 1183 319 686 793 -910 290 -892 -1214 544 1017 -1436 87 -580 491 -186 1088 -1833 81 -246 -1018 376 691 179 650 534 350 -379 1367 437 -121 -1319 -86 -183 -138 535 -576 51 -1123 803 -492 599 -607 -411 -556 -667 -1495 737 1177 659 -919 -614 503 1810 -129 460 -903 -561 85 998 -775 861 -873 -32 580 81 659 472 739 -278 -665 -535 700 -877 187 1322 585 1262 568 -818 -776 -439 -347 -487 -677 1191 -624 33 -55 -1302 -292 -622 304 -253 -498 -206 -151 788 42 -228 1206 -120 -57 43 -365 448 -437 989 624 1565 206 -153 540 -543 4 269 385 -1876 -1276 26 394 121 1133 -520 -421 -149 79 -803 209 -1173 184 -537 487 -699 285 270 -283 -779 939 -1046 45 118 -15 769 -554 -793 184 279 531 81 748 -545 182 97 -380 1260 212 1212 -227 1134 -204 -1213 
-754 -486 663 19 -198 -235 542 293 1208 1230 -1209 -32 -267 -183 -282 -800 500 902 -675 -77 -1675 -237 -2231 201 564 573 869 438 -262 -292 686 605 -438 -920 264 186 74 -406 -711 1002 665 454 1050 471 -292 581 77 -1119 -727 -629 -488 566 -436 617 843 -1501 -1040 1211 206 -234 -1299 -883 2244 605 -803 -577 -68 245 1676 236 213 -111 789 -1025 47 110 1007 728 -241 -510 -434 -1592 -238 589 11 -4 182 638 1376 295 -123 -247 251 -142 -539 -61 376 1119 -973 -1755 -33 1412 307 673 923 701 -1496 1004 -52 -509 -183 384 35 320 373 -458 -366 61 511 1 -764 -631 541 -1032 528 927 838 -1153 134 689 82 -941 -608 -74 -92 -553 -703 -1374 883 -706 -90 -992 -353 588 -280 69 180 40 53 -408 -96 -748 -471 -2742 -479 19 492 -688 1307 -113 -158 -678 458 920 1401 -698 -468 -633 -21 -583 -2408 -328 -561 -1639 -748 301 -30 626 212 -469 -594 -80 -657 843 -987 799 258 -1014 -1142 235 373 295 260 771 -791 153 330 804 840 -125 -256 -155 1380 630 -848 -1008 506 611 1052 1114 -691 -232 -74 -48 254 -232 468 -669 400 -305 764 -440 582 685 605 -413 -611 -288 32 -1206 -8 -37 238 -913 -194 -1028 -523 1516 152 -409 -1157 579 -258 888 115 -1 274 -453 274 -987 50 -1738 532 -1198 -92 196 -441 1185 -80 756 -540 -686 -755 -117 -631 -220 231 689 1384 -1203 -1598 327 512 -196 392 389 -208 -466 70 10 1053 637 755 -177 -162 841 183 706 916 1347 1510 1840 -717 239 -1796 122 -90 301 -685 -118 -853 -117 -1502 631 -727 293 763 544 -146 -1217 -718 -1519 708 106 311 -300 -493 1533 364 -1322 794 -970 -666 -504 964 1172 1069 -667 -833 124 -1057 463 -957 126 670 -2642 448 372 976 -234 -821 -839 -178 -622 -235 -1269 -321 321 -752 -9 711 421 1164 567 1511 -663 2274 -681 266 1740 486 -91 1410 883 -1445 1032 633 -1879 -458 388 -124 -803 669 604 -1025 -170 622 -235 -685 -1290 -204 -656 -66 -728 225 -1545 -867 -452 756 -441 -852 841 -1361 176 -523 182 -96 -1140 -491 -1565 
86 497 1255 133 1213 -1409 -345 281 -639 -88 -422 668 736 1676 -849 154 -455 -384 214 561 502 -610 -460 -126 -110 -89 -666 -374 -345 -164 -490 1078 -98 -362 -1450 233 -816 1114 -1385 81 987 -627 956 529 1759 346 1385 -851 -976 277 2290 502 171 395 -785 -9 1776 589 -407 -666 -25 219 20 48 -753 304 -359 -2051 847 -514 -510 -837 -23 -172 -609 -507 185 575 -184 -350 -1217 -921 -597 210 215 171 -482 89 -691 -409 -272 502 79 590 -210 -635 -504 -497 -406 -1050 -473 -1175 -236 1751 -1639 163 590 -724 215 -1869 132 839 150 -50 29 358 28 1108 -528 432 -795 -307 -548 599 -291 48 -639 1460 -139 713 -106 237 -318 -169 -210 417 -438 477 -1130 -1069 -299 651 526 -958 -310 -547 -461 -284 115 416 305 156 187 327 -427 358 686 -127 230 -713 1194 -220 -1058 -1130 229 -51 -181 -409 -701 16 -38 1370 31 430 404 -655 -212 1399 1532 -1095 880 -1617 1462 -218 -689 79 -7 857 517 -936 -16 -1516 -868 -411 698 -718 761 126 -1064 -1734 36 647 -53 -986 796 397 612 721 336 88 -1138 237 -888 -388 -1251 121 -70 257 -676 -119 -71 696 723 368 -556 -195 -1409 1086 37 586 -724 -948 -870 1017 -453 -258 159 -26 282 549 -235 -422 181 696 -96 574 -169 -123 -335 602 -1916 -5 1076 -305 339 -714 372 -1042 -1122 437 -736 -630 -132 237 954 194 -971 -211 -931 -774 -1316 113 -1738 -753 59 456 -845 9 231 245 -65 973 726 637 738 411 299 -607 1068 -62 -516 405 643 611 355 -295 -827 -505 696 179 -223 10 -355 -394 380 -953 -252 -833 -199 -92 239 141 -469 -270 234 -90 347 87 78 2019 1848 -242 -205 -264 295 363 1035 155 217 -13 -353 -17 -628 507 37 351 173 536 -1761 -231 151 1329 1329 -106 -398 -1801 310 1215 -274 1573 -17 67 -576 -593 748 -1525 -348 -482 1361 55 141 -321 897 -282 68 -449 -1070 -476 1038 535 5 782 -309 210 -946 -769 272 336 660 765 866 120 -544 814 124 -1516 -1906 -206 -87 73 -1035 -596 -659 718 -560 586 -131 -618 -286 322 
-1258 385 -555 545 270 -715 -804 -1734 681 942 163 -358 -440 -571 -672 257 -775 1151 -2011 435 -463 702 1042 1935 2 115 146 -560 -1177 1868 430 -536 -1487 89 862 -785 278 157 -161 91 470 -872 1072 -360 63 -79 1188 -595 3 449 -523 -111 892 -207 380 -1078 523 991 727 -308 268 839 -524 598 -532 -842 45 1069 -773 364 692 262 -971 -352 164 -110 121 -263 152 -385 1408 -1849 -455 -1128 497 -536 738 32 -428 47 167 -445 1107 -1324 -13 -764 -1736 -254 -4 -434 -1151 226 -939 1049 16 821 467 -341 173 -164 -828 -774 909 593 -157 65 1931 1090 -2212 1016 283 -714 -690 -391 203 720 519 -331 1301 -677 974 -485 75 984 402 485 -411 -1617 -473 -769 199 -1200 -688 720 540 -168 -452 -1230 -312 -564 490 -39 206 -803 -1168 -1397 679 -479 -339 306 -940 -351 -509 708 603 -239 -593 541 185 -405 -1131 -683 1176 -225 -786 -142 -181 186 -929 -323 264 262 -43 -207 -674 -1313 -372 1227 115 1382 277 147 27 50 -1415 844 -479 694 778 1075 -978 -366 -1252 -357 310 1226 -775 -477 188 -499 192 1800 363 237 150 759 341 -209 260 12 1504 39 4 -579 521 520 -741 -1725 228 696 1384 -390 -14 -782 348 296 197 600 798 -418 1106 -710 792 1461 872 718 856 675 -774 -276 681 135 318 -414 -269 1141 236 -1422 -961 811 -917 -693 1958 -637 350 -656 -148 922 668 647 538 1424 -807 -28 466 519 1146 533 109 740 -1274 -864 174 -161 -817 -1158 -649 1436 -310 1211 1098 394 1009 -520 -616 707 -936 -431 -195 -223 -55 -54 -835 -429 647 -456 -257 -246 -68 -741 -244 447 -886 -1108 1724 1052 -1501 -1246 575 677 -756 1119 503 -420 -880 614 1167 289 -956 -818 177 553 -475 -300 670 919 -330 501 -627 -755 302 -1111 1235 149 -689 748 -330 1370 -23 304 167 500 -119 -173 -396 -536 -1181 935 -522 1106 -829 151 -407 1170 579 697 -604 -216 -207 -661 405 234 -756 -153 -238 -911 -195 1285 887 783 -232 246 -624 210 -156 1455 -1112 -657 -315 -226 -590 -179 -697 -463 -112 111 972 179 -776 -119 
-1276 439 -705 -544 976 423 -1642 -418 1101 -757 425 326 -1835 -138 13 851 984 1278 139 147 1126 -981 83 -875 -1527 -778 1488 -55 -1039 449 285 -164 22 964 338 690 -428 462 -601 336 -727 757 -6 301 431 591 -92 108 179 340 -304 -137 -620 -807 27 382 -98 -1107 -447 -930 28 -746 -244 -656 -599 -1388 -30 106 -1549 -232 521 642 900 80 -455 1632 -819 -998 715 -412 -983 390 385 -2 -110 48 312 -2199 130 723 -307 -257 -1050 -356 768 295 -1171 825 563 -598 1632 -88 -1805 -547 -593 616 437 972 225 188 -1049 1024 -697 12 400 601 283 640 58 158 -653 603 -855 628 -1045 756 -481 -215 -638 -786 -1026 847 1343 -341 480 792 204 45 -917 -117 235 -307 -837 -6 159 206 -991 470 -341 -1187 817 -203 218 1262 -472 -253 -974 -364 -508 -244 221 -236 -1443 75 54 -148 -2 413 -573 685 733 489 85 418 -1211 729 -200 -1141 68 -888 -59 -696 -602 733 765 670 -324 445 -554 -154 -1047 1388 606 -153 1093 -423 410 824 419 -916 611 668 -698 273 -197 -1359 -751 -732 -222 -645 771 -1295 -638 -1086 704 339 1238 -421 607 630 577 -51 1554 434 -1576 -1496 -761 473 -297 47 370 779 -315 -288 1090 1208 -101 54 -819 869 -259 -577 -31 -930 -357 636 15 -375 -1705 937 -361 418 -909 -1303 -155 210 608 -640 -620 1911 310 7 -162 786 -152 980 402 -1463 720 588 453 -186 -436 885 230 -537 555 -789 848 -548 109 -937 1612 1664 2276 -430 -528 630 -169 1611 -422 783 519 1023 389 481 466 232 -136 -387 -226 -374 -812 746 -342 924 -1660 -705 1287 -203 5 1362 -485 -402 -982 574 -627 179 -1427 1256 -226 -146 -826 -849 -809 -11 -789 -378 -892 327 -65 431 -311 43 580 1101 -143 -235 -260 255 894 1261 -113 -875 -727 859 1461 251 -2119 307 -1201 -660 554 -740 -136 -345 1113 1456 169 59 123 -894 -602 -759 -500 845 -1623 -254 -1211 -207 -476 -218 443 124 803 -1648 231 88 119 -2438 -689 510 -324 -797 853 452 -593 4 1183 88 -176 175 1370 79 -1078 -900 1027 -1336 346 -530 
75 -177 -327 20 131 -486 -1665 -261 881 -82 -1142 520 101 -690 86 -318 109 -962 -1406 -876 -533 -1970 -496 663 239 -291 237 -371 -718 249 792 1466 -1436 667 -111 431 219 -455 -1078 286 -122 -25 1112 -112 -191 1099 841 -1522 452 282 -183 -619 -497 982 -320 -2213 -1645 1343 -26 181 -832 -707 489 -304 -53 148 697 906 139 1241 -1208 -78 382 -644 536 -634 159 5 49 360 -726 -1364 165 2248 -328 343 797 250 -1335 8 -1392 -620 -79 -461 -846 828 1244 -333 -317 -270 226 -945 -306 -844 77 -324 189 587 -455 -1072 764 969 118 938 54 1481 -1385 570 -798 -191 -1019 -727 501 -456 272 -11 1005 -93 -457 81 284 -199 -556 -468 254 365 -545 320 -280 868 -782 431 476 733 -39 -577 267 379 -812 10 -806 -629 1072 -706 -674 -771 1082 582 -29 -788 -996 35 353 -459 364 142 -919 -75 94 -627 -679 -141 -317 638 -224 248 100 -577 -275 389 -1580 -1566 -433 80 720 -56 -98 -103 -404 347 1790 -1088 -123 1528 -991 725 -54 189 -227 7 44 411 -625 183 905 -1310 -71 -968 -65 714 -496 -151 265 -291 -1402 546 -1097 1040 -349 -676 461 119 -477 -281 -511 -705 -685 980 1102 -162 -188 -410 478 205 -187 57 -1095 497 -78 105 270 -369 -941 1184 -117 618 1038 -396 19 -652 -84 -287 -744 -1661 -291 606 -18 948 507 1043 38 -87 101 1181 363 1241 323 796 -24 66 -268 -421 446 56 -232 350 -254 48 -310 83 794 710 -265 -1009 932 238 118 -351 985 -1063 -313 1072 780 -146 698 375 179 -847 -888 -1203 -708 236 -316 988 220 568 1028 -312 871 363 -558 -180 -805 -1039 622 441 -339 -1005 267 971 -502 -546 -215 -1030 1136 -19 441 159 97 -481 -991 -1096 -901 159 -1009 -709 -241 406 1386 -731 -188 -578 1504 14 -948 -756 875 -619 -987 203 -123 254 730 806 234 -305 -636 -471 -575 -114 -137 321 -7 -1080 -397 -445 591 -415 -1350 369 407 843 -257 -1118 -952 1204 438 228 -138 -138 -582 1144 -1030 -622 -885 -1681 212 -391 -567 -1702 439 -988 -255 102 -358 707 -172 -344 -1458 1575 
1068 -160 -98 -157 1309 -297 1020 -129 480 225 -151 -965 -219 -391 922 364 -847 -335 -129 -825 -1201 558 -803 481 -1148 -879 78 195 1145 -482 -1216 -12 750 292 -1437 -186 -737 195 1053 -776 519 139 -85 809 1842 -674 902 57 707 -914 55 179 642 -489 -152 723 192 -1158 -500 -771 -101 34 -465 -230 -579 894 -1189 -49 375 -186 -463 1436 -270 225 555 -858 -118 -134 -499 1168 115 -1289 659 -1107 1451 -1084 920 1026 1042 444 -1481 651 -163 -290 -661 -37 649 484 1517 -336 -766 773 160 -1113 157 -419 -2089 -925 641 1365 -650 213 -212 265 233 -819 -623 602 613 -418 1222 760 -679 1083 1327 816 258 216 -279 -1179 -26 -388 -65 615 -779 -479 -521 1054 -231 2423 777 -153 -288 -193 -1302 -474 -1230 -11 -1143 1559 530 81 169 536 -498 1043 -1009 -275 -263 755 -363 -1198 1378 1591 -328 781 1045 -182 364 -458 954 -1236 -554 97 1 840 -790 2050 1071 -1640 353 -299 -78 575 76 721 741 -415 -1321 -1638 613 529 -1104 186 -132 621 -380 -502 -136 652 443 -725 120 -634 601 87 364 -398 862 -1396 -129 -385 -56 -1457 -350 694 -136 -864 -1009 -721 -879 111 211 1647 -617 185 -198 -1535 -833 -298 1113 1065 617 809 -1364 -1452 -402 618 -685 741 -885 518 854 226 954 -1473 -853 -238 -29 18 326 839 1100 487 602 227 224 1127 -1020 -1070 871 1472 -974 434 488 -1072 -129 -366 -563 -206 -343 -649 -503 837 264 -236 664 -348 -71 1073 -1045 -521 38 115 -1891 -103 657 786 9 212 -226 1197 304 243 1453 1370 -41 1143 -437 -404 -572 -163 -156 -665 -368 704 325 644 237 1556 223 -1198 572 226 -1796 -389 3 1026 -385 -993 413 -1098 675 1069 1245 -75 588 63 269 775 741 -89 -216 364 -1761 -1707 472 -1804 8 -291 -784 1104 -977 -1468 -38 -872 1666 -616 959 -1082 627 653 -429 256 894 -153 -170 -273 405 52 96 -685 1117 160 -355 731 527 129 182 -512 -267 -863 -171 1767 -941 -205 -1589 -63 16 -150 387 831 -228 -599 515 370 346 -203 -628 511 520 655 594 -258 1210 -2 -13 -291 1092 -923 
-983 -901 -635 -719 512 -695 1206 72 258 -448 484 584 138 264 -166 -27 -594 -297 610 886 634 390 392 -693 948 -893 -498 -33 -522 -1069 -653 352 127 -347 -310 -682 -1069 23 -3 -73 238 517 -509 832 -139 69 365 876 -955 -75 -280 -363 -1451 523 606 1226 -257 23 -900 203 -390 405 -919 -113 -295 -1250 854 238 78 -594 76 276 -1409 -591 -254 -1271 -352 -1759 1021 109 -31 -893 156 -1567 -522 -143 -98 766 539 643 -578 -1304 -183 -75 -659 -530 844 -1380 -559 321 -492 255 -431 832 -826 897 1062 -835 157 418 -1263 128 -54 -1255 1804 -611 -1343 519 146 -553 70 859 304 -919 -750 68 -1487 128 -1184 -630 -516 29 -1073 -57 -458 661 708 219 -216 -650 207 -572 332 635 -474 -257 359 -126 -197 -54 437 -399 -1400 -755 -239 -1051 -227 750 393 -409 304 153 369 -168 -851 -484 1131 569 -71 -69 694 -467 -1210 583 -189 -114 293 -1129 24 73 763 303 713 322 -514 -865 -208 666 156 1668 -1179 404 -313 977 25 -185 -552 -507 117 -1401 480 -154 -1263 572 -83 -829 -4 610 -1039 -93 -824 -664 -652 -30 -644 -461 -425 -749 454 -39 -320 -636 -336 1871 -1844 799 -372 895 578 104 517 867 -178 7 -299 169 445 -1023 27 -719 -687 -409 -274 213 -1975 563 -1978 773 -367 677 370 435 -1439 -1485 -288 410 -538 308 -1165 -357 -163 1094 -169 24 574 109 -669 -551 -1008 165 338 644 5 724 326 -261 -1010 -333 536 610 -782 72 823 754 -320 -750 -645 177 493 -1055 -1133 43 855 -608 -592 -1111 -1267 -393 -1145 -199 104 766 -733 746 284 -438 -300 3 585 563 -318 275 -283 119 -819 -8 280 97 67 979 -1345 -331 754 934 -421 -421 -1348 487 -1328 -642 -442 -209 1017 -413 -1232 932 2324 -1040 335 1161 1378 -903 -519 -214 -136 -366 -96 261 -1237 -860 -1025 -116 558 1066 140 -278 2432 1343 129 -788 644 158 -438 -539 908 1252 -568 850 -568 107 -73 -223 -1912 -111 -464 990 -725 -1110 151 -106 -70 -363 845 -216 1713 -1418 -515 825 566 -379 -1041 -148 1102 779 -1510 588 -1045 -1110 -41 910 
-548 73 478 1089 57 -431 -1217 -930 -428 -358 715 -194 -175 517 -345 49 -16 942 1358 1236 -900 617 -386 -524 283 864 1396 1065 -858 -937 1106 200 885 378 276 32 198 -1223 80 90 352 -43 436 1305 1084 -365 500 946 -1047 137 -958 1803 -30 309 24 2214 -576 365 -119 289 -22 337 138 -140 179 1087 63 275 -337 210 -563 414 -105 -181 165 884 383 15 -553 -303 717 568 -40 756 423 1094 -285 -522 434 679 143 1308 256 -38 7 -1809 442 172 334 15 910 -56 1460 -381 637 -1040 254 -336 -312 202 10 -42 -518 673 -369 -19 -1649 -342 -279 937 260 1341 741 -771 -581 918 -163 -80 396 378 -320 16 -513 1030 782 -464 -120 -81 91 -1248 872 28 -871 -1722 -400 218 -1391 1164 284 236 1218 -209 -276 228 144 -370 -451 432 49 260 803 379 -643 58 565 -2181 -710 1291 72 154 904 361 349 -676 -921 261 -363 -995 -157 414 516 -313 -507 730 -75 -59 594 -31 -325 -725 602 549 226 -385 688 1085 828 -1861 -390 -1090 1307 -270 964 529 855 -562 379 1430 -860 -165 1163 -304 -495 -760 131 -606 -128 -1759 519 160 716 358 874 961 415 -600 216 1203 358 521 -347 -243 573 297 550 533 679 -581 -559 754 -750 1090 -204 585 675 -162 -516 -985 -611 913 903 -47 375 437 607 -868 -390 1105 -606 -679 -591 -1469 56 2624 263 -708 -518 -775 207 264 858 -393 213 1390 524 -382 323 -621 708 1453 -430 -1102 1101 247 509 -2055 -476 66 1164 61 -304 31 289 254 611 1296 -82 -637 -716 581 -598 -844 -137 407 538 -612 -1146 187 1162 34 1423 34 -3 -79 -207 -101 282 -838 -1111 -529 -197 664 -1146 -127 -119 -721 -190 588 31 -58 -47 983 3 619 -430 -234 -255 -360 1496 391 -1213 586 -1001 -977 -408 -396 260 -803 252 -1385 468 -1107 -439 309 -350 720 480 2 310 -117 -318 1654 451 415 -628 333 -1066 36 -290 -431 -1047 865 446 133 -344 366 239 991 926 -963 -399 -1560 -475 -779 -1223 359 -15 310 -606 644 -220 -409 -89 -598 -129 335 155 118 -488 -31 
-294 -936 -869 -1119 211 464 38 -455 -79 361 -305 -1040 -1281 -311 -664 268 1415 646 -635 -24 -155 -123 95 296 -746 -287 608 -1174 78 1857 -1003 676 -731 908 -10 960 1166 131 -525 -742 567 228 313 -67 1234 -958 -332 -853 843 -70 -632 -205 491 -167 -409 -317 606 -795 195 -822 405 -1581 1652 1066 -681 -1372 602 -392 -755 784 -1242 335 -886 1100 415 307 -1706 96 -50 -36 -1437 394 -308 913 687 -742 497 -310 638 -1574 529 1400 1386 111 753 502 -1107 129 469 18 795 404 -407 595 319 773 -903 312 732 203 291 -2 485 -263 -360 -90 -569 -690 -923 -801 732 -329 738 101 -606 -219 -797 -3 180 621 -1035 602 487 -124 -2048 856 -793 400 542 -316 -1015 891 -442 882 -448 -761 232 5 -292 -439 1123 -435 193 658 461 187 640 -884 406 -477 95 -726 561 99 1021 506 869 861 722 -1506 -213 1234 415 -558 -797 -750 1847 652 1083 -1172 477 -152 279 3 1166 -257 -1056 -464 406 170 -665 395 -271 180 -183 806 268 149 603 245 377 -530 -208 950 -332 445 117 721 729 -1957 436 959 -110 -193 328 -1276 468 785 529 -138 1201 273 -994 -1482 808 29 -103 230 143 498 1538 825 914 -271 -513 -250 -417 -94 57 456 315 -444 443 -263 -582 280 309 887 598 -570 394 445 2092 -471 639 -7 731 -756 237 1539 -145 -329 1611 961 356 317 217 69 559 -767 177 -565 -1265 -271 816 1379 881 -386 -834 -1483 365 167 -1275 390 -199 488 -455 126 -454 -168 762 1383 389 -816 700 1464 -98 -907 -442 -383 433 -95 871 -1426 -51 1212 183 1011 234 -359 1304 66 780 -558 310 1058 -391 1089 1144 276 -141 -1182 -1455 -174 800 323 -1553 -161 -997 844 1291 1310 1222 252 -106 595 313 686 192 -291 -987 961 -141 -226 -723 912 -131 1101 -907 795 -1295 -162 833 -921 942 -1346 21 214 -247 1182 -1653 248 -221 1074 -1234 -360 374 -149 347 67 -1205 -821 688 83 371 -272 -1192 525 246 -1062 400 225 745 -461 874 -205 413 -231 490 1328 -535 1384 -744 287 -274 -256 -183 -320 1046 729 
428 57 -1358 415 794 -577 -46 -28 531 -504 -542 -42 -1107 60 316 934 646 221 1274 -14 -700 545 -521 -104 -147 311 -835 564 651 336 -786 1376 159 292 -795 -554 677 -1293 817 1301 307 151 510 -1141 915 -426 -1144 -1057 -3 596 364 -401 122 -198 -357 674 -82 845 -40 256 77 190 -1161 -1802 769 67 221 83 308 557 -528 234 80 -10 1171 -831 274 -652 -1733 -1611 -1499 -532 -218 -382 -825 45 1127 16 -126 302 1714 -203 436 201 -74 -709 -1328 -151 610 -307 25 759 -611 -416 -1548 1159 1821 832 914 -548 754 -5 1582 554 -1585 1116 -605 -321 -538 489 -766 362 -390 -160 225 792 -777 222 760 812 -1892 -697 34 465 -1068 177 -194 911 -199 -271 351 -29 -309 346 1121 -177 476 2 889 1087 276 -1513 49 852 -115 619 -370 -1390 385 394 2018 -1712 -406 -669 -598 -470 -513 154 -1005 202 1375 319 -741 -1 -115 356 392 -424 -435 604 -473 1029 -238 952 -460 -82 -230 450 371 -290 -384 -1360 -506 -322 -838 132 -158 341 -574 -109 -1155 195 174 548 -468 786 -173 344 -514 1109 211 -1420 -745 877 -348 -14 947 -314 97 1049 368 963 -301 -388 1643 107 120 863 323 142 -25 -1260 229 464 908 1237 383 413 308 173 626 -36 515 -282 -239 -737 209 404 -217 870 -557 217 155 310 282 -169 -491 -179 277 545 -897 -868 390 -56 -350 -230 169 -583 217 188 -866 -608 857 200 -98 -1174 -179 -558 -177 -133 84 -198 -416 -564 -140 -1500 -801 524 569 -767 -682 123 -258 435 -458 -441 25 -698 1153 -597 -550 -678 -285 -555 -1340 -719 -41 354 200 -875 558 -337 87 -573 135 150 186 642 -138 -1622 346 -419 29 618 253 737 279 -1108 48 -286 461 -364 -329 -125 149 369 84 -127 -667 -99 74 257 -373 314 -606 718 -1056 -463 -525 1056 767 -727 407 -534 534 1143 108 254 115 1311 3 956 -600 -1680 168 -124 -42 207 22 495 219 -378 -1533 -485 388 -18 450 323 -240 -92 -107 1072 -481 1096 -1830 1978 -135 -409 -1012 71 -732 450 -1278 -80 -14 1428 28 -192 -518 197 
96 -1924 218 -236 1408 524 -429 -184 404 -198 -512 358 287 -34 16 -742 930 -812 539 146 -130 93 -764 -1097 -293 -504 1290 652 792 -435 -1703 292 -36 747 -147 -428 24 58 672 545 -445 94 -959 213 -760 -378 -184 203 -176 2 -430 1195 613 576 840 82 -546 403 1188 -245 -637 1078 -160 357 179 -1017 362 -651 -233 -54 1370 175 356 464 332 349 617 -203 870 -55 456 -351 -208 684 111 -700 -857 4 -210 -1462 -23 504 -545 -467 30 1985 -717 349 -1035 797 628 474 208 286 130 -914 -532 387 446 -443 -438 -421 -1167 -5 368 891 310 -496 930 398 -148 -90 -990 535 -60 -203 1048 -441 137 807 -353 -1468 864 627 481 -92 -214 -647 -932 -272 2042 -258 869 590 -18 831 63 107 -170 -310 -206 -626 -638 42 -596 -590 37 -461 -430 402 491 1035 699 -261 803 756 1386 620 -561 1502 -305 -516 73 -142 -139 -424 1052 -601 -1067 414 590 -1101 397 202 1761 29 803 1325 -2 36 490 -611 920 2130 -50 -777 -730 1118 1276 -647 636 962 218 882 165 -1215 -45 -2676 123 198 -90 -1198 517 -47 -369 83 -617 -1062 1107 -258 -822 902 1019 333 -440 190 444 359 -655 -517 -318 244 929 -32 687 380 -605 1100 -759 319 1113 -246 849 399 104 687 -2145 -210 -406 -56 -1044 1462 68 -1201 -1142 190 1393 -1148 -168 401 958 -500 495 -397 810 361 268 992 980 521 -288 249 -1230 27 -212 1294 2685 551 2190 245 960 -115 1078 -423 637 363 -831 129 65 1546 -611 1356 -561 116 939 93 496 -882 -449 348 864 95 -1882 47 454 -329 -1438 -501 -635 -458 -49 338 -1051 319 -203 -1256 -887 557 -298 306 -860 -416 121 -882 -172 962 -367 434 -1773 -276 698 1099 805 -41 437 523 286 776 336 -493 524 656 -366 8 -162 263 -11 -951 -386 -371 -356 846 -651 70 -247 460 -102 611 -272 -301 214 -1037 569 59 581 -200 585 1281 9 -766 580 -76 1385 -308 1056 -663 -678 -11 -1273 -494 -1475 -90 619 112 1071 62 -1830 487 396 -347 692 419 281 -47 94 -549 140 1100 208 -398 
-272 -362 -1381 -294 3 -512 277 1018 -735 -528 67 1158 -838 -72 -1409 872 378 980 587 -192 -612 -507 1671 1055 744 -679 1048 280 -618 -922 70 1738 -908 -785 595 554 -1062 -155 784 -299 -483 -479 -1038 -953 -393 -38 -889 1273 -701 621 -960 -344 757 396 -466 31 58 -696 2130 -855 -828 169 -701 -610 417 -395 371 -204 -402 108 -862 523 -1974 -276 128 273 -646 2 -615 -109 -1536 187 -158 -53 -881 -956 303 -97 -603 578 -253 -711 -674 21 1134 -90 210 1262 -177 722 84 1785 -410 -144 -162 54 50 -1003 490 172 -1057 -143 -161 -2 -336 422 -1012 646 134 -2277 655 60 -145 -760 123 -193 -457 334 -605 772 -916 -1220 1463 1307 10 455 -543 951 3 -180 824 -164 -1607 678 -238 1387 83 991 211 -583 -665 317 259 106 1049 643 -494 294 -777 846 995 -533 -909 -10 -391 -85 1043 20 926 -700 926 -2842 345 209 -6 -19 66 -1009 -590 1021 -684 201 142 -275 597 221 1009 -728 -826 -87 -342 -1473 319 -1662 52 696 -1321 -1490 205 1594 -1 1118 204 356 -485 -1051 -191 -645 -360 648 -289 204 -950 863 23 1497 -235 -775 -475 949 -357 1328 -570 622 -124 106 980 -1230 -743 -272 386 -139 503 -609 -477 330 11 386 913 -273 1437 964 -31 -659 -1081 -785 -86 -493 953 -343 1088 -205 -1362 -586 341 627 -505 106 566 763 -488 197 5 -930 146 -143 -287 -190 762 -376 -345 -1341 16 38 134 -1033 141 574 16 -101 149 -513 494 -21 193 -152 -220 84 352 1303 1360 287 -210 -169 -90 -120 2080 922 -1066 172 -153 501 270 567 -1789 695 1083 164 161 -450 -943 336 -446 -515 -228 64 817 -931 596 180 146 499 478 220 -93 -1596 950 -1541 -165 -1038 -869 -91 -808 -613 -224 1020 -991 -833 72 498 1344 -191 213 863 -758 550 412 417 1090 -349 155 59 -463 1021 218 235 -351 1060 -56 483 -885 149 525 -148 112 903 -36 -663 -981 516 -946 -1003 11 -1365 -1118 -34 1240 -292 -1245 -514 130 -871 -457 245 91 1034 357 -754 708 415 -284 -377 957 -934 372 884 577 833 971 -1295 
352 330 -1118 1302 -155 1040 -662 -576 -218 315 452 507 -153 -1086 -1109 935 -154 -460 157 1087 212 -189 -425 -891 866 1511 333 864 -26 -1086 -556 -1734 1745 -733 261 626 -623 164 289 137 -236 1539 -1121 183 -596 -560 606 522 -545 1276 480 -911 -258 -328 -45 1165 -31 -81 59 -1496 352 -1346 595 224 140 -1076 412 1108 -32 -921 301 -228 -775 56 -32 76 -1559 -1322 447 351 119 -243 170 -1051 -493 -129 443 544 -477 -102 -325 521 -794 388 500 -1099 671 1115 1020 688 215 -464 947 10 513 -500 127 58 154 -1542 250 -1230 -145 -7 934 165 -601 505 751 913 1658 319 -988 -331 -629 313 1102 598 38 97 -854 -522 624 108 -602 -322 -1360 -349 212 216 -318 264 918 -717 748 46 -269 -79 -430 -350 203 835 16 -154 -76 -40 -667 -48 -877 131 -364 1050 -704 191 283 -1179 673 -82 -10 -48 -178 70 1122 118 -1402 100 1969 -362 14 -626 -1576 -329 38 -1334 595 341 231 194 -105 348 298 -488 834 120 1096 -86 -689 -174 -168 1014 860 74 -227 893 927 -1002 -1451 495 512 -133 -739 2224 -237 136 795 369 -155 846 426 -524 -575 -384 1186 90 -500 734 -1209 -834 609 -198 -499 -404 -96 82 -256 271 119 -838 -435 426 -457 857 -229 -541 1119 -750 549 365 -1454 619 114 604 -887 221 508 491 -110 285 616 237 -411 862 -918 -193 -690 -444 963 581 316 457 600 577 -912 191 -925 -1108 638 714 1370 -1203 -93 57 1755 -139 -252 -191 367 -212 588 622 -310 62 119 -829 626 -510 -1067 334 -575 500 -263 -1199 1152 2053 406 317 130 -775 -303 272 -1248 -417 179 175 -1294 397 1590 601 150 -123 -251 -297 -445 497 984 -1088 -921 -979 538 708 -1177 56 642 -224 77 -20 -987 -262 -1032 -61 -343 -227 -98 -299 233 266 -581 756 21 35 -188 -22 -442 294 -1636 -1160 1283 -285 621 -1228 -682 -353 -673 -796 -952 524 -567 34 -1597 304 -157 -406 -448 655 -644 2145 391 820 -729 -123 -192 -802 490 -421 109 -1369 -183 -442 -851 -756 1236 -1800 -1755 868 -76 340 278 -1103 154 -404 
813 -1602 948 399 356 -888 -310 -736 -281 -378 -226 456 -143 699 -127 948 613 -783 1343 -96 -296 -1159 -611 128 616 -481 410 -965 -671 138 -329 1481 -89 580 -876 -233 859 434 -226 -1649 -1286 -241 405 283 -1690 -402 -655 -106 -314 -673 571 219 427 399 342 1168 47 28 564 -84 240 61 564 -506 -54 -234 25 -435 447 42 -186 -723 -168 -75 174 -471 -268 247 -19 -47 979 819 -587 2737 -510 486 234 136 -765 1014 -951 -558 185 484 67 653 442 1112 -63 -284 -402 -1104 751 216 -581 319 -1028 38 -92 398 858 -338 196 -725 1103 -1085 263 1560 -215 -252 264 -1332 -1086 -353 -239 60 439 81 -1134 177 -542 -372 -43 -451 -137 736 -523 507 -347 -824 824 1558 -344 838 -1278 827 658 -1015 -946 -342 177 1275 179 1635 1255 -158 34 -54 518 -969 -1496 901 21 -344 94 -425 -301 -52 -137 619 1689 1303 -1050 48 343 235 1377 -145 1048 1445 277 86 71 364 212 -346 1408 45 -43 413 -61 -1237 -931 151 994 1148 -317 814 27 -1785 1499 -332 -310 -551 -588 536 204 -874 209 -1063 17 -956 -370 -748 -879 433 -1163 -13 -216 -598 -1769 1469 -157 -691 -240 -1241 87 -409 -433 216 -188 1145 561 -161 140 -1671 -578 -318 334 739 690 -824 -610 668 839 801 -907 -39 -414 -890 403 -72 -807 -467 468 -684 836 1300 150 227 717 505 -444 260 816 556 25 216 -471 -727 1077 -170 1189 1354 -681 -609 -352 556 -258 -600 22 -877 273 -484 -412 163 -256 -966 -432 169 -470 1237 -623 588 -516 1423 -863 -439 -348 -805 1099 -679 142 316 120 75 -775 121 -2050 1306 -645 1098 -917 484 283 -1230 -478 -912 83 207 2208 -522 -553 -147 -1013 -733 -139 505 -184 -1323 1186 -1563 500 -1060 877 68 216 -5 1910 -609 -1357 -104 856 242 1875 1700 91 351 -299 -1019 -1122 606 -426 -849 -684 -102 -446 514 652 -958 986 -1142 -951 185 2093 -1319 -51 444 363 468 482 -196 422 -190 443 292 -456 -1106 657 -1258 370 -423 -388 -146 1003 440 -425 752 1344 -5 1175 696 -399 391 -626 -404 -35 423 226 -200 
902 197 672 484 338 320 210 519 90 -482 424 1510 -1371 1681 -279 571 549 361 376 593 417 537 490 -369 -608 485 -607 -1064 1782 -313 713 -818 -287 -219 -715 -1195 1154 -783 951 785 593 786 83 492 -409 320 485 -700 -162 331 -856 1259 151 -486 -1452 -258 1068 706 24 322 -243 462 682 649 779 612 438 -249 -671 -653 578 -846 -253 -974 10 -109 505 127 559 39 -860 -380 -861 -1320 -706 -67 -1718 963 551 1494 5 -641 -357 324 -257 667 824 -162 -120 944 -152 -987 82 81 -736 -2 477 486 693 -11 188 31 -955 -621 -841 1236 -2039 156 515 836 114 1361 -1135 -362 -577 808 -387 1044 -21 -494 -757 719 1133 -674 553 396 -121 -404 936 -575 300 -607 1865 -676 -822 247 -18 127 -139 -938 296 -1354 -930 -236 -1218 1111 1301 -777 228 291 -1142 -1418 613 -734 -931 -481 -57 -15 1335 269 -538 -225 162 -1324 861 -535 -8 380 -870 731 937 -275 -562 101 -323 1458 74 -288 415 -856 181 509 -612 590 143 -141 -468 630 82 181 -360 -265 96 665 -256 -493 -259 563 -200 404 131 1205 -426 -292 216 566 1128 89 -343 -29 169 -1291 324 461 947 788 1559 515 -353 275 1122 -1262 254 256 -1102 -584 -1361 262 -293 -413 -50 66 1732 1074 -53 -173 -19 -493 -209 964 -1816 355 374 -1128 336 172 -437 -337 -300 -92 -190 -1227 1419 860 300 1439 578 14 975 -667 857 351 -188 -420 -145 -837 604 257 750 -772 -88 901 49 -182 793 524 -769 -1270 294 443 4 295 -1032 625 -282 -442 -651 -1094 91 1523 -474 772 -164 428 -232 -886 396 264 -288 -121 198 -612 -164 -1522 -1019 595 -88 378 608 -18 746 1315 -2093 -796 1205 693 -1654 -598 -935 -228 749 118 -1073 -300 1034 -66 -48 314 695 298 1049 724 756 -165 411 -513 -1623 1157 120 -174 -258 228 1148 154 -210 100 1235 -2379 77 20 -1636 105 -1153 361 -689 756 1053 897 19 -346 -261 1301 -46 -249 179 -441 1113 -1049 -774 -188 -830 771 355 -1018 -250 -34 884 92 -641 -72 860 345 -1464 190 565 92 -229 220 -284 -213 
1129 -165 442 -51 -27 524 -115 170 37 -94 264 -312 -525 428 -1071 -974 -149 1337 131 -635 -727 669 642 -89 -695 -249 451 809 -757 -66 833 -695 -72 91 -630 27 -172 -100 -190 -677 709 602 -297 1092 -54 -572 72 -336 -1232 -45 189 -341 834 1066 755 672 -917 -14 170 -1584 1278 904 -50 -1207 136 465 681 -1138 328 -571 303 -359 -403 261 -1052 445 -400 1493 -1280 874 314 -424 -366 145 68 1021 -340 -612 -500 -460 -355 621 -107 -25 390 1556 -789 376 -114 887 -969 -1481 -241 30 187 -106 -1328 -414 -328 -383 373 -702 905 -319 441 527 -362 895 -322 -453 -560 -1136 -310 715 73 72 -855 394 -981 -644 419 -618 679 -738 463 822 866 -428 136 -533 538 -511 423 522 -542 -569 -518 814 62 1174 725 1518 -487 1055 1226 158 74 313 -129 163 -521 221 -463 308 574 656 21 284 -606 -105 -213 -485 -74 89 431 -71 157 -848 623 1178 441 -224 325 -942 -969 817 49 465 -414 -301 -1565 -482 23 247 170 -189 -270 734 -574 -524 292 -545 -1401 -1047 180 703 754 -372 -583 -128 593 -395 -1018 466 -412 -785 684 -900 638 576 927 -118 28 98 47 -677 -724 802 754 285 -1498 496 517 410 182 -755 114 -1025 2 -508 411 389 247 136 537 -905 -192 284 1015 753 -535 116 -244 463 622 139 -694 82 502 -741 397 -988 -311 -365 129 276 213 1131 255 508 1113 -379 -490 602 -775 488 -427 408 767 -199 856 -1069 -775 87 -412 -401 468 51 -1727 1305 -1157 -1347 -1701 -309 152 -310 -286 -199 -571 247 -1286 173 226 -1484 20 -639 -1076 640 -198 632 -574 -218 -6 95 212 -509 801 -644 232 534 1469 -487 -627 -543 -846 -261 61 -910 -232 541 -820 -330 -317 274 1148 161 -483 -214 1202 621 263 167 -460 430 301 -11 606 -274 -684 -1 -700 45 -265 -69 80 -1214 -761 -713 -323 -917 -114 887 -306 -19 918 935 -371 -1306 587 434 -96 -645 -688 165 -362 -160 296 120 496 3 -634 -608 377 -197 468 833 -103 -1473 -439 -202 716 -26 -1391 871 640 -724 265 156 -900 193 
1182 514 -63 -463 210 851 -709 524 -207 -76 -227 405 120 514 72 -142 985 -574 -336 -1154 1209 -1336 -976 -492 -1356 -943 -614 -502 262 -258 -1134 -1296 -325 1708 -18 1423 -290 1128 -41 400 530 -738 347 540 -714 -590 507 77 684 -858 -543 343 -854 46 -489 487 -152 709 739 -638 -245 -1226 -6 -68 691 -806 113 -106 -252 304 -708 -344 4 -929 419 -724 -448 -1072 949 -253 1028 683 842 668 -420 -741 354 1220 706 197 3 -115 134 984 67 370 -1486 -140 -726 -553 -77 -135 20 -1060 -865 261 14 -543 -227 -891 -20 1193 866 475 1040 534 1943 722 -20 -321 20 -1630 -305 330 -687 -713 2 2 989 224 1178 1684 -186 -554 311 -3 -611 1358 152 -272 283 975 -221 618 -330 845 315 -174 54 234 28 61 876 -635 -459 -93 -222 -1318 -452 -729 -1004 496 -633 -440 445 1123 -6 -599 -1126 811 20 181 858 1280 781 56 -944 -291 794 490 -73 1042 -612 1696 298 523 1070 30 312 389 -350 -511 -471 -435 765 391 -220 -84 -65 -509 -924 -519 412 381 601 583 884 -280 -174 -59 -321 850 -1159 -573 -797 313 -399 385 -579 -1153 -701 958 -392 -405 -956 -46 -671 371 167 182 600 75 -1891 -231 158 -289 -544 -959 -898 -973 186 168 1751 -311 384 144 369 -474 -786 2084 -264 -101 680 -559 -244 -656 45 -496 -175 -182 39 922 314 -300 -260 -79 -1202 -245 -248 160 165 79 1591 -124 -1001 -274 -1126 158 -693 -132 470 -1717 882 772 1102 -332 -619 -371 -860 -400 1073 -1620 -88 309 463 -131 -758 256 470 151 -129 -484 464 -893 780 388 -438 -1060 -1170 -262 1062 176 -620 1384 -182 156 -183 850 -1038 -47 692 703 352 -719 340 377 208 -572 -716 -224 -1473 -880 -432 390 119 881 -511 244 -559 942 -455 162 918 890 -353 -1 361 -69 -583 -447 -607 -246 799 616 -428 61 424 -1104 -947 -231 961 -765 -46 -489 1006 -99 356 1511 -941 1223 -112 -966 -497 -1357 79 -1266 -995 -48 -584 -41 -581 1197 -539 -1583 837 -78 534 120 -301 -2 -523 706 604 -191 428 -183 372 -262 716 -130 
-668 -676 -670 852 -8 719 -979 717 -640 1126 312 -139 -1093 490 748 -656 -280 -119 -601 -16 1456 64 717 369 -1863 1283 663 379 803 -466 -334 -114 -550 663 321 911 -179 -486 -848 -600 -265 -1123 -69 -624 -294 706 794 -158 -643 -984 -53 -280 -1211 -419 -45 40 274 142 550 -577 627 45 -483 -1225 -758 -212 1518 738 -1692 312 174 371 1140 -779 37 -281 -35 -31 -1035 351 -773 -242 895 98 250 888 -619 1444 -532 -469 1285 412 70 29 909 -816 -560 -534 590 -1169 170 -898 793 1059 608 -1026 404 -1031 320 -317 825 -222 -185 -751 -149 -1 -748 308 -1055 -575 133 -410 -1356 513 -595 586 -795 903 389 -794 683 1206 -315 -1226 -848 -357 1580 -100 -769 -670 23 705 22 960 -779 -296 -802 -55 -120 471 428 266 -855 -306 797 625 -281 -433 -697 402 -122 -89 -197 -845 -507 -602 459 -620 -777 963 -41 151 296 1416 1264 -1256 350 366 1094 -148 -332 -107 -59 1019 -1097 1555 -1004 14 -1078 821 -660 -509 -194 20 -181 -1351 1152 110 -209 1149 -364 -208 -532 -412 359 291 534 322 -1270 -1188 527 726 -655 98 277 -689 118 733 -849 -345 -344 726 136 903 -176 -1593 498 -110 134 1752 -1064 1010 -618 274 -771 -956 35 -648 -44 -1925 343 -851 -304 286 -602 172 132 -707 -60 -1254 725 -296 153 376 1168 -452 1215 -115 196 -182 -292 1055 -219 -416 -1090 696 342 -1203 -425 -956 -1005 -59 249 -1607 -495 926 695 -1305 -303 181 -152 -425 643 -198 -204 102 474 548 -1139 -960 769 1607 -150 611 67 1184 -792 1044 200 1977 -584 -615 506 -1009 79 1992 1386 -237 183 -179 388 887 -434 811 1569 508 980 -327 -288 518 946 100 334 89 364 250 -1123 1506 607 -77 -341 506 -1090 -40 63 -191 -229 432 -610 -476 1371 -302 747 253 43 -187 1424 746 -1923 445 -844 704 357 -185 -17 -53 -465 984 -886 -605 355 531 329 -213 -284 1608 -1407 228 -86 -418 -671 -232 -1200 338 540 -33 -755 -404 761 -425 -897 -425 443 -338 -1380 -1128 -215 -1535 392 250 1338 -758 -1105 -957 541 893 550 355 3 875 
277 -46 -978 294 236 159 799 698 -438 1030 -971 622 -454 -225 -449 -611 629 -576 735 915 -339 1159 618 447 952 615 743 1655 -508 70 99 448 -344 -220 617 -96 450 -719 838 -38 -8 1422 -880 -828 -1589 631 -1387 784 37 609 -1080 69 -179 -263 -1126 1369 -1130 341 70 433 186 -686 -316 645 -706 -1123 -152 -1036 774 35 36 1442 -195 -942 756 857 24 14 -579 598 600 -947 -531 760 -480 1168 414 -178 -160 -346 -418 672 778 -166 630 88 -484 -323 239 550 280 892 595 -1126 410 1522 1251 2556 -719 -415 -235 -913 -318 -675 40 612 342 -641 -604 142 800 -1131 -721 -1053 -1562 539 1389 1030 -1468 867 227 -972 492 597 -508 -852 724 -1085 385 -1058 1044 -491 -567 -73 132 596 -139 491 488 159 -100 -589 784 531 -588 -118 1217 387 -435 378 -64 -538 -384 -311 500 -559 953 307 287 278 609 -1163 239 56 -425 270 637 -1008 -826 603 1052 -761 -398 126 294 -266 750 -1467 305 -1387 1000 1329 -1628 165 318 1579 54 106 708 964 187 781 1064 -134 -74 445 -261 -677 584 864 184 284 432 -254 63 -543 404 -880 -204 -380 -1538 -218 -69 -984 158 -507 533 -709 -56 581 760 879 209 -904 15 300 -326 -473 -521 -891 420 -766 -379 -769 -260 1318 -64 1323 1037 368 1638 931 538 357 593 858 814 -1121 1002 350 245 -545 -245 889 272 288 501 -946 -1553 -315 -546 145 -323 259 -187 -31 -675 1220 477 -163 874 329 -901 116 -605 323 -499 15 -172 -267 104 -735 -1176 5 -195 -1368 272 -289 -1226 -648 -1191 -166 180 979 1344 -265 153 735 -150 -485 1181 196 -227 323 701 51 903 -977 1186 481 -113 -301 -948 507 -1648 -99 -380 -490 206 -79 952 -440 837 140 -39 299 -252 -704 1130 138 -881 496 -620 -684 214 1543 460 -515 327 -491 127 -1647 475 -325 820 -224 -440 242 895 535 -1731 -25 -580 -778 110 -1241 -600 286 -279 -289 -21 842 -761 292 -1600 1282 -131 1083 1095 -749 542 334 404 285 210 -345 -911 1318 1264 232 133 -74 -10 331 -1269 -910 -949 -1515 65 -851 
150 -1187 -826 319 -342 165 -94 -199 -332 -635 -1416 -182 70 501 302 -304 386 -493 636 -645 464 805 -189 1085 -639 -335 -1419 -1345 796 -459 -122 1288 -967 -95 -642 -175 -131 1536 568 928 -270 683 369 178 -19 -45 282 431 -351 -497 -137 -1179 1179 342 -677 298 -44 -844 -1254 1004 -680 -194 234 -319 -29 523 -804 -108 -369 227 62 1213 815 370 513 -410 -640 1040 726 290 -525 -760 -21 -863 1415 -707 -547 852 -394 84 -294 -237 220 819 -1426 -593 28 -363 1235 605 -577 -1350 -492 987 -417 941 213 -429 122 -1066 487 136 89 -134 -147 1066 566 -1365 -430 14 -92 1087 -235 -109 739 688 1245 -746 686 1238 -855 709 -760 -1127 -795 -493 -712 231 -319 665 -115 60 445 -775 1227 -1159 417 310 372 512 761 -308 -358 -317 -501 -78 -109 -533 -306 -54 -42 -16 990 -2064 122 1115 11 608 131 -137 -303 -645 -268 -263 533 221 415 -464 -354 -475 -928 434 428 -345 -1254 883 835 133 -1449 1093 232 -1697 -298 870 -711 -995 896 786 136 -1029 36 794 -422 346 443 -631 -197 -137 938 -1111 512 -227 730 293 421 -390 885 439 254 -1626 -3 -305 -7 -587 -506 -856 -600 -433 33 698 322 -668 743 -537 1040 -1639 -175 184 -176 -17 2 -1215 616 217 -1053 1399 -918 -1669 278 -168 -1141 439 201 202 486 903 -426 -227 -473 832 902 1953 -1247 1018 860 386 -1022 1331 926 149 -1025 197 -1649 -773 313 166 625 1438 55 -116 496 -140 589 -93 -667 673 -1527 -269 732 -2457 512 -867 -657 238 -146 659 -56 837 1485 314 348 -134 -591 434 527 -611 -730 179 -324 -793 71 865 -597 -162 403 1636 -611 628 -327 872 -404 246 45 -1701 377 610 341 -563 -1198 -1151 -130 -708 -403 515 227 -703 -496 1227 1228 -547 697 540 7 238 1140 -387 -1030 573 -1493 -736 737 528 -530 1626 781 70 -206 -648 1365 -735 223 -695 -985 -328 149 -248 1271 425 47 -868 13 1183 591 -521 -693 -18 -999 -1266 431 -284 489 -217 1327 417 -389 -1026 -113 660 -404 225 363 797 433 -568 -902 837 -923 -760 -36 -774 
1074 -689 80 -369 -795 810 -1322 -153 916 -873 950 702 -1327 -372 -596 -41 -74 995 391 738 -792 -21 -576 814 952 432 -652 613 314 43 -280 90 -201 138 -798 477 463 1182 120 18 -592 -1266 1652 291 -349 203 -334 -49 -297 330 584 894 -871 409 -616 517 376 -236 41 -172 759 -1191 -191 -1608 318 -474 607 -815 -263 701 1118 340 -1358 -1359 -329 580 -128 -413 -167 327 1888 40 -516 -645 442 499 -582 246 217 192 597 838 -1086 1091 -382 660 374 92 -2 36 -956 1152 1731 25 697 -451 -848 -343 151 440 860 273 -685 193 180 -13 -79 -239 -765 -1809 221 -66 -64 578 -327 -295 270 551 -315 71 973 -1539 -574 -513 0 415 -94 18 549 711 -103 650 236 904 137 186 819 608 1179 -1014 247 -436 630 -1270 962 -1137 -587 469 -1001 137 62 -600 1483 199 724 -647 -329 -503 843 -537 -232 -798 215 -238 -736 313 -995 420 630 615 583 -133 -116 -645 100 1087 -489 -93 -194 -246 186 -810 454 -339 -331 150 334 23 -134 -170 421 151 239 -429 546 1067 -374 513 911 -705 -1109 -550 784 -337 243 -211 -1357 763 -431 270 955 857 102 694 -1324 71 843 -1918 0 -170 123 468 -703 -631 267 151 -418 1632 528 796 -295 175 365 281 817 441 -733 -519 729 -260 -395 -872 -458 -396 -440 -612 919 38 621 670 1276 146 -897 -307 550 -319 1092 437 44 505 -647 201 -34 293 -212 333 -727 524 558 33 851 1262 464 623 1038 181 -1007 1240 860 91 -1341 2972 -247 163 1008 -875 -74 717 895 -719 68 -720 -818 -173 703 981 -666 18 425 310 -166 -217 188 364 -378 -992 403 -275 -633 288 -221 152 -454 -147 825 -721 425 308 254 41 277 449 -130 -574 -466 -1055 -109 -15 40 -1889 120 400 -763 -815 141 -572 -113 -287 402 75 1133 470 -350 104 -888 982 632 -447 -232 -28 -544 768 303 -451 -477 928 -159 1019 685 -1656 -1024 -1195 -40 -760 527 -1585 -229 272 118 -937 -1070 -424 -1128 -277 -191 764 837 -1074 -306 -159 -1032 -1038 -920 10 17 823 -710 247 203 492 
-814 89 -1234 -55 -57 322 -592 -160 -1113 735 -1185 322 -599 1844 -390 -243 1598 478 261 677 1204 -1330 -1181 -984 1002 -991 -361 -312 -162 -658 563 880 -193 -541 -338 36 -567 -135 599 66 676 -746 26 -681 331 -237 344 549 628 226 164 -661 -775 45 -1750 -1313 -678 -922 494 -65 581 98 -1058 -95 -160 790 40 236 -2071 -591 1176 242 -658 -653 -1259 -119 627 -386 914 -212 -333 1210 163 892 -487 643 -161 872 514 863 794 -1291 -137 -390 278 449 -72 383 1315 -413 -1157 -968 126 -1550 -1471 338 -556 1119 341 -555 -144 1483 703 282 -1143 -965 -72 -83 -172 73 -118 1109 -361 -154 490 -102 955 160 10 -258 1070 412 1583 116 -213 933 -386 1090 -1021 -87 640 -773 769 -1785 -514 219 -496 196 1273 -137 734 220 677 -5 -969 -1209 -198 160 -215 157 823 -708 -397 -829 -738 573 2030 -330 2516 176 -595 1 -731 -623 60 338 -418 950 74 298 1131 758 -245 -688 793 289 193 1507 1009 -629 -882 -1600 1253 485 992 -301 -82 610 -895 1362 -550 -785 -617 -1188 537 -40 -183 -1408 122 -683 -507 946 253 -145 272 373 915 -993 803 -695 -907 -1030 147 1020 58 149 -348 259 563 867 165 398 -345 53 -1126 -490 -113 -1658 -718 112 1759 929 -324 -1175 -449 157 -627 -510 1261 873 -1234 -267 193 -662 -157 626 687 649 -436 -623 1629 1437 575 -246 -618 550 -380 -361 -861 851 1479 615 -322 -91 1194 139 521 -1824 70 1217 20 236 -1223 -652 1657 582 -865 -489 1382 -670 105 -499 -163 1231 1178 488 -352 862 1341 639 194 401 660 756 -968 750 1749 -1189 579 653 -130 595 -376 277 1077 62 1057 -85 209 257 -1176 -1155 509 -410 -645 357 -1263 -41 1488 -483 139 84 -51 20 -596 430 -833 -1033 1302 -184 831 580 1436 -566 -58 889 398 -251 -324 320 202 1852 -233 -272 36 -1009 -156 -64 -51 300 -388 -1369 858 -225 -402 1289 -524 -397 -576 229 145 -251 417 1801 -470 430 257 665 -167 -1636 -257 860 237 -31 873 818 -668 -85 679 1089 -1089 255 -319 1087 315 -1238 742 530 -893 258 
-883 191 188 167 238 962 -542 -273 874 -1212 366 -546 -1217 123 246 -632 -50 191 -1310 -366 -483 -491 -312 -5 -250 104 -1282 -41 66 718 906 -270 -1383 133 -318 -240 383 923 -765 1650 -718 10 -197 713 264 612 -211 63 551 -19 1347 -614 893 -94 -504 40 -981 -323 -483 -467 398 159 -1684 -343 1038 99 851 -348 -1487 -195 454 682 -193 601 -508 -1036 -143 -171 360 -25 -438 673 615 -295 330 459 -1039 -163 267 -461 1211 532 -892 416 253 -1094 118 412 -287 -461 -573 177 -1888 -828 -1276 -198 22 -735 381 -652 -1098 3094 -632 125 -357 1377 -343 -21 923 -1021 -1071 682 -570 -38 -187 641 1809 187 -73 -118 -457 -882 -560 1128 -1007 -1511 -131 1202 105 -99 -409 981 562 -479 -374 515 -692 -834 596 487 717 515 -848 -417 -709 -229 -395 -913 -1453 -54 37 335 -537 66 -820 366 614 -811 705 1044 412 -580 -1140 1203 700 -890 -786 1396 512 -100 670 118 -39 458 -1727 -665 -1707 -786 -98 294 115 -1758 837 348 1333 -699 481 -1283 641 -212 391 -669 -1062 -756 -18 -450 531 139 -266 -925 -1152 27 -688 722 420 -397 351 -897 -50 -166 1376 66 30 1127 -49 -711 -18 -76 -437 129 249 182 -929 379 -301 -887 -112 -104 -445 978 -1236 836 -935 963 -681 607 1579 -796 -859 -407 1 -771 98 1428 -958 -510 -912 1417 631 427 -651 824 -575 -30 -462 -680 -298 -656 -762 1166 -1397 243 138 -331 332 519 1105 -1021 -1020 40 1217 279 429 1139 205 444 525 200 886 614 905 -75 384 191 -823 -109 -79 522 287 -86 32 8 431 623 682 -390 395 314 1367 -530 -281 -394 -60 283 472 -571 166 263 -1461 -204 -697 403 -173 942 -422 971 233 -39 -186 -792 -361 494 62 89 885 -1389 -801 877 121 799 -502 531 -158 154 -152 -647 -697 -847 956 653 -488 976 781 1157 -1194 571 527 -78 -457 -58 -182 669 2137 547 1462 413 -223 955 178 -68 133 -793 11 233 183 -1018 -436 896 1248 -126 1128 1391 -195 -648 -10 -320 -306 -217 383 665 -746 628 1090 1085 710 600 -376 -82 -309 92 
962 347 -1073 228 345 -400 142 -608 -442 -230 342 852 582 -193 -545 -727 607 387 -351 106 -128 33 -1920 -579 -921 855 -311 -58 -1145 952 195 18 -854 -570 259 1000 -521 25 -129 -1041 -236 -750 357 709 507 525 239 -471 375 65 -824 -797 517 88 -137 -838 760 816 -807 827 653 -904 -1202 -40 274 589 544 739 -64 -378 943 -14 89 -722 726 270 -153 -16 654 -583 214 -349 -1195 -343 -632 -343 1635 -770 444 613 706 284 -385 -535 400 1524 381 1486 -74 0 -200 -829 -1195 -1034 1793 -107 391 -77 453 -788 702 353 -433 1139 578 281 582 405 -315 1414 71 -782 711 307 -228 0 131 -103 154 250 148 150 1107 -904 -1130 -1116 79 -1492 518 -354 -19 -176 -1081 681 947 218 113 -1514 -89 239 176 1045 1033 290 112 -1149 -461 384 365 -177 -1510 567 -561 741 -873 -179 297 1510 567 1130 321 1013 -830 -582 475 -329 809 -680 -59 -159 -413 -216 -361 298 675 -37 -667 -541 180 181 733 512 -407 -249 518 1592 291 33 -122 54 -10 -983 1381 -323 -56 -909 -474 164 553 1013 -76 737 469 -1042 -475 -106 1843 -892 -178 -244 427 -617 225 -51 -106 66 -883 -697 78 233 -789 -534 -897 -555 -487 -85 -50 65 1263 -96 186 951 -265 895 -340 29 140 445 -1221 501 502 181 -196 196 -898 226 1381 -1049 -692 564 -22 -1106 181 508 -209 1930 -306 523 -837 1020 1267 57 25 1251 -356 -487 -110 1079 -316 -737 66 -533 -195 -129 -222 852 73 142 1036 387 630 1028 192 -30 -297 -1274 -72 -1160 -929 759 -282 -250 572 -278 307 5 70 559 -761 1361 -470 1375 -719 315 464 -397 -1413 748 546 125 -112 -360 394 -536 -442 1160 -545 796 -434 -638 744 1007 419 1266 1499 501 -55 360 -782 337 -1000 128 1438 -749 -20 523 425 -846 -1186 -1383 -447 -874 809 1099 1705 -30 767 -1044 268 579 -372 147 942 798 302 -266 937 278 -589 -482 -394 1804 1049 792 -613 -500 -184 -311 -1247 -582 -5 113 716 -49 482 900 -212 154 -280 -841 156 -339 -1184 804 -154 -127 745 716 807 -620 
-69 400 326 635 -501 -303 30 1153 -1639 -546 -222 253 -231 447 -720 -404 -407 270 437 1053 1220 -733 791 573 -268 -546 50 395 970 311 -1461 890 351 -246 1435 104 203 132 -493 -116 90 -219 -216 807 634 -766 1333 -718 788 -120 84 456 237 -232 -422 159 -407 -39 -87 -251 1579 701 696 183 415 406 -23 -639 625 746 307 86 -402 384 -1360 429 -27 1771 70 178 14 -139 -1277 335 216 795 84 492 707 -236 -407 518 -205 -354 1357 -642 -1167 578 196 -267 39 88 -218 -152 524 808 -443 -331 401 430 -803 -731 767 137 -1796 1264 -11 -1110 650 -160 -886 197 546 1140 1058 306 113 109 -122 2 805 -323 992 215 -337 -254 -823 -400 -546 -923 -560 867 91 -1585 -406 979 218 161 -81 375 -447 -2385 -244 -305 964 731 271 2230 -861 -614 38 1180 -894 537 169 167 -572 98 -299 -697 -256 -682 -85 -510 269 -32 -635 492 239 -579 1334 -906 -475 -825 -1005 -1470 121 48 -6 -759 -257 245 -839 18 -630 -227 2337 -1311 -496 -35 153 -191 -397 -65 -242 -875 -169 -130 420 147 -203 -579 709 -28 918 507 620 -587 7 652 644 -468 -365 -124 -463 -24 245 1777 -1786 571 -47 -737 288 -161 834 486 995 -56 -100 -457 317 194 235 -386 -1909 618 -417 819 837 -493 167 -231 462 994 -545 -513 1120 -144 971 1505 972 -479 -120 -400 1542 -319 -1060 760 -995 -977 -462 -1297 -1395 270 -467 259 -944 -1350 673 585 -624 -193 -738 316 -1081 -1157 151 415 -1431 -637 -354 -194 -975 590 -761 94 2187 934 -349 -1164 -435 -872 23 1054 157 486 1105 -942 470 233 257 1013 1078 621 634 -657 855 -747 -297 -119 304 -138 -268 -1760 704 229 486 539 321 376 -1038 303 -487 269 116 891 -509 -738 329 -694 3 -184 -716 931 173 1161 805 -755 131 636 1287 -637 1074 391 490 173 -397 -91 -23 -1527 991 -297 -528 -1244 809 535 1073 -1422 227 -233 -35 -1088 -281 -305 -143 -377 -96 -133 -267 132 -741 835 1102 536 482 -886 557 1500 546 652 -752 821 -578 110 -300 898 399 -159 -132 36 
1689 -79 -933 -808 164 1428 -597 -133 -858 85 182 404 -1444 -877 -448 -763 -136 -652 104 -1032 45 950 1418 983 558 1520 -286 -1634 -303 27 -719 -895 238 879 -355 1227 -67 1173 476 202 -455 188 -186 -1651 485 -193 -451 209 -742 -1238 653 -179 511 -1143 2 1094 -451 1251 -972 207 113 -717 -807 -157 1029 816 -521 148 -1104 686 632 205 -511 640 -535 -638 328 -426 -1097 31 590 267 458 27 -184 -1198 -132 599 344 -1068 1191 -436 923 753 54 -1215 -141 -963 179 537 771 935 172 -624 885 489 973 47 1103 -409 832 -99 1752 345 1517 299 589 -1146 -283 -121 -42 -2088 -664 -959 -899 796 -607 859 700 -547 -1236 1110 -2034 -11 -270 -161 -446 -344 -1134 843 -874 2076 -14 754 -86 112 -569 -97 554 -95 919 1010 -1994 932 204 -63 -500 -302 693 882 -1412 1133 -881 -333 289 1025 78 -1720 204 598 713 621 -1066 383 1043 -321 -643 -1244 -202 -1076 -994 -641 -384 -836 835 -1184 1185 -219 -1463 148 405 269 -1245 390 243 776 -971 489 93 -810 -839 -489 275 1144 -731 -80 813 -327 -1072 289 1555 340 2607 365 -488 332 -351 633 -328 -117 -1244 1537 504 -1110 800 -184 -352 183 1731 1372 1468 187 620 267 -810 834 -48 -1111 -46 520 273 -1798 -651 -356 574 -194 386 156 -1198 281 361 856 -371 940 98 727 -1621 -4 694 -384 -68 -252 -85 240 308 -1075 242 811 -505 -426 -85 -1252 271 -871 -359 706 41 144 41 -1278 -859 -599 528 -1253 -643 -252 946 -849 -220 -357 -826 -1194 1644 -1254 1342 -863 -1759 -784 32 -59 113 -427 91 526 1492 -355 1519 702 -1000 1155 518 -305 636 -640 -106 133 -159 251 -239 367 -294 903 97 -171 48 629 -569 -139 -1002 300 -467 369 -166 454 58 896 859 219 -1410 -608 -816 -542 549 254 -1030 101 721 16 -360 871 -610 526 255 -686 -1308 -136 172 680 -414 -790 -479 -288 -146 -80 197 396 -425 164 -1399 885 440 612 70 -921 392 156 78 -472 508 -334 434 535 332 -93 343 -1322 760 -749 -146 262 -558 -28 -421 -667 548 350 -111 0 305 541 
484 2554 77 714 569 1213 -209 1167 716 43 -407 681 -35 550 -139 272 -131 1047 -359 738 -884 871 -30 -1042 117 238 1124 -121 -338 -441 -124 -87 -916 601 -144 -312 80 847 -199 269 -473 138 -137 -729 63 1454 1121 1034 19 -267 -551 448 317 218 -1284 408 633 -634 -209 338 1936 -419 1345 693 -549 -612 -222 656 1238 -603 244 595 -311 5 559 910 553 -120 -760 -445 498 -574 229 1012 -162 397 -6 463 576 -950 923 -320 536 182 59 407 -660 -243 -304 38 760 -416 -1348 283 959 2018 -246 -882 693 687 -862 484 712 -705 941 -423 -396 934 2 1006 -283 321 -370 -430 80 342 -73 -1417 -944 -962 -181 153 -434 676 1053 -493 -186 -283 1015 150 -289 -394 1710 1424 1003 -359 794 -404 467 774 -203 407 -356 500 -133 -735 1376 -1124 1026 683 -331 113 280 227 1353 -271 75 -923 -175 627 -378 -935 -603 533 270 -478 752 -1147 -649 156 3 12 1702 503 374 -314 387 -703 -182 1105 -1031 125 153 -442 -783 886 86 2107 990 684 -635 -187 189 -408 418 341 824 444 -91 377 1064 -252 571 -1217 553 386 1384 -66 -791 864 -673 -952 -456 868 -1289 1297 1563 381 1780 -142 1574 788 -177 337 23 -725 1076 -75 208 667 14 515 -663 -629 -151 -397 -21 -1065 184 -1099 994 -197 -257 -293 1287 1619 -218 1813 -1015 -3 515 -823 435 459 857 1656 115 -560 -1271 -408 -206 152 756 880 132 -141 -541 273 -12 -68 267 507 -498 -1457 -626 574 -1593 1786 -431 1618 457 440 166 361 -75 -910 -837 -572 95 -694 -389 71 873 1005 -1436 426 -198 655 -2348 -872 -155 -741 123 -771 216 -860 -215 -86 720 -950 -1756 -1243 -1066 479 -1614 649 -903 28 659 -1064 -519 1242 281 743 -265 -335 -529 -60 -625 1277 -388 -841 454 188 -520 776 674 -1784 -724 -389 -361 -1389 -722 -611 669 777 -73 135 -649 -1467 329 1209 443 121 2041 497 118 653 268 701 1262 4 -722 285 -511 475 -617 185 439 -80 1110 -337 -158 -122 203 587 242 264 -36 -613 -734 786 -935 -184 67 832 814 -589 -56 -543 
50 -58 1034 -406 985 -164 1367 -155 191 -695 372 -36 -858 -730 -581 542 1195 -334 512 628 -585 221 -198 -314 -417 266 -1585 -668 678 -197 -971 -1246 -649 -937 -142 1643 -142 -420 -669 -611 709 -805 -671 575 600 -512 579 -222 -1126 -253 116 543 345 -305 -682 1140 60 1938 651 239 447 660 -576 -313 -191 -296 211 -652 628 -84 -192 -778 44 -256 1418 -48 368 887 359 -1569 1402 -629 373 -191 230 257 485 -95 -326 597 -321 229 -740 506 621 -541 1008 -912 -959 1162 -1315 -1281 -101 -693 443 -831 -492 447 -21 231 -523 -328 1041 -816 53 -299 -292 252 1640 594 -69 -352 74 -694 -191 -219 -668 454 -560 -502 107 1317 1141 567 -755 1342 -921 -918 472 -882 -697 952 231 1017 723 727 -238 -40 1302 -460 -678 1024 656 160 -1308 567 328 -691 -616 914 462 1128 -142 643 503 -327 -1092 188 471 529 407 607 -726 -731 235 -988 -220 -720 -520 1025 -369 1063 534 -768 -963 -427 714 200 366 -432 -255 1073 -464 443 -587 388 -1233 -240 -191 54 300 528 -975 292 -624 -321 294 -115 -648 -115 -711 -171 -189 887 685 819 1639 -760 -779 1493 44 -705 -493 841 679 144 -509 -474 -347 -74 -217 189 521 -381 -420 -244 910 738 213 239 -1130 1011 467 -511 -419 -329 -349 1383 -264 56 -733 1305 -952 488 -479 -414 189 815 225 -309 -351 -1200 688 -617 1041 26 547 1008 -381 -60 869 -787 -245 889 -1912 -1242 716 86 1410 280 311 -263 823 -222 558 -1082 -238 742 890 -26 801 -268 -251 39 927 -1238 -1294 -571 124 -99 738 -1162 -1402 -551 -417 37 691 -747 -537 79 865 2271 -284 160 154 704 -650 -589 884 207 564 556 -398 16 -352 963 -860 -692 -227 -12 218 158 -1234 408 -509 -361 -11 2265 515 -118 54 -686 1355 234 708 -62 -1543 711 438 781 -1163 -453 -668 -141 4 347 140 -1182 435 -242 -1194 -426 -355 -478 -803 785 290 -140 247 619 -589 429 -279 233 -530 8 321 -351 -754 1582 425 931 1283 162 -333 142 123 -44 935 476 329 -598 -403 866 -101 -372 -218 -896 433 -592 
815 -942 -803 -574 -301 1543 -192 307 -568 57 -377 639 -554 -56 -2006 835 1233 278 -1177 -329 242 39 156 1122 -388 -768 -22 -911 -129 528 -437 -452 -129 -120 -643 -87 1027 -675 12 -320 -3 -300 560 -308 -380 385 -69 -580 1306 -611 -1568 12 595 512 -471 413 1080 -64 471 673 800 -593 -796 -351 669 -243 1682 -521 724 1130 1079 -1542 229 956 621 413 172 -148 120 -375 -29 206 994 416 15 -1188 1310 -521 109 -564 -1700 1354 -569 195 -193 -743 -539 -1460 -589 -1298 715 538 -402 -236 -216 346 -1244 505 657 156 756 -826 -24 601 639 -277 427 -151 -739 -596 1502 392 321 823 -787 332 -867 111 -899 -341 -508 1154 214 658 381 223 117 -435 -8 611 -2304 611 1922 1500 643 -355 -415 372 205 282 1552 -1200 -241 -344 -416 935 -288 -861 233 294 -553 -1539 -751 -448 2018 84 -294 1056 1201 -350 334 -323 -1101 419 363 384 85 69 1036 -883 -752 -147 -612 658 -191 -447 278 330 -483 292 735 -543 -115 -485 366 140 848 -43 -345 586 1042 -537 1050 722 -1355 591 733 -691 330 89 -339 18 -435 -42 -102 -151 382 696 180 545 596 -891 -982 -695 -1437 241 192 219 -244 -317 70 -27 146 -482 -835 -811 -604 -173 -549 -560 938 199 -858 469 -1032 846 858 -72 321 -411 712 6 71 -261 -866 -395 -1150 -240 -229 637 499 -1051 -28 -499 -77 443 -272 607 -285 339 -669 -406 601 785 -889 937 -300 270 1030 -659 163 -645 -707 -815 881 -698 -18 -1750 -440 -169 -83 -151 586 264 158 -130 846 277 -340 -403 724 -756 255 1274 -485 -138 424 20 -396 -655 1206 651 -410 -85 99 -427 -1513 -502 229 -88 585 -82 1252 216 1187 -843 -1861 -195 -863 -1315 380 421 -104 -551 -236 1350 -877 -1259 -163 -958 693 885 -188 -87 -536 136 -45 -583 178 -428 491 575 -107 -390 525 -91 217 -142 219 956 -127 52 219 36 -953 -308 208 -208 -1318 33 -706 1050 717 221 -206 -102 -341 340 352 -35 1075 -1103 -808 666 115 208 330 -8 -333 1106 -362 1117 -846 62 -724 806 -506 -26 879 -24 
1524 441 -422 207 -484 -1142 -416 213 290 -60 -401 -959 474 599 -1711 -1205 -769 -363 643 -46 -563 -1048 668 438 19 287 830 311 -617 933 1570 -1420 766 61 -236 -227 -1161 53 854 145 426 318 -143 695 675 505 -1137 1213 -358 579 -644 626 1005 -1 991 -1248 -430 593 826 564 163 -574 -198 752 -1289 -294 1055 -615 -679 -390 -1185 145 145 332 218 -74 148 3 837 2188 207 -1127 -492 734 -427 -163 51 -801 -410 -465 -1124 -994 217 1122 -379 514 -119 432 642 -642 -240 -1297 361 -391 -150 -844 69 -1095 -572 -855 88 -153 462 -340 -48 -196 -651 238 -287 1070 -264 -487 -1057 597 596 -814 -451 -685 429 244 -277 -220 1081 -621 -323 -836 -587 215 233 1353 17 -249 23 1046 -947 68 180 -1765 -798 547 -163 -407 1027 1553 160 603 1027 925 -105 -9 -569 -499 -243 737 -632 172 -414 -189 -803 248 631 -305 525 629 -487 384 -380 547 -1313 785 -352 230 -491 -260 -345 -1009 557 -1308 198 -720 1247 685 -728 -80 -214 397 277 35 113 -549 7 801 283 748 -250 -969 562 -359 -365 971 -466 -473 -468 -370 786 -127 -233 -117 -1817 -767 65 1153 115 154 -464 -1137 -303 103 1021 1033 -73 -993 -207 9 702 -365 -740 304 47 -228 -232 275 973 222 1106 -202 -975 1206 1290 -488 -686 166 1348 1269 62 -283 619 -446 146 81 305 -1763 -1693 -123 502 1318 2 -1085 1070 -122 -1868 -1056 -60 181 216 209 521 311 -615 -312 -270 -373 -935 235 -1003 -590 -79 428 -73 332 18 -1289 -1013 217 111 -984 120 89 482 634 -1499 -1038 -262 -129 39 263 108 -1124 25 343 -765 -845 -1404 -1554 -126 -543 151 -100 740 -509 740 1181 22 552 -546 -203 -295 815 -1178 205 -1312 319 -371 -524 -683 544 -1317 551 -528 -583 -175 -381 420 666 652 2154 -484 -557 -42 -964 -713 -1818 -600 -1193 229 -49 -225 301 397 338 472 -466 -228 -759 -832 -1333 317 -756 159 -216 -776 -916 1395 -854 -1747 116 259 -447 0 929 -654 38 373 581 -195 -141 496 192 -539 67 292 704 330 -84 146 -327 428 -712 -391 564 
-470 330 294 1213 442 -841 -287 1507 371 -182 -718 -887 648 437 140 -805 1027 -613 167 -461 609 474 -279 576 -309 -1100 506 -212 -1070 -278 770 258 -569 1562 590 -352 -1835 1021 -289 -295 -468 -247 57 -616 265 -517 558 488 788 -381 552 -1403 1332 777 -1109 1036 -36 -8 304 191 1578 548 -937 -1107 28 1979 458 564 426 -1464 196 -580 -772 -119 -1425 -734 765 -176 -451 84 418 -346 82 -698 -85 -269 353 130 384 700 683 -35 46 234 -1101 515 855 -55 55 48 399 -609 -71 275 -501 -90 8 -1327 538 -392 -672 1315 916 898 -334 -1805 771 482 762 -275 -495 -189 636 528 808 738 -1810 102 -120 937 385 716 1677 -232 1407 -588 -540 659 -659 -77 -1955 -148 -1040 -277 227 1234 -137 -544 -399 1047 -461 154 936 -144 -199 -882 -705 302 -1787 -865 277 -106 -744 405 -673 812 28 -629 -1631 157 -192 306 398 -1535 -1514 352 -288 -391 232 17 647 739 1150 320 -1375 -824 839 1513 765 293 -754 -40 529 259 165 -649 1423 -477 96 371 -850 -209 -198 -822 2014 151 -833 -566 53 -552 931 -1610 -200 142 -357 -62 -534 562 -1536 -317 -524 91 -901 442 -187 -447 -309 367 956 320 -334 -71 -598 715 310 872 -281 -44 415 -447 577 1734 -834 -365 -11 -1217 -480 -449 829 73 -311 -159 -90 921 -383 -924 931 -337 -1048 805 232 -327 637 583 398 825 266 -395 64 764 -470 27 -113 473 776 111 590 644 92 1565 -1085 -120 -429 1113 815 700 -51 1146 953 761 -910 -130 391 1138 -1091 -286 373 1942 -500 -463 -454 831 -5 879 1179 16 283 -383 244 348 -233 958 -560 130 -823 -172 1681 -141 298 -286 58 -1053 -553 -834 -567 -200 -509 622 1528 -24 -695 647 41 -836 -485 2305 555 -169 -45 84 336 -1281 264 -770 511 -120 1320 644 -338 -453 56 200 -641 -1045 149 967 -350 809 -529 -1062 832 878 790 447 969 53 781 537 348 -1668 236 -512 -632 -149 672 -773 -645 -932 1024 -215 267 -912 -1138 469 1491 285 271 -603 493 111 -891 69 -78 135 1059 -381 599 177 -723 91 
-585 -379 -689 -13 347 -784 476 115 670 -165 -1035 75 -573 -1464 209 -337 996 -1032 94 319 489 30 -103 -466 81 -607 -373 949 -470 -90 -936 233 -427 69 17 319 518 191 85 -515 489 1602 -1065 -199 257 52 -1297 1424 -1210 -217 522 -297 -507 37 -970 -137 586 -545 229 1583 -469 -15 1110 358 -509 280 517 40 475 362 165 -241 -1571 993 -816 894 -999 -961 688 -882 583 -154 203 1194 -125 530 -974 -604 890 664 -139 1176 509 918 -533 -676 157 158 414 -474 73 975 76 -741 159 505 133 207 887 -520 301 -87 200 -882 414 -370 -316 -616 -206 648 120 720 542 647 1198 214 -901 -124 -842 -170 -241 -219 -37 -304 535 -639 119 -86 577 461 -697 -744 178 474 115 -687 141 -257 -1675 -97 -251 931 -870 -344 197 1027 594 -167 357 -34 882 -528 202 -1029 647 1233 -65 555 -408 -275 -383 0 -661 -798 1179 323 1043 702 -376 112 1082 -310 -500 1173 1010 -8 1260 -54 -37 -814 344 500 1171 -60 825 -1704 -227 644 -18 -1367 557 -1264 998 491 551 1782 1180 186 -478 -78 446 -658 796 384 -361 -138 -811 1069 -69 -1170 -447 276 -213 -583 -1482 -87 1415 -737 -419 256 -667 -467 985 -54 473 123 83 561 893 -1407 -306 -707 28 -1016 299 70 -241 -121 142 -121 90 624 -1025 -697 365 -1505 437 -1014 635 127 119 -292 -926 1693 990 542 -479 -758 -1154 316 217 -559 300 210 1120 -572 316 -683 1527 1436 -815 381 124 110 1811 -395 -953 813 -708 -452 90 148 -136 837 -943 -915 165 207 -587 407 783 1011 -1165 -703 841 -1068 -56 -419 223 -309 -90 722 -1183 -1509 317 756 -150 -33 -327 911 -550 109 -382 -781 37 -292 -1594 -471 752 350 1187 -86 -355 104 -96 19 -171 403 383 -183 -502 617 -45 805 1181 259 600 1514 300 -1338 -609 -257 -494 34 -167 165 1296 -809 424 -1076 -253 42 -1985 1130 -883 -872 40 417 271 -788 -814 -359 228 491 -690 -696 840 -319 1626 -272 198 -1642 115 1044 960 189 -591 585 85 1003 -376 -499 1311 -935 -562 119 -637 -207 353 -382 
-145 336 -321 -456 9 -117 278 491 925 369 -576 -857 149 -147 1472 788 -44 -199 977 -960 34 304 1108 366 -214 1164 114 -239 -305 -473 -290 378 1098 1406 -375 1217 859 606 1364 -515 -311 -326 -484 446 -41 -887 -231 1285 -281 -1127 -173 261 299 -89 63 -251 1174 -528 -805 -1170 115 160 343 -485 654 1482 -842 -1085 388 18 -465 782 1261 725 -543 -636 945 658 -507 -282 315 -19 -898 -489 -232 -201 277 201 2180 -711 -536 1015 264 793 764 941 -58 25 -440 5 -22 -1204 -882 418 1083 -187 -263 11 1288 368 718 -1511 286 -343 -599 -578 737 -319 106 1338 727 -560 918 -146 -720 114 -24 402 106 -84 -1296 1564 87 403 -570 299 -1207 560 -937 197 264 -798 34 -177 -531 908 1506 -1875 593 -40 398 -760 150 -503 86 626 -83 24 246 757 -657 -1641 -297 -712 1217 958 691 213 181 389 60 823 686 801 586 -554 739 -741 186 -176 1256 178 -636 -1059 664 1973 394 98 239 347 -1134 371 -1059 1700 13 812 -477 167 553 1002 -1469 655 -138 216 400 -617 669 -2078 77 1177 -391 -64 67 790 841 -236 -1104 -1140 371 352 29 -864 647 -1738 1106 -123 1115 7 -275 -957 -667 442 -73 -1371 1551 134 70 813 -1170 848 373 161 97 -868 501 -260 207 767 -1074 -476 -1186 -426 317 -315 1447 -84 1092 -23 -433 -961 330 -603 664 -438 -171 395 1729 -438 355 -247 414 -132 -1062 228 1124 100 105 438 1103 181 -214 312 278 -1255 359 -1056 231 -117 -669 1097 -165 -732 12 -54 -581 -32 -557 -659 594 -182 501 398 -36 -1575 442 -180 -902 1335 -586 275 101 449 -94 711 -519 -375 -148 -87 1210 405 231 72 395 446 -1125 1004 759 -289 -1311 837 1109 -463 -454 193 254 -697 815 607 -872 13 -1137 343 -1458 -361 1102 368 -132 435 -715 391 -162 -603 -1600 -410 337 -589 408 -174 676 1779 -1015 -68 204 84 -705 -1353 -335 332 1533 -1494 1258 197 160 1732 437 -285 -58 -1118 182 -254 846 -180 -372 878 605 241 528 1119 608 -387 259 464 726 -886 764 -486 228 -974 382 1033 
-847 530 -1160 1087 -585 930 513 841 -219 -877 -192 -1088 1515 182 949 503 -13 -675 985 823 -186 -1205 229 -289 -361 -148 -335 835 422 167 101 -385 925 608 32 27 653 21 701 -413 558 518 -615 -76 285 -574 -667 -7 1059 877 166 447 -448 -1105 744 141 417 -351 750 536 1077 1079 -315 -367 -882 920 -913 -62 -960 417 350 -574 91 -135 613 -1061 1113 -798 -294 165 -239 -132 503 173 588 1235 106 930 -692 1539 -717 -111 671 -550 -344 127 -590 13 904 164 -1034 -389 -246 -1013 126 174 556 1150 226 -848 -575 420 -683 -262 -93 -479 -485 1495 350 527 -782 71 -256 -194 -673 22 264 -769 -247 -110 675 -606 -489 134 320 -288 1569 -444 -185 -418 903 -43 -825 65 -1202 199 -1144 -362 583 -1564 -574 784 410 381 1078 -685 -806 178 -255 421 -273 -353 107 207 -175 -328 598 -45 -491 264 341 558 -718 943 -1157 460 -787 316 -18 622 -280 236 -1141 -200 -1079 384 -1922 1016 -911 95 -795 -155 -10 -733 268 -659 -535 398 -289 -980 564 -895 1545 -753 -233 1443 -526 -676 -370 666 -738 -1447 -31 -27 597 877 300 -604 805 0 -614 -639 -2169 974 -426 -1677 -11 703 82 245 -574 -800 -809 1031 862 -72 -652 -57 645 -129 454 -1652 858 -263 311 -153 411 -105 -70 307 1152 386 868 231 1053 363 319 -73 298 -414 298 897 -129 -995 309 -165 -1039 144 -102 -1180 -777 -141 71 481 967 664 -464 -766 -456 906 118 27 -469 -991 -569 -1633 -21 -904 -663 -419 114 -725 -1199 403 -239 539 -226 93 545 -1004 -171 -176 1146 628 -1145 -889 -226 1205 287 1750 882 -575 252 1332 27 -1020 1673 319 -659 -272 -414 -754 152 106 1203 -1074 2 361 -1519 354 -331 -1090 1177 134 -827 -1449 153 -952 422 141 348 -294 -746 617 -598 -166 331 68 -140 559 923 1186 657 219 542 -213 -345 -492 -68 -1010 1086 695 974 -963 249 726 -1173 -1549 -485 -514 800 -95 159 -71 -816 -367 341 -65 -852 -39 -1009 47 199 -734 968 525 1343 -135 729 600 106 -124 139 139 -601 1040 -1112 -451 -311 241 
-725 630 -148 -248 437 16 492 426 -54 1464 -598 -1463 -444 432 -429 9 -484 292 -128 11 -526 318 860 -193 -1659 506 1508 971 580 321 -560 710 610 164 -434 -490 293 -197 312 -1521 381 -113 -1045 538 765 -990 -51 381 -572 330 -366 -603 -288 285 987 1226 77 -1264 1030 141 149 767 1007 -1063 -657 -1 -382 452 417 -687 -428 858 -1274 1049 298 975 295 -566 -128 1140 270 -184 104 744 -543 1668 -108 -472 811 -438 150 831 -109 885 -302 427 -173 728 336 -222 266 -776 -73 66 468 97 -26 -977 434 -663 650 -1337 870 -914 755 1335 319 297 -261 109 1000 -152 462 545 1158 1235 479 767 -427 87 657 -613 -9 197 105 293 -149 1142 -912 791 -70 -220 -403 549 -668 -432 301 1042 698 944 27 29 179 346 1179 -993 37 96 -545 -334 -447 391 -28 127 1152 1598 -694 1344 -30 1302 1491 320 109 217 1590 -424 -273 -122 131 -346 -373 -636 687 -441 385 -779 -65 68 -103 598 -30 -305 452 -731 409 -1377 133 723 -144 -1 1476 651 753 -256 808 953 2434 -179 -1413 143 748 149 422 -1036 -288 915 172 113 329 -198 -195 -97 1026 514 216 -581 -39 35 -1218 571 -831 -207 -126 1050 316 284 -123 35 -2361 827 266 -214 -1107 -727 384 -438 -242 -99 489 224 -667 738 18 443 478 -522 630 -1212 79 -2 -409 -199 -874 -910 731 185 -802 1741 1195 -94 796 -1179 216 532 -598 93 1766 1344 164 341 -25 -447 226 -1115 -597 -1167 459 204 -436 -693 26 -1994 -529 -287 188 -403 -182 50 188 349 -447 -1599 271 565 684 -202 319 -774 -353 654 953 -433 37 392 475 -1055 665 -1697 904 -46 -274 -396 654 490 -494 406 248 1242 807 -835 431 -1555 515 451 -218 1281 234 -514 464 1353 -366 -211 -459 1041 418 1231 220 -94 -680 -226 -262 683 -46 -106 -16 -1341 -662 188 -378 51 -427 -1399 485 1459 -182 -479 -495 -98 -878 -1162 -680 409 880 -906 -749 237 -450 1950 -463 -841 309 -310 885 -57 -1111 -267 -519 497 -295 -547 775 -695 714 -620 688 -91 225 1094 746 -450 
1059 -506 -1208 -751 355 439 -1010 -1218 -309 -962 771 664 29 -379 35 -1628 286 1226 -648 -204 -28 122 1260 -1775 1340 -517 -247 -1159 -1182 12 -467 450 -183 244 -112 -843 249 -498 107 -313 24 1226 -492 -679 298 -158 90 -30 482 761 -260 -551 1885 -866 -297 147 504 -1217 -1227 259 50 1329 545 118 856 975 -175 -413 -448 54 1834 929 1075 -385 -1141 -632 -256 -1438 -330 1266 789 -194 -539 380 -96 -1492 -1486 467 -422 -410 557 54 426 -1775 -1642 159 179 -625 -969 -725 -728 -308 -516 328 483 1190 723 -318 448 58 356 991 -524 69 352 565 -325 -1159 -813 277 -375 50 -1252 467 362 -1146 -922 -370 -844 399 1125 -684 -1099 -29 -547 70 -2125 -646 -442 -204 -67 599 714 -970 -457 -1350 476 385 -68 4 223 1565 -439 575 -381 613 1127 241 1279 -133 -136 -918 1517 582 958 219 1853 1608 -332 422 -879 -248 -577 -695 124 159 511 229 873 223 494 -109 -232 -265 -815 519 156 -890 281 213 -501 351 -836 357 861 1198 1337 907 -867 605 527 809 -1215 580 1126 -361 913 739 289 -839 209 -553 190 501 -663 335 -386 -457 -185 187 504 1083 -744 516 -648 556 -389 -81 744 -805 484 -692 -595 -78 -572 1556 -1468 193 366 80 -819 364 25 -25 590 -71 -813 -279 907 299 -457 -477 -258 64 890 198 -1159 325 287 -570 1476 50 -301 -443 -79 -902 -1409 -1279 359 1259 -584 -796 -354 49 -686 1407 834 -767 -532 215 -310 555 -771 -761 -86 754 1691 -648 348 -574 -624 -526 606 1116 -719 -117 -268 585 322 -576 990 -20 256 596 426 -7 -239 389 126 -369 444 1155 1297 884 -1088 1240 -30 -260 1232 -485 -463 -1614 -551 1521 286 -37 -48 -963 1051 -1118 272 312 -415 211 -231 460 1568 -603 1066 1844 70 -388 -135 721 -182 -816 -721 -548 511 717 -1370 -93 -1793 154 -427 -466 -1866 756 -1089 -115 -858 181 -262 -334 580 -61 594 572 228 -1120 693 888 422 1320 -474 809 102 517 2604 -1381 609 746 -412 -332 280 302 -6 -44 -797 995 -294 41 -41 407 763 -222 230 1047 -1655 1836 
797 -136 1545 269 70 401 854 -197 328 975 660 -151 -603 471 -1216 801 1046 -272 -1071 -152 162 -35 -419 347 -364 558 20 737 1567 -1342 1567 -1 -530 -90 558 -1391 35 293 -698 -247 -1041 1141 -1126 47 -567 830 720 68 84 1218 1053 -1130 -516 824 -43 -252 428 -1131 1408 154 -457 -246 889 272 202 688 -40 -188 -437 -694 -848 209 -48 597 -857 -148 -991 611 -106 -434 -247 -8 -1188 876 -68 -668 -352 -1174 -1423 -872 362 990 -1891 373 -878 -1267 51 98 505 1110 90 176 376 -1864 378 429 812 -430 1722 -234 -165 922 329 833 -1171 -685 -416 -7 597 418 -251 293 -936 -1168 1020 -230 -34 -601 -1817 226 370 251 223 -381 821 -380 796 152 -534 1060 -464 -384 -567 288 2047 78 -790 957 1384 -197 -94 399 378 960 67 41 -377 -956 1232 842 -532 485 -305 -157 1561 358 539 313 -1236 1278 -980 47 -318 -53 882 66 -513 118 1866 63 1252 -1132 876 -1066 731 995 123 -164 437 -21 617 -1303 236 -1366 -485 175 56 -63 309 -552 965 -398 123 -377 -1010 850 572 -569 558 -960 282 -1188 597 -420 547 -21 694 490 384 63 -2023 899 1453 846 941 -246 309 -390 1167 287 648 -82 -316 -360 -1302 154 -339 -481 1352 315 2387 -554 82 -2 799 892 713 87 878 -766 -1898 831 -459 564 577 -548 -844 -852 431 546 -36 -611 -327 -367 706 120 601 90 124 613 154 -407 365 -47 -1021 -1053 -29 -560 1181 -912 432 1221 627 -973 808 639 -149 772 136 778 -689 -492 -697 1153 -522 -43 -16 1231 -1271 -637 593 786 -278 -658 135 -1122 373 371 389 -761 -421 -359 -678 747 -1393 -782 252 -968 151 -335 362 45 620 1033 49 365 -1248 -315 -1039 -547 -988 593 -463 -672 -943 -1296 207 -319 902 -515 726 338 127 387 -1497 -772 -921 425 365 -631 -75 -131 -316 -196 604 66 -747 -491 216 -88 -307 95 434 -416 102 1208 -444 618 524 301 -1196 528 110 -35 613 -1109 292 769 1190 -25 970 208 -336 858 -867 103 1040 656 -787 -862 389 -165 288 -159 1330 638 199 -909 470 -496 
-564 1092 -213 574 -718 -151 -1436 -373 165 -630 -1131 858 -123 887 -245 -134 -735 856 1124 -18 -786 -449 293 513 109 5 1429 829 191 -368 -1226 -319 654 830 -344 256 440 -38 1684 1303 1089 678 1376 563 183 -1581 -530 892 -190 1208 1584 895 -538 459 -619 291 695 -381 -33 -215 -1297 528 581 -33 -370 1163 -755 -1107 -1524 995 1365 165 -550 -1693 475 1254 -20 519 550 43 -343 -1042 256 391 -267 1244 -871 924 -48 676 -646 -614 437 663 -1908 933 57 622 461 347 -284 -288 891 0 -67 -542 -582 1404 -1024 1489 -390 -1393 445 -177 145 -227 -914 947 -442 -305 292 797 -912 1096 -407 823 -262 242 -324 745 -679 362 -890 483 -436 -1173 -1142 694 -1001 -553 775 90 780 493 -150 -15 320 812 -337 262 -222 -551 202 764 660 368 -28 -74 1159 -168 1396 592 655 -292 -222 -1147 -662 611 156 -79 -622 -698 -536 -338 501 -388 -966 1293 -521 -58 281 778 -76 84 492 -15 -654 -1242 -191 -1762 -879 -415 -264 -668 61 -235 -26 541 -346 -1582 -374 953 868 621 -429 -229 1153 405 -1064 383 692 -1560 -858 -856 -190 809 779 -740 488 -770 214 -1482 108 192 -617 -1108 1084 -82 -675 227 -117 -872 1107 -449 319 149 616 -896 -86 763 -710 121 135 490 -354 -273 -662 -942 1116 296 852 202 1255 -1023 1166 -774 633 768 -327 -110 -490 -223 136 67 69 702 -718 258 425 179 -1399 -792 -279 -591 856 214 749 -614 -139 1187 -328 77 184 -943 -366 -303 -567 989 180 862 196 966 -660 -1112 225 -647 429 -79 570 -247 471 859 -22 -571 -99 -988 409 -330 366 -48 653 1285 318 1126 36 -6 1266 992 722 404 6 -1017 -920 -1080 -123 477 1129 615 507 773 -346 -210 521 14 259 643 1073 796 1401 -97 -1475 958 -276 -894 30 -916 1022 -150 -26 -699 -174 -299 -105 1013 -454 -1357 329 429 897 -608 -587 478 -728 -2 92 142 323 -547 708 -554 784 535 -984 879 395 -1135 156 975 21 -767 -161 515 -665 65 -671 -776 -81 807 -650 -357 -838 133 683 1029 -726 -135 96 328 -1747 26 
777 -304 1319 189 391 951 1327 -637 -227 1189 276 -274 432 364 -87 112 1120 -596 -773 601 -1613 340 -970 -813 95 -330 382 -970 -1 -838 913 332 35 -856 -371 -309 -729 430 315 424 164 484 -408 -9 -197 1235 -449 788 -428 -43 -107 302 -129 107 -213 869 -3 1295 -513 343 680 927 -376 -166 -1188 368 1516 -465 -126 -77 -111 750 -117 -312 258 -328 199 321 1210 104 -246 473 -863 888 -250 1090 1272 920 380 -70 -145 1075 709 343 896 971 350 466 -628 1688 1372 167 -924 -110 239 -211 -412 496 259 -237 427 255 136 -654 -152 -375 432 1550 1340 28 -1275 449 911 398 -1285 -1 1490 214 -165 -131 -412 852 -533 236 289 -42 -836 -731 959 354 1237 -93 596 68 -572 617 734 -51 -49 360 1121 -382 -713 -50 -469 1457 611 -608 1096 358 342 -860 259 1355 45 1123 -294 1136 -233 -866 159 83 1237 728 -1044 96 -320 -603 -1 766 126 -91 -453 803 -524 -888 191 306 -6 -520 -184 -369 -1906 -300 -207 124 -558 -1079 853 789 -157 -898 485 460 -123 115 438 -792 -1262 1289 -693 299 52 -665 -613 646 321 -767 3 1022 -11 -1341 -681 -57 -160 -64 -224 -580 737 -84 -178 -879 195 -1084 -566 -98 -82 -212 -1135 965 1080 245 -528 182 345 70 938 78 -1425 -241 -1165 174 1230 -765 -583 -420 -223 -286 -985 322 27 278 1298 -480 402 592 520 1346 433 784 603 957 -540 383 -771 156 -224 824 43 -218 -15 -254 -271 369 742 -1479 -207 -601 527 -87 -551 -313 127 148 -1397 -337 1546 332 29 -462 -489 225 -537 -2020 997 612 -916 651 -486 529 -633 554 -646 270 457 -1535 1051 -523 -292 764 -882 -493 343 939 -34 -216 -39 851 -925 353 1094 -127 72 -1177 -217 -278 -433 -106 762 -796 -829 -993 -1109 194 768 214 1715 611 369 -1287 436 72 -255 -1334 -206 27 1116 -1414 382 631 -952 1463 333 -851 1331 -1083 1053 -799 -230 -533 671 745 580 91 -513 -525 1345 -878 -803 -204 485 487 1247 1426 -582 1257 519 962 -525 813 -434 858 -123 674 287 475 -268 75 1100 -936 
-1666 296 -543 1118 1703 253 -951 -646 1804 -222 205 -83 -112 334 489 -126 1768 -595 -569 -1238 361 -6 2186 128 -969 -903 1046 695 516 530 1007 954 513 370 -311 -370 1224 -308 718 -1116 1615 123 -843 -255 -231 1023 416 -889 -362 221 442 -443 -307 5 -1005 -290 -478 728 703 67 -199 250 391 -415 399 615 117 -1250 -1329 495 -314 328 -463 265 -450 10 823 -1713 -1667 962 463 10 82 -207 -340 -812 591 466 304 853 -357 266 -213 -353 50 721 -271 -563 1216 -183 627 -1500 572 -485 -227 -754 1638 962 574 -1195 -551 -72 70 68 -313 -56 1416 267 749 -982 980 318 379 342 -405 -1133 -253 546 1084 1102 285 726 -38 572 -82 -1068 -214 159 389 1623 308 -233 -59 -134 -137 -818 768 1811 170 -85 841 -563 261 422 64 327 -764 594 232 1399 1542 -712 -546 -1247 59 1640 -37 -948 -148 -1007 -341 -337 424 328 1149 693 1719 -440 991 -338 975 -398 -787 216 135 -166 1185 -383 733 -1298 767 -30 -335 -563 177 161 151 -190 -47 301 -303 484 -762 -997 467 1312 -644 -312 -187 200 -786 865 1261 -1212 209 354 -183 398 1063 -1685 -663 65 -220 321 35 -367 1027 -1485 -1068 1806 341 -100 -1380 269 -304 170 291 993 -50 144 886 -173 279 -699 38 -374 -21 -27 -361 125 202 832 -687 -583 -23 344 -721 -876 157 -713 -68 -58 -373 -124 -1664 1042 438 -886 -31 1114 -609 -497 -800 1432 -375 -83 -592 -1478 75 -3 478 1221 78 995 382 1214 832 501 -382 -545 -1283 559 -360 253 938 -245 1093 -799 90 -1167 1657 -462 -1179 -635 144 -331 -1125 -100 293 -5 452 -663 738 -169 -598 241 1028 -189 -52 12 774 674 677 -615 650 -356 577 -338 -792 973 204 -244 637 -984 -101 942 -321 -287 -706 -345 -307 1133 -290 -842 8 13 1780 -1297 -423 909 -949 588 -1102 -519 116 727 -685 -38 1267 409 -524 -600 -1158 -1224 502 400 -394 161 -324 -185 695 545 -680 376 684 -881 -617 1121 947 -182 -2260 -514 454 1085 -77 -203 -575 -712 398 -150 -1534 -188 1687 -337 360 669 -145 1144 72 608 
694 431 434 375 1657 -1055 1028 1353 226 412 1624 772 244 163 -674 -442 -433 -1168 -1413 298 -1507 -734 -386 -607 338 -94 -269 -1708 1016 236 -400 -565 -1062 -214 191 184 -828 1176 662 -264 439 -372 -7 994 964 603 -773 80 -543 -749 492 -163 -742 -151 -797 506 -90 570 386 -529 -565 681 -548 957 -604 -82 996 382 292 -361 -522 -1059 -681 655 -553 -153 296 -757 -572 692 -1226 -432 -127 244 727 -34 -234 626 812 859 1274 -550 -332 360 700 393 -160 -1090 631 -911 -39 1124 585 329 -115 1543 703 -153 91 -698 -909 1052 1119 -1163 20 -22 -1899 996 147 -215 -820 -306 351 -340 270 -169 177 -374 8 -991 158 1142 -331 77 320 142 -118 -231 -720 363 85 -1279 98 -70 -1189 81 683 123 -326 -513 -47 1024 106 1153 163 -744 -284 -110 -623 -601 436 -627 -270 1402 -358 1820 1267 -264 787 -600 -683 868 -344 -797 -792 -659 699 206 854 -227 1886 1011 287 -159 -1122 -878 -312 141 -386 619 169 399 -1466 -134 446 -68 416 -831 -124 -1524 877 -512 -152 -806 165 1116 921 1110 -439 -562 -1325 1023 -48 1476 1098 640 -486 -450 434 61 1100 651 630 494 -284 393 -216 -790 -878 287 983 853 -421 496 -927 -1019 349 1137 537 907 -1136 989 1102 1088 355 -204 596 421 200 318 1366 382 598 1210 841 -442 -151 1460 -361 475 129 122 576 28 -673 -98 884 2325 366 376 303 1380 659 -685 1436 753 311 -494 -289 807 -1067 -97 -306 -326 -1294 -788 636 1256 931 463 -34 863 839 -288 613 -308 137 193 -268 -554 617 146 -1120 500 535 -230 573 -423 -472 1074 197 871 -460 -563 205 -822 -980 9 75 -125 574 -804 -436 -1216 34 144 -172 699 122 222 -242 517 795 925 1380 -741 -959 -1340 -234 -841 273 427 -346 320 841 3 -1116 511 1001 -21 -701 1082 -144 373 -960 -887 -1105 -328 -600 409 791 -70 10 828 837 -1272 674 455 -318 204 117 -157 -589 -42 -119 -563 -703 806 -457 -945 496 217 -429 -35 479 -477 516 -702 772 447 -1296 568 477 1198 395 -502 -281 1114 -625 -167 
