406 386 70 144 -205 -197 136 950 234 1 -874 -157 252 -312 531 668 208 181 1106 -967 -465 1 -777 83 -157 42 347 284 137 664 -734 263 309 -621 713 -706 598 587 275 -383 197 -31 1160 833 840 -315 -426 -311 -217 -884 252 -1315 -522 126 490 -15 -769 -106 -1215 1158 -165 -167 168 78 -478 -594 -232 1030 1137 -436 -607 -425 -802 -1206 -50 234 271 -6 974 280 338 79 -254 211 -45 197 37 714 15 307 -451 276 22 599 -994 349 137 -406 617 -368 -303 636 -536 891 513 -167 -1055 201 839 672 352 182 849 429 190 611 -95 358 677 557 -298 243 958 -377 -668 317 -323 -985 -425 -563 -490 223 27 882 231 -464 -91 844 668 947 498 42 411 -707 732 -133 -304 -428 640 330 -334 -800 202 710 677 109 810 18 942 -834 16 515 -383 85 -474 -970 -344 394 495 -15 555 100 673 -1239 -424 -447 -342 -225 311 -160 -231 -116 808 -37 -731 959 -258 22 -561 -135 311 -669 447 40 74 -665 2 321 192 -772
172 -974 -536 831 -190 -453 937 -429 126 841 471 359 140 213 169 -543 153 -165 1063 806 -516 -359 -309 224 -713 -63 -580 -262 151 -440 1009 -127 -778 162 230 -115 -852 273 -218 445 -94 72 1144 -251 -440 -379 -41 -262 -98 -397 105 -401 322 -144 163 696 -441 944 -870 417 331 -259 639 70 -449 1044 -406 509 -193 -410 2 -85 -187 10 -811 -193 -503 -95 559 425 215 -998 -174 156 -54 156 -788 -86 635 -271 -100 -426 883 314 231 830 647 -95 88 -180 397 -116 56 -629 -46 839 -752 390 -205 147 -521 911 -854 560 -210 211 274 796 72 556 576 -950 662 1106 126 -637 148 423 -306 146 161 -142 329 66 -858 410 -374 135 -272 587 44 -264 794 315 588 -351 169 -100 -31 -478 32 -380 549 119 123 223 -223 -679 399 -661 -466 702 -405 666 13 348 -682 -36 199 -276 307 -21 -314 84 55 -252 -1095 -73 -231 165 -17 476 85 -502 569 -2 449 -920 -141 245 -70 -304 -260 603 832 -505 -1129 -627 -294 -312
510 361 544 9 540 -580 -102 64 192 -411 642 -640 823 781 21 840 -356 491 -858 -510 -898 29 197 -131 712 -88 -857 -1446 -417 94 331 348 536 106 -689 -316 440 -189 277 708 -776 -820 -401 -496 293 -400 322 202 -367 356 -97 -451 -724 -1645 -588 986 628 -108 -1 -906 560 -912 -729 -679 -188 -1012 -153 440 -138 404 105 -543 31 -202 857 544 339 234 111 -15 257 -246 -617 453 -357 575 43 194 -489 1320 -107 278 -864 662 681 518 478 556 804 -122 -579 -798 217 -393 -896 -137 -613 -404 -285 -502 700 -129 81 741 -230 443 -523 -329 503 107 -685 670 -396 349 296 -8 27 -82 13 -442 -854 347 426 -332 541 -19 -396 -376 1052 -455 652 602 166 -299 177 -28 366 689 642 -180 536 -577 -155 -349 611 908 275 -160 -517 18 107 -1019 -392 718 42 334 338 -267 -1460 747 -1099 701 -796 20 -1 -52 -812 265 125 -471 1137 -414 834 373 738 -205 -900 236 -777 -719 260 226 -236 -415 -195 -82 345 507 -83 2
1287 266 -148 -383 947 413 325 5 -98 73 84 -12 -183 867 -583 -1077 -548 1316 147 -279 -235 135 -602 63 528 -1104 -722 272 115 189 -588 45 -682 -298 476 -222 -390 670 -652 -251 456 -1006 -565 -162 0 76 390 -94 381 -618 -112 381 256 -487 252 -829 462 830 1088 -777 286 -630 -280 -197 502 -441 -529 723 62 477 -311 552 371 222 -658 -376 41 -1051 210 -135 427 -348 -483 513 637 447 949 195 1121 -3 -278 -1132 232 451 -348 -761 -143 511 0 -293 990 669 -400 823 177 -5 -150 216 -213 -1108 -335 541 -22 768 -868 686 -931 -172 -2114 -180 -276 -92 235 736 397 1139 -162 448 -1273 358 324 213 -202 98 705 1214 -517 70 -251 1117 15 1058 -1192 115 -462 292 -71 219 -350 -205 -73 11 -433 -16 -366 987 -1007 671 -78 644 -862 56 94 264 -36 -79 -112 193 -322 -193 1531 -133 -562 -14 846 -146 405 -255 -134 -452 661 -235 -1541 -851 -18 145 -382 28 323 1121 -863 -227 -117 -955 191 -185 -671 -800 -1757 -437
-42 144 -344 -411 1424 87 307 294 -489 -459 -274 -734 404 -1047 172 183 -266 236 -626 -6 630 -159 754 -89 -1019 2 199 -91 817 -760 -218 -190 878 309 218 59 127 394 199 63 -309 -28 -130 352 279 -346 -335 606 -871 -769 553 -726 9 -102 -481 6 -538 -150 704 -281 1043 770 -358 131 -253 -619 -391 -243 -141 250 -717 -293 -781 -270 156 700 448 522 22 -27 -154 -112 -386 -989 717 341 -69 1225 72 -134 -253 81 -812 14 -95 282 -480 163 49 589 -100 780 189 -32 84 -932 -914 86 658 271 -663 -711 458 1023 153 10 -162 504 881 -608 -111 -756 29 -600 235 415 -1397 84 -418 -523 -360 -141 11 -389 116 -432 -483 288 238 202 456 -734 -646 408 126 832 330 -93 512 -388 -68 -6 -309 162 -229 -346 731 630 514 -1002 557 -253 -89 -364 295 533 -77 496 286 249 121 396 -958 -172 59 -1241 268 249 -593 48 396 -27 -405 -202 306 -10 -380 154 -142 -164 -288 -578 -76 964 627 -436 -167 361 492 -242
228 525 -987 -484 966 31 -287 -104 -67 -909 -756 -1002 -292 172 -540 -840 583 504 -461 420 -474 -22 1098 -392 1376 391 -1162 42 515 -580 -418 860 -66 97 -338 250 127 -143 376 490 237 -78 -270 534 328 -231 -67 -508 11 -109 -494 1122 116 -82 405 489 261 -118 -36 379 629 160 -37 746 -196 166 156 -405 410 -110 398 322 487 815 -110 489 224 737 -262 -378 403 -718 784 327 250 1042 -135 595 536 1223 839 -901 475 467 703 -158 -199 489 1169 -478 -1142 -156 -1027 -352 -681 -125 -588 -516 -561 172 497 -47 487 191 -391 229 628 241 138 -232 -723 141 1078 -131 -336 1077 -498 -218 -436 100 600 287 178 155 509 -391 -138 147 -296 -633 471 -730 -367 860 -867 1051 5 1044 206 -226 1115 516 -705 461 -412 137 -795 -97 -116 377 758 -663 -105 -279 269 28 1162 182 -754 -287 335 -172 -70 -467 160 690 812 792 981 589 -510 618 151 833 -159 -319 246 15 200 -385 189 347 -622 -103 -391 208 1020 -296 699 -424
-276 -317 -258 285 -337 -184 261 307 -92 65 101 -563 623 -401 19 -136 371 -566 142 -381 -1196 -359 118 -223 -587 -308 1244 820 656 -191 -20 130 744 36 291 -925 96 -1083 243 628 -330 237 461 301 300 -410 642 -229 445 424 -1035 137 297 -971 -890 -703 -803 147 659 -706 -420 27 -137 -476 484 6 300 -450 -52 -59 174 428 97 -443 -341 -217 -506 54 674 521 441 -371 54 276 299 -551 246 -422 -399 -149 -5 -232 -1099 -361 109 -69 241 -639 210 639 -240 408 -581 667 49 327 302 45 959 -187 -395 933 -815 557 617 88 -571 -37 178 184 849 227 -309 1240 348 -3 -315 -1288 -626 753 -699 -210 -400 511 -284 -557 -103 -430 -405 83 -389 -339 -416 270 93 768 190 27 -318 57 -624 -250 357 391 -471 -159 -610 239 348 102 525 565 808 -117 707 -902 -785 1256 580 318 214 157 -234 -97 65 -1419 381 -154 626 530 -62 653 -31 -620 -181 -586 -258 574 -130 1432 47 941 -35 -873 822 499 -1063 -414 302 376
-352 99 -346 1173 546 823 772 870 325 -512 -34 11 414 614 1296 727 788 -116 922 1203 -192 316 532 -326 390 1353 452 596 305 318 297 367 457 -819 7 879 377 -55 216 44 622 639 613 242 446 111 -1041 126 606 -11 -835 657 -299 121 452 538 282 816 990 -602 -247 964 -1131 749 35 -684 -238 707 355 -15 -554 -279 452 1286 -362 -471 -72 9 -418 438 1109 498 989 419 203 -354 -776 3 -630 793 -503 -257 59 310 -153 704 925 227 -51 -61 60 306 340 769 -973 1107 -603 -662 126 129 417 -612 -3 -959 217 -12 944 -254 -129 -482 -64 644 295 -284 840 91 370 742 -842 -216 -580 15 2 494 -107 755 377 -34 -243 -393 -250 -428 -74 -304 -435 720 -308 136 318 487 631 33 1108 774 1494 122 -361 168 1225 590 728 714 -173 94 -510 330 473 195 253 -928 902 169 325 -994 -11 -417 234 -397 40 522 -252 147 -345 14 -954 -680 522 434 40 912 836 -491 181 486 157 856 1064 74 1124 -1322
188 845 -238 840 388 -628 -36 456 784 -218 505 599 -302 578 -88 -124 137 471 33 424 778 467 198 -1189 -655 120 -485 180 -217 208 453 -526 -138 -181 -339 -86 -1015 -17 979 -65 -6 -131 -683 641 -680 -663 709 542 348 -1078 -1166 -725 482 -83 -580 351 166 35 -263 -441 -389 -869 429 -369 95 -405 463 -264 95 462 -323 52 -560 -262 670 -519 118 -374 -15 456 49 256 -504 595 312 -63 81 42 720 -483 118 344 907 -52 591 438 303 7 -643 -350 259 539 292 -295 525 537 562 62 -54 -404 588 -201 -312 -962 2 320 -541 -849 -396 548 -38 -590 383 -110 -51 32 -450 -299 -124 293 -253 -502 152 -84 116 669 -230 -187 -318 17 125 1276 -345 -348 -727 165 169 813 160 -402 150 -347 -384 -46 617 86 778 480 -156 238 -236 122 195 -517 -569 384 -375 299 -235 -904 242 -470 -345 -637 674 -812 -227 -345 -1741 -516 452 -300 504 -370 1197 320 -309 364 -336 111 328 -306 -176 755 -38 103 272 410 44 -70
-587 256 4 67 210 251 108 1399 329 -33 54 -162 233 -462 -45 -51 369 -609 347 -423 -399 -674 489 187 58 -214 310 -33 884 -235 -59 553 -432 937 -684 503 870 -11 197 -428 712 689 -98 39 -60 -250 685 513 132 -54 -818 -430 258 -8 473 -247 -1210 170 -186 -716 595 -155 -472 74 521 -548 72 657 -86 790 -248 -591 -170 686 -769 28 253 365 -1259 92 -86 -340 187 -694 -823 -1083 79 422 -467 46 304 -311 -560 -126 -23 543 -360 -505 -521 341 -314 122 -724 -84 -242 583 -416 -549 169 1014 -18 288 -758 -361 -353 239 -827 -414 -250 -287 315 495 1246 -260 167 31 185 -545 415 122 -611 415 -1011 201 -509 -283 -214 -59 -770 556 588 345 563 633 -61 303 125 -586 234 -94 772 -481 -954 274 -770 156 27 513 892 -177 348 75 849 -743 -179 -123 395 187 77 163 38 742 348 -419 -606 -563 -257 -16 321 -137 50 -64 405 -275 -224 -811 843 -82 276 1003 -159 363 1145 -191 -83 675 1063 81 500 -680
-726 -594 -328 -58 353 275 299 -99 293 382 -352 291 -453 231 -296 187 -188 -452 -7 -772 260 178 347 -294 233 922 6 704 373 211 280 -200 358 -914 -852 -204 -249 -68 195 405 412 949 426 761 885 118 967 -691 -58 541 -6 202 -572 378 -281 461 299 -290 -259 -804 -250 -202 -623 788 -433 122 1031 -249 -1238 -13 516 -459 316 -268 -62 -434 290 -741 -221 424 -992 25 1549 520 113 610 -367 -142 -42 -72 -118 -133 714 -271 940 597 -34 675 -52 282 -415 -179 -236 -30 638 100 -106 -1080 234 -49 47 -829 221 375 -44 599 289 -127 1155 -293 751 -463 -305 -859 12 113 1354 -23 598 -58 -382 1105 -432 582 -144 -723 394 -519 -21 -158 555 148 -133 -278 749 1030 958 714 -730 -591 281 -553 278 139 963 251 766 -491 115 -772 785 -400 551 -195 349 385 -102 411 -248 -1118 -639 -844 -722 -186 25 271 679 674 734 -427 -377 673 1505 966 156 -481 553 -292 -757 -144 -51 -1053 -500 530 -29 754 -480 -837 43 198
426 447 -319 533 -776 -253 256 435 -456 228 -222 -181 136 543 -725 1148 285 -573 -211 -135 -536 -690 -277 -975 1219 -514 -691 -208 -723 -383 386 -508 -149 1269 514 -343 437 512 -113 157 -1127 360 -310 432 -1504 835 288 -115 -456 880 723 397 -235 180 88 355 16 0 1264 335 395 -112 29 -697 147 749 -52 -61 452 143 471 -1200 323 -183 533 -290 -846 -199 299 31 -194 28 300 151 15 -44 -302 -1567 -161 182 82 171 314 153 -357 470 -850 15 83 -1207 40 23 629 287 -607 821 1384 -704 -647 -127 185 262 413 -821 -493 -430 21 655 -532 170 962 12 504 595 -390 117 -411 -210 404 -185 68 176 -292 458 -743 298 -792 546 -161 156 191 48 -232 -48 -306 -579 -696 -486 135 -81 -654 132 616 4 -606 -274 -649 335 -300 -70 -290 75 419 571 -8 251 -130 969 -722 -208 -214 543 383 67 760 -276 -278 519 -225 -85 -436 -494 173 -937 194 -628 -611 -248 -492 -181 -358 -299 -8 0 -71 115 597 -899 -483 -108
60 174 50 262 -61 -500 -1041 260 1157 400 -1226 -1084 1049 51 651 -105 -137 -673 54 -397 490 -57 -72 793 -550 -252 -150 84 1102 742 -178 119 47 -276 82 181 921 -308 98 -1043 -325 179 344 793 746 232 -142 -155 52 366 447 357 -24 -885 511 -447 -678 -303 656 53 -59 -645 -731 1100 -11 -761 71 164 -898 -482 485 -57 598 1236 -134 -202 -245 161 -314 283 473 300 419 -42 264 -231 -24 769 312 553 -429 -719 -178 431 -411 419 290 1165 -374 311 -343 172 -352 325 187 -591 -112 -584 222 545 44 370 989 228 708 379 -567 451 -4 -315 659 304 251 504 -600 325 244 -82 -948 -639 -584 359 -357 537 168 269 326 450 728 365 487 -255 30 -50 800 -379 405 -225 -442 -402 166 -577 837 -67 811 566 -269 221 224 -461 1229 138 -339 -625 167 190 -436 -1023 156 -388 344 60 -444 -1497 274 -35 -481 -464 -96 50 101 268 124 466 -762 -357 -259 571 788 -606 2 -177 -67 828 145 -324 353 266 413 813
-937 -297 460 -22 -789 -130 24 48 -285 -241 780 -182 -203 749 106 -92 614 369 187 597 102 145 720 -321 374 379 45 268 -203 -249 525 309 -386 719 -573 -167 650 266 -143 670 854 844 -554 -301 3 -45 -471 -696 71 -168 -178 -1210 -148 183 626 -122 -175 210 -288 -236 703 95 148 -369 129 -382 414 194 352 -676 -515 -329 928 560 -673 83 -346 -27 262 322 1161 151 180 -37 265 139 -739 367 889 -92 -457 459 -897 -235 -1170 341 -211 -81 633 -406 -369 -760 199 536 -661 -496 844 710 508 -59 -294 -449 54 -61 209 -698 281 362 -631 319 874 -66 -912 -93 -446 -131 304 40 115 1196 186 -980 177 586 -59 522 -432 715 -79 -173 448 34 -477 -183 975 -508 -441 -490 -615 -432 264 -198 312 -575 76 -168 -816 -637 501 218 122 -336 -173 -25 502 683 -82 -45 278 -10 -748 478 -297 -58 474 243 1017 561 -18 -51 -328 35 405 -253 -474 -578 -840 1026 -606 -523 -634 -735 86 395 259 289 319 -571 -53 545
-409 -255 1340 -187 283 -248 -279 302 248 -426 -342 -149 598 -413 274 10 163 114 52 339 799 155 -20 -138 -62 -55 634 206 229 -102 32 -622 -419 201 -45 303 -467 -483 -97 461 275 561 -465 -113 20 250 -550 -151 248 857 237 135 -486 121 756 641 90 -143 621 30 -916 195 379 98 325 -563 256 -546 -902 -534 343 -54 563 556 230 340 -186 1100 86 -609 -755 24 -18 1058 -482 -930 221 428 -925 560 457 -55 -303 -651 -580 -146 -823 737 -213 108 462 -46 168 204 -463 -338 91 360 602 -179 108 -266 610 -114 287 -167 646 242 84 -203 -230 786 -524 -12 -271 172 399 30 56 -82 190 -416 197 -136 -381 382 -1039 -917 369 -1412 142 -75 333 -396 278 442 12 77 51 -304 143 431 -77 162 385 -485 340 -281 -974 624 -89 -65 320 431 253 -375 7 -1364 198 -213 -354 54 -624 551 -254 -1 -410 569 73 558 485 545 103 621 -208 70 -341 -203 101 580 -408 244 -238 827 327 -401 -28 1053 -46 -922
-29 -544 636 469 59 53 -336 -250 -299 0 1000 262 199 -695 -1073 82 -65 -79 27 -636 865 847 -219 309 255 -568 -453 323 -80 133 360 149 -6 42 -221 -58 -721 -900 21 58 174 -449 1059 221 -46 -140 -60 -829 -135 453 -924 -309 711 684 -778 165 40 -4 7 601 1069 148 -1390 -984 -213 623 -464 170 694 -116 555 116 711 -22 -32 441 544 83 806 177 -406 -670 -364 197 125 59 -606 471 638 869 355 132 417 -6 -52 122 -347 -535 265 838 373 26 212 482 -68 -833 97 -637 69 -677 -417 -212 304 -23 -252 417 -96 -690 242 698 895 804 54 540 -431 -130 1031 -483 102 -789 -82 422 -739 513 -662 -1396 -1064 893 -1030 -35 953 -60 218 245 321 52 -369 -229 167 -74 102 -847 -235 1154 -364 -6 -438 -795 -912 -509 898 -225 365 198 675 -771 -639 -164 532 74 389 48 -185 -303 -268 -712 -36 -32 -75 -12 66 -348 1682 -1149 -772 -729 126 -71 420 -264 171 240 646 -1212 -606 391 111 -655 262 300
134 374 -43 -1093 350 -372 -228 55 -1 424 989 188 330 -577 440 -99 -187 -1121 835 322 -284 -297 -892 1257 -348 746 -599 -928 150 -348 -103 85 227 -495 135 29 -599 -410 -286 390 -74 58 -534 -141 -96 -37 377 -469 -957 -894 1002 99 -130 -819 22 -409 -81 -626 -171 -31 -1027 218 396 -693 -473 -356 -412 76 395 431 -458 -191 388 212 -187 522 522 -236 53 -611 998 593 -359 -365 -905 593 7 -299 462 437 -167 309 862 791 53 1215 656 -340 -94 220 33 941 -980 -529 -101 215 -97 -534 -151 499 -593 690 -741 1369 275 463 -634 19 252 101 -615 -118 530 293 1053 446 -341 152 -612 -375 544 331 471 -739 411 -323 -582 1065 384 -346 278 219 -523 -112 1227 243 592 -237 -44 -300 -42 510 319 1644 -952 19 496 710 898 -345 -185 -642 -248 1147 1102 248 394 582 -594 616 -7 -46 644 -110 -68 -891 669 455 691 -112 30 -495 40 -292 99 26 -212 -774 -984 98 -398 113 206 315 794 83 -408 101 114 1047
517 -429 -430 -71 -1119 -343 -340 -62 -66 158 -156 -598 -735 136 -408 182 116 89 -4 -139 -474 -327 413 1058 -317 189 672 343 192 -650 877 -508 -385 -433 -677 68 306 323 -541 -500 478 208 -51 -800 -409 6 -1046 112 -208 299 -460 480 124 377 -212 468 322 588 -125 735 405 455 -364 616 270 471 446 690 491 502 875 91 166 305 -232 1070 644 -49 -584 -337 -636 -1207 59 -305 82 156 -508 -649 856 54 648 -909 627 -151 965 -509 -271 -570 -361 247 366 -302 94 195 89 -739 197 338 -409 364 456 420 1325 -825 -135 265 598 915 819 -953 298 -22 640 176 -20 559 -486 -186 1089 -459 -520 663 571 -254 144 -187 -368 -701 359 -460 809 -213 253 180 75 -497 -138 -774 1440 -816 332 122 -895 110 -582 -204 521 -753 536 273 -699 -166 -1013 -70 508 -373 101 -162 436 456 -217 -25 356 -245 -402 -132 -1011 149 -79 -1507 185 377 916 662 -96 112 166 -517 -564 53 1140 589 757 25 -552 -124 -199 -367 95 -717
-770 384 -236 399 345 286 322 668 201 997 -515 631 583 -194 677 -372 -784 437 1010 461 480 -168 -479 -230 -20 -67 65 4 371 911 21 951 70 237 169 -98 -728 -453 -307 -964 -591 -275 127 -118 256 -102 51 44 -36 49 419 238 -97 204 639 117 331 -71 -786 289 -1367 615 960 -460 573 713 -909 -402 282 -628 62 515 -147 -627 491 401 -267 -1024 -752 -481 682 757 -701 204 201 -894 -158 9 -91 -376 468 801 -62 -833 -233 -202 1746 676 -459 860 33 490 -719 -387 -16 937 8 -418 170 -291 114 523 -394 111 466 125 -835 -543 566 713 442 725 744 -794 248 -1662 -645 -1012 -397 224 -353 -137 223 178 566 129 755 140 586 32 -99 -197 -313 -763 -21 -249 -378 305 -1229 829 431 217 -254 345 -31 185 -58 -592 13 355 646 -50 -604 654 -676 -301 -810 74 -8 140 873 -806 -74 -31 73 -186 201 35 -100 609 -696 64 -1078 -571 -666 134 -748 578 493 -337 -24 835 403 128 -990 -412 201 851 34 -702
-841 125 372 64 -354 -529 -195 -121 -129 471 369 4 -200 809 906 210 -60 -567 381 223 -648 -71 -854 721 21 143 295 516 -581 -320 415 666 237 766 -810 -21 -59 -189 348 408 -12 -26 783 472 -12 -655 36 -124 -269 -587 -690 -226 627 -101 -284 -320 -252 56 492 27 205 -446 254 66 179 -19 -357 -1080 207 1160 197 1099 -274 347 -822 187 -963 76 388 -365 -88 -16 1400 -384 -880 -425 -404 86 334 265 -14 257 -258 178 268 201 -492 692 452 759 614 106 -546 -363 -994 -184 517 -629 226 626 350 372 -1369 -703 415 -365 -539 -414 273 -331 1237 -124 350 306 462 -159 -144 -741 -893 3 -60 114 -249 667 89 295 506 -61 -584 -413 -701 -697 278 109 -923 -143 732 -55 60 568 590 197 -636 132 -826 1136 197 963 -41 -365 -209 342 -445 -195 -264 -370 -764 -190 248 921 -2 1037 487 208 -67 -108 -669 -1072 339 29 -911 129 -1 -248 355 654 354 -614 1222 -714 573 49 -316 -86 785 283 -113 402 411 596
659 -247 407 381 -1051 -181 -793 163 366 17 225 -1412 -1252 507 616 1047 -498 -1217 47 -45 1334 364 806 290 -509 -833 -43 567 269 270 404 537 258 -276 -327 -726 -381 -277 -586 258 -32 -413 188 699 150 -244 -158 -351 116 -640 593 -274 550 -201 33 371 -191 -991 241 -482 294 383 -214 -610 -43 -604 12 -138 -247 -567 204 417 610 -23 -905 153 762 225 -128 -649 97 483 -160 -11 514 317 -604 -1322 -465 -823 29 -51 89 -295 -260 593 973 -72 -681 283 1276 667 133 -279 -426 -105 -186 -167 193 -297 -749 -555 -13 -44 465 -380 -419 -126 -416 608 736 -612 55 895 101 214 -470 -14 -823 -678 1444 569 552 -206 -83 1420 586 -461 177 -1216 72 32 195 520 -429 -1154 140 -487 81 -657 685 -344 -489 293 -100 -702 226 586 1156 -670 -703 1046 51 175 346 353 482 305 188 889 345 -854 -1152 662 -139 -176 361 -280 320 -214 291 -173 -154 3 351 696 -518 -558 236 -831 -1322 529 -22 578 1267 225 38 898 -32 819
729 -108 -48 -246 813 242 124 198 466 -62 -232 -414 1192 660 -218 687 453 -414 -880 99 -337 -114 823 74 285 -949 166 276 -265 386 154 1098 239 901 -606 117 -776 414 -755 259 -442 -544 -320 -271 -233 680 410 -184 -231 -419 253 501 -62 -722 -556 -197 -695 -401 192 -298 -500 393 195 332 -485 -1390 -710 518 247 -297 59 374 -288 266 -880 192 -352 341 776 -718 805 761 1178 -227 361 -722 -169 409 296 1243 522 -688 -422 -832 12 399 1120 -528 -9 747 42 342 -42 407 1259 -534 -596 100 -924 -450 -550 373 -223 -514 10 1357 268 -538 -112 -70 -566 -59 118 543 739 -437 313 -133 -833 -448 -238 -375 -229 -699 -178 578 -522 316 186 -486 16 -752 -87 -75 -902 -14 19 -423 -322 1152 733 -178 189 78 -125 767 193 -39 220 109 -551 36 -223 -583 254 387 53 -116 -65 582 748 148 671 670 -203 -130 -476 -593 -127 95 465 -336 -354 -192 385 492 -382 -313 -602 -796 689 -6 227 -460 139 472 112 -381 231 -510
-327 -69 215 -56 -585 -545 546 -229 -725 -454 226 -990 39 -361 1101 -548 -192 -872 -693 -405 323 586 -39 506 320 -172 -459 -598 -444 -99 541 -939 -708 -85 213 40 106 441 -186 682 174 842 21 553 -586 57 131 -261 45 1063 -1053 751 -267 -410 229 916 1059 -532 321 99 311 22 -21 39 798 473 -1449 501 54 891 591 -261 496 -280 -588 -138 740 368 -628 -734 -155 126 -387 753 -240 -78 -26 -6 -128 -300 -419 -467 604 -942 -573 -133 276 -528 -66 -401 1637 316 97 -437 -163 1028 319 -696 67 -292 -594 -491 -1130 152 -204 519 691 -470 464 323 -247 -306 622 662 814 604 -1161 -435 505 -9 -370 668 243 271 269 195 198 -556 471 448 -183 348 -42 -1049 518 -129 366 31 341 645 -769 -768 554 -105 41 -555 161 161 997 43 -981 -243 -656 559 1171 137 236 -418 173 796 -241 -396 -168 267 107 595 -539 -481 -618 67 -35 462 489 -538 484 -221 -96 -391 -383 -424 -150 -490 -577 535 -204 172 110 -570 -11 -389
-307 -361 -422 -6 254 -332 515 161 833 48 -156 -286 101 -132 -211 -1320 -538 152 16 -1212 877 -106 516 822 -298 -456 -908 -175 154 -1085 -15 -491 -594 -292 662 -923 -1657 -20 -408 242 61 100 399 -497 -617 215 521 -1036 197 -333 491 -334 -1088 -130 -535 640 -595 269 -37 495 184 787 145 -884 368 -242 -420 -1061 -526 -529 111 -601 154 -778 1047 -657 123 316 985 476 -1148 -329 -678 701 131 831 -579 -337 704 278 1342 417 254 179 164 99 -106 274 -489 415 981 809 -180 -4 296 368 -25 63 -1083 -265 -169 634 96 673 176 654 245 -55 177 -308 796 -786 185 -372 -593 8 176 508 429 -943 679 -178 -803 146 901 275 -668 -632 954 -173 -552 -837 -596 -517 21 -534 -122 364 -207 73 -375 1065 204 69 841 -55 682 -728 -448 224 -572 -87 309 299 508 560 -113 -90 -949 1075 -33 -628 -1170 -435 35 -166 -1004 51 -704 -294 104 -469 -108 331 922 -424 -1097 79 -840 574 -335 159 -788 -6 -73 71 -967 580 -1473 -640
-51 402 103 1254 -80 -924 -569 185 641 284 -96 296 -765 256 -534 -269 382 16 541 164 55 -474 -98 78 163 365 -606 302 420 301 594 -141 -419 -310 -441 -273 489 -330 -414 399 19 7 -38 710 74 95 -1139 -284 -46 203 -224 -94 562 162 299 678 -277 543 440 -803 8 -656 -603 843 -22 -1355 79 695 280 87 481 -526 516 83 259 -139 618 -251 68 73 468 -181 474 -362 243 -357 81 142 -536 -820 132 81 -255 146 -501 931 -583 57 -420 -275 -158 393 -406 343 -461 -184 -458 -1750 1104 -379 167 -466 1025 92 143 1153 -122 133 61 -53 -7 -886 -45 814 147 171 189 197 -1479 -214 187 264 -917 370 366 1008 -60 -353 -323 -302 -117 -17 -497 -399 -317 -457 -313 -16 96 -450 339 -736 205 695 25 -139 -431 533 116 253 769 143 954 55 20 56 806 -355 18 -449 637 289 -465 -463 539 -123 165 516 -91 453 301 -598 -160 -132 -1444 -156 764 448 -400 -483 -566 -285 774 -267 -119 315 86 936 218 -190
-269 445 877 302 1091 -299 -701 1182 422 -164 -21 1228 -325 307 -289 -263 -183 -546 3 -305 1381 -248 569 111 85 467 -660 344 157 -443 1038 -487 -298 -966 446 469 541 667 -241 -367 1145 -149 -173 -102 286 659 293 -62 142 320 445 586 -538 218 438 -195 1 983 -212 -30 -94 -88 -998 648 -329 -461 46 760 -314 -20 -20 -63 -365 1380 -661 429 -700 532 -496 619 -472 342 -606 646 -40 427 23 972 -203 279 -22 223 -1218 -151 -141 69 75 -289 -81 154 -161 -432 -344 -313 -158 -377 81 -868 -328 -80 -38 -855 885 -247 -408 681 -865 1259 -44 116 183 522 -1090 221 -608 857 477 884 40 -74 -404 -72 -517 -110 1012 916 144 -668 -105 -752 353 -1050 196 60 -193 -347 198 304 -169 558 -715 69 409 527 -828 463 99 -907 838 77 293 153 330 -783 412 -620 -728 106 -908 298 1360 356 -69 -450 -1794 -912 473 -79 879 -811 -163 -155 -1098 539 28 -397 -195 -864 -258 602 446 255 620 267 -29 743 1015 207 -368 -785
87 -299 611 725 -107 15 943 -63 119 -736 171 -173 -449 -323 1646 725 1109 -371 462 398 -306 -282 159 -204 351 285 110 0 -669 126 1085 224 5 43 -153 -75 1379 -734 -125 373 -161 501 20 661 892 -196 890 -520 293 -161 513 -87 341 -255 241 840 861 554 806 -32 -580 -578 -104 458 53 -1047 70 188 1208 498 -781 394 -426 -777 400 -756 98 378 -71 542 888 828 977 596 -446 -400 -449 417 585 -508 -446 388 402 199 -1365 422 356 648 167 497 -758 109 -219 -606 -97 -400 233 257 -574 144 -267 333 498 -586 -152 -40 244 428 -294 122 350 -357 460 -314 -654 447 -49 -292 -884 540 -784 62 190 353 149 222 263 -510 115 -809 -356 421 11 656 -358 625 1119 -736 -535 398 -749 -309 283 -917 397 71 -370 224 221 -507 436 -439 -494 215 319 -528 851 666 -18 -580 184 86 -174 449 756 -594 417 -176 -736 524 -484 -183 210 779 1106 658 -87 -344 -1075 -1730 295 -265 -245 -514 357 1026 -82 -143 231 -320
-14 335 -740 -1058 -333 -623 -697 620 229 -454 519 -883 -61 871 188 -321 -480 -204 -185 649 -331 -170 -648 -482 -547 -349 792 64 314 478 11 -145 253 -718 -752 -105 384 -376 -228 123 -462 340 -52 -122 -657 -997 -670 -1200 1119 -319 -481 393 35 -493 -439 156 1025 548 223 -6 217 -221 298 -253 -333 -779 -968 146 -1069 617 486 -642 -673 -440 -694 -677 -129 312 462 1220 867 449 216 342 532 14 350 25 1128 216 645 477 -140 -58 -388 -72 -349 -950 648 -134 216 288 -224 622 1230 -329 -1050 -63 -201 -208 828 195 -405 236 -487 818 694 -504 -177 501 588 272 -627 -458 -31 -949 428 592 -703 534 575 392 768 168 105 -15 512 -15 -848 484 -627 668 -214 -388 308 -226 -482 -624 292 -1439 94 167 -47 757 667 199 404 191 -486 -711 -683 -686 -834 -151 761 1356 196 498 461 -751 87 284 239 -540 -396 885 99 1226 -427 276 -164 232 524 -207 -398 847 696 472 -334 -77 733 -229 491 -635 62 -39 -1042 -1073 -20 462
-132 -170 784 127 -123 7 -37 1016 -439 343 126 142 308 -12 235 355 -33 598 -480 84 -455 61 -176 -475 85 -113 -30 263 241 266 -495 207 -188 270 730 751 -1048 -93 -272 -569 -245 92 314 60 350 513 61 -30 870 528 96 223 68 -560 -287 472 594 96 -136 -297 -17 641 -149 -1015 218 -456 302 679 583 180 442 181 -643 377 -208 234 143 -38 -485 -766 -31 337 -1149 720 -218 -1074 339 -287 75 -933 -819 260 -566 1144 598 18 -136 -171 -324 -382 -410 357 128 325 -393 164 -428 -457 496 417 81 -550 762 -1047 -439 32 14 -485 710 -4 -710 387 -791 545 -352 -471 -976 247 450 698 393 153 35 -361 118 -398 243 -469 198 -311 -497 462 -137 48 -1301 509 76 236 -281 207 -440 -114 173 -417 -695 -131 -202 312 545 686 -57 -98 450 412 130 129 -644 1237 95 6 409 1034 -642 325 -711 241 -37 -152 -49 -149 283 69 -882 -295 566 -593 499 824 -1003 205 537 442 458 92 283 77 787 693 421 -255
-615 -652 640 -233 -14 305 -146 77 278 271 -231 320 787 187 281 988 -96 513 -60 180 165 -54 -35 620 65 -718 -60 -920 -80 445 796 -255 75 -607 -233 1353 -556 280 182 323 -475 451 358 140 -109 -53 130 599 954 330 -536 -246 -412 -135 -450 338 1027 479 275 -472 92 -95 -459 441 -17 700 -997 463 -298 -127 -180 691 -22 367 22 -566 -207 139 -120 -504 -5 -81 155 662 215 -247 -522 131 -670 1146 69 -201 89 373 -358 -130 117 790 823 -94 -218 -817 1476 76 -256 679 682 1125 -522 339 -393 -1008 -1115 -559 893 350 516 -587 -41 -258 1203 659 335 111 -116 -36 387 835 -1160 -123 553 -304 1473 71 -554 189 -341 -183 441 -210 141 -544 668 429 519 528 -521 1445 958 18 226 637 186 395 959 -329 -629 -877 -40 1288 -660 -1119 -880 -339 73 -310 144 -192 -588 516 366 -204 -116 -94 9 197 -159 -479 -226 -632 93 535 -610 122 -100 893 -242 659 1885 280 67 384 -219 412 -718 -10 -655 -695 730 -846
-157 623 -970 666 157 498 944 -446 116 -175 478 -1114 -446 67 167 -1108 298 196 639 -208 718 461 43 1234 883 -73 -530 -593 527 152 -134 800 -87 1142 167 811 647 -80 -726 618 416 -788 58 1 -106 -816 -367 497 359 -176 -324 -1167 736 1311 438 593 319 192 50 -435 389 114 -917 31 97 529 482 -897 897 148 -177 528 296 -64 -102 -44 -241 440 -656 -934 -521 141 -227 77 -334 532 191 247 750 572 159 127 -1 -890 147 -405 -686 378 209 -390 308 -604 0 -203 -368 41 831 -476 1293 287 -584 37 -453 734 186 -128 201 -424 -664 -218 250 -755 320 118 -157 413 -560 59 -250 -26 -526 714 -130 262 254 -410 -443 -1197 -143 -583 164 -198 -128 295 212 331 -233 110 102 -285 307 750 -473 391 8 -660 191 246 213 -518 -38 428 69 696 -461 -894 712 193 -393 -337 -670 -564 500 347 414 46 313 -35 -409 229 -136 -258 105 516 261 -1098 -116 584 284 -670 -1037 -568 -142 -207 -803 -205 -1378 326 -689 -44
-88 -305 41 -156 1162 308 276 -781 -604 928 550 213 9 197 97 -109 -755 269 -444 908 -347 996 -562 -311 54 327 750 542 -506 366 878 369 251 -904 540 -404 -748 76 -713 565 -570 20 -330 -252 268 -465 -326 -306 453 -648 1568 -350 -577 65 -324 1072 1142 268 -100 -148 160 335 -487 328 -398 -169 -78 548 -921 -346 57 -43 917 -891 -287 638 -91 -584 703 803 376 234 932 -370 -562 1270 -11 -140 -336 623 -626 779 254 -95 262 1075 233 -447 1144 202 -589 436 -243 44 -402 286 -564 -289 -44 -1093 -333 259 -800 361 115 580 477 -315 459 274 599 659 253 331 135 -235 493 771 40 -449 289 -1038 -9 18 -2 529 -41 -396 529 -132 136 -336 242 -357 441 311 -543 -125 -286 345 127 329 262 696 -63 904 491 680 -644 266 -375 -694 -987 -309 732 -271 -47 69 -487 -247 -165 904 226 -99 -10 -510 -331 1308 221 -166 -1224 555 -1069 212 453 -839 -204 -321 228 385 542 -306 -404 1459 600 -929 80 -158 381 358
360 -105 24 -1 -682 -660 -487 -591 -242 602 381 103 -291 -352 229 102 615 -887 -157 579 352 -451 656 -56 111 -535 -93 622 -79 -514 -1319 -1131 249 -301 -256 -15 223 -319 -578 95 -903 -803 -853 73 299 -305 -174 1197 -575 428 -317 -910 1328 -400 -348 -252 0 175 -151 373 -1039 -499 150 11 -39 -266 -843 -266 227 196 31 -424 -1088 757 -672 145 -586 -467 238 44 75 -228 130 -143 -284 103 -1023 182 -257 449 -558 -493 386 25 57 -94 389 845 471 77 -190 -329 -246 536 45 -360 -1237 -846 38 -299 175 -493 145 920 275 -299 81 183 -1240 293 -519 -441 -893 -37 760 203 241 -1425 -16 -19 -636 -429 977 420 -138 -73 174 629 -1348 -571 779 -226 -29 46 98 95 141 -595 234 -382 365 574 468 -67 -401 326 -48 165 504 12 -398 637 -194 306 -542 432 -1423 -459 947 608 399 -304 -867 271 -645 625 191 132 178 -162 296 -424 733 -1062 -709 -209 -1597 246 704 -683 -676 -458 549 -1232 -399 -606 24 -290 -514 729
1571 330 184 -526 -228 -78 423 508 383 -169 -217 -701 338 -486 397 33 26 390 -1264 -731 60 -483 663 -604 1053 460 -937 -779 -1147 432 -488 282 -65 -220 705 -346 1312 751 127 -390 0 168 -1037 -600 228 507 -738 -549 -196 -77 -163 1158 90 -191 591 97 -122 -304 336 -941 244 -187 -553 250 -510 -779 128 81 779 296 -449 -339 -61 -127 911 -180 124 -413 -7 231 763 1407 -11 168 478 -564 484 495 63 21 -617 -175 -28 306 -26 95 -210 247 132 -21 595 1 414 1037 186 -869 -819 -529 -696 516 -513 -545 1379 334 -260 -135 -271 159 -352 234 503 -7 29 -558 -99 458 -15 517 -31 -229 -238 522 -554 -121 224 -425 447 -507 -351 -8 -837 392 -464 857 -377 -1075 -1098 -719 116 -689 -376 -124 196 311 518 688 -719 -14 543 -296 -461 478 307 -269 426 -67 954 253 -401 -479 -539 612 331 524 252 -84 180 540 310 -814 45 122 307 885 154 -1034 -340 -485 53 -85 -418 -389 283 850 -692 40 -968 821 -458 -978
-722 275 723 -5 -787 975 -728 17 289 -451 337 246 -603 301 -480 409 694 -440 404 -301 209 -572 275 -21 -230 217 -58 212 -290 -433 504 -338 43 -755 -901 -236 -227 -727 311 -117 -491 183 -783 111 -42 656 576 -225 613 407 -1321 1004 44 50 -442 372 230 466 856 -355 145 -24 260 -467 233 -381 210 134 441 1223 -60 -287 337 639 520 -6 453 12 -32 537 -41 -412 507 -583 187 -416 -45 60 -1186 -950 -157 -1213 -254 -337 -29 -526 -87 20 657 231 -175 810 -767 634 -291 -200 417 -65 -203 191 32 336 944 173 731 357 181 703 261 -621 -164 645 -590 306 -587 266 498 569 367 1150 371 -46 758 491 -822 599 138 -523 -731 -194 -337 611 -278 186 -599 -508 234 -997 -525 -352 51 39 -334 -611 273 -607 64 -538 -783 -312 471 -636 -108 220 151 42 -202 381 103 24 -462 -430 247 601 -450 233 -251 169 798 13 77 157 146 174 370 -696 214 -9 389 184 -207 -295 383 -150 -817 529 102 -501 -20 -196
665 -702 409 -230 850 -731 476 295 -496 306 -57 -700 1115 767 669 -34 -751 359 -372 818 714 -141 -995 148 -70 -531 268 -598 451 593 -294 -400 72 573 542 631 1023 -47 191 739 -6 396 244 577 378 -395 -179 1544 302 208 851 -556 -103 -277 962 825 491 -1254 -208 825 -301 255 -297 -304 198 -10 -673 549 -513 592 408 250 -197 -345 -82 -670 574 938 -308 -870 -594 -93 328 -365 60 -530 1182 1240 -141 -560 211 -210 568 -186 125 68 -57 536 79 -512 -179 301 541 -688 707 -158 -42 430 -687 -290 -182 -289 -23 -131 -48 529 542 478 -891 995 -842 931 -104 -709 679 -188 213 314 -131 -183 4 324 256 -549 1389 -938 154 641 1053 477 310 404 -459 737 226 -17 238 -330 458 378 93 -411 255 -132 461 208 163 -569 115 -376 -205 -963 -1088 662 599 -338 -511 -424 -204 447 -403 -405 259 562 -252 -1316 -285 136 187 670 447 -220 -140 -299 795 1483 -763 592 -444 -414 1 -718 -420 697 543 -618 418 363 287 383
-22 -305 501 -36 -287 41 -860 194 -1237 300 752 428 -361 -508 274 379 -19 -269 -338 -237 423 -596 -237 -1323 -471 -266 -176 468 -467 -453 -712 -804 546 -1216 406 -244 335 -441 -572 114 -669 -244 -31 -500 -364 -643 338 768 -68 337 216 -373 -554 396 174 -616 422 91 114 396 -465 698 -997 275 299 290 -845 -971 -923 46 366 63 -138 -261 192 98 -406 -307 407 130 -129 -166 -282 1 827 200 -356 838 132 -262 441 -870 -121 319 595 26 457 821 -286 423 531 856 662 -465 297 -357 297 -679 -12 -522 118 -215 -405 -347 -332 -106 -1145 142 410 -12 152 231 114 -1336 679 -127 -294 26 1416 -173 -614 550 73 326 -281 463 54 -496 -221 -1253 -67 -5 555 398 354 -407 471 199 647 -183 -944 41 -77 -345 509 72 75 -1339 -282 514 432 -692 75 17 -219 -753 39 800 204 -96 -262 -387 -415 400 -258 -575 -183 251 484 -290 60 -427 -206 -279 794 818 -54 -13 53 284 -736 -465 -397 217 137 -984 -451 833 -144 106
-64 -489 -90 367 552 669 656 -381 -217 -318 376 -851 1071 737 805 -684 -171 -161 -535 343 628 -134 746 133 -335 -165 -378 -529 519 -116 -239 132 -275 214 520 269 -387 -415 240 532 889 317 -78 200 -42 -600 236 244 101 -162 963 -542 -212 -212 7 933 -3 -996 381 111 -194 292 -735 -814 -436 -524 -412 -715 400 164 947 -348 801 -885 -383 -145 -37 325 139 321 -133 516 -377 -207 -1525 260 700 -440 1000 379 -143 297 214 -72 72 -375 -810 50 196 24 -205 126 -14 473 -271 306 -37 733 -910 -793 -167 74 -866 -362 36 203 -33 67 -969 289 -96 -137 1001 -191 -280 31 -116 483 641 -718 -129 -283 -617 -380 475 -431 -417 -532 163 776 680 -439 148 1174 -798 -122 59 331 233 393 -197 88 213 268 -290 -100 -344 576 -393 -1146 40 -179 -703 -404 -236 862 -967 -987 -9 612 338 -280 -7 22 -558 -556 -944 -205 -1490 193 230 -975 -1088 -864 -259 -197 -96 1330 -1082 -646 -1388 427 174 556 -66 -342 4 -13 -248 -730
274 115 490 -417 -636 -58 183 -80 69 101 176 -433 -28 593 342 297 -82 -226 236 684 552 -137 -683 919 118 768 98 -128 -115 1283 65 -332 -556 461 495 811 -864 -452 239 -301 -121 -397 -428 -1100 25 -856 101 -610 -617 750 1200 -302 -17 -105 228 -293 134 -267 -434 168 -635 736 471 -1195 -923 121 -816 -56 566 -15 -28 -632 401 405 409 170 -180 -18 507 -256 25 313 96 364 -286 724 -193 -73 158 -511 -1238 -166 453 -783 1334 94 1523 -61 -245 955 549 -166 258 577 250 -944 236 1378 983 1092 -392 -627 -527 268 29 -400 -308 122 -560 349 262 612 402 828 -156 -394 605 264 -783 171 583 -1517 284 363 168 671 294 -344 -445 -618 549 271 -236 436 243 -303 217 -126 -280 183 661 407 90 86 -713 -268 -343 653 -262 -508 -13 -207 -339 -223 202 -972 -1438 102 862 -726 266 -1130 135 112 -413 -585 184 193 -95 -201 -133 -583 27 -759 -199 -160 31 -13 235 -335 -323 950 282 379 -423 -220 -510 272 124 762
-256 319 -667 1060 -664 -139 -423 496 442 -610 284 245 45 372 -75 -320 -56 -839 616 -33 275 64 -214 -439 686 353 -377 1 -13 446 -445 -54 -332 -405 -176 -190 -68 177 275 919 780 464 433 -200 732 453 420 446 36 81 -260 144 -667 -16 432 143 283 256 -289 -616 -356 -449 -388 397 -149 205 99 -178 -552 14 -102 294 858 204 -1048 -453 -439 -813 51 -36 0 402 157 477 -73 277 -423 11 107 544 -273 727 530 185 -635 85 -235 -5 -559 483 -19 48 -880 -536 -363 -1 7 162 -257 665 99 187 -400 -23 -16 -808 109 -307 -462 186 833 429 -353 121 -331 1 102 86 420 -768 -346 -56 -49 -112 -31 412 105 -259 -640 346 220 419 606 449 284 -1017 -328 889 -450 669 702 140 786 178 -233 655 -528 -576 497 110 -1001 225 -41 -448 335 -538 213 210 -857 -440 152 -236 -638 -191 -144 -281 186 -218 899 -85 -286 -206 -691 70 -47 -24 -314 -436 611 -261 128 85 310 505 -920 581 -354 -702 543 -178
596 282 280 21 -695 168 -227 -1009 -204 -842 591 -686 33 -494 -473 354 -77 -155 40 -106 -634 -140 272 -160 153 -41 -65 -424 156 472 -311 -87 -337 65 145 -171 1109 540 322 196 -392 -40 517 43 -594 262 875 237 -33 582 -251 -456 144 -867 644 -185 -646 -777 -33 -1246 551 164 1053 -238 -344 21 -159 -214 681 -659 -209 -314 -503 -275 55 233 -83 325 195 308 132 1266 -272 560 364 105 850 -316 -399 -827 -1033 568 -292 -66 490 -251 105 -220 -330 155 265 -27 -200 33 214 715 -722 -404 -349 633 -664 37 -28 167 -573 -371 -226 775 -483 -75 125 102 366 246 63 -116 86 180 -309 740 311 -1331 52 415 -259 486 258 124 -36 544 46 592 684 -176 172 -63 411 -324 -445 531 -847 -539 244 -340 107 261 -34 396 326 -131 -546 757 2 -457 -380 122 306 111 297 -605 452 -245 784 294 491 780 490 -928 -463 223 -445 -425 176 -351 251 -377 -12 -202 -858 -56 42 -406 -43 235 -49 -271 -216 -261 587 582
-297 -375 -198 440 26 248 -479 -163 -374 890 31 -349 574 -451 -615 279 67 290 1353 100 374 -246 537 -104 -412 571 -764 51 284 155 -686 -104 -96 -124 -421 -122 -537 -1 -108 304 -372 716 -717 19 252 795 1033 187 -507 -211 54 -419 -794 956 343 457 -47 370 -140 -778 -362 -453 281 -221 84 -347 -154 -717 112 87 267 10 380 476 -767 576 -92 -735 60 -277 115 -14 427 699 -686 444 493 717 28 191 75 155 -7 123 302 -323 313 411 -593 8 118 -539 -548 41 -256 39 213 200 -16 -73 435 1128 -610 -14 783 808 327 55 -398 -1170 284 -967 70 355 60 -104 206 -342 527 -617 -396 518 -136 209 138 305 118 -896 -310 -854 132 -241 177 -99 -371 710 709 295 -895 31 -115 -167 -25 12 155 -416 -615 123 -139 -88 689 -189 473 -229 251 580 595 299 679 413 -439 -275 -1115 -101 611 44 -79 478 162 -879 -69 -251 -316 -411 -415 -628 -408 797 -538 -796 -603 -304 -360 52 17 279 -771 -194 -481 -555
-319 -407 -298 -1075 -28 655 115 908 -699 941 99 -249 1259 443 544 674 -22 210 96 58 -515 -37 -1013 667 533 384 -506 -39 -413 1099 459 1150 50 -708 533 1054 -1255 221 -254 -306 954 -180 -19 -496 -669 -443 -248 -152 3 -229 1075 778 -489 503 443 1706 -46 218 -785 27 203 648 -898 422 582 -697 -262 761 1 95 21 -234 -615 212 -261 122 218 -260 172 -358 -167 779 146 -512 -85 -382 -274 -353 -380 -326 -45 127 91 -20 411 -245 -1193 137 116 -509 -102 -1135 -117 -339 -665 1367 -1457 -215 -455 226 464 -733 -139 -470 299 41 266 -307 324 364 429 522 -112 750 -433 -438 968 569 33 -588 498 287 -327 -84 -805 -288 350 119 388 58 -162 -479 -82 -214 129 325 -1016 -79 -205 -287 -244 -653 -629 -637 836 845 -264 635 199 -705 -322 -309 -107 240 -238 215 166 -26 215 -570 458 10 186 -973 -475 720 -778 352 94 -139 213 724 -157 308 283 1184 191 237 462 -480 351 293 558 722 61 -296 -33 -75 356 -722
-456 486 276 -710 -22 7 -261 -703 -89 218 245 352 -843 336 -647 392 -253 895 1128 -235 -350 -547 1439 -28 244 -365 611 511 342 -356 439 213 221 -536 588 -152 -165 270 167 488 69 -164 -86 -638 375 -682 -426 -110 404 -17 -1052 31 -52 -584 212 -225 110 686 338 -948 360 601 -154 864 -273 -748 430 539 -443 106 -155 -47 -469 -148 -784 275 1005 535 -66 -5 901 -39 -60 349 1146 741 -912 285 732 188 248 -178 -753 -1127 -380 509 801 -199 1080 468 -211 -23 99 191 -905 240 -809 136 114 -242 -858 -1169 -42 633 36 -457 112 255 337 -622 1257 195 45 682 606 -148 144 382 -354 384 -500 -794 218 617 -78 41 591 -544 -315 505 706 -185 37 -654 618 35 -245 -29 456 723 292 -274 -209 407 1111 7 852 -221 341 -597 188 -712 209 255 -218 -142 -276 330 870 1083 -429 86 -117 -87 153 631 -183 541 -281 -226 998 221 -285 -323 -392 1103 -44 -186 1328 -31 -308 -421 -449 -607 -261 226 -226 -671 240 832
-402 656 320 -870 133 -704 810 -137 -351 188 -351 323 320 -96 107 100 -33 -82 -773 222 103 -756 661 -129 -477 163 565 491 -763 -182 391 -150 373 -976 -448 -543 -168 470 48 428 351 323 306 3 -91 -44 -60 -170 223 333 -568 344 -186 -473 145 -433 -73 -330 261 -212 307 31 -582 -678 538 884 641 409 -340 -505 -379 550 -964 -236 -187 563 -296 -475 24 -762 -524 -1302 282 -51 512 -1350 -205 -855 -493 -381 -52 -296 -1191 61 282 -837 154 -1015 -120 248 -79 -720 411 135 -628 -643 486 998 154 69 334 -453 397 -486 -645 -396 704 1008 294 -45 -290 1165 -1249 310 231 -586 499 219 163 309 514 1030 -181 107 23 -746 48 -281 840 -1271 355 -634 -472 101 -157 -184 -543 -73 110 -586 -160 233 151 14 374 58 10 -821 -296 509 -580 681 71 -313 267 208 -8 456 654 250 -597 94 683 2189 -840 800 -275 -393 381 -380 496 1044 190 404 246 602 -929 -249 -372 454 770 11 -625 -35 -223 -1124 -76 -123 -828 146
-177 734 -188 361 211 222 -451 550 -208 139 -113 -765 410 -280 -122 452 476 578 390 -207 -778 333 36 -192 1233 127 -1063 466 -837 -562 61 767 -881 131 -75 -765 389 253 65 -825 -489 518 1161 -66 37 -231 748 -902 456 -308 -942 103 -31 40 231 622 170 1205 -653 365 -500 4 -278 -15 130 -137 107 307 667 -198 -1010 -47 -151 308 968 -40 -436 776 1407 305 -130 -750 77 -206 -291 1036 -231 258 -490 208 -742 -6 -174 409 -253 -331 322 288 268 499 219 -986 -59 219 -262 166 524 -114 354 288 52 79 238 33 423 -254 397 -406 -215 -652 411 -342 -154 1236 -951 394 915 358 1125 47 483 -349 144 -260 -553 -555 -153 239 -242 399 160 -438 -403 1456 809 401 751 600 -490 675 2 40 -392 -819 528 683 -752 441 -412 449 714 -1055 1252 381 -624 -3 194 371 85 -194 -213 418 -416 -93 -370 919 621 488 716 -88 -433 576 1017 -77 -303 431 518 781 337 345 -734 566 -529 -250 -13 155 318 -382 -365 -442
709 -624 -92 -308 -848 216 -206 80 -843 -823 76 -128 -435 146 -10 -175 -673 -313 -550 239 440 248 -612 -157 -539 224 815 -390 -427 -484 343 210 233 -533 341 943 -412 526 -137 -837 979 -119 -568 -118 21 -702 607 -44 -260 -68 -402 193 39 300 -197 191 169 -903 -621 -654 456 -604 166 -521 988 577 -60 -151 403 843 86 70 504 426 -328 482 -1140 -621 -851 256 270 -140 488 -291 99 8 23 1077 -237 -421 -117 -366 -365 -40 533 -1081 93 23 28 -142 -408 -429 1309 -607 -501 -279 -85 115 -370 335 499 79 -233 -523 303 91 444 571 -206 19 175 374 283 -698 1021 -592 569 113 61 529 6 -462 1098 -430 -14 -392 638 174 -1409 -297 -98 592 106 438 19 -419 -197 -373 -117 -472 -299 161 -760 -845 42 -136 -897 -75 -551 -45 412 -108 497 -85 -437 235 -757 179 -161 -850 -727 -275 -229 -190 -42 256 471 817 818 -507 -1652 38 -1284 -868 -753 -377 238 191 595 -276 445 68 498 583 -1004 420 636 -745 1058 -172
-276 -198 499 -109 -507 119 -121 342 -588 -91 829 -34 252 -309 489 118 400 176 43 -2 457 325 -323 -745 56 -178 -577 -146 -734 -3 -26 338 -293 -334 -789 -748 279 260 333 666 403 -112 70 -272 599 -300 181 -769 1015 -911 -436 -1508 -1286 -388 -803 767 537 901 -613 -52 365 156 171 -463 -188 -1179 -203 -500 530 751 14 -908 220 -44 -345 966 -1894 187 146 677 696 -262 -57 -609 -900 -408 -674 527 -320 -418 -574 -206 111 999 -394 411 -298 -131 614 -90 -128 72 277 -206 -409 -436 455 -507 546 107 385 -767 12 -243 52 -740 -66 -295 -263 501 315 380 -630 -176 -209 -80 -718 288 86 -306 -272 66 87 106 -246 54 -455 753 -87 369 -111 267 375 -234 610 -429 119 600 518 -514 463 233 -257 52 31 -1164 79 -419 131 189 -9 -417 -393 -235 -22 -48 359 318 281 -398 -515 1099 -1047 -302 468 -613 162 269 97 -75 -89 -674 -377 -251 -3 151 -178 790 -47 -220 256 239 303 211 466 173 503 548 -159 -75
905 -374 -158 55 -1344 -622 207 -565 428 -165 214 330 486 1774 2 60 139 -168 -458 -459 -151 -391 -46 -185 -878 -23 -1322 968 -199 720 -473 -971 -442 -66 -472 -436 -82 487 1437 -269 -1231 337 -699 -448 235 1456 -30 -681 -516 969 464 -123 -1013 189 -701 43 -397 -361 15 506 -355 -164 272 341 -514 740 1249 -221 93 -68 -446 -378 544 627 -386 -213 509 -236 928 -646 1093 368 -71 -123 443 203 -492 -337 -387 -436 -433 231 613 257 -623 272 445 -701 -957 -406 -554 -237 238 315 437 -165 687 -227 -685 103 -711 157 697 -90 -55 256 131 -385 29 774 270 -533 -452 240 74 169 356 -203 -289 -611 -15 496 339 605 -273 -454 459 579 374 153 205 352 -170 -279 151 182 -797 77 -312 0 438 984 896 -392 -257 -463 -333 147 -959 -165 267 892 236 -1115 1159 -957 178 -508 708 476 173 -513 142 -915 711 -7 577 479 508 348 42 -222 561 560 -370 87 -43 -648 723 753 -810 -52 206 -264 -302 529 54 31 241 350
-274 -615 256 170 263 299 181 -201 656 -993 -90 -1001 158 94 -645 190 -179 -140 -43 -528 451 -485 -362 276 361 -326 -524 -133 -84 1210 -376 155 97 -442 304 -699 207 -303 164 -19 9 -894 -769 162 331 31 197 436 569 -738 749 -114 -114 -312 45 119 923 683 25 -79 -851 -217 226 15 244 -1019 508 204 453 966 -38 -809 1079 -193 353 -7 345 -159 1188 842 -117 -550 -678 552 707 406 163 203 123 -365 91 -65 685 463 64 130 -100 -963 462 832 314 876 476 278 -188 257 8 609 -539 464 741 -214 -49 258 -353 210 56 -955 -394 -4 158 411 261 409 -243 -851 771 -10 -547 327 1263 -361 -71 -91 35 -146 226 429 610 458 -150 1231 7 478 -420 -374 139 1 183 -328 -196 -551 491 352 384 -542 267 166 161 -1231 -182 -868 336 612 -405 -933 351 529 -231 -544 853 125 -1547 -897 -375 -417 -365 -150 -438 332 463 -294 -555 -1099 48 480 101 684 856 551 -284 702 704 -146 -102 544 178 421 -274 438
-6 15 -443 -439 678 281 83 34 -1126 -180 -677 -117 -226 -701 -587 487 -308 -109 -258 56 -54 -259 573 1273 1082 97 15 -225 761 -210 -658 710 454 202 -252 224 -222 -390 -861 -44 638 -611 -142 322 1202 -562 271 103 -634 554 178 -840 -366 934 -679 -654 -610 -554 208 372 -152 394 -326 212 -560 773 592 -499 44 71 388 869 -537 61 386 561 913 -10 -98 -537 -712 -783 -243 -62 839 359 -418 669 485 -107 236 -173 -442 -319 -360 48 -156 494 122 654 893 510 -729 170 -517 -618 333 -263 356 186 448 -379 -73 756 -157 237 -469 892 425 167 23 399 602 219 366 -32 -626 259 -838 -220 997 350 311 -143 529 -249 -593 -18 643 109 803 -527 399 -191 284 1375 491 690 1131 -634 421 124 5 -130 -889 -86 -489 92 610 -155 287 -986 -1079 6 -632 -1078 -403 -365 509 655 127 -465 -262 1422 320 -1021 50 -260 622 755 207 6 -151 185 -171 1206 -233 -113 537 26 -248 -181 -14 84 -564 -355 -219 664 -189 -126
50 479 -394 253 172 298 498 27 -1019 401 598 269 -684 135 315 -536 -987 -484 -244 -120 805 524 568 379 -290 372 112 -519 -473 -378 1659 -95 -112 -236 240 -794 -7 -621 -626 424 -357 97 923 -356 717 -392 -50 171 -161 218 -577 200 69 -168 -1144 16 -369 246 488 -92 244 -543 -789 -272 -452 623 -201 1 561 -379 -275 425 -581 -82 189 -894 -746 -291 -309 522 -276 -136 -891 -214 -463 1361 -541 212 402 -354 -44 -26 298 -740 221 665 682 -241 -34 32 218 702 289 -334 53 -862 43 152 413 -349 -472 -452 -26 35 637 538 -160 -740 -259 350 1176 689 356 -569 384 -411 -690 729 -2 -168 653 940 348 -435 257 -197 -1004 -95 -163 380 350 -688 317 68 252 -562 -745 563 72 -185 871 -241 428 -316 485 106 -63 72 73 767 -37 -281 199 212 -303 973 -110 446 -1083 130 -436 173 -486 109 -6 -285 -6 11 73 -255 216 23 -127 -109 188 -280 101 60 301 351 -363 115 70 -80 -19 892 -265 -310 -742 125
-473 -310 -51 974 -228 497 -305 694 300 716 561 -189 247 380 -386 196 -823 548 254 937 567 991 -172 -778 -136 -12 78 179 389 155 111 830 410 118 -632 -190 -18 475 296 906 -119 1430 371 66 367 525 350 408 -698 -196 266 368 -618 -543 -55 -434 299 1099 566 -155 106 -575 -49 538 -33 162 -312 1071 900 157 -75 1532 706 -478 -749 -1086 -1132 364 613 440 842 326 956 -932 497 -301 -37 683 -177 -104 644 502 1114 -180 -867 655 -759 -906 741 409 554 -506 121 -304 420 -253 641 514 -317 280 -367 1161 -327 -431 557 -468 416 -1091 -447 -263 892 35 -136 -658 664 -655 130 1362 -101 -134 -667 -1254 445 -177 31 465 328 888 -461 980 -767 424 825 -417 -95 -24 65 77 264 355 533 -453 -25 636 -6 -735 -392 -577 436 -213 -891 -703 158 -45 -250 359 186 109 -1242 -416 338 1444 359 -566 -328 -728 -684 -822 -270 -498 -962 -19 -255 99 243 93 409 -409 640 428 -156 -95 423 -131 -191 195 398 167 398 282
-257 526 -472 -678 260 -26 -491 -796 605 -165 -572 -346 -691 -765 -351 230 -111 213 648 -714 1010 -339 435 -194 490 2 -207 -924 606 -366 -95 -186 -209 34 386 755 -228 -351 7 382 143 -789 -367 208 -105 -415 -161 -553 -281 826 -1019 -173 -538 1002 -348 -140 302 -397 852 -452 607 -591 -286 -841 413 -218 -578 -717 280 195 793 -556 -495 -154 -20 -324 379 -542 -36 -280 -73 -8 -16 750 -249 890 -165 -207 -213 -27 549 502 415 766 175 -269 44 -160 -506 -130 502 516 -462 244 397 -196 830 -587 81 -156 -1427 95 795 392 -607 -299 -438 510 93 390 742 264 -77 165 162 -204 270 -190 -1081 12 -192 -460 774 -164 -1146 -291 -365 -1012 -4 618 -3 950 -633 351 -627 -444 237 1275 -439 567 44 -489 78 1219 -1127 -1437 -46 -724 255 -232 -387 -532 -412 -457 49 -653 675 859 129 543 1 -104 371 -347 178 -882 -210 679 240 999 524 -682 362 437 273 -1046 -421 931 230 346 477 -558 836 -754 66 258 -1072 63 403 -735
16 603 699 -238 10 -592 25 -132 424 505 601 -264 -742 532 552 893 526 559 516 -196 -895 1147 127 -859 351 452 226 803 -1027 -626 963 -394 -241 -343 202 64 265 341 224 592 443 -407 345 -21 -931 -157 -644 -974 -27 198 165 344 1022 129 -185 -162 231 -460 743 -402 -181 -114 -67 -106 36 -812 -302 -402 -484 125 168 620 39 -246 -359 -473 -146 566 561 -621 632 253 369 605 211 580 -530 262 723 774 -37 302 -100 -472 230 364 219 1144 19 -28 302 110 109 745 726 -427 845 -114 710 106 -13 -256 -311 -671 256 -297 -484 -1504 -214 330 879 180 178 598 625 709 284 -667 -314 -151 -421 -239 437 228 -352 -127 -128 -491 -222 820 -340 64 -864 528 92 120 158 333 753 84 432 5 -276 663 292 282 -311 860 605 -23 154 -52 180 -683 484 41 50 -87 837 233 131 377 581 -75 1037 -253 515 310 -322 -579 -654 26 886 260 900 478 -429 257 177 -303 -597 -71 -1021 405 1102 -169 -670 -159 -141 512
-645 4 -430 -255 -418 -73 1159 -360 -540 -205 -218 -531 -275 439 317 82 4 217 -66 -714 498 -696 256 -182 1 8 -413 472 526 -25 -386 -761 -502 420 466 -204 334 436 568 -604 92 -862 -111 312 84 206 -254 80 398 574 835 71 127 540 409 -104 -602 -228 -806 1053 215 281 856 733 830 1460 122 162 264 188 -631 -245 303 863 424 -495 61 677 -172 -235 -960 -247 102 -395 214 530 527 -732 -434 43 1190 -487 -626 573 486 -610 162 214 -1223 -185 1106 71 567 816 572 -1024 1009 281 -703 250 -375 366 209 -49 -825 -77 -246 -264 -62 -890 546 -1011 -547 460 -124 264 -10 -449 -1014 -120 -524 89 -411 68 -266 521 -463 188 -369 151 -29 -818 -855 -899 -599 46 215 -89 178 -148 466 772 401 -678 -416 -42 483 -25 137 -89 -14 1152 122 -589 81 10 632 -28 650 -1221 665 -47 -206 438 -261 997 135 -234 2 -277 235 534 -641 -239 60 1139 26 -650 1194 275 243 956 197 -493 526 87 -210 333 -219 -130
7 427 947 -623 413 44 -444 155 -135 440 31 160 -994 -587 -141 -62 296 1536 484 -401 437 174 529 -685 -649 -507 -895 -330 -219 -1076 113 -585 -121 264 -376 550 416 411 -92 907 127 111 -463 -285 -376 322 -795 228 450 152 -315 932 -395 -774 -239 -74 1079 354 612 -12 -597 -569 -477 199 268 -1042 -900 263 686 835 -831 -320 602 279 387 307 283 260 220 58 433 -382 -347 129 656 72 181 -159 247 748 383 -612 -766 525 229 -39 196 -105 -317 -859 -529 227 591 37 -100 -866 585 -240 57 -387 -304 -244 379 -123 301 -543 192 -1245 355 -199 -245 222 -2 532 906 1094 -124 344 -335 -23 -915 -352 703 -22 -288 -573 -97 -554 -555 -90 278 -106 43 489 -117 -74 -693 463 207 -69 337 88 -454 -437 505 -678 235 -42 33 298 48 11 38 -356 182 610 449 -501 34 1084 26 757 -387 -422 243 -76 -534 877 -1670 -1233 655 -92 -396 566 484 473 131 -1058 919 298 -324 -559 -843 -277 290 227 -897 -232 -17 -15
242 298 -890 86 -1417 -28 79 383 -25 -630 -238 -203 -443 -338 903 -167 -208 -658 658 532 -763 -719 -598 -114 9 -19 314 -565 68 644 -75 56 633 -709 2 580 467 -379 467 785 -208 627 -14 -69 398 455 -316 -66 1229 179 -791 559 -421 319 -280 56 492 -160 -82 -75 488 162 -248 -568 -189 -145 -378 283 495 -37 583 202 236 492 267 109 -70 86 -789 -158 92 112 -346 489 -1370 608 134 -1503 -181 45 -875 237 -160 96 -265 -333 -277 483 -578 -166 -49 64 -952 -485 -581 -354 148 254 101 -333 -193 169 -219 -789 64 -712 115 100 -649 -448 605 769 33 610 -255 414 -728 76 137 558 443 -7 325 354 156 -95 -709 130 415 15 -151 -120 -390 643 -329 -403 834 -185 180 -399 -324 270 -84 179 -378 -945 -178 118 168 170 -571 596 -526 481 68 -75 329 -47 -145 19 -554 137 -89 115 -246 54 135 588 -643 362 78 -1 80 458 -479 75 283 -72 -75 472 -177 332 441 -25 114 121 167 -170 -68 400
573 1129 120 -219 238 264 -507 471 -621 936 -109 78 -732 21 172 -236 412 242 363 617 -447 688 384 -1506 -512 -399 -97 -223 381 -731 275 396 -291 457 66 -24 -80 551 -307 -1061 -1507 -109 167 626 -622 26 493 422 -164 -960 284 635 816 256 100 709 697 -493 -616 183 -443 -1015 -3 -4 -5 420 186 835 -24 6 -654 891 -189 32 355 -175 -192 -37 348 -1143 -420 359 473 -368 938 -818 -395 -284 499 507 309 19 746 87 156 419 62 148 -602 -381 31 478 360 256 -186 1119 836 519 -10 -436 125 1175 372 -413 -163 275 -372 -542 -324 33 299 949 102 -395 -64 -285 -599 -386 141 -185 -535 -214 1071 -46 220 901 -154 -73 654 1206 24 231 -660 256 165 274 143 -516 -478 539 1216 -432 523 250 845 85 -455 383 709 440 -310 -741 -257 -539 -1445 -202 797 502 -369 134 197 299 271 -273 -356 -152 -42 -700 -85 446 69 596 232 -761 522 407 -230 162 61 169 290 -1457 -1336 -98 110 60 353 815 -2 853
-161 424 343 -129 410 -557 521 6 55 67 -444 -409 586 273 86 -172 151 -428 -582 238 206 611 -596 -101 494 -670 -632 -59 -1265 718 -541 -60 294 -628 628 -55 775 178 621 575 -322 294 8 65 -83 -565 -122 148 -167 304 160 -691 46 231 -444 -104 -826 -265 -747 41 306 73 -296 405 -314 192 115 268 576 -803 665 -286 -431 246 86 736 -605 547 435 207 135 -110 -527 483 -514 -54 756 166 44 474 -360 713 734 197 242 80 -614 -804 -61 -490 -223 83 1304 -733 580 -13 -72 -283 -201 514 406 -1388 385 -598 525 145 -235 728 -190 367 65 601 176 349 -209 290 583 -141 413 -850 191 -382 223 437 -325 -416 19 -688 753 -832 265 -78 -229 13 648 665 341 859 -513 618 745 -93 596 -67 278 922 -853 -752 409 91 745 -708 311 -514 438 -374 -1023 -654 -133 910 872 46 -653 -337 -408 -311 -780 851 408 95 978 542 -44 617 382 338 -94 488 -125 262 -810 346 48 698 -625 -304 991 1543 287 -359
-26 541 -534 388 737 615 5 -115 -258 -228 281 -47 59 1256 155 -16 248 29 -164 12 -174 1208 437 -262 -594 367 -83 326 620 -730 -560 734 22 584 -341 -313 273 -30 -31 307 294 640 707 158 -289 -60 227 -235 -963 -421 -767 12 851 212 -644 373 502 558 -265 299 -116 -963 -391 -443 302 335 121 -125 351 -473 -309 237 -331 -116 -655 -903 341 -221 219 9 -66 -301 690 23 155 -226 990 795 776 -192 -26 -181 223 736 -567 -2 -684 -485 -126 134 5 197 -837 121 205 823 -61 152 323 -251 515 452 -219 194 -581 721 -876 401 -405 -110 780 -268 -106 -584 -788 183 -447 -229 -138 305 -139 130 -218 440 116 -30 -294 719 187 488 234 12 310 259 -707 733 -150 121 120 -178 -600 109 -218 -759 570 -49 81 -99 -650 -175 235 -28 -130 -215 -1247 -429 -63 959 572 -584 387 -857 503 -239 358 -226 674 236 -261 -776 29 356 958 188 -740 1020 1276 -112 -20 -415 -392 -203 -405 -442 -448 691 -33 -132 -40 -949
508 -999 564 558 33 -667 -936 -290 -123 264 -1209 -201 -9 -399 389 -267 697 502 -597 262 -374 74 -145 -380 -95 -51 153 -1030 -53 -88 -684 -160 2 -269 -95 797 -641 145 -395 -536 180 146 -118 -569 -315 -108 -943 92 562 541 327 726 -106 175 455 894 126 -125 135 59 339 693 -913 446 426 -166 -1178 -55 387 -464 384 -629 306 -757 1328 -226 925 -663 -1023 530 301 283 -170 95 -104 495 303 -348 -173 353 347 -508 616 150 -768 -27 -176 -187 222 -181 550 129 -299 328 -81 376 -1075 -19 -627 -523 548 -709 330 445 -655 90 521 -164 697 762 -257 341 116 874 -566 -177 481 444 333 -606 19 1089 -276 -434 1324 -256 201 167 541 -826 -705 -824 -280 53 731 -112 -1035 742 1462 -781 -277 599 85 782 341 392 954 -999 -238 252 -724 -429 747 403 824 567 466 415 -595 -662 -208 -657 339 -740 -656 119 -565 387 -724 28 -398 -793 414 35 -1279 36 -259 709 -145 -892 -24 341 -337 442 59 -751 -761 279 134 -401
-507 -893 451 224 15 173 -44 -198 -392 -13 1098 517 349 -175 134 400 408 161 677 592 -200 -980 210 12 197 340 71 488 431 -107 -432 36 17 -292 -664 825 -41 -263 -902 -455 -361 -335 -8 -706 324 97 -853 843 563 964 -154 85 -251 -853 301 637 208 630 -1010 -135 37 80 -75 969 201 -972 167 6 167 1038 -479 172 353 -212 245 1216 200 -726 573 221 -4 -65 544 227 364 -430 -67 26 -258 -142 -75 -119 -362 777 533 -397 1150 -729 549 368 693 -957 255 74 -988 261 171 -91 -1211 -282 -347 219 -483 439 -22 622 -49 -346 268 -995 95 889 -94 857 929 -786 145 932 959 -277 -608 -569 724 -92 -457 361 -61 213 -605 -641 -327 396 136 -1191 -231 904 226 -279 -414 -19 362 -372 151 -44 1118 52 17 -114 223 1001 -128 -751 -228 270 496 -106 797 1056 136 726 -1047 -266 899 -106 -323 -303 94 -585 -7 -102 254 83 -375 -187 -155 339 621 -239 610 -461 865 776 517 525 699 -382 489 -379 1155 -198
-558 336 21 637 243 300 -154 -646 270 -188 360 -171 191 106 58 -881 -187 -105 284 669 1162 366 606 -128 1222 568 -321 -382 -6 802 115 -408 -987 803 -876 -213 746 -95 -449 539 -481 94 -115 463 227 76 248 -55 121 57 3 499 270 321 452 -1154 -680 -69 -356 143 -3 -683 -18 -41 711 327 -305 -272 520 -308 -152 16 862 -65 -505 -164 -488 -647 -774 -273 561 -597 298 -588 185 937 113 -307 317 -255 -400 428 -25 -571 1006 691 -341 795 -487 -293 -154 -492 -504 -1049 -316 -581 150 -480 270 350 -695 275 366 1151 -523 19 623 -607 175 984 -62 -866 -14 342 -437 96 188 -122 291 23 -527 1241 -395 -155 837 466 -515 -238 299 -557 325 561 339 88 569 -530 -134 -614 276 107 187 396 -935 -1259 872 461 591 210 -509 224 -488 472 498 188 -341 618 881 -792 119 531 -605 -95 23 248 -16 890 439 258 1327 -259 156 -291 -114 -386 567 57 -383 -144 -227 -510 211 417 -279 -434 -25 686 -234 113 32 310
-430 734 534 -299 -630 116 294 147 -530 -626 -74 28 -414 484 57 79 931 -1 -844 -569 -1400 -137 -599 399 -164 -282 -339 -149 -746 -154 138 -420 -65 165 -894 -361 -37 -249 184 -1092 -656 -221 244 675 743 228 -338 -476 -224 90 -479 218 579 -149 -1021 -431 -189 -252 -501 998 1016 -73 32 29 374 500 655 57 256 -710 378 -100 -377 125 547 1164 494 1357 734 339 -485 -566 -519 818 540 -71 -637 100 -259 -232 -188 530 -77 -51 280 484 -151 -566 300 221 -454 -838 -534 -260 -87 -251 -136 -19 -10 -34 305 -430 -183 371 -243 -553 705 -157 -145 -121 -246 60 -48 1065 487 -611 -532 -510 166 592 858 -828 -605 -132 -360 527 283 197 522 307 597 752 -339 -121 -754 174 -798 134 -496 -195 628 -102 186 -1384 -178 -197 -265 -223 -661 20 479 263 -441 492 52 711 322 -1052 501 -13 -323 -604 -422 657 15 316 498 -510 -862 747 793 135 93 -341 443 -56 209 93 -332 -190 37 463 -330 -310 -57 327 581 -431 -166 114
136 -300 -26 -379 393 -132 -409 -557 1200 -192 467 283 -255 19 -411 -1000 398 -650 -964 -998 495 -217 -417 -6 -548 660 459 402 -378 368 -525 76 -145 -727 -22 281 70 262 165 130 421 493 -746 225 616 -357 -636 -632 658 34 442 -359 699 -11 -241 206 -346 -283 819 -537 922 267 -296 -518 539 613 345 -860 -582 -283 1007 439 682 675 862 663 944 626 -711 372 -545 -25 -49 -372 -93 -474 381 -39 -148 122 -480 75 9 349 -354 65 -196 75 82 823 -252 420 882 -104 7 -504 -848 331 562 640 969 -134 275 22 767 159 -608 342 271 -1245 -278 355 -197 -523 52 115 -239 383 764 -902 197 251 96 -509 773 -268 237 247 575 -1176 59 332 45 139 576 311 -219 -848 219 -794 -599 115 122 -303 -313 -481 156 599 -370 -60 3 75 -413 461 110 -319 151 -380 1072 -1150 -423 978 -546 -138 -41 1025 447 -272 -199 79 -294 375 175 -368 -150 -909 996 -69 -235 232 -536 -153 925 -508 -278 -581 -206 750 79 30
-401 814 -511 -627 -205 792 538 301 248 308 -676 -1463 972 564 -648 -6 -490 -374 -520 230 -94 -251 349 -665 650 -869 -520 4 -659 143 -411 103 -175 445 -837 -450 -90 -275 -372 -101 -1433 1123 4 891 -193 1049 1164 -1025 -145 187 -25 1204 545 -890 -300 -632 136 -243 350 -266 -787 -75 816 -492 653 706 176 -191 783 -79 461 78 -18 -253 297 974 -742 -712 -39 -261 623 929 500 -207 747 640 -190 -1460 480 -497 -390 104 666 -819 1005 222 614 -561 53 -75 15 161 -471 101 890 -6 99 -961 -765 -125 226 1022 35 -523 640 243 445 -91 14 429 565 181 537 -707 50 -382 -468 -763 647 -164 933 -19 591 12 221 -148 428 273 730 363 883 751 443 403 -460 13 522 -599 -128 406 22 -511 -28 -265 409 -92 -75 227 346 4 515 166 -1654 601 -133 70 -517 431 -240 803 68 -622 -121 266 433 112 312 -232 -247 -438 -389 49 141 -195 1023 -388 -463 519 -467 -340 9 -655 -796 260 -651 -474 -262 -932 -616 -438
438 -565 -752 306 640 99 476 -102 -441 -255 161 -647 210 -1187 -350 109 -45 -188 -176 -190 181 83 413 -60 -30 8 399 411 -149 140 -771 513 782 -53 507 -366 89 760 196 544 60 -94 10 -257 -334 -691 -33 446 329 86 884 -394 107 492 417 147 -761 -146 -25 7 929 165 70 -16 -16 267 -563 -644 -485 -1429 -465 205 -306 -93 18 225 865 710 -476 -408 -671 -351 209 -15 -614 576 224 610 734 1579 130 590 -295 62 114 229 -315 -130 -39 357 73 115 379 -12 974 -418 296 -62 163 -360 731 -157 375 240 30 119 421 -3 -506 -739 -910 -513 -285 -112 -84 414 496 691 185 -552 -476 -980 -524 -2 -748 -219 -1001 -624 321 -526 -151 -802 173 -137 158 118 174 -84 -216 -474 994 276 288 -50 -186 86 -269 231 636 664 540 10 237 -607 364 -151 -99 -153 332 96 959 900 123 -601 505 113 606 279 422 213 450 112 -315 306 573 127 37 993 381 187 -133 414 159 358 -332 1020 506 -203 144 320
-341 -357 822 92 -75 138 180 346 -110 139 -398 328 -368 -206 386 -266 241 -221 376 -280 635 -357 493 524 1198 -132 99 105 117 112 644 -1007 -719 -353 -266 -822 -698 -1237 -540 -222 340 -520 269 555 -681 45 592 -886 4 -2 -503 -71 -112 36 -13 -393 361 1173 -112 101 -56 -503 -144 -354 -298 -410 -252 -716 -158 355 -460 388 615 791 690 503 18 -343 -767 70 -537 -727 -666 471 -822 373 -1918 -587 119 112 -353 50 164 688 356 228 -113 441 193 1009 -197 803 -791 485 65 -412 618 -233 550 -304 909 97 -265 -336 -941 1018 -163 -820 -216 -231 453 -549 -159 -79 -496 -76 -405 -551 175 -6 -364 322 -81 601 -268 325 -655 -655 -1338 -401 353 406 -725 527 354 191 30 -161 94 -153 586 345 377 407 -1321 70 -1014 -130 94 885 161 -18 -428 -804 57 245 -326 -504 -367 333 92 513 -1261 112 529 -242 178 -93 -313 273 -77 -381 676 -654 -475 514 -760 148 324 229 -465 392 436 -768 406 463 -142 -844 -1248 1599
569 -406 -389 -554 -29 652 328 -610 -493 -1032 -179 -247 -151 936 -478 -432 -178 -97 787 438 -407 173 -444 -316 337 -651 490 -162 279 506 -210 256 412 -852 684 376 275 -586 -978 538 -411 -758 39 -610 238 -270 85 1350 -146 -393 -246 -950 137 -907 441 -404 875 173 552 144 -420 -14 392 453 -852 -199 8 -964 -367 -763 -646 -355 1007 -1046 1082 516 375 223 -289 955 -682 -418 184 133 235 1162 716 483 838 856 -235 -438 102 -485 1 -12 148 44 18 217 -92 13 -917 -210 -304 119 -254 510 110 257 249 -144 -153 -535 15 580 517 -341 -488 -596 -214 -321 962 -352 -196 511 25 239 499 -276 -352 -203 -614 5 664 -399 149 307 -6 456 -26 77 151 -928 877 604 1109 -1105 893 -379 -176 -146 38 -686 1369 405 873 791 -1274 -234 981 -261 16 995 -820 68 -379 283 -182 200 -443 -318 554 -85 -365 70 -657 -596 -196 118 191 252 1117 -1128 633 784 367 -57 410 -843 -101 532 -1196 314 703 156 314 -352 -80 425
136 -258 -1198 -57 -846 -162 368 581 -522 -173 316 -420 -237 -349 39 -789 68 1001 -197 528 13 278 -98 70 76 -1055 -451 510 602 43 -412 56 693 262 -159 582 -582 345 -474 -68 448 -57 536 -530 55 181 -268 160 13 -721 231 244 86 -350 564 171 -562 1450 49 50 278 -269 -39 599 53 663 -73 504 743 -742 -429 -320 -579 47 -417 156 223 -312 -471 -55 728 -230 156 -1189 553 -70 -81 -790 701 -247 -347 -873 415 -613 -1098 887 -86 117 -224 -69 678 -646 -298 183 -526 293 -856 643 16 -583 -897 -411 40 -72 -737 -621 -33 925 474 -523 576 -428 16 787 512 237 -969 613 -237 -499 -322 -986 84 -204 -14 -345 -426 -144 160 -481 12 -620 -612 -314 -749 379 338 534 48 -1029 -1124 136 -398 -70 -74 -159 -29 -423 -440 24 -1090 -223 -384 446 282 774 -908 165 150 417 717 245 337 -254 558 298 972 -132 -777 78 -709 144 -608 -764 181 -54 136 -181 -112 -298 -470 -691 43 -685 -84 -278 -605 -132 78 -807
-697 -97 -27 -351 401 353 345 214 -431 -187 536 -1071 -248 -996 564 -384 -475 -247 665 -372 1908 359 -164 289 -228 1075 535 660 -160 -690 -139 -296 106 -124 483 333 -104 -399 118 -672 35 230 1004 125 1117 -7 -555 -16 -802 -109 401 -784 -302 772 11 715 -568 -259 71 844 686 410 -460 458 1104 -1076 -341 -386 -30 -372 -25 178 -211 -126 -129 -311 104 -289 -698 100 -224 -143 270 -720 369 443 713 1380 -435 -315 730 192 -995 -716 -223 -689 -468 -400 84 617 528 116 -128 102 -151 -622 632 240 -262 197 -548 498 743 575 -348 41 173 -430 394 -829 263 -513 7 -59 -7 -84 347 182 172 -445 -1322 -172 -886 204 448 -652 408 532 180 -760 60 -570 56 -664 276 -11 375 -7 152 903 890 -6 -431 -4 388 90 396 105 -343 -66 -17 -138 692 -340 400 -488 115 -670 529 50 -376 -87 -320 9 -458 217 -250 530 49 732 -421 -455 -291 -227 -966 -535 597 255 305 -271 -72 -359 1171 -637 -392 -698 93 595 -330 -142
246 86 -210 487 -473 102 30 398 137 991 768 -1087 142 -1074 422 357 -450 405 -261 -1400 -353 -387 101 2 -173 130 17 -508 235 493 387 229 -88 115 -263 -227 -1186 -216 -366 -851 -275 734 -7 -716 1066 1228 -511 1179 449 -72 -173 244 -271 -1569 -546 205 53 -53 -681 -89 -88 -151 186 -1059 -367 -167 3 -614 694 731 1269 868 185 52 -172 -10 933 163 237 -375 179 -326 -41 -399 -578 -1208 -91 -1193 542 -1109 145 -72 -346 329 320 -535 -449 -80 519 -107 -493 574 -400 -250 232 -144 129 1128 -227 -166 -441 1306 -396 -374 290 -202 -334 401 -305 -1478 -694 -567 -52 -663 -138 -761 -562 777 367 -396 -65 -156 -21 189 -557 -1165 -11 27 102 -677 478 -118 1348 586 258 -213 90 770 -92 -64 431 562 -443 329 -500 -157 -17 -121 -802 -197 -775 -56 245 -344 -395 164 688 270 -833 372 65 51 -495 -224 -174 395 -479 183 -174 -645 998 915 176 810 594 651 323 -172 528 -207 -198 565 -75 228 -160 249 -49 329 155 237
-652 298 -400 815 -90 -183 1253 31 -437 -623 568 256 182 -129 685 667 191 288 -50 -160 21 140 107 -525 -137 695 507 -210 -452 -839 1305 -155 430 1119 -60 -310 146 86 1068 772 211 1095 -438 308 -25 279 52 416 159 -596 -541 -1087 -255 607 -297 439 -465 -62 -987 98 997 226 46 -243 537 448 -270 1 1373 316 -311 -209 -70 -802 201 170 -289 -489 900 527 424 114 196 234 -258 -135 -407 -218 249 -1237 -584 1093 448 -792 154 249 -361 -1157 -644 1030 489 684 908 -349 432 -203 773 184 -881 -134 -864 -84 -590 59 1052 -160 545 -55 102 -259 312 -140 -389 398 -505 -399 -356 937 -33 213 -58 -95 192 49 -1562 -227 14 461 -73 -224 73 1127 -1242 -390 -171 784 314 -596 -450 -133 89 -140 -153 -573 687 -219 -23 780 491 -443 -401 656 -5 -564 551 79 305 1128 269 -24 -293 419 204 -124 205 -484 733 127 -1330 -1166 258 627 -469 420 -64 -370 -100 -331 -502 182 282 883 -174 -380 -208 751 -378 -150 -64 -494
472 276 253 -659 -118 636 603 -315 25 -1088 -35 -239 445 400 534 91 1037 -320 -183 -128 707 -94 308 259 -648 515 31 353 -1244 61 -614 -461 446 -246 -203 -213 370 -105 -190 35 63 -152 120 170 334 -83 155 4 317 532 964 -377 722 188 54 -836 -877 -222 504 188 74 345 203 -240 -94 588 -425 -361 404 -305 -236 -145 -1195 -276 208 891 -1229 -523 189 -756 676 493 -516 -1024 206 -106 845 -463 248 -415 341 -168 -426 -146 602 -562 676 -271 -452 689 -752 -255 -760 -139 302 -382 -556 173 198 340 -174 67 591 -159 -505 265 -780 -34 151 164 -845 -560 -608 -287 738 15 237 493 327 -3 555 -220 67 -324 6 -1 407 -380 764 -811 -44 223 -467 737 -274 -868 530 69 468 -473 -449 328 -499 -698 -82 -548 180 -1334 -635 1026 -675 466 -691 512 -549 -574 498 -1166 934 103 -104 -610 890 523 -336 446 426 -116 745 -175 -141 -230 -417 215 268 226 421 -147 -707 717 -233 621 -665 -932 -354 15 -339 790 -331 -874
-1095 -25 202 390 -533 -436 -284 88 220 90 207 329 484 -629 214 1062 200 -1087 184 385 239 354 -465 -245 233 898 622 101 -974 -117 472 -138 -448 -1098 -1221 421 -672 -785 340 723 -124 281 40 662 116 -647 -74 302 -297 258 -102 -230 222 242 35 98 -116 -231 594 -45 270 -145 -1263 379 578 -511 88 -193 -258 276 603 -911 522 -105 -495 153 651 -926 82 546 110 -411 -26 -364 197 -466 -997 420 -1491 -232 -28 17 241 -127 877 171 -262 -350 391 1185 -208 387 -296 -333 -429 133 75 -199 126 537 76 7 -858 -596 205 -111 379 -916 17 -498 -334 -418 537 -157 878 -21 825 -309 311 -180 340 -292 -396 115 -341 -412 -748 39 -1031 -1060 436 773 786 339 -37 -16 376 -475 315 -258 430 348 -773 -212 -509 -59 1172 144 -912 -34 772 324 304 423 -92 -691 250 55 448 138 -132 381 -220 95 917 -237 5 1073 161 58 -308 -844 753 -117 126 -319 469 427 -490 -29 969 -16 410 -190 -153 -34 -390 -423 87 492
248 242 -133 -360 555 -399 15 326 531 1070 347 484 -681 926 -729 550 -525 375 -282 716 721 720 1126 -405 -248 -448 -785 19 381 107 187 8 660 249 -322 642 -622 -1244 -440 -743 -374 650 59 1078 235 -316 -311 -1178 -1018 -640 -1014 178 -479 792 -660 -747 -570 -538 -280 -305 -192 1072 -1047 164 -299 -54 625 7 12 -291 -160 496 394 426 757 -885 275 -1022 708 -193 237 684 -209 186 1224 171 -70 -84 -62 -253 -228 -591 61 423 402 1044 1220 -222 -327 270 530 396 305 -45 28 65 107 207 -948 246 -304 -1 -461 698 -3 1644 -115 208 726 -233 890 -267 -31 765 -80 55 474 936 -858 -860 -203 528 -240 -46 1214 -36 310 251 237 -579 399 -197 -244 459 -1655 368 -247 -261 -530 146 1536 -37 -89 359 -15 85 402 -263 605 -94 353 212 -88 170 -210 -201 429 456 -170 784 548 60 -455 520 -73 -1025 178 -233 -912 67 351 -839 -590 -652 -600 -318 489 -468 1 757 108 368 -315 118 609 -256 -414 459 -133 337
502 306 119 210 757 -161 -602 -35 407 -623 -803 -185 74 232 -330 -587 -325 -228 -569 564 241 -83 424 290 -885 174 -263 562 -476 -1172 666 -201 361 733 91 389 -215 -345 -1192 297 -172 -271 -782 -14 -139 853 -529 304 -565 -229 825 -418 310 -445 -838 56 337 3 727 154 48 -740 412 -174 432 -810 -403 -582 109 670 -649 990 511 -36 677 251 474 -51 255 -243 -772 -366 -222 -552 311 180 95 -49 -123 -396 1042 -553 -486 -199 -502 548 -957 338 -48 -97 -398 202 -965 -259 -473 -43 215 610 201 -545 116 915 61 141 -198 591 -317 828 -379 -344 -406 775 -315 75 -521 -19 -48 1041 -281 -442 -906 710 -413 -349 980 -188 -320 -301 461 -594 338 -54 -77 340 -180 -360 15 72 953 -309 672 383 -491 -286 338 587 -423 346 -575 241 -71 -377 225 336 -298 -236 40 -712 -718 66 -152 -306 616 585 -837 -751 -497 -36 -19 -73 -252 30 223 -69 145 294 -137 -450 1108 -462 -18 226 -975 167 17 165 -267 954 220 137
1281 -778 -362 615 -146 -184 42 129 -688 202 -739 -150 -477 -959 -557 20 55 4 2 235 355 -579 -157 -1029 750 247 335 -51 -541 210 -419 -41 523 -184 520 71 235 -4 -1167 359 -228 -874 -125 -703 856 547 -415 765 150 465 -778 813 -453 1045 282 -559 36 -515 561 -177 -433 645 -427 -612 -246 1046 -1013 -251 1112 -58 95 -285 -508 -586 1344 0 -403 -210 -184 -478 137 568 -196 591 -174 277 91 -100 -503 -1248 -37 -510 -140 -70 212 -121 342 260 257 791 1132 1516 757 395 709 -813 152 -667 948 -525 27 -409 -31 -756 -70 45 -460 -909 -673 495 -228 -72 -397 314 39 -957 -169 -337 -457 372 179 668 412 -260 -128 -779 -563 100 238 -179 368 459 431 -251 -511 372 -405 -892 -651 -237 -192 -896 74 385 -627 -806 -1082 -576 497 -769 -243 422 -76 -29 -240 427 160 610 104 157 -430 -164 448 1255 -46 -428 553 -301 8 -443 326 -516 197 -628 705 -153 -551 120 -966 431 440 233 -169 228 -299 176 -388 -136 -292 364
-286 339 -465 -168 459 39 -766 -498 -23 243 -920 -559 586 -255 -8 -725 -428 1046 -356 -638 -874 -156 409 -346 132 531 -761 199 -250 88 -63 -715 -178 -58 277 -336 620 -205 328 -438 817 216 -647 -353 667 -614 86 -137 -366 465 -1309 -494 408 76 140 -857 116 652 116 -652 -162 -928 -113 36 -622 328 166 -135 33 457 -650 278 299 316 1025 1161 14 473 470 -173 500 925 -664 127 355 -811 521 -79 -641 -309 -7 -147 -278 1226 373 -1120 132 415 85 684 -270 -699 -465 639 -134 -1455 -75 4 294 -651 -364 633 702 -917 -172 1012 21 260 -1 -427 259 60 -286 -53 915 248 -1143 474 -570 168 -418 366 -542 342 -239 -520 652 189 -466 -471 63 285 -346 286 211 -25 257 777 -204 -293 -213 -430 -789 341 -778 122 -1169 85 -671 483 282 -542 -75 399 -578 -787 265 200 -122 158 125 911 501 614 -137 714 -295 140 775 1074 -253 759 402 618 -131 529 -340 66 871 -411 23 883 -312 -942 -43 -384 -1282 -129 190 -105
648 927 -831 730 379 753 787 -717 -410 -433 -291 -295 -530 271 -46 -370 224 -245 637 -379 340 631 926 314 265 -195 -328 397 282 -1171 23 33 -423 475 -523 -330 -416 -577 -604 774 -25 -124 -544 279 -151 94 -280 85 -652 -522 -231 -1211 427 78 396 -382 505 -186 462 1146 -129 203 -804 69 -407 -100 -267 -584 -495 -227 -527 -258 1240 -302 -349 -317 117 351 87 621 -225 -771 -12 263 204 642 -213 -662 1190 506 539 61 100 440 508 904 -1253 -72 -218 -857 164 527 73 -423 182 473 -35 -227 247 -867 337 747 356 1056 -1395 -325 164 178 -12 -23 430 -1148 278 -326 108 920 1120 391 -83 -690 -726 555 -284 1391 -8 239 -278 22 16 365 533 32 -229 -970 892 -400 319 307 260 351 29 696 303 -328 687 -326 616 77 1142 -183 737 -65 390 -157 -1091 -516 478 -383 -979 -263 1177 98 447 -55 843 233 -5 463 -537 673 -106 -724 242 63 348 -98 -86 -437 -1125 614 -908 -77 -616 303 460 -197 -371 123 -1428 -486
-325 -454 -943 -572 177 404 279 -526 -920 117 -120 118 235 929 -415 -53 -897 205 13 1094 667 -754 -261 -426 -785 -469 -172 549 -373 326 702 -112 173 -3 -241 -676 -268 -336 80 -54 323 25 15 -42 -72 -255 766 457 80 -16 953 250 -193 62 575 -70 1341 452 480 -326 157 491 -279 -306 681 462 -490 -128 -9 561 -100 134 -239 -399 -1065 -405 -97 -541 147 -176 -665 -109 622 -489 -170 -48 966 274 382 105 679 -965 610 -94 101 -1114 316 140 -361 430 334 217 6 312 582 284 506 1108 -873 262 -164 119 -997 750 -191 543 441 170 -836 -13 -354 113 -545 -125 -259 -868 786 761 640 -349 -316 1438 679 134 566 125 567 -458 -65 220 -375 486 -192 -123 -1409 -456 379 -474 -321 272 -19 -222 500 668 353 529 628 -399 231 -544 -591 -477 -342 -492 -343 70 -487 1140 816 -487 643 -593 622 267 -323 555 15 -723 -44 -953 85 806 -677 -994 394 468 388 -20 405 189 -852 63 355 -293 464 -55 -1448 -590 -817 -1248
137 -602 288 789 354 27 -517 -657 69 395 -332 504 576 -310 891 -659 209 473 84 756 -654 62 -653 228 167 1744 617 605 252 862 -478 -83 157 -55 407 945 276 381 150 405 337 231 123 -191 1203 -587 384 1028 -67 611 435 15 659 273 308 346 716 1033 549 -225 -75 626 -219 -341 402 4 -186 -218 -41 -396 472 969 -358 1002 -199 7 10 -180 -1375 -157 472 -392 620 -843 -672 -510 853 1381 322 660 -692 33 915 713 -77 -1459 610 462 337 459 -505 -556 -789 665 -18 -113 -1504 154 316 1219 737 564 383 -309 -1441 -510 -478 -1188 -1275 -118 -58 563 -410 -155 48 -139 -259 -919 591 -936 229 -406 -513 232 1293 -103 995 -231 -299 215 -283 -245 -39 -182 401 1353 512 503 261 41 -254 -634 -310 694 -349 52 -564 594 937 -32 216 -217 -262 -100 -909 -229 436 -379 483 -703 204 -474 241 -225 -60 353 452 -1181 -233 836 784 -282 428 -269 -429 459 47 1044 529 -348 325 110 534 -863 -338 -373 804 745 40 -215
-459 345 -630 213 -81 -26 1104 400 670 381 -1507 -181 508 62 -266 210 167 624 252 -88 497 361 -111 -780 208 -195 1155 71 -121 223 -146 -64 -373 297 370 690 -239 -87 612 -2 745 573 -262 -293 -306 388 -346 432 -31 576 -710 733 420 889 1166 -372 253 -73 -1 1220 343 496 -420 518 1097 1066 182 178 -397 -234 -198 136 489 -258 148 -394 -60 -414 275 255 -74 -62 -234 -513 25 188 250 182 412 -53 -521 572 610 -352 -375 -397 -376 190 -1399 -404 26 -401 766 67 -182 26 178 -131 -411 -295 443 244 599 329 -731 -73 311 -878 -155 570 4 -645 310 413 -187 -1172 348 322 1002 490 7 296 337 -259 -381 507 -126 275 216 371 -289 318 -1303 516 -175 -260 -250 553 -630 206 -260 133 -649 -412 299 -419 -972 217 710 829 403 268 289 655 -377 89 969 55 -308 -1092 -83 -412 -158 77 433 403 533 84 -527 -259 -893 432 305 -1160 347 -145 301 851 941 1139 83 -93 -434 477 -70 -491 -69 -351 -523 -314
442 -236 5 93 649 161 444 -678 252 -756 -96 -351 549 -522 1389 -194 336 238 -559 168 61 882 690 -1063 -567 -401 -485 -25 -339 -382 431 -706 -293 -118 741 -444 -2 96 375 444 764 105 -698 990 372 97 308 -17 221 -1416 -337 -429 442 -769 342 -337 77 -742 858 116 -190 -129 895 474 217 -387 -451 -1013 -259 86 -1056 120 851 -170 674 -437 59 268 34 88 906 362 -192 78 24 661 406 -236 321 -562 -602 -1200 16 363 -483 935 1122 300 -184 -431 21 -69 298 534 469 -374 -162 191 435 -646 -180 63 617 -307 -378 -40 -98 282 -89 -452 -340 -1702 -479 305 56 1019 -829 548 -610 -340 -1107 442 184 -274 499 89 -1229 419 -121 310 929 -563 -739 -37 1091 86 945 330 706 365 -303 187 -612 385 602 672 -139 381 182 499 404 -181 346 745 -16 338 384 25 -664 -619 -14 194 -469 421 340 158 553 -256 -223 -132 -1076 -461 -970 -667 -246 -453 -239 239 -411 -407 11 -254 -1186 567 421 -721 -93 574 83 776
-383 -111 -622 -706 26 516 -193 -340 108 -438 -291 -947 561 -515 330 571 292 157 -309 -261 32 -186 206 101 118 -156 -54 -630 -378 74 -221 -401 243 691 166 222 -246 124 -178 -797 248 770 -1007 -155 303 289 140 12 -291 505 654 -1118 -259 72 -306 420 -508 28 -347 18 749 -374 184 294 163 -264 352 -880 221 -41 153 210 -354 879 122 591 -26 677 40 -191 279 -29 214 -267 490 -518 -246 -375 213 -598 483 -312 -102 -210 499 -459 313 1133 -204 166 -219 342 -389 -88 335 -23 128 -159 257 42 -1120 -117 -227 -567 609 -554 -354 848 604 -215 282 -113 -904 228 -481 554 -376 735 44 -131 -1404 -508 -80 547 -471 -428 175 -290 34 -354 112 -218 -867 140 27 202 614 166 -333 352 -251 -267 376 -1172 -637 -728 -946 -433 306 604 -102 613 -545 -929 -200 -189 -101 -402 372 -219 -585 608 -381 -757 983 711 -918 -38 62 -63 -89 671 -17 823 131 -526 249 816 329 -338 -166 -93 684 -20 -723 -21 -913 4 -286 -646
665 -16 662 690 -242 -368 475 56 -109 450 604 -434 485 -338 -103 -416 528 243 375 47 -20 683 318 -373 391 716 560 -310 258 -299 11 344 -202 792 1561 606 387 183 -738 1176 281 58 830 631 44 -230 27 137 1077 235 -5 -334 -532 8 115 618 -644 185 -473 -316 -318 86 730 612 181 -190 -880 -151 650 -608 -106 729 -82 -679 -914 -33 -470 400 -583 -378 -635 652 -85 262 15 258 619 228 -296 -716 461 -796 -256 -231 916 -425 -499 624 -417 -1000 839 563 -173 195 264 -19 431 264 -216 406 921 103 -225 -172 428 -823 280 -393 -367 -351 -1126 774 8 282 -364 105 -532 -70 28 549 -98 -395 -204 67 529 316 -1005 -75 -69 380 25 -134 -175 677 -778 25 -382 201 485 221 -500 -264 -322 -231 -723 -600 -232 -434 495 697 571 56 1157 -367 739 185 257 689 312 -539 108 -490 389 846 -101 -121 540 -154 -344 -690 279 -154 -712 -764 1584 -285 -92 1020 6 -184 955 318 -77 960 866 -88 -91 -898 -364 -369
-326 -469 -469 216 675 -354 44 -97 -548 -794 550 266 -144 1194 97 205 975 105 615 129 -139 -169 324 -18 779 1180 -318 -457 337 604 76 -930 440 -471 36 -38 501 -272 121 -333 961 -516 -91 -113 -70 -476 384 225 -777 14 570 -979 117 753 582 -352 -95 -428 157 618 -943 -752 -608 -509 -1345 37 596 -367 223 -563 -758 -335 96 221 34 170 -2 -338 627 46 670 421 -838 14 612 581 -315 19 1153 256 -212 -125 801 -13 12 990 1406 -571 -712 349 512 -481 -509 695 625 -29 -405 -207 -179 448 -390 175 222 -547 79 1 15 -271 -241 -522 594 -828 1264 444 245 -300 -495 789 -926 -279 1081 176 -850 -228 -422 264 -664 1037 523 404 -223 339 -648 -394 77 316 541 -293 222 -228 -649 -76 664 202 160 -540 -184 -296 118 -263 -50 901 325 370 -406 1045 494 666 -24 563 -88 -110 776 143 -39 -401 -5 -1339 -249 -479 773 -783 -244 -713 614 312 88 215 -1189 -91 696 891 -297 -650 528 905 171 42 -1129 401
316 129 -1250 -345 1132 625 627 -766 -808 179 998 -85 1109 -166 107 -351 150 646 -642 -349 252 153 781 -36 -1021 -631 -766 519 687 727 -708 89 -384 -466 -1010 -847 260 82 -186 -779 -1098 4 285 -853 119 245 710 291 -345 -408 116 20 356 27 -1106 406 -17 -293 740 200 -724 515 -602 101 697 528 607 193 -515 908 340 -211 -413 408 -1302 -830 -434 143 278 -505 856 -286 302 -633 34 -58 530 532 -126 570 -1144 -486 -481 -215 -812 -1015 399 149 377 -293 -1208 -306 1542 273 586 627 -236 379 442 -557 110 -202 -792 359 101 -1264 -898 187 415 -346 1384 -1003 -201 -303 -725 -235 80 -761 654 -667 -1411 -385 10 231 192 447 -1285 -471 159 693 1040 -275 324 1320 884 1089 -24 1001 -43 1326 -898 810 -609 200 -304 105 370 482 -897 469 -366 327 -477 158 -542 -589 79 -58 310 -727 820 -659 -229 -295 845 469 212 -75 66 -86 571 89 79 -1139 358 -770 283 453 854 133 -1046 -894 -179 -28 425 -24 317 194 255 -1223
139 -227 -889 746 79 -915 321 -380 -532 -83 1402 15 245 -723 -298 -762 209 337 515 -161 595 132 -132 1332 705 -68 442 -162 -173 -603 -865 336 -758 692 509 175 -245 1095 313 160 433 -456 537 594 -186 93 513 -353 -126 -22 437 1313 255 439 166 1116 190 105 -361 -1113 -509 -164 -5 -367 -106 693 -295 -520 462 883 -665 -878 585 -355 -47 700 -379 -298 -863 218 -186 -215 164 342 -533 155 312 702 263 811 -468 -196 187 -516 103 67 582 -762 -292 -493 279 -466 90 -204 782 -28 2 -386 -713 -1327 -757 418 -192 718 -263 115 289 -531 -914 441 -761 -919 -112 -47 -359 751 -332 -311 101 -697 7 579 -1266 -243 378 377 -233 -965 -377 734 466 157 -691 312 982 6 241 702 36 -800 -608 136 672 48 289 -576 -57 586 -460 21 -638 95 47 -1001 701 262 -7 -444 -64 773 -821 -732 345 -692 446 -666 454 578 642 -218 629 -1165 484 689 -260 -1222 -786 649 -106 -508 293 232 -558 -147 -721 320 -393 -835 226 -1007
292 228 -222 -827 -754 -398 149 483 -220 265 16 -550 -307 298 177 299 -516 415 446 -197 -564 313 1001 -649 -492 -393 245 -775 -51 -897 535 -506 222 594 -1195 -393 865 404 -497 -752 185 593 261 151 133 91 1196 -38 385 -365 -258 550 431 -398 -748 317 481 -184 -771 -208 -895 -1118 -250 217 -353 -23 698 836 1246 1287 -108 -858 648 -83 281 513 -582 -109 -201 998 61 541 940 137 -831 -474 -781 -305 -261 305 78 373 132 213 530 -422 218 -899 -600 166 -332 -798 -432 418 -201 -529 400 -426 -951 -74 -321 227 192 -234 -32 -167 636 451 -278 -171 423 579 295 -280 504 -329 -325 -1172 196 409 -238 -596 142 814 654 804 -392 -246 -69 303 1036 -394 651 19 -331 -117 118 -48 46 -213 475 -255 -208 391 -306 728 279 -618 414 -159 -372 809 -458 -772 -523 1144 193 -175 -194 -1 -363 -257 363 343 -458 -653 -71 1109 91 -1473 17 -355 577 -60 116 395 73 -201 -750 668 464 -202 -428 -142 37 149 -190 -585 -574 202
-240 -498 -1197 -121 -72 629 564 -858 -554 391 -348 487 446 -142 22 545 658 820 -28 -326 -393 -14 -167 309 -722 41 470 -393 -495 -439 -51 -179 107 -359 -400 403 -237 -245 518 287 -251 -363 -623 -236 -618 407 -361 8 -287 -192 -637 -513 466 -430 -601 550 1132 -71 1207 -577 -398 64 -267 -308 -74 758 -26 -147 554 144 -390 -1039 580 43 420 427 -835 263 -44 458 83 384 -611 1094 -66 -201 83 -64 -268 604 180 170 -144 -20 -680 -82 263 -227 -508 150 -204 -338 1517 975 -9 -625 428 242 -921 -823 53 304 536 -951 -140 827 491 468 -112 -1616 690 -550 -375 117 413 -162 101 941 981 -567 -640 99 507 -371 -1258 -31 -770 -295 -913 335 317 -280 -691 171 -372 276 -737 748 1359 152 -1113 622 593 -22 604 220 -827 96 -350 609 -413 -462 302 -258 120 -489 -1120 648 -178 477 423 -222 -90 1001 254 -127 549 681 -720 1233 346 -973 -411 -1221 37 343 60 592 157 67 -733 -33 -25 -224 -83 -400 459 -141 -853 -848
-516 316 -954 -299 383 -324 168 225 -432 483 -345 220 -488 310 319 370 377 226 -381 871 -614 290 659 -730 200 829 194 932 460 -155 -187 -255 408 -746 -27 763 -434 -763 -372 556 -306 -670 197 163 -306 -686 -74 326 176 -431 522 0 -551 -158 4 -103 853 -893 804 71 -201 113 -468 45 -284 -314 -191 -99 167 331 226 -92 -58 -444 -120 -613 -362 275 -479 -189 144 1051 199 744 -668 -212 -388 -824 -512 410 -87 364 385 -376 671 329 -98 92 358 39 -1406 315 -99 -872 -312 479 380 29 652 404 46 117 -272 -613 -123 -326 -382 -547 527 623 401 395 1028 -837 811 -416 640 -529 -375 -335 -174 375 -417 -1036 148 -192 379 -879 454 454 -675 68 -307 392 -730 -480 -411 6 -515 -128 69 700 520 804 267 -178 69 440 13 -466 1056 -478 -72 -166 -275 84 -375 547 170 341 532 699 -260 -172 -49 -1045 176 -102 -83 -7 -817 -407 680 176 339 60 -1603 30 -81 -132 164 -610 -459 589 205 -276 -543 -1039 663 -114
-641 -23 829 -1296 246 -138 -131 476 742 92 -167 460 31 104 108 -608 -933 -409 -212 -297 1291 -623 -212 -616 -690 115 -66 -263 116 617 86 -614 718 -470 -656 34 -576 -1076 -298 -732 -629 -439 -740 52 448 195 -289 297 429 259 -280 524 -781 -407 -589 -838 345 167 -514 446 -220 222 -94 371 729 -526 269 -43 -574 81 108 -268 407 740 865 315 -1254 -188 -599 113 -712 -184 -79 -232 283 1026 918 -87 -1253 -682 -263 315 -474 -75 573 -264 132 -625 97 -114 -122 -194 237 -439 -201 -220 443 293 -191 391 558 599 -63 470 -839 415 345 -746 615 162 163 906 -864 -136 -57 -903 259 -182 357 600 -113 -146 -501 639 249 134 733 -391 547 -356 -1076 519 -47 497 -142 -569 514 364 -427 86 -1429 537 -250 480 -269 -545 113 -453 -654 709 416 -130 -323 568 -43 172 297 -519 -815 246 -293 -166 -532 -868 -693 -365 -585 -255 196 324 176 449 -905 222 234 -697 -12 308 618 1107 857 50 325 -643 210 -459 -45 112 22 753
-91 -301 -445 109 683 15 13 15 -1076 -1045 340 534 40 399 -134 363 68 687 -325 608 145 62 -83 677 -28 -49 707 -60 440 -103 1066 148 144 1165 309 128 -84 -306 58 1424 -219 -860 -447 -422 -283 -1011 268 647 11 473 116 -300 -413 -628 -237 -156 382 432 -253 -224 116 1612 -111 -403 344 -237 -512 -99 667 -23 -798 -26 -859 -1676 946 284 -58 812 -183 -414 -243 -406 -306 -450 401 -531 661 918 -283 -843 -151 317 -1283 -1239 316 -194 334 881 -213 586 -113 412 124 -625 207 -416 638 132 509 -418 -800 -1423 225 74 690 352 58 -123 419 -110 -168 351 -825 -147 -506 835 632 403 -846 491 639 612 -214 -430 75 649 -218 -1199 106 -800 -1480 -461 143 -208 -81 581 -198 -597 319 -310 218 -307 -634 -983 1092 438 251 -886 -100 71 431 -880 147 96 -496 120 -50 -33 359 64 -117 -227 224 350 -160 -215 810 417 -215 -611 486 65 201 795 186 -210 77 397 -296 34 375 897 -511 -61 135 272 -467 296 329 -1176
302 -814 32 -195 -709 -2 113 -436 536 -655 -343 -226 -131 574 571 624 845 564 -880 841 -651 -553 239 -250 396 -144 -52 527 -128 898 165 -1225 -475 325 -964 -472 -131 73 -1 437 72 -635 -86 -74 528 297 307 98 64 35 154 -524 -109 298 266 -149 -651 -343 146 77 690 641 57 653 285 -562 839 119 819 15 404 -533 175 78 -128 -109 352 -126 -176 477 772 -536 113 -1286 -1067 600 265 -409 -637 -525 195 -942 -346 -468 -235 284 481 182 -155 -78 -633 -887 -197 -744 -161 79 491 346 -211 -1 -1042 -598 385 -944 207 910 -204 732 -771 -301 -209 -1586 151 1490 -460 -265 -2 -978 139 -99 102 -86 -194 -829 -14 -123 -512 -196 137 -1069 753 -533 -389 633 88 -953 546 -108 -185 -240 280 150 -714 -539 -261 206 -768 -642 -566 52 -31 -270 -17 -189 502 492 56 -363 -112 29 -674 58 -800 821 184 -720 555 326 -165 -1073 470 44 -241 -679 -203 134 399 -319 -25 -403 400 622 242 -822 266 708 159 -761 661 518
-747 -97 790 -165 1103 -87 -208 821 241 688 -39 -857 830 -11 325 -426 217 631 533 845 284 -972 69 -121 289 -692 641 -319 230 -977 -529 -299 -428 453 -1111 297 207 -65 -234 243 203 364 485 363 -187 13 9 -1190 856 -8 -583 1304 477 -698 -889 582 129 79 44 25 -894 181 13 -644 702 -287 -205 170 265 566 -600 83 460 129 670 -952 8 417 359 -531 -237 348 19 -946 -263 398 361 -399 -366 -451 644 -250 -351 175 -464 840 -526 518 713 -238 579 146 54 844 283 198 66 202 37 -853 128 331 -230 -109 458 1019 -407 201 14 396 623 845 457 27 -251 373 -558 -974 -139 740 703 945 -465 223 -351 266 -242 -287 -140 165 -493 -690 -72 926 797 109 -140 2 57 -1217 114 -859 -344 435 -134 797 -478 468 144 -10 780 -638 82 791 -1 803 -907 -329 -287 -261 481 806 -1071 -425 -716 -124 15 219 -401 688 308 -207 297 -93 -159 922 452 817 395 -218 -444 24 298 -447 -120 -780 157 -419 -384 -177
-268 772 -536 225 -329 890 -575 948 383 -225 523 -493 987 196 -843 -398 365 -151 -883 -268 144 91 466 898 703 -471 -369 276 -621 472 -263 131 -138 292 -164 89 -521 -621 3 723 -557 583 -575 -149 -148 1345 393 161 130 477 -49 -3 -742 -569 -887 -408 -501 501 -2 -626 -231 428 909 197 87 -1152 -201 -431 627 -729 1119 841 -315 257 -799 -412 441 190 -240 793 -324 -376 492 575 1142 -593 -285 -868 594 -257 465 -510 125 -1285 -42 15 -774 854 390 -631 30 -219 -669 107 1006 657 -720 -644 -70 -173 297 72 12 -728 -620 -38 380 -187 348 212 549 233 -233 -503 580 325 334 792 -769 -184 319 478 -898 488 -19 516 280 300 -542 -327 201 249 -42 -244 -394 508 -838 524 923 323 -956 1303 -22 -455 376 -246 223 98 -951 731 -650 -926 -95 175 -295 -273 -971 -602 -291 198 123 -536 179 -4 -207 251 -81 85 -788 507 206 -521 -869 19 490 164 61 -188 1010 -169 366 282 360 -112 -606 535 534 -243 -279 -44
48 -444 242 435 -196 313 -168 -222 -118 -71 333 88 -621 -186 -1765 188 -1258 -56 246 -258 155 -1382 -341 -127 690 -207 335 203 123 -366 -352 40 -191 -213 640 -864 -763 -493 -291 -282 -532 -896 -594 -750 441 166 -271 138 -203 412 -166 -407 -186 -140 271 -810 -445 192 -1158 651 998 1186 -237 -8 -374 -308 -533 503 -612 -298 -108 -379 -432 -145 604 606 394 110 -379 526 -1071 -578 -343 76 341 597 -100 233 -484 -562 144 203 -165 -520 348 -56 -340 960 492 676 851 572 -298 -378 81 -1140 695 417 -333 -572 -216 -1176 -154 901 925 332 280 -42 -441 -837 41 -748 376 -462 -373 506 -466 305 620 -778 649 27 -376 -258 184 698 522 559 -32 -746 -805 631 -117 -328 31 -579 467 -654 -71 464 -556 -432 2 632 191 -130 -37 -225 -656 -14 621 -276 236 193 -440 -782 -631 -94 -24 693 15 -347 -450 -838 -71 -229 394 71 -546 -109 354 -612 -224 -422 124 436 -132 502 289 446 448 534 186 279 583 -858 -61 273 -780 716
826 15 590 427 -101 843 953 -1107 502 -248 629 -87 -449 569 828 272 161 -297 805 -746 226 -109 100 -455 -206 -241 30 1037 -250 -885 114 70 236 -774 -274 473 -401 -106 -662 715 669 -726 -49 541 81 -294 -496 169 -1 -37 371 -47 -482 775 -620 757 -415 -460 -531 123 112 -292 281 460 -150 -760 -17 119 -376 -20 -228 258 -6 -1 -1237 103 373 578 928 -95 468 -602 13 126 -462 -585 -254 -768 -748 -468 884 101 679 -1241 -44 65 586 273 -513 -381 -358 -319 -48 650 -207 606 239 -691 -320 -1132 2 -1084 -114 57 790 -526 -677 673 104 -255 -452 637 -494 -265 835 770 562 66 -330 -252 -398 176 81 -236 -848 516 -115 -61 973 -756 -90 -263 64 -229 838 -78 138 -246 504 668 -541 -137 -62 390 -510 -683 -996 -331 446 632 15 362 -129 275 -109 -727 -258 -433 751 -662 13 -748 598 -532 -968 -588 -863 406 655 -840 -590 -158 -743 475 -648 -817 607 297 -125 -417 -297 -591 279 360 -603 -302 269 381 406 -797
587 -207 778 -216 -227 197 177 577 335 304 -279 -1422 306 517 32 798 -606 182 -146 103 -69 -150 -410 163 51 69 223 -124 162 6 386 499 484 402 -22 -338 206 13 -199 112 -1152 737 462 -119 134 465 -976 437 -49 184 1862 105 362 -784 -36 927 159 -652 649 559 101 -670 -70 520 385 -684 686 1004 -1013 944 -971 -263 -112 336 -536 -820 1377 895 -246 -272 -74 451 349 -1419 131 -239 514 -821 -475 -27 97 -17 -627 223 -508 65 -1491 809 216 -569 -43 458 -272 390 -287 299 251 609 -83 -104 591 390 823 416 378 -121 429 637 -53 -557 -232 98 -25 -156 -511 716 292 -151 151 -737 818 235 998 27 -80 382 -43 698 517 180 -435 -852 -76 912 441 -568 478 -926 960 -495 899 -612 409 -55 331 886 -15 658 -617 -554 -277 -138 229 504 -488 644 364 -208 -515 -421 -268 -460 -29 432 922 306 -408 484 112 -670 641 852 1109 214 802 329 1 66 -223 -415 -978 -600 -190 1188 998 -507 -700 216 -304 529
994 -41 60 57 -880 -733 -697 64 -292 219 -492 88 1326 -410 1097 -255 -353 -570 -606 145 -62 -282 548 127 231 1132 -64 -869 1016 234 389 442 -83 177 -536 -707 -207 -395 152 -74 -239 741 -701 -203 135 350 -133 -1021 -65 99 328 296 -85 -906 714 227 -139 90 26 -897 114 533 -306 -322 242 -143 264 -101 372 -478 698 -288 436 378 -93 -448 38 -273 530 -1132 1146 -218 456 -428 -392 -732 -508 -227 -230 280 30 426 -457 -567 -488 141 227 725 -1 168 -96 156 106 -34 -497 607 865 -154 124 538 -122 681 -370 -388 -110 -408 -196 829 216 -417 84 -210 -693 553 -73 -245 780 -619 -95 -601 -586 116 -687 306 239 -321 397 267 122 -38 609 -745 -149 -570 693 -256 -354 650 71 -37 123 -135 -234 -145 -530 318 -120 8 218 -720 -465 346 293 -264 422 -269 51 -850 651 -65 -497 218 81 -106 -231 -678 229 645 466 -187 241 1572 1081 -343 -281 -305 573 85 -148 -56 -147 602 581 -403 -42 456 874 1697 788 124
531 368 -395 -638 -62 415 -287 165 -281 -628 711 -1171 515 348 -529 -4 -753 145 -725 -144 707 344 720 203 268 -927 -675 -370 344 -675 803 843 544 -254 -155 835 -278 193 -384 394 701 -151 103 409 -374 -266 -1056 -408 -186 174 -861 -483 -300 -1104 -484 1002 171 -688 342 -347 891 46 -660 -246 1181 -331 -1229 -499 1121 356 -886 -287 -247 527 -119 -163 514 439 -1041 -6 533 -530 -182 -1067 793 497 132 772 -282 -63 284 -1046 -1095 367 315 -467 207 419 -611 -629 80 900 1022 407 -8 587 -310 -556 -622 990 718 774 161 -532 144 336 -266 880 365 -175 340 205 -140 777 178 1130 -64 185 -474 -346 -1190 42 285 169 629 54 263 370 -813 -76 170 -261 713 184 -333 -214 669 -75 407 -471 -746 -660 -28 93 5 420 115 -14 54 325 -980 107 112 -367 745 470 -203 -104 329 -69 116 -254 59 -389 688 1077 -1285 128 196 -824 -323 496 -431 -503 -7 -677 288 869 400 -696 100 -174 -31 885 -93 -290 -250 -307 186 29
-185 -233 1072 -13 -378 -475 -652 432 597 972 473 -265 161 1104 82 -90 -68 -72 279 -38 809 195 24 434 -490 630 -544 555 867 508 588 248 -501 -395 349 -179 -326 74 217 -305 484 -558 273 -187 208 321 -1293 -246 -620 -95 634 532 -173 1077 596 -290 -237 347 54 -64 -338 1203 -452 145 -383 -774 -12 1265 239 -1387 284 346 169 732 -868 58 91 -154 -387 -948 -5 485 -23 178 325 8 -322 690 -752 121 -106 45 -657 162 -875 58 442 -23 -401 -151 613 -272 235 -310 539 -324 -532 381 -113 28 -97 102 1127 -178 -152 -155 -495 -378 50 355 546 -301 -681 348 -569 157 148 -806 -59 114 316 -426 -88 -316 369 1153 97 -487 706 -124 195 -256 201 319 709 -469 -189 694 -814 1117 -744 -435 -2 695 -189 363 275 -290 959 527 -184 -196 1210 8 1280 317 380 -778 861 280 846 437 -372 -178 -436 137 519 76 -83 173 211 84 220 -199 279 -399 -412 -521 27 527 438 -746 931 -513 412 400 600 221 478 288
350 -747 32 55 -16 -715 -224 -403 265 -23 -355 -407 129 543 -264 -421 67 -753 -575 -181 -34 249 376 46 -1559 -86 238 880 -129 -293 17 -553 -59 -225 -289 -871 131 -111 -119 562 211 509 -756 -125 637 663 32 909 8 -161 156 -992 957 5 226 -524 -241 -558 -93 -283 -147 -33 767 -423 -222 483 673 0 -767 540 -109 445 1410 -259 581 274 -347 1020 955 637 -904 855 -113 444 20 -758 -494 -47 78 19 139 700 944 -157 152 -292 -908 -187 -329 315 -521 201 312 -190 827 -151 280 51 381 61 -44 -234 -1007 -527 898 44 -799 -232 59 -132 260 -378 -142 -1194 -205 -387 -698 -76 -215 -336 -892 307 -1010 -266 -507 357 618 -452 444 -163 194 56 358 -167 710 -495 1030 -226 -146 -636 -131 -595 90 150 46 -157 -654 162 -611 -143 299 153 539 -1 -482 -302 439 666 92 -240 -147 348 -60 -208 -572 -172 -1145 -391 330 465 201 180 270 835 -174 860 -12 472 348 -113 -637 328 -461 -60 -405 -11 -243 258 -372 506
339 737 62 289 377 176 998 -148 -426 -262 -127 -348 14 405 -679 -483 198 -642 -663 83 509 954 878 -36 182 -241 143 -76 -567 -973 -100 -365 144 644 847 293 -68 396 233 432 -618 -1281 -411 13 -813 35 -569 -485 -438 554 1024 -192 829 -139 -261 -210 410 -613 886 624 -1022 380 218 53 -326 157 -465 -525 560 572 -857 432 -154 -348 529 -790 -293 62 -186 -331 -80 -98 -136 -527 705 670 -362 726 690 -209 -1082 -22 161 -1368 -392 359 -77 158 -691 121 501 93 725 -345 -33 -1628 -213 883 -350 -20 1380 -317 -247 -372 -309 -319 -595 81 340 742 492 262 513 702 -975 186 371 -383 177 448 214 173 144 -261 875 269 -848 -139 206 37 -418 -912 628 -117 275 119 -40 -349 721 532 32 64 512 -723 -326 340 -306 146 -110 -413 433 -116 -863 152 -337 51 -450 135 350 -691 523 615 -743 392 -408 18 230 -547 1065 343 -114 -534 -216 -569 359 641 -470 -237 17 -1242 40 -257 -395 -3 -150 -128 -523 185 -698 624
214 194 12 587 300 -393 677 226 604 695 518 211 -590 573 -303 -146 -725 -116 -98 113 474 969 230 -476 -230 -49 1018 -653 853 -277 393 -292 610 -920 315 269 56 364 -558 70 -660 125 982 297 304 -170 -7 1182 93 2 -701 448 -53 335 -389 -8 -251 899 523 -315 99 -765 89 703 167 27 406 362 -615 65 -451 932 194 667 -594 -45 476 513 -581 -795 752 -216 -491 369 173 1167 285 520 -149 983 738 410 -641 -1167 551 -32 -74 163 -5 -746 -429 -6 54 -969 -797 -175 971 51 518 200 921 376 -968 -900 688 -143 -207 205 -738 -914 -443 -317 -219 447 434 -97 -414 -177 27 924 -499 -350 686 -879 571 223 -158 -541 150 -462 -204 -765 783 401 35 768 785 -413 -547 476 1161 -196 94 295 431 61 526 -16 -116 227 -443 -94 127 504 301 -55 945 53 -635 244 4 637 3 -95 -574 -132 382 580 605 -390 -1522 913 164 -377 1084 356 331 -18 995 -295 339 -1048 -278 364 311 462 84 574 848 1471
-269 -93 -569 -417 -237 244 322 -616 -162 -29 -187 206 207 508 -919 344 144 -222 606 -456 46 428 -91 -646 872 -1218 -43 350 -518 -265 598 -174 -305 140 -138 331 19 715 276 -544 89 -405 -588 117 -290 748 321 -813 -409 -161 300 452 78 74 273 207 -181 -3 61 -139 670 324 696 80 -174 497 -566 489 12 -537 -33 -214 -788 -352 -243 369 -590 501 333 63 262 90 335 -368 -254 -531 136 -461 403 -233 796 -446 504 79 -70 -229 -55 53 -490 534 617 -164 74 1040 -187 648 -59 -1031 -635 -960 -726 -458 7 -474 -526 -76 -280 -291 -84 -693 647 -893 376 7 -269 -300 155 9 -311 111 -636 1130 -367 -267 -573 308 -225 -78 118 200 -279 80 -495 -978 -102 781 213 -15 -110 -127 390 -362 71 -278 96 -201 -51 -502 12 877 -413 91 -267 -229 409 109 203 198 368 -509 160 283 1031 -650 465 886 173 -656 -194 -211 -265 248 89 -226 307 -201 -69 454 -115 -314 -157 658 -275 -103 -154 -541 116 -483 -931 -396
579 412 -96 185 393 419 -329 399 -1045 -740 -452 -121 117 -228 333 -41 296 -680 445 55 -260 167 208 158 -524 -190 689 -817 475 -231 -337 -421 -546 927 89 369 -561 -340 272 -532 -47 -328 -517 247 -35 -499 345 916 -98 46 560 -92 538 57 -793 285 -591 144 658 -353 279 -14 639 -1358 -304 1253 -458 -71 -630 150 80 439 -510 283 143 -210 346 -142 -728 -1111 -474 134 -378 -388 -485 -202 -364 -689 -8 417 30 16 240 218 248 -492 203 574 -1050 685 663 -268 1097 43 836 330 -390 383 227 -729 366 -404 -500 370 -329 -121 -344 -836 215 356 -692 -371 -414 -316 202 -246 78 143 649 -970 -45 -219 735 -623 -21 934 -520 -89 36 -111 586 468 -58 55 216 982 50 -109 1171 -306 1288 507 14 -17 -85 -495 471 263 -140 905 -997 142 -231 242 -244 1113 -284 79 546 755 -96 -870 -702 776 -725 225 369 -138 -709 -199 660 -714 230 -990 -297 194 204 -22 -234 -936 -654 491 -651 180 209 -755 225 331 -480 -1243
-155 -153 500 -105 40 120 -238 -170 -105 444 -421 -345 263 -137 87 -235 -97 -365 -2 773 -43 325 -768 639 253 170 544 -98 -500 858 -222 -268 -1439 -360 1102 -1335 22 -23 -9 473 1129 -157 -304 -74 148 -598 625 201 -180 596 1256 454 913 -145 635 -838 -23 -66 -1389 830 -773 276 874 41 133 678 -203 960 425 243 -338 930 37 -586 -681 -88 -197 -172 -330 -618 -272 345 798 -584 -798 164 99 -248 670 -471 -381 421 121 -305 281 -812 -219 -499 315 -122 326 -521 514 -1274 -167 395 172 -175 283 277 -402 -393 -297 635 -430 -379 -508 793 -693 370 468 -1057 869 -616 -1507 -916 -132 -115 -348 -112 -962 -25 -517 -298 550 165 488 -383 -868 -51 -967 -896 358 181 593 -50 521 381 313 -193 316 258 -943 83 712 1290 128 221 -402 137 -81 294 963 353 -1174 -375 -604 -19 409 -141 -198 810 185 -403 -962 61 138 42 1201 49 -56 -437 321 584 -104 343 106 -126 426 -262 364 707 -702 -401 -488 452 80 127 -881 312
345 -7 -129 -157 -256 -838 -204 285 -105 44 -848 126 -1090 551 295 -238 356 1224 178 36 24 -614 554 10 -206 298 496 95 776 282 614 -460 63 444 438 -296 -42 -490 -674 -435 255 -1122 464 -416 -598 -473 -1469 219 730 461 18 -79 530 -71 664 -551 609 -85 1112 6 -62 645 814 721 -638 -639 -501 209 -444 757 132 -365 -19 92 899 -84 847 230 -276 -322 170 819 364 -645 -608 106 -664 -464 375 85 853 -113 -693 -1144 -1383 328 -137 106 -159 186 306 622 -308 -91 648 403 228 308 300 -829 -248 -238 450 -41 -211 149 -382 -390 -237 -137 140 -154 -98 -27 183 -571 806 -591 -115 881 326 114 -904 -729 -274 494 -150 -854 262 496 -253 -237 -269 -272 606 -686 -970 277 281 -124 1306 97 -121 1400 339 597 145 -405 477 617 156 438 -89 -246 32 1246 1520 107 -52 701 366 416 700 -75 -882 442 955 -220 -517 -108 901 -200 940 -432 -543 120 248 -488 -203 198 -9 -558 -236 -843 97 361 -122 -464 408 62
-665 -386 -214 -1463 -419 992 -157 -640 1019 -623 -1041 -1443 -261 844 689 -249 -471 -199 407 -319 83 -302 33 -54 822 -886 -420 709 291 321 169 -627 643 -509 -74 188 1129 92 215 -4 527 -49 455 380 631 485 -164 807 -602 -805 -1403 -322 211 -243 159 -54 19 -163 119 75 436 232 767 930 284 -410 373 -73 -22 -308 -318 -696 -565 674 -284 -826 -1002 265 -810 1056 -397 214 519 1087 -64 290 -144 -223 -557 186 673 -340 241 128 -457 350 -409 -576 77 408 -62 926 -251 17 462 922 607 -489 -1026 644 -228 -574 437 -797 -762 -1201 420 165 -542 -158 875 -52 -23 -187 -222 -265 -881 -672 -469 -396 226 946 839 -49 -635 -844 134 328 276 846 747 -139 -7 -349 -182 -484 717 267 316 1030 335 82 225 1310 390 691 -626 -658 587 -514 -424 -115 -639 -877 226 52 -254 403 -409 628 -63 -100 102 -622 -501 144 -1103 -1120 -198 383 -380 -120 -149 215 -235 552 -1461 -348 783 47 690 203 464 -83 420 -428 620 -186 191 -556
555 -483 247 -251 154 -464 355 -218 221 -306 577 -353 699 112 210 1475 473 -81 376 -481 -138 120 -403 -520 -441 -359 480 630 -95 1198 186 403 -224 -979 530 -888 14 186 812 242 11 398 326 338 368 -11 911 -371 -412 -754 -535 -431 -647 602 337 -649 844 -575 -639 23 -230 276 634 -20 516 -11 1408 -251 73 -477 289 889 -1057 -954 -590 -68 -595 -152 407 358 688 -98 520 -133 115 148 69 888 204 -451 -460 670 106 204 127 265 974 404 950 -850 -249 -217 -931 -99 -935 686 -777 60 161 582 405 221 -410 -554 -245 -136 400 -434 114 -212 97 -591 -645 -476 -106 174 -391 82 -797 -119 44 -237 478 -918 -308 -138 629 -59 -321 440 -532 346 -378 1325 -461 -202 259 446 288 756 -200 -116 95 -155 583 -441 -192 410 -16 -3 -360 66 283 338 -528 -898 935 14 221 -155 -837 -417 -492 192 698 376 217 -419 413 -202 376 464 -661 -175 338 933 845 590 952 62 104 440 -1040 1291 841 816 943 -289 -254 321
-372 -7 533 -209 614 -493 253 432 -798 -18 60 -1173 -193 416 -79 341 -736 -11 -983 -61 554 50 261 -1373 439 -493 -384 -765 -1108 -48 18 -288 -353 -109 791 -1194 145 755 -257 -324 694 -296 89 673 -443 -202 788 938 -147 911 207 577 704 -173 770 257 -102 -248 113 15 -257 -177 -322 -85 1302 475 639 664 262 -524 -67 184 -971 381 -526 -87 -1115 -135 -969 -444 -12 38 -190 291 93 -239 621 458 254 -197 -640 213 -473 -145 589 -258 -749 117 138 -512 43 288 -472 -191 764 -205 -612 -372 -540 158 628 -515 -231 -491 -371 -111 -197 166 -23 854 -648 298 486 625 152 -659 -662 -899 -86 383 -249 -454 -423 -447 -165 347 -39 -257 257 52 236 562 442 -257 -897 157 420 458 -394 -500 76 -1212 402 -815 -169 847 549 -54 851 -50 121 949 -438 -135 -1227 843 -639 17 -480 -737 748 -42 -271 -463 -6 536 -519 -506 308 233 193 270 -133 559 910 107 -347 495 -1009 -128 -94 -382 -213 1359 151 117 862 456 -853 -261
-424 -164 -2 305 -336 -130 810 -222 65 -623 41 -782 -344 -359 818 344 -637 -187 500 -429 -196 310 -530 -252 -665 1172 -125 -424 178 1098 167 90 97 -323 -651 -180 623 -249 -210 548 363 218 551 407 221 -247 385 371 -304 196 -500 -130 1035 95 487 34 184 135 653 -188 756 901 -931 -639 613 500 362 811 12 -739 75 -455 784 -17 -667 -684 651 568 -300 627 528 74 -583 344 -252 -224 1069 345 -506 638 -299 1064 -1076 455 -44 239 55 -455 167 611 -672 71 -363 358 449 -372 -556 1149 313 405 -14 -499 297 173 -563 357 683 181 -69 357 -447 541 899 140 464 176 -287 -588 -3 169 358 104 -1018 -103 -4 -594 98 -654 51 -280 -351 419 1119 -252 -134 -747 -196 -1021 -85 -208 -867 -816 685 -455 664 -164 672 465 1349 -628 712 843 418 149 -163 -141 -211 14 -99 -1172 883 620 1147 -151 -84 541 152 214 -226 453 564 -530 355 -423 -641 707 241 -242 -878 258 -69 -232 621 -247 551 10 -211 -340 643 166
-518 141 732 238 -24 -366 219 325 892 399 181 -285 470 -532 213 462 264 641 5 -907 464 701 -367 380 -107 1452 627 -627 -738 1034 410 -427 -532 479 -224 -571 548 233 5 -434 -30 693 -184 -73 -50 -69 1032 -1279 -281 292 -673 -264 531 245 -51 69 -32 957 -298 55 -58 -235 531 -622 367 -216 28 251 810 -282 217 -411 439 44 -545 846 430 -198 -507 441 30 324 -578 671 -596 586 -1025 57 604 631 -212 984 -364 875 549 -92 699 -105 9 -100 -32 -958 -857 378 360 -641 -354 -501 597 431 -250 -4 121 -421 492 78 199 -122 353 -338 -327 65 13 690 -332 -331 -588 -12 772 107 357 -606 -323 507 -281 33 526 -279 -1228 700 459 -173 250 51 -84 115 -456 798 -954 527 -598 -18 -98 -243 -530 23 478 1169 -139 -474 -265 929 114 -553 308 597 -201 -1264 608 -589 -63 -30 -718 -402 -152 499 -375 1046 -582 -610 -462 -22 1537 -15 -262 344 669 -305 726 507 676 -199 54 334 1398 173 272 -118 52 -35
546 345 135 -310 360 -1259 35 -232 -149 960 60 -266 -731 14 277 -492 -164 -114 300 756 -371 -379 -155 -1106 -327 916 830 304 -363 -465 113 150 -1108 -148 530 24 -433 -617 -346 901 -367 279 -113 341 118 -657 -1646 238 320 737 -352 1151 -345 154 134 9 583 693 667 547 -671 35 -610 673 721 237 511 595 -718 391 376 -92 180 -1155 -713 -341 -39 -707 -17 -218 589 -101 -1056 -148 -163 31 586 261 -87 -847 -264 -163 146 20 940 -454 -259 -125 514 54 53 249 -54 180 397 -1021 -17 942 -618 677 341 622 392 -467 156 -108 353 -1604 109 349 -370 244 926 184 21 12 862 -1497 463 -49 -749 -191 -144 -191 1677 -465 75 -488 -113 -189 -367 83 506 890 -607 -167 -921 -1204 154 190 -147 224 -1303 405 -554 -82 151 -179 1 899 -226 -12 265 1118 -33 -359 609 -370 357 661 210 82 -31 -52 413 -58 272 1514 261 -733 -68 510 288 136 707 -139 575 303 -734 413 345 -353 -240 -354 69 -66 -610 133 -914 604
-383 -99 602 -448 -65 -372 -629 598 -532 138 213 344 145 517 480 307 628 888 278 725 -795 -577 -64 -506 -12 131 -391 216 -42 -292 144 182 -1211 307 498 -28 783 -393 59 -174 -231 702 -22 -251 1077 701 247 531 227 480 1274 648 -499 32 8 11 198 -971 392 -562 -1220 107 459 307 -707 -973 744 754 134 802 -914 -542 480 192 674 -599 -426 179 712 1149 382 931 -474 -347 -140 -473 818 -220 -777 -534 -226 -187 -325 664 -741 -1142 0 -41 194 385 349 36 -1746 306 -227 -964 97 312 -1226 448 -351 199 456 -467 1239 -443 -150 -1228 -371 540 -497 881 -66 -690 385 132 904 -71 632 719 1329 511 492 -242 968 -367 -114 1099 -119 1443 -66 -754 -348 236 -804 -52 -290 -641 419 110 49 639 611 -73 -206 816 542 -147 -690 772 -47 601 800 257 45 -335 261 947 -35 190 -209 -181 -237 990 -181 -263 25 22 -135 362 42 -181 567 2 99 428 143 -246 104 -69 -1111 1134 339 -941 868 534 22 8 50 284
86 852 -116 603 907 145 267 -290 519 345 252 -731 213 -309 435 -421 158 228 -301 -101 -1319 -299 -137 105 323 -306 649 239 -866 304 -419 192 185 518 563 173 -95 524 511 161 311 219 584 -267 -158 162 -569 463 -465 390 -122 686 491 -801 -806 -569 -242 293 -480 226 404 -68 57 -20 195 -129 169 -326 116 -214 607 208 11 -209 207 501 116 122 -471 -690 -207 -491 285 -1165 -23 -748 69 845 134 146 -52 -618 377 -530 -306 -340 571 -389 285 -879 -740 -587 716 -432 100 126 -518 298 -8 -184 -463 -500 -581 934 113 26 589 -903 -954 1024 -5 307 607 -94 351 255 -362 -546 855 504 353 -466 -517 180 -25 78 458 -233 -9 -953 -970 789 899 -44 -145 -430 -919 439 -491 170 -35 -136 -623 783 257 302 552 172 299 449 -305 -203 -223 999 -167 -195 679 -179 276 23 126 -385 -186 -62 -36 436 99 40 -438 21 664 -657 -218 -138 66 626 86 -432 147 -858 -965 391 51 59 -326 354 -14 -28 -652 -13
-259 59 -155 -444 -23 840 993 -457 -467 652 735 121 22 -95 -936 -819 -659 -1339 -502 1348 129 676 -860 -94 31 519 -1043 -283 -14 155 41 529 610 -923 -621 607 -801 -805 -674 -564 -394 -45 350 929 564 -54 -218 215 -307 -125 916 -389 -135 -831 -891 208 -546 722 -634 489 10 -281 0 203 347 -7 36 622 -84 -396 -438 206 -627 66 -990 745 -727 -1059 -342 369 -80 656 -877 -524 41 353 266 -530 -725 -208 278 118 530 -479 548 829 -1106 -284 35 -48 139 555 -896 -1266 -321 927 -529 -289 -487 -261 217 685 -203 -206 -376 117 -210 46 -237 -316 253 479 438 -36 305 -139 -854 886 356 -621 -122 126 -93 -336 301 -144 120 156 296 177 450 -390 376 70 494 388 761 51 -55 282 -200 77 594 180 11 403 65 567 -1406 571 -319 -307 -1147 324 471 103 -137 465 -864 -781 326 -242 599 -368 578 -85 385 330 516 877 157 351 -286 -492 160 275 678 335 431 761 505 -177 -53 660 349 -1082 456 76 254 985
-307 -129 -180 452 354 403 -215 -565 100 -409 -328 -221 495 -190 308 668 -308 -495 -110 389 -242 -772 -131 -168 513 554 815 -120 -1 -101 -558 -214 299 977 -52 -116 -348 980 755 -58 -249 -849 295 703 73 -85 -266 -5 367 -428 -903 138 -162 -557 -778 -605 -658 -263 -215 6 472 -727 -477 921 340 -652 86 -11 -415 -15 -147 -642 -209 394 342 361 -163 85 -115 -494 -181 -420 23 -748 443 247 -153 565 -357 -17 -541 -565 -521 65 -157 650 346 246 -471 -549 -231 288 511 526 -101 -670 -1166 -478 194 -453 -398 -7 434 -427 -316 304 166 -1214 536 -196 87 -372 -363 774 356 483 -577 76 298 601 -179 219 -26 -37 -413 59 49 -125 -864 -479 -554 582 -883 524 80 -805 -464 -201 486 -654 -257 -376 -387 -473 -53 57 87 222 264 180 218 -310 -137 149 -1055 884 1484 -531 -396 -295 -44 -106 -442 611 -206 208 250 353 375 58 845 -339 -252 78 -11 604 492 -44 993 437 1054 -321 387 -201 -172 1139 201 450 92 347
-286 -11 -1097 -122 -944 -229 -546 352 -547 -575 399 -267 -660 -609 -872 -119 -84 -591 125 -481 620 731 -286 754 605 422 -814 -33 -772 -510 271 149 -281 29 683 -922 -428 232 -103 -373 398 -638 -178 -111 64 -284 -202 -281 -755 53 -443 -863 413 274 594 -126 -140 291 -327 320 430 605 678 -420 -434 1224 -269 -815 382 -677 -766 219 389 -250 -319 1064 863 167 184 -417 -1183 -521 -229 847 793 -194 273 -414 912 272 257 -525 804 663 1033 208 615 213 -703 655 1656 -810 -173 385 387 -376 216 -60 124 280 1208 28 288 -118 -1077 -109 69 32 -312 267 -378 -228 -36 -802 -271 142 6 -202 1494 -35 -323 -276 806 1316 -738 147 586 -590 405 -230 950 717 181 295 958 -296 474 125 189 -264 -321 -478 427 52 585 433 193 -75 283 682 -374 -757 326 181 618 -375 439 192 280 -446 -730 72 571 371 446 532 26 -808 -451 620 23 -481 998 -71 904 -462 -249 -439 -670 59 889 525 227 270 -230 -752 -223 604 228 488
-552 810 -118 -85 195 259 221 -73 -243 295 288 -1201 860 786 1028 399 -317 96 341 -409 288 158 431 -408 51 114 -261 658 -241 337 1035 213 -467 -580 -487 -215 116 676 -388 -214 377 -19 15 65 42 -62 -310 309 -943 -182 -77 65 382 4 125 680 -159 278 -192 950 142 83 -18 -466 264 5 -438 1451 275 591 -68 -1231 -650 -96 -56 -359 383 233 344 -107 -74 142 615 -1223 -847 350 132 -364 326 365 71 157 -249 -562 -588 635 -161 -245 145 -215 215 330 394 647 184 565 -367 1093 -460 340 180 234 373 -683 -352 184 322 63 -113 452 -150 145 -447 -595 -486 -239 -241 398 454 -137 -100 888 -455 209 51 -391 -660 -93 251 -278 458 -999 -58 621 0 92 -787 -443 -233 768 -40 338 -113 580 388 1455 -372 -105 40 704 -475 625 -153 232 -117 497 307 537 -193 -193 628 85 247 -9 -1003 1127 -173 183 258 -172 -648 526 555 -185 706 455 -359 354 -616 -1355 139 -1048 -711 -513 -264 -456 597 -858 -209 -291
302 -244 -598 -205 806 -56 629 795 836 -124 618 -101 -539 977 641 -559 699 -138 -96 -409 919 -823 -814 558 -1417 -707 -377 279 -15 180 -131 -111 -213 216 349 577 -333 167 -3 -288 -474 70 279 -358 -244 175 -190 798 -58 -862 899 -13 -684 0 -76 -516 859 -313 142 422 -1107 -84 -462 120 349 -647 566 -895 -1367 27 -994 -455 -94 284 -487 -1054 -213 -113 358 571 -20 -364 -352 127 289 559 226 277 -304 117 -552 -280 -515 192 544 222 321 203 -259 353 -35 887 -326 -62 898 -734 -254 -32 335 201 278 -474 53 778 510 56 -574 -813 922 -642 -260 -1260 -657 -490 -1297 774 173 -535 -176 -369 377 1065 29 -604 61 915 134 -957 -110 -226 -502 -768 -270 312 -382 176 55 -130 51 424 538 29 -84 -931 423 312 1136 558 607 -435 -1149 992 -181 -964 -97 -244 994 11 -316 -133 6 -533 -308 -570 -158 -128 256 -1095 -109 -1196 1226 -557 -371 486 917 649 888 -289 87 146 -1006 225 372 379 63 987 -974 431 -664 -603
-293 -174 -316 192 732 -475 325 103 -10 -154 273 493 832 -784 392 -29 -708 214 -783 -650 1337 226 -53 62 -500 -735 202 -115 -522 15 1018 -999 26 -233 -312 -645 179 12 104 -235 339 118 -381 60 41 609 -186 -99 1217 1054 -117 104 -41 -1122 379 123 762 -317 -46 -714 -137 547 -803 -303 989 946 -428 -446 780 57 695 236 769 59 -261 1056 -122 241 -262 -140 -231 -1238 -377 766 -241 -243 231 385 -761 -90 -302 291 -568 -421 -253 -382 1150 168 -418 546 -328 696 457 -334 -354 -621 309 -252 82 -619 -457 348 -620 286 98 585 319 1014 150 -1129 -547 112 -25 565 272 -563 -235 29 299 -47 -580 773 -483 56 174 -734 -370 -503 317 -1178 264 -192 -39 242 155 -931 -65 795 -287 -52 -505 -504 -131 -1049 282 -20 -557 -422 -567 -140 -210 516 80 345 698 445 -429 -909 40 270 -952 123 156 143 470 81 105 -123 592 -74 296 980 -870 178 -44 -96 -455 -631 19 776 22 1562 -378 -249 -4 139 460 218 119 -260
249 220 -366 -886 -175 -662 -517 -855 -79 253 -121 517 -1498 -227 -363 -616 -237 452 -121 69 28 706 -207 -879 441 228 164 23 200 463 -245 -153 117 120 -653 -706 -231 -304 9 285 -239 -10 -281 324 -393 -642 174 -104 -55 -42 -673 422 -233 166 -285 -75 557 452 -44 -341 743 -254 -296 -443 358 560 764 -366 314 -430 372 -562 244 221 432 -280 -152 -774 -444 584 -224 -298 590 206 -74 69 924 -585 247 79 -19 538 -144 -61 427 484 -425 -234 940 -684 -205 -92 -9 -319 485 37 -251 -119 683 200 536 -98 -406 251 -394 -358 796 -641 -133 659 -342 -599 -133 313 -163 -312 -65 45 -283 -197 624 342 382 477 50 -3 206 -471 -769 -323 76 354 103 211 -498 -145 -651 -818 -63 -1094 -201 463 274 -39 -209 387 427 278 -275 -526 148 -451 346 -585 -533 448 -158 -114 -170 -371 -398 384 -794 334 417 655 -174 602 -1025 -104 -688 816 634 -280 28 -186 231 -1035 281 230 -475 -114 340 -494 124 190 -314 117 -632 432
638 790 -423 -463 238 319 203 -273 626 290 363 -545 -484 177 -329 -217 1108 1194 224 94 -32 1436 242 272 -343 -265 -23 1117 52 288 43 -158 -975 500 -4 1556 371 316 -686 -45 -192 507 330 -350 419 345 266 297 -162 181 856 -498 176 -711 69 339 -91 -273 906 249 321 132 453 -310 448 -200 -130 1559 655 -434 238 -201 -117 9 -1604 -247 66 799 -250 992 1129 75 -105 437 766 147 195 904 119 395 218 574 307 -1126 -10 63 -48 38 137 19 -695 479 -100 203 -660 204 134 -151 -158 -17 -256 -108 752 396 633 -365 54 693 -952 -761 -59 442 640 63 536 -773 405 -97 -688 -788 145 -1671 369 -103 86 382 -469 -153 326 14 -83 -384 -182 -535 -1048 569 -493 -279 -152 1010 160 152 146 276 754 655 92 -268 134 653 123 -669 -199 390 240 -1203 -674 407 417 1308 820 -92 588 -1191 1008 -251 935 315 -1116 292 -1210 -1185 -617 -877 357 -40 -431 -72 -442 -1087 -309 -763 32 293 -758 61 650 -529 192 -661
-615 303 125 226 -472 1351 -217 475 -866 -448 334 324 -303 -479 -1284 -766 12 150 387 165 64 -549 1379 526 581 -294 86 -65 -549 404 708 137 -185 231 -176 -398 553 472 697 -1299 -371 78 139 -953 80 653 809 -356 259 477 -136 -78 577 113 143 -673 -516 215 51 238 299 237 322 -118 -1048 -57 -408 808 23 984 -729 365 -437 48 262 446 -229 243 64 -876 -390 106 -188 -773 423 295 -1479 -514 508 -144 -1017 -159 162 -852 -30 -799 -386 -155 -585 23 -180 -1051 -381 399 163 -546 -295 -679 699 -436 -580 -438 459 334 333 -270 419 -492 624 482 678 -1021 392 -35 -1257 -15 1068 801 375 245 -60 -54 -257 274 -198 108 155 -91 -420 182 158 138 -687 -19 356 -37 -135 99 -449 323 1209 128 -760 64 -378 282 -313 -193 -681 512 371 1095 -453 330 -279 868 1328 420 730 678 533 446 103 -634 74 959 266 -974 200 -818 56 542 593 -508 278 -965 6 -274 302 -95 772 343 -899 -1311 -385 951 -144 -295 -34 775
870 423 -290 554 245 -1254 -523 -125 -451 486 236 325 485 -750 -234 407 -899 249 771 391 32 -490 35 -730 -238 1081 287 -111 -156 539 -257 340 -51 380 446 -577 857 160 64 273 -917 545 509 7 139 986 404 403 219 -451 -307 373 279 -96 731 420 -83 -219 -334 -476 -261 -541 528 149 -120 205 328 -19 113 -178 444 -200 443 278 639 -365 -27 -506 -270 778 86 235 -102 179 -396 -875 1230 -22 -357 -882 -938 245 -878 -745 -1045 37 -15 395 -506 -1503 -425 -498 164 -17 176 -475 -201 76 266 174 220 12 267 -684 12 105 -60 447 -374 -69 -658 -44 160 584 46 565 -518 171 -754 564 -82 456 194 765 237 -725 -345 168 69 95 -268 -215 356 -23 -497 -230 -193 -927 -819 -1278 -920 204 -653 -854 -189 4 45 876 -143 -850 476 720 450 772 -367 967 -772 -190 480 -743 -229 -314 -55 1185 486 60 466 511 120 -264 -97 640 792 -27 -209 519 -49 -559 367 -193 -71 405 -115 -48 -70 1283 -147 184 -133 1835
453 504 1087 608 14 -799 832 -958 -498 779 1044 722 -742 -421 -266 685 110 -681 1105 -340 257 320 -429 -754 -170 1207 -606 -427 -477 -810 -101 625 97 -928 825 137 518 40 -953 247 -1175 -787 584 -385 988 547 781 -272 -460 -1281 431 220 -439 662 42 -133 -128 -140 -1029 272 -1007 203 91 -29 -48 510 -85 -200 154 -699 -712 -293 -337 -303 -150 488 -472 -101 83 -378 -305 214 -245 -9 122 830 527 319 139 47 278 849 -960 -318 464 16 -206 434 -541 -114 407 -116 -593 -633 -550 -42 1045 -13 -142 499 310 308 431 273 -385 659 27 -71 -832 -223 272 -73 -724 -468 274 306 399 385 -111 220 551 830 -630 283 817 258 -32 301 1100 -427 -443 -236 372 459 1158 -569 -395 -156 197 343 -626 325 675 55 -359 207 -440 -94 -459 297 -1 -119 -703 473 172 -608 384 -249 -120 -664 498 224 118 317 -450 -145 663 54 361 -914 -500 -264 -144 -799 909 374 -175 -500 -310 74 492 394 -464 239 1006 769 -568 746 192 941
121 -487 -706 -49 137 -489 186 119 17 338 122 -19 1464 -88 791 -410 555 -415 -698 244 -189 -109 -77 236 -1120 -255 891 -13 122 793 -140 12 332 141 545 277 -110 -237 162 1120 -382 680 568 -497 -546 711 -157 849 900 202 -844 -747 152 -335 411 -560 -338 571 114 244 111 822 39 -1 1401 460 -1067 170 208 -475 -249 525 71 385 -555 566 -607 -693 -1051 -681 748 -648 -786 -544 -314 -753 367 805 205 142 -428 58 96 -261 -736 -917 -284 -1050 -683 -247 -1283 -31 -314 -874 399 355 -297 -304 321 439 -128 665 -250 705 797 -368 830 -124 -2 -39 294 -484 -103 382 21 -286 -189 -816 581 -165 -28 -583 -604 299 -520 -140 120 -130 -15 77 -780 967 264 319 552 -173 350 7 -983 61 -1037 209 -533 -145 897 20 753 -487 121 189 -627 862 -204 1102 1141 161 743 118 1119 677 169 -353 278 -508 442 184 31 -20 -372 -534 425 596 235 36 -253 -53 -21 -189 -318 304 408 -104 52 -518 161 455 239 -428 361 -153
-821 373 118 -355 -248 607 -149 535 419 184 -1116 -47 132 -624 -92 415 245 -132 330 1075 781 -643 -468 -136 98 -18 -356 404 156 -358 42 1046 -27 -7 -414 251 -146 -555 -94 40 -477 -384 224 1380 -12 -582 -180 -884 289 370 10 17 512 -438 26 -953 -13 11 -347 486 -93 185 -21 124 -261 -77 584 876 681 404 -561 -306 -618 295 -633 -751 -288 -497 699 1020 7 639 291 99 680 -1510 149 -425 -763 433 682 -271 234 387 474 -138 -118 -1146 6 -337 125 -244 -536 199 -437 1067 -138 -535 -514 144 269 546 253 199 153 854 94 79 1230 377 -139 853 587 -296 510 -46 839 -479 -479 576 884 312 62 788 -468 275 278 -841 217 -477 -586 624 129 -575 -583 -178 -724 64 -313 228 -146 -589 366 431 50 -50 72 166 416 293 468 -524 414 -621 169 -69 440 266 246 -814 707 371 251 -758 388 -498 -163 306 157 306 -196 89 -191 1197 -220 -771 -38 -363 -359 243 -21 -705 302 105 -296 -1043 -363 -272 30 -912
974 -420 117 77 -280 447 -551 86 399 -379 -1315 119 39 -56 199 537 198 -140 872 -838 70 -534 140 595 222 -86 557 42 -57 149 -396 -160 95 -1157 307 -66 750 21 -713 -290 267 -869 142 -254 186 -81 -636 38 357 -156 -212 -368 -673 -329 942 -282 -223 -261 3 484 -295 283 -152 -164 -557 -640 -67 -545 -311 -128 305 -550 -41 -130 486 470 461 252 -95 -101 -88 5 -707 309 -258 323 -222 -95 92 446 184 -276 193 283 -128 -180 15 914 -95 52 -98 1015 -893 950 47 399 -107 -442 381 35 702 -658 -174 -611 -718 263 -376 169 -281 -611 -97 101 -393 -433 214 496 -400 210 -766 -491 -324 937 -668 463 -330 -86 449 -149 216 110 188 -171 645 -412 718 -830 -100 -330 158 -230 949 -384 -39 244 63 -615 269 -47 -461 -1181 -299 176 -164 308 -376 268 596 105 385 -399 -571 -180 228 -462 97 305 -176 -337 33 435 67 -753 678 -14 -256 1128 -1016 -299 -694 -174 -899 1236 -568 167 -153 416 -358 -575 -1530 609
-497 747 13 1254 413 -105 -288 203 82 -437 114 -584 -154 -54 353 -539 606 -745 702 -489 599 -356 785 -888 1134 483 -40 -350 -80 50 -659 519 327 -112 -339 -315 18 239 -881 500 -446 -458 -181 317 -41 -134 -102 623 -282 227 187 -896 -829 -52 787 501 -167 270 160 -295 -137 -223 133 184 -93 -671 128 -345 238 -352 -122 -365 740 -378 -80 325 -267 328 24 -577 309 1045 -315 91 283 20 -102 702 1272 692 822 -432 906 -885 -843 287 275 -606 231 216 729 -36 -354 25 727 199 -345 -268 -59 -254 -724 -114 -45 -267 -947 719 -426 -953 329 718 -240 -51 508 -421 -417 7 -289 674 784 -1126 -887 64 824 368 438 641 21 235 205 -117 752 -270 -45 -474 477 43 -86 524 394 -216 -605 401 252 858 -242 -74 281 -850 -686 -362 -545 -1315 -1115 183 -463 252 290 -42 69 -223 -371 -333 69 -242 -852 -486 -1114 206 -864 794 260 -218 551 350 569 195 -559 -220 -558 -651 -314 -608 -685 105 -146 -97 169 375 -472 632
-36 -610 202 -639 87 482 -275 -469 -837 229 -244 336 -296 -296 47 688 -570 -336 -792 380 -501 538 908 866 -389 659 -432 -27 -454 -665 1563 277 565 413 341 -196 -305 5 -703 -142 -116 -771 -330 362 346 939 -648 1413 712 200 807 1039 682 -226 -824 1049 808 -166 1241 -1417 -65 -322 -14 -257 -434 212 -393 44 744 956 -191 -51 264 629 837 11 348 90 -672 -738 -755 667 319 220 -382 -685 -234 526 -731 142 738 272 707 -22 -637 -451 -139 -428 473 716 424 -681 626 11 774 -331 -423 35 322 128 -254 238 -24 -466 377 680 151 -1249 -347 469 -521 295 -808 230 1029 225 -446 393 111 -316 527 -512 -338 -464 285 13 125 201 392 824 534 -58 414 -474 -638 -20 -428 334 919 -557 -312 -191 812 228 -125 371 199 331 -552 -203 -810 213 128 -629 419 978 -273 -691 462 -229 763 313 -633 755 189 38 -494 226 -291 147 1014 753 719 164 366 820 -767 -447 -68 107 60 19 -315 -617 -79 772 598 -400 -173 10
121 213 691 -1118 486 -398 400 567 -873 50 -440 659 -188 1081 -121 246 -497 258 -1510 1018 -316 -87 42 -278 248 -441 7 -1028 -583 -540 842 64 1097 1273 -71 1011 317 -213 -756 -175 -323 -183 687 -6 -709 -472 -44 236 -346 156 597 51 465 623 -63 265 1047 -72 1697 237 -1084 -89 -2004 -116 440 520 -899 135 853 1050 -860 -348 120 -867 481 -552 -525 391 -372 0 -897 502 -337 886 -325 723 209 -239 -253 -276 -186 391 485 -114 -688 -659 -1492 -345 -165 47 737 278 788 -164 280 749 1021 224 -694 1057 65 -47 -460 -943 307 -165 284 210 -333 474 246 1490 -177 -222 136 565 1193 -514 400 1328 1119 -651 871 -147 102 -371 127 450 1311 136 -285 329 101 649 -52 304 275 -184 -6 223 -863 322 368 -421 -359 103 765 -273 232 -233 -1037 -442 -652 1380 -50 543 91 388 -1151 610 584 404 1363 109 -133 -229 -611 -359 -4 198 -240 376 462 -321 378 -324 12 103 -482 334 -481 -420 764 -397 364 -538 -680 -142 365 -222
1137 216 254 -548 -270 -242 -446 -74 -1054 -70 -801 -129 -483 213 -13 415 -1009 -1344 -598 280 -428 -708 228 379 -383 237 108 -270 295 -570 504 -90 368 -225 -1134 766 545 -32 -218 -137 -37 -382 -790 322 -470 164 -443 582 293 563 94 -431 368 -35 -1111 50 35 -145 649 -184 891 -454 35 -17 381 493 -1041 903 -204 1553 -376 -942 -869 372 164 39 -193 -298 -303 -1514 -356 615 -184 -681 -941 -239 550 -182 -1003 150 352 596 33 157 -71 -962 -813 123 98 -48 145 -339 885 -329 -9 -173 237 141 -92 -27 -13 -352 365 29 -494 452 -35 754 -541 -219 558 -782 238 -386 540 -83 -868 -27 272 -362 440 -346 1201 -703 126 -223 -211 -206 502 -124 24 137 -375 895 -204 442 788 -390 701 -812 168 -74 -467 730 -38 108 19 165 12 184 162 -371 -624 236 296 692 -57 -658 801 803 -253 37 775 239 70 449 318 -26 -401 -278 452 147 1234 -554 100 681 383 229 -300 -571 947 -526 327 -278 -847 -270 261 -330 588 -323
-339 298 -332 997 -690 375 163 -53 48 479 -707 -50 -235 447 92 825 -67 148 -648 358 -199 -1056 795 -179 -208 -411 -375 -615 149 226 182 418 505 506 728 63 -377 -607 166 -180 -921 320 289 752 323 -587 -172 648 385 778 -753 184 -497 -186 70 33 236 578 332 -405 -119 1254 -368 189 -179 -16 -241 -476 334 -312 52 97 -219 568 -395 335 411 401 48 -54 -264 -63 106 290 656 -416 -628 -838 -559 -385 1153 -215 440 1039 1125 -788 -106 -275 -234 -467 -232 -415 316 -58 -347 427 649 58 -590 1324 -403 -600 -93 -215 621 1207 285 -304 -111 -533 -412 68 254 -604 243 -259 -345 -160 1001 -292 466 -49 376 160 -140 -689 1168 242 -397 -517 -553 332 590 -419 -746 547 -396 271 48 410 199 -707 436 40 523 -864 892 -116 -48 -184 256 -589 867 54 -378 43 563 891 772 611 22 -952 -163 -653 50 409 -210 722 -627 310 249 -574 -341 395 -425 923 879 185 -329 -447 -593 205 308 -31 909 0 166 689 692 -560
-598 14 -112 -630 -436 -309 275 -400 493 -333 -174 27 768 405 -25 -537 184 -364 -142 805 158 -28 -418 -103 -92 -222 533 422 289 697 -73 -218 -43 861 259 843 -256 -137 -9 -379 91 186 557 -255 363 -452 -599 -106 480 -495 -371 -696 118 -135 -147 -983 -664 -608 90 224 603 -182 -197 561 -438 -688 -356 -186 -647 294 -87 124 -995 352 -123 -358 1407 -372 280 199 -474 1178 -422 -402 420 964 -204 -600 1330 22 -241 -5 -836 -653 -551 -200 -1 -136 -596 74 358 -228 -292 120 43 -173 -124 329 -158 329 550 -56 -422 316 -395 163 -18 -524 -114 1010 -422 -572 344 -72 -272 -696 -465 577 -620 524 917 1147 -102 -755 1119 -318 158 507 170 -207 376 -315 -125 42 254 -163 -512 -126 -585 95 512 -39 -128 95 -60 328 -201 -492 -479 -314 -99 -219 -204 60 124 828 235 -269 135 591 -797 -523 514 384 502 -66 395 -288 -919 -912 -257 22 -80 -879 344 597 356 -524 390 -93 -309 172 -408 322 -679 164 -947 350 405 1276
372 291 256 507 442 -584 1797 401 -133 750 -40 335 -1004 -277 188 -430 1131 206 115 -449 -222 604 -372 593 785 -528 433 48 -101 656 -382 425 160 189 766 441 103 -441 -46 -188 -263 -653 680 832 -383 -823 -531 -638 -246 -261 -71 -408 -384 554 332 -165 -402 780 3 508 -629 342 -405 202 -170 36 80 -193 187 20 -639 448 -443 -154 -214 149 -323 -296 852 394 272 -43 -480 1377 -78 144 149 344 651 -967 -230 -173 1051 -107 461 897 448 -841 -343 900 649 652 -46 -593 -564 -567 -259 220 -886 -124 893 473 59 476 -536 829 -196 200 836 -113 -274 364 922 298 -284 218 300 -39 -380 481 816 -94 -49 547 17 591 -900 159 1059 -484 -123 -17 -265 -136 -444 779 -519 -113 -52 386 93 -20 630 -796 -588 -69 -331 -242 174 60 461 308 -217 -12 804 -409 532 399 -428 176 815 -203 -597 -144 621 -1027 431 118 477 -101 103 -121 -781 509 203 -638 508 -335 -764 1046 -402 -542 375 124 818 -1112 549 -123 -949 -552
-106 -287 634 380 365 -69 373 32 -428 583 190 162 -865 307 -337 104 -476 -441 536 1235 -513 -36 39 -243 1229 -418 195 -918 -243 590 414 -571 -119 -309 -256 -70 1226 375 -383 599 -133 -766 180 -401 138 -493 10 701 431 -623 364 835 427 -260 696 473 480 1408 881 -613 -316 377 -464 1275 403 173 -918 476 318 730 -728 333 1015 564 175 473 367 1428 -1103 616 -268 631 475 -719 -509 66 373 235 287 -404 -396 96 721 -354 230 -285 -641 -58 905 1089 -513 366 -833 -364 -559 510 -34 544 -1018 95 1217 -506 -385 374 -623 -169 -206 103 -382 -935 331 1150 1007 459 37 772 416 -36 -87 -158 -1727 -758 -217 551 1388 794 134 117 764 477 -571 313 323 245 -61 26 752 -466 80 -94 242 -269 446 1065 -124 899 -339 -656 440 -745 224 -875 -850 511 -862 768 -755 -640 -346 -336 1049 215 395 -1182 306 101 -411 -381 -182 -57 -276 -474 -640 -233 -205 376 -31 442 -50 92 271 210 481 160 -120 -208 -187 -454 -51 76
-14 -817 -592 410 -766 -658 -34 -64 -344 -526 156 -257 622 -156 -41 456 -190 99 119 -351 45 -134 -267 617 314 160 -29 -466 186 762 1001 673 -154 -512 28 -271 225 742 -415 -130 409 467 24 -415 -29 -656 -220 45 174 -891 -1809 478 -641 -389 204 -401 -414 898 -805 -225 612 -442 37 -120 -465 -384 373 36 1086 -451 69 837 149 -908 665 1053 -311 118 100 -319 -152 738 -284 -343 -113 -302 -267 350 -706 -1553 -529 1074 -257 212 498 -20 256 -90 493 965 -76 154 -149 -599 -597 -225 475 -223 -176 387 -761 413 -104 -1113 280 543 639 541 533 -269 -283 275 -375 812 41 1050 -1337 -112 591 -160 -927 431 159 -209 224 122 280 471 -256 -373 255 -435 494 317 -258 -950 587 -732 -319 -64 -523 -603 -1275 -864 217 784 290 313 -234 1247 -724 553 648 505 -77 791 828 231 -175 -95 -289 453 71 421 -8 530 -498 436 303 -673 213 1009 1035 646 -104 495 -102 608 111 -212 872 930 -647 331 1131 -26 -46 -166 -96 18
-803 514 270 393 325 -207 -262 -627 -9 679 1118 315 -142 -631 -862 1923 619 -789 633 319 591 -871 -688 91 690 -861 550 265 -13 45 -172 815 -626 -355 95 -164 -1128 206 453 200 0 -1492 -802 843 -1204 255 -628 -88 642 445 106 -870 -360 179 -315 -162 138 29 106 579 -488 -26 -778 63 -161 -642 489 425 10 -314 695 -601 -518 356 -736 735 682 -1104 367 -722 82 -507 403 146 -358 -10 -529 432 -1332 -143 -445 400 -394 -99 -736 484 -147 -180 -85 496 -84 453 757 -288 3 -592 -586 -138 -263 -877 853 46 400 526 -949 -284 -430 181 693 -168 -277 230 -70 872 484 -123 505 -138 293 -78 -1016 -230 28 -253 -803 -100 -385 1020 -810 -395 106 604 -674 393 -1169 530 -506 767 1105 261 -563 -108 -244 506 -639 -476 1256 7 197 526 -747 -59 742 -351 -47 -245 -252 -212 1002 528 -208 384 -166 1030 -162 0 66 1095 -728 28 217 -973 200 68 -58 46 -257 609 -73 -26 332 -247 406 -736 -236 -307 286 -300 105 302
-182 414 -236 -243 -793 -689 -500 545 -120 -5 -714 -862 682 474 177 -417 -777 647 -399 -498 -518 -375 945 522 -437 28 -551 794 1031 224 314 -567 22 609 -167 -397 606 -102 101 -17 607 1519 246 5 -35 744 111 -87 -556 -325 -254 528 519 -24 416 -54 -603 -95 215 89 -239 -573 -273 253 414 421 165 226 -371 433 -249 106 602 618 193 -27 574 1262 -133 686 -46 727 708 -662 447 -100 112 162 -1068 -1268 1004 133 469 -489 95 927 -114 -654 -893 -197 523 247 -775 77 469 506 -323 -100 -74 -43 -850 21 479 -212 1055 -217 526 -24 -1020 335 -428 709 305 -542 753 166 -966 -15 -516 -137 823 724 -258 -539 368 1169 1106 -579 365 -57 441 -519 -275 -113 465 71 181 -96 238 -1104 -446 -322 421 835 376 62 131 -634 357 -112 784 -291 15 -583 862 326 -22 -804 17 204 184 -523 -129 88 679 231 413 479 456 -186 407 96 -307 852 -912 -231 314 211 -159 1025 -717 880 458 -454 -458 288 -656 733 684 -961
101 321 625 673 430 772 159 556 -31 876 566 -335 723 594 -569 -39 94 95 -1005 -567 -102 -173 788 -390 -31 -971 -660 -754 662 -472 248 762 312 -254 -939 443 545 413 -189 270 368 990 -831 701 -626 156 -567 -451 -1032 216 -290 752 620 305 476 744 -585 358 1271 -51 247 -367 -1237 90 992 -250 -281 927 -893 670 -26 347 -329 763 -189 -774 903 -22 -101 -114 -478 2 -38 -262 460 -188 -375 155 9 351 351 -456 -99 382 -500 355 -838 -250 -686 -260 270 -532 360 -240 -132 736 142 -181 -434 -500 625 -268 481 -153 314 434 -1096 670 -963 -166 243 214 610 223 310 -172 -300 693 902 -434 316 -226 -278 -641 54 636 161 764 1171 608 647 -298 228 254 101 -72 689 698 56 -118 169 -1169 672 102 227 -505 -1188 227 758 761 -456 -74 -151 516 790 -43 -480 344 -847 38 113 -550 -1058 719 235 -6 -361 -39 -452 -132 702 -319 -24 105 -158 -295 700 800 -198 325 -355 -1046 209 853 528 -514 -15 1035 305 -1278
153 -303 888 388 -107 199 500 -969 404 254 -360 144 656 174 -112 695 291 -723 179 -33 167 -347 591 72 -619 874 -19 -257 222 -893 -395 83 337 -494 61 638 -901 -396 -608 486 -509 -410 -913 800 1435 435 -247 206 183 -489 -35 -776 -144 -444 -1004 -265 16 48 435 -373 -876 -107 298 771 -428 -1374 -308 625 -281 399 73 -309 99 253 -150 -403 303 -843 -261 -494 575 305 374 -621 -400 -30 -492 -443 282 134 720 -787 -251 -356 -745 898 -324 234 -253 -29 -45 901 -333 -386 -118 678 -720 467 -494 365 -126 681 -412 -304 -790 1110 -1135 861 -342 595 32 -32 -167 -447 887 -58 208 569 -282 678 574 1089 -454 -879 553 -294 -605 -94 129 -80 21 -1110 -878 -138 610 -414 -185 983 525 -477 -742 558 727 1049 -121 -555 -113 -549 -781 671 361 -35 -78 137 -45 -299 696 -4 -253 73 144 -60 -701 544 -885 -620 -61 354 36 -114 641 -338 -130 -794 494 539 501 -555 -360 215 1002 -750 -123 205 -316 830 -146 415 48 454
-510 -382 536 -548 -250 420 -993 880 -288 646 186 790 -75 444 -819 612 -228 -466 -733 1469 -32 643 595 -1069 369 -356 1000 -480 -568 -784 548 -488 160 142 597 461 -379 59 -325 675 154 -142 -467 -607 -654 320 -797 370 109 60 -578 27 218 -571 -668 -703 -459 42 -483 49 217 -261 210 -290 -263 452 -803 290 824 457 -401 -572 -348 409 405 -1037 111 -611 -340 -406 -215 -779 -866 -182 -102 -594 -926 -22 -234 -669 -152 -451 251 875 -308 741 -867 -308 -1120 -303 790 405 133 -174 -75 -686 768 63 172 -1057 -245 -255 -435 -61 776 -84 -866 -192 -507 340 -18 -272 -307 -512 389 -301 -984 -41 -26 687 711 -949 268 -656 -394 837 -753 1078 573 33 -457 658 -542 -193 -3 190 -436 524 -80 -334 416 -38 -385 -901 -349 -447 604 -315 154 337 -1142 -1174 332 -74 400 962 -503 754 -68 914 -62 190 -161 850 -31 -874 585 -333 817 -825 960 153 -92 -831 1659 706 -683 693 -794 261 399 -127 399 115 -391 509 313 83 101 278
-279 163 214 311 -526 194 -225 118 72 202 -535 1321 92 -685 774 305 393 -143 782 572 120 -429 -135 96 -488 518 2 414 -260 -52 -84 596 751 -914 -666 281 1099 1201 475 -851 179 52 362 227 474 -246 296 236 388 -290 -761 -19 -720 229 73 -215 228 227 48 317 -224 -71 147 348 -110 582 260 187 -430 -769 -777 -560 -771 387 464 741 -574 216 -52 127 853 102 464 79 -67 -245 457 1316 -517 504 -16 115 362 221 -937 109 800 -135 416 238 -579 387 -382 170 -1017 -744 -472 -135 552 1521 569 488 667 596 -339 -666 481 695 888 -108 16 873 428 250 601 381 -753 -584 350 341 -919 -332 -606 182 280 -509 451 341 -439 525 -404 89 -264 -1061 134 -25 -176 -813 -199 -497 132 131 238 324 -451 463 -114 -679 506 -202 536 486 -363 -128 470 842 367 230 303 -330 -828 844 409 -575 129 570 -262 143 67 -341 -1158 538 699 -270 -249 -54 -605 -356 -731 359 619 -770 -416 185 -886 0 -325 -604 -378 -88
-244 511 36 191 536 428 520 106 364 -1149 725 528 -145 -1308 422 101 -706 586 588 29 235 -1163 195 383 113 -599 -888 -361 121 -16 581 73 -339 -712 -1421 -45 954 -1509 -538 -343 -218 -777 -640 294 207 1409 -65 367 1166 170 14 360 53 256 43 -641 731 1361 -3 257 -1267 444 775 693 681 653 649 451 355 288 -576 -669 637 406 744 -73 -100 569 446 1206 -27 -1240 -385 1140 -493 -229 -123 445 -1338 -908 984 627 -174 188 -568 721 352 32 -455 192 -1014 -334 779 -74 675 -999 1056 207 170 265 311 -530 -101 278 584 -67 399 -511 -851 -517 -42 876 138 -25 -1073 -387 1303 -471 -635 322 139 72 182 -320 -4 666 -573 -445 -192 -38 -312 39 -74 407 -22 1151 1028 96 -400 -214 120 836 -942 -697 662 -610 -546 565 -9 1111 53 -344 -208 231 708 -916 170 -469 32 -430 1023 -218 128 39 -438 156 -210 -555 -307 -218 -1 586 -71 -137 -218 -1131 131 87 335 758 510 876 23 -1356 -251 -543 299 845 296 834
-537 -224 443 1051 -536 -538 216 -1284 -105 167 81 -46 -262 207 600 405 269 -1118 -24 -1160 -65 -586 245 133 -504 788 311 376 -583 -219 1127 -536 547 459 300 -331 -88 -458 -281 -485 -498 105 479 997 -597 -127 -563 763 984 1044 718 491 -112 -202 -603 153 51 -589 -342 473 -437 -780 157 -136 -132 392 -192 -997 -287 -86 894 749 -378 -378 408 1400 687 -1201 178 -1040 -475 335 84 889 184 764 -301 -1393 -202 -886 27 806 -442 170 824 -270 1471 290 228 519 -169 -206 298 282 219 -632 128 590 -350 -446 -95 173 -515 -489 -9 764 154 -595 595 -611 -664 1090 -411 391 528 -564 -390 42 71 458 348 311 288 -401 -742 -56 970 -287 157 -932 457 -234 -68 -230 171 827 -524 -102 -604 238 -524 -1138 270 -111 -186 537 -109 222 -925 747 747 672 -594 -275 -321 1052 263 -554 502 323 -486 -768 216 430 -793 852 -76 99 351 484 682 -445 166 939 94 863 -21 -236 -45 -761 189 473 -1571 136 611 152 -578 -764 171 513
-42 -134 724 28 -171 -742 -768 -648 -591 -11 -731 -457 482 -367 348 -1017 -163 171 217 -506 43 20 -353 184 50 -56 327 1467 -355 237 351 491 -945 123 -218 -302 -454 -129 -187 -139 118 -769 -191 552 -1226 -534 -500 -521 -216 368 -410 155 131 -373 -481 621 -79 -432 -413 488 -329 -1217 199 -1164 582 -746 -41 24 769 189 420 -470 -144 -469 -359 143 145 -979 576 287 301 -553 -284 446 -530 -30 -177 721 -132 47 220 -132 825 420 -207 570 213 838 660 -145 62 61 -514 315 -288 82 -795 -661 979 -414 971 667 417 560 -103 188 -516 -406 -86 1302 -557 193 -206 -310 219 -739 929 -1427 -1140 -87 -106 188 782 -276 -46 -427 494 219 -249 74 -30 390 -691 -640 -52 -749 -18 -588 285 321 762 -470 -208 -703 -615 -642 -417 817 -952 12 408 -213 752 -540 -604 -1189 -600 -227 233 -280 292 642 632 253 -95 209 8 812 121 867 -445 390 2 -188 -168 -1056 -322 461 -151 -769 -691 -32 997 -429 236 -533 1312 584 -52 390
-210 -169 1058 -637 -420 227 -194 92 693 -805 -881 112 674 775 -302 -84 147 -573 -1272 31 -125 -141 1930 74 -400 -502 420 770 -338 279 342 -555 -470 1292 -36 320 -54 -628 -214 914 97 -54 -717 -114 -658 816 -458 -125 -612 319 58 21 250 -734 370 -86 -164 -679 942 72 185 529 -118 -491 369 -423 -1079 -1956 91 -451 -103 -674 1045 -254 899 509 267 441 -929 376 -693 -487 -51 670 566 281 -484 -187 -495 -672 73 368 -246 -21 -17 529 154 -1367 -976 -119 322 -669 36 232 83 -282 -474 -637 95 -820 28 -376 410 -17 4 -73 -7 -724 211 -490 706 -380 -253 315 -581 134 1 115 -233 35 261 336 -211 -279 -346 422 609 -145 -164 -1095 -130 573 641 -566 -439 221 -850 -153 467 -819 -8 733 101 -1050 53 -373 703 -564 -244 -804 495 -307 -620 -151 43 200 492 -279 134 558 39 -1153 288 430 -228 -467 318 -290 50 -351 60 -482 -145 603 -657 -646 -306 397 519 -668 -462 1252 -392 -182 -307 301 -426 159 403 -285
49 52 -93 241 -366 -597 644 830 -191 -400 581 -141 146 461 3 513 -369 75 -1298 615 -610 651 -322 97 -36 -278 250 -1244 -519 637 266 -24 340 668 -298 -158 1062 -829 -58 -308 -189 -315 1275 -825 -329 245 504 -278 -391 535 -314 259 -401 313 52 102 1068 -133 -1001 239 -96 439 -219 544 -607 -316 -12 249 -68 -212 753 -35 -487 -751 316 -7 -668 -204 646 -60 -112 284 -88 121 -4 33 148 52 -502 156 -118 1006 -523 -849 808 -375 186 -684 385 -716 -711 -1482 -268 -987 -52 -17 150 459 -683 15 43 -102 -549 -366 -742 98 872 80 -549 -240 876 -292 -322 -140 521 -850 -164 -584 -60 58 264 -587 -453 -572 146 259 619 -140 71 -461 -1078 -55 896 1294 -1076 -229 29 -15 -715 545 720 -622 310 529 -171 -911 253 -1249 -345 -403 -848 -565 -340 385 193 587 633 -342 352 1056 -1323 -504 741 1059 -362 -653 -217 -76 -774 -56 565 -294 247 -457 632 208 512 -195 -144 -518 1960 337 167 219 -424 1090 -526 -365 552 821
-870 45 -294 -55 370 -324 96 910 -442 -364 -513 16 338 551 -34 -453 83 68 -989 583 -463 1546 -381 -674 248 -584 1124 310 -517 -301 -204 -91 558 696 231 583 249 572 -195 300 -506 -783 667 -180 -898 -751 178 416 532 119 443 75 85 -562 -159 366 -412 -528 219 17 688 379 164 302 758 -17 -481 -736 -522 148 416 -15 -40 -1758 586 499 -674 7 609 -335 -517 -264 110 56 144 879 -355 -527 -314 92 -498 557 21 10 1162 -371 -361 1239 1283 578 -387 -81 138 -755 -185 223 -127 229 234 440 -421 -353 -469 -479 708 111 -208 -308 311 1248 -537 547 -209 259 20 47 1261 -435 -228 -318 -44 -276 166 34 179 303 652 -174 -363 -79 -91 -408 57 16 16 701 55 -131 -172 -161 575 365 18 99 347 776 643 261 -601 -383 349 98 783 531 -383 633 -517 -7 148 -24 -495 110 -882 561 -562 -238 -857 1155 1269 748 -649 15 140 130 413 -416 -929 241 996 -323 943 27 -1005 214 419 -490 -86 -341 401 -405
869 -350 100 -638 173 -448 -708 -185 149 304 -1227 -972 -531 531 -328 299 -1312 -151 -543 503 -552 -425 107 156 598 728 -318 -421 -755 661 -316 80 225 264 620 -725 539 -765 -149 927 46 -248 -390 -824 197 1312 -751 217 -623 -662 565 99 211 577 -489 575 -312 249 -10 612 -208 -341 -28 58 -66 -28 401 1015 -338 -541 1045 -455 -49 1252 53 1004 -472 -633 1085 553 419 759 -470 -792 171 -324 -654 169 -634 -133 36 346 126 -54 -208 144 -916 195 -59 27 -564 12 -769 496 300 311 -1553 85 -147 21 36 -108 1202 162 733 -264 -294 -253 -927 102 507 665 -38 -224 105 -241 -548 -233 -852 -229 853 -476 403 -126 27 311 77 48 655 73 -446 640 -74 499 -902 -1020 -579 -1595 156 -68 -338 -153 -39 376 432 -381 127 -500 596 225 -366 -318 -931 968 -460 -119 174 -512 -240 1340 826 -355 308 838 130 270 -112 523 318 150 401 -824 -216 -449 -136 -62 -216 -118 329 261 -283 51 574 -746 -1177 950 -175 585 -915 -291
-754 -391 166 135 -494 15 -252 149 764 -218 -669 472 312 488 -36 323 847 -401 -92 -220 -40 -519 -646 -25 304 483 644 154 602 905 -509 -601 538 -795 -167 310 144 216 317 -264 357 22 -468 -134 -182 880 249 -94 7 264 201 -184 593 -101 -323 -426 381 441 -527 -479 1396 -487 -195 838 791 878 1002 112 -467 -836 319 510 -193 453 -341 693 -928 -488 148 873 -91 712 -538 258 502 -84 -746 -536 122 -302 -558 -323 -1073 898 121 -808 -486 -342 264 -193 -1440 -1139 -147 -659 -1143 -27 -522 511 -285 425 659 -193 510 -313 181 -823 122 579 198 -497 283 46 -567 -266 -220 -1043 52 877 811 -679 10 -253 -132 271 -192 -115 617 -233 -476 -771 -100 981 144 719 425 -220 -155 427 16 456 -700 921 461 -1005 217 -248 -794 101 -702 348 -5 478 474 -581 -198 -435 215 -875 -30 -853 -208 -263 -820 389 65 1002 -200 -115 494 522 -648 202 -1210 455 -994 159 474 -246 226 854 422 -160 437 259 -223 34 923 -70 297 569
328 -763 -482 356 514 -436 298 -784 44 -521 944 902 163 -546 265 -691 54 -141 7 -301 679 910 574 -553 -359 290 -247 498 -767 -449 -249 -427 -572 -456 312 -142 939 78 414 19 118 666 43 -259 506 163 -344 35 262 -307 -516 -379 -385 -63 862 -132 812 -52 498 -619 -659 -25 -378 241 119 374 -633 -997 779 -100 -676 220 627 -465 -22 274 -641 352 618 293 1383 -56 -119 904 -356 -422 630 634 183 -433 -207 671 225 574 -1191 469 1303 561 -249 701 467 635 1372 527 -191 -1518 849 749 -364 31 126 -407 339 -270 -260 -488 57 286 -74 -273 538 -210 -820 -901 -418 480 -101 836 -408 325 13 -99 1192 573 215 -324 -824 1039 -283 384 -320 -274 -56 466 706 106 259 364 579 888 -1469 157 646 0 -230 -771 -1141 -833 325 420 264 -200 503 9 236 -819 -379 416 250 -211 -65 311 595 25 246 -50 486 -638 525 217 -499 -206 96 -488 178 78 -305 260 577 583 37 528 293 123 266 367 238 492 73 -255
104 504 -550 -320 -114 -691 75 -111 -535 -554 -458 851 -226 721 -142 1161 445 -656 1060 1106 -638 -640 340 176 -182 -782 -4 176 86 -699 -744 -209 -57 374 -689 318 -1243 -642 -487 60 -973 -467 101 -265 -199 366 -94 -337 1 -1165 591 -268 718 210 -86 -259 -187 -362 -225 48 669 261 214 -367 -489 383 309 -107 -400 238 -838 91 -461 -197 -499 -39 414 -3 -369 -1130 279 -580 -622 -460 -674 -439 -467 -488 336 37 642 35 -151 336 180 -274 -42 473 171 16 -513 -126 458 -296 29 611 133 936 -609 -22 -159 747 -445 -275 97 300 305 406 506 -206 390 119 -388 -222 86 57 -128 -173 587 -640 310 948 -374 309 -21 1107 -570 -355 1142 -912 -129 191 -366 472 426 -158 268 -86 -535 -178 703 863 -14 -272 848 187 622 271 337 464 -384 373 -371 434 733 -1 -259 291 -274 83 451 -644 -390 -254 554 -412 224 -750 -151 -360 532 -5 914 -6 -332 658 274 641 -774 -129 -853 1102 -307 645 144 -649 -358 -265 -172 197
-269 915 -516 22 413 -619 316 569 -92 -384 49 60 329 750 -332 -359 -27 -114 -512 -291 -43 -84 821 -854 -240 -843 -718 782 178 -1236 -833 131 342 123 -551 831 -710 165 -94 442 48 194 688 -842 -1097 773 -249 -44 589 -65 -939 217 -480 -187 -776 589 -144 -948 -221 100 -25 193 -852 -731 -98 152 -214 -371 -363 811 428 89 -280 -961 287 -733 676 343 -13 -709 -1219 -272 -932 -85 -47 489 -67 -882 323 9 275 37 -592 -70 -584 -69 -761 -211 -144 -247 482 495 263 -130 128 300 -150 683 -548 -54 434 -659 -222 -187 560 818 -274 -67 198 23 -706 477 233 208 -487 375 -169 -383 226 299 174 591 -767 443 397 -492 -376 -438 271 -277 749 -173 627 -182 -329 822 -215 146 273 7 57 322 -777 -167 -644 384 430 -306 -119 -1072 -235 28 -993 760 212 -250 210 861 -634 355 316 -425 -277 946 -899 85 189 229 -404 320 691 -514 -127 264 -21 969 173 -150 -462 -905 -367 1195 142 -281 -551 198 475 767 85 404
650 -186 -194 221 -781 625 -480 58 704 -754 19 -40 -737 70 -703 904 95 341 -351 -552 -430 92 163 124 52 211 -482 -267 -114 85 68 127 122 188 263 -108 144 747 32 -623 316 635 -435 -196 -275 1 -302 -1832 -387 -157 -546 -417 77 -478 151 -50 -208 -590 368 -244 54 187 406 765 -173 -598 201 -114 549 412 -106 85 233 -688 789 -23 85 96 78 445 -29 849 557 770 -115 925 525 -210 391 -22 -330 -76 236 645 -350 944 -233 210 369 -434 296 154 -1214 527 -80 -227 214 74 -269 331 -396 21 443 -140 522 -68 609 -239 725 -273 331 -226 499 -498 -267 1275 9 431 -271 286 -107 -107 398 -467 180 537 1090 194 -679 171 -1064 445 90 294 -443 -869 297 329 223 -465 262 -307 39 666 -367 -17 -220 346 329 285 133 286 658 354 590 39 232 130 -250 -509 -255 -321 -56 -1224 1117 378 209 -485 -842 167 -735 -565 -303 1328 -134 -671 121 -191 -56 -249 -239 -100 -462 613 330 -205 -389 180 510 -333
136 213 774 -315 -236 197 -473 -8 -1001 1162 -657 477 -351 -627 -850 -236 -389 543 -219 65 -399 -724 41 -603 213 -964 520 27 250 858 -558 1042 -601 72 392 144 -635 -958 -400 345 -544 -544 133 -193 96 854 -11 -66 576 32 1037 805 89 -460 395 -441 255 -92 -836 477 -400 -25 838 -55 -136 658 -195 171 -1272 -1318 -312 -29 221 118 -341 68 -13 561 -100 398 300 -703 -358 870 792 -1110 -170 -721 -292 -132 586 -118 190 -164 901 -333 -488 -304 486 -824 -577 -424 -590 503 -545 102 -573 187 -255 -478 733 -482 -18 676 408 -704 50 -13 460 247 -288 1473 -239 415 122 -1149 720 -583 329 175 283 -705 -7 -572 177 562 -459 -317 1212 -788 -543 253 -259 -507 -345 405 -376 -771 -445 -986 720 194 -546 45 245 -577 710 -184 -1003 188 24 -80 582 -1174 -255 -501 325 -426 -46 210 518 -652 496 -391 -516 458 436 106 434 475 381 23 -413 397 348 -424 154 218 -273 -392 345 203 -586 599 -233 -546 127 255 -696 1150
-583 74 1424 -391 -272 -377 -177 851 -298 -102 33 -762 -74 251 -33 -27 25 666 -638 -167 -152 182 -30 -96 -35 -253 537 252 -501 -232 -34 -60 -27 622 1420 -602 233 -923 16 -430 -63 551 566 585 -69 408 -756 278 280 858 693 -203 2 -142 501 736 179 -256 798 781 -421 315 139 373 32 -545 -177 -453 -1038 351 721 1074 -114 28 -184 163 1565 408 -338 -315 -331 7 -582 276 -151 -649 377 -67 -570 -815 773 805 -481 352 -18 20 -383 200 30 391 449 -23 -778 -53 15 -203 -49 682 276 -297 552 -139 -149 -358 407 -1041 -362 -790 -228 -163 -150 594 197 240 497 503 35 -221 922 45 952 -456 -628 -428 192 -110 650 -64 58 -411 -229 811 398 -255 -264 434 -531 171 -100 1154 259 -632 969 565 -662 364 -310 6 27 422 1594 568 -112 342 -45 529 -81 -749 -397 531 451 717 -1163 359 514 256 226 -300 60 -359 821 -86 345 45 -134 269 -244 373 -315 -97 -783 916 496 -44 389 -393 -1130 612 124 -443
40 -292 -117 -708 414 -89 760 -115 28 -464 -186 530 -499 88 193 -410 653 -723 -603 -648 -170 -160 -74 -672 -375 -342 334 -1175 -213 -804 388 93 1011 -613 678 1359 325 870 -887 296 -10 -711 -534 -1002 -822 -1263 -499 7 825 183 -37 -1083 -846 -794 57 599 267 778 899 -680 778 485 -386 -107 624 42 -1136 -1193 -658 -469 -356 -641 -249 -170 -250 613 47 403 360 -178 249 179 -563 -18 -246 733 858 707 159 -426 -454 251 -1166 264 904 -598 -288 476 527 756 -962 -153 796 -232 144 905 -461 -120 55 777 -115 -109 -353 -124 -564 431 -557 598 462 499 53 484 -151 222 524 -545 969 497 -248 387 -1100 -478 382 10 -168 -20 398 -739 400 384 -767 -501 -156 551 30 128 207 -752 -500 -291 -922 -168 615 -623 190 -447 0 -207 132 -64 292 -947 -433 111 70 -102 231 277 421 72 141 393 -140 -828 130 478 -653 -133 177 307 -110 872 -823 -91 326 178 -297 1000 247 -549 121 361 180 1138 937 116 -725 -290 797 -859
-759 873 333 651 72 -55 -403 1036 -19 1180 380 162 258 -98 -121 46 -5 436 -181 -597 -79 -549 178 -125 -214 -330 -672 584 -454 -212 662 641 -720 1163 -174 -890 -240 -89 -3 51 -619 434 -243 142 280 -34 48 213 -441 50 764 -103 -337 -438 628 -550 173 140 611 -446 -176 946 107 -495 -83 83 -360 -147 254 95 115 -208 560 -774 221 1088 -95 53 1487 -220 -134 116 159 -17 572 -436 -231 -953 1116 94 320 -72 416 212 544 -85 -60 1013 342 593 668 423 292 1167 -661 -436 -527 -519 -272 612 -611 301 402 358 814 -61 -1246 -499 420 -17 648 204 146 -305 -813 101 70 538 820 -716 -907 248 50 159 220 54 175 1435 -567 -279 1245 -471 -312 -292 -611 -62 -352 -723 343 -190 389 224 -357 1164 -51 905 439 7 115 -343 -449 750 58 52 -1422 489 73 539 661 1243 296 144 -275 68 -853 -398 -323 -352 -713 -1500 668 459 -520 -274 469 -160 -78 -502 24 -189 -744 323 -722 290 540 -496 159 95 -312 -290
98 -417 141 217 217 552 -449 -454 632 -76 16 -5 -35 -306 229 544 -456 -421 273 -144 253 306 381 -242 550 -171 12 397 -139 526 357 51 -35 55 -1090 -176 -711 198 365 -526 -8 -158 -70 481 212 334 42 -933 -483 -1434 -1024 -133 -267 823 -623 303 -598 133 -67 10 587 -189 404 -489 859 56 181 -699 -412 -44 443 935 1202 158 -841 -576 520 -197 -263 428 369 -557 -341 -298 -726 -132 -915 -481 -882 -665 -486 797 378 1071 373 268 278 -1106 992 200 -338 202 -437 761 -1067 590 -875 -604 613 515 -117 845 -856 -220 176 41 115 426 1316 337 1275 -353 -436 190 -897 -90 -481 -837 274 -397 15 -638 -7 134 -381 224 398 -1087 -748 -445 13 745 601 865 -176 -739 102 299 -602 312 -14 -103 180 -345 -987 398 -540 464 621 61 47 -127 -31 -835 554 -224 -201 -204 -546 -144 -355 293 -1025 -835 1394 -418 -393 562 1005 -134 -714 519 -487 -676 -1442 -1184 -351 563 215 -26 183 523 833 738 104 -616 984 -398 421 -541
-695 741 -819 -190 -162 -315 -529 216 -307 -397 -186 -1035 223 -149 358 -135 -311 -29 -90 886 113 133 388 -349 17 201 -448 821 -708 -968 256 312 20 -262 -128 -32 -365 728 121 519 -549 613 -357 584 -423 432 7 -943 347 -179 81 708 93 -880 419 473 -591 -152 192 -274 689 -498 -159 389 276 -540 193 425 575 -18 535 269 104 540 -209 191 517 529 779 -78 -207 210 328 427 516 139 291 162 470 473 337 89 -3 -1014 -511 168 -853 53 432 185 330 60 -232 524 27 317 169 -302 66 -10 -647 -652 337 47 376 231 194 -52 -77 -445 274 -621 -268 -38 1 1334 516 78 -870 46 -878 10 279 636 183 260 218 -649 273 -242 -84 -85 -913 -524 -521 612 56 -296 1064 33 234 -102 -338 -201 167 -356 -775 482 -861 254 426 266 393 188 603 -662 -410 150 256 -446 436 194 362 -860 464 -270 -675 992 -954 -64 839 26 676 771 772 -560 -645 325 147 -1 -677 -741 -277 -294 -907 259 -79 306 -623 -221
1290 -125 49 -575 -405 -325 197 455 -224 211 95 55 105 236 155 622 -581 257 679 -450 62 68 275 -189 -962 167 -715 -973 584 -999 -434 435 607 -856 286 -597 -198 -1058 0 -551 789 165 773 131 -514 -97 -615 84 -162 -656 -501 368 27 -508 336 122 -44 520 -741 742 -207 473 -304 114 -149 93 227 -126 438 -323 -653 -135 4 494 -318 -1108 -1132 -47 199 256 580 208 -170 216 95 46 299 -334 -246 498 1326 -232 -219 266 95 686 99 578 438 -1139 332 512 280 -17 -240 665 221 478 -821 897 -171 248 -202 -124 -310 141 -183 96 -723 -609 1286 -290 -490 -230 -97 498 -466 367 -608 -404 -186 484 -21 13 -148 -631 590 113 -1001 922 -321 -1146 514 -79 -731 112 -293 488 784 91 -2 205 -96 376 306 -341 -225 -413 982 376 -349 245 658 -758 103 -301 -885 152 -20 308 -267 121 946 -322 -480 -89 -16 181 -174 -309 -635 519 -670 -511 -838 133 812 -24 747 909 -64 -221 651 58 424 -718 -74 537 -349 270
863 -261 -497 -198 -256 58 229 850 1052 591 -984 -54 -306 -232 -627 -505 834 269 -555 -669 82 464 -250 946 -724 -713 364 -649 3 770 -321 -91 -646 -676 -110 843 834 131 -692 -417 -352 502 406 -810 739 785 -164 8 -183 603 102 1012 -401 51 101 199 -68 743 1125 79 -142 356 -576 -480 -551 -429 105 251 -408 160 1127 182 -21 302 -304 -20 501 39 295 -134 539 58 -592 -334 -353 635 -517 -383 126 -100 -325 447 -3 222 252 710 -408 444 -45 -731 -729 -350 -1147 -240 -880 159 -646 34 101 453 -669 526 -244 301 690 284 -250 333 -800 146 1140 420 424 658 -254 -168 77 -421 -244 -29 705 -305 -1178 -97 92 215 160 -112 630 403 -331 -146 1032 790 685 352 -501 -346 -270 28 -155 -178 646 -199 -471 -1013 290 288 -836 -94 -201 -54 207 367 -128 -15 1061 -148 -414 1028 325 -534 -107 -1306 584 335 -395 671 316 -70 349 -44 -669 209 317 -264 429 458 609 -352 -582 -802 313 144 1039 232 -447 481 -676 -498
55 -258 52 -1 -846 510 75 -1406 -241 742 -407 293 70 560 -103 343 -699 -227 344 909 198 -662 -611 -149 -306 -221 -166 152 891 41 -35 309 304 -1156 176 -203 -267 -214 857 584 -189 218 560 360 636 238 -82 -793 -759 -686 -130 -596 -885 833 94 -52 100 -163 -397 452 -447 -86 -225 1281 59 -576 -275 -32 -274 -512 -458 823 239 92 57 -74 -258 -66 49 191 167 380 500 -238 -504 469 -308 240 -657 394 167 -459 955 195 -358 -31 4 -718 -467 -384 -264 64 -113 -584 74 95 613 -317 -1111 731 146 1049 228 -1007 558 -188 962 -254 178 -683 678 271 -329 -1202 747 662 53 -513 595 183 -161 95 1014 288 92 -163 446 308 215 207 -232 229 -311 -102 225 42 589 -266 -851 716 157 -31 438 256 -120 -126 176 -341 131 765 224 -366 62 -74 1057 351 432 -49 101 -270 129 729 -100 -107 582 237 -643 51 -581 -210 -1399 381 -398 328 253 -82 55 349 -90 317 -61 -609 885 -592 -342 -360 -640 -89 -243 1203
-145 252 437 390 129 610 -475 -293 -53 -439 360 156 -445 20 -92 -84 121 -117 1295 -211 341 -74 -540 -143 577 69 -27 164 -41 -120 -712 -387 -173 -489 50 -977 -193 -429 401 -125 -605 -382 167 100 447 -686 -245 471 -449 -731 -1347 -65 494 175 -370 592 447 848 -301 257 -283 -384 303 441 686 -576 565 -835 -513 114 -30 378 222 375 -169 -256 907 67 221 -12 253 -72 -124 -779 209 -336 -292 705 537 403 219 767 337 156 -233 67 -73 -753 -214 474 187 179 -1022 773 -40 494 -58 -322 373 -1043 300 370 -128 -125 -548 257 -571 -809 -813 -376 802 258 -348 -600 43 216 -1115 -128 510 -588 -317 397 -313 376 -188 686 70 -3 -967 -712 -339 -247 239 415 -71 -410 -36 789 485 96 205 50 117 239 305 1083 197 982 -743 1040 -173 -500 -1032 172 -1028 -593 268 -105 468 -56 394 -1140 -77 297 142 -170 -112 85 311 235 402 -300 -195 -789 -1012 287 450 421 924 -360 415 -62 -359 -640 -222 272 310 -242 529 184
396 98 613 56 28 121 0 423 15 -966 -802 455 -302 155 -693 447 111 -860 -93 -180 559 -927 307 -246 718 -63 -314 236 -342 -228 -69 -711 1001 -139 87 390 -595 -190 324 110 742 -1275 -562 581 1098 763 158 -365 235 188 -592 -719 105 -802 549 -125 -849 -413 -219 547 273 -558 298 -93 -325 -297 -1380 -314 -715 597 -368 127 196 267 456 278 -353 -757 -20 -293 97 -668 -344 429 -121 -553 -204 277 -788 986 447 -1937 -577 271 -97 293 1149 -122 -404 872 211 889 -171 417 626 -235 331 74 -714 276 10 362 -227 232 -495 450 -129 4 115 -141 -901 245 1373 -122 1405 -218 794 -978 -1050 -183 209 421 -621 0 -396 -837 632 1336 -656 -668 376 595 -612 -602 64 -494 596 -393 -246 -763 1029 -579 380 688 -39 133 54 -685 580 -932 600 492 68 602 776 -438 -999 237 -653 485 -79 -651 -62 640 -249 -1343 305 -849 47 175 -207 -620 83 -812 -538 -135 -932 -726 375 -85 727 619 -14 -506 -1696 7 526 -51 709 -76
511 -637 164 -159 576 -701 -137 -189 -193 869 -75 563 -153 21 85 -255 -277 596 650 -173 308 -617 448 792 422 868 -444 -337 1059 -108 -905 -31 -910 -367 1153 617 145 365 176 -167 -186 -617 -684 -809 102 -192 -22 463 -886 159 236 -217 -205 1875 709 -590 10 -221 32 587 -767 624 203 23 -409 -352 484 407 -785 -225 -306 155 302 1032 372 -1139 494 -59 -561 -374 -199 147 316 -400 -732 432 -65 791 437 158 -687 363 -64 376 -447 718 -741 -283 -312 -618 -418 -617 -895 -637 944 -473 305 301 -577 -473 138 603 937 304 -1143 203 -37 80 167 378 -207 -477 -427 -521 -179 134 -358 448 -393 483 391 -512 -1320 564 4 -80 -808 -109 801 884 730 -284 424 389 571 -367 150 462 -713 657 1000 1090 96 -373 -601 -39 127 219 735 221 265 -881 -278 -434 1097 61 401 659 -525 396 84 -196 60 545 -85 -177 1439 1077 503 37 -144 -230 -361 254 -516 -576 491 -115 829 243 146 -489 333 168 -377 144 651 -641 400 1068
-304 -655 679 299 -64 29 -540 -288 87 -279 -146 339 335 472 102 561 -185 -1100 632 1084 1446 -1540 330 63 -377 -306 873 -1189 1208 359 394 -480 -979 -864 -103 -1133 -394 -467 253 -121 30 271 -1248 -35 72 -252 -218 371 501 824 99 -64 2 305 1123 -15 796 -149 -46 354 -78 -84 979 287 -663 -1018 198 57 315 390 184 216 209 241 704 434 329 -30 -36 267 -24 -103 523 -378 -142 -386 -1302 59 520 -446 885 -442 239 -238 275 -711 583 -716 -700 -157 -273 211 -1021 562 281 -1077 472 -246 -469 -284 1313 286 79 -508 -25 1143 -384 -537 -124 -152 -462 291 329 -1095 -248 -847 -200 194 -471 -253 278 619 -499 5 -181 639 18 1259 -281 -200 -211 515 -501 -729 -343 -165 67 -493 74 -402 589 -224 -420 270 -101 -1112 460 528 -123 785 -43 245 552 18 -49 881 610 236 533 -301 -540 -509 -437 -228 -504 -492 -1210 -277 -419 -222 30 -68 -445 781 -470 698 693 395 153 -196 190 -466 293 423 -367 243 606 481 -500 520
-384 953 459 753 307 9 -497 68 22 190 23 560 -553 930 614 -1385 -160 274 1254 1167 -755 -485 -248 -623 619 -78 23 902 -171 92 -64 316 -677 -98 158 136 -422 600 -275 711 266 -232 471 -194 736 -24 249 -583 80 381 588 635 -468 86 -92 -3 -210 523 263 291 -775 54 352 -131 72 282 -436 -279 196 -498 242 168 -247 374 177 99 307 -478 -577 46 -465 494 -465 -343 -486 630 356 10 445 -382 -364 -296 313 279 -14 95 443 635 -321 631 87 626 -548 559 -507 835 -663 -1218 55 -1030 278 164 688 -152 -592 -2 -335 -308 -410 -70 670 616 -194 -917 -901 642 -310 26 -337 459 384 -947 166 768 1117 530 -54 -1012 809 235 -328 349 -297 174 42 -110 210 -247 -985 819 824 248 11 -33 132 -45 -147 -287 208 132 481 -1145 -780 656 -957 350 -273 -161 -848 452 -73 127 527 -1576 -355 62 598 -374 -491 -49 303 -795 -852 212 36 -274 -738 594 -58 -187 -482 308 -1021 -371 -329 26 751 -107 -254 -319
114 -524 237 -734 -175 60 39 145 251 488 -194 121 654 333 -672 483 -285 -41 306 147 152 -351 -276 82 705 -224 185 -415 193 -146 -134 236 134 -153 387 281 661 -685 722 594 574 209 -565 711 830 -344 -24 412 -163 477 -713 -194 -1314 -163 -351 -18 1 -468 -275 307 -279 -10 -357 -103 -672 367 445 20 -91 226 560 -224 963 272 1280 738 -94 205 344 -391 -266 -774 285 -104 -7 191 -760 456 -370 516 615 -670 142 13 -161 -222 380 1032 480 -310 31 325 883 669 605 -794 526 150 148 218 -44 -373 140 -145 969 -316 -652 -757 -663 230 -432 615 33 -796 765 638 -647 332 332 -423 -250 505 392 -568 87 -510 -716 1246 -262 1008 865 245 -887 359 581 654 30 -220 1180 169 -100 -43 14 1041 -407 -405 -754 -309 -273 364 742 -18 -249 285 -287 -86 -76 -73 -357 488 -352 -119 -228 1450 -456 -794 -153 140 158 -533 58 -480 53 -376 681 314 491 186 706 682 -116 47 348 -78 -550 10 -433 -279 -657 194
-225 332 723 325 328 1122 -579 618 -496 791 -176 850 -112 -720 82 645 13 950 386 -216 -690 -385 654 -1112 160 1040 478 145 402 995 -974 7 868 -758 -124 -12 -224 373 -203 -548 122 399 -6 181 873 -164 653 -383 -747 -441 -777 -336 -327 26 -49 81 -1249 -27 141 -968 234 -800 -103 139 -30 128 -18 48 705 49 614 15 16 -456 530 369 910 -809 525 -103 106 1459 683 -308 -906 34 1035 -366 -332 -610 -133 -362 -243 763 338 -85 -539 -508 797 1143 327 451 -936 1230 674 983 47 516 667 -609 -313 181 -547 -1211 73 705 -333 283 857 299 -1030 65 577 -301 809 512 -600 738 244 578 -374 -857 -619 786 -575 23 -25 177 162 -263 140 402 381 569 -194 -279 -330 77 -237 -433 187 -594 -247 334 -395 -177 529 1091 -885 -519 303 213 472 172 -560 134 -342 -269 -625 -503 -27 -85 966 165 -516 215 -200 -379 -365 881 -255 -287 114 569 44 117 -62 -790 -746 362 -60 -98 -572 237 14 458 -102 -336 581 13
-580 -533 453 -333 515 -64 -487 99 706 -73 216 462 -1296 -315 -1115 476 -300 824 71 59 -97 1060 209 203 370 707 -263 -689 -463 -227 -310 118 81 621 -137 -348 -661 -159 -386 442 -427 300 -695 11 -261 -289 -508 -483 503 -155 -529 623 126 156 -343 67 298 807 316 832 508 -603 252 33 -588 316 -352 3 -75 760 -45 -572 1100 122 1079 -6 785 922 -1052 -223 -968 -699 -838 468 -961 930 400 -27 -49 551 683 789 462 878 260 -132 -868 -47 -432 1110 543 -923 -413 -568 -204 -1258 404 141 -293 -871 513 824 22 235 -16 434 758 -631 -463 -525 -632 -719 96 -325 -325 227 -795 68 1104 -720 579 -193 -135 -152 151 463 238 203 28 146 108 -29 788 502 -520 -463 337 -69 45 -69 181 49 208 1205 -215 160 -193 -128 -764 196 479 -988 329 161 105 172 507 -334 -1176 529 41 678 -1095 21 -232 -794 45 610 -319 -158 -159 6 596 359 -327 1068 -70 -238 -85 399 -504 40 -212 -427 -351 -179 -535 -50 -472 226
93 74 790 -241 -1 -53 535 -465 -454 554 194 960 -526 458 -275 -367 421 -327 295 -462 249 -55 -436 -326 -159 159 -729 -502 -335 -605 128 -88 982 -556 -884 -57 387 -500 20 -352 941 -763 -297 -46 -6 -460 -1339 -597 -1325 -582 -403 294 -135 1202 -422 -858 892 179 40 520 213 -461 -923 -12 -266 294 -1120 -844 1168 93 -752 583 -16 -58 1109 634 709 -158 -266 154 489 -279 -479 620 -172 397 84 976 -66 -108 624 -83 -450 510 888 1092 1271 -314 1007 437 576 63 51 920 384 -1224 131 -190 -103 443 1083 -133 182 -64 -955 494 57 -51 406 505 262 -372 -844 -685 868 349 -3 421 -35 -158 -243 267 -594 143 507 262 -118 -213 -257 -711 847 20 -72 273 42 -97 -642 356 367 756 -758 385 736 88 -473 -476 34 -795 -806 -524 -1 294 1347 -256 943 35 -181 -705 14 -36 -636 63 -701 -254 581 -95 332 501 97 27 456 -422 -85 -1220 49 160 301 104 -843 -356 -349 998 182 -389 716 -161 496 267 -306 -441
-212 -255 648 533 -563 807 -844 547 -134 113 -585 285 -730 -1185 388 315 -465 -728 659 809 1164 -329 395 127 190 544 298 879 472 -204 1384 -388 -159 540 -518 698 69 418 323 -905 -258 142 -199 563 777 715 144 641 850 5 502 502 -279 414 -288 -933 -76 -188 -522 -132 -367 -131 905 -163 -9 655 -87 1413 436 288 -516 -458 -157 265 307 694 151 -359 -251 151 -324 -436 -121 -1128 354 -25 -902 -461 34 -461 -40 150 11 -642 -93 66 449 -728 -105 -164 436 144 104 748 -199 71 69 389 -72 448 -860 73 366 -525 926 -421 1026 -465 519 -971 -5 257 382 -35 253 -992 190 -16 -36 302 390 -1059 -274 -512 -1040 -510 881 424 -220 427 -41 1118 -68 -148 157 -576 -201 -940 249 -86 981 -190 -230 -377 -234 -152 -263 -71 218 -196 516 248 376 -551 -581 544 -49 206 9 821 536 157 -144 -1086 -1256 -9 454 14 -478 -610 -17 243 -726 -115 -309 -198 116 -400 -251 389 547 715 -574 -358 -525 473 1216 -1202 172 -51
-263 212 670 954 3 -760 197 30 312 355 390 79 -466 48 468 -375 648 -568 349 -412 103 431 -486 470 1200 -622 310 83 -696 491 232 -402 -860 -137 -210 -439 -230 251 -17 456 -600 -88 158 -437 -307 -181 25 -13 95 -104 774 -374 394 236 67 575 -862 -515 -73 183 -509 -181 -549 -294 22 -284 404 -438 -1152 -200 451 133 539 -347 62 126 -910 1015 -211 -374 -848 160 388 44 391 663 -360 -4 1136 110 -741 758 1355 -530 -142 -348 -169 -240 -19 655 -174 -417 531 -273 281 433 -381 424 148 -258 -395 -522 511 222 -297 -173 564 -1323 -73 -254 687 64 785 -223 -527 682 438 -105 613 -657 -412 -345 594 447 -731 633 -138 -602 -31 -373 -520 123 -100 -149 152 287 665 -447 -539 -489 -272 850 81 -94 277 401 -293 168 -1025 -287 -1013 -416 -292 -345 -164 190 -488 -187 5 -18 83 -790 -545 -447 514 -414 -132 -7 -503 950 392 -1017 -385 1165 30 -533 -1410 149 -311 593 -1561 307 -830 76 73 -1037 258 -254 -1043 676
-350 -792 -488 -255 1082 631 -195 100 -1047 1096 336 594 -284 -155 -79 -827 -814 1163 318 377 159 73 237 -2 21 -435 -114 -492 733 62 -535 881 -871 -5 -262 37 -230 -249 -767 175 285 -257 -269 -422 76 -60 823 -649 50 -909 217 1580 -701 1027 -70 -24 336 -190 -253 416 220 540 -705 -795 -90 157 -617 71 168 768 358 1478 850 -224 297 331 -729 -613 345 -440 -151 70 -184 365 -352 33 97 -175 -406 -288 253 -140 228 498 -278 23 -819 138 -679 43 938 -348 150 -182 -1746 -381 901 -261 -182 -480 -855 -651 -454 726 679 -280 -262 430 -26 84 1310 47 -105 66 -854 -40 -288 316 -347 -176 281 1107 -321 -185 491 62 -681 95 -322 -93 -380 -67 -437 -472 53 1054 -337 188 -308 117 299 718 -1625 871 -685 -779 34 -530 20 -113 154 -859 -169 747 -429 -691 340 432 -1180 1092 -366 -28 -771 854 -860 -942 427 326 114 -188 25 -263 -1224 -379 -554 671 -448 172 303 303 -44 73 -198 -100 -5 493 -825 1016 -96 -42
443 745 1356 -163 -614 -49 373 659 -169 796 -226 -955 239 411 852 452 -331 46 -173 180 -707 48 502 -300 -437 -414 -1098 -294 -236 577 -168 -59 -17 -86 71 317 549 -402 -220 323 -519 -164 562 59 490 836 -312 -38 -811 -38 -213 -223 453 -623 243 138 377 58 815 709 -706 351 -341 -145 -270 474 -553 -562 1173 779 238 943 93 -175 1011 33 438 647 389 -562 638 324 -426 169 485 -416 -181 430 -648 -946 380 201 38 839 -103 -825 -136 -144 275 274 563 518 279 83 689 -259 435 449 106 -164 192 -463 1132 -1369 -288 -976 -712 -656 -7 246 905 -113 19 111 -48 716 -821 -185 374 -625 -279 386 127 -44 462 -158 -150 -262 344 199 -94 -358 943 -64 -280 722 -537 483 400 1109 587 61 -21 619 -405 -622 -372 -550 345 -921 -959 414 -327 88 48 -585 502 -273 -407 105 837 -390 66 530 -552 -323 -983 -1203 182 163 1305 -669 1152 436 387 1241 -471 -679 -213 -158 -685 -14 -584 -76 210 47 -193 745 909 -148
-459 20 -212 -701 -987 269 827 -270 -1084 503 328 372 -329 393 484 508 243 262 -255 567 -1208 -485 257 -1119 -489 -8 -201 -713 635 15 173 838 263 -557 116 -380 -300 -1137 -631 -106 -377 -347 1028 -44 -605 -274 -126 -920 -72 -336 -1126 406 373 909 402 439 368 997 74 -258 223 254 -861 -40 -779 1636 854 -548 503 237 501 176 -9 -666 669 -569 -282 -1010 393 274 75 442 -25 -262 -458 804 -321 195 -1313 -1799 775 374 -863 117 513 40 -117 -972 1120 57 -490 664 -173 236 -207 783 587 -78 177 149 -105 -45 -554 -437 471 832 349 -909 -162 145 44 634 94 -418 316 -493 501 -479 625 663 740 -456 863 792 -1218 -817 491 -351 -641 398 300 -55 391 189 -957 777 -497 168 -668 -366 -276 -252 77 406 -655 -704 197 615 -782 -902 231 -547 69 -470 898 -355 -246 866 -149 125 -228 -1007 -803 1182 400 -62 -396 1211 -289 687 23 448 292 259 -196 -15 325 256 139 -241 -1110 108 924 99 49 -566 -333 -334 842 949
-460 88 285 426 216 -536 43 -9 -384 -497 907 239 215 185 857 -329 -165 181 -144 987 -232 -346 -1071 691 156 323 70 -184 758 346 -567 -267 3 -149 -112 -715 -90 -1025 400 -58 96 -344 345 -88 219 -805 -234 108 312 332 -704 -128 365 -660 344 -338 469 -145 -662 792 37 -710 766 -112 -253 -426 -15 287 556 681 575 456 -279 -71 485 63 333 -135 117 -437 313 -1455 -259 -95 -906 68 521 156 -126 452 -431 385 517 949 605 322 120 -334 668 -850 -57 -371 -823 61 -999 -214 -107 34 424 -707 -426 512 -397 30 111 1121 352 51 109 -7 106 -107 -589 925 1090 -156 -694 137 -269 146 618 -989 -64 -87 -382 -631 -31 -531 -201 -513 -406 614 -720 -57 -417 -186 -238 779 -468 30 660 -46 618 377 -549 -136 -773 736 -375 478 108 -1053 -118 582 363 549 183 -796 -196 523 -280 565 -369 -45 -158 -803 215 467 394 887 -253 708 -732 523 -263 207 125 -572 357 33 739 359 288 -364 422 1076 421 337 842 -33
293 285 183 153 90 -1422 -14 -75 128 -761 636 989 -514 88 -409 -681 486 -27 117 -519 250 615 -1119 -178 -582 393 144 126 154 -350 -261 -440 -142 -228 -747 -462 -524 453 -65 -571 238 -805 -49 -101 907 -1237 -429 384 333 -3 100 -866 704 -650 597 1017 -272 349 270 -69 276 -72 -758 248 60 -651 940 -241 432 983 -396 -1078 101 355 -196 1397 90 327 -578 -531 -209 -691 -1185 -475 74 129 587 1641 -144 432 -171 -363 -237 632 464 -420 21 924 -373 -66 -143 144 389 682 -395 -713 -288 -652 351 -583 518 -41 108 -486 -552 589 -699 -1521 -740 199 -619 182 -702 160 276 93 -12 -98 21 50 370 -690 312 493 583 -379 -425 -152 -512 -908 856 869 -513 -105 774 -541 -229 -192 -862 -761 -361 -220 47 -539 -483 380 -269 958 -261 433 439 -126 795 -83 85 570 359 -216 -432 -1346 -402 1057 -1061 -1103 1444 200 981 334 -268 -184 242 331 -437 57 463 669 37 -27 -435 584 -621 752 214 104 1040 457 717 778 -538 656
-139 335 446 361 -316 -505 -97 -782 -745 21 -125 234 -69 48 -578 -348 850 -26 191 607 384 -1044 -42 -1527 293 -135 -506 235 4 -195 -1067 -30 -209 151 82 1090 -735 1226 140 652 -877 -274 -653 143 60 269 -744 1510 -154 532 423 560 -677 263 39 -571 -195 -188 -827 719 469 95 413 370 -337 -233 -244 414 452 -837 494 262 -907 251 -588 585 -243 -802 -86 -394 -306 -392 465 -804 488 -382 162 -1273 840 571 185 -1247 366 132 499 -740 -469 -300 472 -1036 -600 465 -235 -915 94 864 70 36 -899 545 334 381 -326 237 -1221 -669 -386 843 80 311 -2482 142 723 -278 -75 -326 260 700 621 -115 -155 -17 446 -299 -635 -692 -172 655 256 -380 61 87 -1112 -277 145 -594 169 -14 -366 327 829 929 -245 219 41 -1038 81 -756 369 1036 -506 287 -441 -217 -459 161 674 678 -570 -59 -293 187 836 -260 -964 261 85 102 -454 -454 -105 -311 301 722 792 -422 69 -481 -447 339 522 -315 -1034 527 -470 -105 446 528 294 130
-953 -132 227 91 -153 277 14 296 1023 98 621 -34 62 -589 286 720 -338 144 1113 -1364 -295 -347 -166 504 432 277 -405 -630 -631 -634 -980 88 -538 544 -323 -444 -238 248 1088 -91 353 875 -496 -170 626 466 570 -384 197 -167 534 682 728 -316 1389 -148 478 -162 -344 -1035 809 -8 -337 -302 -343 -582 363 -152 -334 1481 -357 -559 630 -693 544 23 75 -223 -315 581 -398 366 -198 671 -532 -25 404 761 -110 776 -158 307 -919 544 126 880 160 283 -136 744 1368 -71 432 -120 -110 -1392 405 187 -708 -877 -245 276 -61 367 -361 101 466 -1118 15 -424 -547 -1240 -99 966 -582 488 -291 927 662 -292 181 818 156 247 9 -453 -889 5 -621 -394 -461 -419 -207 305 -688 -525 555 453 -602 -132 -177 102 -228 293 865 162 462 -673 58 -822 -586 11 349 -49 431 -173 147 451 98 -269 -1039 567 -477 164 996 -267 558 -157 618 139 1120 -712 142 191 -247 535 256 -389 -573 140 -919 1132 -371 -227 463 460 232 383 -508 415
334 -286 403 -562 569 -505 671 -180 684 54 2 501 -53 239 690 479 21 677 304 -413 -534 -1034 185 91 -600 -136 100 -559 725 -269 246 -804 372 -448 178 -243 78 -576 -459 775 187 1096 591 -425 -619 279 -619 387 35 -19 -126 -67 -261 -12 468 587 0 -283 609 -29 137 -108 -623 1178 521 -379 -218 -655 -739 -784 -602 -382 188 -372 800 -272 394 625 -325 -365 -157 657 -143 183 -7 -56 337 -949 -123 -585 545 410 -553 -63 840 974 254 1071 -395 -207 -888 498 972 -102 549 736 605 -475 833 -295 -353 -239 662 -143 226 583 -140 -138 -389 -101 155 -300 149 -40 -155 426 -72 265 -1096 190 -707 -317 372 782 296 349 -732 331 301 -227 -116 -757 -562 896 -354 -747 794 -471 -627 -322 -683 31 262 1065 774 443 -429 -459 432 420 122 129 368 -348 187 932 337 -19 104 121 86 -390 20 473 997 511 -1076 -46 -1324 -1149 -465 578 -296 -42 15 -312 481 446 240 17 992 -528 -237 532 239 -268 -204 136 30 919
-114 -317 196 -938 42 430 -425 189 -818 19 -702 314 311 531 688 299 184 -455 -464 73 -1420 -1025 -241 1 284 638 -399 698 557 -162 256 -232 -341 0 -709 -542 259 -730 149 425 -289 137 446 43 -261 -120 71 -221 -64 197 -149 -129 -658 -543 -247 -751 -1145 -31 334 791 91 -698 -499 239 -204 2 29 -178 -196 -407 -15 356 -495 -641 -211 -687 -902 -410 944 410 445 -156 1107 -333 471 -416 325 277 -139 -660 554 20 -513 268 -267 327 -592 -439 155 578 -173 772 -555 341 -53 175 -299 -726 -190 667 -330 578 -436 -490 -275 256 -125 -591 460 -5 704 135 651 556 224 89 336 -871 -447 -10 -18 -473 -53 643 -819 -408 -480 701 -929 1175 -44 661 -12 -430 -1039 208 365 -1668 313 -23 -383 337 -862 -708 361 1049 455 -181 -557 758 91 -130 -108 -307 -59 406 479 73 149 289 270 123 1081 825 845 210 -249 -201 363 -87 74 -324 785 19 -476 95 409 -1324 33 -340 798 324 368 -1171 130 964 340 -509 192 -655
-495 276 -522 427 198 5 221 -300 -475 738 892 659 310 -50 305 -527 -81 358 433 182 431 800 631 -134 -385 259 -615 973 657 -905 102 441 330 264 377 769 -665 427 -428 -284 -533 -64 4 -823 -341 675 181 823 -730 -696 -157 276 345 35 574 -692 402 94 313 356 -189 892 50 -345 70 4 -641 74 -311 -701 -928 338 -432 269 -561 -721 -2 281 -342 -92 181 -596 -559 665 672 143 258 368 1072 500 648 189 22 -498 272 1034 399 757 -326 -867 377 -7 584 265 -347 450 -302 -609 52 -190 75 -10 117 55 -299 -74 -28 -505 -668 -102 -142 -346 -569 -532 404 -683 411 642 -453 272 -568 74 -687 -9 356 722 128 -101 95 -299 134 -524 -139 -964 282 645 -1066 282 -752 437 249 932 743 188 896 195 -248 -177 764 184 367 484 228 -601 795 465 175 -482 610 -129 965 832 -693 -751 733 -188 712 -151 -536 -661 327 603 -999 -993 137 -179 -40 -58 140 -353 -273 -31 345 126 461 150 646 247 309 478
-113 -291 623 -462 -366 -275 -595 -914 -440 661 184 143 -699 15 164 107 596 -329 -359 -718 -342 365 -26 370 -56 279 593 8 269 559 -519 27 -760 239 887 281 474 233 -785 -409 280 -209 75 -502 -671 417 -277 -249 -106 1034 1517 387 613 570 104 -557 279 -250 1031 153 -250 -137 -19 -290 -354 -214 194 176 237 -196 326 1730 799 -221 -606 -57 1481 -147 84 50 -168 437 -23 857 -139 61 354 680 298 -535 -134 1232 284 102 -121 684 -996 -193 78 -101 522 11 -372 663 138 -780 1009 549 -269 605 495 783 782 96 -571 -591 -72 -668 -806 350 -826 111 658 -477 326 33 1001 -901 337 802 771 -751 -594 367 183 1019 -62 185 536 -666 -301 421 1110 -771 360 -25 36 -651 -111 496 -472 -761 302 5 -683 -393 -559 1216 -52 325 483 -986 317 134 -18 -223 1158 -659 327 -171 318 769 488 -819 1314 782 912 -81 -786 1155 -267 -562 66 -315 -138 -47 438 -43 -794 -401 -469 -1076 1460 -443 628 237 1192 262 61 1306
218 -855 4 -1020 -526 504 -842 -488 185 -518 -387 483 206 540 -744 562 -1024 -20 -985 1067 435 -762 475 443 -237 -479 198 -632 -361 251 -116 -389 400 -37 -23 -99 1076 325 -66 -240 451 208 -484 -110 -96 708 -282 -145 156 353 1161 205 788 88 519 -501 545 -839 462 -602 163 993 152 174 -825 -69 -223 629 -34 1004 -59 96 -794 -73 1076 472 -126 379 204 838 -272 1081 633 -761 422 -253 136 -242 -911 -156 1243 122 -957 80 -270 624 -691 292 -38 -236 8 11 237 219 -395 528 537 -780 -261 -189 -750 -1207 -85 150 939 161 -907 847 222 -2 623 533 -638 -563 -115 709 -252 1223 -230 85 573 886 219 -554 91 -584 205 -253 -236 -457 -576 -857 -316 -660 1178 47 395 240 318 -493 -817 -202 -212 657 419 499 675 -109 -744 -184 57 -360 -541 879 118 640 71 460 218 337 -93 424 1017 -302 -36 -319 -188 -24 257 -680 -380 -32 188 190 -64 120 980 -1043 691 443 -167 -793 522 189 -700 -216 -923 907 259 -17
-482 -410 -163 -201 -70 -416 -168 -462 386 454 -428 31 -400 596 92 -615 -609 650 1238 -1130 435 197 405 -349 -531 484 -56 353 500 -977 -456 -50 326 -260 223 149 289 -79 -763 460 504 202 18 322 233 -156 -625 -177 -223 285 -383 -370 -144 45 -599 281 -308 -737 177 44 -34 122 248 3 699 107 -104 357 501 127 46 99 585 -645 -142 -750 63 192 828 177 8 -664 -179 187 74 -222 154 463 75 523 887 276 616 419 24 -507 -70 -14 -514 48 -422 609 -58 1030 -34 136 -133 -542 -168 -764 -170 409 389 529 1202 513 -398 507 558 -241 -408 -42 727 -626 -115 -397 40 135 -748 -804 -702 554 -968 495 35 381 136 -612 360 31 -467 -432 -918 -727 109 -292 -879 424 -527 -73 20 -653 843 273 626 22 -501 -739 371 -63 -10 -290 -239 -359 398 379 336 173 -137 -524 -648 433 -398 -955 -75 -466 -336 556 251 -128 392 157 -920 290 -803 -340 178 434 -156 356 732 434 -223 -89 -645 1239 -250 466 468 -894
205 313 197 305 488 327 75 -1221 -446 -619 768 -685 -213 318 451 64 195 -281 -176 481 77 -452 -627 724 31 -100 -470 130 412 -64 1168 -450 -147 346 1007 281 -1094 -204 -386 141 -747 -464 -7 443 233 365 -763 -39 -631 28 361 -824 103 37 -32 -136 756 -172 457 479 432 656 214 -272 245 -240 -1298 29 -472 -595 -58 455 -460 70 -621 837 -703 -246 169 -956 -47 -778 177 -397 563 1476 -39 -553 -420 -192 70 -455 -177 327 271 527 -837 319 426 -475 515 846 316 -258 -593 -53 286 74 -101 -381 -268 260 580 311 -345 105 932 618 493 -1152 884 -327 204 102 412 -212 -87 309 -635 -194 -164 396 742 600 9 -849 47 408 328 -328 540 561 513 -878 13 -980 -199 -723 1017 424 -28 -425 -59 69 183 -71 445 -356 681 -635 -120 -260 -832 1032 -175 -195 217 343 -454 237 574 655 415 454 2 -357 82 -596 -1042 26 61 -205 -324 -74 -656 -20 -526 -340 -372 -750 -519 251 136 -467 651 -486 34 -345 476 -150
-616 6 -820 -34 -247 -130 570 943 -236 -90 196 -233 -609 -100 244 -764 -201 1245 -24 -260 -28 73 -188 24 1017 116 40 -189 -550 416 332 596 -589 -326 -413 350 -437 128 44 261 457 -215 322 -273 37 193 173 -226 185 -1022 -588 1009 -353 160 -160 660 -606 81 -1261 975 1581 -288 -217 -474 -36 -532 -1384 -229 334 -260 878 51 166 185 -331 -197 1065 296 -678 91 445 -199 -203 -123 -198 -43 -307 -582 1470 -246 714 -638 676 322 226 62 236 223 -294 -236 211 456 -30 -205 603 732 -272 -313 -661 605 -557 -259 -592 88 -941 151 -50 804 -612 321 -461 -1323 129 461 -18 -305 -410 701 -1474 12 -744 497 185 -675 59 -281 206 316 -634 358 807 -211 -324 -201 -34 201 84 842 -566 -25 631 890 -286 -288 176 -78 -57 -526 -305 -1372 -964 880 63 -448 -463 525 78 -194 -378 -591 130 -47 -262 -128 223 -335 -494 509 0 675 -162 -182 389 -551 263 300 785 -542 -187 -262 -370 -14 -48 -239 -783 235 21 193 -279 265
-113 -25 -313 -431 722 401 398 -216 257 53 450 -338 -1164 110 -156 -674 -38 8 -86 -103 -761 -842 359 -815 -968 -502 738 -929 238 9 -139 -337 -327 208 -698 -186 329 144 160 -126 831 130 -466 -835 -131 96 -579 -305 48 482 706 179 889 -157 333 72 -322 -403 1299 934 73 756 1079 -642 -130 498 134 -289 -232 -521 341 -526 -11 83 50 -858 663 1199 -1130 -503 137 499 -66 837 -277 147 -51 -407 -431 390 1296 210 338 -269 62 -486 -341 -207 -594 133 -197 710 264 580 1295 24 -433 -414 167 -887 175 -216 351 491 -367 -1044 -291 682 -148 -222 -100 686 74 -597 95 -151 140 -293 -114 274 -882 189 -536 -288 181 -84 -620 134 -437 -218 -87 -934 334 -1084 -165 790 -857 -79 -292 -76 1115 -190 30 1112 -481 472 749 -39 890 121 -883 1011 -510 17 413 768 259 652 198 -26 865 -26 269 -540 19 -235 -29 -297 -764 780 19 -950 371 279 188 322 129 -507 -758 -474 227 -920 -36 -316 -227 -44 -272 -224 -134 -339
751 152 -337 -115 160 -216 -253 599 -244 214 977 470 316 163 -410 -227 459 218 17 -197 -190 500 -52 530 -1396 -507 -418 -107 733 89 -1201 1197 746 148 55 -182 -439 -154 -314 -257 923 290 582 -42 473 -125 -1000 230 -130 -395 204 -1331 -96 482 -348 -124 -440 -200 -592 -366 344 -251 -521 412 -430 88 3 273 562 -469 420 599 -835 -387 -1250 874 -627 17 780 -126 260 98 639 354 135 -220 40 1347 227 15 440 -191 194 -175 -256 516 58 41 -583 433 655 407 -255 -590 -586 -307 -1336 -238 985 295 -46 -444 -474 460 666 -828 -960 -56 674 169 -94 536 514 579 -559 329 -211 346 94 -1195 -707 571 -29 466 774 467 -206 465 209 322 1089 -863 95 -225 -668 517 -39 -21 364 45 -144 -249 -498 390 132 38 199 -129 -103 89 -251 -85 500 -1020 222 -658 49 212 1142 676 350 302 651 9 -350 -378 -199 -315 470 -88 6 564 22 -319 -676 -42 357 -402 319 613 109 -529 -471 31 201 -616 220 466 -26 -563
1549 -434 -273 188 -205 -283 23 429 129 -37 -77 -840 -413 -348 228 -842 -606 -99 678 128 916 -149 77 765 618 529 -416 270 499 167 -709 402 -97 1278 -116 -111 255 283 -280 -174 138 -159 312 -109 439 -250 38 -103 -8 -1304 704 702 -623 -269 527 690 542 -477 -1394 510 -248 -247 20 -9 492 -55 -658 690 194 91 366 519 -941 689 -404 297 -1032 582 -233 -655 -73 -187 418 -88 -210 -491 733 -399 -227 326 1082 -387 303 230 197 -1 522 1316 332 -946 1146 -312 5 -37 -747 97 1173 485 373 -470 -92 26 -682 830 -578 -280 -317 -884 -146 -103 296 -937 -298 -916 -186 246 -788 -697 -1105 -1463 228 879 786 -667 869 193 862 -373 356 -421 -674 599 -827 468 674 -991 15 166 619 432 163 -677 -142 923 -682 -1292 -1484 -632 801 -104 -18 -854 -39 -701 -984 -560 698 -1228 -727 198 -611 412 482 -863 362 -380 396 -633 262 608 121 -20 -267 496 283 147 -757 -344 -298 348 -288 412 -260 -170 327 301 -398 1420 -728 -1470
-61 -549 54 798 -655 638 -147 -143 648 -818 -186 860 65 -49 21 561 159 -654 371 657 -640 -455 700 298 63 61 -166 -1196 -418 -584 -218 179 -831 -282 -159 129 -102 529 -61 463 136 -284 -658 24 -551 126 -33 -667 904 -261 -27 147 732 -364 30 628 -270 402 -443 -300 273 134 -899 -754 -709 55 -568 332 -7 75 325 -292 856 223 453 -223 176 298 153 405 213 218 5 -251 468 288 -664 -434 964 896 1142 -19 152 1710 268 457 156 366 136 -409 -1087 -849 81 -55 129 673 -222 -353 -639 -209 -398 -408 -230 1362 76 1086 -316 -885 -75 861 -1165 -853 415 -814 -455 155 93 1559 -56 -394 -251 335 126 -706 337 -329 48 300 -696 399 -541 -37 -761 160 240 -583 -275 78 315 -862 267 -61 852 245 491 -592 -747 -508 48 -343 14 239 -144 -377 -340 18 78 245 -389 51 668 -331 -581 -1267 114 -449 -82 279 -10 495 -286 -799 -616 990 -606 95 300 179 -375 234 -857 -208 -180 518 -500 -80 -786 157 -166 -170
330 -374 -820 -127 248 -1816 305 -723 345 28 -98 -13 37 483 360 421 365 1187 -1056 190 -1057 169 289 -205 -351 612 227 821 -20 25 -529 -1530 -427 798 398 -544 -79 -92 -819 660 -979 -282 -74 -234 -65 -22 -368 256 -515 -687 -96 -1304 749 -330 -302 281 267 116 -1014 261 87 -133 842 314 -195 760 997 397 405 -122 292 -48 322 -531 328 783 386 192 218 35 -68 -7 -76 -512 -183 2 -119 -401 1138 -136 364 161 -661 440 353 -245 5 -203 -289 -371 -1032 -488 -424 -45 -583 1 343 668 -651 199 -502 1209 -706 -326 -109 1036 -735 615 -264 351 116 7 -152 -431 38 -111 -1249 -370 -119 -517 -463 472 -1228 -248 785 -104 375 -158 377 -330 -17 -662 423 -485 461 -157 -143 566 -267 -257 -939 352 193 63 595 785 -656 807 -1143 329 -75 543 -529 261 -153 83 113 -356 26 1148 71 -72 197 795 100 -339 -381 -80 455 -152 -372 631 75 306 -26 1423 337 -1108 -820 -159 -713 317 -891 -83 550 -96 -388 672 -19 689
