189 677 623 -320 255 -239 -364 672 -322 692 -574 -838 -155 -1155 -994 734 -627 99 -362 168 -511 -89 663 330 -447 144 324 -1219 600 612 -669 691 42 -1603 -191 -570 -223 -133 298 -456 -826 1293 534 702 -816 -659 -57 107 -936 -256 -64 111 218 -471 1025 1109 95 -224 -152 -7 -417 863 -853 -670 -637 268 174 133 -958 -189 324 27 369 -470 94 -205 297 -588 -302 -263 1461 221 -664 1368 389 322 -930 -243 134 -239 430 467 829 -705 513 -734 121 570 138 809 -883 620 181 131 405 -1461 -328 101 21 473 -519 378 687 366 -429 494 237 -548 -581 -285 152 865 -116 111 959 -192 -216 677 452 1546 397 -91 782 -268 -281 301 -774 313 359 -606 269 1033 112 483 -600 2053 61 -306 -290 -1024 687 -854 1213 491 332 -414 -78 -38 38 789 -377 -336 -802 -455 255 776 -1178 -545 -1592 789 -930 793 279 -375 -272 -198 -433 -257 -1365 -291 136 -13 -8 1072 -511 648 -376 -124 -2095 -581 -1123 198 -124 644 -82 91 -1123 -615 -125 -525 -34 46 909 304 -173 473 -1268 -688 423 -533 -448 817 323 921 -69 -562 -745 1181 278 -1227 490 -190 -1984 189 163 -420 630 871 100 -1444 1493 267 -507 -1037 -843 -882 451 686 -398 -142 1102 -1257 1358 -590 99 -603 -204 -1310 356 242 -791 -1425 114 -119 34 -418 37 -385 492 -144 -588 -255 381 -294 218 1107 -4 1188 334 -652 -500 938 209 950 -148 1299 514 676 -323 1071 169 -739 -606 -106 -262 -535 579 -133 736 997 949 -24 -1294 91 1113 -318 1182 250 -1349 -112 7 -418 -110 -133 923 403 -630 -1280 1111 186 1072 766 -16 1333 -2086 -1263 -369 1435 -519 -506 941 -48 -3 -329 85 -998 676 390 -1321 721 -820 -954 1167 -138 -827 195 -122 298 117 205 -382 -605 1075 -26 1558 454 -821 435 1055 -73 157 897 -1456 492 28 80 698 84 -169 513 -116 -699 397 775 515 -1425 582 515 -1379 1259 -101 672 -326 -737 96 192 706 -886 -410 252 -339 -583 845 -858 -375 247 928 -80 237 340 -748 -589 -904 83 585 421 -179 -313 473 336
-99 55 -916 698 -202 310 430 526 -478 435 -115 -351 235 626 563 510 -682 852 -1321 672 747 -1418 -2166 -2300 -453 564 112 343 -112 -327 -199 -1303 -8 -608 484 29 -286 380 -53 -454 -205 -349 -306 936 -570 416 -590 517 -699 -729 816 1274 -837 73 436 901 -794 328 -416 862 -477 -1203 -679 457 400 1049 1103 -504 543 -39 524 -28 -521 116 -110 310 594 85 2056 -1174 -203 992 -497 1241 -144 454 -500 525 362 -416 1077 -1225 353 -2337 699 -664 1169 1086 -48 -492 32 217 77 -4 596 56 -253 683 1198 567 -29 41 102 101 246 298 -377 -1077 100 339 -178 529 -306 -69 -870 -477 -237 565 316 -731 -19 -20 164 -658 -281 -75 192 978 445 999 -538 1016 272 -895 948 32 -756 -54 804 -818 1133 1328 1220 85 179 768 236 -203 -692 583 -10 -122 1693 134 724 248 -710 -325 -122 -313 460 344 375 -436 367 -110 131 -1064 0 497 -1125 -102 -625 469 344 -85 -1339 137 920 455 165 -239 568 384 616 170 -574 -709 205 438 -534 -10 69 -342 517 -1415 467 -805 -176 1067 -561 313 688 385 26 531 -434 -791 54 1430 22 1068 263 148 -380 -410 -441 27 -191 649 81 -346 1449 501 -849 -144 7 466 -627 -328 -620 -16 103 -270 120 1141 152 -538 -577 -264 -226 -168 -327 -687 488 464 713 -289 371 126 -1907 -225 712 -646 -853 107 152 -387 -415 965 -343 -159 -901 -1039 256 -112 502 -713 -1063 -75 -1277 -169 129 477 373 1028 643 -826 1564 361 265 -11 106 -1694 -1040 1072 -11 -483 -676 202 1531 -490 680 -165 -394 -590 -861 1385 1578 -674 1622 -306 1107 1030 198 -662 553 -436 -902 -234 -79 1076 -233 -443 -263 -276 -198 264 166 -1120 -189 244 -1018 -518 1029 -825 -1326 95 442 769 -859 -274 533 -272 -573 -686 420 556 1386 201 -329 860 -71 -173 -843 357 50 753 982 -37 467 723 -981 108 -144 -600 447 631 271 20 -910 863 1809 492 1048 577 907 -1277 -156 289 432 -629 -12 220 1941 -306 -690 -603 95 149 -1194 -1720 -368 -66 455 902 3 -786 44 -333
73 3 354 1195 592 641 -1061 -607 1020 2180 -369 144 133 348 -676 122 1163 329 717 1054 351 923 674 61 641 -638 -216 679 -218 -1183 437 558 -495 978 282 -439 -419 -76 -1169 -607 -613 -896 -1049 133 578 304 564 786 -678 -57 -500 -5 -309 339 -1067 -533 -565 375 1015 1050 -1032 -1225 428 1031 -534 -797 -383 646 -658 -287 528 -361 -100 55 -380 -645 -1036 365 304 -373 830 172 568 -142 1015 745 -1295 -50 -917 -1729 194 1152 -278 -890 931 -131 -951 1564 129 -817 -340 956 -160 1550 463 -1237 77 1691 221 467 293 485 557 68 -485 885 1622 -1159 522 -455 -868 403 -902 117 -437 12 -125 225 394 -100 748 -763 221 963 1121 -992 290 -209 336 401 -53 -214 -42 691 -907 694 294 -55 -667 180 669 -816 -332 -921 -125 1013 2553 1267 25 176 -258 250 445 -20 284 823 29 835 -784 22 554 -224 852 196 -382 496 -1223 -159 494 406 -281 493 676 -504 708 -122 -912 -52 706 -346 -893 -774 -184 -854 -713 -1043 911 614 425 -822 451 -1266 -34 79 -125 -1317 -969 -1265 -376 -233 -469 881 1634 -737 703 807 115 -1374 14 714 -526 363 1743 788 -1477 -1310 -684 -1174 -914 293 -317 -1814 554 259 1192 -307 -104 317 -731 -186 -39 320 -561 -764 -227 213 921 -552 -162 -638 343 -1006 897 279 -370 886 1135 2378 197 663 80 583 -383 653 447 -70 -721 322 -1079 -1117 1666 1350 -1354 -1218 1791 -629 -638 -139 855 343 884 403 -1212 232 -1310 -300 652 -576 585 -1342 -462 -1811 -79 669 479 -1074 -985 -40 -374 511 -1502 -644 841 66 -480 -1187 377 787 412 -812 780 -343 -1082 391 963 -581 1270 -1096 363 -617 -139 42 1263 480 873 -571 -985 472 191 291 -77 1339 250 71 200 -138 1672 235 -681 -357 -89 -726 -253 -667 -1748 -1541 -316 54 -252 277 -288 -571 -419 553 963 1127 749 351 1890 -813 732 1515 -715 -663 451 -844 92 -814 279 2095 1101 -577 -622 838 331 147 165 -1310 1043 -532 456 699 -194 743 -503 -34 -1522 -507 1229 297 409 -141 1284 584 297 -1141 15 571 437 -851
241 437 441 -433 -740 -591 674 370 704 1036 -473 -1227 -1281 443 953 -1487 686 -449 752 530 707 -507 -1424 -1497 -758 -730 585 929 -480 1173 -565 -252 -623 592 -119 -66 1526 147 -266 227 1134 -1032 -780 -32 -757 -463 -187 -486 774 -637 1040 -189 -1529 -694 -226 243 -721 1573 -354 69 612 -467 -1855 1330 492 864 -658 377 351 -144 -501 908 239 -314 -942 -1299 -286 368 1166 -804 677 464 849 587 745 -210 1248 -721 666 -871 -611 -90 603 -1213 -1689 34 -719 -965 -785 59 482 -1136 71 -410 850 398 521 218 61 -1828 -265 -285 211 1588 634 -592 125 1339 -578 74 374 493 -854 -443 -1349 248 -858 317 11 538 607 -1058 651 -25 -617 316 169 -83 -602 -414 -119 -865 61 -1204 32 -410 -512 640 139 -269 281 -563 -108 -14 -927 -86 773 -51 376 -114 -1087 -140 -1893 -1395 711 -355 -321 -901 384 -1383 579 21 109 -1578 291 -201 -1422 552 -605 511 -1031 628 524 244 139 -457 932 -723 -371 -334 -864 -632 22 -588 548 75 -335 -58 -303 762 431 696 -853 -669 -522 -278 -839 231 -522 -190 394 -109 229 659 1064 195 -927 220 -417 48 -275 294 476 -1112 315 333 -568 304 198 -192 -242 1284 -1244 320 1623 -107 -519 152 -988 365 1001 428 656 -385 -1103 -12 -227 -735 -676 680 688 449 -415 29 226 -378 997 -1340 -622 -396 605 270 -1039 1520 210 -203 395 367 880 -387 -1073 -890 1031 -2011 -787 15 -733 0 -476 -130 -266 624 1908 -101 -619 -992 213 502 314 243 -617 552 1255 -159 57 205 1067 116 -216 560 489 -490 581 123 994 1661 361 1239 840 -803 -107 -602 296 -1122 -35 -43 127 1335 -894 -1006 133 199 -87 808 12 989 -217 701 -1158 270 -1709 491 -474 326 -746 260 924 236 1879 -212 154 -465 -466 527 -525 -1499 -1826 -1720 -259 377 -1508 1110 -480 -281 242 758 25 -1164 -878 -1176 367 32 296 -472 475 -1489 -1090 -370 -186 -265 -177 2015 -514 549 -262 1086 -674 -738 -245 1395 869 -544 -670 -113 890 328 87 268 -632 -1389 -568 -1212 944 -444 -533 -514 -616 -305 792 -791
-261 -537 -802 823 301 -600 655 -548 -846 208 -174 297 177 -1377 -998 -501 455 -1200 -515 2138 -967 -1076 -432 -395 282 233 666 31 -73 -45 612 -333 672 394 -88 1430 265 767 -1133 -125 -939 -319 348 -371 -937 -638 309 428 -131 -556 -15 874 425 -584 -602 -672 271 -660 -1716 577 975 983 366 448 355 41 201 489 -421 -292 -649 -249 -1213 -340 1655 340 -401 285 85 -914 -724 -140 977 -675 -477 400 546 2178 246 677 -99 343 -572 7 -453 -63 1376 -356 331 426 -656 106 284 1255 -46 -1092 857 51 833 171 760 -316 -785 691 -1635 406 -500 -1359 -347 -1717 -991 -856 913 493 114 -912 -150 633 1595 -575 -622 -1225 -452 -329 -571 624 -326 -1203 -537 -27 510 523 437 4 693 907 281 -205 784 -24 -280 252 487 -287 1129 765 -457 -371 432 -234 -1729 -717 738 175 -1157 -559 22 1536 607 1248 -105 466 -593 381 469 -50 313 392 -376 -303 -773 462 1017 -1601 -158 -1555 -7 -1168 -350 -355 -157 536 1368 -4 -367 194 1024 -1478 1635 806 -478 89 -281 -723 302 -579 542 794 234 -529 -662 24 13 855 867 253 703 1431 175 566 -1200 809 950 127 -250 820 835 -226 418 -883 12 534 -1008 -596 -1043 288 -1079 460 612 1606 382 569 430 -241 -1144 -366 1082 -461 -1219 -747 -1225 -567 -439 -672 -87 1298 326 -1127 -29 1490 -848 257 570 -651 -747 457 -208 -872 -253 -3 329 1337 -440 661 -698 413 -723 -1305 -335 -920 623 -101 -256 -371 -1248 32 1164 -355 -1013 -372 1446 -435 30 -32 -1084 -765 -168 -1471 268 -253 -819 -432 -1531 469 -1842 540 -520 2067 -1389 -566 -226 495 1095 -476 -643 -1114 240 -541 -46 -868 -2 -148 446 646 -793 -170 -132 -230 -570 -678 526 -480 974 -492 -1 -1030 130 -148 211 541 -584 334 -785 -1089 -17 1918 332 -148 652 530 492 -134 102 23 -697 321 1738 1019 343 -89 -323 -1522 335 88 -686 -120 782 411 -394 -691 278 -173 53 -439 154 1320 -1101 821 -963 1180 -398 417 -678 -41 638 -151 650 -678 783 1037 210 320 -970 -105 -143 881 603 -159 517 1128
-168 -46 -275 -637 48 1404 -438 -943 -1151 -749 -935 172 -703 61 433 -204 -871 493 -684 -340 -1224 329 281 -1465 388 -125 237 460 -598 -1289 326 -78 -860 353 141 248 726 490 189 255 1218 -274 -436 756 325 -470 152 879 0 -167 -344 1520 -618 -86 13 -1168 91 -734 -467 -22 203 -207 -1665 776 -616 16 260 -264 5 95 -415 -272 -125 -976 962 -271 -989 148 1114 173 -444 125 7 183 597 327 292 -257 -822 -684 336 277 -374 171 704 493 -399 83 -683 -342 880 346 1394 283 -934 707 -587 703 -976 481 -889 447 2 -244 -885 -316 467 388 -91 -306 479 1140 -389 499 1129 -607 343 -260 -818 -583 -1016 1089 -49 561 -1105 527 -366 310 -280 604 54 225 726 200 402 -1130 -475 -471 98 -320 -639 -244 93 -513 -445 -32 -456 876 -344 683 -683 938 738 -375 124 1042 716 -830 489 -286 300 -617 537 232 173 476 -438 -1207 -868 191 663 326 109 713 129 1610 -1068 -1088 692 903 -94 760 710 1509 -667 -221 -1000 -1139 85 -958 -994 506 1236 -490 521 -920 481 557 445 -312 762 -773 1238 -473 -325 691 740 -170 -544 475 -188 -1487 169 600 -598 -58 26 -365 -852 -1185 -500 -1341 -385 -562 1214 31 -1172 -321 1172 1262 -760 227 -1305 712 -508 754 -724 -173 294 -1479 -965 -62 -749 393 136 -216 1149 -364 -27 594 -167 -521 634 15 -1385 -683 702 -694 618 -194 930 -891 -820 -504 -992 299 1213 -528 -338 935 1361 284 -1029 1484 539 -254 -675 1009 -1776 499 -217 80 421 -266 171 108 301 1064 -1346 -683 -274 -352 -139 -309 652 -884 893 -1077 15 -566 -513 -250 807 -461 61 -1297 10 -338 660 -366 1581 -310 29 206 264 -2 367 -958 -1485 -589 -1020 -412 652 1056 474 -173 520 -103 -260 -491 -201 -569 -1699 808 -15 247 -245 499 -627 1198 -422 2 -608 492 456 749 -597 -202 -210 -417 -453 -28 -18 844 -234 -813 -108 185 839 444 813 -59 -1212 -212 -721 -816 575 50 -511 299 138 24 -434 375 246 -436 -197 -470 -62 -371 -683 -1 -1061 -289 -552 -785 -498 -691 323 15
1046 1276 633 599 858 -779 53 902 -462 634 -735 -135 -230 329 -7 -475 -1479 -222 -312 1669 1406 416 -485 105 54 -94 64 -988 153 680 -339 -1091 583 -541 575 560 -1205 -657 633 179 134 1341 542 444 841 742 -1365 -1160 422 1100 -292 -19 426 -2030 -1063 -56 445 -386 -1207 228 100 -862 -814 -679 819 1587 -770 -858 988 -128 -1443 -474 442 1103 -1223 342 -547 -338 60 -554 748 220 606 173 -136 236 851 740 964 905 2768 -1340 429 -1483 -397 -323 642 1290 709 -404 -202 -888 44 -45 601 825 1012 461 1106 -736 989 1377 703 -93 -953 501 -40 -1291 -644 505 -724 362 -508 -808 1469 -608 966 -1171 22 84 977 -664 -426 777 -666 65 629 -65 48 827 -599 -476 22 661 193 -845 -328 166 613 -359 -149 -1775 -948 -598 -581 1198 125 67 -828 95 -104 150 -1147 -195 62 307 -971 384 296 20 -66 521 -699 -290 -43 1363 -206 431 -743 114 488 -252 -481 1456 517 10 -379 -1245 2358 1656 726 28 -454 -132 -14 1006 -328 -1012 1178 829 -58 -50 -1197 475 542 -979 643 423 1515 1022 -442 103 -182 -966 1104 -529 -21 19 -450 -449 -330 154 372 194 341 841 -279 -61 -1008 841 1154 -255 -184 1486 -892 -240 202 -6 -137 -467 -278 -948 -21 -215 277 867 -579 -362 668 187 1187 311 -185 -248 281 1053 -920 1030 -357 -860 438 -77 -1101 -323 756 -540 1411 1486 759 -109 1141 291 -445 -617 -150 352 -613 583 653 781 891 166 1768 271 840 -502 -838 1857 386 -56 129 -1385 359 14 -310 500 227 -982 396 561 -164 -304 929 -191 15 -807 -107 -297 -765 -1192 -179 -357 648 -398 -127 200 -162 468 -339 -260 -796 -997 -929 283 345 314 -795 -1429 -1301 189 903 -27 -342 -321 -552 -1791 610 1200 90 434 -570 -369 636 -90 368 389 2103 -848 233 28 -348 728 -215 1006 -697 -785 -811 126 -239 213 703 -1371 -1230 -403 13 -647 -908 -946 1034 318 -228 922 -1190 -905 436 1479 -164 1131 -1030 1366 1624 -286 -47 -135 354 -466 866 941 473 -518 450 -135 21 -70 1677 -921 796 -269 412 1009
729 -886 235 1034 -106 -691 -512 518 184 1208 810 -274 968 122 -183 443 986 -512 729 75 214 -693 -651 -165 -591 318 29 1832 1116 -1108 -2396 -1334 -176 989 670 -345 789 -295 -139 259 -1109 -695 -1188 -178 -30 63 -529 858 625 -35 346 -81 209 -616 721 -510 124 -398 -223 38 151 263 -607 791 598 372 1090 -187 -329 389 75 -660 -323 53 -236 900 -813 -629 -765 445 439 1153 305 -233 -437 36 -385 623 599 1187 -288 -928 -267 199 372 1027 -532 879 -187 -817 413 1171 386 -2072 -780 348 -802 -305 657 -178 517 -654 181 -553 1456 -886 857 1303 50 -488 -34 122 -1340 473 237 -195 -55 1133 1174 439 275 722 -221 170 1230 1306 78 252 742 -1343 -352 -998 -978 171 764 -864 -730 -435 -832 846 -45 641 284 519 -373 221 -1241 -950 1089 -536 -158 -267 151 575 -415 642 -730 428 -555 451 -1081 191 419 83 279 -550 25 -494 4 1172 535 -784 -212 528 462 247 1191 369 556 -167 -447 639 -105 -202 -445 343 136 80 -240 241 -920 -953 658 1450 -547 89 121 685 61 757 -632 634 -1132 682 423 -393 911 518 181 -807 119 -714 706 -985 -1034 104 -853 -729 1570 -415 81 -1505 431 661 468 -847 -70 -1296 -1098 105 -73 -1908 -65 -986 -269 305 -95 -636 234 -1103 41 411 710 -794 91 -911 -231 -1194 198 67 -913 693 -745 163 1169 -1914 7 608 -550 548 393 33 -1287 -114 -629 -355 1785 129 1302 -209 -337 -360 1594 176 711 204 -713 248 -1290 -698 -467 71 -389 -1709 -188 827 -752 -723 -466 -738 -373 -1527 -1081 593 -50 292 237 212 310 632 -538 212 717 -80 -598 -171 -1903 125 476 -142 339 -999 -1240 -160 316 315 555 131 -451 -479 -686 -309 -987 295 -981 -1709 -307 829 1144 -360 252 -731 -150 718 -555 -790 2346 557 -319 -1350 916 682 136 -399 1465 356 794 517 610 160 -223 387 -1881 -8 295 737 51 697 433 835 353 591 -276 1469 -309 -473 -643 -722 -1049 -413 341 -901 817 -162 -504 -264 422 268 -1331 872 -1585 594 392 -1059 457 -886 -106 -667 556 450
399 -912 -44 -1389 435 -401 538 -410 -536 -298 5 -395 163 970 -717 747 -869 -693 371 -78 451 580 491 578 76 -365 -131 74 -197 -942 -23 -111 51 530 388 -134 -434 -774 -130 -378 790 -333 -512 498 481 438 -617 647 -120 1258 194 -686 1737 -128 88 -907 -125 99 829 1274 -904 321 -176 -55 -822 523 990 -593 128 1546 -559 -2017 872 658 -1437 107 1102 -366 -486 -1116 -13 -27 1332 472 -570 288 1184 1314 664 345 889 161 667 -674 103 -122 751 -139 -293 180 -516 -300 -529 454 -1287 409 -488 514 1023 113 -278 359 -258 -1330 -583 106 245 -565 -583 -1276 656 -1495 952 -950 170 992 -1144 150 342 390 691 -255 -276 602 166 -919 935 -400 292 -1539 42 -1609 691 -798 333 18 301 -821 391 -805 -739 -488 161 -303 -536 -794 -453 -366 -1433 878 -186 -383 568 -354 -97 -1624 -899 597 698 922 -383 684 -49 -685 -1319 -334 83 -1451 -178 -537 -283 -837 -829 696 437 -703 54 342 272 682 -257 -116 745 1290 220 909 -1563 -353 1144 -84 -727 -349 -117 819 -395 -105 -696 -370 173 514 512 -217 302 -291 -764 1295 508 162 -672 -1392 415 -124 78 689 589 999 953 97 -475 -218 224 -202 764 628 559 -595 -596 -73 198 -337 -52 -523 -120 314 -518 280 -979 -637 91 226 599 -185 -815 932 -573 -272 484 562 -208 -677 306 -536 -1096 546 -1037 -543 1000 -310 1054 250 777 575 -434 -562 -344 -165 723 491 265 -794 198 670 861 593 379 -273 427 -194 -637 -776 -384 -1021 399 -578 -133 -158 -467 -257 586 -230 -1178 -1202 -84 908 -1425 -939 501 -340 -150 -669 61 882 528 -873 845 -826 -953 26 -756 511 699 688 -1106 404 594 436 -1486 -753 -1184 -365 197 -234 370 345 -961 -383 988 221 -367 -523 -270 -512 -53 -740 -596 -510 203 -934 -352 197 1268 614 1014 570 -1534 -956 958 -707 381 -837 601 686 357 -678 -505 72 431 501 -595 109 341 327 -580 884 370 -41 -511 608 462 -294 -511 170 13 195 374 -731 728 -885 1343 854 -218 416 -239 412 839 -1356 988 -209 36 -410
573 -519 -2987 365 1065 -810 -367 -1363 173 -434 2151 -236 351 229 -378 80 -23 304 -106 -152 -222 -970 501 660 -459 1215 -365 -469 1681 -451 -1196 -897 831 -1012 -301 90 152 -872 -168 81 131 -774 -255 -238 -408 874 -1359 658 282 126 145 955 -413 -186 669 110 -913 -897 -948 415 183 -746 -978 -198 -560 567 -337 -1265 323 761 191 -329 819 1499 -1118 1123 616 -708 908 679 897 -76 983 -649 -438 -15 -378 392 507 -484 1165 -541 1127 303 -292 459 1521 83 -384 -201 -43 -1719 868 -359 -155 -1044 411 401 204 54 464 -633 308 247 110 242 -190 271 581 679 -381 -751 224 -921 740 -226 -587 -359 -109 -804 543 596 -495 -385 -1131 -632 -365 1568 -938 -186 -966 718 501 363 381 314 273 -36 759 1399 656 296 30 207 140 224 172 -79 702 -162 20 -579 587 295 1017 575 -1080 1331 7 -339 2 580 -119 868 -741 994 86 -935 635 -686 330 -200 730 -213 201 423 959 622 -529 755 49 -479 -525 93 -355 -536 1464 407 -426 -284 545 -242 -65 403 84 -134 791 -839 723 665 -762 -817 336 1427 -740 1098 -387 -1066 531 1501 598 45 488 -80 -1493 -780 286 588 77 404 6 -1067 -107 -418 473 729 -770 448 247 -863 278 -281 -1464 -1135 -515 -1252 -65 22 471 1176 2 -230 1842 67 160 -350 -832 465 207 823 -464 202 261 299 566 -1346 -446 -779 -1034 338 529 467 -1985 670 1977 -317 -718 -613 -799 -318 -679 177 927 48 -57 -76 570 27 -556 1842 806 -337 529 345 707 437 890 1092 49 -28 -208 -991 309 493 -602 629 496 839 649 915 -449 -154 571 260 423 152 415 92 262 485 1551 -587 562 753 -548 -711 417 -663 -296 364 79 93 1366 -557 246 -460 -480 95 923 631 -401 207 -747 -145 -402 -1123 -121 -587 -391 -967 -151 235 -202 96 112 -653 -437 -304 -596 614 70 386 -192 294 874 225 433 -599 355 1521 21 223 393 514 434 561 -209 -804 1232 -72 341 373 487 102 28 581 -367 -789 542 712 -938 98 -79 -1665 413 992 169 -265 313 634
-468 -7 -82 182 -644 318 538 -265 810 -775 -1092 -80 -2237 -139 -399 -355 -2188 -559 -734 529 474 1714 475 126 -383 -678 -468 80 -422 -164 -293 1210 511 -902 -229 -378 -266 1 -916 390 577 124 -306 -575 229 -980 760 -1102 -116 688 448 -630 -333 -1091 1229 -13 852 -539 1030 -1542 1366 -196 230 -38 -121 539 83 -137 -581 -1864 1969 -323 200 472 -1367 -1400 -69 -607 149 524 205 -1701 675 358 -109 872 -278 -301 387 -74 879 -656 -524 -197 726 441 939 -33 502 220 78 -190 623 1484 -134 -298 537 -75 -572 429 -1355 -289 -1812 198 485 752 -805 -210 -332 1232 1272 -567 1889 500 -881 147 -69 -972 573 18 310 -213 -449 -31 670 446 -128 191 -1309 -654 -429 377 -452 657 -1572 -1183 -1306 -2049 436 708 -959 -62 1453 1216 248 -641 -82 -124 -28 1332 978 -760 358 285 -828 -1407 341 -851 412 -708 -811 285 261 -753 -1099 531 217 -953 -220 -1137 1518 -16 -243 -466 -1984 992 -545 -1033 119 443 -600 -204 719 26 -602 -196 150 -893 -154 -825 -924 668 -281 -280 23 -194 -378 -254 551 80 91 -203 1067 -474 143 1129 953 -210 -200 -191 930 116 1073 446 13 390 726 -342 613 -34 -1079 142 714 -1010 280 -831 825 -841 228 79 -105 575 -143 620 -449 0 1226 -688 946 -1398 -653 -78 71 148 -27 -669 -1443 -1586 1326 -670 -1131 -466 -424 -541 1487 420 149 -958 99 -369 650 349 869 910 -1299 1321 1034 -792 -900 -1743 508 -155 -281 -892 648 -165 783 -78 -820 834 416 -445 -695 160 -600 720 -162 -280 -1433 -103 -862 -400 -10 -288 -41 -503 992 1174 80 741 -484 551 77 250 1545 854 -186 -101 -128 -723 -245 258 -259 -439 51 -318 -192 -283 334 1090 834 -591 -224 -842 435 798 -667 620 -138 1542 -462 -1054 212 461 629 891 -718 13 -202 -533 -936 885 -418 -1706 410 -240 -265 -1384 -1091 -748 -525 -740 1021 109 -40 -107 1053 1436 -281 -490 107 775 378 453 -379 813 136 601 -1010 -331 -325 -127 239 870 216 -202 -686 178 -1039 1093 240 162 -1192 820 -649 -425 -1380 -527 -877 1422
-1248 869 128 -1077 140 54 -500 619 -705 586 -276 -188 -320 -272 -247 -558 528 -363 300 -790 -39 529 -219 -436 -936 -41 277 -824 -228 -435 178 -554 -1362 -406 -940 74 134 343 1239 899 1395 1174 -222 1333 826 1696 184 -425 -73 -404 -445 590 -59 -653 -1074 538 -129 625 306 -285 181 692 71 -1280 632 124 -1042 -346 -64 531 -262 -512 311 513 -439 -294 -1369 -1439 -201 286 -96 -640 -99 1539 1555 1391 -316 1310 -1038 7 872 -2162 -239 353 993 -381 886 373 -266 -748 518 525 87 -466 -195 99 -140 -119 876 723 -1178 598 903 782 -456 101 -551 -698 -550 725 196 432 846 -771 1586 -515 320 -1383 -260 673 947 -48 1270 1123 -679 -368 1062 -366 -290 891 -324 314 -900 -143 621 -21 -246 7 716 549 -702 -777 617 -918 -209 -334 -209 -287 -654 1186 318 -810 -769 812 172 -301 85 243 1053 267 -213 1238 -144 1453 254 -356 261 -102 629 -983 1032 -43 -1165 -290 -470 1372 150 -25 1071 517 948 980 630 -397 -1973 388 -173 194 -280 -852 1087 -98 -882 758 -423 804 1778 105 -82 149 -278 -862 754 -412 102 633 357 -1252 -280 1048 246 -1206 523 -540 -680 1495 55 835 -570 -544 2206 -231 -550 -298 -91 -705 17 1125 -180 143 -782 -646 1124 -1313 -772 628 -607 200 1835 -1333 -695 478 111 487 625 -605 -944 1442 560 -431 -563 1173 -640 -904 514 -457 -1063 -129 226 516 431 5 626 -424 244 -298 1140 -262 498 -904 242 598 -370 -208 -84 206 244 -409 -50 532 248 -471 755 -1190 759 -707 -708 110 -585 1102 323 -366 -706 -1130 -505 877 101 364 468 446 892 256 -636 -492 435 -517 -232 182 778 -72 553 746 -594 768 153 -861 -495 -66 437 999 -17 -852 -521 -648 273 -933 -435 -100 -793 112 272 99 -410 -1274 364 1488 -463 935 761 461 1130 -454 -1390 365 -1213 -921 -59 -940 -251 1475 -1663 651 -137 -425 795 614 285 1015 214 383 -1144 -77 513 -1191 486 -523 815 570 -233 191 923 -246 975 39 -1055 -120 161 -152 445 550 657 289 342 -243 -36 129 -202 -662 -1270 -695
466 480 776 262 -169 689 -491 -191 -589 -1233 -645 1231 593 653 -262 1034 151 2029 1781 -504 589 896 -335 -1716 -28 -443 1012 -389 -323 673 953 -183 34 -291 331 -695 -62 -4 327 -1076 1737 454 -791 177 -326 285 144 1570 0 -89 -729 532 -303 917 -1308 -330 158 275 56 -833 -783 614 -73 -826 156 593 -1682 -898 660 231 1029 -698 -247 382 163 -1505 876 439 674 73 -327 -253 -840 -241 0 386 -654 -262 1134 -391 -230 599 -565 -18 1337 966 550 352 472 1012 -299 -328 42 637 -768 763 -174 -410 469 -287 -458 231 -396 -713 198 353 662 -861 -1126 238 -356 565 1507 -216 -221 448 343 377 219 -416 -792 -697 -626 800 109 419 43 -204 -777 43 -58 437 -384 974 152 -212 -185 -221 -304 68 -996 -166 929 -650 -857 -213 -943 -106 -1525 1349 -40 -60 968 -280 -1162 1214 930 -234 -247 -46 -864 -853 1318 233 52 -1427 -220 -1277 -393 -206 663 -91 881 -374 404 393 -507 -459 858 -457 45 -1381 367 778 599 -1022 427 228 685 -1309 73 -610 -189 -1467 1451 -738 735 836 243 245 256 1255 1351 -900 984 -116 510 -511 -1565 -1516 129 1053 -446 -359 649 -18 741 356 -514 -342 186 594 359 -427 964 -534 366 -352 748 480 319 -1274 -256 432 -605 -473 -216 -807 -486 20 663 165 494 51 1245 470 754 494 -214 -98 -295 -443 -135 1064 -1334 718 12 1116 -690 -596 210 638 757 -212 271 -28 -106 310 -68 -807 1645 1255 27 -602 -394 -807 -25 -499 184 -435 -932 -985 -1088 892 -391 -342 -676 -1359 436 94 108 937 632 -1196 291 11 -515 -645 -276 979 1729 -503 -588 86 1274 668 -600 -1335 -490 910 -1011 671 1130 -423 -44 -1412 -543 -1626 -306 186 248 -512 446 -626 -1321 -285 -49 821 84 -465 208 -40 -2 -781 -120 23 44 912 454 -587 734 89 -1801 -52 -834 -616 -447 -287 5 381 344 1351 -165 -1020 -1241 -221 1491 -809 -533 400 1515 -259 557 489 1182 -1238 -984 750 -1019 722 -172 -151 -1237 43 643 23 -355 367 141 -458 -429 1162 -818 1237 1807 -805 532 -231 621 -1887
-170 -146 617 191 -584 -262 -730 1032 657 252 944 429 944 441 191 -47 872 606 1196 -1177 1043 -1515 1099 247 1127 950 969 -35 289 908 270 -126 662 1252 874 -392 -1131 50 741 -454 149 -14 -634 744 685 998 -460 -729 -587 440 299 1723 -529 938 -100 519 -701 -435 221 -129 -1242 -537 -486 -734 -758 719 469 -746 715 -122 787 -1024 742 535 -675 799 262 940 -1078 -358 -56 -87 -1865 194 -268 1054 -82 -755 -481 443 850 -1044 86 308 851 1236 870 -6 -454 317 42 -575 -1501 118 438 -85 -1171 627 -775 919 43 24 295 393 365 -246 621 -231 404 -351 -747 150 131 9 -37 -1105 27 -183 305 -546 708 -1087 -1116 96 387 -949 433 240 26 648 -378 -980 97 307 982 849 -430 -95 1013 1389 -84 924 183 -121 -92 784 -296 -705 632 -555 1202 -436 -630 264 396 89 -29 -67 -579 -612 -1616 -490 1008 -129 262 -229 -440 100 232 -500 -1009 720 -22 144 1711 1065 238 2 843 -723 -348 -370 -1434 825 -562 757 -75 -866 919 -342 382 968 859 -34 -36 -1037 1079 -374 562 -117 547 -73 388 -267 -956 -1900 -815 -246 -1226 1172 481 -675 -1176 -300 131 408 493 -296 267 239 -911 803 -387 510 231 343 622 475 -369 -94 -421 -174 865 1153 146 470 -267 -639 231 -615 1037 474 176 789 -201 -212 -441 817 -694 630 525 1279 -213 -1606 558 644 884 260 710 91 73 344 -376 -187 1699 -537 246 1462 -188 -51 638 120 -1422 551 52 -91 -1291 -168 801 1527 610 973 -801 1371 377 559 -622 -724 -275 -419 -118 80 84 -868 1287 175 69 584 -288 320 149 -442 -226 -498 -249 443 91 -452 772 788 -988 31 301 -1268 -680 -1508 242 302 -53 203 -1323 975 -683 -186 -969 -240 -717 -650 220 1413 486 315 -817 290 1363 928 1016 405 1259 -906 615 -449 -489 723 -203 -865 -514 -510 -193 1181 -476 -1356 -23 824 -151 -48 190 -286 -993 -2102 -171 -304 1606 -50 1652 -528 -475 584 435 -882 -1511 -784 -155 1301 300 139 148 57 1041 537 -736 -267 27 500 -293 -177 -810 -184 -523 -1668
-468 592 -87 8 -367 571 -441 50 1210 1119 1319 -1768 -319 270 -627 167 -559 357 -155 -556 340 579 1143 276 -469 -983 -693 -10 -326 -238 -125 -2129 -318 -80 127 1141 -1068 -125 1128 934 435 471 -794 171 -875 301 485 116 551 -321 676 -1391 1102 1217 556 912 635 327 -213 332 -1240 -1116 118 640 442 -562 -677 -1103 246 -974 -1523 -1019 -280 128 315 -30 -862 -778 275 -714 534 -1347 -451 472 497 -1267 626 -804 -1393 390 818 589 -594 -327 350 -59 -454 -184 -258 -1191 370 819 -181 -647 1255 -135 -1125 -1950 -12 -63 701 624 -6 941 -418 -626 1147 -881 -60 449 -99 912 -451 -654 228 -427 505 -678 967 -853 -39 247 311 -11 -151 433 1427 858 111 223 -561 -1046 -835 -118 456 -809 1315 927 -357 829 827 615 -808 500 695 -977 -1697 -25 -90 -671 -543 181 -772 153 182 2074 -1015 -1647 290 226 449 499 -19 -424 437 -507 -858 1171 -362 -596 708 228 -242 204 472 801 257 714 -800 -401 163 851 1111 717 -456 -436 9 85 824 -239 712 -1173 -709 535 -1552 144 -219 -502 -319 -316 -54 -790 348 1053 -257 -244 -792 -798 351 670 402 1738 -1510 497 -522 580 935 774 548 44 982 -728 -1032 -744 -662 -86 -529 472 380 -446 584 1061 -730 -550 -797 175 1231 727 -146 170 -1325 1255 -818 -1244 -394 -745 -1418 1685 554 4 -728 317 288 -952 -176 -1304 -67 -1206 -1311 -226 -148 -396 1032 -311 96 1310 1428 851 378 743 820 47 443 964 -1304 -1360 377 858 198 -184 383 1058 490 -1823 1009 -23 989 592 117 -708 -860 -22 1330 991 1385 -533 1190 471 -38 415 -27 745 592 -620 807 482 -1029 601 -417 148 -855 -351 -616 -251 -254 -303 -875 928 -23 148 -357 -343 -1098 -842 856 272 -146 -233 -312 1719 -13 -29 535 319 533 -276 -607 -233 -652 -1361 596 65 971 205 644 -606 308 -1105 -562 529 544 456 -1341 71 1001 -450 -485 -465 563 -569 -272 694 946 -597 -1158 -251 782 -202 -448 -49 69 556 -99 26 68 2306 597 361 -358 515 -957 961 1193 -145 1034 -629 72 -23 263 1001
-104 104 49 -847 -960 177 1796 -1455 -814 676 -470 -1045 278 763 1043 -1091 -175 -618 -1121 -484 102 186 -13 198 -183 -605 -27 -748 1455 61 103 660 249 217 -435 -138 748 -196 237 -266 1374 -336 1489 -381 205 61 -756 -58 297 33 405 -253 -256 -19 -950 242 -162 1378 -15 460 -831 220 -266 747 819 -1034 -298 106 -28 391 -1132 249 -501 -284 -1473 -1346 438 -106 -287 -335 -1488 -108 1177 -466 1139 -1559 -573 239 787 410 156 -172 1793 -24 166 956 350 -1061 152 250 40 701 -709 -835 252 479 -51 -200 -1075 -634 -66 -688 -903 -106 479 -570 -680 -896 115 -183 1009 -331 637 227 784 76 136 -1031 178 341 -55 1206 -450 885 -261 -161 608 263 -651 271 322 -721 1613 671 911 166 -1076 -395 -1449 -561 -1197 -468 590 1533 -87 540 178 97 890 -866 -399 -541 1877 -670 74 -892 180 -430 -1200 -1230 1084 423 -1177 -467 -539 -1474 605 160 984 717 -95 634 -2623 33 -598 267 -931 -351 500 377 151 -384 -559 128 223 83 1218 -266 170 -628 -1750 47 1465 29 -214 -308 -385 606 -753 -12 -605 -252 370 -14 -1612 -11 -668 -706 641 -1141 -437 -206 1066 -753 579 -1254 1243 296 -83 -92 -387 669 611 -297 -679 -538 575 -275 439 41 -112 41 70 1038 217 508 -342 773 242 1371 -110 397 -103 390 58 -1333 973 777 625 177 -632 -144 -869 -848 -105 457 28 -765 -570 -95 -1043 -466 -442 570 980 -979 -452 11 -526 597 -484 875 600 358 1316 432 -2470 -122 -394 422 -1106 -1085 499 323 945 596 -364 -451 282 1062 -393 241 -334 161 -1055 -1034 -1120 834 -83 129 351 161 -1109 1314 -520 -567 -1524 715 -1428 37 220 -824 -749 -523 653 469 -610 -47 -563 -908 -251 -183 952 803 832 361 -352 -837 -637 1328 918 -1276 1147 -884 -860 272 -41 413 195 -1081 1019 335 -449 463 -462 878 -605 883 169 -248 -377 823 519 -1373 157 586 -160 -1390 351 -1471 -531 -1191 2 195 280 -655 -19 235 444 -517 -670 -835 -526 475 -1183 -381 -194 959 294 -431 303 251 -263 -416 -194 3 1323 -444 -873 -1750
130 -374 -1543 833 -284 1103 137 231 -675 -685 520 -502 -998 -714 -821 177 -9 300 -77 1284 -602 -387 -117 -503 61 -171 641 612 -1191 370 625 -230 807 357 750 901 -215 9 673 -1085 -15 -139 495 -536 376 632 445 -989 -303 -313 -260 -204 -642 1064 121 274 -767 -23 -126 507 -346 -47 399 1037 -690 371 -408 242 -845 -291 -132 618 -609 528 -63 1128 -1036 481 18 183 -1940 713 171 513 -370 259 417 -360 499 40 -58 186 -943 -924 -276 95 443 337 -207 1719 231 713 279 -104 1281 322 122 -351 -218 -360 982 -351 -308 -854 -1230 -487 -1098 -1517 2193 -273 908 -418 -783 -29 51 443 -304 533 1187 372 1156 -424 690 -155 789 -272 541 -692 241 511 1194 -532 192 50 573 -593 388 116 430 123 -331 1179 -245 1875 1169 -1021 740 596 1520 1363 556 554 1224 -788 1252 498 364 267 1071 989 -507 -269 45 710 -738 -986 252 -425 -309 -800 263 -277 1219 1165 -120 -57 1839 -694 -907 513 -638 -520 -317 461 -275 -611 33 -259 -216 607 -1007 -15 842 618 -940 -731 -15 -1258 -91 337 735 -1560 -620 409 -325 -473 -192 798 356 487 -1270 314 -1542 326 53 679 1034 -92 138 759 -508 -348 -1298 1191 353 2063 679 1977 -225 37 514 -1186 973 -449 -464 -393 -296 -535 847 -575 521 898 -412 -121 721 -87 746 -1681 610 -1534 586 -1935 474 -8 189 622 -1257 -404 -1765 -402 390 700 1133 -819 142 709 1494 -1792 -211 -968 -1137 484 177 1609 -2 1419 830 -308 480 190 -1384 163 -477 -1249 -914 -782 -236 -338 1255 -7 -483 -145 665 1172 188 -37 -157 -620 -443 -684 -313 -556 674 247 -551 -184 -71 -1019 -463 -499 375 672 1484 182 1007 1649 -305 251 633 -481 266 -1141 1836 -215 -1129 346 -485 -284 352 492 476 -580 -298 651 -1519 105 976 913 609 5 -195 -1225 -902 -780 180 385 264 717 862 -157 829 869 -1404 622 -503 713 840 -343 -2653 -314 -1419 256 -898 1322 -666 -670 -141 21 -307 1305 -1314 323 772 62 190 -1029 -485 -210 -286 -234 286 879 -807 -1907 315 38 -1457 229 400 -291
1468 -151 8 -624 197 -554 784 739 -56 694 778 -788 86 163 -237 -976 123 -7 682 -820 -669 673 -297 173 -440 2385 -103 144 -874 -30 363 540 -596 793 -1227 -407 439 1091 768 196 1063 258 1475 169 -504 1120 -430 852 1237 -365 124 -173 -1274 -14 -258 -15 35 -54 -672 -810 148 25 150 225 185 939 -208 1156 -743 233 -182 28 -1096 -869 -462 -493 0 638 -103 -605 827 -21 -748 -47 -512 -306 527 273 895 181 -234 391 1270 -560 -292 297 364 -351 -491 211 -1511 -144 -288 -240 -356 714 -468 1367 -551 1429 -1017 133 -247 610 -487 1324 1860 -350 -155 1230 88 1280 377 34 64 723 -219 871 371 339 -532 -1284 -1337 53 38 -721 687 164 -1283 -672 -250 -111 -322 -859 -406 -286 -608 520 -1548 945 -540 -1351 -162 237 1094 -363 -421 814 -247 303 1537 -275 -187 -402 -244 52 -459 -96 938 32 697 780 122 -195 166 347 381 -461 -361 -178 1116 180 -371 988 -404 29 588 550 -1771 -607 -704 489 -1308 -458 209 98 -411 1074 -1288 -562 596 322 48 -520 -810 -76 -469 47 -613 -1152 668 -40 765 -222 105 517 -588 1195 -370 400 731 -586 -419 11 242 -62 362 -969 -668 994 -99 -1387 -1245 1164 321 -255 71 160 -206 832 -1674 -289 -283 32 -656 -253 30 -973 62 -283 871 -1364 130 161 936 -16 312 -461 674 -94 592 -547 1294 1226 898 -670 362 -6 476 -1193 669 141 -548 690 -629 -239 130 -429 335 430 1378 -715 -16 1213 -176 -30 -75 61 -171 686 -518 -517 656 1646 856 318 785 -588 880 341 406 -849 597 -1720 114 266 -223 -1456 670 -796 312 -563 -1854 169 910 208 570 -1446 1908 564 821 1156 694 235 -804 -51 15 -237 1017 108 -388 335 105 514 -516 319 -441 220 -525 -379 -263 687 -740 783 92 147 -90 326 150 -591 551 -148 -80 -1010 55 777 -108 72 559 277 -352 -465 -415 1163 -335 2049 642 -857 -453 622 112 592 -753 27 -1193 -436 -774 -214 706 -300 87 -682 -218 -372 -30 -253 160 -718 194 -1213 -947 -657 1436 157 183 559 115 -231 158 857
1924 -285 -1816 638 1488 225 582 -1152 -610 83 1454 376 306 -127 -802 -1002 212 267 -1007 923 198 -154 333 545 212 289 -700 1123 -1311 -85 45 -335 -274 626 -360 -533 -397 -986 1011 -844 -441 -1062 -84 -1824 361 354 -61 518 367 -667 -276 134 15 692 -245 -874 -528 -39 1046 1014 95 -183 2043 -1786 -1311 -1174 -1069 709 -647 562 -368 1278 -2510 1359 -1160 -47 -490 236 680 -150 -117 -69 407 762 309 692 89 120 -505 -1043 -880 -661 1010 -247 -350 -109 -188 -1216 -44 -667 -446 89 459 379 -636 1095 175 1142 976 -24 -191 798 755 -186 114 -527 1105 1164 -214 454 -188 669 -715 420 -140 -457 -513 1210 3 1230 551 -1909 3 1312 96 575 524 -662 -731 565 355 14 -1081 -1062 -77 -492 -694 280 1137 -444 -589 -607 -1212 971 -710 638 1783 753 188 509 -1292 212 811 451 985 -163 -769 1822 243 1131 -939 41 666 -1040 -454 -611 4 -230 587 -2085 -787 -890 116 -197 200 804 184 1149 -173 -407 -890 506 -792 -792 612 48 -532 578 -872 54 -35 -149 875 -1293 -727 -747 1272 124 1463 -770 -53 111 97 -73 865 7 266 -915 725 -378 -36 441 -545 -471 -522 222 296 315 -1049 972 266 1143 -511 195 -37 -283 454 2292 255 -1056 568 -166 273 -451 -117 1855 361 -246 84 1315 -516 -471 850 110 -900 506 248 1305 674 -404 1436 -991 473 319 327 -93 -649 -228 -206 93 -262 910 -435 271 250 449 -1799 -680 1277 184 2091 -699 -1009 -703 -712 519 -415 -698 104 1248 161 -932 790 1097 -15 49 788 743 1108 860 403 -403 -502 -1020 395 -203 151 -1218 -519 -691 1389 -452 668 -1755 418 -1240 -480 -1264 1128 -1217 -188 193 1837 276 -769 37 -1270 105 1100 342 154 1055 336 -810 18 -265 -390 1752 -1637 -1097 493 -70 -775 -928 165 150 -358 -25 957 717 1035 -933 -110 -150 75 -146 505 -1050 933 617 -656 120 -969 -342 -120 -943 1037 -1208 -156 -212 370 -960 1018 571 -308 -923 -348 59 -662 -1141 -43 1007 101 -2113 -1284 -1082 -95 891 1978 -1045 -27 1 501 -716 464 64 950 1208 153 -721
116 722 -857 -636 -276 189 -859 943 -992 126 364 604 -786 -283 -968 1276 1359 43 86 457 -368 1368 -882 572 -1147 1181 -714 -119 -161 842 193 966 1034 242 669 575 -193 15 113 -951 373 -817 -163 -356 -69 -611 -616 -199 391 -695 -319 449 -1086 -343 -104 -362 -588 -500 969 523 -141 -187 629 -591 -455 -588 -1341 -656 333 -1064 -39 118 -947 -499 -2047 -1137 -35 -485 -1155 -1007 814 606 -37 32 20 -344 -1041 1536 118 183 -115 44 -1013 270 -122 -1059 618 -550 -742 1098 127 244 296 488 349 -575 -728 545 -185 16 -1195 332 25 -776 -289 1510 -774 -629 1525 998 364 1398 -1233 -569 340 -977 -85 -841 -375 -632 1651 -825 -968 112 189 -344 -288 -119 337 1054 778 -470 483 -175 592 877 -1161 634 -271 -200 -57 62 -689 202 -271 -316 -1119 444 488 -20 18 -314 1386 -11 268 243 1288 387 -1183 -118 -702 -500 -1119 473 -766 -1050 739 -418 734 1006 -1006 86 -355 -844 -91 215 -372 661 -2236 212 387 -720 60 1114 775 -884 -343 -262 -740 -989 448 -822 -1410 -28 -475 1078 -105 -1379 -259 -732 -258 -230 297 222 -170 832 467 -81 -1141 591 -666 511 -144 901 -175 956 473 -1257 243 -294 128 350 1094 172 -476 276 647 970 331 231 -1689 -277 -1099 146 872 128 66 1140 88 176 -1170 -214 -91 46 471 -106 656 370 306 -522 135 -766 763 214 348 869 -902 -1190 -1631 -1647 912 -164 565 -349 862 87 -359 97 91 -919 -1011 276 -1375 -249 -177 -95 124 225 403 -561 1254 -901 -546 -2373 94 -189 324 -515 248 -1517 -620 -310 675 -442 -1277 -64 1248 -447 301 289 1454 -192 -6 210 -121 -1428 1281 -655 8 -66 55 -173 974 -1596 74 -71 -1070 -90 879 791 -677 -1482 1118 170 475 -326 360 -341 -384 972 958 -266 -2389 -1408 687 68 25 -1308 -115 -721 81 -233 924 -790 -1196 -116 -167 919 1054 1985 -535 317 -206 85 91 509 -275 -213 -417 552 205 494 -574 241 280 -310 -1137 508 -316 -679 -89 -683 -543 -183 -677 -930 -728 960 1123 1075 -75 -738 538 -343 -466 103 7 955 910 -474
-808 -479 -45 -130 -747 -719 -779 176 778 417 -395 -88 1411 -265 431 -326 -781 -368 -236 640 358 -176 -1429 1682 147 348 -378 -412 -1122 -1206 -395 -13 -1089 -804 221 -747 -964 -90 64 -203 -127 -481 -1119 670 491 393 -71 1394 -468 -272 -1523 52 -694 -818 -438 334 -1148 216 772 -22 73 1590 -340 -292 -146 -1162 245 -150 356 1086 932 -401 -180 51 -482 -128 -676 -1012 481 -1435 -138 971 237 1260 -443 428 174 194 1565 169 -477 345 -450 434 606 -763 177 -669 -210 1123 -1165 822 1067 975 -238 315 -565 672 -372 788 475 738 -514 -227 -357 -436 24 766 -124 429 -1112 289 122 970 -1438 -728 -1215 454 -787 262 716 342 877 614 -386 -402 -360 -704 389 -1501 -938 -674 518 -783 544 -819 -301 538 533 -1346 -297 -831 -201 623 -1337 -1240 -149 -391 -645 202 -612 -253 -46 -624 -211 -906 117 1763 736 113 -199 -213 -74 -632 450 -615 -932 -1292 633 -31 -1742 1017 109 -592 -747 -286 -717 409 491 73 -727 1397 -541 -678 381 -378 -665 -906 842 625 319 -249 -792 -444 17 -921 -1044 337 -56 1745 322 -526 -312 -380 155 -381 -712 54 -1423 105 148 -994 -94 153 847 1588 1484 -163 -57 -128 678 -510 1540 -445 1628 -1157 77 -691 -111 458 1065 -1412 -1108 -554 -1350 1429 145 -630 -176 -254 1242 275 -295 -472 366 103 -608 674 658 694 457 24 -804 -199 1286 693 1499 -9 456 -796 432 20 478 360 2203 -257 -52 88 -219 -884 1425 230 -337 -1229 30 -613 -191 -206 581 582 163 741 292 51 -1052 60 959 -866 -16 986 386 -618 -157 -882 -996 -40 504 729 991 -678 1176 441 -990 -717 89 -1226 -273 398 -575 1254 1016 -741 89 -41 1179 1048 457 -1733 771 352 192 783 379 -929 -283 -301 -34 -1055 1423 242 -269 -260 -1060 -258 149 580 -1046 -49 -28 -852 872 626 -957 417 -728 -121 1020 -921 -84 -1624 765 1632 -285 694 15 742 -681 560 422 -693 -163 -297 -460 194 -811 1209 -528 -791 -250 -460 -761 78 -127 -212 -22 -95 -339 -454 781 -509 1349 -768 -704 362 -760 857 -989 -1198 -523 -1576
-723 -115 970 1473 512 -858 231 593 -340 93 51 -2018 -1091 -116 1114 -144 -1455 -615 246 -173 -319 774 -23 470 791 -555 393 -859 672 1035 -318 680 -1081 -557 -573 -60 -366 -577 265 506 1103 -860 6 -155 58 -580 922 -612 -992 -194 250 -198 -681 301 66 73 -463 -296 185 554 1065 683 421 -883 1446 -736 78 -490 -635 812 -519 -157 497 919 -866 43 917 46 -131 -1263 104 45 -88 136 895 -271 237 -1165 -1112 85 1672 360 790 -980 -307 1376 -253 609 -1256 -220 459 -413 278 902 546 -139 635 -230 277 -224 -1233 -327 892 -342 172 -496 -174 -119 301 -1091 1633 350 -180 188 -346 1 432 586 -684 522 212 43 295 -311 -93 -294 610 1220 109 -196 -291 -306 -652 571 -119 -496 972 35 -450 -290 391 1001 1337 1516 -140 394 -978 -854 -156 -1052 627 -111 367 111 -460 -1425 -799 -1329 -190 1017 -551 -222 -753 340 -988 606 281 -887 -714 -926 -394 1172 54 364 49 -1724 -399 -602 -137 5 413 149 583 636 -65 101 464 -131 -527 -101 586 481 -1531 -214 956 -1319 245 -556 637 170 1164 601 243 -302 -813 699 547 102 -77 -782 -440 -89 214 -306 -631 -185 -711 763 524 -180 -65 -1008 -1822 -552 528 1517 -653 874 920 312 -582 3 13 1506 -424 -619 1168 -507 1830 -146 -950 194 -717 -271 -798 -661 -478 229 188 627 -248 892 -1169 349 -750 692 -901 347 570 -407 -511 -73 244 -384 313 -355 338 994 734 302 562 979 334 -171 854 890 -333 1210 -224 42 -242 77 -1006 713 312 -258 -1193 -2131 -11 466 -1931 -1611 -850 778 602 -1740 859 -180 -543 583 17 40 -1164 1528 -108 -1121 432 921 -968 -309 769 302 -377 -81 -452 1968 1030 -42 592 406 -614 881 -206 244 703 -296 -42 -524 305 767 738 -668 743 -669 -65 125 -1166 761 246 -317 -550 -1273 -294 -12 -41 1321 -103 -261 -1033 -292 -9 752 1754 1514 -142 -80 612 -874 -504 -653 -183 895 996 328 -44 472 1116 669 459 326 -1196 -4 202 -148 -25 990 -1429 25 -152 1859 292 -177 -680 -209 276 -1072 -880 793 -262 1085
367 43 1225 -430 -606 -61 -249 -49 327 301 42 127 100 -215 -990 425 -236 366 -747 310 -381 657 399 801 134 322 1235 88 1550 -986 1389 929 489 -350 -7 -773 30 696 863 -1372 945 -284 723 -452 -444 -1520 -162 233 -318 851 -1100 245 336 342 141 -365 -292 -265 -641 -901 810 -901 431 -1527 -1063 491 -489 633 -381 -186 471 -748 162 -170 -609 162 -137 441 -1114 -303 -156 -776 -1757 -278 464 -757 1542 -81 -326 204 -1221 791 -129 174 632 -1878 -1079 518 1772 490 -206 -248 -127 -288 601 -545 68 -732 -1120 -31 145 13 -1847 -212 -793 1049 632 1561 -377 480 -93 121 603 331 -840 -364 -171 -1226 765 -164 -1064 -731 424 -947 397 -107 370 276 -46 -1069 455 463 684 802 136 -279 -698 -560 453 1344 -661 396 -546 179 41 25 -581 848 -155 -991 565 -760 -134 443 48 1479 1626 -708 -1992 75 810 -1066 418 -194 -484 259 -393 -1503 496 1222 1784 347 -442 -115 347 -144 384 756 861 494 -1519 299 1147 727 808 -786 643 -831 1042 -320 346 343 809 -1087 468 -124 143 731 159 -69 -404 457 -461 1177 311 428 -171 207 -303 -1355 -645 -86 117 88 -804 -866 224 534 -543 -1359 -235 -594 998 -825 614 -398 -739 -1434 993 409 -1478 -616 147 -931 -197 1109 480 1145 597 -835 -573 528 -227 -163 -1701 109 -221 56 369 -1228 -175 152 2380 358 -1458 -604 -54 1012 -1534 44 -780 -538 472 -725 321 -432 -983 727 -52 -469 145 -79 -1569 267 -554 -255 634 335 87 180 -140 256 -501 -826 1493 217 -443 -21 247 -610 -159 520 -221 649 638 171 158 -1351 80 1165 -516 -782 1491 -258 20 -304 -565 865 124 -2 -308 131 -303 -650 159 488 647 -303 53 129 1400 52 -126 -1255 -1223 190 -353 454 883 -696 -1345 -416 -952 -505 118 1094 -1870 -278 -1145 -586 -1676 -364 -530 1063 -918 533 -241 697 -379 604 -1960 335 -303 13 326 539 -1055 489 575 797 265 -497 89 -248 59 -343 292 640 -280 -112 916 -552 -434 25 -967 190 11 315 -141 408 -600 -555 4 1228 -1129 600 423 -1065 331 -2449
-465 500 138 1054 586 -652 1119 1156 665 924 -804 186 135 -412 1307 737 -1053 1464 142 485 -1089 -1285 -744 -759 1187 -521 -579 -212 -543 523 1348 75 -501 -68 790 616 -85 588 511 704 1311 337 13 -626 1195 -652 483 956 251 -220 -179 317 -292 430 -703 632 -780 680 593 -584 -64 705 -425 -236 -322 -422 -560 554 -599 1262 -263 -175 1207 -112 557 1363 -1504 -147 1046 433 -519 894 -540 1914 -1060 464 1087 373 564 378 -165 611 -58 -830 1011 128 161 307 390 -441 608 855 1952 1515 578 112 -913 -303 399 -246 477 104 290 83 -1155 69 -76 123 -812 17 798 158 5 -247 223 -206 1495 -57 -313 -587 46 -145 -647 325 -729 -1020 43 -227 723 191 -1148 266 -1271 -397 647 1167 -250 -193 27 -1209 -1114 -1327 -329 1137 -1037 -1567 289 1214 -317 -1171 900 -658 929 -187 563 1422 -346 284 -754 -1454 1000 -74 -563 1457 656 762 -204 625 -383 -328 1045 1317 77 214 -8 259 -410 417 -33 475 -362 389 -832 244 -819 483 530 -567 -15 -243 -333 -44 -698 -129 560 -741 -597 -431 538 307 -277 53 201 -529 199 285 -1328 850 -1014 -1509 -686 656 -288 1401 -2133 837 -1827 -144 -490 577 1026 162 -356 228 306 1784 84 -695 -639 -90 -400 -497 -347 1398 -58 824 -309 469 -403 -804 135 644 34 521 220 759 867 184 1725 1072 307 -667 -556 -99 -728 410 -436 1292 -270 -585 -1204 406 -1099 1235 996 -180 666 -120 -785 246 3 1477 344 -382 1197 1209 40 -76 -868 95 1063 -1098 19 -1028 950 536 35 320 -195 148 -441 -168 268 319 -1673 -455 -967 -481 888 -137 576 -358 -1179 763 432 -250 54 -323 -291 1053 -198 -380 -1204 -996 -1103 -506 554 370 453 790 -209 -527 219 156 592 -391 -455 -872 622 -1182 235 52 -152 -1045 -9 -1063 20 826 90 -94 -917 -576 -776 307 -905 -167 169 377 -1097 8 -208 -7 -545 281 320 203 -618 643 -428 462 -189 -1624 1294 -640 259 580 55 46 48 1347 -640 932 -1015 -503 394 -1019 574 -486 -668 -287 725 225 -1556 -752 124 833 -456 -682 -390 418
492 -300 -641 -874 859 1440 -445 -869 -167 -96 -1064 -181 -290 14 -435 43 -1276 39 -625 223 24 -42 130 -746 247 178 1355 -390 548 -482 -192 62 -421 -690 -271 -680 1197 -144 838 102 -439 494 961 726 318 1277 -486 109 324 137 -1198 -290 501 736 802 -1347 -499 178 -165 -122 601 412 233 -703 -365 206 -170 571 -1088 -607 -238 943 687 241 128 -501 346 -694 216 523 502 -417 1233 -599 -697 -457 193 131 467 -1161 30 435 779 744 -580 -345 -1840 34 -656 -1093 -522 -166 464 -282 645 -516 1 1551 1138 -180 -255 869 812 339 -372 411 -775 -579 -41 145 200 -471 201 -449 702 690 -690 -752 490 742 -70 961 -195 738 640 807 742 -1186 341 -99 131 901 -384 702 -542 841 -377 -919 148 1290 355 -1074 -758 924 -11 -564 257 -150 -116 922 -1005 204 736 -765 -38 860 302 925 375 285 -444 232 -132 -514 -1220 -697 183 -377 -449 95 -188 -200 -874 -944 -817 -120 -688 327 382 390 347 -569 857 -237 -669 -1456 494 1128 -271 -265 380 -300 554 -1043 -1027 1106 -446 -1625 -9 -331 33 -1091 318 135 860 245 1097 -268 2019 -220 244 -143 -6 254 -645 -1929 -126 -306 -1333 -1199 627 -69 0 -600 -399 -454 620 -123 893 659 342 251 1010 216 506 507 1404 -453 -349 -166 690 -1485 -778 -1 112 1113 -504 -975 -2 -1367 -335 1445 1445 747 620 -424 638 -636 965 -99 -487 280 534 23 -434 -193 -271 -1438 -388 563 226 1099 797 -302 161 463 -273 294 45 -118 -1456 -12 -659 473 65 373 -722 1594 98 1142 370 -122 35 78 -1346 769 213 44 -193 79 568 382 464 -1942 -99 -458 -882 -390 -629 -394 709 264 748 1686 1237 -277 -1502 -272 -431 377 -254 -1076 1224 741 516 -202 275 -410 -1558 804 -498 557 240 223 -365 749 -340 719 -212 992 -116 102 -175 -367 31 1468 422 1724 467 1458 -469 435 500 -27 559 304 778 52 818 -283 179 -885 -366 -274 42 285 252 1011 -1 43 -637 651 167 777 -262 -517 -632 -235 792 246 340 -759 -66 870 434 334 -359 128 597 -800
1575 -1016 532 600 -893 -494 756 -1050 1223 112 1019 173 190 34 -849 -1266 -459 240 383 -658 452 -172 61 -1284 -323 27 1233 102 -295 233 -2491 -505 -799 224 -637 585 -961 -890 1388 -375 -1229 1340 937 -894 83 246 -128 -176 -179 -444 190 436 271 -257 1025 -304 514 50 -49 846 -670 -457 -573 1482 100 1042 1324 -1352 -443 -123 -379 801 639 470 1614 278 -345 571 -902 -1222 1176 -329 -1422 169 -870 1207 738 -636 -630 985 932 381 1154 -1394 54 -60 119 240 -431 329 -454 385 312 -955 -72 635 -309 -652 97 -1760 -983 475 763 -102 894 -419 -1300 1088 395 -165 246 -1349 523 188 212 431 504 -783 1097 -288 -174 1236 303 143 -936 232 -369 -757 -665 -490 -789 -511 -1070 -1014 1258 217 520 583 764 -1474 284 -829 1042 620 -511 1358 -839 -1382 -831 324 747 -100 816 566 50 903 -343 -811 623 285 203 905 -951 -649 338 1256 -216 -31 697 -186 1415 78 -469 581 1292 344 -1416 185 -781 -622 -409 253 -575 553 279 -162 500 -61 -323 -603 -314 462 -1913 -366 522 -1135 -643 114 -30 205 -443 -568 -726 -729 361 -425 -1403 -583 1236 623 297 -245 -774 385 -482 -706 166 1085 -412 423 -169 -423 -1017 317 1740 127 174 469 -1674 611 -554 587 549 590 -202 -894 -450 702 -483 687 806 -583 -971 -694 -1179 578 508 -82 421 -1742 536 -204 -355 -1788 -125 615 -194 -343 157 -345 -915 -58 -124 347 -431 293 927 -1622 -312 -982 -353 -252 813 -1394 -46 738 469 140 -263 750 -1276 -64 -1339 730 -433 618 -637 -604 -711 146 -504 -264 1258 458 692 -1308 1433 583 660 -702 105 -1640 327 -294 471 855 -270 -622 -170 478 -1229 569 -74 -779 -323 1245 -283 69 420 -637 -319 978 -1035 859 -1236 -203 -62 -728 264 -144 -227 242 0 -710 -135 1007 172 481 22 -1152 171 1255 -350 243 -1059 149 -212 -644 -240 182 -514 55 -377 686 -360 -1527 892 -759 -230 -667 583 350 -579 -563 365 1892 -607 1713 797 -142 127 1018 -36 52 421 718 181 -1037 -342 744 -1347 75 1217 -1038 -1131 800 -849 1107 -522 -453
-292 636 153 -15 212 -656 -38 398 1601 1570 534 -1204 940 -737 1254 95 -102 -630 78 1175 1136 -1129 719 -1344 605 2039 457 -228 202 1557 -770 -818 -253 733 1125 729 -1286 -246 -194 -697 931 -630 758 514 1190 -1270 -720 -290 549 -694 -82 -14 -1342 115 -503 150 547 716 -179 -110 -490 1423 865 -542 192 -28 532 1291 183 -660 -516 -715 114 -219 -680 149 -315 -386 -1784 -1027 -149 -101 276 623 -400 644 -1918 -336 413 -957 -69 240 -1592 -1073 1055 -206 13 497 379 -168 -322 -128 -24 475 875 -660 -1191 -71 -882 224 730 939 -893 -652 1415 64 64 -478 -558 470 -1295 -50 -191 -116 -89 -231 -1117 -122 46 -1267 1320 -455 131 3 283 547 -746 -196 378 298 -414 553 324 -205 549 485 65 -713 -75 -407 221 -342 643 715 169 -1227 524 -839 -420 -907 61 68 772 -112 1027 1463 -1400 -728 939 185 676 -468 1471 354 256 -530 409 533 62 244 470 514 405 -980 -609 216 156 -1634 -304 -1783 4 -357 -904 134 319 703 183 600 -25 -624 38 -100 52 -501 -519 634 145 -45 258 2 180 161 686 217 1132 -1632 -232 111 -440 -77 -1280 413 685 114 -366 -201 44 109 89 534 752 -1100 -135 616 833 175 629 -602 -970 435 -410 786 -239 -217 -218 311 104 435 -22 1017 84 -5 -362 -1340 870 -154 63 586 29 754 -476 216 140 -1560 176 -670 -672 -205 252 -367 63 -9 -1910 -840 1329 -407 -419 619 87 -271 450 -866 -275 304 1372 -607 -1237 -513 932 159 1189 -530 -60 -1430 1422 -112 571 -292 -600 945 660 144 828 -1657 27 -495 -167 1467 1272 -436 -190 -577 871 1668 -436 226 654 -533 678 462 -347 -1407 -640 741 -1239 762 685 405 836 -1081 350 1036 -602 121 2013 937 -192 -447 338 1839 1364 -927 1639 106 66 -283 251 735 636 -821 377 671 -903 -527 1002 296 616 205 -694 -219 293 895 37 756 -466 -439 380 -1027 407 -1170 -601 -345 1452 824 436 -620 72 255 558 515 210 -164 -1347 -1162 -349 286 333 -446 -242 713 160 -428 869 -477 -483 -83 -1206 713 -181 1143
1120 -855 778 -257 1673 797 -523 663 -338 14 573 283 1015 179 -814 767 866 -67 -301 657 986 495 -310 -396 927 212 -697 45 -504 396 10 -130 923 -484 -1250 -366 1269 -298 528 2406 -496 -784 114 1317 -202 1649 -183 -543 -631 -1023 -370 -371 -4 -891 -1319 234 827 1751 150 -613 1169 338 1076 57 298 -365 704 598 1061 -881 380 -457 988 -429 -532 396 666 222 -580 138 -704 869 -142 738 901 -330 -337 -742 813 688 -797 -1810 833 834 280 -386 531 -226 201 -443 -112 -63 -118 69 132 -1464 -192 682 271 -309 -305 557 200 396 657 -651 -550 -298 36 -108 -1075 34 -1159 -627 137 182 -717 1398 -1222 469 1615 327 34 67 1097 -1333 119 -967 482 -399 -612 1191 609 409 -1189 -247 -57 1615 372 691 577 780 -825 -943 417 282 421 -606 -622 -90 -453 965 -283 382 -347 778 702 -758 -339 -1817 -66 1510 1359 155 544 -65 1327 259 87 -652 1586 246 15 -626 -387 205 1926 793 40 231 2066 145 -583 -724 609 293 359 -18 180 45 -2 60 80 -10 -94 264 -459 -627 -2268 1343 -935 -1272 -358 -646 752 412 1562 -1038 469 1302 574 -1457 -9 364 -122 410 -1264 46 839 535 -1 428 -67 958 -94 199 -1335 576 393 1594 -1048 -561 -1266 485 -217 1594 -493 -273 -84 1045 575 806 567 -301 501 -214 424 -322 -1114 -22 1403 -245 -844 629 12 -567 301 623 -135 -167 228 190 -753 -88 502 -191 444 648 -323 517 185 758 -873 84 278 1525 37 -1059 -129 -1412 926 -1841 824 111 421 153 706 -644 498 578 -610 1710 -136 -276 -668 -108 719 -505 -367 512 -795 728 62 458 886 -1471 -870 472 509 920 -833 508 -505 1113 168 -830 -1229 -702 139 -1407 -1538 -652 -69 475 196 90 147 1218 -42 -524 -925 -331 -401 -435 200 -273 782 879 1529 81 674 164 483 1433 804 397 -625 -111 744 -69 366 1769 569 -493 28 809 -746 625 58 342 -349 187 -172 98 -213 -703 960 -539 579 1185 701 -174 -1532 482 -664 -1404 -1015 -575 -495 425 -69 -661 427 -620 905 -99 416 -45 -44 -51
1104 -34 157 -579 -429 -308 594 -99 -378 151 527 -1373 -99 -1034 933 -384 318 -42 -68 518 -126 1116 250 -603 1700 -622 -590 2307 -811 -108 -684 207 -472 1314 -414 829 -1216 373 237 -468 -812 54 -288 567 493 -265 -1135 -979 238 -64 -333 266 -216 -20 -1216 613 -268 -300 735 -677 -666 505 -1933 -102 328 -540 496 1010 -1000 -917 171 112 -616 -1707 1024 -759 -204 55 -641 1244 -1043 268 -560 -158 -915 -182 -692 -362 233 911 158 715 7 411 -741 785 1113 413 -781 -2262 631 272 -285 -442 -224 131 228 -709 142 -370 1047 62 76 1266 781 344 747 526 144 694 474 227 1764 69 -42 -17 -635 819 708 -348 -967 -623 -6 -20 590 1563 1496 -384 -1140 344 154 134 -820 -992 2088 95 552 -2357 458 -333 203 -123 -1063 -901 -673 -32 -1594 -44 530 -797 -184 -539 681 704 109 1121 485 -65 -737 305 23 694 -381 -431 910 151 -1200 1519 574 -299 1185 -520 -512 -748 266 896 263 675 802 222 -881 -442 170 -799 -2125 74 -281 2211 -520 112 -362 1181 911 -127 467 -543 318 2230 -891 419 577 553 551 -942 493 1095 601 -1251 -50 -1780 -819 -759 -499 -41 -748 -818 -211 -562 781 63 -1224 -225 -986 515 260 -237 576 -959 -855 -64 1063 -557 -206 1142 -564 2538 80 414 1285 279 1239 8 -1191 -766 -159 209 365 -451 341 741 261 -554 62 -435 545 -2114 586 275 1222 1402 -444 -248 398 -1320 -390 114 738 -400 281 -235 1149 -2140 1337 2100 1401 -2645 -1875 -219 -92 226 -1052 138 327 326 -320 714 192 1004 -17 -761 591 881 -709 -1218 444 -693 300 -149 -982 -363 555 -34 -1465 455 645 803 -372 538 35 -1330 133 11 171 -1228 -606 122 -1451 -875 72 617 -794 200 -1075 1529 1391 158 -450 730 -979 337 -140 -1665 -576 -885 -1001 1298 151 151 1009 -1030 629 915 1089 -748 -1141 194 147 -688 -128 151 -739 -599 -421 1314 -304 -594 648 -1647 376 -1582 1531 -227 458 441 153 -895 8 -516 -513 -345 -209 1218 184 642 110 -672 2014 1063 -166 -371 -470 57 -660 -2 888 -824 -585 -75 -1028 80
-584 -750 1019 -285 -1025 -857 -1649 858 -593 402 61 -356 1055 -552 869 1521 -1751 1074 191 -470 585 1041 1328 -931 -53 871 -234 159 153 1376 10 -816 829 -920 -280 384 -164 -368 176 -844 108 112 -62 271 -109 589 64 298 -1 -19 -545 1127 -376 -1148 -633 45 119 -1049 36 128 616 -399 -412 -663 227 644 1003 -145 -739 -1065 240 -298 -510 419 -165 459 779 -880 -96 100 -53 465 170 154 -93 -526 -92 189 759 -804 883 -800 -881 -651 -470 -30 318 94 718 -109 -531 -237 -386 -151 -598 -460 970 510 608 734 769 -750 -104 59 -562 980 -1223 134 151 -617 -80 -1034 101 -84 -929 -304 1539 -893 209 578 -596 1126 172 -251 -265 -167 1246 65 -159 461 6 -218 -1333 -348 11 -578 -651 -1036 -61 538 -132 -63 -85 154 93 158 -168 -641 23 393 668 55 75 312 -584 249 -755 1164 927 -660 -147 438 -69 595 -643 -110 -756 58 315 -882 26 -356 -1785 194 -144 -797 643 -672 1088 -244 -836 -988 679 -396 -733 519 131 -386 532 375 -904 -349 -723 187 73 -548 654 108 1230 -647 -552 3 -29 -668 -407 818 72 -968 364 -1105 1734 1509 367 305 852 211 1905 581 195 -731 -532 -990 -259 120 -907 -139 70 -588 -500 -116 -217 135 439 -192 -1306 860 198 1398 578 -1186 1659 -125 305 296 573 697 1077 -388 82 1630 305 -684 -991 548 -867 -1117 -499 647 1257 407 569 -906 327 1075 447 340 -866 -234 122 284 1215 -779 869 1660 -197 871 -920 -476 -886 467 -1256 170 -90 -11 -498 97 1121 -1233 699 -180 -575 325 -238 100 460 -61 -1851 -2028 -707 1147 -590 135 343 833 100 375 1138 50 -1355 18 965 375 550 283 214 1028 -1178 577 602 -379 -917 -817 989 -38 -345 -182 9 1010 -772 70 -755 591 457 -348 -1496 -891 524 981 -334 -801 384 -990 -551 604 -447 -307 954 318 510 -914 1255 -644 -215 -871 -429 220 537 -353 510 82 659 -68 -195 -570 1710 376 39 -11 -1594 -999 259 608 -1036 310 361 342 -884 -184 -504 823 124 -90 1276 215 800 -39 589 -332 -551 206
-174 634 1343 627 518 137 -880 180 -177 825 -494 123 1185 -40 -1170 4 804 138 -723 -304 25 66 -985 205 -433 825 195 -80 -268 1259 -609 -876 606 507 -877 -974 537 -208 101 900 327 304 871 -50 186 -430 2261 -86 254 -49 17 -159 901 -150 286 -1212 -1081 804 -1288 -791 -135 -685 997 -209 212 -1297 1476 -1591 -1251 -638 247 958 -1249 204 326 -893 -628 354 -501 118 144 513 -129 550 241 565 58 615 -226 714 -55 -106 1446 896 -765 85 -747 -256 -769 819 -838 382 -179 -709 -906 -788 -364 642 1323 -645 365 95 131 -1371 -541 -882 78 -14 -822 294 -662 -1395 -574 -346 -179 343 -730 874 442 538 908 -724 -1348 393 -935 168 -146 -41 141 256 256 -820 1090 538 159 -854 106 -103 374 604 -423 169 -96 1321 -1 -783 -1348 -1125 -192 -893 394 -1587 -597 -1897 1285 -981 466 -917 -217 -524 -1593 563 -1096 290 -1705 -917 254 1220 -445 917 585 308 -106 -652 304 -430 -1298 -842 545 -40 -263 600 -575 -1358 -30 668 536 275 105 -796 -741 145 577 6 278 -123 -812 -730 104 45 -283 321 -206 -260 146 -481 9 628 -183 -67 572 -179 -442 -252 253 623 -1501 91 -342 1700 -1110 1459 135 -373 693 483 -196 1296 -645 1341 -409 64 -383 -948 1775 -724 642 449 -263 -38 641 359 710 -1891 -1047 187 -277 131 -88 -800 -499 -1178 765 -734 -442 -241 151 505 258 388 -1533 -1432 -567 1052 -672 397 -260 -1222 297 150 -159 -1118 1167 -778 286 44 -39 378 122 -209 678 -917 -528 -116 -1267 -446 1226 461 -266 -250 34 -347 -1534 1851 -50 285 -256 1338 170 205 -305 -1420 -361 1128 554 328 -505 -82 -1103 289 -498 -403 -489 -885 -50 1348 487 614 -577 -620 -49 -322 689 3 727 -243 190 -250 1048 -1136 289 847 889 -842 590 620 -177 303 747 728 -697 410 58 422 -1134 -790 688 532 604 1565 -533 -1081 -213 -538 -191 337 -686 850 -1327 -908 343 -324 -1535 -183 461 1092 320 -168 -1110 5 -54 -305 -606 -379 -388 22 161 -545 630 -638 748 -130 -447 -391 -773 -181 931 -966 382 -1070
-271 -231 -370 378 2109 1352 -1008 1070 -350 -302 309 542 -123 774 -805 -758 -678 -375 -645 -561 16 11 484 513 -775 -301 58 344 1376 -541 -528 85 -1294 -385 -8 1052 -167 362 990 564 -624 230 -498 13 -217 250 1182 -358 968 308 249 -24 537 481 -324 582 -331 575 2106 557 588 -1530 -1274 790 355 -616 -855 245 1143 -1354 -1004 -720 1458 1509 -198 112 -1304 -432 -739 -78 307 -229 -955 -1199 51 242 -208 -804 -572 -508 384 290 154 776 -876 107 -97 159 -480 -294 -272 -1053 -1222 -908 495 -1139 198 -144 1005 48 1546 -565 -21 -439 -1122 143 -174 700 864 15 -587 273 1003 287 -199 -1452 -445 -118 560 744 530 -1169 848 -284 399 -481 -1003 -928 640 334 -198 -797 953 120 -174 888 1068 534 535 557 -1118 800 696 -24 324 257 -446 305 -874 523 139 -31 509 563 476 -1069 1064 1024 531 539 -1057 -1361 -814 -744 767 -1334 851 -605 551 -33 1021 448 1451 -446 981 -386 1178 985 330 454 51 -554 649 -111 1076 -556 -1045 426 1212 397 787 -1158 -583 -120 -64 -361 -255 255 160 883 -990 536 241 -1066 -708 126 -1223 -1610 153 -984 -579 127 -332 -146 -179 -220 685 10 390 -549 -181 229 334 -372 -1019 -282 -37 419 -127 -58 -108 -1604 84 487 -737 1359 -566 -891 1027 959 -1663 -1556 525 478 -206 -771 -539 1389 -567 -472 345 -258 -169 103 -27 -372 395 -113 -386 -92 -860 228 799 -1409 877 344 -477 651 -460 277 280 -27 -429 344 -117 -404 -1222 45 204 -315 -107 -1374 546 765 565 -406 -612 509 22 -398 -817 -533 297 -269 345 688 -543 -459 -447 124 -64 717 -78 510 534 -1373 -708 427 -1413 377 226 1529 1016 -435 911 97 659 -2835 503 1054 1578 -499 38 681 413 -386 -921 -804 1088 1212 76 235 -760 234 94 -1046 130 -517 658 726 -586 -1319 -45 842 414 -588 -386 332 857 -699 481 -106 -1128 -872 1228 86 1235 -660 867 -855 4 -41 4 1027 -409 -1250 -59 1149 -67 1038 181 -91 829 -859 535 1543 644 197 -441 622 86 242 -1120 -882 709 706 51 2240 -256 114
6 989 400 -633 -427 1359 636 1135 483 -379 762 619 547 -1237 -346 283 735 194 -730 204 166 -275 -507 155 -852 281 147 613 565 596 -162 -181 1265 -786 153 -437 -1093 -279 -91 750 1103 848 1542 -59 -127 -19 1076 1231 -1132 781 -28 336 -271 92 587 174 213 -593 8 -1123 -1599 -161 1375 381 300 206 -363 -85 1123 -904 1014 -700 -482 -566 -1314 384 -309 992 791 332 1065 674 -257 373 1737 574 -211 603 1088 -176 -117 780 371 -1255 518 822 868 -504 -240 -478 -789 652 14 274 -279 -202 -130 -198 535 505 -335 28 -561 1295 -94 -899 -486 -613 -538 -623 -707 -3 935 -412 -504 412 454 -165 352 -315 -27 -693 -61 168 -565 -1065 734 -662 27 37 -1165 -415 -318 627 1466 232 -142 -85 1067 198 -685 1195 978 -760 655 388 582 -817 -97 575 1043 -1452 1100 489 1042 888 820 -620 -442 347 242 -203 -15 1013 -538 -409 -33 -277 -436 327 133 196 -978 83 -630 251 -1200 68 855 -540 954 -566 689 -470 -925 1040 1265 196 -33 -484 -1002 -202 1122 -523 472 -156 574 -164 1232 463 -353 1090 -1381 399 -174 714 810 -155 169 826 592 652 653 -830 -25 259 -490 66 -1037 1119 1007 0 -24 -367 -169 -726 480 -536 -1186 -502 -489 846 -28 -1453 1360 -202 678 20 -736 13 134 -2498 468 1266 276 -988 -502 1880 302 -555 -1869 -1206 -536 655 583 -648 -1709 -345 182 103 -626 -109 -425 -518 -675 210 629 97 -186 -1339 -435 -642 520 -336 -257 248 1433 -276 1398 698 -121 -329 -403 -400 476 256 -623 -758 -1229 251 1079 -321 -1203 502 -420 110 -383 907 1044 419 -1 -1350 -1159 -1385 -407 1027 531 -192 578 -304 2194 -431 93 -126 163 -1272 939 716 -44 297 -1340 -158 -23 -566 -114 1416 1054 -679 -309 -120 1016 -162 601 -210 -1747 308 -1455 -467 -11 403 -19 1570 876 -1432 -1412 -260 791 551 -96 444 -198 -268 411 795 626 -673 331 617 -654 205 -682 -259 -303 499 -91 -8 -1811 37 -1420 -329 924 -879 569 816 -323 169 590 222 -251 904 1637 -1602 -592 224 282 -1035 -908 -976 -739 -47
-228 1035 484 -1059 391 169 682 350 309 83 332 -869 -929 -223 402 433 351 1184 -983 -151 1008 1002 466 232 -1135 -966 -389 -522 185 -396 1036 1260 -730 -436 -1014 -1277 1445 974 -893 525 165 851 566 -38 50 504 -74 -794 -286 -890 -1205 737 -486 -447 1125 -484 933 922 41 -1142 1068 -451 -183 -703 10 -1039 -907 -123 -172 -1178 1134 15 -196 677 -687 523 -780 341 -603 1337 -112 814 624 -770 502 -192 -355 -1017 -1335 -1348 -146 23 147 296 29 25 -101 860 72 140 607 857 187 478 538 -802 -569 551 -780 -138 -133 1238 440 779 -924 128 -531 25 -892 -759 1214 367 253 -13 141 -158 -53 -1031 -779 -558 614 -88 -518 480 -360 402 1101 924 1324 309 483 910 -1069 526 1142 -216 -172 -2591 231 -556 -1288 412 -1040 153 1250 -580 310 550 -1303 -18 -1564 92 522 438 -920 1383 -978 -2832 -537 -1337 1597 -202 -309 639 -527 -182 -519 783 370 381 575 182 -775 -746 -239 -344 50 -52 120 384 174 -348 386 313 -547 403 1117 710 -711 700 737 -402 -249 1716 -221 18 -234 350 -255 -757 188 231 62 -955 -356 1396 218 619 131 609 -420 1171 99 284 -757 305 -1456 -956 -790 -588 1208 -337 -824 -138 -552 -755 -644 540 1403 -998 361 252 -127 -360 266 330 70 484 -307 -517 -835 281 411 551 340 -496 -1502 -392 607 1315 -667 1301 1076 -931 1475 -1338 -145 277 -202 -884 -961 -663 -1088 1340 424 -267 -638 492 862 -1156 696 -60 -929 -1132 26 -658 -656 -1155 -398 -454 378 -104 -388 -1024 -251 647 -100 1838 155 570 -39 -322 319 -188 -571 251 193 17 -362 396 645 1637 -595 -448 469 -531 211 -862 1326 -1035 481 -725 -276 480 999 382 889 585 795 504 -223 -109 1876 282 -184 609 1625 -145 63 -1228 421 -83 -2 -432 240 41 45 826 -1293 -331 794 404 1125 -503 -591 254 1378 -284 93 1317 540 651 59 238 -82 617 -671 469 -117 221 -259 152 -602 -997 134 -288 -569 180 -497 718 650 -250 1241 539 -1359 -1469 -1079 796 -39 -940 228 -336 -635 16 449 -978 -214 -367 284 136
459 -1126 187 653 94 -1556 -713 503 -427 347 153 -197 -94 651 -1436 272 -840 -477 -610 -980 505 -823 -851 -523 -1310 116 -369 -677 657 93 212 -1099 978 -400 -757 -427 -585 -929 -367 -571 -225 -433 224 623 -848 449 83 432 429 200 -424 50 -138 1149 328 573 621 442 1160 190 -264 -568 614 1260 374 817 1367 -1379 283 -1743 2255 1158 -200 -1192 387 660 344 -384 -118 1277 264 24 183 -953 -347 -529 -333 -23 -474 -337 -899 -308 550 476 101 -1661 -518 -325 658 -396 1240 -506 4 -580 1350 -785 626 349 410 -117 286 -504 387 -92 200 141 -1407 192 1442 -69 -1210 -831 -138 1022 -251 126 684 -565 1021 43 670 -518 -379 691 690 1527 132 1365 -92 627 -670 -840 392 98 405 759 -1249 135 1198 470 1452 659 -788 -748 223 297 393 -263 -1646 -617 825 758 -458 955 462 -27 -112 231 1622 1134 -902 -435 -833 1018 46 319 931 529 725 175 -941 253 -1533 4 -953 181 884 -595 895 937 -149 -66 -609 -1281 -537 790 -88 520 311 -1335 -1364 -167 -645 -1522 979 -483 -71 -1049 -1288 -11 -1227 -577 -1596 237 187 -1817 834 -1246 517 232 -930 -758 -320 -1251 -800 -788 -1308 -595 -956 359 -345 191 273 -620 39 -253 371 245 -832 390 47 473 -729 -637 282 1591 734 626 86 -1227 -904 1354 85 274 -368 -443 -1387 1019 -110 474 875 259 -1116 -611 -171 142 231 -237 -1212 968 -1280 -1040 969 -141 -13 -316 288 -1241 -157 -1636 -215 -826 -188 1166 -977 -344 165 749 -146 705 -85 284 -492 -867 -1044 -925 -312 -545 356 -696 -774 67 -15 -1379 305 -813 -1172 -744 -1337 1338 -159 -670 431 -348 -931 1382 -760 -65 -555 -652 242 -678 173 -861 -893 15 -1832 729 476 -549 -101 770 122 -766 1172 -407 76 62 164 -903 48 -373 -915 -503 411 138 963 -256 -144 -69 -50 485 -11 -1874 -1 -1083 327 1025 -401 858 -33 681 1626 639 -652 -81 -941 1099 -150 580 -837 217 -121 422 -66 792 38 767 606 -1097 92 -66 -703 346 -1227 -533 -702 28 695 -414 863 1215 970 -126 616 479 -156 1164 -709 965
-537 -882 1499 1267 -1285 57 -547 -1295 -831 -75 -1086 736 167 332 300 -629 1318 313 -953 545 -769 -394 -597 -706 1178 -1143 464 -42 -65 -1370 -222 450 -618 -57 39 97 264 195 181 -126 -535 11 -33 -531 340 -785 -135 1091 -104 -1328 533 -3 -406 610 284 14 -1342 1654 -771 -784 569 134 -471 1123 -768 654 -1834 298 491 128 396 119 837 -972 -1132 720 -657 519 -310 817 -1765 -695 -374 -424 -1886 849 -109 -31 615 -453 -221 790 -286 -1164 -99 -566 -541 -910 317 -1203 -213 896 -33 384 -483 -391 -71 -281 67 -318 1004 724 709 -188 -1253 -1758 352 -487 -292 113 149 972 297 1362 950 -278 705 -578 498 31 -546 -546 233 -364 -821 -204 -39 -858 -95 -665 182 -363 -1178 484 725 876 -490 1477 730 -100 -893 -564 -333 -245 110 -1196 2908 644 19 1121 388 873 1194 668 823 549 211 803 -392 1356 962 -837 -304 -787 739 507 317 1127 -436 305 -2 -14 1004 -280 -1310 -76 1209 -19 1172 444 -187 -804 219 59 -467 635 -524 -1077 -181 571 114 -565 205 64 254 -1016 -614 183 -850 968 749 -654 1040 -364 1438 -480 -313 125 746 -1431 -869 1033 -991 30 63 199 723 800 555 694 -164 -120 417 -93 261 -272 1660 -1193 345 7 1435 267 -39 -624 -1012 1685 -567 -497 -769 -1113 -27 -1015 1084 -594 665 1054 -289 -926 -1038 -1116 -558 -917 470 -820 2329 212 200 -403 491 966 -721 719 267 304 -20 -303 1573 -1417 -715 -79 -1037 915 318 -891 -448 -536 941 723 -818 465 -267 -139 506 -684 -1928 -1185 -523 334 -825 164 -674 -1689 999 -989 312 -396 536 -543 642 143 133 1028 634 -710 41 -1325 60 -564 472 960 1142 -38 3 194 -641 241 238 -878 442 826 883 187 -760 -783 -229 534 -474 -1655 417 658 323 -347 -522 -400 -168 286 -184 -1090 -433 213 -401 485 304 -307 -686 84 -597 214 191 -620 426 637 326 154 -428 331 831 -1645 372 561 -916 317 396 196 -46 -710 -358 -314 173 -266 244 533 750 179 222 -836 -247 241 -481 -18 1138 -681 -800 -866 469 347 -204 180 -132 516
-1452 -856 1710 -987 -90 -1283 -265 75 406 382 -593 -147 531 -657 -519 35 -1167 703 -1461 657 993 488 -326 -53 -248 237 -492 1008 -370 -69 -579 -916 675 210 1586 515 684 -380 780 -560 705 -527 -721 -225 -1127 -421 514 -85 -1315 -311 1482 -712 -357 -52 30 472 -142 203 -559 1225 -309 -1326 -21 1199 759 1 -223 -40 -27 -940 269 613 -553 -1038 -831 194 270 -650 1843 605 -50 -1736 1122 -677 -979 -506 -56 -506 -947 807 388 -1697 54 -901 7 -257 1410 652 442 -538 943 -540 309 -1336 637 -746 394 584 1493 1030 -46 -452 -878 -310 -582 -385 -1100 -1869 22 409 2073 -10 -36 913 1215 1056 137 640 -244 58 74 47 -1053 100 132 -511 -166 -480 -98 -257 27 33 834 996 612 757 -1927 327 465 -625 -441 526 -971 -1143 17 -1165 134 -157 -166 59 1272 -400 707 -22 394 -903 -366 477 187 -590 165 -1272 -70 -322 -1264 -219 41 -1014 -405 -120 -389 -472 1310 -656 954 110 -914 -1379 -1135 -969 -888 -330 321 623 -843 82 49 -356 274 -1621 -377 -408 -109 1 -593 1571 11 1246 -382 -530 -482 -623 207 980 269 -475 218 1536 -547 661 -581 -463 1085 28 506 -291 1000 538 91 -283 -172 401 -627 388 -1517 1003 932 -576 -437 122 -540 762 -347 -71 -138 -711 -357 408 -312 -566 173 -1315 233 462 960 782 -1423 -563 1301 -148 -812 -132 733 541 769 -94 788 -186 -653 -750 765 -134 572 778 263 -141 1524 -709 -763 328 -996 1001 -641 292 -990 -456 682 563 -313 270 34 296 -607 -155 533 -635 -641 -640 245 1534 -177 -195 460 1289 -564 620 334 641 -181 710 192 881 -333 63 279 -953 605 2 -677 706 1157 186 715 867 31 -92 -845 143 -1132 -72 1213 -482 1675 -105 -922 -300 801 565 885 360 1242 -389 -580 399 -152 -185 -967 -528 -669 475 -652 -1717 1086 -4 -138 1100 -232 1350 -648 -1334 317 -993 -1154 -573 -385 182 -202 599 620 168 658 416 362 -141 -539 1568 -355 807 303 -106 -490 -1706 -684 -1344 204 289 -1287 -917 420 -57 211 -235 -511 488 -191 192 1220 1068 367 935
-224 261 -109 -76 -822 176 -1012 524 890 -1021 50 804 1207 -212 1645 805 1515 -448 -236 309 132 -766 -992 469 -916 -777 -136 661 216 193 111 -932 7 -964 -95 261 1460 -553 -23 -267 957 -77 -1079 1039 802 70 -197 803 172 -1357 1191 1762 -739 406 1406 -651 365 38 54 165 164 -392 443 -74 -894 69 -414 -12 -957 746 516 -324 534 -603 -472 -134 -716 -882 -474 -456 51 -287 309 -1462 -18 -120 -228 747 297 -130 102 -554 337 160 8 263 107 -126 -191 -614 -786 889 -1189 1047 1098 -980 -907 784 -1140 -1025 -304 -468 -779 -539 -721 272 -63 405 -1047 -405 -1821 1406 158 559 175 283 325 -626 766 -1031 64 -723 503 -1222 -566 -753 59 841 1086 832 258 -608 340 -1302 -270 -1215 389 2941 -1645 350 542 -325 535 -591 -646 533 255 -744 -1036 348 1289 -324 -804 409 798 -247 -259 -905 -780 986 74 -85 -603 944 567 247 -676 -503 367 1995 135 370 -1269 -1273 34 -316 -273 96 33 237 132 135 -929 1166 448 195 -55 -762 -728 1785 537 -729 1477 106 -389 911 -248 -1138 -1434 -28 146 1401 -395 -755 616 146 11 -505 -467 -148 -811 1419 816 -670 -811 -451 -594 -233 625 382 -25 -1633 -846 -658 825 -842 475 -482 -317 298 1682 -1786 -288 -405 59 -360 813 -836 -941 -1530 -319 29 1206 338 279 82 760 -729 -844 1458 16 533 -801 -17 124 -352 -715 -497 406 -248 -539 -917 368 -151 -985 -1008 -47 -29 495 -907 -545 237 -483 -974 -65 -242 373 -122 4 915 706 512 216 -559 506 -693 589 710 -1045 -1140 -537 -142 115 -629 -141 62 -1073 272 -167 -289 -359 -188 341 1005 -584 -108 -1124 -72 1082 -660 660 -22 -1222 339 37 1343 445 -392 162 -1105 56 -392 -1511 -632 -232 -429 -1267 701 1465 -462 -697 -824 66 453 -245 -833 -861 -133 141 -935 1015 -118 641 -657 -769 -468 536 1014 -863 -1212 255 -208 -417 -561 -294 544 -136 -228 -454 1370 -581 -354 1010 680 911 500 -828 756 1696 -616 -372 -493 567 273 257 20 599 -671 -1262 1316 -762 -222 -922 -222 43 808 -532 -159 235 240
123 7 43 -1118 98 494 100 1110 618 -364 460 481 924 -162 807 -351 -605 1048 -922 226 1466 1359 -131 158 861 259 1135 -75 -226 461 135 1547 482 63 246 -886 -216 745 797 1317 -624 1174 -256 -714 847 -298 -1030 975 -444 498 1095 799 350 -279 -439 645 324 625 1078 -7 1064 -1806 -369 -102 -381 -478 339 643 680 -235 1217 -827 379 -294 -241 -717 -314 -953 812 -271 652 605 -16 1012 -1235 -10 -1405 -593 830 717 910 -341 736 312 -956 -1431 -504 388 520 496 -1898 -1715 521 687 -195 -1330 -2059 886 524 -426 740 397 294 -435 -194 -1259 -121 837 -609 1126 43 -369 -65 530 -1306 1226 448 280 451 -694 1214 570 -868 1052 -237 684 -469 811 627 330 126 1587 315 470 -167 -496 -498 -225 -227 -396 496 -95 -712 -1297 182 -848 1206 -280 -213 375 -1259 585 -1474 1092 -1169 587 532 206 -268 -1482 -543 59 -721 -373 -504 313 -61 -995 -139 -318 153 132 320 -226 -15 -419 -1378 81 491 -578 -992 -1114 -1533 -213 -597 369 -60 413 629 684 95 -480 584 -613 896 -884 452 178 -750 546 -28 -602 -814 -253 -413 -298 1152 539 -1171 -945 992 -2117 658 -1100 -562 245 160 -350 296 -9 -186 245 946 -497 452 771 30 66 314 -62 412 694 -948 -17 259 1130 530 958 -445 -6 -24 -1450 237 -305 91 -40 -112 64 -63 -284 642 1164 -158 -683 1694 -1399 1551 414 -433 -1433 1226 -142 -809 -72 971 -148 648 1165 946 -153 790 -103 436 -547 247 367 -1487 1504 1005 235 -628 -593 292 335 -2 30 386 317 -198 917 -940 -58 115 55 -1275 372 20 -948 -844 -662 -485 1882 154 -478 -31 -531 -1569 149 227 991 180 -1524 985 -490 133 260 -681 -252 1208 -944 660 484 308 487 -44 1740 1942 2836 483 88 -291 -455 392 275 1146 -1665 -664 414 383 -369 867 821 388 -417 394 -705 -1448 1695 -222 -264 1693 -150 471 338 -87 29 -459 -335 1242 216 481 794 -297 481 1498 -522 399 287 -695 928 214 -1304 -840 289 -136 1594 -631 -788 -421 -294 1003 -61 -1146 168 -1202 793 -1846 72 1215 -269
-954 -77 255 208 -956 538 988 533 68 665 -1239 1487 -387 203 -465 -1003 -530 427 -38 15 -706 -267 -888 -102 142 896 -294 257 -126 -128 -749 -429 -88 -570 -382 572 70 288 1204 -819 202 1248 -146 -748 -295 408 -487 -333 112 -512 773 -238 449 -231 -558 136 836 -406 558 466 -268 135 -736 970 -732 -158 -346 340 886 434 -1426 212 622 -552 -1522 -1504 1228 43 -966 330 -173 225 -363 -543 67 -10 -163 78 -265 -262 1477 1140 1150 678 234 -661 543 589 -23 -391 477 36 534 590 169 -12 26 -500 274 290 -140 -559 -149 601 -172 -1815 193 -81 558 -27 -848 -246 133 85 -1573 -106 297 342 1189 782 1233 875 656 -1037 -848 -3 -278 -161 -730 200 462 -282 -520 -1552 293 1035 -369 -820 475 703 -918 -1179 576 -772 -538 -148 862 -1069 -324 984 281 1146 574 -53 168 144 145 413 -416 -337 -218 -447 -117 -536 244 1054 1622 -652 255 -33 1004 -1133 -793 397 527 270 -1233 238 1013 1772 708 -609 1657 1352 512 310 -484 448 190 96 973 256 668 677 157 -632 -736 -330 228 -209 -954 -608 -392 -841 -537 551 -225 -489 -345 -1493 626 51 676 -955 148 338 1274 1503 -1171 -456 -1478 -868 945 333 -486 -504 1099 279 791 4 206 -129 812 -323 -42 -99 -190 353 -813 -960 -632 842 -364 441 -270 1289 -159 -89 -1111 -878 72 -1402 -1402 1459 -565 -295 149 -252 580 554 649 -477 259 424 -89 440 813 -1224 -1163 -536 886 27 802 675 -41 -112 760 -609 -1103 -15 -582 255 327 388 206 1091 427 -1131 -290 -137 49 -423 361 -106 -646 -1301 25 1164 -1031 714 -463 138 337 -984 414 192 -902 -393 -798 1726 -880 1275 638 -593 -70 -653 -689 -1041 -1081 -750 696 -494 867 -338 -199 624 -188 652 3 -591 572 -91 445 71 -696 365 -607 718 -206 -699 30 1198 -2106 -908 1078 -111 -76 -1071 1075 -992 1144 308 835 -591 -354 -85 569 -1078 301 1100 -748 275 -126 93 383 187 191 1528 -67 186 -158 578 -644 892 -486 -539 162 -502 -302 451 267 627 -156 -131 -796 -485 6 654 1021 1216
1318 385 21 -234 889 226 -378 -111 -140 1158 131 -1019 -790 -540 -667 -276 471 -737 146 8 211 -238 -162 212 818 1279 677 445 757 149 -2146 1066 326 798 -1242 -712 -1201 206 860 -561 568 -26 1462 729 381 1648 -861 660 1027 -22 572 -284 -251 672 571 726 -64 -866 -1242 -325 -541 247 214 -244 -104 282 26 283 361 724 -359 -221 -764 -212 -87 -1285 170 627 -7 793 2091 -417 -99 -115 -100 -327 351 634 214 -16 -454 51 -273 652 -785 -41 -484 -631 -410 -501 125 -617 -1236 41 692 -964 -59 -778 942 538 655 -882 61 -1967 937 -346 -335 171 -297 562 -901 -982 -125 1163 -1305 -156 721 657 -116 120 1403 273 264 -654 139 26 -239 -464 52 -512 -569 -689 391 -552 -634 -164 373 1252 -688 317 1072 -42 -1352 -573 444 231 -612 851 1653 -309 834 506 -333 -292 -221 -262 1986 220 1007 -30 -625 444 -864 -621 335 1129 -338 1864 -20 -815 405 -369 -318 279 200 858 1451 1410 205 848 -150 896 1197 804 -109 -68 -148 1078 -186 925 441 -387 364 321 -420 290 1160 -528 -1363 -213 1556 209 -314 292 15 873 696 672 434 1016 442 488 -88 -688 -330 204 1107 -914 1278 222 772 -587 421 391 -689 -284 750 -381 -202 1108 329 1203 -854 1018 720 -227 926 18 -7 -1329 -870 4 -531 -128 348 -377 -662 -711 312 545 151 362 -1759 1870 508 -646 339 -1188 403 456 447 269 194 -1489 105 1204 1291 -589 382 -1178 28 -6 678 673 -220 -797 708 -26 -90 -19 -491 -807 25 -863 1109 -580 -148 -35 394 521 -359 -654 -768 -27 -162 -589 141 1642 -131 737 -187 480 483 -980 -75 674 -417 -176 997 -627 1131 -22 -392 637 -447 937 -189 -758 553 623 874 1046 -1929 146 731 768 -659 -1612 639 -182 328 361 816 1845 -351 -193 -1100 466 5 992 -1312 468 -15 1531 1902 237 -892 600 40 348 56 -205 -209 -326 87 324 1397 954 528 334 107 -706 -1237 -396 -1526 -1125 776 -372 1012 -1234 215 -505 1300 446 920 0 312 -836 -265 -616 27 353 -1095 472 -360 684 -535 -251 -14 733
-606 1296 -1038 -1181 586 -119 -369 74 -92 702 -13 -189 -1085 -322 154 383 -635 -294 822 -398 -913 -207 42 -626 -932 1671 1347 1042 -1856 -17 666 -338 -310 -248 -450 906 0 -121 1174 94 -724 -420 137 740 552 429 -209 1355 -673 939 490 -699 -389 -382 -223 670 99 -26 366 -7 -418 1158 -607 -363 -102 627 324 71 -182 91 187 429 125 242 -435 303 1 1240 -445 -126 -345 -1089 -159 487 225 98 -583 523 251 614 -353 -1829 -517 233 -396 -622 951 -1127 924 450 -1774 -1114 -1447 1077 339 328 669 56 399 -615 489 -969 -1074 -23 883 847 -50 1566 -88 264 -1211 -1155 862 80 380 72 2029 208 538 779 608 948 11 -852 -580 -66 275 542 -799 594 150 1530 360 -10 -543 539 387 -237 -1407 -151 -116 501 520 780 -259 552 -373 -378 618 -37 -748 573 -430 281 158 -297 -1000 501 810 -124 -441 312 467 1257 426 1764 848 658 -1223 -425 -731 -646 -449 -82 390 661 -669 -427 377 -1520 549 354 -15 -97 -50 1184 -39 -537 282 178 1006 448 660 719 -1169 457 -841 257 -437 -569 -375 -1217 489 -37 141 -850 -286 -992 1363 749 704 376 -428 927 1512 656 2332 -782 169 557 -794 -254 -262 -734 1496 143 1069 428 -101 -612 -765 609 -1357 737 -1222 -111 -990 -780 -263 457 423 -44 -367 -1248 280 765 -530 922 979 1207 149 -178 282 767 1723 -831 291 1592 132 1915 -498 -89 -430 962 210 -114 -167 19 -1134 945 -557 1031 338 461 -484 49 -613 -568 -676 263 1611 2 -679 -432 172 -476 693 -412 97 -1337 -701 -1114 -107 -636 564 224 442 -1074 -660 826 919 -1562 1225 -938 353 -897 -123 1083 1374 549 141 1825 333 1078 -664 -167 47 898 892 -434 -352 -996 -814 -164 1127 285 -1399 -870 444 -396 247 -597 -853 -1326 20 319 281 -263 -560 180 884 518 370 1264 344 1243 11 233 953 88 -331 -161 -404 302 -632 1609 -557 -123 -763 -904 -65 466 1244 -1249 609 494 -738 591 -267 -615 -21 688 350 -586 368 261 126 50 78 -1029 -166 483 -538 -402 -95 276 -272 203 -297 17
-368 1134 401 -329 -2925 700 -429 -362 772 196 -465 -590 670 -33 581 -117 -1486 11 30 -592 462 164 1006 -422 -246 -231 1337 261 -279 -435 -993 -1138 1221 931 -112 -113 22 -767 603 -1291 294 -304 -152 141 -790 799 -942 373 -2181 200 -220 273 -557 -793 -736 -896 592 -408 674 -774 817 -494 423 -95 -929 -226 928 -1592 435 -1477 989 -374 351 60 1131 -494 1274 -352 -574 695 27 -24 1493 677 1524 209 869 476 -1737 -398 -995 1355 -540 -148 736 -317 -753 1292 -38 588 -289 -786 96 -1214 -113 163 1539 -692 276 1969 130 728 -193 -138 654 -1162 -725 -1868 -350 -541 -35 -562 -649 928 411 1766 -1239 542 -1103 635 531 971 -1283 -807 125 -353 547 -1207 -809 -675 543 181 -947 319 466 341 -78 -349 -809 736 -495 545 388 552 -711 109 946 -1513 197 520 137 -109 -298 -580 -1327 -295 -198 786 339 825 -712 -349 635 1177 -889 -711 -317 -119 -561 -889 -730 -609 -864 -622 341 265 -824 254 611 -1576 -225 -658 -1164 -846 223 -384 582 415 426 -1487 612 -475 108 -1105 -810 1185 -590 143 -113 554 -1253 -412 760 328 -9 500 1673 -1695 -1069 860 638 344 799 156 -310 -718 38 520 704 -666 161 -430 768 561 -219 -139 -408 392 -127 1325 1150 -809 -342 -82 931 -555 347 624 1321 111 2152 -486 -1618 465 526 -3 155 -356 204 -56 -380 663 421 325 -251 -720 -325 -606 -420 107 988 2 -125 -1440 -72 -814 59 17 284 -696 782 -462 107 1696 607 -392 -956 354 1113 637 -1031 -181 -21 -1021 -288 -868 -681 767 1393 199 308 -1248 -1084 -1367 1869 -188 10 -656 99 1852 -665 461 692 1329 -948 803 -1528 803 -456 -659 115 279 -404 -28 79 175 -809 1516 -1292 816 -923 -584 -428 1307 -1032 -30 -1079 1115 812 490 -515 -826 -1275 -403 -654 -605 -129 -398 -679 -1248 -942 -428 -179 -25 342 -495 340 -547 -898 -210 277 349 1064 -1332 -831 283 203 -300 915 -865 -389 413 -27 -1152 823 212 1171 68 -281 -1694 285 -1221 36 229 87 -247 -684 -85 -1182 303 -329 -678 482 94 -126 -747 -215 -1035 -901 -195
440 480 461 -750 -366 1231 -309 55 -215 -726 -134 1131 636 1556 -593 547 529 -55 -373 -41 1454 987 -613 645 840 -532 772 1036 -671 6 159 227 -1458 -1612 657 -387 354 169 -336 -548 1017 464 133 273 1030 -904 -182 289 406 -427 -153 -273 -438 448 -325 -203 -903 720 -180 -461 -188 75 -510 -830 153 -245 -1556 949 -1870 -125 655 -1050 -1010 -466 653 -628 -502 -767 1196 87 122 -1392 94 119 185 -917 77 365 787 143 -6 408 -1753 486 -147 1194 -502 55 289 -483 -461 1709 283 1185 430 -252 -766 -795 -616 -667 -360 -677 -343 181 157 -306 527 -908 762 -529 -250 -567 751 -108 197 -69 912 -223 556 -638 640 13 -473 -484 839 -629 -293 337 995 1061 114 926 1133 -75 -587 342 -375 -1191 -311 642 -323 28 -818 -110 497 -583 1897 816 200 120 -830 149 853 337 -1178 810 -103 -591 1185 177 283 -348 801 222 -62 -76 -2005 1444 -199 -523 41 1013 2232 498 -280 -207 -260 664 -1171 483 466 -595 -68 933 -2145 -724 -69 -1589 -474 -527 -732 -1566 43 852 -364 619 982 289 -723 682 787 6 1360 -426 156 997 -486 1228 -203 -391 1197 27 -195 1031 32 -291 125 265 -850 50 1221 509 383 -432 173 -1126 -1273 120 346 196 -150 -1394 121 -500 -823 -297 929 -152 -259 908 -477 1030 468 -673 906 -1345 -376 -110 -353 -658 525 -231 117 -1034 -251 -561 958 250 -580 192 430 919 -506 698 -287 99 -134 735 1396 202 -406 651 889 420 219 293 2081 -1129 44 -481 -637 257 37 -947 -477 718 -18 -956 308 -32 786 701 -301 539 -422 208 2096 324 250 504 231 -315 -853 293 404 609 1319 -1297 -19 -798 -296 1063 -424 123 654 29 -583 -396 100 473 155 1136 -605 -112 253 948 751 1048 -953 -1250 -374 554 870 1045 88 -362 947 1004 247 335 1671 -495 207 541 559 -2 -366 401 1112 314 200 -66 812 -855 0 -197 162 1475 -35 2011 56 401 1291 639 1328 -564 1450 -394 868 427 1514 -1862 -70 2299 377 -1597 -881 -361 -332 -675 -730 -45 -678 1132 2065 589 -154 -239 54 -920
-61 -1174 139 888 -592 -1525 -1161 -158 478 1110 215 964 283 6 433 448 1446 -32 65 -1162 51 -558 509 -374 -1107 2825 -1336 -1246 -348 -22 -119 -983 -133 -214 281 558 -720 569 1446 1774 -175 -32 656 -418 -313 -455 636 -467 1031 -461 222 865 -1406 207 -1312 1567 -1392 -67 -944 162 1043 -1586 -1293 -240 -835 1209 -525 51 424 -59 -325 -36 520 -1430 271 805 -643 -102 424 575 -156 705 -418 -342 -1405 404 297 866 384 -1043 477 55 -67 718 145 34 -484 -125 -16 -341 395 -270 -411 -404 -96 322 1020 -77 398 655 185 664 400 388 -297 402 15 -1115 509 1118 184 -620 -1322 -529 246 -185 173 205 -215 134 122 1272 226 420 -619 271 783 -518 -279 1056 -250 522 -1065 -695 -606 -346 803 116 1005 164 -1436 362 -620 335 -222 -272 626 933 105 975 -193 -1371 -764 -728 1279 453 1004 -160 1083 672 223 592 649 -861 -601 -861 1011 476 -407 61 -861 -712 244 -1088 -696 -67 201 -115 377 277 -42 -139 -316 -727 -440 917 345 1032 -1251 257 -819 95 -151 -577 36 443 217 -885 785 -145 -1489 -809 89 802 249 -638 -1403 -50 369 1229 -628 -479 1217 -311 567 -605 -1089 356 -8 722 -1028 1033 -148 618 487 1275 -463 1606 -1087 664 -396 1192 861 -774 -53 -179 -788 514 -329 16 547 1048 -1141 715 -738 563 -39 804 -1089 -491 -363 -1198 1128 1250 -80 18 -212 -813 1001 -10 69 48 815 -165 541 -453 214 -83 18 -447 -929 698 -1038 271 -193 784 -283 698 577 -488 89 -677 -1019 644 -86 865 152 1879 -349 -20 -404 225 -1222 391 198 1058 -57 -917 -1375 -214 -164 -110 249 316 626 670 1780 -273 78 -35 -107 356 874 41 -1412 1068 -1026 -1260 1451 -146 -177 2472 12 -571 -1568 -374 875 -63 310 438 1442 -335 117 1505 1249 1312 713 74 -409 889 -266 668 -841 913 534 -722 -616 -1578 -887 -674 -497 927 766 588 -265 78 -109 733 325 48 -546 -667 -919 -1281 -284 339 490 827 762 -1882 1277 1345 -57 151 -907 406 -511 155 216 347 203 1400 1572 -365 309 896 70 80 188 536
723 574 215 258 -589 -1034 -1713 -595 -1 404 950 -231 1134 -305 -162 -183 214 961 86 582 858 -1530 -1194 934 -694 441 506 179 1203 -1376 1253 -149 270 -143 1427 -186 492 -57 -430 -326 -1871 265 -1036 1574 705 2423 633 -129 469 -537 1366 1551 -475 -355 95 -1086 381 -463 -1015 -432 561 1690 -749 880 -1480 573 784 -319 -163 676 875 -1412 612 -316 -113 -1256 376 -104 371 673 -1534 466 721 568 1254 -138 -302 2014 -617 250 -453 -278 1123 61 519 -70 1080 900 -417 698 126 264 73 -640 -617 -908 35 777 -1058 530 -612 -1038 -774 -745 378 -973 512 633 -486 -1087 -1905 -1042 448 1712 356 517 291 -178 706 -132 -356 734 -379 -401 251 299 1125 -356 -75 708 102 -559 -168 299 203 127 -559 244 -499 -1029 290 429 461 90 -101 -241 633 -355 856 -648 473 535 1576 253 -257 750 1 -507 482 -1518 -839 705 369 1174 -387 -411 -1561 69 -436 375 -1197 -298 -238 -173 -859 655 572 -13 -452 620 -147 11 332 -743 -883 258 657 -959 9 -416 -712 -743 255 318 -599 -346 1137 279 -481 334 857 -24 119 877 99 1354 1033 -425 354 17 -315 712 1302 -107 -254 -71 -545 -796 -107 -21 732 -429 878 -302 305 -675 1812 -411 107 1213 29 -943 -676 -1687 -669 258 -598 81 788 362 -188 -391 1219 -556 883 288 -403 227 711 746 214 770 -241 -35 805 -922 -69 225 331 562 92 -634 -825 59 -1127 557 29 249 1092 -30 -990 -658 1012 31 183 71 -850 -106 -882 289 -233 -340 542 -411 -1144 -871 -1073 -34 -1377 238 -883 -363 -500 -938 -449 -433 -218 1360 533 1132 -2133 179 627 938 -1145 159 -196 943 645 -763 1921 -1014 -1986 294 430 -129 793 -762 163 -484 -410 176 -86 -21 940 358 -1029 -767 -930 -87 -944 -249 -1072 -345 -180 435 759 -724 -162 148 832 200 361 830 -375 263 1314 -996 -659 -1244 332 1158 149 343 -296 148 -960 1085 186 962 -369 -104 413 1119 547 -629 -678 -508 252 -76 -43 -737 129 -578 -193 227 1265 420 -237 -97 -783 -290 -483 -898 1293 -1847 -922 269 -1894 -760
-420 -363 874 -125 337 -298 471 428 1091 -240 43 -1359 910 -2069 -238 -571 1037 -517 -1043 499 448 -176 626 356 -275 -271 -1560 -305 333 -233 -796 651 768 495 124 -1027 -562 1495 962 122 363 -122 173 539 -806 -329 136 1278 -153 -255 -103 -351 236 1187 266 1163 -726 60 -1203 704 370 -594 -716 1234 305 50 115 -592 -166 -903 37 93 -186 -1106 -153 555 -114 -467 1157 -1033 287 721 252 -925 -1182 -296 -1257 -443 -1295 133 -789 374 152 -677 -370 121 859 350 -593 96 434 1883 78 -30 337 -1114 1786 -105 -224 -309 691 31 273 1100 512 26 409 -358 2030 -1078 -1074 143 -247 -41 -1471 622 -253 258 880 179 1735 -801 -421 902 -18 282 -313 -334 -1031 47 56 195 -350 -1645 -559 1105 -887 -303 1315 -833 -1468 603 -96 -611 491 -1193 -133 -458 177 445 -88 -1602 -671 -1036 351 880 -407 634 229 -389 43 897 1290 -687 669 -233 1065 678 -37 359 -337 217 479 -1494 -65 -1054 -1035 -995 -617 -74 370 -389 -10 -557 183 7 760 1155 -780 -596 418 -1811 322 -163 -574 -797 179 503 -133 -1259 -194 -143 -360 -1315 721 -227 112 281 -1175 1421 413 238 287 115 593 -277 72 1448 482 488 -129 1529 -1488 2312 1037 -117 -740 18 311 711 890 801 203 1286 -744 -422 -958 521 -359 1618 -45 -921 -579 -437 -518 23 -723 1923 -327 1021 241 130 -705 -271 79 -1273 656 -116 -507 -1155 59 -617 178 325 519 -618 543 -43 -1408 -111 339 -1171 -182 599 356 -85 1004 247 1434 958 -2068 103 -1333 -491 -918 -345 537 -288 1131 992 276 448 -383 894 -338 -526 16 844 -101 -342 -687 1394 893 1129 1081 -985 76 345 -700 -830 369 147 216 -680 -482 409 178 -1075 263 273 -417 376 884 -1033 397 852 711 -232 547 633 -128 -210 -647 1598 16 439 356 582 550 -1049 720 -641 -393 -1379 470 -1331 961 -633 -846 -533 1225 790 -698 921 107 -1516 -611 -30 -546 107 -1232 386 -131 -466 -463 1710 -1374 -563 -157 535 159 259 -414 -737 12 -287 1538 -1489 -858 428 432 -194 336 -416 769 258 171 -852 -702 98
-271 -225 -2016 -975 430 903 -670 -132 274 -6 -158 1216 -1 1211 1669 765 1601 942 -44 620 471 -1764 -543 -878 -523 364 -781 -14 692 1488 370 -413 118 -1541 1174 -676 1033 -543 579 340 -282 -710 -1255 -53 20 626 -780 882 1473 -121 797 -607 103 416 331 -404 -331 -429 762 329 93 -1433 -265 373 -324 -520 155 332 792 309 -71 -337 680 277 44 -156 -231 51 1 269 -252 -82 1446 362 419 931 -365 991 988 -253 687 105 -188 306 -705 -867 -1785 -220 -1077 -887 -29 -223 606 -524 -55 1161 -281 242 193 1283 1835 -235 1387 -1092 1949 630 -519 118 -1292 260 -1591 -595 293 -417 380 918 134 -1393 -293 471 -403 -588 437 234 71 -493 -1723 202 1802 258 -440 -495 -342 -581 -238 872 330 1461 -115 -66 86 -1548 -550 117 647 -507 442 620 962 -719 -79 328 417 540 704 768 -1038 1681 -1426 -337 139 920 697 -217 725 -605 -1090 491 1740 -879 432 88 -45 634 220 -492 525 971 5 -681 136 -420 -377 -868 497 -646 901 -56 -82 1033 1311 -784 -98 577 -141 1773 188 -1037 -757 -65 -799 967 -249 36 59 -201 43 -579 -625 282 -941 1081 1448 1155 -267 -502 -548 235 69 -221 1412 -680 450 571 -134 18 568 -1081 492 -1367 338 -1427 -195 37 -725 531 -343 -685 -26 2194 -756 -1333 782 -72 507 -407 286 165 -730 338 -363 -445 233 -299 7 -1170 435 382 1439 -1004 -275 79 305 -419 -23 469 -1523 68 -416 1430 -145 -1 -519 -1365 1078 678 549 -1157 766 109 710 24 1115 -742 -4 -780 -229 561 -510 -201 609 -521 1204 97 -665 -93 -1367 -431 -436 283 -239 434 621 50 367 -340 -784 -846 -181 -1008 -907 -1249 676 -193 2165 -4 -165 1130 145 1012 274 -756 778 283 298 -859 -141 752 -461 -451 -244 365 -491 -676 -540 -2019 58 303 356 386 199 -948 841 -352 133 161 486 680 43 1579 888 222 17 -2585 1237 365 99 648 105 -385 -96 251 1722 156 797 -112 463 -910 658 1026 1345 47 459 428 -606 218 1298 -1408 -281 352 -218 1642 989 619 -1446 304 -73 1463 -69 -3
-931 503 -455 952 -1536 588 -714 1916 1164 -722 -118 56 -293 251 895 1367 142 136 -125 307 -893 436 321 134 1051 -483 155 775 -942 969 -857 -512 1162 433 591 -607 593 -284 -855 363 -979 1358 -787 314 -119 -567 69 -196 373 -425 192 -1349 982 -721 132 107 -1343 560 -818 -945 -363 46 585 734 628 -1705 1277 2106 527 -1679 -135 -1180 -196 165 224 818 -1836 -213 -118 -594 1034 -384 -998 -378 -428 922 -1080 695 550 -143 273 -1226 175 -456 866 -374 833 -499 -63 1104 379 276 113 -1294 513 218 -710 -1657 476 -116 435 190 308 -853 -705 1393 299 -65 445 1855 -306 625 -1278 296 -455 811 -684 -490 811 -656 85 -966 55 -952 342 342 83 98 -1059 1295 -1158 627 -879 -399 1726 325 -259 753 -323 686 -381 1300 774 1153 520 -756 843 -546 1111 -350 -385 463 753 1071 -542 484 535 154 643 1237 -615 -625 -799 -1284 1245 -458 409 -730 -1306 538 378 43 427 -1010 -1122 1040 -187 -400 -752 -343 -204 -1523 -173 -766 -906 925 -10 -160 213 -1273 -1084 -103 222 479 -524 817 501 -1645 1012 526 20 1198 19 889 -120 -372 -219 206 228 -191 3 852 -1303 268 289 299 -1445 -340 -288 85 932 735 627 -336 112 351 -109 221 -186 1209 637 -784 714 161 -1528 123 -41 174 250 -28 598 -1392 281 -460 -53 1610 -462 -1108 590 494 -242 2152 1157 24 -671 -1131 -219 806 -1453 973 -169 353 -493 1708 594 287 205 -921 -1533 704 -84 544 -45 252 -518 -1169 -1141 26 -1680 384 -903 422 -364 -340 974 255 -909 546 935 1626 -188 710 -1048 -251 612 900 538 -1098 773 375 1161 -745 963 76 -699 441 1147 848 -574 -875 1256 -650 -292 705 -659 -351 236 852 483 681 -138 -547 -888 1013 332 427 427 318 -17 567 255 -1759 41 410 -587 -958 -941 914 -54 -190 189 648 457 -83 -308 -259 -86 123 205 1731 -458 -150 -182 48 173 247 1138 281 -1952 -860 981 364 -41 876 -200 -1633 771 -610 -908 -471 436 1023 -25 -528 861 1133 -305 915 -1034 443 -559 -755 492 -320 -183 28 -236 -746 276 -1017
81 1812 301 -1072 214 97 -1287 -539 -291 414 -715 597 347 1976 48 76 -327 669 637 208 1220 260 -78 -130 811 -293 -611 -129 -930 -1397 -615 -572 -1261 -1259 -374 805 387 1547 658 1498 182 -378 -1010 182 -1220 63 1103 357 225 -81 1258 -155 437 -92 -1159 880 -26 -82 -768 -1 -105 -45 -1612 -305 174 -1297 235 -895 659 -26 -192 757 -1804 -18 262 695 -275 1009 1848 -812 -1334 187 -22 188 -1435 -66 632 1384 -152 1073 -147 176 -934 -673 -408 -727 -145 280 875 152 -143 224 1111 244 -54 -835 1751 -1155 575 -726 -205 -134 829 -294 -509 -286 20 450 742 -676 82 -214 336 208 190 672 106 417 -453 -820 248 -89 626 -68 886 -917 -7 338 230 -412 -560 823 413 1007 171 888 -233 -855 -875 -647 141 -819 -21 -83 208 -1526 665 -160 -976 -420 -112 -390 -462 -20 -271 687 -292 200 -292 -306 392 280 437 1192 617 -76 -1265 -262 579 -146 -13 519 214 -257 1062 -106 104 -613 -468 -654 683 131 87 -620 -298 -980 -129 158 49 -1153 895 -1302 -491 1170 1055 478 1277 -285 733 319 -305 61 -382 958 -134 -502 -1408 -349 -1117 -1082 293 -291 -1546 -1707 710 -202 -851 1351 -241 -304 -16 75 470 -938 118 1591 244 -177 1225 -2125 -1006 -1089 -287 -707 -968 3 -60 -1597 990 362 -333 408 429 166 -66 -108 -1253 -273 -13 862 538 677 -332 -1483 -1042 1939 1012 -155 -439 583 -315 -399 -862 531 924 -272 797 -820 -123 -278 -990 1019 -633 -422 48 1156 -622 154 528 -336 87 1524 24 45 601 -160 1083 -591 1331 -1740 -950 68 1078 1303 137 1221 -285 -961 326 -202 -531 1087 -854 -159 -418 231 -22 -248 183 736 917 -654 139 -461 348 -1252 132 -445 466 -653 -413 1325 1252 235 293 -304 496 -344 -280 -1573 87 -714 145 1134 -697 -477 -271 195 744 -82 925 -256 1402 -1242 -100 -1327 567 -547 707 -334 -717 -153 -311 -139 254 -1141 -156 102 427 723 235 141 261 166 -756 332 368 -172 -157 419 -292 -666 -756 -1425 -341 924 -874 252 -1318 -1288 904 12 -616 14 -56 -420 -362 578 -851 1460
434 479 -500 -201 1515 -295 480 -421 -590 393 -332 -258 113 -1365 389 1334 -761 -177 601 188 691 -181 886 860 -807 -420 149 141 1036 -1320 1383 572 659 421 404 -1115 -543 4 -348 -183 -482 903 -79 366 -645 -888 341 -299 -1067 -774 109 -896 393 -698 198 441 1058 31 -598 52 235 153 -352 -1087 -77 -431 -301 -206 -431 -115 390 100 568 -2245 -1350 265 -915 167 -58 705 -365 405 888 1143 98 460 -489 -1046 -1052 -1071 -353 790 703 -11 -216 -1143 -628 472 416 223 -394 471 779 362 112 -235 279 -621 184 -1758 790 713 850 646 -438 1248 -1655 -868 743 -1210 -735 -117 367 -1150 -305 1208 288 1509 172 -498 86 44 52 1166 -164 1163 166 888 -416 -91 -1101 163 -983 -202 320 749 851 -1550 -815 -1167 1122 -314 -751 -729 -856 -296 205 -745 698 362 -1141 -903 -625 246 -801 400 -411 -637 398 877 406 1350 -701 1527 309 -298 716 -1043 -354 -38 -232 -270 1468 -516 -485 631 -92 -117 320 1106 364 -493 700 -381 -519 -1419 -230 2033 179 -121 142 210 -749 -591 -559 -324 201 -484 154 1097 -120 976 -974 -84 -35 35 551 700 -837 1666 1167 452 1341 -742 -800 -396 -726 561 299 918 423 319 -586 292 -216 -956 500 634 -163 -186 580 818 -806 -472 1221 -1120 -211 386 1052 312 694 581 1286 -759 921 210 -702 607 1539 647 126 397 -513 -387 1466 296 -1447 -243 384 -357 -859 -17 177 -847 1175 -267 -553 -1146 208 -88 332 756 52 882 189 125 -1078 105 621 -616 652 -737 -541 -802 429 -331 650 241 181 50 -452 631 -891 -1240 -1203 499 441 917 101 676 -1280 980 48 -473 181 123 -913 536 -198 58 -170 -1107 -8 1478 95 -90 -79 -201 1491 764 63 207 16 559 128 -73 -98 -269 -1086 -203 783 39 371 959 560 734 543 -405 -740 720 -826 513 625 539 -269 266 -635 -29 -1885 -763 737 273 6 166 -1714 -1145 336 353 798 1279 -675 -596 -270 -351 -1001 1135 312 926 1221 508 140 557 503 80 -1639 -394 824 -353 -203 -139 471 -31 -53 -117 1313 -628 -722 -663 -194 1424
-523 526 1017 -39 -269 -663 -9 -988 227 -367 534 2097 -593 -332 44 -648 -466 -389 -208 -8 -1684 797 569 1346 280 -835 -323 -285 -410 -9 -1188 -393 651 -676 -216 1003 -890 -287 533 652 -499 814 392 -2133 689 25 669 -420 612 712 461 -967 471 -1289 -787 696 -424 533 568 -1066 576 737 -314 375 90 -722 -795 32 104 -264 -35 -426 -526 280 222 210 652 -443 575 721 -63 -136 -158 -707 -1018 1297 -1080 890 174 -437 673 -600 486 488 203 -97 798 73 706 -607 -22 355 -1007 799 -178 -1225 129 55 260 -387 -364 1016 -547 1241 -347 318 -7 1098 -911 771 413 72 -298 524 1899 -1706 1074 548 -232 -155 1605 -166 1383 344 1380 299 -450 523 387 357 -153 772 357 475 352 915 -757 -507 618 850 -1004 -108 191 106 85 672 -586 -137 -297 272 -1063 36 1352 -610 -1321 -381 -525 470 126 -356 1084 -891 492 -196 -1259 -416 -286 389 167 831 -414 589 -457 -897 -1358 -390 -124 -810 417 -658 -1313 629 1041 -847 371 842 306 133 319 -1739 911 -1842 -806 -426 566 1256 -846 453 1289 466 -927 -592 -341 -481 224 501 -299 -1166 279 979 -764 -783 22 -608 308 -337 327 664 26 -166 -37 760 355 -348 -41 1002 1409 -78 302 -280 -199 16 144 686 -413 -476 -1216 875 700 -543 -542 1011 618 -521 -574 -48 -698 -285 112 619 -152 136 1611 -462 721 97 -535 1302 192 -523 135 575 -844 856 -23 -292 255 320 -593 921 -61 -804 -413 -67 1550 242 -376 -560 438 -304 452 585 -542 -170 39 -259 533 437 74 -298 82 -692 -697 -612 178 945 324 69 916 -493 476 -13 -734 -271 32 -1345 -1203 -237 -89 2332 -51 357 -273 -446 -1343 726 -167 -1353 -1602 -488 315 -356 -828 445 -576 -253 -244 74 423 89 404 67 -964 -128 -817 219 -421 -343 -1713 648 1118 -1001 -811 -286 -665 99 -1305 -423 586 203 -490 -839 -498 -742 -29 -42 -630 -150 -785 17 257 916 538 -530 273 -100 592 797 428 1126 -804 1411 -1292 -257 -225 178 -307 -362 210 -1330 -44 125 1332 685 214 -625 695 416 378 -203
-1247 353 -206 929 55 1161 -1566 -147 -633 483 -661 662 249 713 -444 1450 118 -666 -521 571 -741 -329 -209 -406 457 112 -858 -29 286 -334 -687 304 822 -1410 2012 1602 -374 -860 -475 -658 328 -572 324 179 326 22 -440 1067 236 35 497 -889 -183 618 -483 616 -390 -428 37 83 -44 520 -65 -174 -1146 -1721 582 17 544 974 72 -1039 84 -143 120 353 -754 -185 -392 -684 -464 -1160 -3 -13 -1007 441 -248 -1177 -1854 -262 -629 1059 -175 309 -372 575 304 -320 -1693 -1706 514 479 -18 99 -1508 59 -712 -905 31 -253 -194 243 -1087 502 -790 -866 541 271 1079 34 -356 603 895 -233 -488 -1970 -478 -1200 -486 -823 -81 -855 667 336 98 -292 343 -576 -13 770 -341 -901 376 -747 1324 480 -679 -442 345 -1781 -418 747 665 -333 2 405 435 -503 324 -1051 186 921 452 -521 1518 300 232 877 1034 -989 259 -83 306 375 695 -1042 -439 391 465 -347 489 614 -71 561 -5 -768 161 1020 -961 456 405 532 1399 1335 216 338 364 38 1248 -598 -107 -1617 119 -1062 249 -1005 -493 247 784 358 -787 610 396 -721 -503 -387 -786 -194 -314 -588 -641 372 -1286 787 882 -25 269 -322 639 -484 -617 780 -151 -102 -893 -1077 39 252 -77 254 292 221 -142 776 4 -144 672 1469 -743 988 -560 290 -889 41 315 108 1046 104 390 223 704 -1522 -1779 54 -619 253 563 186 -810 -946 -394 245 276 655 -326 679 -383 -73 -1594 130 -500 301 -904 909 -246 -275 1311 -256 1531 -781 -1655 -82 -1486 156 401 -1177 209 -517 -916 -88 -786 232 -622 282 -686 -41 -531 -261 -1030 -1148 601 -967 -316 501 -1322 -495 1376 -916 443 -478 -492 -400 545 194 78 -250 231 207 -553 433 109 1272 -361 -684 -444 -165 171 -1013 726 370 -88 562 452 -216 399 -891 237 -233 656 -165 -1147 -1019 -220 -582 222 -866 1271 753 581 25 -758 540 993 559 -231 -604 123 357 -328 1103 269 -769 718 139 -828 754 1469 290 -53 765 1101 34 -699 -38 84 816 563 -166 345 775 -152 -553 258 -610 680 -550 1522 446 -1015 972
44 -295 -738 -454 -1452 -315 309 398 434 338 -539 1160 433 90 654 -168 -225 -25 621 489 546 358 -1269 -912 1294 -1280 -676 -147 95 -58 647 172 16 569 -281 289 513 1011 -261 -375 -440 58 327 534 458 236 -761 745 1016 1301 438 -479 214 945 -893 340 580 -387 842 7 -707 83 135 239 -1013 1789 -177 378 1330 -257 765 -137 -813 -516 -763 371 749 -527 292 -1316 -648 16 215 -215 2014 663 719 372 1641 -214 68 -211 270 81 1499 -368 -834 168 1130 478 -709 -216 458 624 1562 1353 376 -340 364 1484 46 -840 -210 554 1472 1096 306 -1941 -121 1598 -531 -181 -743 -1482 396 1231 -751 943 -1385 -48 -474 164 -1213 387 -197 -72 -34 -398 -1210 98 71 33 -298 1157 -394 627 -502 1191 -1239 1255 -934 -747 -1316 -1116 -1197 70 516 -374 -224 293 -467 -266 -338 303 -526 -349 -243 240 -1248 745 -320 621 256 698 -381 215 -398 -100 -157 -232 -697 -601 1985 -739 22 -237 4 935 179 83 -59 -540 -1531 -550 221 -93 146 -72 -1171 -762 -362 -794 -266 -83 -243 -635 453 -68 972 -1488 154 1148 692 1012 -791 803 -1002 -795 314 566 669 1183 647 -386 353 98 768 -515 -554 -554 -1251 767 2216 -91 -1165 -298 2071 149 870 -471 1088 -797 1021 -527 -1316 -108 -168 -448 409 -422 -769 -1169 477 -518 149 272 -523 228 320 458 -753 845 382 139 -266 208 375 -784 -1255 -939 1320 -26 1232 -335 -485 -186 -918 -192 865 -268 572 1160 688 1187 -1046 221 -573 1457 -909 -1305 -312 -689 75 -756 -139 -1599 -1191 -1183 13 1107 611 640 111 474 -79 93 -287 -176 275 -348 -745 769 -68 610 634 84 989 383 917 1015 -641 188 522 318 -223 -377 463 938 810 762 -25 -34 480 988 -294 -210 -688 218 1082 -1516 -196 -142 132 325 284 -664 -865 797 -468 -214 925 734 -276 461 169 -495 23 57 918 -1437 302 124 276 -914 775 629 -170 325 205 923 -875 -421 200 -878 -711 -109 -339 -179 840 -506 148 -175 269 405 318 864 205 560 -955 -1702 262 -348 -35 1512 921 -289 987 241 -70 195
-234 118 251 635 -60 1211 370 58 651 -250 -617 -970 958 273 120 1175 1492 -1435 767 438 -360 683 315 430 -497 -1206 1522 388 -140 -715 581 -422 626 -454 809 1307 -147 355 -670 76 -259 -702 -1179 -471 1158 1228 1918 1927 -1059 860 1679 568 -307 -768 571 -1148 1475 -1078 124 -611 -91 -467 34 396 487 14 344 -152 -260 -765 -234 -89 329 594 -111 98 -963 800 -628 1095 -1046 111 466 -125 1285 855 810 -1247 -108 475 -1222 1080 683 980 89 417 407 -109 97 144 -571 198 1619 422 148 -709 1490 -208 1031 -1619 141 -732 201 1589 1815 1056 1290 544 290 -1019 37 137 2212 -936 774 836 -878 -1154 1532 -330 -1502 -352 468 701 -358 183 401 1412 -596 677 -117 -1280 108 -476 385 1200 -340 245 148 443 913 -424 324 384 -87 847 350 -1434 700 404 -48 -1046 301 66 263 895 -1156 -393 -213 307 -341 -217 628 672 597 419 -971 217 1423 -451 119 221 756 -70 423 -183 899 689 290 -156 -194 870 -113 -534 -64 -291 -132 -628 -995 175 -132 1412 -1044 390 -590 -1383 -1417 -1181 -2182 -1398 1917 1170 492 -373 798 1224 447 -734 -676 -323 -849 -17 1447 845 -427 178 88 -419 -1232 400 -286 841 -58 -1422 963 -637 214 497 797 -920 441 -659 1216 -117 572 -180 618 -2361 305 322 768 20 812 -604 73 -1489 793 -560 589 -504 321 156 147 -482 -1351 772 -873 -878 1167 -204 -877 -1376 238 413 -1285 694 -1477 104 142 1578 -356 1580 1472 -99 -572 -406 -280 -229 -895 -393 -465 1013 -184 37 353 -1286 71 -1319 -541 -144 -1337 -853 -811 615 -785 -2005 526 1739 -200 -268 455 -9 -453 -71 723 149 92 -546 667 316 -1297 -568 96 -9 -106 665 307 1018 162 -399 -505 684 874 478 -125 -537 167 -679 475 -546 509 112 610 -1071 -680 -783 -75 -243 -1127 -358 -272 -227 -599 -1008 -104 884 1249 458 -564 -51 143 -202 200 -875 -148 269 312 480 -418 -772 -1011 -955 1839 260 -367 -176 587 -537 1424 104 -933 524 474 -180 -573 1161 32 92 -88 411 -426 -540 758 950 1727 478 -127 360 599 159
-573 23 285 -1246 57 37 529 -351 -157 1935 802 838 -184 -646 -625 -579 -480 566 756 -842 500 380 -258 398 276 -50 191 -1049 20 992 362 -361 2293 1502 761 433 -17 -893 729 -73 471 -431 1406 -1065 -291 752 80 -1664 951 -90 -373 -955 431 -175 295 -599 -703 -92 -823 355 -1867 -217 177 -226 -91 -862 -172 -1050 27 861 -71 736 -597 -713 430 -387 456 -228 -562 860 1135 510 1351 370 -38 -269 -20 -319 -213 767 970 864 -462 1513 -489 67 332 -605 -201 -56 117 980 255 366 -980 90 -488 1219 -68 -70 -1029 804 85 -379 -425 -418 -452 -5 -902 -242 160 -707 -992 -75 -585 -18 -152 -1319 -189 1136 -66 6 529 -942 -14 -5 2 427 -489 398 514 -1856 -194 -49 590 -332 -1370 57 99 -1352 -1266 32 749 -382 -824 -156 -979 -962 -341 -994 746 545 -732 -888 915 -878 1602 -444 174 -487 -131 -723 -72 -832 -537 1515 169 -1065 -1158 -1114 208 -889 -1234 916 92 430 -519 -985 -69 -91 174 -727 378 703 489 295 -838 -51 322 -1047 4 -182 735 178 -2206 -442 825 -610 298 570 -1751 913 459 -337 50 -349 280 267 -867 542 593 144 1033 223 -86 1110 1382 84 -617 730 -610 -536 -860 -133 2096 -689 -334 490 -927 769 -55 1274 -311 136 -328 -743 -724 -98 156 859 363 -887 19 745 1441 572 -825 1557 505 1432 908 -129 -1894 -79 -30 -1092 -558 -218 -148 45 581 118 417 1649 -946 -256 -287 1515 -43 564 584 -601 611 -503 -266 -380 282 156 -2 -110 -29 -251 229 -224 1402 -1483 414 -1096 -407 24 1 126 1207 978 -405 -713 124 167 -551 -246 -1108 883 268 785 1067 -822 949 188 -405 1098 578 -216 -25 -168 801 -431 -346 288 -1155 -543 407 91 498 -671 359 612 1008 40 -919 1296 116 573 495 -877 348 -422 61 -1542 369 430 -974 576 -650 -489 -248 -366 -9 -880 1125 -288 -119 -394 -1735 620 -197 -704 -669 -2020 -884 1097 550 -760 -334 -785 203 1958 614 -631 -1767 -956 -560 38 -402 475 -1405 453 -302 27 74 135 -1216 52 -632 -1453 905 1017 -336 1897 -1136 239
-728 -666 -591 945 492 380 -598 -465 851 -362 10 -1122 79 -568 -1059 325 625 -402 78 -1609 -1724 672 862 1835 2201 -259 601 1443 -749 128 771 -617 -391 -505 1167 279 -425 660 264 -94 -1467 484 874 -205 -607 237 275 1054 -793 1227 239 -1539 608 1241 163 515 -53 265 93 1289 364 971 269 -935 -1127 -615 -482 998 851 114 -431 447 -1677 251 -183 -126 -351 -499 -1001 659 -662 980 -303 -1828 646 937 -394 194 644 -751 -493 5 -1055 -770 975 -711 -296 -772 1064 1380 -680 87 488 -866 -535 -1236 126 199 207 -834 -531 858 -628 17 1583 -548 600 -553 -105 230 -623 -411 903 1198 -556 666 -294 -492 610 1394 402 533 1175 294 134 826 -725 239 139 -400 -445 -556 464 394 24 200 153 -604 619 603 858 846 -348 397 -540 -426 -529 718 1039 -385 189 -21 435 -292 -278 603 1271 128 485 -9 509 -948 401 -195 -442 -106 760 396 1244 -446 528 -184 613 861 -1134 443 -1454 -803 -411 -648 447 -920 218 -768 325 -383 -447 -1244 353 -324 -1402 -380 596 -1114 -789 -770 115 517 -1295 172 625 978 -468 970 270 -60 1448 -1051 -20 -1699 -746 -854 -832 -664 -681 -213 -237 -113 1502 -236 1423 -731 313 -753 673 396 103 -909 486 -469 1148 -260 -479 528 557 385 1567 61 -8 -681 710 695 -1714 -1234 1297 -1609 403 -271 35 -939 593 312 300 570 -293 1346 -955 331 -997 -653 -66 446 943 351 210 -644 1321 327 1093 885 84 250 -19 388 121 -45 -1354 -674 -880 -386 227 1165 818 318 -331 -944 -803 -1555 -769 -800 541 143 -93 -695 907 -187 -279 656 189 -291 -909 693 1368 676 447 -772 288 -650 -95 1070 -620 -2058 -327 214 -685 -564 70 -236 -206 16 -265 576 -1207 -708 2447 311 -1160 531 -949 211 -169 835 2724 -840 1144 -645 693 1068 -1687 639 327 -1083 -1053 -1307 -1260 859 -198 25 936 -956 157 -439 -112 -199 -204 -1114 -36 738 -1517 -7 690 2185 -289 486 -349 -333 -302 1296 -349 454 313 1181 -194 -291 -786 30 161 163 706 -105 1595 661 134 -946 648 -60 -959 -1127 -353 -33
-412 1062 146 -1745 -337 -380 2 142 -52 519 -812 378 1380 40 -378 -452 301 484 25 584 -291 -277 -452 -360 73 493 -35 -194 -26 -63 -774 1112 69 -38 417 -1288 -749 -1562 -1121 469 722 651 -755 486 -646 -507 -905 1817 166 -1475 -95 200 -804 25 1864 201 361 -929 -1503 870 -2065 -404 -416 -1521 233 976 -468 490 -269 532 719 454 30 -71 1 462 1228 902 -51 763 202 -1951 659 -750 -228 -180 -239 -834 -549 -1109 932 424 -509 -446 -1865 851 -706 34 482 -277 1183 -215 -339 202 -205 870 -675 -489 444 -621 -247 123 391 -1195 274 -15 -181 -877 -607 406 -822 -376 211 -73 -75 291 787 481 -429 -413 -439 -64 -797 -1027 79 656 -1881 -368 863 534 632 -813 1959 209 376 1071 -265 -598 -515 -682 345 -815 -1491 -789 -567 -941 850 461 1228 -1192 -137 451 144 210 -7 1073 -124 588 203 587 -635 1179 -236 -312 325 -342 -548 -310 652 467 783 -274 306 852 293 721 281 -20 -655 -113 1010 481 1308 991 -81 346 159 1842 836 -459 -1616 1086 153 -727 -14 860 -363 -140 393 30 1065 767 573 381 940 -800 -1217 1088 -619 -273 -331 530 -269 -616 -934 932 660 -578 1444 -408 -196 367 561 -341 666 -20 1438 -957 -506 111 598 674 142 1048 341 -6 -185 1648 657 -994 -110 221 -1375 565 1135 -1090 652 41 48 -85 854 85 -509 -231 354 496 488 275 -340 1175 -478 686 -953 -816 1660 728 606 241 864 130 670 -21 -617 147 275 -202 1228 -615 -59 871 325 766 -807 -905 -458 302 1027 -44 -520 -452 565 369 952 -592 36 -273 -1255 -1290 -797 706 1125 -278 -429 -310 218 1391 438 -842 287 7 545 -222 1447 358 -634 187 767 261 -330 57 708 353 535 -285 -1162 -111 -610 -181 -423 -592 478 148 37 674 528 -740 1245 -776 -229 -558 -621 211 -394 1771 103 -655 463 892 366 -58 -601 128 -200 103 -360 -425 168 -377 871 1740 963 -1178 268 -360 -316 -491 424 1017 -505 -783 260 -929 766 -394 370 905 1228 164 595 204 1339 16 149 1413 -206 570 -86 -1008 -123 -1066
-878 -341 517 -59 -528 -588 -456 -340 255 -189 834 248 752 -12 -1075 944 -624 451 -692 -209 495 892 -825 48 864 422 -1370 -60 1012 -578 308 -55 -157 -1192 1599 -783 1161 -490 -109 -781 66 -457 -1084 -807 1146 39 -152 28 -72 -151 1174 -734 -522 420 -186 979 666 -162 -427 560 286 -487 -1540 115 -238 818 -959 -916 -683 682 -956 -714 1499 -162 668 -609 685 555 395 -299 552 -1565 -352 651 -1316 965 -130 288 -858 143 -1072 -1371 -497 -21 1436 2091 758 -337 -409 -276 -527 129 -1364 -762 565 -850 561 -1034 -283 401 1225 -375 -2 -676 -497 -325 -355 478 1065 -1017 -1101 -928 -620 -274 -932 -558 495 -444 32 -8 778 -1062 -1274 1534 -642 -820 525 -257 -541 578 -165 345 -368 -753 278 -475 607 360 686 386 1097 2224 -156 1152 304 510 -483 583 -290 1054 453 82 443 -607 1775 188 -396 920 -483 344 3 -1070 1142 393 380 1060 354 35 -551 -896 1696 72 137 623 -924 -553 -722 361 641 407 357 -303 -674 677 31 85 131 10 819 -246 -17 -305 -796 -89 152 101 -54 407 1475 -66 -768 -13 256 12 337 -2 33 118 -461 226 -623 -220 -536 971 -265 -52 321 149 -94 207 -1149 997 -189 1582 -133 186 -915 89 -639 388 -293 880 -645 1328 -676 -654 -761 0 -566 171 -769 220 -457 710 -116 1185 1040 -451 168 733 -1323 -602 -179 -915 -1069 -1264 679 702 -517 306 -260 -380 972 968 -354 -30 110 79 -745 264 281 -37 -1488 467 -861 -65 -359 729 -695 1555 162 298 -782 1042 -30 658 293 208 94 162 -1508 -311 -1600 108 1021 -42 -110 100 -995 887 -465 46 -207 -293 -1079 -1014 -415 773 554 906 -934 1231 548 -1080 -713 902 430 -641 1261 -351 1207 -477 -39 -249 1270 158 -1152 -212 551 726 -1187 489 259 245 -62 -1254 -50 -952 -599 -188 -190 205 243 564 639 115 -194 -1530 718 138 -668 -210 -227 -165 -563 -534 18 870 1288 1066 -853 694 817 -816 -228 9 20 -412 -15 509 -838 272 1222 -799 619 1475 134 -1229 740 1882 634 648 -212 -279 509 -855 374 1448 -1448 -377
1019 306 -334 -767 907 283 -74 25 399 609 88 66 -318 606 385 1109 968 -97 -277 975 412 1 2026 -903 432 515 471 -341 -543 -855 1111 -807 -414 767 96 191 -522 925 242 195 1961 -206 -414 270 -1914 -210 262 574 634 904 -140 -218 303 968 336 -135 -476 164 806 -773 1314 -398 331 326 -877 -82 694 -795 1235 -230 -270 -588 -1392 -1007 117 -93 -946 -623 -540 57 975 -215 38 484 19 -650 794 296 644 -1116 100 -1161 453 265 -44 -937 -316 -166 305 165 -1152 38 789 -387 -626 -541 714 1518 -220 736 -1592 1467 -78 345 1314 184 23 936 408 -815 -788 -1015 507 1043 2 -51 636 344 -554 914 333 125 -897 1077 -223 -275 729 1055 1484 -528 400 623 360 582 -1156 1864 -1481 -56 1300 190 1043 -81 -1070 -261 1381 993 732 203 -367 -387 -234 -346 -417 613 -988 399 428 1371 -598 -497 175 -1293 -328 -564 137 1022 357 6 -191 -647 -756 -216 -430 217 -386 806 31 865 -736 -202 242 104 -425 572 564 -1571 -698 -852 -542 -194 258 675 330 382 -1206 -124 -582 1617 179 -420 -582 -393 321 217 527 652 -64 680 380 175 195 251 85 -191 -710 -347 -876 219 1133 20 1491 1482 253 801 -306 -1049 -985 508 2164 -654 294 70 -997 210 -179 -753 1109 1027 -914 366 -829 -406 83 877 180 -5 -489 -367 -27 656 95 -732 811 -846 -62 654 857 -675 -250 88 835 -469 991 1095 -575 115 1658 536 132 -179 -862 282 215 524 1129 -329 1127 963 -328 802 530 -473 -14 -1336 -1330 1142 -563 1445 156 -754 -751 1182 132 -20 -852 1399 697 51 -580 -260 1173 969 1420 -215 1182 -1456 -442 -391 -412 -379 558 212 -948 154 1658 -478 -861 279 -1815 -247 358 647 1491 -508 -315 285 -193 1080 -187 488 -1396 -825 -733 715 970 -329 -1028 1255 -337 632 224 115 -177 557 408 -43 1267 377 102 240 551 779 -1062 -1018 1281 -524 472 -1197 -443 -266 1436 -257 525 -215 -660 -105 89 -33 -766 478 224 493 -110 32 252 -556 -419 451 621 1522 -917 -476 1452 141 227 -435 1037 -1781 1311 255
903 -314 1167 -525 -592 582 1138 -1090 -196 -890 657 95 -102 220 548 -486 1128 -142 -877 -234 31 -249 -147 -182 -497 -156 73 892 793 889 1132 784 -742 397 53 -273 -286 164 506 -523 216 -2238 149 -23 -120 -1246 -391 1756 -281 25 789 2 992 -357 274 179 842 503 -936 1069 23 -488 -852 -728 406 257 1247 -9 -547 -49 -542 -1371 -540 -583 226 478 168 -181 599 -631 -1792 -234 500 1214 63 914 671 -207 727 1104 -68 711 1217 -986 -20 128 -1376 876 199 -152 198 450 416 50 223 317 299 -159 289 329 430 -52 -141 -809 -1 1108 1041 -236 -178 -410 471 473 277 170 29 520 807 -377 -333 -1356 313 1159 87 776 372 1048 637 1197 -30 -511 -652 -459 -960 -651 1331 -325 1266 1357 -552 -278 49 61 902 -942 680 -462 -871 -135 -698 -674 -1131 428 147 824 504 -309 105 -1209 -340 -45 959 1119 -355 302 290 -1854 -552 653 306 368 -126 243 -737 -741 1196 -405 -898 872 -59 364 -1033 -24 172 319 311 -190 719 198 -344 1075 271 742 -1286 -549 -513 -1450 128 201 -826 -350 -761 28 684 924 736 -577 -84 428 -1502 -193 -912 566 -523 16 -628 1144 199 606 452 -883 331 -494 -118 727 12 -362 -970 -113 -1111 -587 1196 93 526 721 -762 289 1609 22 -228 -514 -595 931 198 438 834 589 -846 397 1852 219 -672 517 -340 -1364 344 -360 784 -5 -717 -555 -412 862 663 -52 52 392 -1277 208 -266 -397 -909 152 996 1319 -618 644 415 -430 734 299 -957 1272 -417 -1242 -580 1507 -327 -666 52 468 -486 -53 -905 -50 -1003 656 208 651 403 410 -205 344 629 308 208 -233 -572 -565 -47 -582 -793 907 -845 -1287 138 107 -341 585 -9 -912 -1141 -203 -1097 -1208 -338 -955 -982 156 487 1642 358 1114 -472 -383 -377 90 -1375 92 -193 716 -749 -146 1819 -748 -1644 58 -575 1106 -377 72 46 520 205 425 -848 -769 724 1385 -330 -408 -325 482 -1279 212 -1646 572 -246 1252 800 -66 228 645 -460 -238 -1535 -311 620 -433 1674 338 -77 -1597 -30 286 -284 -296 -589 -666 254 218
292 736 -1225 81 4 -1324 736 -579 243 -587 4 312 -628 -406 -701 -1456 -433 1723 -560 -855 31 -1448 1432 259 668 -243 132 -1012 738 984 -431 374 288 -266 1463 425 -1665 -905 -881 103 319 296 -1401 235 -462 -268 557 -122 291 284 -501 -418 1039 -1016 -1341 71 -366 230 -417 453 162 -1788 -53 378 -273 -759 -1252 -291 -169 -351 -541 435 -348 -401 1413 -132 603 -664 145 1730 158 756 -894 640 610 1482 986 -252 -375 -393 360 148 667 295 -454 -140 101 -824 -302 91 138 1558 147 -1501 -148 -600 424 42 -543 -102 320 38 -265 -781 253 -1639 728 -571 -484 -450 -16 474 405 791 570 62 -136 299 109 774 -129 -484 -1693 -136 -1272 -802 -2209 1328 -59 1734 164 -524 984 196 -815 882 1456 1914 -767 -31 -223 775 -243 1089 256 -378 932 687 1623 -2148 -1103 -703 -395 1272 642 -674 -276 -295 29 5 34 5 92 570 161 387 779 639 321 -145 -835 -314 259 380 1352 414 -147 -1149 -685 447 -257 71 -75 376 610 1084 268 -78 284 -281 732 446 485 -1573 -600 557 282 299 1176 213 54 -356 -766 349 500 -650 -708 -179 623 873 -238 119 -946 632 -324 -292 -2011 1019 -357 458 -100 -954 83 361 -66 -213 22 607 -142 -1278 154 -137 -155 385 754 -104 -373 443 1184 526 755 1155 -524 -7 26 -61 -17 684 -1071 -903 -56 -770 94 -928 -237 1223 -224 391 -499 760 705 317 -10 -1607 359 839 -1142 1160 -191 1069 770 -421 -1136 -507 -1549 -790 1267 1799 153 -24 -200 -354 541 828 -20 495 -94 -242 503 560 193 -152 -1029 440 6 301 -878 -398 445 -332 -1031 -89 -268 -727 14 -508 -45 -1133 -235 -308 -487 1520 -754 -142 368 -771 242 -201 127 128 1072 -721 630 -308 -447 -184 143 -38 -333 -141 362 200 -248 38 746 -1026 -868 526 205 669 298 -488 -103 1469 -148 493 -1405 -261 -877 -829 -110 -1079 -7 -546 -86 -291 -1812 -243 -614 -1176 234 -1221 -589 -1011 -20 -603 870 427 -753 -103 310 -1578 73 -925 -1038 1578 1453 201 -338 43 62 -407 360 -1065 11 33 1088 -217 704 -30
-796 1271 218 -279 395 -92 153 938 802 1136 67 -1970 -1422 1565 -223 -109 -1715 188 -597 -343 -411 120 284 -883 830 -195 1311 405 17 -332 -875 942 305 111 -49 -636 403 16 446 -660 -585 -434 859 855 -510 -813 -204 174 1015 -164 -137 -646 -815 -107 -892 -516 908 1490 -719 241 506 898 -656 -514 161 -157 147 -220 -162 1174 172 -649 30 -1394 151 -233 -1577 697 270 -1272 796 -1417 539 -153 210 52 -636 -830 -873 1599 923 -766 53 -229 -198 -316 904 545 -173 -362 121 -552 -143 14 -821 -905 609 -275 61 -152 1504 -85 -395 247 -520 -377 88 672 -187 546 85 935 1198 488 -338 58 731 -1247 -1555 -261 840 391 -1181 -215 -467 268 -1034 14 -1227 575 -595 964 -38 -223 249 -208 2 -221 30 -234 749 822 1205 352 210 -795 -1714 755 -449 -1059 -842 -223 -540 -3 -1625 49 -891 -718 337 -751 1684 -233 1203 1391 861 95 -893 720 -477 -654 134 1180 -693 345 -17 -227 -180 323 -332 -960 132 438 573 54 -563 1497 -1574 -1402 1905 778 -55 73 -144 -157 -1083 -181 -714 555 -688 767 1141 -69 393 -682 -968 331 -195 113 -486 131 285 -469 -472 -802 -1043 714 30 1000 -929 133 -386 -227 80 -1610 1712 728 -235 112 -762 106 625 -597 -290 -243 -416 553 555 1458 -349 -39 423 442 -317 -1893 125 510 295 575 -123 236 -53 227 -965 445 1507 135 235 1067 -64 674 -186 -34 273 898 672 -625 -492 1031 -73 1711 -72 186 -669 1246 -235 -519 -645 131 -63 -512 196 328 1523 -684 375 -254 329 -1159 -1292 28 -56 -644 443 838 384 -50 -153 854 837 158 -166 312 1526 740 991 -106 328 568 246 -133 890 -1647 -1092 64 -699 2 776 -545 162 531 193 -225 -1196 -1363 1022 467 -1158 -174 359 1554 1394 183 716 -781 607 283 106 773 50 -1199 -772 565 770 -747 124 -55 390 -18 -877 -44 -1036 561 827 -603 2236 642 613 577 1746 -889 -664 818 -191 -1187 42 499 544 -309 1019 531 -304 1006 73 -838 -475 1993 179 117 373 337 459 785 -689 -393 -1723 -446 -483 11 -492 -108
227 -744 99 -249 -215 -102 131 -211 790 778 -368 -381 414 -367 -710 201 292 -555 -1807 729 71 -606 -481 218 -336 -833 -240 -264 -563 64 -474 -653 -548 -381 -1282 -617 619 1635 265 415 -523 748 -721 557 -299 531 622 1218 1560 924 61 -1236 -860 -347 589 709 -209 -2 236 99 -174 -1127 -491 504 -1015 2 377 -688 -933 -387 610 1133 725 -428 142 913 -389 903 280 -697 -551 775 16 -475 -93 -106 33 507 -833 987 204 112 764 -776 -909 -263 -467 -622 1005 -1012 -535 -1097 529 -486 -1160 640 -1046 -46 -1669 526 464 141 -841 616 1770 88 -342 361 131 217 213 679 592 -152 593 -322 1028 -302 -815 1059 -392 -655 -26 245 -1559 809 553 -505 -315 -592 -467 -674 99 -625 -329 620 247 -603 851 162 185 -576 -188 254 -558 -565 9 368 -906 119 -39 1388 74 914 704 682 -125 -482 886 -35 -328 112 621 689 -296 356 -775 366 1023 698 328 425 356 796 1347 -607 238 162 -247 3 921 -778 -331 470 15 -263 -329 1279 -834 -146 -354 -1398 -721 -747 -101 -80 1186 1265 -393 742 -50 -536 -113 1625 -409 -124 -589 394 37 -1158 1032 5 836 1279 -374 1254 -640 653 -183 1607 1212 435 792 661 -1146 491 66 -411 637 354 -575 -159 414 -156 361 728 515 -587 740 -1081 -692 595 221 1026 -95 -238 50 229 548 176 729 504 -207 179 727 -1112 114 -381 902 -1162 372 -112 898 -1025 850 522 20 681 616 -733 -612 115 -1145 -321 1474 -27 983 1508 222 -704 74 282 -139 466 339 1000 193 116 -508 1133 573 452 -227 189 -65 312 316 -288 83 -124 -421 -597 -996 -1434 -5 2046 167 513 -476 -605 -426 773 282 46 251 -317 89 -1128 518 188 252 -332 396 960 418 562 1157 -946 -350 -1389 -370 1686 426 -1177 431 897 827 -818 481 -959 -1623 -200 788 198 -537 -164 -555 -700 -354 362 311 -1101 371 498 1468 -92 289 434 565 -566 -1155 -355 462 1034 369 731 -1086 -921 1223 -424 378 -788 862 -216 1633 -222 50 357 -595 -561 -829 -199 -484 17 1092 190 1014 1228 -1220 -369
82 -164 789 1021 -1008 -1489 549 -1135 -119 844 965 -980 -2009 -402 341 994 -159 -787 174 319 -250 872 607 1578 -1025 -2 -544 -340 -793 -191 -1075 -912 125 -410 674 231 -1490 1613 -155 273 -187 843 -70 1307 -180 -85 -516 -78 637 -251 315 484 -254 -1036 -206 -325 -251 -46 -5 -486 -923 237 -120 -449 -1308 -92 -2073 317 76 59 -437 -657 -828 -377 -527 -2098 -164 1236 1104 -293 -29 -117 1209 538 180 128 -209 630 -413 -555 -147 -68 -794 -761 1850 1870 305 195 506 597 538 -746 -669 301 -215 391 408 -460 460 -524 -238 -331 -140 -618 -386 695 277 866 660 -36 -106 -1444 -51 -412 1073 -806 -204 -25 -271 -1508 887 -597 747 -692 423 -73 -331 -276 712 -174 928 -134 -220 -411 1770 -1814 653 -338 636 -487 -462 1266 685 548 -516 457 263 -1220 -587 364 -1909 -47 -400 -1510 2 -768 -1106 51 433 123 1190 51 -536 -332 -404 -92 -746 -720 -137 521 121 789 -1000 -94 286 540 -131 -1421 -447 -312 -784 -550 1341 306 551 -83 -87 638 -492 -1105 -396 152 -40 235 1445 2055 1123 252 467 -749 427 220 1346 631 -1577 225 184 501 -675 699 604 266 -615 175 -695 -447 131 -505 -1069 39 -362 -575 -442 885 -24 708 -823 -75 -14 -423 -520 223 -69 -86 172 -1026 -272 -207 272 -578 538 868 -1240 -298 -427 -91 861 -122 849 844 -297 175 -146 13 -1431 -357 -34 -681 -27 -423 1369 -8 -521 -52 10 748 -656 687 -153 354 -420 1485 -410 -594 1394 -1052 -403 246 -1366 350 1140 476 -185 37 294 1465 -140 544 337 949 -6 607 481 216 901 -469 575 26 1494 -545 188 -316 -362 -841 -503 -726 -131 502 440 -851 1378 -1154 -110 569 229 -469 373 235 -505 1076 1139 471 -529 1028 -106 912 234 -1757 235 -316 168 14 -1306 828 -1585 958 92 -700 -189 -292 -388 34 1272 -262 -451 -652 -332 -1987 1215 988 -619 -212 -166 -473 179 -338 124 -890 171 605 -379 834 -245 420 103 -14 110 -401 1420 28 206 -364 253 -624 -522 141 -1022 -724 -28 -404 550 -258 471 1855 -530 -366 -972 -68 -38 -1499
48 1592 422 -780 -142 302 -301 -59 -1578 -282 253 1253 -548 138 -216 -1693 574 -997 603 375 -171 345 -366 -1150 -928 -2086 -787 554 -756 -379 -825 -476 -953 602 266 -74 443 -666 -11 -1050 -868 708 -1856 339 -432 355 73 563 1486 -743 -775 -353 -1052 566 807 -1220 13 -322 85 190 215 -577 -542 804 -276 -499 -145 -611 74 -334 -522 1258 255 -156 74 38 724 385 -1046 -341 -1210 1536 -451 -561 -831 -1772 566 -664 -807 -412 -1047 612 191 152 -404 -1011 1357 -44 -688 -33 -141 1877 81 1321 -560 403 177 -1042 603 -472 -444 -599 -933 280 -1049 -206 -254 208 880 580 1010 105 689 -2282 -102 -649 -477 335 678 -502 94 1266 -379 -1985 -811 -792 -22 175 95 -767 868 -202 -546 -697 807 684 -36 -501 1278 -1689 -407 -229 226 -257 317 -1803 437 -771 994 -91 -1368 -218 -347 -551 1294 -231 -835 581 216 -602 591 -318 1035 1010 643 68 -203 1051 1213 222 -730 1043 -610 -1178 1076 -1186 -163 -39 -712 261 -188 1729 117 992 -1200 103 695 -91 -666 242 138 -705 1240 597 -1237 -909 -796 1192 -1262 -229 -729 546 -1486 -1475 511 -318 -113 -988 -647 -376 -1255 -206 474 325 136 -987 1270 414 -227 72 -51 -235 -99 489 -1494 -526 1466 193 -1501 -901 642 143 254 -336 -359 1107 -113 384 677 -476 -639 -207 -1828 -669 371 657 -241 299 1186 -1541 1477 -900 -407 -292 1290 -413 1070 -617 -418 -58 -1334 368 660 -672 1001 -730 -980 -458 93 151 -449 -679 5 682 -666 -1144 1384 -281 391 -342 197 560 -877 103 3 377 -853 658 -628 476 -294 518 -358 1468 -1222 -566 322 -365 175 1079 -50 -312 382 -1083 -39 216 -533 824 247 36 -901 -190 1102 -1162 1010 665 481 50 -1242 562 -134 -267 685 -11 -805 -956 169 535 89 -849 318 -1293 17 1120 765 941 -79 644 -277 -198 87 -1035 -1005 -692 1058 1346 -134 -621 -725 -134 -432 1655 -49 783 -302 460 148 -563 -484 170 -878 1030 -1041 1009 -343 776 558 1063 200 -340 -530 28 -864 -388 182 -176 963 -62 262 265 357 118 455 -1463 -291 -261 135 479 1169 -1105
291 116 576 -876 -1889 623 -15 -259 1357 477 490 608 -304 -482 -2337 -207 894 -1051 -29 94 -782 670 -2 -568 613 738 472 -114 -571 519 -565 -384 -885 -644 917 627 776 -182 1237 -472 705 -910 1008 -247 252 -477 146 104 -562 -132 984 -828 -500 -1083 -123 -929 672 494 -1617 511 814 -1716 563 -468 -478 -204 -1081 -270 -164 -754 -405 -420 -4 979 -1322 -94 -303 351 102 1004 572 322 1124 -490 1327 -1571 -398 370 659 -1333 103 -37 629 -211 82 332 -1220 494 -82 -212 -660 129 -509 -301 557 599 -547 834 573 1249 976 571 -634 376 57 111 994 -493 106 547 -250 735 -391 264 207 -13 -610 -1520 -1723 660 -122 -33 -424 -1330 557 276 -723 -1084 -1039 -191 -329 -751 -313 -110 -147 1494 -179 473 173 1169 -411 -150 684 264 435 480 165 -422 -547 -1159 1166 -1362 -265 388 205 209 122 779 -181 -1430 -464 -353 -589 866 -163 455 913 -1003 -644 679 74 -353 -727 -774 637 -1388 231 14 249 -803 -277 288 -268 -404 -70 -237 137 -315 -811 84 26 -916 113 -612 -819 708 -1160 -66 493 -757 -107 588 537 452 1244 351 -434 -264 136 288 -2028 279 -417 575 -934 -171 -356 -413 -11 -1013 15 -342 -1475 -989 90 1579 -679 473 272 -22 259 208 328 738 -75 573 -12 44 49 110 260 -1265 523 375 -466 -516 641 679 759 203 -98 341 367 1026 -1114 -56 806 -258 -1186 -1156 130 803 -1 -775 33 589 -91 -184 -669 -688 -775 870 861 373 54 545 506 493 106 -1713 341 91 655 -723 -83 -13 -67 -257 782 1159 476 -574 85 613 -451 259 -457 605 -532 -719 -479 -600 290 255 -907 533 247 -1959 -285 -139 815 1172 15 327 5 -732 -717 767 -873 26 -343 -712 920 1173 -902 -798 464 274 657 -82 274 167 -216 -435 -362 -1089 -955 -116 -129 1420 -49 -1634 -11 349 288 764 -364 -56 628 1129 -706 -162 -333 -1148 670 405 -310 127 -1004 -460 -1000 -618 1107 466 -281 -1321 96 -251 462 -458 1132 -270 -843 758 -929 386 670 -1016 253 344 303 886 289 -423 -400 551 -79 -182 770 -7
-244 -1222 1323 409 -298 -6 -752 1309 1398 -613 -82 -486 -360 279 -16 49 -427 -124 344 -1414 -1210 372 379 -415 193 -536 -253 790 1374 -942 507 388 -9 -552 745 -466 913 -96 222 -49 463 106 285 -476 -520 596 -643 -299 -949 292 -1019 -1388 690 846 533 -591 -20 228 87 -493 -917 -687 727 680 -330 1672 52 -179 -446 -337 1323 -827 178 418 -1453 1340 -608 -209 -70 115 -1412 -246 -379 -493 611 -868 -136 -353 -487 -32 -1104 459 -7 -134 -769 -48 199 436 244 -1119 305 998 -398 -840 266 691 -861 193 133 444 278 932 289 836 99 -325 379 -27 -172 1041 -29 977 -358 -165 213 224 355 -596 -554 1349 -198 313 16 1194 366 195 1081 -1082 -309 346 -1151 -48 1039 2306 552 837 188 -19 363 1830 -168 417 -237 -727 879 -85 -485 51 -603 -326 -434 31 -432 -520 1020 2416 -1307 -844 -62 -893 164 537 -78 554 232 -1309 -127 742 545 221 -66 792 -865 652 -441 -581 -656 -1285 982 626 -419 245 -189 -619 461 613 510 508 -1015 -739 -1348 -61 -401 -857 166 -208 -704 109 596 305 528 -412 1671 269 1124 -595 38 399 203 -963 1090 139 145 -230 -123 248 -1728 -276 -1178 -329 -997 -447 -702 712 438 539 496 -327 214 -335 -1289 -415 1605 502 -129 529 -1675 -413 771 287 701 -211 1199 -855 -1582 -1407 -207 124 489 -811 -269 162 -878 1167 142 -421 -245 743 -451 293 346 -861 -415 -79 1193 -351 1214 -1353 99 473 -671 59 -138 354 -1493 -1297 680 1193 -1304 166 -596 -1110 -667 26 -2126 275 -1007 -1697 -255 -2117 611 -228 -521 -1200 612 589 102 296 -266 -1092 -8 151 179 -302 -511 -684 -129 731 -1524 566 -555 -1038 51 -1552 5 -849 122 -689 -863 482 81 -1435 -500 -775 126 -892 -1347 874 -421 409 1281 -111 626 328 525 433 804 410 -762 640 4 -302 376 -1349 510 -1405 59 180 367 -106 -601 1362 -1365 729 -656 1500 -697 -474 413 323 350 1323 -1213 -1052 -28 -399 -367 846 79 -422 472 -316 -337 416 -143 97 -30 -4 718 800 239 -1998 688 -586 -704 -173 2232 -603 220 -2109
1798 111 -1799 66 -274 513 -348 -302 -1052 -489 -386 676 -373 -1704 -760 1872 82 -134 -619 -304 753 116 706 1728 937 321 -97 381 -745 -759 -671 -391 368 1000 365 -392 -9 -442 -1487 -628 -512 114 -349 1643 57 -190 -155 -1285 407 -197 741 -465 -308 1100 970 128 972 -618 -661 -71 -656 -427 -790 865 465 54 45 -183 -810 -17 -121 164 -234 -566 -2025 -1269 -254 1332 33 415 491 50 846 263 -727 -626 65 811 -1092 448 1295 -258 -418 826 772 95 978 -541 1712 -545 -1059 203 -522 809 -134 468 847 -1052 318 240 -123 769 515 -446 -399 1311 317 -818 644 205 15 -722 510 229 528 -576 -131 269 674 86 -483 -1217 260 -357 1656 105 -180 -630 667 591 149 1030 -767 382 -423 656 -1102 -861 236 234 596 1235 720 502 -280 -1025 -909 67 292 -171 -415 734 -104 -508 903 -716 825 1542 -1269 -1109 -461 371 -714 498 -310 -46 736 -24 101 -335 41 -608 526 -1853 1593 -53 1210 1315 -1068 -685 -354 -251 -677 -533 131 529 -425 365 -1065 1330 378 -676 -379 397 -114 539 -1073 564 -1610 -36 1124 -89 -849 -10 -54 803 1730 -1481 256 415 1228 -41 589 1243 952 -437 528 -172 703 -286 -752 1643 741 575 -112 -332 -84 -540 -2005 688 -92 522 -41 -1116 1028 458 -1653 -1139 47 644 -849 1038 1959 -1187 939 -328 -1323 -1532 -9 -1354 -292 -1260 1158 1050 964 -85 837 -447 -358 783 -193 291 -279 -287 -1511 719 783 -376 -916 -920 -856 136 -225 -13 865 1062 2 -1474 -298 -352 -699 -718 531 -313 -641 -309 -504 -844 -345 611 480 1152 50 -54 -304 1250 715 1703 258 252 605 620 -661 31 -1156 682 617 -649 -119 -829 417 -20 151 217 279 -208 1277 -258 -701 -46 -327 -176 943 260 198 -1349 67 117 -181 77 479 1413 502 787 -654 528 22 149 1337 -605 166 -107 -492 -1296 330 -44 -1112 272 -187 392 -535 -46 739 408 559 -1212 1000 -469 1636 -508 224 535 -724 124 198 -61 -181 415 -132 210 -1111 -910 269 687 416 536 228 -1233 21 -526 -82 -440 -58 -810 950 395 501 845 619 67
8 960 -1462 -738 16 -52 -1122 953 723 637 -451 545 -123 -652 33 796 -112 -430 -85 151 -556 186 -325 60 -973 -903 1179 31 -103 -186 1135 555 408 -1183 -155 1360 -558 871 -511 -445 784 5 783 645 1356 -82 -446 -162 1348 660 -412 1067 -135 -590 -229 1151 253 1039 -439 -650 475 -50 803 480 117 -14 -207 984 -287 -129 -1106 -832 -219 -428 514 594 350 700 852 -1364 164 322 437 574 -354 1094 832 605 -196 194 -1316 966 188 -620 1215 921 -637 -1017 -173 731 -561 1208 249 -83 854 468 242 -808 -830 489 -793 -225 -673 237 -487 332 -2380 -335 -1440 -434 343 286 742 641 528 -188 -388 -416 1355 656 -1575 751 101 81 -1367 6 559 -458 140 -368 1137 1100 505 1604 91 55 361 -516 -1599 -686 -448 -198 -1500 1115 435 -1293 540 144 202 -1115 -416 -481 -1077 -323 442 -669 -606 299 255 -197 -398 1983 -1271 -439 231 -968 500 -126 523 495 416 -34 184 345 -623 -1001 -252 479 354 328 39 278 -681 -45 358 -181 777 656 328 -376 569 413 88 280 310 -101 771 382 1155 -459 -1110 -1189 -684 1246 239 60 1178 1343 -683 -368 1194 216 -170 -619 260 260 303 122 -886 -1360 -654 -483 11 19 -852 603 470 894 316 152 368 1328 894 -199 241 168 188 489 -137 152 1155 -73 662 233 -603 488 -1529 -1061 56 647 -465 -628 535 396 485 -95 -750 -74 -30 -1054 -1101 -1471 719 -162 -292 -346 5 -116 468 -360 78 -949 557 541 -228 570 -181 -104 374 1006 133 432 -55 -1215 1088 -742 2081 -786 954 -991 -733 -279 -217 324 -707 -480 -320 -1276 83 329 -650 -643 -395 967 -87 870 -988 318 -230 97 240 423 721 -58 -673 1198 894 -923 1347 -337 -47 -822 -271 -1230 -993 -156 -414 -18 603 785 -768 1471 817 -389 1536 -332 -513 687 392 -415 922 725 -1332 56 69 -331 341 572 -352 -192 -541 56 1532 261 -116 -694 -573 1035 5 -297 1210 -204 1662 -627 -485 1344 -904 -624 117 -375 358 -858 -702 -767 187 270 651 481 114 -456 300 95 -542 -779 194 984 -1027 -208 462 793
420 1734 -861 1469 -948 262 -49 628 523 491 -1788 484 129 -1389 634 74 -388 244 -7 -1016 532 -717 333 595 -1220 -571 890 -14 -113 -132 927 -965 -14 1701 287 751 -958 -607 -845 1024 -1151 871 856 794 308 1134 853 -18 805 -671 122 -1115 -274 -238 238 -1386 -386 -1017 309 383 -945 1103 -212 291 -1230 -1513 364 853 399 -386 -340 -875 1113 -241 -955 -416 238 -1483 313 -190 -751 -55 -886 -233 -669 259 479 344 -170 -372 -245 408 -263 601 -238 -499 148 251 -886 982 -570 -826 964 -978 -98 446 255 1070 1862 427 -562 1282 577 9 1462 -2131 523 -930 191 486 0 974 -1278 131 951 878 761 465 269 -474 420 -1130 -160 -229 403 -302 79 -355 -340 1240 -246 -57 -869 -121 -611 856 -999 422 382 -1013 -824 295 -78 934 -202 1028 2046 237 154 -47 710 280 -77 667 -105 -207 637 -202 -136 406 -1063 -804 -491 -81 801 -86 55 390 -450 502 -712 -661 1072 10 376 1210 717 -513 -1392 654 -71 -459 -9 -622 0 -455 -435 1441 1672 -986 -127 -589 -1107 217 -192 229 1352 -702 -343 361 829 -917 637 -206 -424 153 1316 717 582 791 -338 -229 -143 976 25 -492 -1432 294 -783 457 -23 751 1290 231 -1376 -1079 887 986 230 -685 -529 1131 1003 -908 962 -206 -161 163 154 -871 -613 -985 192 -954 -261 252 -555 47 -777 -1208 1100 150 77 -1014 1240 31 -12 720 -706 -1217 -248 -795 330 68 36 751 -629 283 -720 1111 318 129 719 -375 221 332 -1579 930 -1272 -40 -200 -830 215 344 361 -153 -845 -366 -1245 -361 -247 -405 -829 -382 169 -210 -294 748 72 -1612 -28 15 1023 1050 -724 1569 33 467 1139 -30 -666 -1550 -440 512 -1111 299 838 -196 -233 -949 1177 -129 1437 383 369 -727 -417 -1133 -727 270 538 558 -214 -1236 574 -46 1033 -1193 -700 -204 -776 -1060 1031 -614 -548 -1107 -78 1018 -582 547 649 351 238 -290 -260 -59 145 -362 30 179 -668 -1626 -660 995 -674 -295 38 -424 1290 425 457 -385 444 -675 173 250 -500 275 317 -247 -416 1697 -187 -437 -851 -630 220 1270 -401 35
619 -688 298 719 -356 -499 766 -2157 -163 -91 -664 -518 -3 -62 160 -116 -1122 -509 579 220 -586 -876 -36 722 -983 867 -577 -124 -277 -53 278 370 172 -127 -1052 841 -6 -648 1136 -1163 1022 -76 1735 61 583 -709 -586 -1093 793 -737 308 -291 -417 -375 756 -695 -201 318 1688 469 -1376 1788 -577 -1052 -658 448 -206 655 303 1181 -370 -1 462 384 -651 622 -454 -615 -431 291 -189 -558 -411 115 1625 -1014 1457 66 712 158 605 805 0 732 -545 430 -838 -122 388 339 -170 -78 -420 704 245 808 -770 -1837 -921 -207 1808 -184 557 1051 -245 -1123 -569 762 -592 -944 843 35 147 364 409 518 43 -446 -664 164 -524 457 171 -836 -1091 889 -310 -1356 -1055 -830 -100 327 -137 -103 -1356 1587 -227 -510 -748 170 -659 -1136 -426 1565 255 438 629 -520 224 -397 87 119 -970 -735 -182 -243 -292 248 37 -1135 1027 -417 118 -186 74 878 -78 481 365 93 215 -1044 194 126 301 611 -166 -592 -189 150 -1627 -163 -112 -61 22 401 -888 -896 251 -1044 918 1358 -104 1796 316 -159 -404 -965 635 1025 123 145 230 693 -804 -225 -944 -5 498 -907 408 179 -8 -391 -1097 1095 934 210 -350 362 183 -50 -454 1348 -355 -2109 -633 -260 828 -1110 -393 506 1225 1257 483 -632 -528 -150 916 -17 478 469 725 1192 -563 1021 -61 -132 411 624 235 -930 -510 -224 1454 -305 -48 991 -710 911 -37 192 535 467 176 -520 -244 298 449 -297 508 -225 -204 166 -41 382 246 -342 -1193 274 1566 651 -324 597 175 928 -625 -4 213 -1141 -264 588 1059 -82 522 1415 -927 -451 149 -102 -647 -112 436 828 1260 -213 367 690 -1080 104 -296 403 -824 -1616 -392 860 500 -919 -1423 910 15 71 1265 -723 18 -1826 -1562 -1574 746 -394 1841 -464 -315 -593 -462 257 629 790 -840 -1075 -37 -1080 -794 550 -1429 -51 -974 -496 575 751 675 -232 -62 514 491 1419 -357 -391 -1279 582 -906 -175 60 -650 93 299 2269 -537 1085 130 979 -643 769 -648 344 -606 -603 -384 967 -825 -74 1056 -492 -1257 -1256 448 462 -131 301 -1172
580 -17 232 -766 1035 -965 684 694 634 -333 158 -373 -262 -1030 -885 -117 -783 1414 -995 -183 603 1009 -698 249 -1037 719 -1271 -1433 808 243 2140 -1101 -641 -1186 -335 659 270 175 -171 891 93 -385 -613 -872 -702 681 -663 143 -1262 -717 -302 579 -315 -1 -163 -587 -903 -265 -367 235 846 -829 138 -498 318 -732 -216 -266 -152 84 -1842 -100 -287 246 942 -1212 958 405 -1145 -998 -607 1432 -1381 542 -491 -833 -177 -1680 -288 -209 468 -640 -342 -171 -1306 -473 -191 -109 -760 252 82 -1403 -89 -440 286 -421 969 814 -1525 197 1147 110 -202 -425 -707 198 -403 -1361 702 -188 -313 -243 -809 -366 515 490 654 91 -124 267 762 -183 482 -632 -320 -845 -241 516 -8 -781 529 220 64 -1756 -2430 1305 1818 -37 2028 -736 -636 264 593 270 778 -795 402 13 239 -1202 -112 -1106 57 1024 83 -1146 235 -549 573 716 373 85 -389 -250 874 809 -212 631 -313 -1321 825 -539 476 -347 615 -309 -151 402 -405 -8 855 74 172 148 1674 -170 -997 -245 921 917 1107 440 4 855 -536 -401 171 826 652 -1094 -247 -468 -1527 -676 -2 -464 -185 300 -316 816 -193 -1094 -987 1496 -290 -1197 -1217 46 1143 -593 -58 1104 -1116 680 -902 -235 185 1671 552 720 -863 787 427 233 -232 527 -390 402 -43 534 1228 1143 -874 -774 74 -410 337 -399 -570 -1396 -525 -1076 1043 -1365 667 -25 -261 728 1176 -1049 -727 871 160 -1414 586 -236 -899 1715 1037 -735 -677 -433 -2069 -59 -98 496 719 -366 971 -213 -283 868 353 64 281 1141 -418 492 -333 419 1379 -172 -702 1323 -775 -594 -682 -1049 -406 -471 -738 -408 61 474 -341 869 -711 807 -796 -3202 -908 251 -103 877 -3 1024 399 352 206 -255 -478 -1564 609 -701 -879 -97 840 845 -795 5 -1695 -1834 476 458 1149 71 1224 -20 558 514 -343 -500 -51 615 -887 -43 498 -173 75 292 350 -771 -114 -837 -1036 -201 -436 117 -1096 -1431 -795 503 -1770 -552 -85 268 -350 2113 -499 -426 -1091 -76 -1014 25 729 -508 -244 44 -195 257 581 902 1036 -1007 -153 1095 -159 -318 -1000 29
933 -261 -254 431 -1295 105 244 -296 1080 -465 203 -897 -1075 450 831 733 529 -177 62 184 -1688 -242 -612 -110 152 -246 -49 1963 461 -443 1064 -330 -304 414 174 1462 1108 -525 -657 35 1069 -81 888 211 321 89 406 -158 633 -459 310 -810 -626 665 -414 540 1795 250 703 -18 753 483 273 -635 168 -1339 -847 82 -99 1032 -236 -1160 -736 -123 -365 -653 -247 52 -191 -222 -306 -1143 442 134 283 -802 926 89 684 614 209 46 -444 701 381 121 749 563 339 -232 1463 -618 -19 -55 1256 -288 -1117 -30 16 748 557 641 207 -573 -30 1170 -279 -815 246 -1322 -1560 1443 122 -451 -639 186 333 -669 702 -221 -1062 245 1486 -747 1593 1326 -266 210 578 491 299 -414 -773 -125 293 1622 -637 34 -695 1294 323 21 1138 89 -58 661 -980 -565 -74 -1606 -15 -584 496 -608 593 1481 1294 -53 -1130 -646 199 -1866 148 -611 127 -411 -328 213 744 -296 1544 -302 -119 430 -129 416 131 1698 -175 -447 -719 581 -17 247 625 -1490 1336 590 -394 95 -6 195 267 -193 -290 -1407 -85 -428 42 472 -681 318 -407 1695 -528 116 -224 -328 -130 -1003 -693 242 -25 411 503 -558 13 202 304 269 -455 -641 -36 27 166 94 -74 746 -209 758 631 905 -983 -1058 748 -1221 817 540 -199 -779 -1659 -695 -383 267 1009 370 -1394 458 178 -16 -1424 -346 -672 -398 820 -1125 -1226 -244 -318 -315 224 -685 -110 -176 238 427 342 812 903 -976 -808 -1609 1099 1892 -16 -971 946 -1197 454 -705 98 -449 817 -1949 243 -539 -465 465 448 -875 -1834 379 75 -893 -479 -143 839 730 96 1362 -123 429 -1289 766 129 -295 -500 -678 211 407 572 1257 384 230 -748 1034 -752 -182 -74 -174 -1548 -540 409 -290 291 1653 -1129 1433 38 -248 -120 -107 -463 -455 -884 162 72 -700 -890 -852 -890 1292 807 -1132 206 -445 266 -325 1631 -384 513 1055 669 425 -365 -446 827 -1930 261 400 506 -263 -901 1417 -1108 -394 -425 -1314 325 37 -1794 263 -273 418 -699 -659 695 762 783 -589 -1238 790 -325 -802 116 454 478 364 -132 10
-101 618 138 1046 -1190 1040 -1726 878 -32 526 565 -396 205 556 -735 -914 -527 -326 -583 622 -757 1051 -799 -1135 -948 -1298 1789 -1938 -191 575 1470 -564 348 -126 1267 275 -154 66 -286 -957 654 753 453 -1545 37 299 894 -106 346 969 240 1264 1307 -760 1582 -254 -483 982 -212 986 -55 -570 -765 -59 555 -205 108 447 1423 -335 -1083 -829 -37 180 -292 410 -237 731 822 982 660 262 -202 82 -1498 -552 988 -772 1384 -1352 -946 -187 -271 369 1238 -485 -293 948 -1402 930 256 1573 -267 966 -811 -1255 -1053 1133 197 -614 346 -91 690 -130 -343 -97 -498 1768 2910 1292 537 -39 -17 -195 176 967 132 -35 -273 1052 -1004 -204 -796 1482 -784 -646 -837 481 281 -1012 -1321 -419 -258 -350 -1918 -549 -239 590 672 -910 -853 764 783 591 -96 565 1540 1886 304 -439 616 426 -1343 505 -461 479 -1225 1486 -768 -1438 -1062 -304 404 -1860 33 222 -368 -907 34 -1340 -316 -436 609 831 -1477 -231 887 -497 830 -20 -1005 -449 -508 -1192 591 -322 -420 560 -287 -207 339 218 -314 183 86 -326 848 222 206 893 497 1261 42 -1096 614 276 -673 718 313 -1 78 -760 -632 326 -881 7 1117 -498 -172 -472 -78 850 -150 232 1977 134 1987 203 327 1482 -167 1895 -226 1078 382 -554 33 866 1134 -512 292 -519 -810 831 400 -1857 1460 -605 790 308 609 893 -59 1125 -1855 662 382 -388 -555 -704 80 -61 1123 41 -1405 -145 -165 1314 -681 122 47 -942 1185 -972 425 402 -390 273 -1656 -438 -1429 1367 -206 -616 -63 710 -738 88 862 310 -44 305 837 -180 839 -1584 -539 -50 815 -363 -323 115 258 386 -1206 -1004 306 442 354 273 680 -514 -1065 -694 1625 -898 -961 -229 473 -515 885 1486 -991 -865 -298 -1591 348 -534 431 882 399 -118 11 1052 1657 229 537 -73 -1059 14 1137 -582 -113 541 1474 -905 6 -402 -373 -1154 -581 224 -1435 -1302 -93 -632 46 -995 -365 226 -141 -39 -746 224 373 -623 249 -754 435 -949 774 533 -1380 -1153 738 176 209 -29 -950 459 -675 390 775 188 4 407 701 350 -11 -823
1179 50 1280 -746 1646 -311 -377 -1017 348 -208 643 613 819 -963 -1175 144 -946 1019 -1143 1033 698 -915 1138 -1643 430 422 -1034 -208 -122 156 -185 -508 170 -348 -1243 2 -594 152 905 -400 277 675 -613 -573 1042 579 -150 -862 -1837 -614 -291 682 -434 624 -303 1421 407 35 1809 -174 479 674 -605 264 -1025 433 42 864 296 -594 500 -216 190 -4 1032 -714 358 -866 -427 778 832 -1270 384 1671 -1186 877 -484 -11 1277 -159 362 -1200 -224 898 1059 622 1723 -612 -400 -421 -847 227 -718 829 1162 -2609 235 26 1253 -294 -60 815 -58 -191 -273 -801 45 516 1764 -1012 -771 -36 -308 490 58 588 906 -113 482 -549 663 -994 438 -281 871 -219 -37 837 257 578 -676 -457 -130 293 -838 669 -367 987 -577 -756 488 1438 354 601 -703 -782 -890 -893 -868 244 -1270 -63 1326 1681 -129 -189 1311 1575 -1400 -703 -415 -1868 297 325 -461 928 -597 462 -668 -908 823 779 328 -860 -10 308 -1038 167 1163 -926 164 774 -611 -367 -36 -413 208 228 1041 -36 14 -1077 -390 431 -1272 -830 -573 -54 380 -187 660 -625 -316 -443 1946 -505 -728 -521 -1529 632 -13 -944 -291 -124 192 46 -271 -1191 489 -544 233 939 572 1596 520 -33 542 297 -722 -1207 193 406 -358 490 -313 1715 -1344 666 652 79 -230 -745 -322 280 -26 -16 -158 -635 75 330 -79 -325 -1172 -195 1012 1486 -135 1324 -53 351 622 887 -290 1504 -616 578 1490 101 40 -1732 -990 -942 -455 -240 82 -525 474 812 -606 924 -251 732 420 212 110 191 202 1363 -1986 664 173 1133 1142 1038 -529 1147 891 386 -441 -711 -9 -938 -488 -629 1194 90 -169 -296 -594 1099 -477 223 -1509 -202 72 -377 -765 -1113 -380 38 -168 213 -848 -728 -1223 792 1115 -404 1726 1251 294 -559 -515 -137 -292 -915 251 430 -78 -1021 -905 209 614 260 182 357 157 935 298 471 -1673 -1601 -142 263 940 797 -650 -1283 218 -5 -373 -161 1035 -203 644 -490 277 685 -376 690 -19 311 -295 35 514 991 -28 -493 -267 891 -37 -325 -1295 -902 516 -17 -1430 333 417 -150
629 427 348 381 -173 -634 496 269 560 485 -139 290 504 606 1656 35 -1890 -194 828 973 173 -56 -1555 69 -487 130 -1470 -1091 263 -236 416 -344 -685 711 458 783 270 192 -165 -1027 -1119 -1564 -272 -53 10 -187 731 921 491 -147 -311 792 972 -127 -515 -9 -97 -147 -947 -51 36 583 700 -244 652 807 60 591 -203 -11 564 -1110 418 -597 -390 472 1801 -1172 1570 -259 231 637 -626 363 -1341 23 -277 1380 605 198 -726 507 -436 -251 2 -710 334 2109 -196 -505 222 1690 -355 425 1372 180 734 -1430 -400 249 133 -310 1032 892 -403 -336 365 -1203 -566 -345 346 -417 -105 263 333 -257 149 1514 -117 1143 -143 -166 -194 -441 -210 554 -567 -155 1412 -365 917 -235 -16 716 589 -138 1719 -793 2 616 -404 -419 -904 431 25 -610 -239 -270 -307 1066 -1344 675 -203 183 -1242 90 -728 167 309 365 -699 267 -176 1552 12 392 460 -428 -1230 144 -139 -22 166 82 -425 212 169 0 261 172 855 1126 678 647 1011 -1376 8 -913 599 701 122 -354 -882 -71 700 354 51 765 -290 547 -1014 -268 273 -570 857 726 1086 1432 -1143 526 -411 -67 650 -163 392 234 -277 565 599 379 -1093 553 -1153 -615 342 1394 862 -473 130 505 -1341 -768 -649 417 -1048 695 -583 100 -600 -394 533 514 -1078 -986 -245 -940 -128 -1049 -730 602 -948 365 137 814 -840 66 1043 312 100 -338 1357 275 -1269 172 -393 67 159 -184 -478 -887 -908 -374 -284 509 85 365 -45 -349 -312 45 489 911 649 283 -1037 360 176 -1237 257 -14 502 -870 -146 266 506 -97 27 821 -168 -492 328 1108 -411 -330 -457 -166 291 604 -7 -261 -98 663 -512 241 163 -118 -379 -1101 -674 192 124 -1031 736 -483 -502 -654 -1000 1203 162 -1608 -676 -104 -453 -46 1528 -803 -143 514 -525 163 -1447 -50 -1777 864 216 -1904 -325 -512 -1185 753 554 -846 -403 -113 -912 757 529 20 369 1110 -1750 -305 -1042 -1150 38 624 -325 -366 -1294 1878 536 272 607 54 -924 -981 423 -926 -495 -1918 386 719 -37 668 1978 452 -967 495 -276 553
198 -724 87 437 226 691 -1019 -727 -557 -360 -327 589 -377 -97 895 56 -473 661 -707 -345 -148 -302 880 -225 226 1040 1153 1109 759 -312 -1021 -966 739 -206 -2 -1062 613 891 524 -416 357 -216 -369 -1688 261 -254 -566 78 -473 -2450 733 813 -460 132 234 378 -704 814 -39 488 -133 -235 48 -17 -299 1118 -821 -329 -859 -570 945 279 -223 444 -290 -800 -620 -659 -374 -1238 -1266 -1264 -1 6 1261 -402 -648 289 -911 -1267 -584 -924 -308 -1102 -259 302 714 635 -563 -1173 1026 -487 220 -440 413 -835 143 713 502 464 -1127 -835 205 -648 -778 551 64 -699 840 899 -407 -1119 647 623 -412 -1401 -361 30 -125 -718 -617 -1090 787 53 636 202 -142 -325 -532 340 543 752 -1320 294 548 -288 54 849 -127 -711 496 164 -530 -155 -700 -1353 -1904 -1083 -347 474 -679 -343 1313 -715 959 -455 -650 -73 -116 576 -683 -95 -549 -30 -66 -165 -479 -682 672 -1436 -537 1334 -18 -147 -1284 180 -849 794 1177 -735 -1053 2 -520 1082 -76 -705 -309 1477 -284 1905 321 -341 -166 1088 -561 -425 -468 -462 133 -263 -364 -768 973 6 -1204 823 1412 -961 -1330 725 -1078 -366 268 -677 293 -249 379 -360 -584 -1000 889 1150 -953 744 1221 -108 -771 841 -509 40 158 -578 -1038 334 -338 253 -1296 486 451 -125 -516 -1430 687 -843 -237 -935 227 -476 668 900 415 599 47 -543 292 -560 -417 424 -1033 16 -362 204 80 588 -130 445 321 -707 70 -119 1092 390 -300 92 -637 14 127 698 -429 1397 -92 -289 545 -500 216 -344 680 678 -334 98 -456 97 1343 458 449 8 -281 172 460 624 -871 -48 869 102 -340 -295 -1337 -831 -152 605 2084 -1145 380 1386 -939 361 -744 35 246 -112 324 152 1419 403 -930 -134 188 -1438 -275 -735 -161 1698 313 1571 -152 -507 971 204 -433 -1281 1291 -113 -1041 1080 874 1475 -85 130 83 1132 -184 1490 265 -1078 -725 1145 -240 521 -208 148 -497 -412 1227 -347 -312 558 626 64 473 80 269 -503 1502 -200 96 -34 491 376 378 1078 -706 -422 1525 -165 -180 -375 -434 113 214 517
-637 8 -94 1251 807 -63 -444 36 -503 517 -1747 970 1007 -620 520 -604 1016 622 -279 -344 163 -1086 1007 -898 -649 727 -333 1037 -835 -558 681 1285 -663 -1908 854 -104 831 -495 278 587 570 1555 824 434 -668 -264 687 642 1256 -2015 -196 1150 216 -434 259 -160 30 -1275 -220 -558 1677 604 -933 496 -619 22 447 583 206 -768 -332 1849 863 -135 282 954 1078 -749 241 593 5 490 117 -671 43 -759 914 -834 -587 -932 525 -118 -2095 456 -761 915 514 -954 -572 -112 867 -1257 695 -929 -179 -83 958 -291 -556 4 443 784 64 135 567 -471 -406 -1068 697 786 -342 -236 58 -73 179 -126 -59 -82 -223 271 -334 930 380 -854 -83 882 434 156 106 -63 231 86 -440 453 -530 1123 -685 -812 1360 -824 -897 526 251 99 -724 -1495 199 230 -18 545 -168 402 -477 133 1361 -104 218 -87 1103 -489 -124 -600 -149 62 677 945 1367 342 -793 -196 -107 -838 -804 -883 -780 717 1034 228 -681 -436 1681 -11 119 -123 -295 522 -347 -223 337 457 -1474 472 581 503 72 -300 1678 -490 -384 164 -92 177 -67 616 5 61 729 223 -1061 -768 757 666 1151 59 -531 -366 -2051 -2177 1167 736 134 1218 327 519 -281 447 553 -1404 113 -268 218 -702 545 358 -2105 642 170 -331 76 245 679 -559 257 1208 764 126 15 -1131 1 -359 -106 694 907 26 -95 1471 -524 1045 836 -1357 -589 -293 1020 680 194 353 277 652 624 551 -1422 -253 433 205 903 345 -1150 1908 -989 1220 33 179 -808 36 -227 205 177 -245 -359 -516 -88 150 556 -885 544 797 359 -1672 -1388 1167 250 -293 781 -1394 528 17 27 -332 -1185 825 133 -1284 1386 1119 50 219 32 140 776 167 -244 -745 367 -507 -949 -425 1083 -177 862 -1717 -320 653 -276 -386 1293 404 355 -1527 -948 -1103 -676 -33 -588 597 -418 -343 -1452 992 471 561 15 -249 361 -274 450 356 147 512 -905 1461 -544 1241 267 335 192 267 515 702 -779 -444 800 1124 1484 159 133 -1110 1138 609 -487 511 1700 533 287 -279 783 904 32 173 350 233
1129 566 232 849 -1181 1068 253 237 1095 -505 75 -302 265 167 -1371 -1309 -1429 -660 -363 562 437 327 -376 -398 638 616 1318 37 2 -57 -1105 -192 419 -26 -936 -950 -329 -797 1060 -399 1082 545 953 30 -1578 117 1230 829 -1104 1388 158 -289 -675 719 412 -815 1258 301 -1296 462 -569 -670 -222 -1094 451 913 -787 -363 -852 -242 -711 -431 -1193 -43 -111 -512 -257 -641 -706 528 641 -1419 763 -926 -700 42 2788 118 247 -44 -848 1114 405 -1610 213 418 1250 -1053 195 2147 575 440 -593 -1353 -265 -451 -730 -94 710 903 -402 1026 -356 -843 -828 1175 645 727 1614 657 124 928 251 207 45 1098 -451 -582 -165 167 176 -1497 -25 143 -330 368 -532 495 -1088 -1040 -602 29 121 -42 144 -779 -256 379 157 787 -441 -64 -65 -228 1020 888 -1344 419 193 -504 966 223 -490 -479 181 -283 -781 289 -893 -716 -1981 -667 196 -614 -598 618 -310 401 -591 -441 436 -93 865 1297 -320 -1359 -144 -622 -911 -414 86 -389 652 -247 193 -241 1068 -564 274 -929 -51 1039 -379 784 619 -366 466 1308 913 299 -102 226 475 441 698 -91 -2 1094 -646 540 263 -208 1075 -260 955 -959 582 -936 -689 204 -996 -814 102 281 526 1130 -563 -933 1058 554 -448 1622 -364 -745 1034 -890 1004 1728 293 -679 350 220 632 -334 522 105 -301 -542 339 -602 631 444 1475 -974 121 -817 1045 -408 -535 575 -750 160 -338 -421 143 1282 -724 -1517 -567 67 512 -97 1488 -412 -681 -1848 -255 -1008 -1158 -383 -1108 417 241 117 177 -537 283 -887 -107 88 -448 100 257 302 -890 117 693 341 832 18 -291 -1439 -660 -15 328 220 573 -947 351 1017 1062 442 21 -1382 870 -601 1081 52 -1314 771 1061 110 255 262 230 552 107 -1213 838 1355 -1838 965 835 54 789 973 -223 -1031 -1475 -352 969 -1331 1155 -101 -999 703 50 -60 749 739 -968 -719 -326 -1189 -341 -227 -37 -516 -11 86 107 -671 -229 840 535 -663 847 -105 -99 813 -393 -853 -879 -1004 -97 1665 -598 923 1603 500 337 -1079 17 103 -939 -1307 253 -704 828 -190
631 460 92 317 794 507 784 -185 -68 300 77 -497 1739 -124 159 -242 -170 750 -836 90 194 -161 437 333 -318 -309 735 -1534 -309 -935 39 1742 -413 71 1045 -945 549 925 679 -107 646 -498 -575 -623 111 -626 1177 -286 -151 155 -138 -969 930 470 377 -888 -650 2617 -220 -367 -925 -438 703 -1763 485 -282 -898 267 -1332 673 206 -281 -897 -646 830 -975 118 -1256 548 285 -391 109 186 -566 -418 1480 162 -496 697 407 -390 -120 320 -659 -53 -415 399 811 215 369 -149 989 553 -253 37 -89 -195 -763 209 719 -280 -233 819 137 161 131 181 1086 -1137 -880 -52 853 907 364 845 -142 -372 -195 363 1232 -159 -323 -224 -760 -885 -934 70 364 -24 454 391 -166 453 1331 593 1036 -301 -204 34 -593 -392 760 -535 103 806 -569 -462 621 1372 425 508 -567 -669 -1445 327 -776 -418 147 397 177 -995 -64 767 -251 820 -481 477 463 665 -755 -315 1042 121 -427 853 -337 798 -620 -1601 274 -219 -260 -72 705 -529 -1184 340 795 -1086 -782 -146 281 790 -948 -379 -1290 154 -415 -568 671 -214 -746 33 492 132 98 -612 1027 1143 -399 -1556 1866 506 -847 306 -1532 -387 656 463 -257 -607 301 -314 -154 -79 -581 -826 167 1469 274 -220 -1098 -733 20 622 -806 -865 -503 -114 -1166 -908 -356 -427 407 -93 -649 -140 -125 703 540 -1761 792 892 -705 620 -376 9 -237 -467 414 -232 765 378 -1064 -62 1050 592 -497 448 -24 -1156 -581 84 -613 1038 179 603 -314 526 -986 162 262 884 -375 -109 -601 -520 109 -210 452 467 -997 -207 -907 45 641 -241 815 235 348 51 1458 -895 -207 -111 -901 -1541 937 9 -795 1025 686 331 -264 2349 266 -476 1134 321 1018 -452 -46 1494 -884 467 -458 521 -744 184 -796 -1137 -281 426 447 1769 -645 -489 865 -642 1008 1274 -356 -188 166 -318 57 480 -923 -785 79 609 223 -278 675 -569 -116 529 204 616 -185 -102 -872 326 -885 -517 -1734 -795 -992 220 -13 148 -845 867 -508 -181 1099 -513 -285 1714 -902 170 -331 -569 -211 117 -135 181 -1231 -1590 665
-966 -671 533 -123 1727 297 448 -1303 -764 62 1071 85 786 166 1312 1098 -1034 -188 -1448 -39 1118 448 564 -816 -36 -5 465 -70 656 -872 -456 1590 -199 -1036 866 -317 -370 353 57 1272 52 -138 -117 -238 714 -979 -34 57 -894 282 249 1317 935 461 1120 1955 1246 -796 973 -274 1003 -247 76 461 -12 539 801 -450 612 -599 438 589 910 -1741 -225 854 -1770 600 534 -129 -162 -209 -776 -1874 1692 -1341 -507 348 -344 -524 -800 -968 297 755 -84 557 -529 124 791 885 -416 -482 -273 328 -820 423 241 -179 237 157 180 325 -618 292 18 -700 -16 179 -945 -6 631 -1585 -784 -778 -113 743 -1126 -100 -997 372 659 440 -642 1922 783 -519 1083 -1199 381 222 -895 -627 1657 -76 -617 809 -283 -1546 -701 -421 -370 -567 910 -1155 1041 -305 -454 651 -1127 1284 -1171 77 764 -583 -847 -436 -1328 -1228 231 -726 5 168 261 737 -328 -1599 98 1056 57 398 -357 146 1084 -1092 331 -528 321 747 -96 -425 -162 -441 442 563 362 128 -25 1150 -488 -448 -708 -360 -521 -153 -405 -283 281 -56 913 38 72 -141 -464 -830 -336 892 101 593 118 -343 -85 1297 660 -488 -337 308 360 104 426 48 -810 962 -551 -33 -766 -1235 -453 -194 -771 -1187 174 -208 780 173 812 1376 202 655 464 529 -1431 308 23 -1374 183 45 1974 209 -297 359 558 -1454 1289 717 263 675 -72 314 364 193 220 -1237 762 305 -405 -34 222 -147 1359 57 -639 361 -41 390 293 396 -924 -946 609 299 -376 -637 -321 633 198 -404 1567 -97 -665 -961 -130 505 -907 -819 966 371 21 340 -689 502 295 387 -36 272 521 -69 329 -278 1272 25 -206 663 609 612 -115 320 165 742 -93 523 -929 -420 -781 316 -439 413 -477 620 -329 -1340 696 -268 619 478 285 -835 1633 2 -473 -254 514 -353 -377 -79 -1348 501 -250 -331 -1003 -708 -1134 177 903 64 279 -1167 1047 664 1285 819 -1630 -745 368 168 232 -22 -190 180 426 -110 214 309 -129 -422 2299 706 -304 -760 -460 -431 11 -307 -383 1488 953 -575 1085 449 -1350 484
-302 -1271 -227 375 416 472 402 -412 -616 -272 967 759 273 1041 275 -90 -717 -646 -808 -108 -2 979 -586 273 8 -26 262 200 285 -287 432 138 143 -89 -312 153 1115 11 -220 1292 12 513 -118 -63 -37 154 -99 826 -428 439 -599 135 208 -661 113 869 -52 -21 134 -168 26 -1088 1443 -527 277 271 -295 -45 465 134 -948 272 -214 589 648 -421 -15 -709 -700 -1178 410 395 -222 -1069 1118 -1517 819 -53 -678 -316 -1327 454 456 -814 93 -219 -318 -1240 81 -664 510 522 372 452 -994 -56 354 -613 154 42 -1141 310 -657 1069 313 -1221 468 -523 -316 304 1120 -1186 689 -168 268 -395 -507 1178 121 1197 -685 1175 -520 414 -794 -970 140 -104 -586 -211 899 -1423 202 -937 470 -1114 343 1290 1182 733 230 558 -629 -565 1033 -114 157 760 79 435 -775 -534 -118 63 -50 122 312 -410 729 1535 -1782 271 -75 -1364 -277 1411 186 -73 139 -589 -269 -547 -256 1346 -406 -1057 1025 1481 -404 1667 975 -348 454 1270 -41 -223 2029 1139 -346 -1486 467 172 1311 267 1081 619 -976 91 309 365 -614 -187 -507 171 -20 -223 852 -1398 -453 39 737 921 257 -909 -1365 -866 -1418 53 -844 -890 610 15 -539 7 -32 -165 -877 1714 -1310 -703 -481 -371 -117 465 876 313 718 -77 -304 183 71 -46 -381 -1198 -410 -1071 351 448 452 -382 1558 -61 -87 -215 -1176 -103 -226 -989 401 1410 -693 -75 40 -1191 -434 -722 -578 -35 -286 -198 -587 -1345 999 82 -311 1318 1214 -496 -554 407 43 264 95 400 1185 1073 -643 738 2305 628 1121 671 -497 272 267 142 -801 -184 -148 317 561 -726 266 361 -26 -892 -57 -991 -444 -1359 170 -333 105 -181 -132 -398 -712 276 -626 1013 -1916 587 -856 946 797 -1090 -649 445 9 103 -803 806 663 1096 917 916 608 -742 -587 295 -801 341 738 356 -534 602 -789 833 -239 617 318 305 -466 -366 -316 -365 -359 -527 65 -828 -1023 -88 1136 -720 -145 429 -65 -780 1218 -644 626 -210 261 24 -104 318 -297 674 -344 356 280 630 -113 -506 -615 89 268 -164 443 1264
757 590 189 1444 -104 -386 795 128 139 874 -513 -695 843 -1140 -373 -205 834 -1056 -240 514 342 1476 -364 942 -518 -884 153 350 200 514 -1537 606 -269 577 -368 638 -174 514 811 132 585 1265 1287 -489 -237 -79 846 176 -147 182 981 -200 -362 788 291 -505 688 490 341 450 -1548 107 690 -114 681 596 -297 -221 45 -427 -318 103 45 1757 -253 1177 808 -720 1688 543 -916 -302 764 -263 212 -489 732 -683 -257 -167 1145 -1671 -602 46 -582 -488 263 817 105 -503 386 -148 1163 221 -347 -494 117 373 1225 843 -474 905 -693 -487 1164 481 -156 -208 -132 510 275 -255 -85 -473 -202 -943 -276 1489 -730 213 629 89 -650 287 -259 -527 -640 -1110 433 -416 -87 -534 142 -119 -568 1241 -1076 230 1026 -687 139 -679 -142 214 -1390 -184 782 567 -923 -691 873 -1816 -1455 289 -1128 -786 1067 1418 474 -835 -1235 -1126 207 305 -791 159 1307 1100 671 -384 -698 11 1255 -854 -507 -630 332 -335 1065 1058 -221 -765 -46 -79 -587 901 155 1331 271 757 -477 359 -496 376 659 944 -539 233 -336 -282 -1243 319 577 230 -615 -386 1638 -272 -881 -480 1128 517 -881 -673 -307 -102 414 -1217 1389 437 -216 1205 458 29 -1290 1115 -114 855 -74 72 15 -48 69 -392 2017 256 -299 361 -382 429 617 -1029 780 -447 469 -346 744 -912 -21 1471 929 -958 -1083 116 586 -347 169 157 278 1943 -1052 851 694 202 678 772 266 126 348 977 8 -1189 84 -1004 1646 1436 764 519 -456 -512 50 -373 -1564 -158 -17 573 -594 131 -155 1154 1040 1341 -16 -47 -187 -27 -508 109 719 -931 -166 40 154 1 -26 -561 48 -822 66 512 -437 -65 62 18 172 -1326 -292 -250 -392 -484 -1114 300 267 -140 -703 385 -293 -438 -899 11 -490 -201 98 590 1454 498 812 567 -834 175 972 -101 843 996 529 -1425 705 391 113 -790 776 674 55 98 843 -67 -952 476 -380 -172 -412 495 616 134 -713 1569 -611 190 469 95 -1512 773 -960 -216 667 -875 16 562 1162 23 373 -167 -311 -603 -534 1194 1266 -219 -912 -1245
382 -55 -628 367 412 929 314 -861 -112 -779 -199 235 1592 -626 -756 -244 67 153 -890 567 109 -831 -620 -522 -956 251 293 -375 425 150 202 -1656 -993 419 -1259 331 39 1743 -67 -87 533 103 544 -723 -1252 635 617 1042 157 233 570 -33 1074 -1183 -120 110 1258 -668 511 453 485 1633 1478 -128 -500 -178 -193 855 1250 787 543 321 73 -694 -274 -1411 445 785 209 -1642 560 293 -447 -1038 -532 -14 1675 1166 -146 886 -81 198 631 301 -575 -689 970 467 -608 179 12 -617 742 -323 -584 -1244 -548 -292 -762 -857 -47 899 247 1176 317 223 -1115 -493 1385 -274 -526 72 1133 266 -542 653 24 51 134 290 605 426 602 396 -1891 685 -782 -643 -740 -619 272 -446 -168 -808 81 397 -411 -113 -158 565 -661 -91 -590 -164 664 -220 776 -186 -84 1327 -332 -223 1115 -727 28 842 280 -445 -188 335 -1048 -838 228 -132 228 1182 1197 688 383 -880 -997 -484 403 -623 -333 -1238 393 22 -1025 44 386 -667 28 739 443 -67 863 -974 161 8 557 -1422 270 473 1393 -723 -500 442 1186 -595 29 -439 -583 71 806 -414 -225 406 -12 -144 -1812 404 96 -582 -788 -447 802 510 -28 1293 1818 357 -237 34 667 475 743 200 602 953 -29 763 399 416 -316 -321 1304 180 263 213 569 -311 -369 -403 -161 -613 -373 -155 -484 -765 232 312 663 518 158 -1015 -1110 -521 534 -1024 85 770 -78 -783 -321 737 -1358 -526 348 -404 -1159 328 1477 536 302 1561 917 -560 -112 -355 -28 355 130 -279 895 -1469 85 32 2030 -940 386 -925 1155 1061 -377 453 354 -151 -655 -96 -340 988 1091 1462 98 -85 255 864 91 264 -774 211 910 1175 -19 497 -519 831 -1109 -723 -646 -241 -408 -147 183 -836 1161 986 -398 635 -225 556 747 267 735 280 626 -135 -650 -6 469 213 -1063 -573 -352 -343 -278 1693 -538 987 554 -519 -143 218 -298 -856 623 -658 -707 -1152 371 -83 72 3217 845 -692 135 1097 450 734 243 504 683 -102 149 -647 -116 1213 -1142 -100 1097 434 134 -1120 396 -1661 -539 -1874 -82 1182
-67 -856 -650 -1084 -308 410 -996 688 -2 561 290 -309 -1884 759 260 -211 -287 175 522 396 -423 -276 268 143 12 -343 682 62 179 955 -1033 -112 942 249 1754 128 532 159 -661 -1500 -483 -135 484 40 -887 -1137 349 -1196 1188 237 467 -872 -160 -463 -184 -132 -773 -1 -1112 -11 32 -510 671 -1394 -1032 -295 -129 26 -931 372 74 -704 -126 -510 -303 -344 -641 -960 -224 397 205 710 -388 10 -33 -283 -790 -119 -138 -375 -773 399 597 41 -880 -535 -1060 403 -473 1168 557 -638 -357 -153 678 -505 -5 927 390 -351 -89 -759 487 -1343 -462 -2221 111 464 -488 144 853 -503 735 730 133 85 -782 575 -1080 711 -1037 679 -210 -342 -203 -947 -764 -714 71 216 303 934 1302 -1026 374 905 -582 -1298 -232 -261 -551 1146 727 1603 241 595 -1102 -661 552 923 1279 847 -383 956 150 -488 10 -66 988 -27 -686 -1526 432 999 -517 -203 -692 -2230 -1032 -321 -568 -330 981 -671 -42 -734 -970 -479 159 466 144 135 -116 -116 1482 -317 -1116 -953 -824 -180 -817 20 1090 469 -543 127 75 -169 870 554 80 2496 -658 -1454 211 876 -455 560 232 957 167 -110 782 -631 257 410 496 -531 -375 152 -225 648 -1022 -60 451 -869 962 1254 -62 -534 -671 689 586 1082 556 -997 1891 -492 949 -1311 -801 33 -63 614 3 834 323 -995 -439 281 780 388 371 -876 464 -799 329 -270 -521 -718 -64 -596 125 523 -945 684 146 -424 331 792 906 371 503 162 1379 -867 966 -1704 1749 -512 -331 -697 -333 -1118 188 524 -946 -127 641 -205 355 102 665 -230 -480 -685 -606 45 -700 -142 570 -207 62 187 -455 -465 563 127 -111 -2036 142 -506 199 1921 845 -146 497 -481 -998 320 -82 -1065 1294 280 598 333 1106 -524 -1380 184 552 -135 -1033 443 339 -301 -222 -46 209 1243 224 -460 -877 -336 117 652 682 51 271 -369 466 594 -21 489 808 227 842 218 -117 274 366 78 -1122 679 -1453 350 1155 -793 -458 -385 389 -697 620 595 377 -584 -94 242 -1099 -339 -334 225 178 594 417 688 -1233 1623 520 -118
103 -228 377 552 -659 -989 -755 698 120 1338 541 386 -330 -495 -176 -1040 901 -1 -661 -780 307 -266 -879 502 1182 863 98 334 -241 -378 -258 -1457 -56 -308 -55 1148 296 264 82 33 -350 -393 1062 -330 -157 -163 -495 269 -351 222 -587 -550 -1456 -456 -799 201 1137 -652 -502 437 138 -57 168 -1193 1431 -1230 -590 -327 -272 -825 83 1346 377 1102 895 -71 818 -532 -448 -559 554 416 299 -785 139 184 -421 -567 210 -690 -550 -306 152 563 796 1667 832 1569 433 1012 349 -615 299 -319 -701 608 396 575 551 592 -28 284 -348 -20 -110 1 307 -1006 -358 874 -691 -43 87 637 2111 -210 545 50 -75 -765 67 2335 -526 -597 -427 861 -871 -276 -313 -303 416 1773 153 -254 -282 1009 1185 -1167 608 90 -645 184 -459 -565 -76 117 -258 1013 -399 -70 -1126 -21 547 -692 393 446 228 -334 -65 -893 -565 1028 685 -1205 -920 -515 623 264 1073 -228 352 -936 -459 -974 -219 383 118 -668 1603 -1752 419 -614 -1326 -803 -187 2317 983 84 762 1595 -571 814 2312 -1134 1266 258 -1089 -479 -528 1064 -620 -173 -1265 247 -909 -121 -134 -216 728 -214 881 -1123 1451 -1401 -888 648 404 -1216 -207 -1549 905 909 -113 448 151 -593 -66 204 -1003 1109 257 398 -92 -194 -1021 -1138 -1362 -847 -535 83 -356 -1205 893 631 -619 -1317 -865 1224 -437 1496 -966 -528 -12 1606 -236 380 -401 -313 267 -957 1151 -329 -715 615 922 -129 -738 225 -162 -105 803 -1460 -293 6 -142 -584 -647 1379 569 386 717 -651 -752 234 -483 163 -700 -217 -988 -927 1216 139 -287 -40 -308 -30 -356 -351 -983 -95 882 61 861 777 -791 -440 291 -1016 681 -312 1058 -1325 630 -5 2 214 389 -512 -75 -1137 -1461 437 592 -396 -556 -1178 940 -838 101 613 1152 -85 -370 -1423 -498 1403 158 943 -820 -640 -682 497 -1202 -754 1495 1668 383 784 571 715 311 595 -191 983 360 835 -634 -236 422 -927 -33 1192 -1233 -249 1099 -117 -808 699 -557 -1178 459 738 349 -704 -690 -217 1297 590 664 -297 118 92 89 -170 413 719 -598 519 520 -792
-1069 -1154 1121 34 860 -676 -1170 866 545 1205 105 8 830 334 572 -214 -259 238 -432 44 -546 -527 -110 507 -2 -1017 396 -716 1254 1089 666 -355 -627 -185 -1531 -393 938 130 422 -108 128 726 -846 -145 -32 -1022 1506 -294 857 -459 -217 -1170 202 1035 457 -161 712 345 1059 615 -399 670 -428 -633 -299 -468 30 567 -660 181 875 282 740 589 955 -89 -1458 1265 -82 688 -246 -1412 -371 538 1449 -229 -1072 329 992 393 618 -205 -1356 -1058 308 392 567 258 303 329 -680 -367 551 -353 321 364 -132 -432 372 49 230 -347 -745 -147 354 447 43 851 -340 509 -247 -563 1457 1718 973 109 1373 -220 2011 -341 608 576 -68 859 -1535 -100 -860 -327 360 -484 -1235 101 -274 -17 -312 -278 152 683 802 1316 -343 -424 1548 -354 -467 -80 -685 -555 -835 1113 -635 -247 200 -1225 -925 109 239 -264 671 349 133 584 811 1004 -311 430 -193 107 999 -24 655 1173 680 327 890 -132 271 -463 257 -574 -1453 -295 -614 615 -945 -157 -379 -1128 -86 -153 2 -889 -1776 -753 -289 -863 430 -1063 -1548 -532 976 -330 -46 -395 -2174 -868 758 51 236 287 -813 -1242 -262 79 393 115 682 307 873 474 1341 412 -865 -996 -633 895 615 -51 546 706 276 36 -865 247 682 505 66 -653 834 -884 -1378 519 2247 -445 -515 -228 -1407 -128 -76 -404 -559 486 724 347 822 349 -936 562 711 -13 -322 6 801 152 -641 190 -240 -294 776 -861 -1426 -651 370 828 -1044 -589 -31 -702 659 499 617 87 -164 212 -615 139 613 57 -474 -1159 -256 -138 -675 65 1349 82 1542 251 -181 112 412 399 397 -93 -573 -21 -896 271 -471 891 -407 534 400 607 567 842 -21 -256 1133 -537 1083 77 -75 -1581 -58 -1252 -1130 -52 -572 -621 612 -490 744 632 -135 614 -364 927 980 -82 -789 245 -1037 570 -569 -579 -1812 14 -113 -286 147 275 -1007 1152 717 1296 588 516 1057 1290 -722 -107 -356 755 -8 -44 -1219 160 451 387 -741 1027 245 824 -174 452 597 -349 -1112 -405 -1111 288 30 191 275 1538 -441 1363 -341 -536
896 398 2113 165 -424 -690 -3 -441 -1254 918 -1563 -384 -595 347 -42 -1332 -1371 -141 1052 -441 980 1184 897 1257 -641 -30 -105 -616 -162 57 164 153 440 -169 -1644 367 1486 -681 -810 -595 582 -465 -2570 657 -219 573 386 -365 -712 -1779 -407 -435 -1222 -107 385 444 460 -5 -299 -741 -522 67 -60 -1552 -464 -174 -56 227 -1138 88 1079 1369 336 -93 462 -253 171 -379 -802 -770 310 593 -438 -24 114 -694 566 -1567 491 -124 646 -1539 -21 -298 1005 -1097 962 145 1001 1329 -659 -1338 -882 996 101 1552 665 -188 -34 89 258 -836 357 152 -1648 -208 65 -364 -675 101 -826 861 1478 -230 -662 491 332 1208 -1123 338 -628 721 -604 -1180 144 -21 892 -534 -315 -576 144 -205 -1339 -627 -511 481 -278 -542 126 -407 -418 -1281 858 -491 -1119 -656 -989 431 -2604 -320 -900 -578 903 -666 841 211 321 43 -230 -78 549 -205 -517 188 231 -384 -698 -427 432 384 -984 988 -527 548 734 65 -340 392 -1495 -396 -1831 833 -581 948 -712 -561 -213 1332 469 -1011 434 -645 578 -233 -787 -42 1102 -1284 -1109 757 841 837 -751 -465 448 -466 -663 634 414 -623 422 851 697 11 1050 -649 -468 -356 1144 -374 1195 -450 -214 -776 -758 -1314 -545 -320 -655 893 -317 -578 729 -673 -1731 -37 -237 -566 1102 -699 -848 -765 -450 1031 -221 786 72 114 509 383 -207 265 -1166 351 1043 -386 81 174 1450 195 340 1254 76 68 692 -528 -1013 86 -973 -246 52 -49 -791 -285 -1408 261 -669 170 800 972 559 145 -66 -1040 -712 560 -94 -47 -301 1284 534 -682 110 -197 1364 519 390 438 1151 -73 834 -533 -386 -951 -15 -82 158 333 837 -1057 640 134 -716 630 448 227 -546 443 -515 1068 -610 822 687 -712 389 -236 168 -1604 -1620 -134 -50 -463 -1151 1121 -26 632 486 1355 627 -553 516 717 -1567 -984 -172 774 -92 71 -857 -968 925 325 599 29 -580 629 -644 -386 360 -623 -653 -1464 -654 -425 -230 273 234 -975 916 -1165 -96 -2015 -96 -577 867 1229 -622 384 -417 717 -1302 -286 -10 -92 -1049 839 1205 0 73 528
-305 24 -176 -1591 476 149 247 -727 -1346 372 -363 193 -448 -561 296 619 -662 -837 -716 -37 1168 -376 970 1977 -507 -1348 -94 1031 1017 648 783 1207 -185 -971 803 -476 178 -71 -974 -1170 683 -850 575 14 533 -99 -225 -1154 110 467 -724 477 715 -178 -646 -448 750 -895 319 720 -109 -280 849 358 132 -500 -220 128 741 519 -53 -893 -79 127 -186 -7 421 -90 -975 1169 -1260 1269 -206 -418 -827 -670 807 -455 -1266 599 167 828 -563 528 -1178 -224 -1058 1053 -625 -1357 -143 149 -885 -455 -419 559 542 731 -388 113 492 340 185 -1635 1163 -1018 -1428 -293 -38 12 220 15 531 -264 607 66 39 380 -1147 1345 718 1335 597 117 -124 540 223 -1 1962 289 -505 -1153 534 -126 -791 -270 -1208 -1072 -839 -517 253 1264 -316 -257 -939 -421 1548 1186 369 422 1337 432 8 165 -65 -625 -227 809 580 -1450 109 227 -348 671 -6 845 -719 522 923 730 1376 803 131 73 -469 -64 1682 245 42 1660 706 1933 941 396 1670 -588 218 1834 775 1270 -657 -259 1601 -494 569 -527 -1 1162 -643 -82 -174 1517 -1657 -1181 816 15 -1741 -694 -195 62 -581 155 -405 880 -1431 950 -399 -580 446 959 386 236 359 1011 -700 -48 -450 -271 22 -376 -822 427 95 -52 353 -211 409 1722 190 -253 -112 258 1001 577 313 97 425 420 -243 538 -1473 16 -1287 192 -228 1125 -762 346 1005 504 100 782 -69 -650 475 -15 -529 874 541 -521 -934 677 739 851 805 -675 403 -1414 1419 -588 372 732 -269 -406 -1166 -124 -161 -491 -133 -101 616 1248 305 -558 -996 97 -181 346 -395 -610 -1309 192 -877 408 388 -949 -791 1003 176 145 -1611 582 1144 -708 2108 806 19 -718 -2 48 495 -554 941 -217 324 -326 494 -444 250 -1171 -875 430 -48 100 4 -516 -79 568 -373 983 -634 306 -317 823 -355 1784 72 638 95 43 1837 -123 -539 273 -139 -341 -733 661 168 930 -775 -310 -309 -518 -599 -607 -173 568 954 205 885 -836 -717 1508 63 -587 833 -303 1495 -1139 627 -209 -399 1465 46 -186 50 -702 -596 537
-412 -110 134 -851 -1055 -874 -1346 -539 -605 735 295 -925 -246 301 184 -644 -673 371 505 62 -641 -953 650 1132 961 -388 960 251 -132 -767 -735 1334 -1248 245 492 -482 381 366 -379 -258 -265 -422 -180 797 -328 556 -446 2013 -708 697 479 -418 887 470 302 186 1172 -127 72 681 706 545 -474 -235 -62 -1055 1068 -118 -355 933 1060 172 1345 -102 -213 -125 -1210 -106 983 660 -1619 -416 -937 890 746 632 -368 -1196 1381 316 836 445 -1639 662 -1447 -415 -610 218 -976 -406 -254 -1534 -287 -91 -546 622 -300 -306 691 -799 191 -12 481 787 -452 -2128 -1418 1619 85 -343 -545 -405 966 587 -54 948 -599 -131 52 -424 888 902 -654 430 -719 -1800 -79 -1001 -111 179 -1024 376 939 -641 -271 -383 -217 958 -91 -74 -1107 1012 894 667 -383 1212 -594 1139 -164 -180 103 847 -501 -364 -988 -1572 -585 222 1719 -413 300 1238 1330 707 -543 -1000 -619 -326 2 484 66 334 264 567 351 678 406 -674 -349 591 184 90 -111 459 -556 88 -228 222 877 659 -16 154 -282 -194 63 -148 535 257 -789 1114 1164 -862 650 -424 -431 50 -961 574 1959 -864 921 936 -1365 348 -1368 955 -283 1 270 203 290 93 927 -58 707 336 -655 -426 820 -126 -987 30 -548 291 -500 -1205 -1405 76 -452 -429 -236 -79 1470 375 -486 -169 -775 497 -151 -306 -567 -100 371 538 1165 252 2408 353 -1433 388 -245 -387 -30 -915 -195 -947 -286 -1125 -1343 711 1277 -293 784 76 -531 -142 -918 -954 -60 812 167 310 -290 -17 -427 1525 187 -1746 -504 348 -1227 354 -701 627 -849 -782 306 1083 170 -344 -523 -14 530 -703 9 334 240 -827 129 -35 1564 -311 -197 439 -1188 733 94 -663 443 -1165 586 1329 980 -429 341 1166 563 -180 939 -96 299 -430 -1122 -379 -1606 -841 -488 225 480 549 618 1394 717 94 70 252 591 -575 -1463 -727 46 1000 728 268 -261 517 276 1224 998 -821 1257 -370 -1097 -981 696 306 -91 -3 10 -591 746 -304 717 -574 3 -393 -605 -412 -961 -1259 357 693 281 -444 -155 -1 95 -38 165 -357
147 280 109 -939 -30 458 803 87 978 236 357 -113 -342 -156 -767 -39 853 -235 -999 1120 -338 -496 130 -865 238 -883 1192 -1493 -33 1396 527 912 -248 1111 -246 89 -583 3 610 653 126 -21 -178 -168 43 413 -862 -827 133 817 131 451 -657 666 644 990 -1268 -38 -1015 144 -20 -543 -63 621 222 278 302 -753 60 -109 971 -929 1146 -38 -843 -1057 -827 -454 -1021 -573 863 158 -463 689 -1115 -743 -665 -1083 1165 -805 363 -419 600 691 592 -1642 -1093 537 -753 -926 -47 182 -1172 1337 588 -104 -20 434 -48 696 655 -1191 633 -680 -736 -532 209 -130 -181 1085 -379 -450 -237 -870 -1492 -603 -904 739 -935 -879 537 -1360 -886 -768 -292 -1498 262 1005 -193 377 -615 -84 696 33 1043 -830 -652 676 -346 -1320 -49 50 -471 51 85 283 -831 -404 -260 -14 -283 26 -870 1293 227 -496 -468 -669 -417 717 1226 233 843 -100 -396 348 19 -425 -857 -122 -391 -616 -318 465 -1439 723 -152 -364 260 879 -580 -196 -1040 160 -317 230 799 -932 -5 902 1375 235 1050 -644 -1174 -899 -257 -634 410 37 803 -361 1067 82 1019 -745 -705 1010 -35 -206 -1095 -294 -1677 -313 124 415 722 -119 497 -904 -622 -207 504 -199 735 325 824 384 -20 -58 -411 -32 593 -714 335 620 -402 -48 266 799 193 -604 -1395 -362 -951 -30 636 711 1045 -1328 543 12 -518 -110 -660 -582 618 -622 -10 -1054 -365 -1397 -832 487 774 314 9 -1 -58 -123 444 1533 -4 -1051 69 -227 -691 -247 275 -542 695 -308 -629 -360 996 149 -968 -528 -1247 257 -319 739 147 -408 -278 66 61 698 112 461 395 163 362 11 12 -664 1543 624 651 -1216 -907 -528 -322 221 -802 636 484 -229 332 -1334 -954 1074 -841 -39 -1533 985 -337 987 -59 -480 749 -599 -1031 1238 -757 -243 -1996 -441 492 373 -625 782 -532 -361 1016 1666 1597 240 -217 -1062 93 -1023 1112 -240 -305 427 8 -394 -560 520 907 1316 587 -373 -166 896 -62 242 -970 -1163 866 453 -1035 958 -732 -936 444 916 566 -273 -134 295 -248 -721 -1033 -986 -375 632 -14 905
-565 -514 1128 621 -288 333 849 244 999 -1622 -70 -230 -567 -504 361 -716 757 96 -366 -627 -43 -903 341 1013 -940 -275 197 311 615 -71 -335 1636 -597 -822 973 -1619 -77 122 533 730 614 546 909 -363 -864 186 -1202 -147 886 -1063 187 1818 -282 608 -475 -788 -1158 673 -745 -766 125 467 -859 -157 438 -17 -1442 -306 -973 80 -283 -211 -355 -395 -123 -257 -679 -64 -473 1037 1300 -133 -909 -992 -972 -188 -399 -134 -286 -1 490 -777 220 15 -23 508 716 -76 128 -1156 -236 -792 -1472 -662 470 -10 416 83 -453 -194 -241 -1253 -323 -632 -787 388 -904 -1117 208 852 -127 293 -314 2 -1469 -158 -926 256 -206 709 -831 122 499 115 -373 345 251 -670 559 1673 907 798 -668 -727 -721 -2653 226 576 456 1282 500 -328 -595 396 -1409 -821 -335 1011 1991 605 -624 659 -820 -242 -390 -232 -678 -1308 -928 633 -1300 -1148 -119 -572 -1254 2 -345 78 -1373 -87 609 -303 412 -208 -789 -539 -779 -1249 -1114 -533 -133 -113 1005 37 1742 -1049 -179 38 -275 -22 -165 76 743 -186 1472 1488 463 -719 109 -41 -166 382 1436 -374 1137 731 -415 1774 -583 -52 1106 -1672 -352 318 177 520 1498 -1129 -336 284 -1017 186 -530 1248 123 314 402 -1665 84 1634 167 928 503 180 138 -221 2315 2061 -432 70 355 324 -46 -443 623 -394 637 -715 358 -316 -433 738 244 461 -725 -974 -677 494 723 -1094 -907 431 931 1044 -1782 -200 -131 -1259 81 -654 2010 1185 -516 83 2021 -424 -1922 -620 -911 780 -1383 -368 -327 -144 72 -271 1045 -406 -1396 1154 -903 1595 -970 -739 2113 892 1252 -529 -891 189 401 -1680 -1487 -561 -346 -464 598 -264 -258 181 -330 1012 -127 -410 181 -147 187 -888 462 537 -564 -994 -537 96 -162 1841 272 1312 -279 -918 -733 26 -455 757 -265 806 93 992 443 -301 -1443 -996 365 669 -362 525 683 1309 922 -888 419 -172 942 790 -466 907 313 569 -720 327 1597 883 257 -759 895 345 -898 -389 -781 78 -239 -117 408 704 474 -463 -241 1302 406 359 -512 -147 -238 555 281 427 -1428 49 -149 -144
-1475 710 -1675 897 1284 1225 -601 -400 330 291 568 240 -336 800 239 -518 40 699 -137 -687 -2016 189 -853 -1120 942 -715 894 44 -218 -864 893 442 -1317 -115 -480 151 1464 -684 -463 412 -1521 163 -32 366 962 791 515 509 507 91 185 -63 1234 1369 845 -1711 -1665 862 -415 -526 -1124 -348 96 -641 -428 -121 1028 -167 -573 663 2183 605 -303 -274 668 462 -619 -408 -505 -58 243 -262 -127 -1709 934 39 -647 453 -880 -243 -226 950 -437 1700 -39 -1082 -885 485 -316 387 -264 860 719 799 110 -309 352 1173 -1137 -1360 303 851 557 -95 -892 -1268 1353 -249 -555 545 243 32 34 67 -434 641 -2037 654 -295 973 137 166 -590 463 -171 794 515 1084 -361 -586 431 -43 -132 -68 -729 116 -875 -1418 596 9 -1429 -436 731 204 -706 495 349 806 -544 191 441 950 154 -1435 -39 351 -464 -114 509 -259 -18 -1314 418 -1076 674 1309 -190 -28 77 208 -1229 -29 1402 79 317 -2166 211 -650 -837 -273 655 -103 161 -553 173 437 -25 389 -956 -689 763 -420 1086 573 -4 -751 590 -488 -1400 1482 -614 -239 -670 -512 -370 1933 28 -550 38 1307 -1027 -1123 297 71 -297 346 -381 683 -152 -351 -111 -611 339 -1286 1165 96 91 1304 -6 323 1327 -598 609 -867 -1716 784 697 -381 -944 355 -492 -576 -327 1515 632 -542 -189 -669 -764 -516 -294 -1688 -45 -20 -178 -901 6 -1546 -233 -699 -84 -1213 -773 1136 1191 38 -419 120 440 -964 668 -896 -962 -484 -65 242 811 -186 -984 608 681 -418 836 1177 272 -954 1012 584 624 -1120 680 1137 145 430 20 -47 -941 -304 241 -200 1140 64 -378 -20 -306 -474 -698 136 1304 1048 -71 148 -37 1843 565 -609 -413 32 112 -14 -1 1687 -735 -614 1726 -1596 688 -704 -230 -798 -772 -159 514 193 614 142 -82 1497 -126 388 375 -1168 -487 -100 200 -285 -725 -830 165 -874 143 959 181 -636 1226 -1064 592 -573 -1341 519 -120 158 1060 482 129 -689 1152 -369 479 -721 -172 1124 -294 -500 -119 -919 816 -1013 192 -1158 -511 886 -181 292 408 771 -22 1648 -1698 -226
1544 -1116 565 723 -201 211 -1103 -1398 -1246 -25 1181 90 1070 349 831 512 892 -108 -842 219 -15 -593 -228 -739 561 848 181 -220 -1715 389 -451 -1045 977 -252 -652 1134 42 352 616 1946 532 1011 128 -80 -1193 941 -950 353 -1106 785 584 81 -297 -766 135 120 533 -1337 -387 114 1537 -22 -291 -96 258 1046 568 5 422 655 231 852 267 55 -231 1814 44 512 265 -819 389 627 -671 624 -347 930 760 -487 617 -1064 927 -963 1141 139 -250 450 1731 684 -76 128 -484 -1097 -1140 470 -866 -395 254 -547 620 -357 530 1094 868 289 -796 46 786 -113 -273 -833 -1542 999 -439 -128 281 409 1296 432 308 -95 -948 -11 94 76 129 600 339 934 -397 609 1146 994 -523 -508 -968 -1027 896 -148 199 -165 1612 112 986 -455 505 704 -1071 -284 -702 -237 -822 16 265 -977 -1118 275 -1080 -1263 -971 -305 347 -583 -914 1444 865 -66 -303 976 -629 -1076 -228 -301 382 15 517 202 -653 894 425 541 771 785 -517 -737 -867 942 -251 345 545 1025 1081 -496 -442 614 833 -21 244 1039 1182 -605 -1700 -757 -1028 1023 835 -385 -23 221 -546 -195 1908 627 -73 1177 -379 920 -1549 1643 -751 -622 378 873 433 1224 -1497 2015 147 227 -198 -890 308 -353 514 -1334 -882 -292 289 266 -18 858 -379 1905 19 458 569 861 -1034 -1020 646 1387 188 913 -467 965 166 -1081 1000 -215 -534 694 351 1021 448 998 343 47 -1312 2142 402 825 506 -2229 437 -263 700 -237 -443 1056 -1013 -505 -358 79 -382 -202 -911 -487 421 -341 -595 248 -690 415 337 479 263 242 832 -883 -600 -442 720 -1012 303 -335 181 546 419 -509 163 -173 -455 -163 -1931 -316 -1153 -210 1354 -527 -1629 214 272 -24 767 -264 257 -464 -339 -180 721 436 -47 -143 45 -541 823 -798 861 709 14 -2471 -763 -993 725 156 -699 -1082 646 -1491 -2328 -1140 -71 74 31 2 -1273 -1538 -549 -945 56 274 205 1087 -430 -1472 330 584 -679 551 313 431 -200 380 -109 5 256 -496 255 1414 -1211 -618 -1258 1355 -519 19 521 -945 443 -547 224 1617
747 117 1022 133 -90 32 578 44 2179 -225 -784 418 20 446 209 -954 775 -589 -926 214 624 788 -659 -150 259 589 -135 -210 27 -452 114 849 911 -611 -442 602 -932 1261 -47 254 -842 790 1453 -211 1044 540 1354 799 -26 550 2411 187 647 -339 -706 526 1016 905 724 -1040 -70 34 630 129 863 117 282 -84 -7 -671 767 575 853 -1919 -749 -492 1017 222 704 190 -655 317 332 -18 616 1474 1025 687 -418 322 -163 -746 1059 577 231 -251 -422 734 15 -142 20 -1108 -666 158 56 -1846 148 981 -3 -713 -774 436 -909 618 945 -543 -60 -620 1005 704 -321 -199 770 -1715 1639 -465 -395 -513 391 -548 1846 1166 -177 -92 -323 265 -1633 -724 -562 1148 -94 1748 1208 -448 1002 393 -715 951 -724 1451 734 -1383 583 -594 -208 123 1246 685 -620 884 -1663 446 9 -157 -592 -48 900 -372 -1470 -807 742 -170 288 514 -484 1789 850 -90 285 233 1286 -726 -884 -1260 23 204 -383 22 -35 45 -167 -10 4 -585 265 -666 -420 -645 -177 -117 190 -901 77 926 1016 245 917 -122 -703 121 -985 -76 -141 -1095 -481 -267 -113 -1088 -72 1197 799 -1689 453 -9 -565 442 -62 1480 124 417 -406 112 -112 -1334 364 33 1375 630 -513 40 1327 -555 432 -568 830 183 138 389 143 -739 1076 555 1054 -236 -219 -72 -1060 512 214 -649 697 -606 23 -865 1291 -1131 -563 -66 -907 -308 122 1541 -734 -653 -878 -510 -225 1038 -27 1462 -757 765 -801 -609 -1117 1204 704 190 241 -329 -543 129 669 -1256 39 -1045 162 -301 -1142 703 -350 -560 663 111 -772 -301 388 -273 1213 -275 296 311 429 656 1171 632 -324 882 1500 468 -416 1156 67 -896 -1339 -1212 -86 6 72 751 291 -812 465 -251 820 -249 600 1565 866 -801 -956 272 -1116 -1521 570 -289 272 1245 -76 -814 1281 -850 463 72 -369 -695 -345 220 687 -1384 409 154 432 -136 655 491 -710 -82 134 411 -661 203 -307 223 217 -45 272 82 1926 1840 752 155 821 -1630 -507 201 45 -1262 -244 875 869 -100 556 -453 -797 1264 865 -308 -54 293
-39 -142 258 1061 -644 738 -476 65 330 336 -846 -105 667 -380 -1661 1075 726 -110 1147 664 148 336 -854 904 367 342 -317 -522 -953 -296 368 -1005 -831 -52 -269 1281 -376 -157 146 -343 -566 1561 726 -30 58 719 -285 -66 -542 -805 274 659 -1044 366 1180 860 -434 -290 757 -781 -173 1036 77 -275 -711 1101 -761 338 895 1313 20 -492 -14 1692 -1372 826 -691 294 -490 -696 971 -152 -1195 701 -1008 102 -312 2066 341 909 557 -538 -207 871 1894 -773 352 930 450 -301 -555 891 108 790 632 84 -1896 -427 -331 805 -331 -773 671 503 1445 2063 -714 864 395 850 223 -259 1078 -603 -315 460 250 439 748 -834 666 171 1342 -320 287 -414 -480 -414 408 -1303 -417 356 -868 -6 343 -916 -65 -231 411 1599 -956 -719 1509 477 -510 897 -90 -166 257 8 1626 -864 -384 -712 -510 460 583 -608 -1570 -171 -167 555 1043 -316 -551 -155 -974 -136 1239 412 586 455 1019 684 -122 618 946 1058 -292 731 -200 936 -221 333 -830 -396 220 -152 -272 -1083 1569 -1495 -295 90 509 244 361 -227 483 620 1020 -397 -126 26 -1270 420 -463 200 -463 -100 744 -1526 -968 787 -1144 -263 1466 1675 876 193 228 -810 358 465 -88 1231 -179 -823 592 1137 403 515 1889 -494 840 -1202 -82 -866 765 -847 1157 25 -651 1035 698 28 -388 -33 -817 -1549 316 -23 65 610 492 -537 266 -226 -389 -704 84 484 582 512 1078 422 620 29 -66 135 -518 598 78 574 -1034 495 -228 338 -1114 -727 756 585 -584 -422 892 1119 710 388 682 -1777 -335 249 707 1008 1415 -367 511 1589 -378 598 -450 824 -398 386 534 1950 -497 498 1587 1804 -457 231 -343 -851 -354 -634 1656 -341 -616 -539 693 570 -1301 -361 -2040 -172 -189 -1072 628 361 1485 799 955 244 980 926 1038 799 273 436 -2 724 -611 -1311 183 -1697 -554 -1639 1418 666 -680 878 -712 463 416 970 521 87 101 1306 -1022 -46 20 1008 589 -195 934 385 338 583 -448 1277 -1063 253 -118 -1894 1289 -585 -1636 357 -622 409 -86 1030 -423 8 -807 617 11 -607
-180 -431 557 553 -385 -601 -8 688 408 112 -819 700 -1410 191 418 -782 -709 540 140 -298 1549 1107 -709 -843 -282 -364 -1631 -2559 238 834 326 56 438 -1148 825 -573 1144 -482 387 -122 425 297 360 425 -214 256 -966 -83 -590 249 -494 -663 -1151 -511 991 -70 453 -824 -1723 -176 275 -273 -592 -571 873 460 -38 1564 -1259 -668 -432 695 -526 342 672 1063 959 -304 -1207 374 210 -498 -608 -649 -162 1339 249 -875 205 -874 747 -468 489 -148 1121 -31 -286 503 -113 623 -785 -1407 -528 406 627 -246 -601 -364 -414 1317 -211 590 -782 288 -307 1648 1733 -925 923 547 1973 1249 -1804 -201 465 -362 748 -97 1031 -204 -877 -554 -243 -201 -109 1268 -432 504 608 -746 673 266 -231 2494 -662 -415 -564 -409 -281 -585 -1287 118 194 602 -653 844 492 400 -191 264 861 -161 -186 803 371 241 1284 596 -1028 -1480 344 -1398 -769 -1285 738 -1702 96 -887 405 453 1457 -144 -955 -364 -729 -331 -218 -226 -338 -115 184 -1011 -262 462 756 228 -140 -115 952 -1028 -49 715 -617 -101 2209 2167 -432 -529 529 -943 -447 1251 996 553 1234 -236 -33 1151 1141 -72 -311 -1054 -1460 -902 -533 -804 -270 -1523 432 -589 -525 -117 89 -56 542 867 -65 247 391 758 251 1174 757 -197 -1030 566 -237 82 665 634 -557 -240 -249 -71 -170 772 283 -473 306 -414 -193 934 -548 757 -813 -534 467 -337 -1050 -996 318 -1302 549 424 -388 -490 359 1195 -1615 -422 -620 -197 380 -683 -251 -27 -1189 -160 -671 545 -1729 -796 -98 193 1211 -254 -956 -435 -868 -67 -336 -293 746 1052 289 -377 -1921 -934 -243 -1295 1422 880 -831 657 -669 -442 643 -1128 -737 382 -822 289 -376 -607 -479 -248 826 2060 -602 -358 -854 65 1100 49 -344 88 225 -1494 649 473 -1301 855 -48 -1038 -117 -484 -1485 -219 588 545 -801 -164 -239 148 -61 -348 692 -61 42 -640 82 -422 21 -879 -690 -93 -1178 -2328 957 669 -170 -380 271 -1092 958 -432 350 -957 -66 642 674 92 -1317 -554 5 -219 -1141 912 -787 263 54 -318 -584 1874 -494 -48 198 455 -62 848
697 1105 759 227 -448 108 -866 20 65 -1229 -300 500 -316 800 -316 1092 -405 64 -69 1165 -491 1605 428 -728 -503 298 -536 764 -67 793 -485 304 1532 -1722 -436 434 232 772 -270 -58 334 -1301 622 124 168 1085 676 6 -601 -542 10 -336 -705 -289 -105 267 94 -1130 141 -780 822 -384 147 17 294 -2057 -428 -267 -622 -708 -320 1149 -537 1141 607 233 896 1054 711 -529 -524 717 355 252 -1129 -281 -237 280 -247 -1316 -850 -149 -558 -50 -151 -423 1582 -267 -1642 -996 -594 498 285 457 993 -751 988 668 -188 652 739 -1073 -755 762 686 260 215 200 -120 -577 -373 539 -44 -50 1453 584 1632 -1905 -993 -404 -786 -711 89 -1015 -389 903 367 170 142 -69 1117 458 -839 484 877 482 -1114 467 403 -849 -193 186 -781 -352 296 -449 600 -1101 -556 1557 -842 -1813 327 -662 295 130 265 1618 160 -833 602 487 362 -57 -276 -581 -643 842 456 -1529 246 772 -746 1047 -651 -175 -298 -894 -107 1717 116 841 -327 478 1172 -1333 235 832 -135 4 -842 540 -1830 704 -298 -254 543 622 1323 807 300 53 278 -85 -278 242 -620 834 -159 572 -510 292 663 -207 1204 403 -98 495 232 -925 733 -19 -220 1122 -501 -905 484 402 1609 -919 185 -770 -975 895 223 -902 -832 -84 -569 244 656 -324 -271 883 -658 -324 476 79 -673 531 -456 -1200 1446 81 -950 971 675 313 900 -68 -336 -806 353 380 915 505 1236 641 -684 502 1288 534 -316 -22 -102 -1691 537 1097 399 762 -11 203 -1118 8 -583 -623 412 1267 952 -525 688 360 856 995 70 364 -183 -1110 -821 -741 -1366 1434 -2144 -350 232 -866 -128 -392 -1622 -533 702 -912 690 -1460 -1113 -425 -948 -927 -718 564 317 -60 191 -2342 -94 907 1198 -44 218 -241 -596 -37 -146 -230 1038 -414 626 351 -1619 -968 523 -903 -247 -220 759 289 541 -1056 1131 1808 482 -151 146 159 870 419 -126 -986 1056 -63 -743 -968 1144 1021 -650 389 -140 -116 269 1033 241 -91 121 1019 1185 921 -73 395 855 499 625 1630 606 -162 365 -684 -1 -479 -91 -40
-280 -71 738 -354 -485 -758 1361 -759 -27 -69 -1358 37 -240 -1463 -44 -358 1080 -2 -524 527 787 1178 -139 -542 -30 741 332 -1049 -559 116 -315 266 394 -564 -17 412 -350 -1415 1214 -228 -217 2 -461 -107 670 -452 -115 604 -18 45 -481 907 -638 150 -550 1136 -468 -506 -94 -435 385 -270 665 -66 -709 383 140 -180 232 1834 -575 211 10 31 1466 340 106 -1428 -19 -214 1130 -790 1013 -1031 -1599 -551 -407 439 -3 -63 14 602 -915 820 -124 1508 -994 345 -743 -348 -1007 -601 -637 -1126 -1019 524 830 -324 -428 -1192 569 582 -456 1165 343 290 -1206 -566 1066 953 1643 -104 504 -693 -490 -528 -543 931 -629 -1304 -531 356 -121 -84 -866 699 880 -423 -959 -19 269 539 -746 828 306 387 152 -268 498 -808 874 889 -1179 -796 -691 -380 418 -623 202 486 -1095 294 315 -103 1403 358 652 807 -1316 -32 775 -365 -1820 -456 1408 -112 446 -452 1613 1036 895 -486 -438 -474 -713 -116 -823 117 -170 166 -98 -1189 -397 -724 652 -957 9 266 607 734 1531 1015 609 -1010 422 -101 806 -820 514 -559 479 -97 680 9 -203 -263 -602 -479 -611 -1414 -149 -359 -1404 -1045 -179 1923 7 -1505 221 680 275 893 611 1957 -1165 245 316 -422 -291 263 -516 930 13 1397 -1721 -405 -288 -113 -514 1448 152 -2094 -626 -220 -278 1604 962 -400 343 -60 -69 1019 -131 -1190 -768 121 1065 791 568 -169 495 -837 190 -96 96 -1104 1195 -968 354 -727 986 235 -1222 579 -685 259 -529 -231 148 1506 -393 252 595 1288 -574 518 120 1048 -850 -658 175 463 1094 -433 463 -325 -737 -350 -833 56 -755 -193 544 -983 1098 -1128 -612 -935 708 566 338 125 498 -1024 -542 864 428 672 -279 -84 220 387 624 602 88 814 417 -857 227 -688 -617 1561 201 -39 -1001 -537 -1440 -552 140 -452 -29 586 -1043 -1079 -1292 557 1130 -1188 -936 362 -659 -263 575 861 -1103 -392 1355 -1180 201 349 283 754 812 -1162 73 -375 383 -35 -799 -498 -938 44 -287 -589 838 -360 596 -112 141 257 2286 -420 358 1249 -650 -20 -368 920 -608 -288
1119 -640 244 -161 933 -1862 -1572 1072 1232 2093 1104 -1114 704 1021 -792 468 -586 778 1010 -683 1151 -351 -165 56 703 1201 -846 1130 -31 1105 -391 -488 329 1399 1353 563 25 -1314 -348 424 732 -706 796 146 -259 -900 -1678 495 1763 422 -757 -498 -1148 380 -112 222 462 1306 -601 -1124 839 -33 -964 -1156 -802 1324 -948 237 -383 -322 1544 177 -1144 424 -782 516 -776 -178 -391 -65 -429 -706 201 231 -961 -825 -572 -180 -677 342 822 590 -257 -1021 120 1253 496 -751 707 -323 -145 713 -38 -298 182 1069 -45 -410 1201 122 -339 61 115 679 -1026 -535 577 878 -487 -363 109 -802 41 -319 576 -282 -111 496 25 -383 76 487 -151 882 -274 420 733 -133 -2 740 -105 -1359 -45 139 1401 -304 -543 104 526 -1804 -544 -729 156 -13 430 634 -174 -697 -260 -129 1238 472 186 349 -221 -541 945 662 485 -526 -14 -286 -670 -268 334 -136 -139 -803 413 -262 28 399 -341 -1103 -510 1098 570 -368 -1113 -462 -931 1111 552 541 -1434 -710 50 -1681 -2333 -71 -492 -921 -412 -646 256 322 20 1330 503 -1376 -906 1264 28 653 121 708 323 -172 319 838 222 -136 627 -595 -200 -190 1060 172 107 -259 -148 428 252 -246 207 -384 1427 1170 -189 159 1054 -371 -853 -20 -149 -481 1142 65 -272 61 -1136 74 910 64 -225 -471 -678 448 -56 -740 -637 805 -1179 -263 448 -538 1245 -170 -422 -473 470 725 208 349 188 -189 -371 1615 166 -438 -990 186 295 892 -114 -374 -761 230 -359 340 -1226 945 508 -293 141 -175 -403 72 -965 487 1525 -185 400 398 -703 591 -371 957 -1443 -363 -464 -711 853 946 293 158 43 -372 -67 415 -228 549 -527 771 100 792 348 815 231 669 -990 1430 919 -485 -677 -708 -612 -43 785 892 214 -358 304 -367 740 -778 -477 923 -132 192 315 -183 -777 131 211 -451 12 1516 -86 1076 -773 -280 -122 498 1443 302 268 905 967 -301 12 -378 -712 -215 814 285 -373 -45 -161 -836 -250 -98 334 729 -429 147 -741 -203 -1092 -915 -744 -57 676 344 -121 451 -451 266 -1477 -268
-573 14 -76 742 1078 -114 25 -668 -546 -962 209 492 -133 412 -79 -901 -681 523 -843 1248 1341 -198 -1128 -889 988 162 -304 -581 -578 372 674 -147 307 -63 -57 265 545 -121 -527 -1332 745 -410 -393 -668 -413 -211 -578 701 136 -1004 -827 -641 723 744 -78 205 790 224 -29 -132 1409 -161 -847 101 -470 -790 -37 -268 -1898 20 1702 311 802 -32 -325 360 654 -2144 -925 -1465 683 -763 -626 569 -32 311 -1440 500 1750 1430 381 665 -920 451 685 518 707 729 -371 1421 -634 -138 477 -318 1416 -186 351 997 140 31 216 -1844 -332 729 -699 -70 -1001 -178 473 -46 -434 -694 531 245 410 811 -346 -656 -1147 1249 46 -84 -227 224 -591 -348 980 -995 767 -63 -647 277 -1198 902 -579 -680 751 674 -1014 -263 -23 1577 1330 1118 -44 -597 -66 -6 -338 138 -471 225 -420 -782 -49 1099 -664 -591 0 460 41 449 166 257 673 -320 42 -186 265 -115 -349 -1040 -640 1231 -383 -434 -764 -1345 448 -143 -183 -48 -277 -252 -30 -1495 296 -1853 1107 1265 120 -1680 -637 -526 -523 -568 -152 -450 -1592 -410 -250 586 105 -1203 120 331 844 90 -540 78 -986 -990 -227 620 -107 650 1194 -463 -567 244 -994 -90 357 -773 15 -589 -1554 755 1025 816 -693 -11 -441 626 -80 584 894 -476 1226 565 -663 -45 -135 426 630 641 -1090 -347 592 -202 -584 -1196 -513 -40 524 -932 689 1436 -757 -62 125 -878 -81 350 -455 -581 1615 -408 778 277 -74 272 891 98 555 1265 116 -273 132 1073 342 -126 873 -217 -108 -1119 33 -209 -889 -171 79 -629 -743 -368 -525 -928 570 -124 -335 28 -35 -827 1090 1130 -113 -1006 -1336 983 -1286 74 1154 591 -967 59 -43 -90 -618 -1300 -1079 565 351 -2290 962 -725 1173 -794 -2 -773 -48 920 -1006 1305 -513 -665 135 -52 651 -241 -702 687 -643 -562 155 215 -239 -67 -683 393 603 321 1601 328 -8 -258 363 1521 170 -322 -350 -371 -54 -131 924 -89 486 -271 318 -791 679 -777 -328 -836 -628 800 637 -464 614 -180 819 1169 -432 400 -356 -1322 1242 -97 -783 1421 -129 -173
850 -265 700 87 954 624 -441 1142 273 553 -156 -598 2251 -596 -813 -2337 515 145 -1174 546 313 -1 -954 -876 -1190 -482 -1049 654 571 -299 242 523 1397 1685 -1289 1032 -242 -96 -3 1003 -261 377 -636 907 438 -105 -423 -2 1234 -28 1065 -776 180 663 -166 -312 -308 -612 289 405 1084 1046 496 -1388 565 1484 857 -1034 -469 1527 -693 527 -402 -325 808 -261 -317 -1817 -392 -948 380 -371 6 43 -1087 300 -349 215 -206 1428 323 57 2095 340 43 -830 448 905 47 -661 348 -283 669 1364 -303 -97 1192 1936 -651 -1730 -74 -1336 -560 2268 1378 -362 -125 243 -86 390 -29 1147 680 236 886 -488 222 454 24 191 -794 336 1401 -393 -1295 738 361 -766 -643 263 951 522 1099 -701 467 1011 16 1434 364 -1164 1150 -1384 -294 -1100 -667 -844 -208 92 -663 54 -723 589 498 835 384 714 690 -151 -1778 993 -2218 260 315 354 -875 -129 -201 -695 1035 -331 290 -200 316 128 -551 -856 156 -931 -817 259 509 140 1427 444 -463 1067 -1259 370 -764 112 680 -880 -266 113 1552 33 593 74 214 -1261 589 273 853 -807 22 106 -214 325 -87 600 1223 -289 601 -487 -206 30 -299 936 -539 140 14 -33 -57 426 7 -785 1211 -769 -5 -476 719 -455 1273 351 180 482 6 -741 1237 475 965 -573 677 -1428 -606 -482 817 -337 -141 -189 175 -178 -1005 51 -744 179 398 298 216 -27 190 912 -1410 -131 -211 247 1018 -353 98 -680 915 529 434 1304 -55 -133 -41 -296 138 844 -349 429 42 766 475 450 25 -812 379 -414 812 38 1549 -233 109 -777 -858 785 -160 200 460 -130 371 1376 279 -127 -1168 842 1177 -321 -929 -320 -354 609 -1064 -689 332 1069 -280 -371 -423 -322 -280 -308 -43 60 -19 1786 806 -348 -154 -919 -711 165 -522 366 1004 903 186 -93 1124 -268 -397 -109 156 1361 1324 793 -892 -635 -99 -646 -138 713 56 152 -34 676 969 233 -505 -490 1008 -657 496 -247 -71 -962 761 -611 193 332 -26 -854 207 -746 423 -1236 -8 90 -305 -930 -759 -34 -85 -292 620 -840 -289 -61
-219 -1189 104 -368 -1548 -395 594 -824 16 -1418 -168 1383 1396 -1144 553 -264 752 -844 -130 58 -1366 -1042 -78 -862 855 -1012 202 -364 -1261 1401 231 -108 706 -894 -193 654 -516 -1067 272 909 45 -499 203 170 -702 363 591 353 -686 -794 -1389 -206 -37 -444 -1377 -541 -621 -1209 1323 95 65 -1175 56 -51 -541 628 742 -943 -33 868 1044 -118 688 -2 -424 -551 341 166 913 -621 -1595 310 747 869 734 650 368 295 816 -429 279 320 621 -422 -234 1127 -481 -455 -599 -322 -77 -726 418 -353 -732 502 978 789 862 353 -135 489 -273 -533 41 359 893 -216 -521 206 -1481 -37 -470 601 671 1197 -519 -162 809 816 356 322 -520 -8 -148 -569 -782 -74 -839 323 391 1005 701 -1560 89 413 729 -329 835 874 -595 -417 -544 835 -367 -378 -571 -1281 -757 -167 -561 -1419 246 -1310 167 -942 -401 94 -275 558 -622 1606 -444 340 162 414 -180 -210 -1235 -524 720 -199 241 -903 404 -865 -715 -624 111 -292 821 376 -837 -579 -186 402 -311 -494 35 147 66 -237 1020 -1490 599 -328 915 -315 33 -1005 486 -626 108 -510 -412 312 -138 -159 23 1097 267 -630 1244 -353 -101 -365 -277 230 82 210 -522 -951 32 25 -57 -451 314 -174 1152 -60 862 -636 505 -9 362 -936 782 -608 328 -52 18 432 -422 474 -204 -667 1354 133 -376 -317 -779 1098 -348 67 -96 711 416 419 -639 -1141 95 20 1453 -638 -524 -668 -464 -752 478 641 535 -730 37 473 -228 128 -1002 1741 1135 -285 -257 140 147 39 -890 1317 -1069 348 -243 112 194 -492 -776 740 -373 -772 -1620 -573 250 -150 -961 -410 288 663 140 -352 -327 22 -726 -483 403 398 -608 -641 -1540 1448 809 -607 -765 -1208 508 413 757 873 -784 -1062 -522 447 53 -1141 171 -811 -36 -580 553 -224 225 576 -269 -74 375 -394 -823 296 -420 -632 451 225 -570 -208 -523 253 485 -266 141 -369 -349 872 -948 1102 -63 -1762 610 -166 -615 339 711 -14 -63 80 -655 -393 -364 1110 55 457 1030 -1051 909 970 -151 446 -407 -294 -604 -829 620 -272 409 518
388 781 1085 -556 556 47 -868 428 281 -2098 -822 -1216 868 -303 202 -821 1934 517 -101 -1620 -125 1031 1347 -1441 -1390 -947 -745 -849 1473 1478 919 392 962 -101 -615 -367 768 398 568 37 -472 -1108 -209 -277 -212 251 179 -166 -710 -665 602 691 -314 -379 -1018 17 -479 -805 -1784 -474 -821 -739 325 -1119 1876 65 191 -742 -875 -736 715 142 837 2069 -201 1030 -697 -1942 -990 -825 159 -115 436 -1317 -552 180 -1348 -909 -1111 -707 299 10 23 111 -87 850 341 269 -535 361 -820 994 -410 549 111 -591 326 274 -1065 -2295 1390 297 -511 -1241 1007 -228 704 -959 94 -1020 760 1348 -33 658 1720 641 -1009 427 -1397 -1303 766 -268 461 397 -235 955 -158 -1475 211 91 61 903 -894 469 1196 773 -623 153 -1805 6 240 -853 403 -249 541 -578 542 -290 -561 719 212 39 171 325 1583 258 193 104 692 -1293 43 -413 781 120 323 -733 576 209 -85 -287 -706 -399 9 -1985 708 -345 829 -765 352 -404 -496 -1365 -294 1148 -349 -483 48 128 397 98 804 192 105 1055 124 -670 -861 765 513 -266 1334 555 144 569 877 573 806 -454 -321 -75 -1024 -1099 102 -1129 1057 863 -1259 884 127 -806 367 658 -1965 -203 -53 -353 702 -383 -103 196 1049 -431 -246 529 -418 -170 -414 -439 -674 845 1185 -746 298 -120 -158 354 258 870 -467 1831 -308 -18 459 642 -441 -869 69 -239 -619 -571 185 1092 -1113 -517 1622 -1086 -166 -135 -757 -140 761 535 103 -18 264 607 -1577 -23 1104 1038 -526 602 805 1427 897 -1627 706 -864 -64 -59 809 -862 565 -355 -113 -68 -604 -848 -771 456 470 620 -587 419 -1512 -721 835 -609 -892 -284 715 1207 1846 189 -423 -86 111 -1366 -1055 40 -1403 -375 558 -70 -1664 -795 120 -337 -260 -59 659 144 55 -474 -86 -98 -496 92 399 -296 -1062 393 -5 -154 -152 962 -182 1861 -426 997 873 -576 220 -21 -173 1322 747 -1917 -1140 -1919 -1172 -206 497 89 26 49 37 -1065 543 292 626 258 1229 399 1255 -415 362 808 281 526 109 556 -107 -106 -1333 44 265 -609 -781 -944
465 1278 678 -1562 -222 572 589 -813 146 598 24 495 -406 465 -1227 -276 -548 -927 -237 -978 1283 1125 160 638 908 876 -1858 273 160 528 -748 188 -9 -1592 197 -204 361 -86 -457 -675 1277 -277 559 820 -179 -584 -819 -486 -2601 -815 -214 632 -841 347 41 -868 -138 -1302 188 427 -1426 866 451 -566 672 -613 -483 -358 -682 -168 -171 -62 -634 -309 810 -770 -633 -424 -17 394 -461 -129 1231 628 371 380 1127 -1177 -1107 256 -726 -106 -446 -113 558 -54 -133 639 -282 -1102 669 75 -1016 1033 709 -211 437 -118 -970 373 170 -504 -1276 94 681 463 251 906 -814 -242 809 282 400 1260 411 -967 637 332 -78 -906 182 831 152 599 218 901 185 166 -421 422 396 790 -907 -1928 435 -439 -45 -601 511 10 -186 168 -273 -309 1286 -552 176 1036 -415 1211 -565 -105 730 801 827 -469 1430 243 530 379 -221 -324 301 71 1156 268 -911 1002 202 -858 1814 -481 -967 -1109 428 1277 -398 -1294 221 454 -1085 1940 651 951 -112 136 -70 51 311 129 1620 1745 94 -132 -502 1220 294 255 777 -1704 749 1338 1799 -362 326 -269 996 211 -189 -745 52 775 1215 386 -1732 490 -76 -1026 -91 -339 39 -903 223 1600 203 -783 -288 -614 313 289 497 -477 301 -428 449 897 -104 1435 -603 -126 -179 -27 745 15 -97 630 633 -160 -160 -176 -713 -199 158 209 -1392 1794 876 358 -762 212 777 42 779 -553 533 -490 -2498 187 232 544 118 -447 -936 761 -1423 339 415 65 106 -488 165 1470 -214 522 -1746 505 202 1184 -10 -645 1398 160 1122 -29 624 -379 332 1079 -638 601 440 -660 809 -852 -752 -585 852 348 164 -1479 927 814 -824 622 540 624 291 635 -139 -1093 -62 172 179 -1082 -103 -14 -478 -1452 -1138 1154 64 220 -662 874 -814 196 -1049 137 -45 807 -1530 -96 78 198 -1043 934 390 641 304 727 283 -1609 735 603 -195 -209 1619 -1171 2655 -1212 -441 -160 835 -1758 -415 -1055 -292 133 -771 -478 1017 -171 -638 333 -27 385 308 1350 1010 -783 1242 -1107 -454 -629 -541 -438 -26 -632 -657 -678
-528 864 4 823 292 14 88 83 -488 -971 443 -9 -1306 -214 -46 -804 106 758 41 -620 -325 -661 -640 -921 -2323 -273 837 -251 818 -1707 -476 332 191 -841 325 -925 -868 -331 219 -1 572 -333 407 -714 125 -893 470 272 -581 473 498 720 -426 -191 542 -397 -79 -248 157 262 -921 698 199 1839 1299 461 -845 -328 216 127 -913 -554 496 834 -229 -914 -92 430 1375 -224 252 -120 962 751 -267 153 1102 -1186 -912 -141 -172 -100 -452 -1490 -553 -159 -644 186 -194 496 143 227 -408 537 -985 -610 -324 -772 -79 -1053 121 -1255 -180 -1283 -1732 -498 -609 -1346 -56 -759 -111 420 -1069 842 -8 302 482 603 867 -580 -776 -1218 -108 -539 544 11 -311 206 763 -543 1034 934 13 362 696 -1067 608 432 -1243 975 66 -208 198 -527 199 -310 -1068 -276 -443 985 -85 258 372 -531 516 -1441 -133 -800 542 954 819 721 -1082 241 673 -853 -9 79 -324 50 -402 352 -338 569 -485 -923 275 -55 67 312 -1156 603 -224 -845 -648 -927 702 727 571 639 -291 -452 18 918 139 -181 -934 95 46 289 -874 -1319 302 396 -173 892 -1458 -495 -971 -210 -126 15 343 -785 19 -523 -237 154 -527 311 830 -309 -297 567 1147 697 -414 -1075 -1190 -468 347 -1035 178 -270 -1517 -2028 -343 -223 -57 -420 483 -356 -911 -282 333 968 749 747 891 -33 160 -249 240 1224 38 463 -1382 -567 154 -469 25 88 499 -1337 -1369 375 261 109 -1631 -1156 478 1167 215 -726 466 595 -554 -474 489 524 107 -334 -219 13 74 -382 -282 -143 221 -206 -576 -442 -456 712 -937 -385 -105 -847 2205 -764 -312 -25 345 571 -666 -80 94 -364 -850 923 267 -1454 266 -768 1204 1801 -414 -793 873 -460 635 621 -944 117 -1695 469 -46 -21 1363 -393 553 -1071 -295 1423 -678 156 -460 -180 -1259 451 883 -403 317 -1466 -740 400 -656 -35 -849 -587 -526 -124 -105 -418 -1193 -576 524 570 -878 -340 -387 -77 272 -1728 163 -144 326 1815 -131 962 1085 1085 533 916 899 88 -1086 -1079 -264 625 -79 66 -987 1847 176 -592 -992 -1223 1155 -1279
222 1562 399 -788 577 -568 -64 -725 358 122 -491 701 395 925 -437 87 230 941 840 -876 1239 1817 201 -892 23 128 -718 8 -24 -620 220 862 821 -1314 -211 796 -289 -298 639 -907 -75 -438 79 -781 744 174 124 948 -909 -115 -222 -319 1075 505 165 546 -562 -451 1220 645 -1436 445 247 -11 396 -338 -607 -1478 1161 -218 819 94 -119 349 322 -865 505 760 487 -615 210 -307 -749 308 438 -288 464 906 -263 453 -261 1905 -697 973 439 -1431 -119 655 -392 -376 896 296 -450 686 736 323 1292 -758 -17 -702 -454 712 414 375 -60 567 -829 684 680 -118 -341 260 468 -1099 -1619 -62 -1097 -897 -1160 -1876 169 -572 1581 365 -201 -331 1055 -509 156 -10 -647 257 -514 76 183 74 919 705 -727 -1027 -771 7 -171 406 -1483 145 -186 -399 136 -561 -1119 -790 948 336 908 -388 346 -506 -243 -37 1105 673 -220 -265 -438 619 18 944 -696 -485 840 -201 -1065 173 40 -565 -572 -174 936 751 103 -165 -990 457 479 326 223 235 621 -146 387 826 -1699 -1117 272 -313 -977 -665 640 -147 48 79 739 -568 -153 675 -918 -548 -442 1187 -71 958 -1177 442 -154 -1126 -210 -1470 154 466 -393 393 -61 -1405 -31 -470 17 -843 237 -1609 -482 976 540 -219 -376 -920 -1528 482 -196 375 36 -238 -109 293 -382 -375 1031 69 438 -70 -1563 -520 369 -269 -1292 762 -89 216 -1658 -1939 -714 412 257 -1196 -543 -1118 -1050 -195 -339 -1933 763 143 -39 -1201 -2265 51 -274 -512 161 -640 -58 -849 -685 -25 -488 -123 -378 199 -788 60 -546 428 -548 381 -285 -1055 -506 -16 223 -348 393 741 -445 -645 -156 -276 389 100 336 272 -1087 837 283 -396 -91 -192 -576 1190 1000 -670 -27 -1513 -1197 396 -541 221 637 240 -223 -713 -707 512 -858 -711 -515 -1546 -357 -689 -599 960 362 934 1136 -545 -1157 -534 -59 -1225 -764 741 -1194 1062 1260 -1253 90 -141 557 993 516 -160 466 -1071 394 -515 751 489 -794 -710 789 -859 -322 -43 -817 1440 283 -56 1105 437 -68 -112 231 412 -204 128 984 42 179 649 -959 -624
-493 1432 -1320 453 609 965 -1427 -542 368 -140 851 68 109 -538 -168 -553 -130 -122 203 -869 -1058 232 -245 148 -782 -885 1351 1069 -103 677 554 37 1065 -17 -19 -196 -120 -103 1101 1016 -712 821 342 1026 1168 673 -270 -669 2084 135 965 328 -884 1703 937 -1278 -54 233 369 1434 33 778 -18 1255 102 -747 228 -939 365 -697 1319 192 -545 -1117 -1043 1250 -1696 -28 1 341 -1083 946 173 456 547 362 -21 648 101 199 -27 549 381 -1441 -594 155 850 -725 697 309 -452 741 -743 768 -418 -1309 -189 1342 -412 -394 -247 -1050 896 357 235 -74 289 933 -223 151 -1068 56 1146 -1344 1995 -382 1554 -641 435 722 -210 122 -685 103 -50 -414 -655 455 588 319 -840 -327 -417 20 -612 404 28 378 188 356 -1146 -1100 -1508 -263 53 -1385 531 368 -220 158 968 -41 268 -589 890 -532 -42 -80 363 -206 -832 482 -431 203 -138 -175 -1347 -1110 557 183 -451 65 -155 933 -1405 642 -287 -286 -323 139 212 462 409 -938 -787 75 -748 -586 -2528 -558 1838 -84 -171 216 -1406 -1255 -410 29 -16 -315 -1260 -933 -620 214 -53 8 1844 143 370 494 196 842 1440 730 -211 -296 1415 -400 -1002 -1235 533 -306 145 327 99 -18 1080 1000 -602 11 904 -973 -257 -242 -115 910 -610 245 -143 926 -729 786 500 1286 -603 -398 -681 505 1564 -702 420 -662 -457 749 1278 -744 -1486 -34 -589 -496 1682 -1500 748 -30 -1305 -280 1029 506 498 -356 -638 581 966 -186 -314 987 172 -213 541 -246 -665 -869 -762 -379 -54 -341 -909 -1502 -818 -600 -187 144 33 1259 -1775 -169 233 920 519 420 271 -125 -217 -357 -44 1062 785 1257 741 1074 533 822 -746 979 -533 69 307 -420 51 -1843 -172 -527 1166 250 504 -214 784 -578 1401 634 1114 -935 988 -76 93 -441 302 1389 -551 256 651 -839 -927 1114 -496 2074 -221 -403 854 -487 136 -748 -1106 907 757 630 92 -639 -767 1284 278 420 1125 -534 810 436 492 -560 218 -698 -779 278 -10 382 40 -599 -181 -280 472 89 128 679 -437 -667 824 -1266 -1167 -1384 941 876
280 490 -892 -1120 116 277 -855 -136 -2 -475 -169 -859 462 -716 -556 -607 738 -617 280 -960 1044 -117 960 -614 -85 -434 -817 627 -138 518 -282 -145 -781 -1273 1001 -532 532 -898 278 478 92 112 1098 54 47 -1078 -158 347 258 -623 -330 -1028 -90 -654 -280 -432 524 -631 -692 -233 -798 612 -1072 -63 456 -224 1044 -558 -366 166 -110 269 619 -1237 465 200 -442 -1891 -1775 607 61 365 -64 543 -860 -757 -1553 77 -187 9 -863 770 20 -1229 -180 -1077 -1209 -553 -50 -320 -24 610 -659 112 630 999 -292 -652 1 -340 1237 -504 749 -278 -210 -826 -75 -145 479 -669 1003 -410 1733 -240 183 -705 -15 -388 -426 540 1286 -488 -432 749 -165 88 282 150 606 1067 -187 -167 -1694 -588 1721 107 1193 -100 285 -569 1114 -570 182 -264 296 -292 -577 -637 -214 364 -257 -139 413 921 1203 42 -101 -361 967 360 274 -1068 352 285 721 -1181 -441 1679 323 -456 1855 -384 305 245 -1091 121 71 247 -507 703 683 353 -107 108 -740 -804 -286 -1204 223 691 685 476 -971 264 -1161 573 -395 602 439 -1035 472 354 134 -1948 549 -592 709 -149 1729 37 -127 -642 -340 1572 -68 -95 220 345 -24 756 402 -328 -424 937 1233 -132 353 -11 559 1170 -299 -118 531 -1710 521 27 18 650 270 431 -952 -242 450 289 -358 -662 1322 -1286 129 -1023 -719 -458 -1841 738 -606 -517 -90 -114 455 -1472 -622 -1448 1600 -91 -1094 -690 -1210 -1030 -748 -697 577 -497 761 515 -975 -339 1280 1643 437 714 550 -757 1216 -1292 494 741 187 540 -134 -1751 135 117 161 15 -862 -505 223 569 -291 1164 394 16 -481 196 701 311 -747 726 -135 59 -64 192 -753 513 118 538 -336 1084 505 241 -257 -867 624 -145 -58 -356 392 -628 194 1467 -851 666 -305 -221 -190 1008 -176 -965 -814 -1791 387 985 1379 -214 607 -40 -308 218 -683 576 1359 -932 -415 -1327 -159 622 587 -266 938 -846 -1464 -726 -1471 -1249 -1269 371 738 206 188 -450 935 541 1601 326 168 -520 1725 368 -952 14 162 225 290 164 989 -2623 -1079 1280 -244 -550
-1298 700 161 -9 -745 -742 -222 258 -821 1336 1083 61 -51 -399 338 211 1298 -303 -633 608 204 -1161 401 -28 742 -975 677 848 -1276 314 -526 -942 -1439 37 307 487 373 6 -340 -67 252 -325 -298 314 408 436 1074 659 188 51 489 171 344 -463 -1687 57 -31 911 -122 -404 348 -163 -895 409 -1671 962 457 805 820 -591 300 -168 -39 -541 381 1045 -536 73 494 -637 -361 491 911 -922 731 -855 102 -1018 749 83 -433 -1 96 -876 -198 -1037 -401 -447 -1489 -556 358 -52 -100 1174 -355 1181 271 1185 342 1064 335 1549 1002 -403 -463 -515 471 -891 -65 -1178 -1009 -951 -1240 60 1345 -621 -1100 349 1314 337 329 -783 -93 -317 -859 -331 566 -555 432 -733 808 -330 -168 -811 1562 1386 739 1284 864 -46 -769 -254 -969 -634 310 -165 712 -431 -116 -4 32 831 -952 -1258 577 647 -250 -1074 -229 994 641 1361 556 341 98 116 -197 448 -345 -887 -1550 167 -465 -1813 799 -2212 -1114 -917 -79 -638 490 -789 -1394 -1048 -1335 -508 869 -1043 -311 -168 1325 -1903 590 -802 857 -138 -916 -71 -2211 -531 -340 242 -235 -41 1223 -987 948 -1340 -675 985 -363 -390 -1123 -26 -55 -737 7 -368 550 69 46 235 -301 34 -627 1482 -51 843 -174 330 -755 -139 -250 389 -162 1626 582 -413 653 465 -1295 -881 659 607 -101 -400 -166 -925 501 -326 668 -568 -197 93 711 -104 -1068 -375 390 -23 721 -1207 -235 883 474 -74 -432 183 1399 611 -1061 -1451 361 403 -26 522 1254 -285 923 1242 -207 580 -1022 -1467 -2026 -626 -885 577 -1 -73 147 201 -148 175 1016 669 -56 -1144 -733 343 314 -630 575 864 -461 121 -975 -466 -50 -33 -231 36 -457 64 346 493 -450 1288 -217 -175 -379 730 1327 950 -892 113 -185 1203 -314 -1120 -2267 -1577 -690 609 41 1269 -298 -48 254 47 230 98 388 -76 947 54 -1186 -1268 1426 -244 228 1328 -564 -608 -438 294 14 -328 -1384 -339 515 1396 713 -521 104 100 -480 -299 -1479 657 165 -18 -838 -1029 -772 436 657 -386 23 692 738 -825 1027 -166 302 -315 -90 307 1520 -215
-1877 -119 927 -381 -374 -305 -980 556 -625 62 31 -1245 702 -236 891 1048 134 236 -396 -9 -244 883 13 -149 13 -452 1331 463 -358 415 409 1174 121 309 -486 -941 1383 -118 -441 -77 339 44 -396 -554 27 74 91 1009 -341 -157 -969 -533 -604 -474 -72 494 659 699 -1679 -452 312 -921 -931 -318 -417 296 1785 626 853 -123 2081 878 457 -658 73 608 565 -789 1280 470 610 -57 -641 -78 357 -806 -530 153 -726 127 -362 319 -89 -1671 -768 -165 -431 -1415 -831 342 -542 649 -846 -734 -569 -442 -1283 -280 -20 -794 1506 1211 488 578 -564 -1403 112 -1163 -661 -522 177 -116 550 -836 -442 1417 31 729 -862 895 -62 -798 -315 86 -1072 -97 902 -149 -346 -350 335 -242 -774 -56 726 -671 936 -713 147 68 1025 -417 194 -16 222 -911 1517 363 -453 46 602 520 -1862 -856 299 646 -221 -896 -174 258 583 584 -459 240 424 -57 276 256 -828 588 142 -1159 592 -196 484 -1153 1061 243 417 442 174 -211 1064 1027 -1212 -537 -249 -567 24 1077 1105 1747 408 160 661 166 -602 -586 482 -311 1699 1017 -1258 772 100 -488 -1241 225 -301 1170 745 582 259 -312 392 868 -1227 -27 1202 378 130 -418 692 -14 -630 1561 907 -284 -254 -264 878 -737 1179 -375 637 500 909 -145 369 -23 1188 720 198 797 -608 174 67 -94 283 720 -125 -319 792 -84 8 -692 -140 1007 833 -1834 -546 214 -542 -924 -214 -196 556 -935 235 977 94 58 6 -279 -324 1060 -226 1573 922 -56 1277 1025 897 138 809 -378 917 865 1217 -441 1519 -221 115 37 -140 870 -628 -1132 -896 1647 -1642 -1471 163 389 -160 -82 -146 1313 545 -619 -986 -638 1228 -110 401 473 -708 199 -202 1168 183 292 -1253 368 -508 201 -915 428 378 -563 382 -216 -586 892 -32 16 -821 187 -459 -403 -1227 -959 1224 -130 2 201 1145 405 -694 497 490 34 -28 -874 1122 820 -414 751 -971 -354 -1175 1 1217 1099 -355 -167 624 303 1012 947 1257 -393 533 461 1509 1215 728 305 -1218 870 1605 1847 -337 469 -817 -260 -185 -98 979 588
1393 907 1022 -843 -679 368 -116 328 437 -1401 -1235 -1755 486 -87 549 -191 665 512 -759 -958 9 -121 -442 -1404 537 1462 420 -828 -547 -1762 -464 726 -1005 -373 891 -1089 -912 870 -849 479 612 -300 -78 -620 -147 -313 299 -42 -928 -484 1493 164 -34 -457 -828 -49 341 1221 344 72 -155 -132 -286 -502 44 642 1200 491 -521 -892 1041 1375 -162 -641 1556 -1018 872 389 -144 -558 -614 -997 624 -25 -175 182 342 -52 -168 109 -683 -720 -125 -378 401 -1001 180 -545 -210 1302 -1551 481 209 957 -263 -1015 -915 -59 -717 889 376 371 -849 -68 128 979 872 -226 -209 82 217 -430 77 -332 32 543 -818 -80 -502 532 27 -702 -503 206 -351 -225 -46 -450 -946 -484 508 208 -14 -17 530 13 -2063 988 -1743 648 -78 -466 269 245 -352 -566 4 228 867 -533 -1182 -798 395 -483 355 555 357 89 -1157 -170 475 95 -247 -1019 760 -103 -1175 1069 904 68 -545 -151 -443 131 758 -531 254 614 -396 -2227 -623 -442 -190 -1000 -1175 -82 364 344 -10 98 285 -161 121 -205 -58 779 -642 -788 -1534 -1334 345 -450 -70 154 956 -40 452 -401 -247 1493 251 684 -213 2 -234 -263 -489 -232 290 -1286 947 -928 1261 -22 -326 -118 24 -171 -402 1048 323 630 163 827 -1075 -177 -800 648 -497 234 482 -967 -797 702 -1105 333 662 -129 1072 708 -133 -1399 1257 -701 1265 738 1928 1541 -148 1391 815 -85 -506 35 -612 1256 522 -639 -499 289 870 -339 338 -594 -1011 527 495 8 -920 -242 -939 119 234 685 88 -726 487 -182 5 -516 -553 -841 -108 -637 -691 -440 573 -1880 -891 124 376 -1194 -1078 -1505 204 709 885 -595 267 -535 -11 1590 1476 -1136 -422 -975 -87 1447 786 151 43 -186 270 1215 300 782 1248 -200 361 -1358 -1030 -571 -1671 580 -365 -727 -1083 69 -132 18 54 -806 97 605 443 173 405 -658 43 242 303 -20 985 -1033 -240 483 -247 -236 9 -1256 22 452 1457 167 982 329 585 -356 440 516 -1026 142 -302 -808 -1267 -176 -801 741 1398 -263 1459 -882 855 888 -461 -316 844 -121 -761 -355
-1483 719 -945 953 112 -642 142 -97 -707 -1022 490 102 -160 -1249 -351 -657 1002 -133 -455 470 -802 435 -400 -29 172 -108 423 -108 1069 968 -248 -239 812 -717 146 1404 -96 -1041 -551 -432 -1978 140 -1356 647 -857 -1317 1010 -312 -576 985 391 -168 304 211 607 -628 912 -2421 650 37 91 144 -809 -661 254 432 -644 -988 151 1451 -202 616 379 -426 1005 -263 -707 -893 518 -553 441 -655 949 -524 407 1231 1226 -260 1255 287 460 -561 531 1109 -618 -262 100 1358 -491 -717 76 590 -237 510 -996 1284 481 1172 -533 561 -760 138 -664 30 -940 38 311 -997 745 19 -265 536 -745 267 60 567 449 -354 -605 373 867 -170 -37 760 -1136 401 -60 671 -925 -593 1005 530 1088 -74 52 866 1787 446 86 -376 -194 -582 425 252 704 117 -1214 617 -232 -618 -147 -768 -517 568 -742 303 -416 -926 -784 -604 437 -497 94 660 756 -451 482 -417 559 955 -1079 -75 1102 -475 -310 -1203 -710 187 -1381 -1228 592 -1805 -1142 172 -153 -338 -1252 -78 727 1448 501 1032 -445 -102 -193 -753 337 -67 529 1018 492 1408 -306 351 592 -1489 -388 747 -760 230 273 -336 195 -217 -1092 113 -425 493 173 177 -798 783 -17 -51 -178 269 -662 -143 -97 314 146 -71 -682 433 -1397 -352 -247 -604 -517 -894 132 -343 414 51 352 1077 1665 417 -122 126 676 -1582 862 765 -1039 727 -447 -1035 711 112 1911 -816 809 -670 701 -289 -467 434 1119 1504 -1131 -482 -1092 -190 52 -327 -172 1046 -27 -425 723 808 -728 551 -696 1110 -332 -224 -129 -1728 810 -247 -527 -486 252 670 -69 615 1308 514 -251 -518 500 537 -604 252 -220 -838 -213 853 90 -562 -754 63 -774 256 -872 -69 653 -1043 -188 301 -375 5 -485 410 -136 862 762 765 48 -167 921 309 1185 298 -584 -640 -308 -909 396 -240 580 187 -784 -5 1028 -352 -387 -167 -1078 319 585 354 -267 472 803 522 55 866 786 -338 -158 1440 -398 -183 -543 448 -1139 -453 -156 964 -171 272 856 688 -74 -796 131 558 -794 -785 -265 -207 -435 -1224 -374 -107 1027 554
455 1020 -517 -978 -1018 -782 -30 -425 703 81 -518 -684 -1084 615 -1097 474 -169 -1299 329 -601 -390 -322 -454 -967 -1093 48 -820 90 -274 -667 -275 -113 -1306 -856 -2006 1055 987 -162 -1312 -260 -714 -987 -341 430 -258 -88 -25 261 529 -612 1196 -878 372 771 -314 219 -422 1092 -293 1069 -29 1066 385 909 -403 -961 473 -931 319 393 -388 -1119 -630 -294 512 473 -695 180 170 -228 35 -1361 488 -495 -139 636 701 1293 -726 1666 -585 717 -662 665 1781 -1227 579 730 448 -825 106 -486 -415 661 -914 -1403 211 -2339 -514 345 656 458 -99 -1224 311 -462 -1600 -841 70 1060 -413 104 959 -140 364 42 693 220 -567 -1202 -231 -136 678 -587 -654 -1175 -2 431 -97 -494 582 89 938 1037 330 -78 471 449 314 819 86 -630 6 596 -1444 223 -725 -318 173 881 -194 348 1095 479 743 -43 -9 92 -518 597 280 985 -778 631 -526 1123 1757 152 1118 -1924 328 -322 -1462 345 925 646 -309 841 -137 621 1405 1017 1154 621 631 163 838 -465 580 294 828 -391 -64 -1029 15 99 -265 1219 1675 175 -2 66 -786 696 0 838 1328 -577 302 -1733 -784 69 -364 794 -1461 -45 -734 556 -41 315 555 -2040 627 802 157 461 516 -1595 442 -802 -388 244 -849 179 544 -198 -133 181 -56 426 -587 -692 -678 -227 147 -437 947 -359 -656 -1227 1288 -1300 92 -344 -1119 -230 -348 -621 -224 386 -89 1280 -911 839 405 -658 644 -41 386 -552 -1042 -184 -642 1125 -839 -4 985 222 -1177 723 384 -926 -179 407 835 -24 -1302 -541 -59 -880 211 -733 -1399 949 916 -1040 32 -68 1159 1417 975 -1220 -510 -998 667 468 -1395 1100 1536 -426 -324 960 435 812 384 416 240 -122 840 1282 201 -792 -1411 -191 -1090 752 -972 -364 -180 253 -790 -190 459 -139 -1060 1056 531 1363 -367 -62 -628 -780 57 917 975 586 -68 -160 681 -177 -829 1704 390 -287 112 647 1546 663 -778 -688 -678 -770 508 -545 -795 242 624 -37 -661 -162 534 2180 151 -1068 22 -5 -449 438 472 2157 494 805 -766 484 -158 665 -33 1293 -271 1009
-498 -704 -1853 1193 -804 -250 -1064 -450 1154 1052 -391 -402 56 552 -276 -336 -639 -751 -894 -297 124 -556 -812 499 -577 1970 834 180 -896 -1416 1068 -672 -22 382 498 -202 370 -757 226 -670 -982 353 283 -455 -129 -1103 -350 -622 628 193 792 774 -1062 -210 -163 694 749 -972 -345 1011 124 -241 -1000 256 272 83 -112 -692 -330 1351 -751 807 -115 1063 -1092 -548 160 946 656 -958 -94 -823 461 -402 800 -1274 -1528 -1076 190 -761 1383 -1000 142 927 1247 -479 -535 -650 855 -1092 -1049 -971 593 -260 -305 -476 363 69 -35 943 -372 -648 753 -217 173 55 226 916 8 -693 -1489 -1015 -455 572 95 114 1041 693 -501 -554 -1603 1546 -405 -512 -378 668 -903 957 -1202 704 350 222 323 -289 31 473 -903 216 -114 -620 -706 633 711 689 -420 1395 -2042 582 339 -360 182 106 -539 870 -8 -775 -1039 45 -996 102 -48 -255 870 232 -17 -121 -163 -51 495 -502 299 -653 156 17 -782 547 -1479 1484 109 504 -971 -326 -1198 -278 257 300 154 139 -1104 1431 25 862 807 -87 202 726 915 1722 -1606 1780 -141 59 216 854 -811 203 387 903 158 -499 -487 -601 540 1426 201 1015 -350 -706 -459 93 213 -287 98 -546 -417 -1594 -2022 371 -160 -340 -213 1149 -355 325 367 1014 119 978 481 864 -2168 1089 -547 84 235 -773 -84 -691 870 174 282 1190 15 -1493 -966 -842 -935 634 -206 551 -112 55 780 271 290 1 401 926 471 287 -108 -386 -819 -484 765 -397 -907 -492 457 541 31 -19 -884 240 -202 -165 -1430 604 1348 1449 -950 964 -933 -922 317 625 447 421 -648 -670 2059 271 -837 67 -1167 -524 433 292 -1166 177 565 491 263 -583 89 -521 152 -863 -1281 -127 525 110 -606 235 156 -694 -1046 -133 282 894 -222 849 539 -672 -204 580 906 -651 238 289 349 -84 45 -1359 -633 -248 -933 144 1016 -821 -400 50 1054 -201 287 226 11 -625 264 4 337 587 542 -1011 1585 114 1092 -556 775 -364 105 906 79 -451 119 -545 -369 -184 1331 64 -1588 216 368 585 259 1496 779 303 61 443
-560 -112 -1530 -221 -1262 66 -453 -1575 -702 374 -71 -403 494 -209 -1020 -187 1096 -1422 -710 429 53 677 -332 637 400 -568 779 539 -477 -63 -316 1572 -201 582 455 137 634 197 -707 -2944 -800 -1018 -61 -589 -556 -1843 -410 546 -217 77 315 -159 -132 -355 329 -380 -130 -798 -1567 1334 -495 677 332 -193 -967 -81 -62 -739 620 -234 334 -388 -414 -993 -789 -224 254 -1306 138 -701 -1080 -291 -129 140 -282 487 -481 282 -773 -967 146 932 -544 -557 80 -109 -901 1118 499 -5 1025 -1720 145 -771 -15 -769 -51 276 292 -326 -48 161 -626 -1163 -538 -139 -10 135 -1175 -1369 384 664 492 575 2247 -777 511 681 216 -37 267 38 -325 61 -361 199 179 675 410 -732 383 48 -159 77 1100 174 440 482 773 -682 893 -422 32 232 -81 788 -596 -579 -483 -825 -859 -637 494 198 -981 -897 222 -126 162 -100 898 1404 1211 -947 -366 -1574 -277 -55 -249 80 198 -405 -913 -625 203 -926 -602 72 -728 -69 -114 636 83 836 1382 -24 550 -454 1517 1007 -588 -170 152 -826 -546 42 -82 467 -63 585 1348 1223 679 -495 -858 790 626 -504 228 -713 -2252 538 -10 419 -1268 7 738 -482 840 473 782 508 -428 -726 -415 -890 -1059 613 -361 147 192 -434 -548 44 297 -572 937 827 -256 164 -403 -1008 935 477 842 -7 1096 -429 996 195 533 58 1125 -934 219 -346 568 -257 101 688 159 -33 -620 452 452 -278 -601 213 -459 675 -57 -512 -311 -818 789 665 50 221 -224 518 268 869 -644 -1097 -480 496 531 -1032 173 1243 -374 -1502 -134 -65 -377 -59 401 1322 -180 -392 704 -738 1140 290 -796 345 -861 1469 613 -693 -154 -1421 -94 1215 -811 210 -828 314 837 -478 797 1029 1089 393 -438 -1402 -766 -903 -558 1701 -1345 357 153 -588 -2 1050 -457 288 207 558 -253 -499 1018 473 -192 827 698 35 -707 -275 392 734 -343 -979 -331 -658 289 12 178 447 -664 -110 -454 -102 -102 10 -42 -1514 -387 24 -783 270 520 -1247 1507 -120 99 -112 1472 675 118 -374 1718 337 966 -44 -260 618 -609 -1556
1698 -626 79 56 -755 -324 -1129 -1267 -366 -124 -80 118 387 -760 429 442 671 614 284 152 423 -888 396 -75 -262 865 570 326 -1319 -373 64 -728 -284 117 204 346 387 -1119 -878 -689 -255 173 -379 -822 1510 511 -1215 -726 629 -206 -41 1414 -80 -1034 919 1097 914 774 -88 -203 -986 -6 1131 -312 -913 621 710 -26 -619 378 792 1020 -26 1016 -557 -385 -544 504 -554 471 380 -213 453 -354 1364 -661 -438 471 -239 174 -619 -1318 500 -994 -289 -783 -633 -645 -1115 520 581 -340 -53 -1288 -571 -43 -1672 986 -138 1095 309 482 -80 592 -71 504 -1525 269 745 163 146 -890 1023 -635 593 -196 310 -127 60 -242 538 582 -60 143 241 1251 -180 897 1416 -434 -133 471 466 -161 -174 64 -1005 -695 -341 177 76 706 -36 -747 -66 -962 -325 -745 -656 27 502 -212 148 -946 269 114 -436 -1288 1330 255 1254 -438 -1024 -755 -931 -418 302 -223 360 1139 -607 -57 172 -299 -734 228 320 1192 185 -312 -96 -354 -379 87 -2027 442 491 -603 325 -1358 682 521 1365 -503 319 158 1447 -221 891 -1328 228 -664 191 381 -238 -138 126 -14 -511 1308 1090 -2261 -868 -882 -479 -46 705 526 154 -97 647 -332 339 -542 338 -148 -6 1057 -5 438 -913 267 53 -196 71 -56 286 79 -269 430 848 -150 204 296 534 24 -1089 206 841 478 662 915 96 -32 1712 -478 416 572 -779 138 517 -818 366 1524 -339 -1766 -275 -1026 690 -866 -404 593 559 -733 -391 59 465 368 -1450 -347 1139 1091 391 -1596 919 470 -564 -286 210 795 -158 597 1055 995 181 992 73 1327 164 418 -435 -883 -307 -267 233 241 -65 1246 -235 781 478 -1180 532 -545 -285 -338 250 1614 374 -569 1142 -682 228 101 -198 1268 71 -1020 1533 -648 653 262 -361 -285 482 813 442 1645 -281 -412 519 394 -1155 66 1031 1241 -88 138 301 1220 553 -373 -194 -1034 -783 -123 -773 589 -1029 40 -1 -608 -1458 76 1256 651 -94 -62 239 -192 -333 -1239 -342 -225 -909 -1593 -387 77 831 -1228 33 -162 837 -438 -898 -1074 -1870 1459 1417 189
-393 -428 -317 1304 -107 -592 2191 -652 -440 998 -719 14 -193 -211 1087 1093 -553 -710 -814 298 -252 -934 -211 -1287 -651 304 -120 -619 1078 1136 -494 -290 -603 -67 -1685 -290 -1906 180 865 2369 823 -1585 451 -1392 -471 271 -255 -537 -209 -311 -345 -269 -396 -427 427 848 -489 1054 755 149 272 -296 1448 290 209 -780 801 321 519 -374 1203 1140 509 151 -571 1521 696 -195 1125 273 633 -711 691 -210 76 -767 419 43 417 -809 161 -606 1103 143 -1040 -516 -292 -1193 -484 -780 -1002 -1162 286 186 314 1264 -338 -69 -2 723 -765 -806 148 1050 21 -185 -1164 -806 -1951 14 606 -374 -663 -816 -1103 -270 -781 1017 -459 477 363 748 -462 935 -80 718 89 -269 833 654 -26 602 204 -468 -822 458 571 -60 318 -570 539 -1100 -1561 301 257 -24 -119 -1012 274 300 -1282 -194 287 -18 813 567 -458 -309 26 1141 150 209 -268 161 -889 144 325 903 287 -488 -216 1489 -297 339 -813 411 -1264 -657 -317 -526 730 -341 -739 416 -572 -251 40 519 -1082 631 -662 -930 729 -259 193 543 -366 -126 482 -221 -816 11 -839 681 -521 -1402 -970 731 -422 -330 903 -1163 1383 1395 -1165 803 -928 -710 534 566 1405 -856 -571 -109 -116 695 139 653 -353 -690 -1187 -789 487 -625 -216 -492 1443 552 -728 628 -168 471 -809 -1390 -1426 444 -578 140 -93 -36 -366 -441 -440 830 645 -212 -485 334 403 476 -1127 -709 119 34 56 -250 83 1635 623 385 -268 1653 374 -1175 109 -99 -1672 558 -675 700 653 -391 429 -531 15 -3 341 -121 -731 -976 1165 -1074 1776 467 584 652 247 610 277 1324 992 -508 124 -322 467 378 64 -587 -1152 -613 -656 -1859 528 43 -551 115 577 -34 -860 -247 -22 -497 275 -479 1060 888 -167 -400 -560 -2282 1067 -117 1094 -728 1354 157 679 -320 592 103 578 429 649 807 -581 -99 -16 -527 -750 -748 -5 306 1940 -302 765 767 -636 -372 -339 -1150 530 -266 1094 440 1322 1023 259 960 -224 -350 0 -204 86 -1317 297 468 -159 202 -786 221 -1359 -553 1052 -808 -1940 1128 2200 1517 -492 -665
-977 1191 345 -964 784 1123 -836 5 -815 -1590 25 1050 -137 1062 -355 154 1029 309 609 325 916 1751 309 -431 -538 -671 367 167 229 -195 187 905 345 -485 345 442 482 -1139 -178 -87 -737 249 -690 -1039 -445 44 -526 991 -133 -492 -539 74 -186 731 -954 -848 409 96 384 159 337 -709 -153 -217 1285 -1213 -487 -763 988 760 1269 573 589 595 713 -646 -91 902 112 -1818 -829 508 410 -419 -966 -717 20 -975 350 307 -46 502 -762 393 -1820 131 490 327 578 78 -398 474 -237 1010 -773 864 125 -638 -1778 -136 732 -289 -405 -607 -2407 469 -1426 -601 238 105 -890 -414 557 967 -1021 -731 1119 -50 -220 -420 -567 427 -516 -67 587 -735 305 -254 806 -363 -122 1325 -728 1212 1385 -17 317 -265 1024 -1190 -76 650 293 585 417 -386 235 324 -92 -106 47 -468 568 -497 625 -676 -408 235 30 856 1446 364 -874 -89 803 25 -906 632 -427 1016 -621 -354 -1515 459 -618 -896 -420 -686 -286 350 -54 -957 -512 85 -238 -306 -330 -535 1415 499 1329 -125 857 -294 177 -721 -794 228 322 -694 145 389 -46 -734 268 -326 -143 -484 -1982 473 -529 355 -1830 -580 -1037 150 431 -325 -418 -45 1019 314 528 -533 160 -492 -537 411 -841 -85 349 -146 551 -337 -327 -783 -46 -110 1130 57 -233 579 -535 322 113 -247 580 -2391 102 -32 383 -452 -2044 -38 569 117 379 780 -362 -722 1074 479 52 1223 -680 -391 -1303 691 -331 31 -189 514 11 -354 -601 460 1083 553 229 -988 -40 528 111 561 -270 -155 -933 -310 -182 -1975 383 -34 -296 679 -1030 49 -703 498 -595 386 -1099 -639 1644 -614 -765 -661 -1223 -557 312 956 -946 799 1113 824 -324 267 -772 576 574 -294 1930 -925 449 921 -960 88 -18 354 -455 -207 329 741 -52 -242 -306 -832 -676 -329 -1439 190 -79 -577 -333 -958 -48 587 -685 1132 -600 1632 897 -319 1292 -1693 157 -1426 -512 1420 213 -26 1227 1144 320 -878 -1241 526 -562 734 177 -287 80 -944 1576 -86 -64 -450 -490 643 630 1379 -70 -1088 -1023 -663 -396 606 -610 -427 336 283
422 -263 4 -256 39 296 -538 -325 1323 1034 537 -1009 795 -43 -401 -522 1346 -758 589 700 -448 -599 -921 514 -733 480 -1327 1332 396 -155 -282 1138 -32 393 -1007 -204 406 38 557 -1057 1133 491 719 938 -237 -958 -665 -423 1681 -1205 -369 -243 -1025 -462 -1093 724 -671 -620 550 -38 -643 151 -247 -1047 1076 -493 -435 1021 -179 515 -1536 -712 -348 -69 -1813 -216 -1166 -555 -1088 -1670 545 412 -1116 -308 -409 -799 672 -207 11 -794 -76 2506 -1101 274 906 -248 -633 -847 -293 -91 -546 1279 -536 893 32 394 -501 -127 -802 -620 -170 -791 -1194 -724 566 -117 307 1366 110 347 -517 487 315 -823 219 -832 1927 68 286 684 -154 -162 716 -1513 -1193 -11 -45 204 341 -598 453 -472 -517 263 1196 -998 -1533 -161 -877 -1315 -1091 60 478 383 -946 -161 -1667 -1276 -407 80 1198 347 386 500 -409 1657 -1484 139 -353 -701 381 -400 -1361 -206 401 290 -626 -901 -189 -662 91 41 -643 1807 -637 544 -308 -320 -75 220 -554 625 -798 535 1018 -686 67 301 -845 -1275 913 -759 -261 98 -799 160 200 112 364 -11 245 -208 2023 8 46 618 -225 1439 -736 -259 -716 240 355 312 -949 -660 469 370 470 -571 -365 -1489 -360 -1183 -499 -217 23 -364 -34 -996 -1491 821 387 479 846 -1231 -436 -167 -906 -1324 -1013 330 721 -841 -445 -1781 638 -613 -1121 814 -1276 775 -453 172 -1204 -882 595 226 -941 -232 142 -895 633 -180 -529 -751 237 200 -534 -896 1899 273 -103 -152 173 -543 -226 -234 -1551 -495 -335 -778 -194 -588 1013 294 130 -578 -1795 102 -526 -228 560 -75 -640 -729 -698 518 617 -1531 -477 542 -721 -537 40 -1414 -472 -311 1196 138 -444 1129 -1227 -46 -88 306 531 -754 675 1090 304 -295 -1408 -419 268 491 -231 -417 969 415 830 272 -16 -1352 62 415 -767 310 -1260 -1157 25 690 -253 -623 600 547 -207 139 -516 -198 -1123 751 -345 1196 168 1585 157 -94 -1312 1248 119 126 59 -917 628 -665 -341 -715 -347 498 69 -489 734 790 -278 -332 436 -201 -1609 -149 -700 544 -1023 551 -495 -615 324 410 776 -694
959 357 -436 592 -218 -14 -769 613 508 -20 -283 -1202 -69 -180 -408 -449 -197 -1129 1384 850 452 819 -268 421 53 578 -1462 80 215 -301 539 -560 3 -421 -743 824 56 -500 404 756 -433 65 1143 342 -460 1274 211 1631 -421 -610 -467 -527 -398 -144 788 438 1743 -1494 -153 -1193 1 1650 -20 1246 1035 511 236 -41 -479 -639 -880 491 787 1275 94 -502 9 807 -132 -1037 814 129 -74 -70 -897 56 -544 262 -884 129 24 805 -1436 -569 558 -100 1157 -449 1460 362 -196 -1464 -789 618 701 -1634 1560 122 1168 421 -704 32 -392 217 -493 750 -156 -372 769 418 -582 -614 900 166 228 -483 1848 -182 293 -1900 -719 -295 715 -709 -608 1212 1736 -169 -575 -413 168 1305 160 637 1416 -808 457 -809 107 525 -701 -265 -838 746 44 -325 -1503 1052 -619 1924 -890 -944 1131 363 550 655 -449 1216 181 -547 97 -672 90 -55 862 -125 720 -158 781 -482 2158 1069 -9 169 -1517 516 553 584 -1339 153 1207 1851 -833 -640 -503 -848 1376 1130 -242 -977 -328 -590 -2158 -114 615 426 -1157 -487 -29 370 172 -757 341 -127 -376 629 470 1455 1064 174 -630 -1407 29 1011 773 323 1043 1196 -612 -135 289 -179 1131 933 137 615 -264 -492 438 -257 849 -253 -291 -379 464 312 -283 511 -122 519 -15 479 -492 669 -1013 -821 565 -1028 528 -861 -241 -482 310 1138 612 -1087 -753 -246 -21 -54 374 298 -521 -920 39 -643 794 -1860 114 178 -1262 650 610 10 1445 -136 -258 -520 -102 455 232 118 -106 21 -341 -42 -816 378 -773 -1576 -309 347 -347 -276 -1036 -1173 -118 658 -458 -425 155 -589 445 -301 -186 474 202 16 -744 34 -202 225 -304 -100 -334 -186 128 -1908 773 73 601 -556 -842 313 18 -565 -291 130 -488 -432 -573 -446 -622 685 -1894 -17 368 -162 -793 -207 -1058 331 341 -1284 -1101 -625 3 145 190 763 -1115 -53 532 -108 434 522 -355 -1768 600 -1316 -1141 1189 -49 773 338 -173 -566 -756 486 814 1460 995 -27 125 1304 -317 888 -469 -128 -396 861 393 553 -746 793 82 839 -900 -589 -1452
-24 -632 -226 207 -641 -467 -7 -205 -718 -1369 648 -73 1134 127 198 1272 -1243 460 -910 -68 -163 125 868 1627 95 -134 -380 -1119 1032 987 -1044 -1439 -593 -26 1014 -577 -129 178 535 -283 1007 -183 14 -1557 167 500 541 998 253 871 -34 -378 321 -14 1405 -1024 520 -142 603 -519 -18 -227 -1110 -239 -500 102 958 -1027 67 675 763 -89 -131 -500 1153 -442 -173 -1132 837 -301 -433 450 38 352 838 1054 -302 -65 300 -1028 33 -1300 71 -124 -300 576 1099 -492 -1187 -61 327 -886 588 -1006 -773 305 -1437 -570 -1045 -42 -56 774 -1586 378 235 1271 -101 -519 -549 -269 -224 -895 -334 -319 -1138 -567 -184 -341 -479 742 39 -794 901 1257 -172 -209 934 973 513 -213 589 -480 437 38 330 -133 61 752 140 63 138 391 1665 1652 986 -91 -651 -1666 810 -207 921 -1790 445 -491 -141 -519 -244 800 949 330 -397 268 -403 2201 157 -711 -540 -1462 -1124 534 -1479 -196 -712 -849 233 -652 -714 -722 -464 440 -1148 -1048 -378 147 116 267 727 -218 -986 -289 -1030 -1140 -343 -118 -35 -1032 -651 890 10 43 -384 -294 349 -357 1086 -661 -384 40 -245 176 299 427 -594 344 934 -691 -673 708 136 651 -160 1251 491 -367 357 -435 99 432 -349 -496 1418 -1520 1382 340 -507 -979 25 700 -124 -893 -66 -375 1204 291 -168 1740 456 123 755 761 1387 -853 -1394 471 234 461 264 64 54 -1251 52 551 2552 -271 -481 -829 -1918 -706 288 1282 677 -743 -956 1467 -47 -934 -573 95 1315 -488 -541 2094 -36 817 -742 -144 993 -231 -622 393 465 146 -836 -101 -236 -490 24 -1150 216 -1091 -665 -1503 -139 562 -1946 -247 -298 -1043 -804 190 -945 -446 607 -610 789 -169 -836 -419 -819 -350 877 154 1599 73 364 -926 248 -726 -803 982 -51 1115 944 -971 -462 -693 71 -1285 -918 324 -1218 -1261 -295 1389 -1683 290 1279 -942 -210 502 266 939 -425 244 -960 -1971 400 334 -1016 734 -556 -1861 777 2401 -1305 1132 1272 274 -903 829 -526 -470 270 2144 -616 341 -347 -30 756 437 401 -184 554 -464 709 -292 185 388 381 835
568 -498 -426 1264 704 354 -246 -873 294 525 1251 179 105 1064 -181 533 69 993 -447 666 342 -231 -455 -97 449 -206 726 -505 1706 284 1455 -221 130 -10 -739 366 572 -435 234 380 122 -1062 -108 -411 100 894 -495 555 -275 277 -23 -691 1676 901 274 88 329 543 -605 397 885 80 663 -716 361 76 1056 -544 556 -255 -17 -1138 -98 753 -380 602 1535 115 81 1113 -160 -757 -60 -725 -265 -178 653 531 1309 472 459 -628 -403 921 -40 -451 753 -274 834 -709 -1210 -381 526 691 606 -458 -332 1140 -654 -377 -128 319 803 150 -14 184 385 701 53 -660 -67 -1804 670 173 -295 337 418 -1028 46 -637 534 -348 12 -686 -95 -1063 1307 -61 454 741 -958 383 181 832 11 -171 186 373 -16 206 -2 -57 -273 550 1331 71 34 903 -419 -606 118 679 -577 1026 -706 -333 56 -1152 -309 394 -1305 -236 -13 1133 -424 -559 56 -563 -725 -686 -246 280 762 80 -153 -80 690 -540 212 -214 306 986 44 1195 -78 1037 331 16 -386 1037 -29 18 -55 623 38 392 -88 -365 379 1188 382 314 290 1453 -486 849 -909 899 500 -245 -820 450 -575 -567 -1025 1014 456 193 370 -402 888 1416 -81 598 -145 728 -233 -491 -347 387 1147 353 -20 -707 527 480 156 558 479 1298 -105 -54 244 674 386 -391 -715 1221 -36 86 -1421 -1124 -61 583 1251 22 202 -583 -583 1359 290 -813 500 923 -321 -531 -429 1584 -481 -616 -635 128 638 -1021 373 542 -967 -2195 239 509 -184 -395 250 175 315 -314 11 -600 811 -585 -179 716 1741 -280 -729 197 -585 968 -458 522 -471 704 -388 790 674 472 -258 694 -540 -357 27 -550 443 52 529 -402 -119 564 -454 -16 501 1672 -106 -360 482 233 469 -129 -16 31 -301 -246 654 -544 738 784 388 104 1295 -1049 -832 1198 1013 649 970 267 725 -813 225 -866 1457 595 574 1244 1468 909 -583 104 559 -682 -334 -920 -189 770 384 -36 215 -565 730 -648 312 38 289 -1107 273 -217 -139 1036 -775 -223 -360 356 -892 352 1457 1166 156 739 -1217 658
-86 1541 1418 489 142 1831 -1331 712 -171 295 -794 -74 -30 1271 531 -533 -1161 1343 480 1875 -134 979 -239 -1495 1307 -31 -954 180 1039 220 50 -624 -42 281 339 1566 -702 256 -627 -634 -612 -1575 -850 2059 -238 853 1295 -407 -545 -802 456 -600 -322 -606 -1919 -846 215 163 692 -1544 112 -625 1468 314 425 1614 812 1429 1 255 -825 -93 819 -92 1254 -193 999 1910 73 237 -1357 -1260 276 -396 -1087 -1034 1164 123 192 586 -339 -103 454 -802 -1087 356 604 1329 37 -166 -251 -967 842 -1244 -934 928 1853 1575 303 129 -317 -953 -380 10 -326 233 1840 -1251 -9 90 -287 -165 15 693 287 273 -724 854 524 1396 450 841 -538 265 -736 78 1100 -439 570 68 343 -1230 -496 662 30 -512 -521 -21 -997 -936 251 -687 188 -540 525 -825 218 227 -1642 342 775 1012 160 -326 -115 1300 -444 -805 566 -100 -205 1146 -886 487 1601 -190 -244 -837 -685 514 -99 1055 -186 -188 333 -1719 -110 700 -1297 315 1043 639 122 -485 -1874 210 -54 -884 -1599 164 955 -256 -230 -621 -572 599 -1282 -750 -2858 -188 404 -467 1174 -357 -741 1212 -464 463 422 682 -1238 -264 -698 -822 555 699 519 927 -330 -292 147 -466 -259 -786 -478 1102 -211 1252 -38 1323 -538 -540 -98 -807 -1841 -298 575 -257 -446 1904 715 605 166 -876 -567 1442 -1225 -579 -1406 180 -553 430 -370 315 225 749 -348 -511 325 1613 1361 -562 327 -643 580 321 1250 -447 -1199 -580 -787 476 -571 307 -927 -108 -490 -118 -347 -354 -918 611 818 1098 -529 -1556 248 743 -656 -409 287 154 1648 913 59 28 160 -94 294 -769 -135 904 601 800 -53 -433 920 -763 -379 -914 341 1423 -919 1656 387 910 -501 -860 388 -1058 439 943 1485 133 293 1224 -498 -27 -546 -1535 -599 -1108 -130 -171 -475 -514 -286 976 851 54 769 -203 9 -1021 701 76 -1369 1110 -1431 -1084 236 37 -184 -324 591 -767 -298 -265 403 -503 -908 -777 -792 607 181 -220 368 346 922 -309 279 -489 478 380 1675 -401 233 -461 -1409 -904 -551 -1198 338 165 32 671 2119 -684 -1436 -252
502 -564 152 393 178 -532 -1217 78 490 -530 729 -29 259 125 -59 484 -68 -32 1390 74 198 783 -222 380 244 170 480 -802 -857 159 619 742 1531 -600 95 -178 17 -202 -268 676 -1566 409 -38 257 -347 238 -1077 -842 558 518 878 409 -343 319 163 62 818 -324 514 -544 -135 511 804 -1214 -243 -208 958 405 -151 565 1133 -648 -137 757 -188 -173 599 23 479 11 537 298 -1375 -1411 500 -24 78 -259 -715 -435 -1014 338 309 -659 223 53 -238 544 76 230 -559 1058 926 -507 -451 -279 -112 274 -227 -172 -931 -1351 -525 807 -531 37 -974 -345 -1769 -102 -526 844 1302 1115 -247 48 -1063 429 205 610 -721 -1669 -114 -780 102 -316 -437 248 -42 327 566 610 -896 830 826 362 996 251 293 -743 1187 75 -519 1153 1321 150 310 -254 -18 52 871 14 -58 371 -97 -868 1333 470 669 -49 -1711 -55 638 -499 -964 447 -514 -576 -88 -1714 -487 216 -319 -1299 -890 622 740 -1788 -83 870 -600 -112 -460 -299 377 878 -782 -305 -66 149 839 -3 -302 73 445 500 370 330 -532 -786 600 579 10 -383 -271 1722 635 -174 -597 203 -248 -341 -91 -614 -552 194 112 964 -744 267 -175 1918 343 -746 846 -368 800 1036 131 -414 -122 458 -710 -781 1281 -968 1118 -1575 360 -563 -280 532 1311 -1261 1218 -914 -294 -722 -89 900 1077 754 53 -301 483 -257 953 -990 188 686 543 1277 -1093 1918 -405 -495 -288 -707 -671 -23 879 783 -379 -1244 299 309 -493 1644 -916 479 -932 -675 900 2223 -196 793 303 -70 -748 1498 771 1031 -216 582 -522 -145 -793 170 -529 -198 -756 -355 744 956 92 160 1980 1249 -85 -1031 -138 -546 -608 426 -707 -754 1458 -1087 363 733 587 1067 272 -323 60 791 -423 -465 -1322 144 -805 339 916 51 1030 159 -1004 -497 106 530 467 -188 -944 -634 605 -1016 -35 793 -555 429 -179 -824 522 939 -625 -706 978 663 -524 1236 -828 -1014 240 -704 -781 861 -182 666 -815 -1120 628 -449 664 -300 -640 1620 358 150 767 1060 1193 295 17 -250 -100 214 279 1626 723 319
426 1732 233 -402 -533 -512 296 914 -83 1392 437 23 549 -626 -1729 909 85 209 287 595 -264 370 -480 -111 -469 244 1678 -1772 -201 1683 77 -1264 855 1286 -197 480 -1979 516 -274 346 78 -1781 1886 -1234 0 312 -500 -810 89 135 -101 106 -182 161 -1397 607 521 662 418 -1735 272 -605 -258 -217 -121 674 -232 -380 770 693 -607 -1355 -274 460 890 -1702 725 455 -1543 99 649 -476 1260 1026 -1219 -510 -943 7 -1056 326 250 841 -195 293 1566 1092 -686 210 407 -552 -367 -740 530 61 -491 -429 -93 1694 581 -160 -792 241 255 -402 -735 666 196 -568 833 -556 -423 -926 1373 246 1083 -605 498 93 511 -72 -153 327 -1132 -158 -688 611 55 1257 -361 1187 1257 -444 524 -204 1394 612 -664 203 287 -19 -643 -463 -1374 -413 1040 -464 1 -866 -489 121 -45 1033 -1267 121 147 1179 -338 -565 -351 -74 236 626 -1120 -311 -82 289 626 -613 -42 -755 -76 1315 -350 -372 -809 -761 1496 -542 -1122 183 659 -258 1051 1437 127 75 -428 -90 -1189 504 1405 783 -744 -300 1189 -15 -979 196 -29 -1444 356 -864 -215 125 -27 -293 -531 870 -244 1610 -339 -1450 633 -615 -513 -768 1292 -87 -174 65 593 524 -4 980 910 575 416 898 503 1054 -490 581 204 -842 -453 474 131 -291 -515 1493 729 631 626 -912 -789 -1612 -535 700 -541 321 350 -17 -881 -9 -129 465 -553 150 1448 186 836 -407 -792 -526 -494 507 922 1133 249 191 -688 1809 2040 873 30 312 -237 194 599 -303 384 186 -51 -950 -320 54 952 -554 284 -1262 1712 -479 1323 -588 -426 -70 1012 -520 -495 -167 -1099 -222 792 253 -687 193 -554 -467 117 -326 -770 -988 660 488 166 918 -1582 974 -17 -1353 -295 877 1014 26 -1858 -56 -254 121 -54 -494 -387 -1705 -668 -222 4 -991 871 -1023 -475 491 -425 743 -638 813 774 219 532 -106 -396 272 255 -1310 -486 923 -94 -1008 426 -1242 808 1067 -282 600 356 -617 -456 -542 -394 871 710 -653 911 440 -326 519 -1227 -399 -146 -170 887 715 -1338 -1062 1092 -144 -257 -520 -93 470 -435 1051
-1136 1832 72 -1123 54 288 1656 769 1136 -768 -819 -447 -524 -588 -1159 -859 1137 -458 1260 100 -1244 -407 -110 -95 -1134 -1620 720 -296 1059 180 477 1156 278 -714 364 269 -1030 -867 -1107 -1278 -597 975 1363 117 -334 200 613 442 542 746 80 -432 356 1233 -271 -125 -284 287 879 362 -63 -816 230 88 -263 145 1647 741 371 -858 1501 139 1453 -730 954 485 47 67 -2249 -1939 870 712 401 -622 785 -192 356 -563 -142 297 -72 2335 -638 424 -867 -1259 -975 -1298 -282 953 318 1714 -653 991 136 98 334 820 -714 -793 -1896 584 -1244 48 -256 -1091 -280 -964 -194 -1178 1066 -60 844 -99 687 779 -392 279 -80 300 902 397 -280 889 -254 178 957 -2 282 -815 -241 130 -1155 690 -400 -56 509 -1059 -543 -94 -309 -97 -580 1239 713 -1644 256 447 -467 -687 -58 -203 -537 712 1110 130 -957 -1100 702 431 1167 552 -159 -267 -284 -439 679 709 -1608 822 -175 -423 -404 104 760 103 528 -757 -1265 -599 -893 967 -713 470 -93 578 -1850 -764 44 -1084 98 320 780 700 -444 79 -1006 -1230 720 -942 723 893 -598 -696 821 246 341 -526 -81 676 -1154 -767 -1526 -1316 285 104 486 -280 -1063 -676 429 108 252 -1249 508 -648 -455 179 915 -637 89 -1544 2036 -638 478 46 1129 461 852 1504 -82 669 -1208 444 638 -577 512 654 -713 -1184 299 673 222 -1136 -29 433 -274 -219 -1437 -1027 285 -492 -719 -947 -663 -1031 989 183 5 -816 397 189 214 -389 215 651 -1734 41 219 619 188 -23 -1817 -133 429 605 -150 -510 -701 641 -568 -1708 555 849 -722 -782 -1552 1165 441 -920 432 604 -172 -526 1239 -422 -176 -1273 164 -444 -450 -204 -342 -529 -797 665 1452 77 1054 -606 -870 394 -499 -1366 -608 127 1432 922 1454 -1410 437 -539 2196 1168 -132 -616 -1344 451 -75 349 1910 1277 -1328 -440 1112 752 -169 -928 -1767 -633 -293 -727 564 1877 -624 9 780 496 -280 114 -130 -516 -729 -485 8 118 -332 521 444 -1295 -47 -1415 1170 224 -1051 -77 597 1194 -620 1090 -327 108 -735 -1852 4 -1701 -1434 214 -241 570
724 -3 1881 -336 403 268 1353 -34 -587 -1266 785 -1117 -133 -857 -614 -133 110 1022 640 -291 -773 207 -446 -309 1417 450 -1578 -507 757 -286 906 -168 -139 -799 -771 -847 -425 821 -1316 -331 908 -997 -511 -1028 -532 1161 -850 687 -723 -340 256 -30 1029 -189 474 248 458 610 864 -996 884 1306 579 751 609 663 295 647 292 125 264 865 422 -515 271 -422 352 429 624 -389 -58 -1213 -95 -351 1872 568 222 -548 -181 -587 -136 -1523 331 516 826 957 591 716 92 -361 -174 -579 648 -63 770 -906 -348 -67 -151 52 398 1287 -1458 -440 -506 -163 -1205 -1219 -22 1130 -1382 -970 75 1218 -1383 743 -555 1165 -551 -200 1015 158 1192 -107 -173 -376 559 -749 716 -260 -9 84 -314 287 218 -19 -405 -1363 800 989 678 512 404 -510 1098 110 -2455 1163 -314 -55 100 -89 1672 939 -324 -202 686 226 -1049 -490 127 535 -1051 1078 -209 811 1479 -865 -215 -267 409 205 141 236 896 -909 599 507 570 -1860 887 476 120 -13 -244 309 -425 485 306 -836 -510 -471 225 916 968 -227 -830 431 -10 -663 191 663 -466 351 -265 1580 260 202 -865 955 -173 -1233 -442 -1503 -715 1940 -973 152 249 338 -511 538 -49 183 246 -639 602 -189 -508 135 994 -172 525 1066 89 -381 378 101 888 -579 -816 216 1111 183 213 580 -981 530 -380 524 -983 -1553 -355 -102 2045 450 -75 -218 -814 -1059 83 1175 193 1448 1055 834 680 -115 494 -32 -1316 -309 485 -127 -70 972 -75 437 114 597 -272 578 723 230 558 563 62 -833 654 870 777 855 -572 293 -489 -279 393 1537 -587 469 -1496 -459 -654 364 -486 -926 -206 -250 -1531 -544 522 -356 174 75 409 -92 172 352 -337 -1137 1266 -311 1007 797 56 -24 30 -671 -588 -155 501 1010 349 -530 -1152 772 -115 2469 678 -1225 -2436 520 -92 832 49 -913 -1210 32 -806 369 -89 395 1115 941 271 -1633 279 -42 -549 -292 597 -721 -1241 1201 589 -31 -656 -183 400 135 -150 230 627 -1035 -460 217 -371 -279 -370 859 845 -1901 365 -716 -812 1185 -876 -449 -460 -76
-1558 828 -679 -607 197 -1096 -932 493 -407 -404 -316 1420 -156 -940 992 -750 -682 137 522 -47 200 503 725 -197 -1308 -658 -175 -1193 444 149 444 265 428 -1576 1503 -1549 -398 -186 -647 272 113 67 -668 915 -104 371 329 173 -219 570 770 791 146 -438 885 455 -1119 571 -545 1069 -761 874 -1168 -97 347 -47 341 478 693 510 633 -545 409 561 -1049 1134 -716 -11 739 32 -373 -297 -1207 266 -1251 -180 -577 -103 634 -780 501 -146 -624 573 -1114 943 755 -198 -154 -53 1168 726 319 774 -37 -913 367 1272 405 -1161 613 -400 68 -439 -510 921 -327 -258 -242 -327 283 -1077 -835 -180 -578 316 -1396 361 293 -387 -202 -1840 718 1392 786 -1093 147 463 -365 -791 -2326 -175 1660 189 790 82 329 1106 374 -93 78 -975 351 747 -375 10 421 887 850 -1080 -780 -53 -76 -246 514 38 -554 132 -596 1024 -115 483 1095 -861 322 -1221 -353 -1216 584 826 -359 256 1512 1098 702 383 -708 -281 2242 1044 -321 1040 849 -869 712 8 -1038 -846 1037 627 -242 -66 -505 -425 -18 -218 873 -209 723 -353 -588 1290 -989 -1021 -149 -388 256 448 -606 -742 -970 640 452 -824 693 -530 247 1058 -594 -110 -432 -1515 127 -446 668 621 342 -952 -159 -461 -165 -521 -305 -486 -1011 1100 -304 -192 601 505 299 -784 -211 705 1279 914 1206 -691 46 218 181 446 -856 577 -437 1237 -472 134 484 966 -532 -364 -34 302 -18 429 12 854 -399 -458 23 344 -727 269 939 1170 -548 320 -428 807 1101 432 -417 1918 663 -467 -330 297 1366 -348 307 -1260 -295 635 -311 -154 -321 -987 -227 -214 923 582 -203 784 610 -359 -254 1067 11 1704 1139 -995 206 17 338 -126 -99 -133 -454 567 -188 649 -148 -409 -904 228 -663 337 156 666 353 -1218 1503 89 555 683 -601 -626 1552 -282 -375 -472 -846 -849 -1296 -379 509 -1106 459 -750 35 1518 618 -110 -32 -232 -231 -1380 -1282 -226 -19 -324 -295 318 -1011 64 -462 715 746 -78 -1193 390 -1074 -1209 62 1285 -71 -1461 -130 -84 490 2035 -94 1610 -17 -279 221 -309 -879 538
863 411 206 -52 446 397 -660 996 301 -346 1417 -423 203 1046 -1026 344 -135 -829 -585 307 1473 744 42 -253 -303 -498 752 333 -1501 751 -795 -694 -677 -774 166 -499 898 -81 810 698 266 1051 424 -177 1055 117 -707 -1305 -229 -410 -193 -673 -322 509 -1293 317 -1525 -380 212 -251 -1079 316 -130 553 -1023 -912 450 336 966 466 -1324 -882 -295 -677 -1511 779 250 125 -433 148 1181 379 -953 742 -1512 753 -1225 -644 -746 681 778 107 904 36 484 -735 -1122 442 -815 -1049 -805 -493 1793 -337 -796 1147 -1542 -829 -202 -330 -408 859 805 -1033 519 1113 -237 1014 -776 -786 1053 1382 -181 151 -772 566 508 1023 -309 1350 1093 382 49 -524 511 670 58 507 388 -950 -623 -888 -479 -745 1225 694 539 -66 859 715 894 -614 -328 194 265 479 2151 48 1525 -1824 38 -1667 -123 1226 -986 2159 4 -785 106 -342 853 422 127 -602 -967 810 -152 -985 445 -989 -151 364 -122 344 880 1429 183 862 142 809 -420 -1135 -7 -79 -890 274 -1199 -363 719 244 975 821 51 149 255 409 47 861 663 602 589 313 425 -900 -1728 342 145 -268 1072 -479 -347 -451 -634 72 -1148 0 -384 -595 978 313 -567 227 -579 -314 -304 359 167 -77 10 -303 -1377 -156 58 1180 -421 1265 269 981 -665 -730 299 1773 -183 356 -1144 -861 -775 -554 -499 -371 366 524 585 1029 256 431 -296 -345 806 111 -1089 -101 -79 783 -459 -1675 -103 -91 -590 410 588 -1582 -308 194 99 -738 1006 -353 -133 -583 -1101 838 -227 -58 -668 559 -157 -424 232 547 278 -554 592 -558 730 -877 744 -171 -1902 -288 666 -109 -554 -1012 1758 -909 265 -1065 296 95 -477 153 135 279 -775 -734 -1121 192 138 -425 -452 -486 -84 -481 -50 -524 -167 644 -919 1796 199 -935 -220 -236 272 610 -504 390 1155 -609 966 -92 -430 411 197 587 131 -603 -1085 -1537 655 -399 -351 -1311 555 -532 882 -835 -159 316 462 1124 357 510 155 77 -754 -41 -320 -983 -752 1180 -711 287 -54 -1003 1307 921 -281 -808 -20 -2233 311 198 426 135 -265 832 515 -226
776 853 395 752 451 354 -271 496 -104 -213 1316 100 129 896 -443 -501 243 692 -1439 357 268 -614 680 1200 341 -354 245 -137 -1161 91 -1134 -1147 -61 38 -827 -739 -122 239 640 502 139 914 -672 -768 -33 564 -619 430 457 -162 -199 -1218 475 475 -990 1207 473 -1615 -476 -1345 890 -257 1389 1148 205 -297 -708 852 -389 -531 613 235 996 237 -121 396 -173 -65 -161 1206 261 517 129 -456 1460 -319 1230 272 1196 160 342 1840 -667 -350 799 726 -1268 -816 76 -471 657 353 736 -428 -51 560 -343 1037 923 -579 1758 722 690 -528 -1125 1370 748 -331 422 -691 -1296 473 -485 -242 -943 -402 806 -942 560 -622 878 -19 555 498 234 -697 607 488 1297 813 172 -527 -517 -432 823 -378 -146 311 521 284 -1791 379 1206 537 -865 -853 411 -406 -1695 -1059 -82 -306 -108 -429 1236 -70 1597 807 568 50 446 34 -987 259 104 -741 -533 -244 -985 568 52 62 -666 -363 -304 1302 924 -169 259 1617 13 537 -1186 360 -284 1575 -736 227 133 -538 -489 1699 -382 -250 -319 1136 -591 -1365 -945 48 -689 -411 432 -813 77 1774 -66 -126 -224 682 1059 201 -1042 -67 874 197 -467 -2056 -657 374 -15 -470 360 -517 -826 202 -275 -218 -556 478 -1338 162 -528 -409 -698 857 96 -748 -1572 -1350 -164 -73 -679 -117 859 -683 27 -1142 -783 420 -379 -624 -226 -635 184 -951 -368 -802 -1266 96 -97 -776 -568 446 -780 13 -923 -517 -971 190 1264 246 230 855 -403 656 304 -294 19 707 -914 574 -21 -1195 947 -408 507 -802 -494 274 128 707 1165 -910 -369 318 1175 -757 -1283 -500 407 72 417 -536 313 196 727 -1073 -242 211 846 1498 199 -1216 -470 15 208 -137 -97 -590 -390 -360 -581 339 -83 733 -352 127 -925 219 -639 669 -1897 -13 -605 382 1311 -1122 435 331 -503 327 833 34 411 -923 -461 -552 -393 -265 73 -101 106 -490 -638 1623 -58 -154 -421 381 -374 -334 -523 591 -642 -25 5 185 133 208 -449 578 75 1186 551 -665 -240 907 -842 -564 210 -454 257 -816 1072 -254 -200 418 4 -190
246 853 -18 218 1712 599 1605 -1146 -384 376 405 -1038 -141 -1162 -255 881 21 -571 1151 -131 2064 -162 924 -447 -443 674 -231 -227 421 1168 994 960 2393 -388 -478 -683 -939 972 -1037 -301 -260 -1667 -164 -239 1078 -966 476 775 140 38 -116 411 -81 -871 23 641 1306 115 -77 1090 -686 -129 799 -202 -16 698 762 220 -878 -1339 395 343 705 279 318 135 -28 840 -117 -58 -661 -509 199 -410 501 -44 -389 -486 259 1098 -84 1027 637 430 -203 -262 -510 -751 -219 1057 237 -88 -611 1363 1206 482 -123 746 574 -271 733 -790 557 -118 -463 -512 -542 563 -1650 -893 295 -480 814 -485 -544 -215 1611 403 -769 847 417 -165 -717 555 726 650 885 -483 51 -311 1087 1045 350 -804 687 478 1039 170 1383 -724 861 523 196 -729 698 -842 -477 136 -1069 364 -1336 252 -825 587 -316 -357 -1004 316 1824 356 -77 1138 158 983 -183 -967 266 211 -507 -290 -39 400 1047 460 350 1585 -18 -457 381 133 -162 -502 594 1981 -820 -434 961 601 -107 -782 -956 178 614 684 360 -1221 220 604 29 -227 399 776 1272 1 110 -717 2103 1242 -891 982 -587 -40 1542 -456 523 706 -903 792 300 -581 752 1638 152 579 1431 -328 -885 -1303 322 -615 -496 -746 175 -540 284 -1731 594 -981 -28 40 172 1278 175 -1249 3 731 84 434 1020 788 710 -55 -205 -590 417 492 -96 1346 538 -800 440 1725 -1191 -484 536 -251 642 435 -54 66 -1128 1093 -1067 -685 -700 372 -683 -1195 2070 -299 -220 -133 -1063 -1282 -634 -97 -645 250 37 -138 909 -491 811 605 -1641 168 31 956 -308 1544 -625 864 982 -24 385 672 451 -944 15 -1997 -636 -1205 756 -250 376 -282 573 -975 -200 -670 -877 85 -179 20 183 -2 -145 490 -235 -160 -64 -740 730 -1039 193 -706 -56 -530 285 -200 738 361 725 -628 -296 539 245 400 -761 -708 364 -857 -376 -875 319 -655 -36 667 133 319 -328 -466 -1088 110 -241 85 -420 -167 1218 279 450 -1259 495 -504 -140 1363 -537 -791 -34 -888 1075 72 -616 819 -1128 -299 -527 -375 5 182
-378 294 1312 -487 810 -325 931 -89 1080 -1020 -905 27 -225 403 -26 317 -112 595 1129 592 415 1278 -383 -229 1230 -803 -250 719 -384 -1171 351 706 -1410 307 331 -91 142 -84 -371 628 568 -360 -152 460 -219 111 531 486 -490 -304 -200 445 -223 -1052 334 -222 876 -377 157 784 -485 249 -539 1195 303 402 771 -542 1058 -742 -109 59 18 -514 -111 -332 76 1466 247 1320 -771 -933 445 -109 1226 -612 -423 -301 -109 216 -333 -413 189 384 570 -939 -161 -329 72 -1115 -265 -1155 -436 -98 -488 -314 -407 -1233 338 -203 778 500 -587 -8 637 960 -258 -1698 212 151 -1789 265 -824 729 -495 636 -801 440 -147 -1638 201 -105 303 -1631 1272 855 -169 -217 802 -1411 678 1187 -594 -552 -505 1796 -404 632 1191 160 -510 433 885 -436 867 -82 -376 81 467 438 -630 -331 38 453 450 191 -798 147 -121 621 1195 -246 -249 -372 144 425 753 665 523 -822 -1 -61 -10 -873 -504 1519 357 -416 849 -513 -496 -217 517 -150 382 -72 -295 54 410 -1065 53 235 -556 1029 0 1218 -1651 -69 142 779 -386 180 -253 -569 454 -400 367 -54 -822 966 434 -35 -729 -872 697 -890 -69 -696 -291 -316 453 -721 1430 -240 61 1303 799 676 98 -634 726 -326 86 -479 -333 250 -917 -676 -482 -670 -65 -156 -711 -865 -1379 -866 -852 -301 -76 -1336 -962 -677 2837 741 1049 922 -723 1791 28 -1286 -189 1614 1013 -311 25 413 -47 514 303 -2 -664 53 1016 147 -418 1019 420 -1529 183 -1168 760 -529 -1347 -748 -272 107 344 -911 235 -615 -69 -682 334 -39 521 277 -227 226 17 416 -760 -291 365 -947 -763 551 -426 -178 65 -469 -1175 -364 1978 -810 106 652 228 740 0 -810 -42 -452 386 1077 -1052 749 639 22 -282 -633 511 305 -1648 1061 -925 51 458 610 -428 -1055 -952 640 -704 319 220 -326 -1510 -247 677 1423 83 -99 412 -1089 -391 504 -480 626 -1528 101 -1139 1202 -154 1303 -594 -541 -1274 271 100 195 760 657 -725 -341 -650 -2618 -178 657 -350 777 -36 -21 8 1127 159 -100 -692 735 -367 -290
-84 -1057 -209 -14 -1401 2228 1402 -413 398 -782 -250 186 -18 -301 70 -180 366 255 259 361 549 650 1218 780 -292 -558 -2009 -281 -108 -164 1252 -754 823 -502 404 -371 213 -531 1160 -489 -1341 719 -708 756 563 -114 -622 -491 -510 -539 955 -914 -1053 -79 50 107 659 295 -470 203 1344 121 707 147 827 -282 -1489 404 405 -1809 213 -1024 731 1305 -1298 -495 -81 1512 -421 783 -2078 -277 69 -158 771 1497 -977 -50 -154 -1327 644 -63 545 593 880 1309 588 829 1539 -404 438 1094 -396 798 1444 182 155 452 -1599 989 -478 622 283 457 -236 -1019 -1080 1014 309 -416 -329 676 617 26 -391 -304 675 -719 -22 -1573 314 -1119 779 -305 50 293 -785 903 -501 949 136 859 795 200 612 302 -331 -657 946 -85 -1116 457 661 616 300 1061 135 318 -1370 13 -421 -657 -227 590 363 -807 1076 -754 -151 -856 236 -1515 339 -503 149 -833 810 -361 -63 391 1995 403 630 -1151 -1720 587 -629 -562 713 277 -40 48 646 707 -1010 -58 944 832 1233 -413 123 551 680 -294 331 -328 -53 1948 1451 -312 -1571 269 711 999 294 -1749 354 73 257 296 -612 709 52 1226 -1526 1230 -560 117 -112 -34 -398 -37 309 1053 -628 -98 -1905 -869 -1088 560 -32 780 -83 1039 139 645 -226 381 -868 481 521 794 569 518 -275 1798 -970 234 800 882 -416 391 -477 584 -604 -1182 601 -712 -256 467 -280 -321 1188 -343 913 623 -619 1964 101 1179 63 953 -522 -1830 -576 -1296 -65 31 -1174 -366 412 726 694 -188 -54 -264 573 -598 320 -210 -166 633 608 1405 -56 -796 71 1274 -947 1461 -1350 1548 -353 -622 1603 -284 755 -57 -750 811 -261 489 -746 199 -630 -849 485 -518 -1108 971 1255 -49 1203 2 613 1898 261 -792 -675 1319 684 -313 569 -228 1010 123 -1554 -338 112 -357 -1281 156 827 139 -348 -107 -1052 589 287 -191 -13 172 -239 1578 -85 -964 24 -550 1050 824 96 366 584 -455 -992 -201 -520 1359 139 -179 686 -691 -379 492 31 782 334 -385 -869 210 150 -342 149 -409 -100 135 -44 -318 -345 854
-812 -814 -591 -214 -526 705 -1334 -616 -342 912 -813 -1145 295 -624 998 -82 -248 -965 649 892 -351 -43 36 488 -1006 117 -329 344 -158 -666 1221 180 -70 648 -829 398 623 -808 542 -397 -663 3 -1010 -934 235 510 501 1070 644 384 -2227 772 -201 628 -260 -106 -136 88 632 1444 817 -1236 5 1109 990 -303 -532 -261 913 -873 -166 658 368 862 820 134 -1112 1564 1664 968 -727 -367 -799 -345 530 -67 -908 -562 788 -1088 1076 -64 118 -2 -1044 -286 983 -567 314 31 535 -928 -682 -807 -69 471 62 168 656 -831 759 406 18 120 394 545 -1264 207 -47 -434 -262 -444 -539 1017 98 -633 1241 490 591 -1828 257 1123 -4 -505 -250 724 564 571 644 -99 561 809 -849 -51 -1645 138 268 60 -177 -514 381 46 439 1099 447 1376 132 1804 -23 -674 1076 112 -485 -60 707 513 248 -453 180 429 424 -306 684 -180 1480 -2377 695 619 -150 590 327 611 -357 -644 693 -43 -43 -339 -245 -1252 52 -146 -353 -601 -543 728 -438 -533 851 874 -656 765 -527 -179 -1257 -204 77 528 -132 681 195 -621 -358 392 -616 -250 845 977 586 -1314 -919 883 312 -246 61 229 384 891 -480 -1038 987 823 -106 149 -361 274 325 -496 655 113 -336 126 -791 -169 1242 677 -236 1360 -968 -126 -1950 935 -207 1464 75 -570 53 -704 -1263 -268 -544 895 41 884 728 -843 -1476 -329 239 -618 424 1348 672 -430 781 -168 -1043 -444 -220 -457 -412 -1381 -389 1393 385 575 -849 -441 -646 -902 -366 1445 1022 -580 -242 444 -104 -1478 -198 -538 -452 99 -877 -716 485 -226 -302 -1319 -1389 377 -231 -958 944 595 -256 534 -378 -79 -323 -249 157 1024 683 176 231 907 552 -1439 650 2427 1649 -393 -1080 -118 82 -837 -924 720 0 497 107 250 -371 318 -183 -58 118 -471 786 709 -785 1393 -475 -637 274 252 275 273 -93 244 222 294 -705 180 -1683 82 -463 -334 -234 -808 -101 734 146 -1154 -537 -630 -404 373 -605 419 -300 -378 540 296 396 -462 -211 984 -274 -786 -1473 -249 -859 -439 2148 557 -531 -95 120 565
-3 1954 258 -375 641 80 -1764 973 794 952 974 -83 -265 850 -738 -159 372 -493 1019 622 -1018 -185 496 -1070 1077 91 -101 787 -161 926 -403 176 -209 732 921 -19 -269 -74 599 -715 -104 176 -606 184 -175 5 851 113 -322 -339 647 -157 285 589 370 480 -305 961 -1426 17 89 518 913 -1050 -1144 1091 -284 526 -193 998 -155 -297 549 131 -698 -231 -54 192 -842 -610 140 1075 -341 -375 187 -335 505 -735 995 907 -867 -436 899 -860 -201 509 -62 -208 -81 -176 354 790 -203 -1320 1209 1021 -429 745 -337 -503 209 -383 467 1718 -478 -1062 39 678 -611 -880 -578 -679 105 -252 1281 -151 -456 -277 -332 745 1369 86 -540 -547 689 -93 1494 -45 886 -827 -697 -507 -304 759 1564 2023 1139 1046 414 -1684 -261 -423 -5 1083 23 1113 1139 -600 -614 -655 762 1173 603 -722 1080 527 -1226 376 462 -302 739 614 541 -439 775 605 -1282 747 -180 808 -436 -45 -85 745 49 56 295 -205 -1277 408 21 -695 928 366 -982 -1056 -385 -1304 -360 -896 -1075 -205 1475 -171 -725 3 795 1012 -546 -302 -239 -30 1416 -433 307 -215 36 784 -740 -197 -254 437 -668 -636 -546 -990 -1989 1656 -1408 -356 157 443 -364 619 -709 113 -334 387 910 -787 -845 462 607 1176 -96 -503 -1074 528 796 315 -238 224 666 379 -33 554 -182 -418 -377 607 27 -867 -783 -1298 -596 -790 -126 915 510 194 216 295 -897 198 786 344 364 -46 -974 1279 -262 1819 -784 -127 710 5 47 -282 604 298 122 597 -134 -52 -927 -705 -78 -186 -259 -229 -385 474 -551 -1149 -1018 517 529 187 194 198 -333 499 -279 1359 -178 23 -262 501 1086 440 618 608 -654 152 690 794 630 -89 -1014 150 -612 -210 -499 -280 -193 132 -336 241 -137 167 -1290 -1763 -317 -5 765 816 -1034 -1391 -338 421 1006 -412 935 -306 350 574 -198 437 494 637 391 174 1396 -240 -315 -679 -59 870 -2471 -170 -423 647 694 -467 39 -368 61 -835 -25 586 -486 162 878 1079 -166 -925 -197 -47 504 -985 -316 -1983 -316 170 33 116 -109 251 -134 648
-778 -613 18 273 -171 -58 -106 -614 -162 -632 -432 -82 -426 -265 122 82 -110 -355 117 134 -803 -224 -50 -283 -699 1360 662 -265 -275 -794 480 537 361 357 -723 -734 -627 222 1146 177 -1947 -80 -431 -980 -310 -286 701 403 111 -357 496 -519 -47 124 -479 -1134 -41 -359 -415 -155 374 -368 -80 -1419 -1384 198 756 468 -508 1474 130 1020 1212 453 142 191 -434 850 -315 -406 214 -483 -420 -2112 644 938 -469 -700 -6 139 -142 988 -1906 56 -924 -675 -663 449 121 1443 -432 -636 -2265 -919 911 -949 266 -439 -555 -427 511 308 507 -1088 -967 -907 -525 366 -156 -151 -853 137 1279 618 -877 84 1320 -708 -235 -310 -1566 592 -89 -1229 -210 -426 234 124 1041 -585 318 -584 -1641 -19 34 -503 932 -1318 803 481 -57 -382 -959 218 675 613 -1274 -390 439 299 -1192 406 -1606 -1107 -1121 -580 -147 542 628 1422 -308 -674 1520 319 1079 -311 150 424 -327 -1695 734 -149 -190 691 563 -1334 329 -127 471 -801 1026 -820 1072 100 780 586 753 210 626 191 520 1001 -385 529 156 114 -84 -131 -197 1386 590 701 -129 -784 461 -390 -679 198 -1839 584 -312 419 242 402 -1129 -1002 917 264 209 1420 -409 255 -387 261 452 561 -153 -586 274 226 848 992 510 566 298 -406 2073 -386 985 -765 332 155 -3156 -430 247 1866 666 -8 -59 -943 718 -244 34 -838 728 -1644 416 -370 1065 -710 153 721 -388 252 539 -415 -653 -102 202 -157 -358 -230 366 -1277 -209 -795 280 -857 -27 -285 1935 627 -1184 504 -638 321 27 -230 603 -210 413 120 228 -371 621 -991 502 388 17 8 250 503 1169 324 1231 291 344 -184 394 -999 -113 226 -27 845 900 174 1250 79 -270 120 827 1526 -925 -522 -398 46 -1088 734 -1332 92 -415 858 998 326 344 -351 201 -174 -613 706 -1091 -784 305 -564 -251 511 -517 -1341 362 -210 136 -226 -171 -771 88 -153 970 -69 428 705 -527 -523 -28 -198 827 -38 1250 613 435 154 1161 705 -224 -523 260 -727 410 -113 809 827 274 1048 1391 167 291 -422 -412 -180 -587 -241
-326 1272 -1011 -168 -726 -663 565 547 1092 -841 1643 -647 738 956 -317 -1157 -1059 -223 706 -129 610 504 508 -569 -275 -735 -825 -969 234 -245 637 418 741 61 -377 252 -730 928 191 -367 -851 982 -820 110 -362 -264 348 -148 -124 110 547 -504 -174 -810 -186 -1046 202 -575 791 -686 550 157 173 -1018 -1045 333 485 -420 -65 213 -955 -835 1466 -40 1329 622 -263 474 -1561 -126 -1036 123 1203 1069 188 519 1598 -240 -905 -617 1007 -96 166 478 1104 -582 -252 465 -197 47 1260 -451 778 -163 -236 2335 48 609 856 328 910 1461 487 -376 -995 -1303 -39 -404 -867 -628 -1143 -295 -1019 960 702 736 -536 -143 -26 540 1439 156 1020 844 -277 20 1247 988 -65 434 659 226 -87 -408 1353 -3 1169 406 -269 473 -223 -3 515 -106 60 -811 -1408 -765 -800 -26 7 -835 305 -633 -1092 -932 380 -694 1193 -1281 480 1546 -1295 274 380 352 595 -1459 -1001 243 372 445 -1430 492 382 -760 -1626 -537 298 -80 -405 1347 97 33 -297 320 -581 317 227 -2 -58 647 26 95 -1484 -820 -918 -304 -753 768 -744 612 291 -1781 801 -164 979 -752 440 -290 -920 215 913 -621 630 1094 38 -319 -435 136 822 -1195 133 -381 -93 -344 220 1248 253 915 791 -370 555 -532 -663 50 -540 -1029 651 -521 -881 177 396 720 -849 -16 -314 1432 55 625 -106 529 1325 -646 782 -274 -1061 -72 -398 -567 -1006 -73 -368 724 739 -209 -19 -67 215 727 333 461 -661 770 195 1376 -791 2130 903 245 -761 324 -247 785 -946 1304 -1663 1518 1066 440 1033 278 -243 -348 -683 365 -2273 757 -280 -721 -260 532 70 -1206 -96 -57 -482 -423 1001 -227 59 1302 86 -451 -33 1110 -375 -1267 -656 -1154 -17 421 -216 557 -618 -630 614 121 -438 107 -422 -607 200 -447 -6 661 414 -539 -619 29 631 -709 -96 1056 -915 -1297 -525 -976 -598 -142 -641 -4 949 762 -294 97 152 144 664 -221 -756 -190 422 373 925 95 2 159 353 682 -73 1348 -402 667 -464 -700 -167 -314 1488 1532 605 -235 85 79 -706 -543 -1906 370 152 -582
899 122 232 -356 605 496 -891 -305 166 -663 -209 282 1037 -513 856 592 667 240 2156 -741 -535 1591 -794 -317 736 -1064 -360 541 623 297 -892 109 -470 2522 -575 -125 -217 1104 -794 1059 -821 -43 521 -76 -626 550 319 716 -200 614 -150 -346 -679 -436 22 -1403 106 1553 -942 -111 -265 641 -510 206 -355 235 426 -606 -1177 872 319 1170 1185 -693 2128 114 231 194 -216 -821 -768 895 192 181 540 520 -1374 1163 673 985 -578 -1044 -217 -363 -422 -175 578 660 472 900 321 -67 -165 1014 -900 -1043 20 -973 -212 -1135 -730 -219 -1106 948 603 676 -149 78 -487 -391 712 63 -502 -2436 949 -705 -959 940 -505 87 -101 461 -547 -629 -646 -461 374 -871 374 -705 -356 -34 -842 1096 -373 -158 901 -155 -645 -949 811 -763 -165 -676 -705 508 -555 90 555 1880 -1366 -327 45 525 -810 -991 -443 -1754 -596 143 514 -713 -565 473 -724 352 397 704 411 -39 -503 -199 -547 -839 611 120 921 -1464 -1494 -1795 1068 710 158 97 132 -617 -328 -815 638 -435 526 572 39 315 794 553 -1215 188 -748 -715 -2214 527 -420 -22 281 1885 365 -129 -818 292 1557 -1085 -676 -943 -187 1733 822 1040 34 -83 -874 -536 337 270 -50 47 -235 827 -271 220 -210 -417 -1500 -580 -465 -1181 -618 80 287 1200 1286 -11 -453 -715 -595 669 29 677 141 -13 -36 747 691 -908 354 581 996 -615 -660 -323 -787 393 -514 217 847 -158 -470 144 174 913 728 -414 -800 -784 106 748 388 -370 278 95 258 861 697 1333 679 -975 837 117 -1322 -777 -239 598 -258 986 -831 473 -302 -1369 240 322 -376 196 111 152 1280 -411 98 -538 988 179 379 854 226 1351 -1866 -718 1080 236 -2038 53 753 248 -343 282 723 764 903 614 -90 -1149 -967 736 359 -620 -996 -72 46 430 766 -750 -136 80 1144 654 -172 313 559 661 501 1481 -61 904 233 1074 -219 -885 -206 57 116 -897 890 804 -1663 650 248 -97 -1730 183 -362 816 -663 1297 121 -376 1192 -501 -56 956 -83 143 707 -585 26 -196 -38 -925 -717 -257 -864 -876
-914 833 -562 -343 968 -1121 -162 1889 -107 -270 795 1188 381 -469 1492 -363 -986 592 -584 -1183 -1413 1267 331 -617 -159 53 17 -1080 894 465 -177 774 1491 512 165 -99 908 -190 -1594 -346 -1468 581 -236 118 1303 460 707 -642 456 71 832 -24 -980 1363 -732 463 -222 -1553 -619 -94 437 -525 395 101 621 2 -7 328 -324 -434 849 873 -1215 -408 -117 -229 -343 1200 562 -579 -43 172 217 1725 274 519 -963 -1359 -1515 -973 -646 85 -740 705 183 -888 969 -1097 -269 923 -49 -293 548 904 -538 198 62 -947 -1712 -1134 -520 -2193 -583 -420 178 -599 399 -725 -500 200 -1386 144 -630 -1710 -348 269 595 403 506 -1131 -509 -169 609 1076 -46 1155 -585 -501 -1323 83 -229 -116 -164 -419 148 -1346 -2220 683 -1181 -210 335 66 -801 -764 -92 -1192 -450 444 -685 1607 -588 311 103 392 -58 -865 436 -269 824 -368 885 683 789 -105 -1097 -408 658 -182 -114 -166 332 -1293 -301 -65 -90 2407 -343 205 683 395 660 736 -847 1202 867 274 -429 804 118 1606 -1084 -789 -712 778 -1157 -222 399 -507 617 735 890 396 -1183 418 -26 -542 373 567 172 -669 408 516 134 378 69 664 -399 -7 212 103 -335 -265 -495 -229 1247 46 1693 364 -1044 -72 777 -1118 605 338 -240 367 636 -736 569 -770 1531 12 -92 706 672 -212 165 373 305 -781 727 1258 329 -57 -628 326 -756 -945 -154 194 1213 404 -115 -455 -499 -897 -1206 -773 294 -203 390 -1262 -1378 -256 -1942 -387 -245 -759 -635 1057 -43 -323 224 2333 -447 -335 -683 892 1131 1114 795 581 -1491 -176 332 -1076 -426 -1416 1322 611 -924 -357 -35 -571 -95 547 613 -329 786 -818 96 404 490 214 -912 88 -226 -942 1596 627 725 251 -2181 -2100 220 -541 10 1159 188 299 621 396 -445 914 1713 -242 1110 468 570 417 420 625 -266 439 -129 -971 902 -300 253 -1127 -1120 -455 -162 -1259 -196 414 -533 -1098 878 -716 367 -605 -379 -675 -57 1147 402 1739 590 597 727 427 -1051 -904 -1195 1895 646 240 -314 -651 -25 1739 1612 -989 -98 631 947 -811 -200 -309
148 190 -737 305 -664 -147 584 133 740 -1067 -701 534 -285 1151 -265 -1693 -636 964 977 1071 -521 585 741 -963 -228 -118 -916 -662 38 -520 -1521 -533 195 542 509 746 -985 -501 964 -537 741 1888 793 341 -685 -152 671 544 -123 410 1618 -781 418 -565 354 -484 323 177 -297 -506 -509 -292 -1231 -455 -250 200 258 -401 -418 90 105 1242 -643 -666 -334 625 537 940 -25 467 488 -334 281 -1592 1506 -114 332 349 328 1501 896 448 -37 -1669 -581 -1130 797 1253 936 -57 532 592 239 -43 446 -117 -124 -432 -79 85 963 1605 -801 -212 -359 1074 146 -718 756 1444 -1549 1481 224 -129 -690 94 -160 -1017 -18 590 816 -302 417 595 -1070 113 -350 133 -217 518 1078 -691 -485 -296 -653 391 -52 -1000 -415 422 -1189 -1307 314 -667 308 -369 -1131 6 1066 -235 788 -1073 -13 -635 -332 2256 -617 -1558 -1777 -847 1332 -979 -775 -146 -528 544 137 800 -424 289 158 -1503 -262 357 1011 523 -568 -655 -924 -675 -1260 -26 249 -299 -1151 -433 -310 54 -977 -1222 -46 -155 -339 324 445 206 -907 94 1018 -905 -129 318 -862 735 1363 -606 -328 345 -187 -144 -1056 218 -1256 116 -1191 -2143 -21 -87 403 434 -915 -235 205 225 -1310 828 1092 -1431 -267 -433 9 1447 408 1592 1225 -1635 109 -567 44 -334 -159 -391 -867 1350 -695 -420 525 -571 -297 714 580 731 1288 83 -365 -784 -1129 268 -1013 -881 554 -776 1473 -1166 -951 -497 207 16 295 -449 186 918 950 -451 346 -730 35 -927 0 -334 448 -1140 279 910 1226 146 -450 1086 354 111 81 -197 9 -828 1037 -828 55 1283 -773 56 244 832 961 462 1133 507 294 -1189 372 838 -1808 976 -875 -1371 -197 -351 -762 1355 -722 -538 -821 -343 -1112 687 -758 1251 -1175 691 282 52 -48 -1011 779 -514 -604 677 310 453 -306 -37 -713 -319 -489 -101 -518 -234 -904 490 -683 1556 -971 -758 -177 -746 -221 -719 1213 740 1041 240 -121 -648 437 -871 819 -23 -801 1150 -349 1091 -841 733 -1266 343 731 441 -976 588 -336 233 -682 1216 787 787 352 -324 -368 -305 1021 409
1236 694 66 -358 -324 436 -315 1060 96 -463 377 -238 58 -249 -323 -76 -548 1052 -275 -825 969 -414 -1351 817 -410 267 1211 1448 376 245 -328 -4 712 49 55 -652 811 -782 657 274 -208 67 1618 -8 -294 -225 -1331 -1543 -940 205 -1776 -363 143 47 -512 -657 -138 870 -442 652 -397 362 941 -275 -456 -782 -781 753 407 839 -377 -540 -392 -341 -363 649 -539 520 695 449 -20 185 1204 -23 267 -259 769 -890 -666 -144 -1499 -1452 469 -688 413 566 -716 514 -1238 -479 155 -805 -525 -50 -151 -61 -162 646 1600 850 82 -62 -1189 -1121 -431 -715 -425 -202 281 284 -5 1275 -1151 -195 -111 -860 1056 -124 -332 106 -149 -906 -82 -406 992 -438 19 -391 1213 -441 133 -761 555 641 977 -115 -119 -200 248 155 916 495 -1319 725 -503 830 261 1562 -169 -1327 -2 -1118 714 909 801 601 1578 -344 -530 -401 52 -424 -1467 -1411 -240 -680 -916 899 1969 -878 337 -70 -698 676 166 -718 225 977 279 852 1375 -510 -111 -638 -339 -482 290 825 -299 815 481 -220 1024 201 110 1253 -249 206 -701 -298 -1086 615 -212 -383 -417 827 1568 -135 -65 987 -657 -641 -307 379 -1430 -371 -207 -551 661 -64 18 -1280 -157 231 -493 -448 -594 895 -7 -850 -797 -362 -240 745 492 1153 494 1574 -894 -293 965 -1361 35 -273 1373 -47 14 620 -366 -848 1499 141 -230 573 131 -996 212 196 -228 260 -302 -697 -529 542 -355 -428 966 -59 -767 1460 -656 321 -296 0 399 -647 -881 456 243 -861 -960 334 -295 -1015 113 -547 -130 141 -88 179 1529 -1435 11 267 -31 -1041 -612 433 -593 34 -483 -1682 -301 537 -838 -223 -1333 -703 140 -79 -52 -436 -1383 188 -640 164 -292 801 -364 -907 555 -697 -383 -291 245 -788 -305 184 -217 432 -607 562 -335 1164 348 -233 659 1905 -189 837 -804 -1016 300 952 72 222 -66 1511 264 960 -505 -598 -48 -1282 682 -375 -499 -581 13 -747 1354 -553 1087 -240 -471 1159 -855 -441 -514 38 -861 529 -222 421 120 -860 -520 -211 1463 818 418 -1221 -370 -402 -941 332 -990 979 1222 61
1243 76 158 -1661 -10 812 -1014 -577 -1113 -526 723 792 -124 237 -306 919 259 641 350 -399 -190 248 444 -1061 653 -1110 -323 562 -2326 358 -397 380 207 1130 -885 -293 709 -1359 -498 785 766 516 245 -935 -447 -641 -929 -1184 -910 -993 -936 -326 466 -105 353 -921 -435 -82 23 -56 -163 461 715 404 590 317 109 -919 -841 -948 -216 435 -276 -638 -1221 1041 -1503 -1035 -369 339 1299 -118 -852 420 -67 -530 -634 -1107 -752 -372 -486 591 1103 -425 -187 -82 966 368 678 -692 993 155 343 245 -237 1007 951 523 271 688 -174 -1105 783 802 208 720 163 324 37 470 268 806 -1430 -488 26 -1287 198 -369 -1015 -107 -276 -1572 576 -6 309 -411 879 -805 -1132 23 -294 566 -475 -339 403 1404 -1058 387 607 -462 -129 135 958 -1313 -922 35 -1119 -912 -2063 -512 53 376 193 1431 90 1042 307 -898 -511 -876 531 -434 -541 797 -544 -236 -365 -232 23 304 355 -359 -516 -583 865 1145 -42 229 117 -179 932 396 -458 -152 -347 -1273 114 398 183 -563 -13 260 -664 -730 -2517 -1351 -939 -16 -353 -513 -775 -1144 599 -224 1098 5 731 -96 -588 383 -1249 -1089 491 -717 -19 -1331 -886 -472 506 -1009 -937 1408 306 396 237 758 93 -567 193 225 -26 820 -237 -1304 -451 -494 -659 87 -1123 -491 969 -1256 -258 -1107 465 -1599 151 -1544 1511 192 106 -882 -93 1099 760 1139 -387 -357 -952 -838 -357 -1031 -62 545 449 -711 -115 -809 -212 -1299 423 732 770 -133 695 681 135 553 357 -609 176 -381 -549 699 581 1274 -381 -322 -153 -483 -129 1175 -871 -448 -773 -162 918 73 35 800 -510 -588 129 -660 -1688 481 1020 580 42 -227 92 -663 436 633 -285 -1016 -252 265 148 -874 -25 -1244 1591 1296 -809 79 543 1568 121 -1454 -1001 -516 -76 -161 -106 -170 -381 -124 -850 -712 128 -391 -909 -1431 859 312 806 490 -610 788 -460 156 -589 238 -931 268 1063 139 -736 832 -433 629 -1368 -442 -1032 146 -1486 -124 -1239 -648 -14 685 -283 488 -268 -1030 -479 29 277 -233 -264 1594 1223 -998 -122 -564 -250 -1061 -38 313
591 -1081 934 -280 16 -637 -16 -1681 -181 -182 400 848 -820 -964 -1133 -1469 -28 -32 -970 -1012 -306 654 393 506 -333 962 172 -610 422 -882 743 485 -971 635 -735 887 263 -68 819 -318 -106 -615 1518 661 769 382 671 515 -606 938 948 26 -376 709 764 -950 1633 -119 -688 409 -465 2 -184 -95 333 737 345 295 -137 1458 -431 -140 -259 -100 -145 985 366 86 -208 1170 148 1117 170 40 262 -70 1613 -1101 -68 465 967 128 428 167 -614 -869 410 -1018 1650 -531 -575 -177 -1520 -387 1423 612 -2090 -693 206 -396 -60 -638 -961 220 978 566 -686 1237 -180 -2365 359 436 852 1280 -912 596 -91 -1118 120 -26 -1495 766 759 -685 15 -89 -17 689 -971 -290 -823 -1073 -664 -497 -467 -1505 1195 -254 -42 654 855 924 1198 -355 577 323 262 330 233 -324 -967 -359 -1237 746 645 -247 717 -478 -556 11 533 -1343 996 744 231 457 -869 1603 77 -26 989 -677 1005 -187 530 -144 -384 812 1232 -309 -1535 1753 907 -1072 144 855 698 341 36 1270 -53 1352 -190 398 797 -544 978 747 371 169 1634 328 -1087 617 962 -528 149 -200 553 426 1912 612 98 -102 -286 -1074 684 -26 -958 797 -904 -1166 79 -942 682 -1456 1353 -381 57 -1033 -59 2652 185 -721 1488 -107 519 319 255 207 -181 1086 -122 -466 -1013 -543 -202 2326 550 -319 -208 -1152 50 -220 506 -1344 38 -553 919 833 -1235 210 88 -475 729 -126 -728 404 1966 133 941 424 978 582 -1699 -430 -829 -645 -673 -621 1196 -1219 -239 1459 188 1043 -2114 178 -597 1099 -886 1121 344 -425 622 438 30 394 1170 868 -154 -1133 249 -538 1158 1664 957 1795 597 -404 -1394 -954 201 -666 526 793 444 1147 836 796 -272 998 -127 281 -736 657 -494 -492 -886 630 542 757 -404 1758 518 -288 -492 246 -1491 -315 234 -333 141 553 6 654 37 -543 -702 9 778 -432 -169 283 1846 358 506 568 1034 -22 474 -1292 -339 -578 -272 352 531 789 211 -1279 -197 233 -749 361 762 480 -900 1327 474 -950 -850 286 -57 -782 -1070 338 543 325 409 -1489
1099 552 -576 -1162 -833 924 -20 1143 -56 -568 1120 53 -134 219 -356 418 4 -811 -179 339 -470 -15 -1046 139 405 77 65 1308 -657 1078 368 -9 918 -426 -26 -1282 -70 -718 111 -992 -1216 1000 -389 -1263 257 -527 -153 165 449 -12 216 10 -998 -362 185 83 160 -332 682 194 -708 -659 -941 743 -1785 -38 777 729 -384 364 4 294 -729 1055 -1195 2512 -1146 -520 353 -232 -295 -1499 -470 288 -898 -173 -1017 1172 -124 -330 101 -1462 839 546 57 -1443 51 237 32 995 -428 -329 135 -1132 1384 -252 -614 -54 -130 315 -1363 -1062 63 -3 352 525 -274 2118 1275 1390 -709 -729 -352 -538 598 52 496 -322 1015 -167 -332 -198 -400 -345 258 -740 -1058 -322 124 721 -344 -327 -123 -578 1384 1731 1346 203 1164 -16 398 -27 194 1213 663 31 -262 639 1935 -933 684 -171 -670 53 -935 883 -6 376 -1179 342 1430 -103 630 988 694 -1058 -1032 -449 -1101 -268 -44 965 -991 150 402 362 -1777 1275 279 -581 -449 -1633 -657 -81 -641 -1196 332 -1076 -2 282 -292 186 -220 346 -460 72 228 741 -309 -517 -1280 -345 407 319 -289 -1084 -878 35 -94 316 -590 455 -965 -178 776 151 -348 865 658 614 -616 381 -240 -114 -300 242 -1427 -297 43 190 228 -1129 -558 -511 1095 238 -282 -179 1155 -1338 -199 958 -1236 -285 340 679 109 49 311 -896 164 -255 -146 -692 1341 -1001 -683 235 -1876 802 -245 1171 419 -484 1596 336 305 117 -634 1358 -62 658 917 -53 53 34 -328 -131 626 81 -697 743 -619 -914 -902 1136 179 227 116 -207 484 -1585 155 8 -207 437 1482 302 -1059 -175 320 -254 -830 783 -124 657 -48 -270 596 -576 838 -838 -610 -247 526 -509 43 242 -1243 -1365 974 -924 196 -731 -519 1617 -264 335 32 22 -515 -274 1438 -1054 23 -209 168 569 -1205 496 352 487 1094 -706 -932 860 104 42 -1191 641 132 -22 913 1409 538 -102 -537 -604 1271 -648 39 333 -588 547 31 -751 -127 207 -73 625 -728 197 4 -569 -400 252 85 -1016 -16 -234 -1313 -506 514 -248 -42 591 -1139 -232 -406 -764
-281 50 -185 1073 -710 587 930 219 -344 -67 -917 922 -1056 154 323 -193 591 -275 -139 1063 -93 -386 378 -503 183 273 -413 55 -1135 565 -700 117 276 -85 -403 698 791 -1379 -589 -1375 129 -87 382 58 -347 -845 862 216 635 -23 -998 -722 843 359 -676 127 -1218 872 713 -109 452 -1220 -496 1054 -217 -1235 -406 -191 -73 429 681 794 567 -382 433 724 198 -580 722 -1032 1183 489 -1129 1171 -1305 -586 445 -268 1175 522 181 908 331 -1005 550 426 117 -281 1043 -388 -434 -209 472 1340 23 1365 1173 -1982 976 1702 -67 3 -358 641 -531 -52 713 -21 -1226 -525 299 329 -256 529 -124 -1079 63 255 561 240 859 982 -155 995 45 899 -328 361 415 364 -731 -104 -1369 -782 -379 -483 -353 -193 659 -688 -851 1511 505 212 -229 -329 -144 562 -2236 1028 -568 -512 -2178 -672 112 958 460 538 287 -77 -133 803 51 -1192 441 -223 51 -152 -338 626 243 -1288 -183 1550 -525 877 -56 -22 -1119 1025 102 -952 879 -909 330 -810 -69 30 219 -477 -748 -347 14 23 -777 582 13 -664 -413 -563 367 443 -370 -780 412 -1008 184 619 -68 334 768 -187 -402 413 228 33 712 685 -824 -15 -660 15 -33 -366 461 52 26 682 487 679 -220 -456 -791 -108 -913 1855 1188 49 -476 217 -110 -685 243 1070 167 829 -421 -356 309 -27 -510 1250 10 -275 -594 -106 1608 1283 408 -127 -39 573 720 1504 -63 -1208 -969 608 -329 1366 -677 -399 99 72 852 1339 -187 1137 -439 -959 -53 985 -743 -469 397 697 999 -620 772 134 623 -369 -91 -74 -477 1026 -75 479 757 487 636 -187 1551 459 569 -1151 -698 -672 350 -221 -307 438 -195 -1430 79 -406 -1027 196 -906 -315 -479 773 -77 -290 -35 923 654 -370 440 376 -186 331 -162 -1152 627 -660 409 -1037 420 329 38 1319 90 -471 451 -1367 -565 -460 -140 723 330 -166 -371 -922 -726 -1361 47 828 141 -479 1210 -190 105 -1221 -774 285 -498 -392 367 -79 887 -611 723 903 -906 -504 841 -382 -949 -939 -1119 508 1049 77 -1156 903 -227 919 1736 -150
-163 30 -397 1276 390 -845 378 -614 -788 465 -144 -740 793 1551 -602 -2 -168 -951 121 985 225 68 -369 654 174 -723 -17 286 1454 -282 1189 649 -1016 123 -1308 180 -713 -522 673 -423 -929 -230 335 -116 -135 -357 -765 -113 -668 524 -785 573 -210 -1423 -233 -1015 535 87 -1366 -75 481 -1748 -1377 -896 779 -641 -200 319 74 583 170 323 346 -762 -1173 47 -719 -406 279 -332 398 -393 33 -512 -531 -566 559 -805 -184 994 632 1206 273 506 -225 -96 -242 -627 598 431 310 207 -3 -877 871 1494 194 623 -861 -664 923 1010 377 -615 -847 -61 238 262 -343 532 -1203 1498 -480 1044 264 -600 834 596 -1271 584 -1954 -392 -841 36 455 163 69 42 63 -466 159 390 112 415 -528 -662 87 -69 142 731 75 -518 517 -396 406 758 -727 1444 -69 616 -531 11 812 -227 -716 -70 -496 -936 -1081 -1265 -606 336 -813 -536 72 -160 -775 13 875 142 -415 -100 55 1288 189 -132 -760 -135 222 -75 1069 -548 -206 -1081 759 221 -776 -779 468 1980 625 -509 202 -322 2253 -658 -464 1382 -1316 401 -163 769 -985 -1284 -53 265 -1072 903 -186 82 -729 -934 -457 -4 -486 369 -885 -574 68 112 1681 -520 154 1079 -265 -515 -491 -165 -97 -686 606 -1055 -839 -402 1132 121 -430 -1156 253 -630 -873 -629 478 -328 206 -628 -118 -557 -845 -126 687 -648 -745 1514 182 1079 -598 2069 898 6 -67 1234 145 -1263 876 1458 -634 1006 1464 -581 -599 -391 391 -438 -6 528 -542 -1506 1065 -1078 318 335 1046 1685 -385 -453 -50 -501 116 -861 240 1357 572 -524 402 -220 63 1132 -311 -76 940 213 968 408 -297 -19 -169 575 206 -1382 -903 -175 89 -288 903 424 99 -1508 -1293 -476 417 437 195 772 -717 -912 -490 644 -492 33 272 -597 -314 -228 129 914 -477 -1373 -1076 -532 -673 -366 -269 687 -1978 1125 -539 668 -615 -1197 536 -1237 115 741 1298 -142 1069 676 1217 443 1326 1122 -621 -336 913 14 101 552 579 -410 444 522 242 1303 886 -1177 654 701 588 -629 -1532 -961 -594 995 28 -637 1133 95 -251 482
463 185 -653 667 -21 -719 -262 -323 -1369 -792 0 1199 -234 72 479 -247 545 -729 -431 -1199 -247 201 -617 993 82 527 294 -65 -1072 924 108 -251 451 583 205 -476 -97 -943 2231 1212 -332 -741 -551 791 1309 137 139 -916 205 -668 -42 -1071 -800 258 -502 -1113 400 -926 -855 18 54 803 183 340 -712 -366 -433 -796 -758 412 496 -178 -786 1493 -570 -1533 116 -1456 -62 -99 94 43 231 -784 -1443 285 1022 76 -277 499 745 1274 145 209 -392 -299 406 380 194 -1172 -843 -861 638 185 482 383 2278 -722 704 -167 2 -1323 149 -247 -147 -804 848 753 -765 1307 96 -383 -844 1043 440 -11 -453 -416 -568 -260 498 -314 505 -1525 411 343 917 782 -674 127 756 -340 -1144 762 241 -515 812 543 -492 -197 -817 -495 -1409 641 -651 203 719 -1215 -116 -376 -212 138 -294 -1045 496 -1241 1046 1412 1269 -386 -485 -595 -1086 -785 56 -1277 65 -919 567 -393 -158 379 -519 -410 -872 -528 586 746 -379 -658 812 -956 -331 -959 861 414 -51 824 -96 -80 -404 722 215 570 -610 2090 -578 -1103 -2643 671 49 507 602 604 516 31 484 -774 -522 -18 435 183 728 -642 312 -52 418 -320 -1428 -740 -3 -434 318 -37 358 621 788 -838 -110 70 151 1525 1071 -673 83 -153 360 -160 526 83 461 245 297 -536 -255 -75 -305 268 -699 -372 72 1065 -305 318 706 -358 105 -1091 299 852 474 -1318 -465 239 -758 297 -786 -174 -1301 -1068 176 585 1299 985 -28 989 -1127 457 -596 8 -502 362 853 138 499 282 -1404 -28 961 -1086 -858 -490 302 353 46 140 478 -335 -722 940 -369 1293 827 998 668 -8 829 740 -809 29 1079 754 -1363 -328 -1352 971 497 1109 124 -471 877 56 -308 945 35 -1550 -629 1013 -561 -12 -142 -236 -241 264 938 330 -831 -595 1175 -75 -603 -466 335 -1480 711 433 -76 793 1123 951 60 1224 1040 -232 485 349 -250 830 -977 -290 162 1179 2149 -707 383 277 836 -579 -389 -1362 -120 883 -818 -484 -1447 221 -1309 -728 -254 -11 173 109 88 -357 118 529 -1200 -187 1125 791
817 -1120 200 49 552 -39 693 349 349 1036 1422 -682 147 139 566 -279 -74 -159 -843 -184 977 930 335 -344 -1172 176 505 386 -304 31 248 -850 -533 -345 -637 -958 -906 652 -663 -690 544 13 261 -1782 445 -1078 585 -1289 -42 421 -251 367 -26 462 342 -315 871 516 714 400 299 424 -720 384 638 474 160 -475 -670 -179 1224 1313 380 -1108 -346 -405 1087 63 446 90 883 -529 -568 1315 -382 -317 535 21 273 -706 -751 2100 -1056 1474 -645 -445 -533 -489 474 -89 494 -132 753 200 -201 141 110 -756 -766 -213 -312 -937 118 -582 -695 -615 -1402 354 509 1540 -795 -274 251 -354 211 357 -2180 -361 171 887 -1306 708 938 1036 301 966 -391 528 -1006 -1201 640 -68 988 -1005 -1148 -679 -1059 -776 504 734 200 -1149 -748 -783 1005 476 -281 291 -781 1035 1299 -846 -2271 -602 52 -115 -400 -1260 337 -105 -286 767 -458 1062 286 101 2100 742 1000 -790 548 -350 145 263 -384 1103 452 521 788 151 3 923 -381 -970 -236 -770 -373 -234 321 -458 -200 178 -898 -216 47 -1458 -939 2092 1438 -1296 -106 804 -873 -495 483 204 -933 -877 -227 -450 487 573 -490 242 407 682 -100 -1511 431 1067 -1092 -193 543 24 -257 -1493 -394 -477 209 588 -374 -360 -226 -583 699 -440 1019 -87 106 -904 -544 527 -691 -1772 216 181 58 -1175 290 687 1576 716 1137 -321 -771 228 -306 570 59 161 -1160 158 849 -111 -112 22 302 1194 1871 128 818 -2420 303 -773 346 121 -570 -284 825 304 100 527 69 -29 -404 445 391 1036 907 -280 960 787 223 591 1445 165 960 70 225 1005 648 -257 50 -332 52 -541 276 -1038 150 477 -57 -1123 1392 -1032 -477 309 -1755 -81 483 275 665 463 157 735 1644 1441 429 -337 83 -6 -200 1184 906 -389 1620 1093 561 199 -182 -874 1569 -295 -1262 675 -930 -954 -400 -267 -783 -380 343 524 625 -210 -517 1009 227 598 899 -597 904 -663 -585 -713 499 -1817 -1281 205 419 -445 -717 614 170 124 1121 139 8 1691 -179 78 -672 1665 1177 -269 -505 -1025 -63 -154 -548 -15
87 -927 -1637 -37 710 -401 -517 798 1207 1455 -1085 -185 319 -943 1092 -448 127 -757 -383 -449 -814 -1191 -651 -592 -786 584 137 461 -541 818 133 -23 202 176 -855 -339 -959 1118 1034 1364 235 -12 23 -1138 1164 859 614 -1164 273 196 1061 319 429 -482 -434 -1473 -868 627 -117 -87 953 -101 230 762 272 551 -107 422 662 -1670 -316 -467 882 156 -590 1526 -1157 -1032 -50 712 -101 560 657 -553 600 973 -374 247 -332 40 257 755 -791 1167 -990 -250 -768 -959 72 317 -1153 550 741 1185 11 -1237 99 598 -486 -131 -851 458 681 336 -178 -635 -270 830 -2021 -912 -1184 -571 -966 532 1530 217 1086 514 231 -271 -198 -1104 -744 192 163 -96 -703 190 -544 -268 -755 -936 109 -538 -807 925 463 1678 91 -483 -309 -1313 238 -153 70 816 973 -154 508 780 526 -914 -48 -727 -453 244 312 279 402 -152 -1545 -850 -547 -667 287 -324 878 433 849 -1275 444 561 -216 65 -1900 176 658 -129 -75 -601 -614 34 99 -1262 -44 1212 -863 400 -648 -413 -114 -522 284 -233 -1246 -176 103 -195 355 798 -302 -72 -321 -618 -415 -53 -110 -133 -605 693 -120 148 1520 -674 -119 72 237 571 -732 486 1247 -418 503 -347 1206 -63 332 312 1114 -673 674 632 -358 509 -143 102 1094 -47 541 191 -737 -633 -159 -250 -797 -56 1036 121 -529 46 -38 588 1089 73 1478 -721 123 -258 1376 -483 1285 -213 792 931 180 -132 654 656 927 541 405 160 -66 -1043 -979 -324 -75 -122 -896 701 -303 -721 73 211 1067 -315 -530 -365 -394 -961 65 -1484 -133 985 49 -430 577 402 154 -634 295 1430 124 -399 1715 -141 156 539 152 -51 228 113 396 606 67 490 549 418 468 -331 1236 528 -409 1109 479 -833 404 -1006 532 213 124 -385 370 1325 423 506 -1266 1372 441 -380 -370 -716 142 254 692 586 45 -653 -589 42 633 154 -670 239 522 1899 -10 -74 -954 -506 761 193 27 -751 245 -842 -11 -378 316 -1201 -1038 -343 -114 -630 1674 1236 -625 -443 -52 748 -859 213 1654 -1131 -1134 301 -732 -912 -1255 -185
1118 56 -584 -156 -220 -969 -1069 -57 -194 202 -83 -80 -73 765 365 -391 751 -246 268 374 197 381 -106 -141 515 578 -7 -66 -1091 402 -716 911 128 -465 -83 -367 667 82 -296 -117 -49 1450 -168 -1552 1201 -295 1093 1121 -280 -613 587 1351 318 512 -187 110 312 -350 -1134 -706 739 -1468 -709 -774 824 -392 719 570 215 1233 -1459 -435 -836 -281 111 -376 152 510 -16 -1309 -343 69 48 436 -1207 2136 513 -277 332 -565 1052 -876 -573 -630 -620 -1099 105 1162 889 321 426 -213 725 -157 -107 -465 -1253 -509 -656 527 154 -405 693 -437 158 336 -1056 166 -211 147 -1105 -843 865 -1296 -328 74 1354 -71 732 277 -598 334 383 858 -546 702 587 1207 -46 661 -443 -540 -557 876 1388 -506 374 261 -913 167 574 119 -667 -911 553 -48 -1898 253 19 1039 522 -1541 -158 -238 1295 689 672 -654 -204 -691 -565 -116 46 980 249 -748 -530 791 19 -49 904 -983 -56 -362 647 534 328 638 413 1274 -692 641 529 -409 -1064 -754 86 623 -520 1454 697 403 -650 -674 94 -385 761 -329 1016 -1010 754 288 -851 1064 1253 -221 -847 1024 -210 156 -482 727 21 -431 968 923 1190 -495 372 -1323 -1394 299 35 355 -72 328 1119 875 758 280 671 695 -235 763 337 4 -798 1651 487 148 390 2402 520 987 -409 970 201 -204 812 637 -1783 350 622 118 210 -1376 720 59 936 -528 61 -1409 -385 246 -452 546 -358 -864 697 44 -1039 -189 -34 186 -1149 627 583 -259 352 -986 -677 685 522 -124 -19 666 1143 659 848 -244 -793 -183 -1417 -260 -351 -364 -261 887 -123 -348 -1079 799 -1078 -37 653 534 -789 -860 59 -517 85 1050 -71 1 1138 -480 -1719 736 1097 68 191 255 -1265 -496 72 -386 894 -447 151 22 209 1324 -775 -310 -511 -53 -1270 166 -101 -434 663 240 444 398 181 -353 -160 449 530 417 -1089 -1035 91 -65 -562 -1409 -345 -874 226 53 777 -705 455 -294 -694 -579 301 71 192 784 -729 280 584 317 -251 1064 1027 421 857 -618 597 -1285 142 27 -611 -21 -305 -1308 297 1863
313 492 139 -1188 250 567 -399 100 -968 831 -390 564 -937 -452 343 -789 614 -711 887 -1450 932 322 305 132 -602 -207 -152 1410 -667 463 -264 530 -1407 -1000 214 353 643 349 -1694 -697 -572 -633 -1625 352 514 -393 778 -887 1140 -991 -470 -641 883 1011 612 -162 -628 -1090 776 -1126 -390 757 -763 -730 -984 -97 -9 -658 -1000 292 -337 781 338 -1064 1017 517 -1092 1399 654 1592 -612 -396 -596 -711 617 -1245 1581 -687 -585 374 -1088 136 -2304 730 -1050 259 -640 -169 891 -146 595 796 863 382 -134 1014 66 189 -333 -843 -39 -338 -306 652 816 -206 -137 1565 -1401 -587 -362 1007 307 586 524 1183 -661 1267 876 -22 248 -1020 63 236 -529 189 243 -422 1307 32 -68 357 -16 -113 -668 204 -279 180 988 202 954 -195 -153 702 -608 -1195 388 137 -256 -62 64 -1792 -2134 135 -145 -207 -258 112 671 -166 -1029 609 -535 -645 68 -79 155 669 962 -1185 -791 -22 535 -966 357 1403 1294 1792 196 -170 -829 1486 230 -636 -586 -191 -1356 -1078 510 650 501 647 893 -1528 -996 -540 -908 663 468 -1383 1661 107 53 305 -161 -281 607 -702 -506 523 63 763 -464 -414 710 -293 -227 380 -204 203 493 83 -152 -1854 292 -1295 -231 544 -879 1234 1538 -260 -612 -77 117 434 -562 -1665 -103 235 -238 -1260 -974 194 -226 1033 -1017 114 -53 156 345 80 1492 177 -868 869 -10 600 619 -164 -1282 1177 794 -474 -128 -71 1200 275 494 51 1583 -351 -1091 -182 -1513 568 775 -26 -884 -245 823 1691 -230 512 -1308 308 251 141 67 -317 448 -868 304 -299 2117 224 -1188 -470 1164 283 -141 277 -200 -765 -71 -587 -984 419 465 -253 -405 1637 -540 526 -232 1597 -346 157 332 824 219 553 111 528 -607 -181 142 -132 -641 -1168 562 25 -505 1922 647 -125 -1280 1752 1326 172 1225 226 -741 57 1954 171 96 1197 -429 -9 -207 178 -546 85 -344 -1272 -976 716 382 -477 -248 148 -657 741 -1890 -146 272 -187 887 -650 -830 116 910 196 949 26 -189 -1044 387 293 1096 40 -400 822 -177 282 -1851 1031 -354 -258
-47 1033 -684 1 12 -14 32 66 -903 -168 -337 -708 -520 280 -280 -236 -659 1510 -4 588 -23 -199 -673 -626 1427 -52 -369 37 -576 126 -278 -273 923 -643 -715 1184 693 1013 414 312 -460 -350 371 631 -552 49 -1130 627 -422 1315 -78 -1185 621 -1187 -498 -308 -829 -1612 -49 -210 1319 217 -333 840 234 173 1267 331 -84 -424 -420 -286 -485 554 386 190 359 -458 -734 -433 970 631 -560 -546 -184 1116 1183 -934 -322 844 635 915 -566 -643 -1044 203 460 1358 -759 -26 626 -2156 1548 648 1232 652 349 297 885 -415 -1095 851 -4 75 750 627 -1174 -1147 -35 266 -886 -264 -802 -450 -1 290 -1129 -582 135 -360 1303 789 -922 -743 -376 76 661 -907 583 391 -98 -397 139 528 176 957 1593 -1194 475 779 1189 -361 933 -514 -366 -1285 62 -579 89 -779 -101 770 -520 -1464 -957 1124 49 -585 -42 -152 434 488 -525 -190 -61 1142 -34 -1255 -384 369 -902 -1122 -160 -571 1076 90 -436 -452 -810 -2254 1283 -952 659 -303 867 18 384 -48 502 -176 -439 -813 438 363 -349 -1397 866 18 278 -679 62 -420 -753 1019 -369 -198 -445 -1297 -348 6 -571 681 -851 -382 -1840 -918 168 1416 319 59 -507 -344 664 -160 41 745 -336 95 851 -674 611 -337 -930 -141 415 -770 1384 -1735 -697 -657 1393 -1232 168 -101 980 532 -781 141 777 -922 -873 420 -405 410 416 385 -554 -220 1067 -424 975 -702 -814 -298 1232 473 264 -192 -386 1817 -114 -27 -24 -124 214 -977 286 699 230 -798 -801 765 480 -1076 29 -487 533 -684 -220 133 400 -1115 -604 1016 -2213 -314 365 101 -333 -407 667 -1136 551 -253 -375 -887 -560 -34 -27 161 45 1139 -965 1223 -984 470 -97 -358 -1078 242 -1008 -533 1105 184 -68 245 -599 137 112 -224 -204 -242 147 -252 623 442 -1594 -316 -366 -90 -1039 1277 1167 -1338 -90 -18 501 -253 576 1042 490 356 -145 346 -457 -1489 -1482 437 -153 -995 -164 1098 -308 63 632 647 -1053 -134 217 218 -188 428 -2157 730 319 -922 -220 -645 681 -901 -423 -831 204 -444 850 595 -1750 -376 229 1668
938 113 -1146 999 638 925 295 -729 -204 -937 809 -474 937 -1816 -1779 1531 -299 -780 274 935 1448 2184 -125 -152 1185 -69 -298 -566 311 -468 270 1020 -844 445 66 -934 -1160 -198 146 -1118 -191 -835 -238 496 114 -1176 -699 1533 -1231 1011 -89 472 47 -59 -1305 794 -33 874 -633 187 1041 65 187 351 -428 -192 455 114 -159 -837 334 -511 -64 73 -2029 1013 -294 479 341 571 49 -69 -11 228 235 -221 -859 429 428 -517 41 -305 -426 -1700 -483 -410 862 869 -670 379 538 639 179 385 512 550 587 -962 -838 127 1011 -1118 680 1472 -1040 72 131 543 -168 -542 -252 -530 -123 -1152 425 14 278 -460 522 587 617 -1309 668 361 1884 266 452 -424 663 484 530 -297 -1079 1001 -320 807 362 -851 1545 34 -64 1005 291 -271 47 434 628 -935 524 1011 353 -792 244 -1091 -152 75 964 774 -844 795 -125 1590 1423 179 -1412 106 -1007 -583 -908 998 663 -577 510 678 -545 -275 -72 424 1103 111 -330 -175 -46 445 -743 -839 375 -1254 -208 601 131 -102 -526 -310 46 -860 -1069 -1125 563 455 -270 263 -219 -741 -1082 725 259 -35 -915 82 -363 237 410 1216 -846 -309 543 752 783 169 -409 1124 198 323 183 -904 -105 -572 -741 172 -825 400 -501 528 1263 586 -866 387 -752 960 290 -278 -1182 597 210 204 187 -1650 -168 -527 402 40 -121 -339 -72 -638 115 -356 -877 -660 -52 48 -386 -1447 889 129 435 -637 -820 -652 -324 162 352 -402 1122 322 630 -1280 -178 640 436 993 -175 -1 324 123 -835 950 373 262 562 889 -435 2264 66 -494 487 965 -1199 417 261 -360 606 1020 317 -112 451 787 -3 779 952 758 113 177 245 52 -1274 -119 1276 1243 -42 368 -1093 -92 36 528 237 982 -979 928 861 -47 374 30 -312 -602 -931 135 -922 -1171 135 570 -465 -399 -73 -690 -762 122 313 378 227 447 470 1221 430 -143 -187 -86 -372 -586 -1340 272 -241 -309 -355 452 221 496 293 1218 -647 -21 908 125 -88 638 365 -836 -252 821 1137 -293 903 402 956 16 -779 -530 -27 -1021
-1071 173 570 71 932 1102 -759 -67 -617 184 51 -93 539 785 878 -567 150 -380 -550 641 132 470 -998 -1561 -176 771 -955 979 -971 -818 229 -102 -91 617 -1067 580 458 1084 -200 -590 -721 -1082 72 564 527 -488 -267 334 429 -108 1047 -103 -170 686 -1374 326 -199 525 -548 529 1000 -923 -1085 -958 -198 -439 101 498 1235 -75 -1212 -527 -437 330 505 620 46 -297 618 -1108 -935 -1068 505 389 750 197 -129 107 892 229 -237 -708 -1836 692 777 -1209 1130 196 201 1261 -125 -61 -351 312 616 -696 -394 1062 1800 250 -120 -348 -258 -351 -272 -626 -56 -475 277 -263 -1628 210 -1089 -3015 868 244 254 1333 -86 411 -441 -1007 -634 -1354 -67 -278 -197 1453 -4 -890 155 15 -1120 -1186 -1651 -132 -830 773 66 878 -557 192 -790 -702 622 415 -413 1543 -612 1043 52 -838 -1896 -452 -1141 -339 -267 -247 -569 -253 335 1654 604 -125 714 -896 762 65 596 -1238 -1089 -1573 258 542 1094 -504 965 819 -1417 176 -455 -186 532 -896 -545 -769 -184 1146 1493 1554 -154 809 62 1355 -366 -115 -48 -341 -366 -257 -1059 -764 -256 1377 415 171 -56 -505 -1333 1246 750 378 -74 -899 -692 1147 157 625 -710 -2494 846 -875 -23 937 181 -88 -1960 875 237 227 905 -299 505 -73 -1390 653 535 -308 223 285 1583 -263 474 -511 244 635 361 -664 1021 -574 974 -859 -376 -213 -129 -225 -38 224 -872 602 155 970 23 967 962 -632 -503 -591 -35 590 709 -1413 -603 -529 -985 1164 36 -2131 287 477 13 741 -198 -640 282 311 1620 1601 1201 449 367 975 -268 1486 551 1014 934 -638 1091 325 -1039 624 1018 1538 185 -206 81 -757 612 204 31 114 -824 -419 1151 -221 -483 446 -26 -975 266 1361 -505 -1477 -159 -359 -244 1977 614 -305 -758 194 128 925 339 -888 1364 1282 -264 -969 -964 794 622 362 944 295 1089 348 951 123 -514 1413 513 -320 -508 411 313 -203 731 620 124 738 -345 -706 -330 -332 -214 -74 -15 797 93 -275 -248 -100 -823 15 -616 312 1234 -751 -887 798 858 740 -2 257 -740 -1812 -35 -245
-346 1205 -924 403 104 252 -93 1570 394 976 112 564 501 166 74 -484 272 -1233 -578 -1537 231 -464 516 -2 -2541 -81 284 2008 -574 -350 608 -489 -755 -938 486 98 477 -420 -430 971 171 -82 450 40 510 -417 -232 702 -38 -326 -473 -604 -984 229 -918 -1056 -1404 573 -507 197 -696 241 34 618 -996 -1029 -534 -62 855 -179 -259 -396 -584 56 -1436 1099 511 -946 -680 -658 153 500 690 99 -844 977 -220 557 -729 -420 -206 1890 -1024 852 763 -1291 -464 -365 -219 -1323 -1223 -680 714 318 982 -324 -204 -35 18 -545 -239 -152 -252 -335 183 866 682 -535 -27 1181 -261 825 492 -237 -42 -1321 11 58 144 -556 -993 1360 810 -194 8 82 197 -202 100 1884 -550 -805 -988 -200 -388 346 1399 685 637 417 787 -464 -285 725 -364 738 303 351 779 -117 1540 -2159 -868 252 162 1109 110 -116 -608 -264 -247 -60 152 233 482 170 134 1225 1043 -295 1106 -264 113 86 -542 822 337 -4 -479 724 -87 -399 -468 66 147 -882 793 354 -205 63 235 -606 -1330 76 -363 -429 -332 -170 -23 491 -1746 823 -56 -236 146 437 326 -793 465 218 -1033 926 -247 545 -137 645 239 -1274 642 513 670 -1360 -232 -404 680 -865 297 -191 -438 -88 -280 353 150 392 290 -881 554 -67 -1291 -55 -632 -108 988 551 -899 -848 1241 125 -217 72 -1213 357 -149 -837 459 31 147 757 148 -1182 -439 863 221 469 -765 -1516 8 854 -442 1435 234 457 -775 -460 -162 -107 745 -252 663 -8 -779 -769 -98 -444 -450 -719 -239 159 -709 820 391 100 -812 -735 85 -146 -236 389 284 -74 260 -785 -393 758 -905 1389 -817 -625 -379 1056 -547 14 -1209 -166 -595 381 -216 1378 -1124 -263 -323 241 -446 -1200 930 -63 291 -60 -97 1496 -272 618 985 -167 -61 -670 -261 785 -1523 406 14 -783 -572 111 -894 49 267 -1298 -330 -300 -270 937 617 -93 1412 137 -322 484 -588 527 -561 249 12 162 -1077 927 -366 -850 -234 1183 515 713 -17 311 -604 -370 771 866 955 1542 1444 804 1501 -614 -1252 135 -2097 -2 621 1116
-12 -978 791 -95 523 -1686 1659 -543 253 -311 906 714 -106 328 -28 -280 343 612 -635 319 1007 497 173 -856 916 -460 801 -120 -121 208 445 814 -796 700 -335 -706 660 2250 422 111 966 144 70 -551 -173 -117 -417 -290 806 -597 1374 -2171 713 -418 -457 900 743 145 -35 609 685 -1089 -1219 497 -155 570 444 -2067 325 -12 -87 -414 -1096 -896 1140 110 841 -549 -218 758 -93 1 -612 782 56 -704 -505 -165 487 -646 -1144 -481 -386 2126 925 882 -532 -135 -325 -967 493 -679 1400 -143 -91 -66 585 -1314 49 -386 1407 519 -1669 -781 91 -248 422 -1084 713 275 -497 187 409 -979 920 612 -192 -603 614 136 861 657 949 -545 359 1186 -397 -329 -402 -847 617 1202 294 -614 -945 913 461 -701 -313 399 1744 -267 -481 -380 203 -87 -501 -755 -382 139 -95 44 -812 788 -467 631 1 -626 168 -1165 45 1219 374 -300 -28 237 721 413 -991 -1980 -426 -513 -17 -522 -277 513 374 -529 -128 982 235 336 -484 456 1023 -600 -425 -128 -96 -408 -857 307 -157 623 -359 -831 317 986 82 -226 1065 737 -791 421 -1142 861 368 -2069 -59 32 1275 156 -129 -65 -942 420 838 544 1308 -231 -203 327 -643 -499 -303 -778 691 -191 16 -339 34 -1077 1147 1103 -502 9 -474 -1965 389 -136 -1426 -260 -1038 1281 830 -933 -686 -451 -1365 366 391 424 1850 -742 -476 452 1479 724 532 -673 -1 -27 1440 -48 521 -235 1023 1890 195 -277 -930 -475 -354 1459 -561 -664 -347 -13 -387 1479 -59 267 46 503 -160 -61 -340 -290 168 31 431 -832 186 -286 730 250 736 -1065 -108 374 -372 1788 868 -635 341 1217 -2354 -219 819 -76 -702 -1416 258 45 -1382 -24 -1431 -425 915 510 -924 -315 -105 -369 -952 293 37 1766 -875 318 -154 -385 -634 -412 678 262 748 890 789 -918 -442 124 -286 851 855 -1367 -433 -1230 916 -1073 363 461 300 175 436 219 1096 875 250 -123 451 478 -540 1276 -1698 -1143 -374 567 -276 134 409 349 238 143 -296 32 292 -917 784 1436 98 1988 1611 -215 137 -539 -925 1325 694 1425
760 -933 -1229 -448 719 -22 1053 -274 -275 -1756 1319 393 952 -1321 -18 586 506 -173 -518 -468 382 1321 652 -334 414 -582 -28 223 664 707 151 116 139 -579 953 -704 -754 1091 -121 1282 106 -394 183 227 388 1021 -326 925 150 109 -313 1574 469 -446 578 -401 67 -578 -964 84 -444 449 859 1196 967 -351 411 626 889 -707 -231 453 -536 -667 -6 197 -453 -704 147 -129 -766 -228 333 -1628 555 940 -499 3 -324 -1975 -802 -915 1421 440 277 214 -747 -300 -390 -267 -659 1469 40 62 1003 -1167 -276 306 -599 188 847 -369 -1010 -1365 894 -682 573 -927 317 -27 -1340 -539 24 -1051 -238 -859 479 -736 262 -1002 -1643 -226 509 831 -556 1170 -108 -545 1223 13 488 -609 804 1310 890 -97 -1445 698 -509 750 178 72 185 122 -187 -1600 -437 301 -219 -670 -86 -1101 1216 958 289 435 -268 -48 847 1028 727 239 -274 74 -303 -846 -1327 -605 -453 -256 -627 1021 409 -531 -146 361 -1786 333 899 -807 777 -252 -105 -283 -389 -1294 160 408 -1339 734 -720 488 259 570 81 -488 -843 620 1346 -464 328 -536 1438 -685 1998 -178 342 -11 945 -283 -1 -1270 -735 422 -501 67 813 721 464 122 166 676 -1021 713 542 -502 -211 -53 110 1096 -174 -824 400 863 302 751 368 -81 -749 965 671 -618 -1256 -645 232 -90 405 394 612 -671 471 -1175 -1094 -418 350 -410 -673 -1435 -572 -869 14 -920 1183 845 -284 -32 -517 -859 94 -242 1024 1045 2009 1210 -193 -1087 831 -485 207 536 409 -1514 1193 805 2371 -731 -28 -1037 -446 258 -535 -209 92 -665 -1332 -1182 187 682 -908 -1824 438 -1543 -868 -519 -472 581 -255 -1020 -589 765 -380 172 -246 745 -602 449 -1287 476 1257 52 -349 -374 -1426 1087 348 339 261 797 -502 946 -420 927 1395 -282 -63 -542 -204 99 1555 -382 -1016 203 -495 3 -882 811 -52 458 144 21 -849 -874 1252 508 -1024 -709 977 -350 1331 -700 422 -186 -22 455 -734 1063 315 134 335 1432 501 655 716 205 1322 -262 855 172 1799 -1184 -775 -541 -1169 516 -235 574 -1799 -1002 -824 298
1257 1093 780 742 1060 3 -352 -367 475 -213 -155 108 127 -101 -576 151 576 693 -319 -239 -380 51 -1374 58 49 1069 -785 760 -78 176 1161 173 -415 -3 -305 1024 40 251 332 458 1544 498 -334 66 -534 370 579 -452 154 174 251 1087 274 -520 -287 -719 -225 842 -773 349 1046 126 417 1015 -661 1037 -1040 419 576 -534 736 -607 -353 105 -818 -852 -909 -1253 78 355 -795 -275 -545 -49 -1129 830 878 553 392 301 -216 -588 -84 22 721 -805 477 88 -68 -476 663 142 -1624 462 -306 1628 108 -553 1028 -608 1414 -1187 715 67 1698 -8 43 -572 1129 814 371 961 -686 -1712 -143 -688 -802 205 -539 -230 958 -658 298 -252 1172 819 -49 1214 2 180 -1186 265 -414 509 -983 -96 -602 440 -534 47 -60 -179 1011 -764 424 113 -496 1188 -189 111 876 -1310 403 -946 1265 -778 1599 160 1104 -187 105 649 -647 -507 1031 -491 176 -294 -377 1543 1441 372 -1017 669 338 -901 129 -292 -230 -471 -105 352 3 -772 -718 1201 1324 346 -1094 -343 427 -89 65 -649 932 -549 1701 -869 775 -126 -216 312 1218 53 -417 716 -1286 -581 -137 37 458 -1360 -80 456 113 417 -345 358 394 -694 -326 -344 503 452 -474 882 -977 47 1 464 -362 -1387 -134 -1066 866 -246 -436 36 592 -138 -621 188 1385 836 -689 570 -1006 638 -1220 41 356 -1166 35 324 160 -566 -1102 -13 1018 -688 -427 118 -329 -464 -49 827 301 -986 -37 -599 -1310 217 -226 -1065 -158 -72 -1164 -397 -283 734 -693 1105 374 166 968 -461 -220 495 329 -413 650 -121 -1263 -50 -359 1183 713 548 -767 -202 -392 -214 -407 -162 -26 -113 -86 -355 1297 -286 155 -272 -1059 -407 304 415 215 169 634 -946 -789 785 -1364 666 -1191 -454 -256 14 432 900 -601 583 -1873 141 -955 500 -660 -140 -427 -1016 391 626 668 -846 1223 458 -1645 332 381 1073 -243 -812 -527 194 -87 904 423 -730 -476 -249 -437 177 -95 906 971 -209 1324 -72 -1156 168 260 -957 1639 24 -448 -651 946 616 517 -390 -1226 -1164 -1082 -484 428 -325 629 -1171 75 -1197
-752 -4 628 518 184 771 -1132 63 523 -628 748 67 -78 651 507 347 124 -226 -836 -507 -647 -72 556 -38 71 447 277 270 170 908 149 -799 397 -563 946 -369 265 -238 -323 -459 -295 1252 -539 -901 332 626 -378 -473 339 -456 -220 343 426 27 338 859 -1140 -517 -162 345 -585 991 233 283 -202 604 -273 -309 330 348 -184 -154 485 310 -1209 -2001 830 355 -864 156 -904 473 -793 -973 665 -228 -1558 -888 561 -1338 -367 -491 31 -117 1021 -674 633 -1216 583 761 88 -938 -627 954 -626 -132 -183 -356 -1487 -214 120 -623 -76 -1060 851 357 -563 935 -96 100 -291 -1218 -71 -743 -175 683 -244 126 236 507 647 468 -404 -1795 456 284 -1161 711 -379 1205 -422 965 474 -690 -159 423 -1130 963 1367 -1226 -1253 363 781 -1057 -755 463 -333 284 -202 690 -416 612 1048 800 451 200 182 504 155 521 275 367 620 356 -1332 371 825 327 1619 -49 471 1431 -324 456 -2205 -270 -530 -55 374 414 -557 -1306 817 306 -30 -602 -308 791 1015 -435 -373 249 389 -90 1274 -374 -295 -314 761 135 -482 -294 334 -459 158 836 221 -932 138 563 520 190 351 -960 571 -747 -332 -357 -962 -758 558 -36 390 -1380 -754 -1045 1273 -102 250 -1083 1118 -30 686 580 -568 1054 -373 -149 707 572 -464 -341 238 92 -698 -1207 -1060 447 -33 439 -69 -126 385 753 -266 -93 90 403 -304 -668 420 490 557 -259 139 -218 54 -115 608 -682 -144 -412 941 581 -1071 -312 587 180 -377 743 516 829 710 254 -537 408 -648 -331 -834 256 299 338 2 34 -623 -184 -780 19 100 307 470 -125 160 -210 375 1533 1116 175 -1114 132 652 -379 173 -225 -406 -466 23 611 402 1265 494 -879 -607 -1190 1078 468 142 -273 -1138 1 113 1302 -58 414 594 -862 764 -477 529 -920 635 771 -274 -113 -148 -22 379 353 1056 503 907 524 934 503 -100 192 206 -24 -1487 94 58 825 1024 87 1719 -385 -514 -71 -802 687 249 1059 668 -515 -315 -921 -940 747 856 501 -1023 -838 -853 -509 -272 -766 -399 62 -8 -710
313 -142 -1101 337 613 1330 965 383 928 240 962 -358 47 1204 -572 -245 118 345 -59 356 -1064 497 1519 477 486 -922 -355 293 129 -36 -1075 -537 267 1000 -158 128 777 -876 -1328 19 -678 -1098 725 -830 -1012 -1030 272 969 300 -257 -187 -39 -53 94 -339 -206 -509 1427 -677 257 -718 -319 650 -154 -34 -141 -728 -284 -69 -296 459 -346 -1534 -47 -423 -829 -652 -726 1041 1320 486 -507 1979 137 429 -1064 -359 620 -120 -2128 307 68 1157 -813 -67 -710 -130 -353 -663 387 1321 30 496 -581 591 498 521 1216 83 834 -479 -359 -148 17 159 -625 -1572 -681 -902 -75 1632 -1512 1123 -99 721 509 839 1038 28 1922 -1001 982 -460 469 386 -326 329 1099 -171 -526 -196 596 850 266 -28 -269 -1416 773 393 80 383 122 -135 -420 -74 -255 841 1027 10 277 -919 -203 838 623 -953 244 -901 -405 507 239 1149 337 -159 -498 -761 616 1184 529 547 183 -1219 1384 -349 -107 -909 -263 -576 -600 310 -107 -1845 575 14 590 -398 -369 -110 218 791 1094 469 -547 672 307 30 -1980 -628 -1341 -837 -74 -5 -569 286 -809 -602 517 333 701 -739 235 -427 940 1066 -404 348 560 574 163 162 549 249 405 -1444 97 324 169 -41 657 -198 10 314 -704 -726 -423 -41 251 795 -215 -493 -856 -129 -904 1760 -454 -626 -1112 -189 -221 -227 -140 697 -657 392 -318 217 1744 878 16 -692 -1517 48 920 -1276 -27 -300 -972 121 -136 -73 697 265 -374 1847 31 -299 694 -405 -567 -118 -757 1022 925 1317 491 -508 -246 564 970 431 -39 -136 1450 136 1152 87 288 -468 279 -202 -356 -1075 -37 208 -1566 -342 249 810 -1229 -461 123 758 -1758 -1308 1147 1095 768 -1694 -1516 -1156 -1178 -726 -127 144 -344 -137 31 368 172 -637 288 1425 6 925 756 -840 -1449 -677 -326 -250 -438 584 -1028 -748 136 47 503 1490 2004 348 -2360 540 -388 -52 -824 460 122 893 -83 255 -870 1257 -530 358 185 425 -301 -292 -479 -823 163 1527 667 -39 1081 542 -300 335 1628 -372 -513 289 -961 348 -415 -477 330 948 116 962 708
252 -16 -1364 -831 361 -36 -657 533 -536 502 1010 651 -1181 -232 828 -930 1184 -436 675 -449 792 -1376 528 197 10 572 -179 -833 -1281 475 -660 -473 986 -214 558 670 307 -200 -689 -457 539 -284 438 397 1664 679 -642 -1540 1515 -456 138 -1276 567 -388 71 -335 -56 -382 323 -2055 2 1360 -729 101 -575 1196 -676 1517 -250 13 -391 944 -449 472 -174 -838 -1467 380 -574 626 321 -209 732 -123 -745 519 -1432 225 -95 -710 351 -413 -148 634 374 95 -275 -368 775 835 1392 -97 117 443 436 -427 -570 442 619 -417 -394 307 193 -78 -576 350 482 548 113 -1477 -23 -433 556 -182 1204 -12 -144 -1155 -242 -436 1228 -508 354 343 -198 -1101 -71 -1038 -1306 859 894 892 -24 -502 1196 -136 -403 1191 332 1011 -1440 -1049 106 -174 -753 -827 2244 -170 -1071 -81 -438 275 -552 448 -36 940 17 1053 -673 727 -38 -550 -810 -648 -566 377 -452 345 -1016 524 -932 124 202 -343 -393 317 1272 -304 -238 1451 -692 -215 -931 378 1165 -203 64 -1101 -1390 -878 -264 -284 -703 1237 -1228 -812 747 -38 799 58 573 -383 -79 407 -230 377 1329 1058 179 1582 194 530 932 933 1231 -610 -733 -73 -633 869 208 -961 -299 -740 841 -1215 -344 315 1160 236 1815 -750 755 -1150 -281 508 233 -2328 -103 35 511 701 -92 342 48 -1255 -336 676 842 75 511 -226 -1336 670 -485 -582 -2349 154 -183 -990 -52 1008 -538 148 292 -85 -319 433 961 -908 -580 662 -183 25 -51 -409 -336 422 721 586 1191 -1196 8 -1161 1657 320 -93 1013 272 -221 602 76 352 -321 -538 -173 -160 -501 -1225 -549 1440 707 791 -596 -81 732 485 1626 -149 -788 800 255 644 925 1135 -1181 -395 264 -249 1113 -466 -394 199 339 -1230 -1153 575 328 230 -21 -67 378 618 735 985 -437 847 472 1008 -287 1486 -49 -535 -794 361 -192 648 -1296 513 87 -656 -436 -94 -452 581 -50 84 -580 -1051 -669 -75 -309 -716 609 -540 -920 453 510 1636 -544 867 494 564 97 -704 -83 -967 283 203 107 59 -726 -54 -477 306 -216 -235 648 653 -348
357 1192 324 202 -480 -1258 75 -2168 -1071 -528 99 1161 -465 495 506 304 -1958 -461 -717 -328 -363 -236 -570 -360 388 621 -632 464 923 185 132 2254 211 -384 -702 -779 935 176 -68 23 856 19 706 -655 1014 -787 -262 287 -1169 -636 816 81 512 105 -756 284 -649 439 -639 -323 685 509 -1066 -497 -1383 1001 -535 138 50 1150 1705 1376 130 -612 -27 151 -432 261 -495 409 -712 -243 -1464 -635 -93 -107 340 -1064 -509 242 -1308 -1171 -981 -343 414 -639 180 -335 747 -889 739 126 87 523 568 985 702 -392 343 611 310 493 -11 -565 185 476 603 381 153 -762 -457 -1219 545 205 1098 718 -362 -1315 -1029 -455 87 836 -369 752 722 815 109 -1079 -842 1070 314 577 1089 755 -417 643 608 -1074 -330 -25 209 690 270 102 438 -708 1435 787 -461 -106 90 465 666 524 379 -463 -66 185 497 -815 -101 -1353 787 767 -683 1231 -792 1341 -945 651 -242 788 874 595 -67 -125 -162 54 -366 -374 705 558 607 349 738 305 339 501 -1031 -1652 -746 472 593 -1117 -313 596 44 720 350 -1397 677 -165 406 569 -147 -276 1224 -648 586 -901 -623 94 687 932 -1014 -1199 580 165 -306 232 -1147 813 261 439 212 1040 -665 -698 438 -246 -274 690 -275 1281 34 375 -521 -670 290 -80 -343 -315 -72 -1018 968 -944 598 -15 -749 663 -1807 -1451 388 -179 -217 945 -483 512 1020 1020 -591 -803 -81 69 -470 -425 -1227 1 -60 1285 -1253 -403 -558 1094 -363 347 -345 573 840 1350 1707 -200 -492 1404 235 -1214 -78 584 356 -1524 -252 115 -113 -1192 327 981 -800 -914 -499 950 172 786 -61 -476 -502 -270 -249 -708 -381 -1093 -448 1194 -166 733 46 49 599 244 -646 -311 -1542 630 56 -1564 -791 -148 -1856 -248 -1593 -1257 -454 -293 221 1018 1418 574 -639 -939 -551 517 -1363 -506 971 1079 -155 -300 116 -46 760 -1722 -1047 -77 417 -618 590 -340 294 -1027 1020 -783 647 94 956 -183 -319 -282 968 434 -293 851 1012 1092 390 130 -171 1394 -1155 -677 1057 -1683 274 -23 297 756 876 -766 739 411 -800 -823
529 -16 540 -82 838 -525 1386 1003 7 905 587 -1845 280 -581 -1108 -859 -1153 -1562 -410 183 884 -980 456 25 -212 -379 210 -939 -272 640 1198 -1771 -954 126 817 -276 1578 -17 301 -65 554 1801 645 -555 936 1562 -978 641 237 48 -40 -264 -198 423 -211 120 914 -267 -215 -492 -1115 475 1334 -259 -474 2206 -809 -15 421 -336 -421 -786 490 -691 927 351 -421 -792 -550 818 1931 -12 1475 -1024 -264 -98 753 -120 31 -280 -918 -191 553 1007 794 -343 -923 -695 -1018 264 -1082 923 249 670 320 52 -488 -791 -345 -828 -45 222 -1522 -1193 520 -784 -1206 -180 -613 -383 578 -342 868 1186 1588 990 -274 465 706 756 552 -15 134 -114 -81 1078 -1501 351 -526 -469 -317 485 1369 -661 -123 147 566 -546 1162 -538 363 1316 -524 540 239 979 926 -644 253 807 -577 -827 -277 -312 -348 -642 40 1158 383 745 -1586 -58 1217 -167 -100 1882 132 -428 -52 86 624 -180 1291 362 -607 -296 1099 165 1340 317 -514 424 702 -143 -376 180 20 491 1404 -256 1459 -1295 1419 -566 -918 586 1647 -98 -896 -331 367 142 -381 -952 -956 64 1006 -729 -217 682 -134 -82 433 -394 -687 259 1458 542 -230 316 -415 221 459 -664 687 -235 -672 766 -418 339 325 488 2129 -526 890 23 -158 1097 403 -1274 -636 188 -471 -503 -125 -903 -1067 1035 -692 357 359 124 -456 -890 263 -767 1281 61 1584 346 -836 -229 -621 906 383 -11 -732 368 1227 -160 -339 -59 960 1888 -1396 -612 -207 741 -2384 -70 1135 1293 732 -341 -482 -354 267 -547 33 128 -104 -67 46 868 -717 -1486 292 -714 -255 760 -360 -1064 1575 -1724 424 -33 -669 583 516 -288 71 -465 -863 1549 -595 261 425 557 -326 -431 127 -7 148 485 764 -556 509 -1275 -886 545 -59 -465 -1350 804 337 1515 -1517 203 -1105 -281 -406 345 -1551 -490 1285 1017 -863 295 63 -527 -521 -974 -451 -299 -445 -361 419 -805 -165 -55 34 916 193 412 -160 -901 584 328 501 -1442 635 39 444 -445 348 822 1328 59 432 326 -185 869 -106 -1229 -504 1050 -1022 -178 1257 -713
805 1070 -306 -665 79 -971 -475 204 222 359 -105 -430 -212 -1016 276 430 -735 689 153 739 933 -209 27 337 458 -359 899 -666 -209 750 -76 1322 -315 -982 -177 271 -208 -223 -550 -210 -487 -242 -150 110 41 972 -121 -1087 381 -451 -599 693 440 467 -1175 -540 1137 -111 792 -476 -92 -1328 1145 335 1183 357 1339 -59 -173 -227 -218 -584 760 115 688 -56 -486 -440 136 355 -100 -83 348 299 -238 609 908 1099 -416 422 -466 -172 -717 443 -377 -832 -652 879 1256 -423 477 -75 -379 94 54 279 338 -830 -18 409 769 -1763 -297 -863 586 -1305 -1662 678 -500 -1098 320 -510 -72 969 435 344 616 1397 -751 -607 -623 412 -150 447 -395 612 -280 255 -437 -187 -1155 -177 72 359 979 -883 336 245 6 144 378 1081 -970 969 -280 -756 -563 -64 -462 459 850 -141 -312 460 -160 324 133 -1035 -101 -62 -1219 535 -108 105 127 610 -590 385 -88 -1343 399 190 470 539 -141 897 982 -346 -184 101 513 -816 305 -372 -654 -876 1313 693 -710 -343 48 -233 -206 -652 146 -648 1429 32 -206 -112 581 -334 -8 -467 293 108 871 881 863 919 259 591 1592 765 123 -560 19 1202 -389 774 -31 -624 761 -351 -690 -147 -1599 801 79 805 -1052 -530 -760 -1306 -450 769 473 322 520 -672 521 1588 -313 -375 -967 -795 137 126 1535 188 -717 -390 -178 613 -794 -885 -452 -1028 531 -135 -168 -188 122 -678 831 87 56 -256 751 -1510 351 -193 -193 656 144 211 -509 892 -396 425 242 -1012 -99 -385 1074 1176 73 -97 -710 508 196 -485 -1395 805 -509 -403 -1313 283 141 314 -843 -83 -1055 -447 -921 1290 276 -450 -179 -108 449 31 -1785 79 843 -290 124 83 2650 271 342 -10 -506 787 822 269 -171 284 -13 154 -764 -901 64 1040 -670 -289 409 856 -95 279 733 -771 834 -65 -276 72 -447 -459 -385 -1419 -292 -1220 -82 209 -316 46 -836 1269 692 -427 -430 -1291 -530 -701 354 -1377 -1584 199 -183 -344 703 -755 -309 -58 -184 513 392 -570 664 778 -324 -420 516 -130 179 229 183 134 -171 486
365 155 -356 -393 -809 289 179 153 705 -1140 -297 -429 -593 64 -610 -172 -1568 -246 -704 -950 -112 144 669 380 -930 128 -665 -1231 1909 311 36 -214 495 361 -923 -978 -1810 -673 308 -1398 83 -715 234 -531 -1287 280 404 420 697 83 1187 -472 -1438 619 283 -190 325 238 218 428 -953 950 1026 1168 802 923 -189 -1290 202 229 609 620 -445 628 1251 34 274 620 591 634 822 683 638 869 97 96 1403 -736 -953 793 1164 -631 968 -682 -1653 -487 -543 174 916 461 1381 1011 -1179 -214 -862 -135 -380 423 -1720 -231 -1064 -636 -44 570 1250 1459 -1295 1352 166 -139 431 -84 270 1147 511 691 375 -1191 -468 -550 -931 1844 193 -538 -19 2096 -1597 609 -1607 -1210 -166 149 363 -791 -701 123 108 685 -444 191 15 -286 -177 766 -221 -316 373 -473 67 -33 724 -190 357 229 456 860 -239 -318 -14 82 1036 880 -90 94 -24 -311 -1217 1978 1168 636 163 257 -385 1443 -182 145 -309 902 225 -505 -813 848 -333 -794 25 239 -165 911 -969 -518 -272 692 -60 -204 -395 -65 562 -31 767 325 -88 -738 -628 -4 475 -419 -738 -1023 304 -1170 1621 611 776 -103 -474 -1227 -1168 1968 663 1270 645 345 413 -625 -550 -73 -1049 -610 172 130 19 1701 -422 296 1301 -1352 -710 899 479 106 -37 -425 505 -15 464 25 239 1138 -167 711 1580 -734 -1165 -799 -504 -766 -938 -1064 -325 1456 -413 245 449 -1488 -140 158 730 165 1474 528 621 604 1092 -450 910 136 -319 1664 438 357 -45 284 154 -261 57 -1393 -87 564 -961 -1546 -142 -596 499 975 -582 -397 250 -1250 70 76 -333 -2595 -191 82 -965 2192 792 910 -778 512 -13 186 441 -251 79 -130 908 200 691 869 84 -441 398 1697 478 656 1066 -1141 -75 -308 -1550 -108 930 132 134 421 1584 524 -252 -76 -309 -44 -48 107 -666 278 247 -216 -982 830 912 -743 711 20 -980 -416 1014 -347 267 -90 42 164 816 -249 647 931 -136 -735 1025 -450 -405 -671 290 -460 860 682 -450 -361 819 -673 -1539 80 1099 -664 2 1314 1671 -1967 1521 -1117
1032 196 -609 98 -1064 1589 -759 -834 442 -534 582 -271 887 817 -253 -1465 533 649 164 1180 -624 -721 -789 439 -124 476 -793 699 64 432 66 557 -22 -48 -121 1280 -1073 158 -446 522 -393 -656 -479 645 -48 90 675 896 586 165 877 -196 1283 -1779 1482 340 460 -573 957 -958 -609 939 -435 320 206 1770 362 -366 -30 -1404 34 369 -276 174 -1584 -1644 136 77 1247 170 319 -24 1249 883 -470 1137 -341 482 49 561 474 -38 906 520 311 -443 -73 -153 327 1719 793 1 -1259 -606 -118 -868 -724 479 1372 1597 -1833 1254 55 -162 -589 -380 924 1512 -414 2384 -301 -771 507 428 -230 -134 -344 153 -307 336 765 -290 -420 224 -662 -94 635 -756 126 727 -235 -527 875 -579 970 -1255 -888 -534 -554 569 106 -348 521 -296 -920 -1377 208 467 237 -210 616 44 368 665 -508 -11 68 -560 705 -864 -10 744 -536 -193 685 -1389 1940 738 -369 1003 229 -935 -803 414 -103 -260 558 -370 -138 2033 471 932 670 -247 -600 612 4 190 -2077 -681 522 -641 -691 -817 -594 754 -439 -1211 728 -1015 -118 143 853 1448 312 419 -769 52 -205 2056 -254 316 490 -126 368 425 610 1086 -480 -35 -463 379 1733 -196 1471 143 449 212 215 -108 1401 521 1094 -957 1297 -24 649 309 1160 86 131 -47 1322 -201 -451 234 186 -431 199 360 489 -674 343 -41 183 -264 -130 1293 13 199 -110 509 315 -663 -999 -531 231 -659 361 -73 -1284 312 162 -415 713 -109 -1132 532 98 -989 417 875 274 -640 -806 784 -452 29 125 -496 754 -386 -1120 -1296 -853 251 136 650 1611 -764 682 -1372 373 476 356 743 1055 1024 265 206 -132 242 -174 -135 103 611 664 -1059 744 -1625 -169 -293 -1034 -261 -39 -577 -794 -218 1466 -809 807 -1193 -1119 374 -563 -510 -1052 568 -973 -1 509 373 579 -821 48 -183 -614 835 -741 -140 -1597 -260 -579 803 1494 -339 -333 1360 736 -791 -1426 -1236 161 1181 694 -506 -174 20 1079 -552 284 -21 -703 16 571 227 -171 105 319 -170 110 -1531 -450 -480 -196 -174 11 322 117 -1244
-361 1219 -610 -33 272 296 38 401 -627 653 -712 384 -1577 -485 -251 -442 23 -1047 692 539 -317 -695 161 -242 1884 86 -320 272 394 1129 -167 412 -551 943 153 777 -123 -702 340 -2382 -636 1591 -377 -1251 1055 700 -780 73 -481 -1645 -1785 196 229 1713 286 720 824 -1248 -78 61 513 -1228 -200 -459 115 -585 74 -1113 -1105 487 279 -540 1475 534 835 -165 -2057 -219 486 -195 -282 211 -419 677 639 1804 -259 333 4 168 258 -1366 -206 50 -145 -207 -676 -1071 -152 -146 624 28 -494 352 728 1518 57 -13 -640 -1473 1076 350 654 -621 -546 -638 -1285 -491 -180 1007 -74 -931 -156 -1183 -937 1052 -1483 50 -63 447 -338 -1362 -5 -1612 559 366 1666 -521 1012 -1306 -1581 228 -772 119 317 -1206 1089 -401 694 -338 -137 -535 -515 1460 -671 -456 -7 -287 451 -402 525 1004 -347 -853 1801 171 -1740 444 781 1401 610 1045 5 -24 82 1126 45 484 -1215 -183 50 883 635 1573 -534 -687 680 1025 604 -8 502 -556 -816 -1371 -548 -745 488 381 126 1080 -294 -597 489 -407 -1146 494 407 -238 692 -37 443 -422 -676 -1148 40 598 -719 -676 -142 -1150 1465 -392 86 -160 140 -1243 667 -786 -622 -432 -592 174 -88 -1242 -737 -25 -1469 1390 -464 -462 845 315 -256 621 -909 372 172 74 884 397 623 60 212 -522 643 1399 -672 -1049 -679 -65 -125 498 328 390 831 -446 559 443 -123 378 -134 276 262 -229 -1019 -148 -291 -626 -176 462 -354 205 630 451 -34 -831 -432 1488 -233 664 -449 -136 -255 -232 909 6 -273 -636 -230 -172 340 -614 263 975 -467 59 377 324 120 700 184 -912 -409 -1426 -562 745 -310 -547 459 -928 -198 -324 1096 549 -755 -507 534 682 652 599 1106 -741 -510 1569 -1061 192 -242 -686 -592 -863 -484 -358 603 1658 889 -868 -517 -72 640 2270 -209 284 819 1235 1469 -438 -328 -539 1446 875 -310 -785 1162 571 567 -757 -798 1323 -1389 895 1210 171 303 573 -367 -398 1088 686 -1007 -730 878 2 548 427 -33 -1042 352 1318 -343 466 394 -950 -527 -839 -197 618 -153 228 1338 -712
760 -208 -506 1162 901 273 637 -174 654 -764 1292 109 -327 -62 460 -1035 365 -348 -626 -1058 -335 -1142 1064 -402 -129 1705 378 1451 631 -346 -784 163 -758 35 498 -424 -316 350 401 140 -1025 782 782 -1078 -668 -68 -570 -585 32 828 341 196 -542 1513 -1215 -1059 -2268 -509 -398 661 177 206 -1238 -1034 -604 238 -902 164 218 1415 -360 1122 220 -1580 450 438 -477 -1299 30 -709 306 118 -346 -512 -206 -1218 1071 -78 909 582 -297 213 178 1726 -1108 -92 -45 326 -734 150 795 -1127 -441 -392 -711 1779 -855 886 -1168 691 581 63 727 -506 -426 -1230 647 -363 906 118 655 354 -353 890 -1052 20 585 397 389 52 -1317 528 -60 -270 -261 181 -5 -544 226 -31 676 374 -801 -409 177 -139 1017 476 -942 138 -282 79 -527 -43 -698 624 -608 -220 257 -590 681 -6 837 -464 1289 888 82 -134 -515 -287 -27 -433 -624 656 531 272 48 718 1120 -44 653 725 1084 442 -511 -1653 -1637 374 -981 1421 -705 1299 -98 -139 -23 -739 -272 -886 330 -190 -239 1019 1622 -57 -96 -62 -1348 -121 886 -110 -567 -1885 -229 -256 -700 -338 372 934 194 264 611 -125 -953 -316 601 -303 -422 -119 278 718 -557 473 869 376 -91 136 -858 240 -376 1070 512 -37 936 577 238 -260 -492 13 -302 1096 204 -922 -504 388 -591 199 -32 -166 657 -1070 1024 -1267 -709 724 -140 -672 -1226 353 536 -2183 -145 -296 344 -499 -380 -364 462 -563 490 448 667 -265 553 1123 487 405 507 -1064 814 492 134 -505 -1138 1473 -326 -1096 145 -254 -1178 -1584 -522 737 229 419 -447 116 494 -757 -76 -64 -617 -219 -651 473 407 -193 -1001 -1058 -414 279 -254 -803 -375 -562 -287 883 -28 -93 -176 0 -64 -511 1160 5 718 1294 776 1017 -198 2 -228 158 908 799 -513 151 1130 373 -296 -679 446 470 12 483 52 1241 842 612 -958 59 -645 -545 -569 31 -1022 188 1529 967 -657 -406 2418 -473 -632 264 -363 250 109 244 -670 1422 208 1018 220 1615 874 -937 -415 1150 -782 -1185 325 -1679 650 -189 -1056 804 -164 154 543 525
1038 241 260 360 -669 -167 94 177 -387 1470 -469 80 -598 257 -991 -149 1176 997 281 294 217 -127 -721 427 -860 336 66 214 65 336 -1824 484 1547 31 1667 623 -592 -698 -281 756 1031 -209 1202 187 365 102 -146 -43 1144 -709 481 95 -1427 -294 43 -764 -1220 -304 -376 -508 417 -215 -342 404 15 -1136 -423 -676 107 -1113 1242 594 -1725 224 397 818 1051 -424 363 5 -320 812 -459 1032 156 824 833 706 -857 -112 674 767 -554 -502 593 192 -155 1099 -950 -99 -73 148 687 -187 -169 33 409 -400 -416 -632 -1747 -948 -973 -1279 97 -770 55 -141 113 -638 -888 -644 879 25 1319 -414 -579 -355 -640 -221 -1520 -154 838 -404 -1908 -213 605 -724 -80 -712 -761 -1172 584 1257 225 -735 386 -759 192 -453 -76 401 -611 86 -495 -125 -182 432 893 -719 737 -41 -1091 -638 -227 -854 175 50 -764 -1288 -1146 766 985 454 -287 -68 -419 886 325 1329 398 -672 -245 699 -434 -42 -855 -1356 152 -404 -148 -653 -350 -872 376 -481 1314 -13 -1753 817 552 -311 -173 369 1431 -1052 623 -838 -869 208 -227 -431 -329 109 -70 184 38 -522 -249 719 221 606 306 1102 -1094 77 818 -984 -887 -760 98 542 684 -314 -1812 64 244 530 -186 -347 -508 -1014 157 -280 297 -1576 -384 -504 72 -545 -1317 1082 -66 -352 -440 -265 -798 801 460 316 -1476 -446 127 -86 -807 -146 876 -157 -1067 524 282 -613 346 -1849 -1800 -435 -715 578 -322 -471 601 -198 354 -1378 -479 -168 -37 1134 591 1046 679 -934 133 585 -541 424 -1176 -71 -1075 358 -40 -135 399 435 -264 -375 -1564 253 363 -287 526 -91 -323 -326 909 486 1047 -1387 1254 -87 -486 718 -381 -1735 844 166 338 234 -609 530 781 291 346 -634 438 -1418 691 -1983 86 121 -113 -244 -822 -315 339 -769 -888 807 537 700 273 -926 139 -1053 -717 -1059 -572 -1476 78 1184 -936 460 -283 1488 1141 190 -1124 808 188 914 -206 341 711 442 643 242 -466 858 851 -202 947 -2 496 230 723 -451 -297 -48 -251 1119 -776 -133 464 -584 -1087 1051 561 -140 124 -1293
-883 556 -105 496 685 556 -351 71 -700 -339 311 -145 265 1040 1326 5 629 728 -170 230 365 -117 384 745 653 -728 656 -1086 -332 -566 -86 917 38 -333 -197 -1302 -1229 1574 -574 -446 -1173 139 64 465 -770 -553 -356 -879 571 -286 -510 815 971 -305 -1095 613 351 -267 -335 430 701 -61 -259 -487 328 -1776 -67 1265 332 -56 -517 136 472 -217 1531 -131 -596 -1364 1053 260 -665 548 -510 113 442 228 -706 496 -130 -1545 -343 1099 717 603 794 118 403 794 105 -545 134 933 -188 -677 711 -100 1268 732 1694 -1403 -888 -641 115 -201 -495 555 -1344 -876 69 168 -308 32 665 678 -660 -233 291 -211 87 928 331 324 -89 447 -818 1030 561 1235 552 1095 205 207 -1107 -779 820 16 1007 -336 515 635 -574 -1176 960 -1464 743 -52 -1470 -148 -2 404 -1312 1539 -483 218 -1919 -497 650 -560 -759 -788 391 -733 98 -744 198 -961 599 -158 510 -491 122 -315 -840 438 363 -386 372 -362 319 230 195 -148 -434 648 174 -774 -165 1098 500 13 -818 159 -2034 -1068 57 -861 -368 -58 -443 930 -265 -1099 803 -650 332 229 307 -237 -306 770 -347 -472 780 854 212 -1053 -1125 43 -478 -133 -780 -222 -196 -287 85 -1436 -310 -155 -265 737 733 -589 -699 379 76 157 1039 -11 -242 -20 20 700 -459 -808 -350 -850 732 -1126 -1608 577 128 438 72 519 567 283 772 -544 -96 300 -169 772 -185 -280 1352 -654 -1243 -1094 10 -402 875 393 773 -794 270 165 829 -106 311 1217 -661 -3230 857 333 -1259 1628 1067 892 -1424 -86 710 699 -455 -1089 -499 -328 -360 1665 -610 457 355 1288 353 482 268 13 391 49 38 -429 -633 415 214 245 629 -432 -1155 -1127 1421 861 1194 -408 -195 -461 164 -637 -385 94 -209 997 -413 -253 1203 -1209 248 -960 930 919 481 8 -315 747 906 376 -849 -543 530 267 -843 162 46 3122 1541 1366 -20 1099 1289 -796 2093 -187 1158 -251 -1327 -692 1408 -401 -1128 366 237 171 350 -501 597 275 1062 -680 -86 267 -622 -784 -1423 162 101 -386 570 16 -524 90 -239 -1076
456 346 -113 -15 -154 -27 1701 620 59 305 -880 -789 -1312 423 337 -130 -137 973 1414 -1665 798 249 -795 -178 -1397 277 -1481 -986 1469 -926 307 65 260 270 175 1105 1116 -156 526 -87 -386 470 -932 -1137 -815 260 29 140 -701 563 348 -148 -419 606 264 593 226 -467 -115 -58 1209 -1897 -809 -811 635 602 403 -249 -395 -117 -1291 -702 1508 182 487 476 -240 342 -503 177 -36 -559 1036 143 279 652 -152 -1376 0 630 480 -58 372 -181 -887 814 63 1013 -518 -252 -14 809 749 684 633 13 -809 198 371 -834 959 225 -150 1055 845 597 -889 299 61 599 802 2152 627 917 -1067 1509 777 -1352 155 647 173 644 888 456 224 1266 -593 731 -1466 -412 -47 -698 -555 1536 -357 -723 -33 -1727 -415 -265 229 -171 253 499 -621 936 -997 214 -335 92 699 307 1024 447 -347 277 194 -551 -656 -1323 -846 -368 -699 -914 1205 456 152 -472 474 -27 -452 406 1517 355 -416 290 893 584 -131 -271 -582 -56 166 111 -505 -571 -19 1419 1300 62 588 -28 -1463 98 1214 40 -163 -187 508 -199 305 863 606 -1160 -215 -318 -743 1300 -441 -1338 -846 -94 48 -726 -694 569 92 -981 741 272 -293 -1062 250 850 197 -321 1665 -1842 -392 626 80 659 68 823 442 -901 -253 913 -63 1495 962 -990 1606 -667 397 -410 719 393 -263 859 130 400 201 -617 -38 139 286 -1054 39 -496 -221 -439 -1103 -273 1297 1201 -767 636 115 322 -331 544 1149 -333 609 10 -366 419 -955 -216 -869 69 645 737 -332 -636 -929 -1344 -536 558 -588 221 1636 454 -27 -1543 -772 24 -133 624 144 614 -437 -187 685 -717 -144 579 -605 966 -616 459 -126 -243 747 34 -228 -1125 165 -502 1792 -692 -283 599 -495 581 360 243 102 -544 1098 227 -262 358 -387 -347 -103 -1245 -576 -209 -1745 926 -77 1062 779 -388 809 285 -769 108 111 165 -369 -482 -2009 254 -324 -451 1354 580 -113 344 708 -45 -184 321 1435 -627 373 -237 171 -1018 -673 -315 -987 1057 56 993 -1101 87 -407 -415 -423 376 -1087 -466 400 -411 -589 1474
273 532 185 -1436 -1126 990 -1365 -654 -510 421 -43 -20 285 -170 -399 48 -454 143 1914 -774 -495 144 -577 -117 -260 992 -437 621 -143 -509 -27 -836 83 -294 15 342 1216 79 -734 -625 -1245 -166 -502 1113 353 -1010 1018 480 371 338 711 674 99 249 116 -243 -565 618 815 63 -157 448 62 783 1018 -116 1144 -51 -991 778 411 670 -183 -356 -292 -276 268 74 366 86 144 980 -350 181 862 845 371 514 104 586 -415 -986 1358 163 113 -823 -509 -698 -333 -354 -799 803 -825 166 -717 13 253 506 710 -400 -1115 574 133 819 965 814 -1185 1395 -343 771 292 270 923 510 540 -217 703 355 403 636 508 1126 -781 -188 -915 25 108 -1040 526 1375 796 180 490 1477 71 758 -182 -831 627 727 408 1483 1574 -96 -171 325 -370 -982 -39 761 695 -553 -518 -208 955 -1194 1135 849 160 415 -22 -1070 294 68 62 -260 254 80 -781 889 -447 -207 175 -18 -438 479 -341 1442 -689 -143 740 836 -949 -510 -806 1282 60 -448 -203 -1833 -178 231 -388 -68 -858 347 647 -1 1031 -110 -1149 795 822 -478 782 -192 446 -245 560 126 694 1183 295 -182 325 663 -775 525 514 529 -1280 -77 709 -33 174 30 1048 368 -884 5 273 -31 210 750 861 678 -219 649 43 -358 266 -1201 1552 710 754 493 -214 -120 -1117 -877 215 -345 -50 -386 472 561 366 -593 396 1079 -377 882 -602 826 -338 -126 1557 -589 -333 523 83 -519 -147 324 736 149 79 -16 -1566 -1026 1087 172 747 -926 -686 145 1797 -187 -317 -38 780 535 798 232 -11 463 -586 1599 776 887 -161 -1409 -1129 74 -19 -1427 -88 -911 -288 915 725 365 -1077 -271 -374 -1345 841 7 -2513 -208 -1431 833 744 -634 381 -1316 263 -1020 240 -62 2069 316 1051 -646 -849 -18 -528 579 -134 883 1572 -377 103 775 -366 102 -110 1294 686 624 -2211 -547 -917 916 526 495 -803 -1163 1146 -172 -633 -725 763 -1257 219 711 884 574 -460 -363 959 -900 775 1432 451 -39 118 -18 29 -713 695 -482 200 -1121 658 -44 -133 95 543 -513
-1386 -578 596 -979 -1096 -96 588 577 -18 34 304 997 -315 425 201 -766 -786 -693 -59 253 334 -609 -797 -697 26 -970 240 -620 1412 -948 -599 255 376 162 2385 -414 -663 -1 -229 -1024 -196 685 -808 36 -258 186 -365 1189 -503 310 -401 758 23 -1096 -95 -451 -688 -663 -1069 -1256 267 486 1518 -1666 91 -25 -47 -245 -141 -988 -1264 -997 1023 1481 690 1017 643 291 857 -352 626 -715 -769 -548 433 1355 -324 1545 -120 101 -520 -270 475 739 -84 334 413 -1166 788 1066 552 551 257 -604 50 641 -492 816 -380 233 -471 1454 466 148 -1444 -587 177 -255 17 -57 1028 -454 -970 639 -427 -178 -690 -97 -673 -395 -236 500 -764 -190 395 -916 67 674 -396 -325 239 162 624 -719 802 154 685 -361 550 233 316 1299 1204 1133 583 2113 -384 -632 -452 -307 858 1228 685 -516 313 -810 -618 343 414 547 -668 -1453 647 -684 187 -363 1863 -1482 -1069 527 361 843 384 -221 82 -1397 533 116 498 -636 734 828 331 197 -691 -74 -647 -738 1773 -1733 -474 938 -340 -2053 -805 396 -1093 -351 700 2163 -924 -902 466 -640 -1306 -304 306 379 -674 299 -3 546 118 1669 649 781 754 -29 -371 111 77 128 1035 -1274 -328 126 -1298 -231 651 819 -135 1842 -650 1073 -554 -109 147 -525 460 -63 -1193 479 -991 708 -1513 875 -545 -116 -72 -54 -595 357 619 -771 -201 199 -319 -1133 -934 -285 894 672 -1067 73 491 622 711 -631 -1437 861 967 576 -1309 -388 -534 -845 1112 1223 249 15 506 -809 -477 893 710 850 612 23 545 -678 -952 -491 -590 -190 -53 -197 119 1792 -746 -507 544 -424 520 -1247 -794 333 -383 -244 12 910 -261 -17 -800 327 218 -86 439 348 -153 15 1213 -392 288 451 -289 88 118 -565 -134 470 -612 -334 -890 -88 -119 -896 -284 -1165 108 1007 1078 -281 766 493 156 -1183 47 -405 -554 351 -946 578 785 -261 -226 934 -362 327 474 -67 286 58 551 680 -634 -961 400 132 -506 349 -177 -228 1154 522 1447 -1175 -560 -557 419 -193 141 -972 -18 741 601 496 123 -576 -791 -937
969 1094 189 -719 -483 228 -203 380 197 85 -1222 490 -515 -861 -8 154 -424 -340 -1136 1069 -876 185 1793 -67 -592 -1007 -997 100 -406 900 -579 280 -12 -1199 -354 -156 -833 -909 884 -536 784 -347 -702 1492 1046 844 783 105 -167 -88 -251 1114 -11 -1260 76 31 42 -429 1401 -223 1123 1033 -28 -966 -672 -290 393 98 127 -853 178 185 -439 -1014 -237 -1174 -575 -58 404 804 462 -776 824 240 -477 307 -123 -582 -357 -639 629 915 -1876 -271 -129 110 126 -179 90 -660 1025 412 209 -439 652 -19 -57 -40 346 -279 97 1739 -494 -523 751 1016 -417 -810 899 757 -222 371 154 -141 352 381 -697 -1143 -151 -554 291 623 -128 775 26 595 768 -324 377 397 454 -99 560 -898 712 -512 -1242 -446 -114 -816 -1059 -658 -416 -374 263 -739 -130 -417 499 -1309 -761 -1056 -65 -372 515 431 131 242 173 -434 -288 736 -698 2309 -276 -611 444 352 -456 1253 1229 -625 107 -555 1569 550 323 927 -94 173 -64 -535 734 439 -197 253 1081 257 -539 -827 -723 -1009 -1019 621 429 1420 114 -28 -336 167 603 601 739 -374 270 64 -405 -842 -313 -988 -736 261 -829 338 388 -1666 -1864 175 644 -875 -1235 782 363 -1040 38 56 252 -906 1238 -593 -14 878 246 761 38 594 395 1131 445 279 -80 -1 -805 -906 -1093 1745 524 -379 -283 226 -349 -12 -380 -323 -288 950 -273 -756 696 -528 -263 -339 981 -604 -1198 95 -53 353 470 -384 -917 384 1132 966 1085 992 -745 56 814 181 9 910 -1 -1669 -183 -217 118 -212 46 -1790 445 -627 160 223 944 -360 700 -564 -538 -236 -64 -123 280 519 577 -356 -501 -1428 -1058 -558 -749 -1152 949 -97 1353 31 -600 803 -103 -485 78 -641 565 1638 267 -93 -371 -691 -535 -348 -136 501 -839 -896 -806 -332 293 480 -423 137 -709 -365 54 -1433 -718 324 -79 336 56 559 -1236 452 -868 -422 260 -2019 195 -892 195 1147 1000 -118 -12 1067 -807 -57 574 151 204 -13 500 196 -993 680 800 672 953 -1013 -473 606 936 -373 1102 -215 -411 -487 -63 -463 988 725
230 17 -9 972 -422 1419 103 -754 -1031 436 -504 764 511 -297 14 214 677 -504 -485 715 163 613 -618 -610 1101 -1245 302 721 309 1205 988 644 103 632 -3 -619 -639 496 1008 -718 681 -1060 915 840 1060 19 1111 553 -531 1210 -1194 -893 1621 732 -408 -419 176 -360 305 309 -7 125 -364 1054 484 1080 -68 587 605 179 -68 -203 299 -71 -311 1091 483 340 1125 -759 -904 68 -969 -432 -1320 -256 512 -380 1087 87 -390 132 714 -468 -875 -34 -731 -977 -408 -665 -2212 741 -209 280 702 235 217 184 627 809 -827 -451 -29 808 160 306 -296 -585 853 419 92 -287 375 -240 -323 -962 592 -600 896 197 -529 -257 -877 874 62 -440 89 -331 510 709 -1008 -1050 221 51 271 191 136 558 700 -325 1322 -345 728 -1217 690 606 324 -363 -329 8 -603 235 42 491 759 201 -186 1458 -392 -1810 509 -196 458 192 -198 378 257 1313 59 173 1711 446 -411 223 -976 -622 -918 -580 1498 977 547 37 122 1369 -1050 -109 572 -314 209 110 -238 -1305 575 -681 -403 -1884 572 287 -28 1030 -872 243 -101 -776 -229 -649 -2083 743 -1509 735 517 -321 2126 507 512 -185 2856 81 142 651 -476 -33 862 360 505 1173 -227 -403 -198 96 -1155 1504 1255 86 -1539 320 -181 1000 -614 -395 -521 -24 -130 376 177 663 -359 755 295 -577 220 600 -1735 -21 262 -339 1035 -20 663 -400 966 76 574 -346 -773 6 1009 54 -1386 897 -430 532 -97 -46 -546 -712 -654 301 654 -89 -1118 322 -312 392 -542 630 243 -222 -226 394 -796 1007 854 -63 -858 241 579 -519 -294 -8 -1086 -617 451 -832 244 -496 79 1017 82 69 -377 -710 -288 -767 544 -1020 -137 -62 -441 -153 290 438 -123 -1160 -244 1295 969 581 943 1074 -1463 481 941 865 53 -299 -116 -61 733 -296 587 -1522 -497 -994 526 -450 77 716 -899 3 -44 -139 -28 466 1121 -187 526 -209 -248 -1177 32 1070 210 525 -475 -185 1853 1202 -572 360 -741 -40 -763 2183 662 629 46 -153 -409 -531 -605 -294 858 -977 -339 -349 632 584 269 -544
-362 1004 806 -1523 427 -45 -28 206 -344 400 -301 860 -436 -737 -1783 1324 825 589 261 483 963 928 -1101 -122 -210 423 299 -203 -520 124 861 17 -249 -723 631 -1314 -400 695 -620 743 1103 -651 -215 6 400 184 -328 996 462 -565 -1496 -199 288 -1568 -1082 -1000 398 569 710 -858 368 -263 721 1245 -254 -389 -1232 119 -201 -226 379 232 -836 -45 -926 -1193 1368 11 -328 825 -299 -441 -692 -25 -260 565 1098 -524 -401 142 -1275 1303 438 -1073 -182 638 -308 -288 189 -261 -1455 374 769 1594 -591 -978 1195 515 -214 1036 -215 65 195 1535 -998 769 291 -1298 -559 548 631 -1225 280 -1461 1338 -836 -700 -400 -208 -88 1057 18 -1015 479 -1732 -959 -748 -1399 337 819 926 -278 -389 441 -179 555 302 443 -81 -1100 -702 -760 -358 -959 719 -205 1055 -39 -1038 -363 796 -237 348 -1431 -1039 -701 -274 603 -1167 62 565 -102 -1079 2240 1120 485 -273 -465 272 -92 -402 -81 132 -1540 -290 -373 -142 -870 -1215 -325 10 479 98 798 47 -81 -230 -925 -808 -1121 493 -88 -1503 544 -884 27 -40 18 226 -1079 904 -7 544 -431 -928 619 266 -702 -587 945 -363 421 528 183 -484 -857 487 597 -711 -269 -474 115 620 -958 -920 292 503 -259 815 243 -614 46 -275 -597 534 -333 -362 -841 -361 336 -1361 639 330 -87 297 437 -502 810 -906 165 -760 143 -232 -165 1236 1083 327 -1195 -261 -536 137 -563 -467 -12 689 655 1447 -935 87 781 1228 29 95 875 21 1741 412 132 -837 -446 -435 -821 891 156 2367 -403 -233 1145 -461 -656 -22 867 1165 285 -1550 582 -55 -364 -302 515 -1899 146 -212 -224 591 -138 -821 -476 -86 733 -153 98 137 1561 -329 -120 851 -149 -1273 1799 -244 -1091 1254 427 116 -882 789 -1180 -1391 -460 -623 -451 -769 98 -19 -12 -1038 -708 -952 776 -505 -1335 545 314 84 -695 -581 119 -1263 -162 -1180 846 -149 -325 484 -58 -145 -691 -485 -484 772 -324 717 -302 938 362 768 -537 1487 332 -200 -107 521 269 -188 -571 1154 350 -74 512 1253 182 -1537 718 -396 -547 918 67 -680 1016
30 255 746 -849 -1763 -851 -1545 -85 25 -192 -607 491 234 178 977 616 121 707 1170 175 565 -188 -371 -1758 -40 -447 -198 4 313 666 -429 1104 1195 -888 163 73 1409 720 466 -480 997 1122 159 282 -568 1363 243 -358 33 -650 1119 2009 -1409 795 337 25 -120 40 -148 -378 -347 -325 375 210 664 737 968 -170 619 224 -188 -295 428 4 -194 125 -811 884 -973 -723 -971 -702 403 823 -517 83 1006 -124 -220 -1301 -1421 -329 2058 -1069 -916 -418 969 -404 -26 -161 59 -547 306 -853 -1111 -46 -671 407 -862 991 326 270 -5 -1602 150 450 -371 -284 181 -209 -4 -1541 -108 -497 -331 1626 556 -964 529 464 226 -270 -10 -40 17 517 903 1021 304 -1544 -1147 -909 -553 470 115 194 -624 853 -399 176 336 -965 -43 -244 791 617 -186 -766 294 -1001 1972 369 227 228 -306 -304 -637 20 1161 222 762 -964 127 -884 -122 -587 -884 27 247 931 725 -247 -840 -877 -479 -1045 -349 -314 184 -424 555 -344 -655 -744 577 -1201 1363 -121 46 -430 -149 -4 -632 522 -802 521 -442 540 385 372 -556 -1112 -967 -1096 789 -425 -1229 -248 -628 316 1028 107 1403 289 -430 386 468 -1084 -417 -516 848 -263 -264 845 -699 -141 -132 1364 258 1754 66 39 -355 -27 -420 -487 742 1206 -287 -544 350 1193 2 1564 -434 -336 534 -1564 480 1594 718 331 -954 898 1145 -247 439 -1791 91 -321 -191 816 472 333 -1029 521 -744 -808 75 -614 -812 -1392 384 -717 1128 -177 -88 486 -704 -667 -209 -637 1054 95 -730 823 751 1574 785 257 -1531 515 -520 -561 -733 -713 -573 -839 -783 560 -795 1222 -278 1070 738 -451 -625 -833 1184 240 -1 914 296 264 470 412 -653 188 795 -649 1558 299 -78 -532 -697 -75 181 -473 -451 1183 -1030 -239 -251 -58 -340 -240 539 -1167 -590 -1101 1060 -224 682 911 -1248 -179 447 603 -160 -491 -742 822 886 -932 448 1131 -1821 -104 -505 356 -673 48 767 184 23 330 -75 239 -525 -183 179 870 -83 -109 -885 143 308 -621 -204 734 -165 -676 511 -621 -390 302 6 22 -186 473
466 -650 -148 374 -331 881 -192 -620 -632 -31 -275 410 587 -1387 -770 -273 -1185 1077 -860 369 72 67 21 -1679 -8 -470 776 -813 -256 1658 864 553 -114 -1029 -35 -1540 1426 76 672 226 1043 671 503 791 -703 857 -728 385 -1061 19 -69 279 1849 -1378 -895 215 524 -457 34 1152 935 -350 -642 1002 950 745 1434 -513 -1267 -740 -353 26 -488 758 1081 49 415 7 -455 152 1082 308 -126 -196 -1555 512 -405 164 554 -375 252 705 1159 -361 258 1145 -446 -336 -46 -343 151 217 283 305 -1175 577 1111 -1116 -843 -506 914 503 -604 -1023 -692 600 1403 -694 595 -324 727 -1613 260 1340 -420 2664 -798 -30 851 -647 807 -1332 -608 975 1718 422 933 -304 -1269 -780 373 -1428 -321 338 183 333 665 -693 -1019 -1478 16 1536 1696 -825 950 236 549 -478 898 -565 251 -256 690 465 314 63 -831 -205 -64 -299 -565 -861 125 1027 -266 -52 -850 -667 -651 -382 182 -838 1260 204 -530 345 -855 -142 -763 -73 262 -813 -552 -681 -679 1272 304 -391 -250 -924 -300 -512 225 1214 -1195 -592 62 -877 797 -239 946 320 346 -1422 517 141 1159 -136 -335 -749 -288 735 75 -605 -540 -285 529 804 -943 -546 -1110 453 106 -1386 471 611 396 -403 -278 139 -1355 244 1326 683 -297 710 -81 629 -113 396 -535 337 -421 319 -4 467 -81 793 -316 17 -827 617 1779 -1179 -1157 -250 609 -238 -186 -69 215 -1465 1282 353 -1778 865 -1196 -51 -590 460 271 1147 1778 2415 308 -176 -373 51 -106 93 -748 -107 1560 227 101 -127 -288 -1152 280 -275 1235 -123 -644 -738 -858 -448 295 69 -551 -1004 -307 -913 1294 -405 1570 1301 -1269 -191 -651 413 294 800 1758 -28 43 -404 -155 -154 227 663 160 -685 -756 683 610 -1267 83 -343 -528 1292 46 585 444 -779 -1497 578 -627 738 832 -525 363 -358 -151 -879 -534 148 -1430 204 -189 -317 365 998 -558 -211 56 -895 -513 -1048 -1372 -902 -243 -83 -359 2393 -1157 85 89 15 -185 1461 89 116 12 -1081 83 -9 1051 -836 -1278 790 441 -260 -259 -971 -24 -977 -349 1011 1892 -58
-923 -104 -786 -68 -1374 1718 738 705 690 -348 -134 -237 -1074 735 467 -217 532 1479 1673 662 -981 402 -1591 -704 1123 -1576 867 158 797 917 915 -76 18 579 958 1672 81 -356 -436 -90 -577 -432 -687 487 -774 869 -917 22 -1392 461 194 368 -709 144 -949 -318 741 -1149 -122 265 244 476 1321 574 145 1261 113 1135 -1764 -982 -361 -932 -1421 506 261 326 310 639 891 -204 -95 591 -60 1002 745 464 284 774 -655 304 -419 554 -566 1044 74 272 1159 -1251 -2078 1766 1578 -745 80 -239 667 -102 203 423 -418 -468 -604 -1667 1113 665 1163 826 373 446 625 490 382 920 -184 127 -322 145 936 -984 59 280 -333 947 -580 -467 1006 -194 607 1402 -489 -473 704 115 -411 336 20 1084 -418 120 100 585 -842 -430 -266 350 273 1217 -128 -577 -403 412 910 -125 463 1595 -854 71 -13 -54 327 -192 -321 269 1871 -384 1243 -1609 -252 285 342 -1343 174 -5 -253 962 -116 -266 -364 517 432 447 -346 1055 -1308 -62 248 -349 744 506 -884 66 1656 1193 -1418 201 -772 187 818 -203 485 -701 -679 -273 -219 -18 -681 1663 -194 128 482 -704 -694 995 220 -188 -150 -883 -467 -509 -1411 -1550 -299 -1705 747 312 784 -1076 791 68 -548 -1129 -334 -609 1108 21 -1150 -343 888 -1512 -1552 113 -913 -1355 450 910 -650 89 408 297 -904 -863 1295 1304 707 550 -874 -973 821 78 -111 -1135 229 -353 243 -573 176 833 -131 -427 -547 661 247 383 -939 -518 -359 -425 -2185 -1192 205 305 -1043 1271 408 -488 -986 -961 -154 -633 661 90 -130 172 -490 433 -49 -1209 139 138 57 -316 688 -1060 -416 263 41 1112 1159 -2031 897 -417 1393 -948 -445 305 -853 1256 -115 -501 1091 -1566 -275 1205 -293 -237 -2034 748 65 260 -279 -118 -21 1507 -272 -1904 228 -216 -121 -176 1362 987 1442 531 -405 -471 568 -265 640 974 383 551 -846 542 717 273 1369 143 -320 1243 739 -137 -535 246 657 1199 561 -655 972 157 -80 24 162 -17 -854 570 -578 -532 -366 694 -605 193 -585 -293 708 1 708 464 -69 632 -314 -588
-750 1249 -704 -826 -393 -368 -686 -38 -124 945 219 1085 -1258 -404 -520 -245 394 393 1615 637 229 -639 -596 -644 228 -470 -159 250 -740 548 -529 -754 1115 -214 2015 -881 64 -643 -564 76 -394 -118 145 606 -1008 1116 535 -1070 931 -117 183 -160 -530 759 -805 -723 -220 -1591 -37 -93 -1239 -683 -1326 524 61 -436 1579 77 40 720 -1235 695 -361 -114 1022 -72 457 -188 689 979 -66 614 96 -644 -859 -881 239 -649 -1418 325 1505 426 -362 305 -69 1403 -180 -445 -910 -535 26 -1080 -484 -592 -1597 -779 428 280 1047 -285 -873 1046 659 -421 -1215 114 90 -659 90 -98 -804 -295 -9 909 -447 799 238 544 651 -438 463 890 -780 -675 801 -588 833 553 410 359 1116 -719 -185 -297 510 -157 333 370 1276 -867 -1180 537 37 -1457 -413 -823 -670 -94 -496 276 1885 -74 -105 -855 1130 51 -539 1686 29 -728 -684 -316 993 278 880 -1064 -1250 318 1025 899 918 -917 -1088 168 874 -1585 3 658 -327 -151 236 956 202 -1037 50 883 713 -320 -990 390 1172 808 431 -102 -52 -97 -126 -1016 -782 -133 296 -1209 200 -443 -111 309 -979 650 -1026 -68 -12 580 -365 -336 844 272 459 -995 -541 -526 864 554 -429 1035 -176 1069 883 364 439 -1202 1226 -178 -726 1298 -541 74 409 558 244 387 37 -553 -477 1154 -1011 133 -963 190 -568 -1396 -3 913 -587 887 -791 -1368 -301 1063 -619 -990 24 192 456 775 -623 145 362 -386 830 575 15 -1241 1045 228 683 -452 -262 -8 739 773 -175 1215 -419 -310 -218 -1301 -359 -479 -63 -1136 747 999 669 778 97 244 235 745 -83 -632 249 -717 638 776 -117 322 -802 -559 1265 1304 -622 -277 -553 266 204 462 0 413 -522 -152 968 1301 1460 1428 -1199 -139 222 -163 419 -856 1173 364 1743 -153 -402 526 -843 401 -397 -123 -658 -288 758 -509 384 23 389 -827 434 490 -817 -59 -360 -826 -382 -86 -170 -255 -1249 1388 1433 39 946 -277 5 -638 831 1466 216 -1305 67 -942 132 -216 1 556 -1208 -1221 -49 30 618 192 321 1240 9 -63 712 993 423 -270
331 461 773 1206 131 808 -12 -381 618 -1264 -313 328 -391 -745 562 -365 1307 550 621 595 -742 771 45 -484 89 -242 -1574 1060 -1097 860 -694 -1170 647 835 -730 207 84 -206 -935 743 1115 -1029 1098 205 1071 -1065 -798 -1953 -640 141 -467 -348 -38 118 1592 -163 -335 100 -724 -484 -426 664 -567 -875 1467 -1449 764 1759 -1151 187 400 299 799 974 -244 1495 -2257 924 -204 -581 606 358 -365 598 621 -211 -177 -67 1752 -683 -1006 520 1028 -1070 300 1552 -1191 -1530 -540 -1218 510 395 -693 547 696 -933 -470 1131 838 -210 899 -111 -1183 -493 -478 198 833 -504 675 -571 -163 410 -941 -648 502 -178 -363 -645 -1211 -445 152 -443 193 -440 464 1099 -28 698 663 26 156 -1928 535 338 -1195 -697 419 -87 -512 -917 -155 -695 -909 -141 983 -38 -189 -727 841 -1609 -148 34 644 129 -193 -225 1174 -1113 294 -150 -777 -495 -1442 450 -961 -186 83 -884 -1070 -750 -76 420 1203 1058 -275 -501 738 -214 -66 1255 457 432 1144 -731 -1558 44 -623 -305 -2092 -938 -865 692 -391 -641 -246 -225 -194 537 417 -467 556 495 -376 192 889 -252 320 -365 -192 850 401 -527 78 362 -9 -784 -786 -805 307 -154 -374 -429 -865 428 -778 -1151 32 983 -752 903 -1692 -975 -136 202 170 -1056 759 -572 441 317 339 600 1250 -234 -253 -660 -1152 1249 1282 1406 420 658 -307 -528 454 -318 -131 526 -355 204 -1225 -386 540 -229 8 -154 624 443 772 -865 118 1535 1208 519 364 174 -206 1777 425 -491 -574 -760 -234 375 678 460 -297 477 279 1919 -627 -186 979 511 331 747 -289 811 -209 21 -1337 -828 31 -411 237 268 1342 4 414 -596 -1043 -143 -389 -386 -1301 37 923 1905 -874 -303 -1538 40 -262 653 -259 979 -37 -697 1088 811 -511 -610 97 -167 642 -109 530 -639 365 -395 -1443 -381 -274 946 -865 971 242 -181 -967 1195 249 309 363 1057 -301 -1809 286 -264 -1141 -294 255 546 -854 110 -1344 895 -450 271 195 -548 163 582 411 1352 -495 -438 -944 713 209 415 -134 117 -376 1284 -224 -1535 -910 -1445 261 280
867 695 -262 92 1177 22 1622 316 989 -1263 -518 -824 -547 57 -401 202 -986 868 704 1552 699 -1062 -252 -1 968 -324 188 105 86 235 -609 805 125 639 77 1818 -1538 -1429 -685 -120 820 -520 574 -808 101 321 -844 312 16 1543 287 764 -480 -402 399 -538 349 -43 821 604 -618 350 187 -672 95 804 -78 -197 538 291 -198 -374 456 737 -209 -256 1123 -387 72 -1545 873 300 -195 1516 -266 110 476 -1185 828 194 -176 1697 299 -673 256 -30 -507 -160 -688 149 954 -1047 102 -330 14 1375 -208 489 -339 1685 1451 -286 -321 -814 146 -136 15 -446 532 451 70 -54 -1265 -614 191 -607 -110 -55 18 521 -264 549 831 -1043 1320 1197 -335 184 350 -300 -252 536 694 1008 50 -626 634 1643 -338 -156 -316 120 -476 -1007 -897 1283 -1210 -341 357 314 1281 1559 1646 148 56 -84 -210 631 236 -339 895 -618 349 943 1097 556 -828 173 569 315 -198 -79 1407 1629 1151 -338 -546 -848 -616 -525 775 -655 282 -31 708 565 959 -586 252 -250 -789 -1123 -425 -1415 1390 1388 -1754 543 -229 -526 19 -529 98 -537 -235 892 -382 90 911 1 -1329 -589 -905 -760 -148 -373 -65 178 -715 -1012 161 821 46 1612 327 -344 1269 -1098 576 938 745 -540 -9 833 924 -1128 474 -715 489 1084 172 -1316 421 427 379 -507 -343 -459 160 -581 -245 173 -363 809 45 42 -1185 69 -501 -1895 223 186 325 -68 -304 298 -837 -271 -959 -573 -290 -1544 521 -412 726 -381 -760 -136 1285 222 -498 1225 338 784 1245 -925 -60 -970 -718 81 207 -89 349 -14 794 96 507 83 -251 -851 808 -153 -204 -164 -647 -716 -267 568 156 164 -467 -646 1470 -647 -575 1203 1445 -494 -481 -237 -1030 37 49 -105 100 -26 1112 -558 1603 -1318 1884 -258 -463 -798 -974 277 -763 -716 103 -117 -1052 610 -25 -815 350 -227 -175 626 443 610 557 -132 -490 -68 -1093 196 -71 -776 -502 -638 -573 -174 -306 -525 -183 -942 -951 194 -533 399 395 -714 320 -325 -251 508 674 -441 -972 -807 -1325 -105 -739 1230 125 -438 218 1080 -291 1059
639 -1 683 882 -451 370 -96 -1644 -238 61 465 287 -253 480 -579 1291 273 1259 -1161 542 -103 490 -366 831 1917 -56 66 1190 -87 151 -1583 168 17 -357 1481 803 55 -704 -777 715 806 462 99 -1253 -714 -894 878 -343 537 -454 -422 644 610 59 85 48 147 -211 154 801 356 -741 239 432 -924 -557 -95 11 -101 445 895 -958 -509 0 -142 -4 -1007 988 82 -883 -1230 -154 -444 989 1325 -571 -476 -1660 1219 669 384 1206 461 733 -154 483 -60 991 -220 -871 246 -987 -414 -352 -554 1485 -1625 -260 -848 -153 464 -512 -1333 232 -918 -938 703 -1253 -135 284 -2067 -13 -334 8 -178 399 220 -27 -126 398 -734 497 21 -991 -1446 507 -98 -610 225 79 -873 14 609 -831 -134 457 252 997 789 -1231 178 834 13 -555 -972 -348 -160 -369 539 32 282 48 646 1224 344 -758 -1282 -1508 -1187 216 406 905 340 -932 8 -725 -248 -785 686 476 -840 262 -920 5 -704 970 -848 293 592 -551 65 -811 996 710 1348 360 -229 734 -150 836 -314 -248 750 -677 -470 -250 145 -2120 -303 338 333 479 63 -1097 37 -771 -427 632 978 -37 -48 680 305 1111 -458 -546 -240 -127 -5 270 -244 539 257 -200 -377 333 -779 890 23 934 -1055 -1291 989 684 648 197 -1155 755 812 -723 -439 151 948 1728 -383 -639 -975 547 -230 157 97 277 160 1629 -519 -931 677 780 -354 -697 405 -564 -702 -666 477 -366 667 1044 -577 -1416 769 -1694 -430 700 -468 -1090 -600 -404 702 593 1012 470 -52 1198 -229 1225 -600 1544 -781 -923 -1247 -230 -260 -362 -809 -3 -663 538 64 443 -233 782 141 -1291 -710 270 -1045 -886 1412 970 240 1069 531 161 1317 -1283 -285 -106 841 898 -1354 -483 -1057 704 -845 582 868 449 -146 333 290 125 -1426 -1176 -1846 -1763 -296 -2169 38 -368 660 696 -553 835 89 -516 -389 -697 -408 -574 -14 517 1931 -659 -1184 -37 31 430 1104 16 -375 -47 250 331 1553 -1050 -143 -1658 275 -1161 380 329 1318 -120 -1130 -459 -159 1104 66 -311 -855 -995 -1637 196 1596 -367 1337 325 -6 -759
252 -4 -66 961 -271 1046 558 -726 515 637 -1339 457 640 -610 1209 201 1189 725 751 85 608 -680 -370 461 394 213 -313 1004 -358 499 -365 -335 -465 -1050 328 -121 -7 -108 -987 -657 350 -1268 -755 925 -1279 631 606 288 -1046 1185 -1269 -166 42 -980 775 42 1754 -1127 72 493 -402 -242 91 -1068 852 847 742 -163 -34 -1224 -165 -715 -514 630 -240 146 612 492 1012 277 -1381 -551 85 -488 578 96 -1249 1104 745 -1582 747 648 -260 -326 138 170 -181 100 -524 -333 548 -541 644 -159 -207 1356 1615 1089 699 987 1015 -283 -6 572 1109 148 -1099 -1102 582 987 1008 834 353 -616 353 736 -445 -8 -195 1874 -743 -1743 938 1333 1345 -11 371 452 -479 940 193 924 -215 598 -87 -383 504 148 502 483 1463 852 -74 -1293 512 -64 -479 -520 549 -301 -721 546 809 140 968 374 -786 215 -174 -537 -311 897 -314 461 -22 -824 -851 792 56 -1291 1394 466 1778 92 -1264 -374 -375 -1355 937 1316 151 88 498 128 205 -158 178 1828 1015 -244 69 -519 393 -1708 1703 337 -1098 1066 355 -1814 -362 828 449 174 110 -438 -209 37 -499 215 -829 560 -268 346 465 -123 -25 1461 -1160 -1001 425 228 -241 677 1109 -92 972 -1065 344 1112 161 647 -181 -1471 433 -1191 -56 -282 731 342 493 -193 568 -808 1016 -476 -816 837 797 1647 -1448 779 292 139 -263 206 736 2043 311 672 76 57 14 -377 -588 911 -1639 -173 763 -1550 837 917 -1007 766 -329 59 -1305 -859 55 -564 658 -311 438 326 26 34 -383 -1098 -1164 209 -130 -1704 -278 -1185 872 -286 -460 253 974 702 -225 -378 140 480 -1310 25 1129 1216 -156 -967 830 -1498 313 -226 -729 -592 165 -456 812 758 -617 -540 283 -864 946 918 721 -130 367 -2276 130 544 -302 -508 532 -498 -402 -272 338 951 -591 1063 -197 -634 297 342 1461 371 613 2220 100 1118 168 -455 -186 -666 213 1045 341 -780 258 -510 -826 642 -1464 893 -307 1130 28 -941 647 -513 158 519 -56 -273 -810 318 -776 434 917 2009 873 621 -673 -2302 260 591 -141 2324
1 391 404 -20 592 -1549 -36 -223 509 -29 182 -332 -1119 503 -586 -83 -1242 839 2283 -543 76 -437 -440 -68 1073 -513 711 -552 -922 225 -254 -1163 620 -685 1023 893 -250 -157 -851 -552 -1118 195 787 -344 -30 56 -431 -1649 -319 -535 -287 -78 19 1209 -405 420 440 -678 -610 -469 -560 544 1783 -665 -149 326 -1537 -883 250 -135 -455 -460 -191 -799 172 -1070 -453 260 -636 1526 967 1778 -645 1615 323 -9 450 -130 932 -87 417 281 435 1030 -1179 -650 -1447 125 -2521 -1021 885 -652 902 718 340 271 1287 631 207 -148 -20 -1018 377 903 -109 -1540 -231 221 -708 43 677 -867 -624 -794 559 899 -1758 109 -110 1178 -670 1007 -891 21 752 525 634 -376 369 34 -624 45 56 -750 -121 528 95 928 -24 -137 -1219 -542 -472 1116 -980 -430 -213 230 244 863 -63 -695 -521 330 -400 299 -27 283 -277 568 -332 -214 1813 1946 -1327 383 -146 361 -299 -111 735 -904 1190 143 -946 542 270 567 44 56 -488 695 1 226 652 -290 -74 -852 -234 1041 -693 284 -296 -972 -654 717 1396 -194 220 -322 -256 762 -342 -507 11 -532 -516 -669 441 -605 -567 51 -64 -1006 -1116 349 -735 -126 -208 800 -772 1480 -7 -403 -216 -112 1581 1460 -669 -1549 718 307 281 -291 355 243 -116 -527 -479 676 29 -194 -514 -1074 915 233 184 -1622 49 -1048 979 -668 1469 -68 -676 1688 756 1 1526 415 -682 -434 93 -583 -255 382 572 -761 375 386 1267 -1576 349 109 412 -323 -214 -679 -572 1265 1403 -297 445 927 -892 400 880 1912 71 -772 -868 200 -260 -225 -368 85 101 -56 -17 58 948 -387 -596 -643 -625 -226 283 94 61 -379 -756 -520 41 388 -896 -737 544 -939 335 683 -1168 1049 -598 348 689 -254 -368 1146 -1034 -1285 697 -835 457 1061 -179 67 -755 -732 -577 819 785 536 292 -1480 1184 -679 332 178 1165 -613 -612 -14 -163 521 -1137 -110 89 162 476 777 61 611 960 -1160 -375 -246 -719 -188 -381 320 198 -11 41 -506 1134 -100 31 -34 142 -378 468 744 176 235 -115 -712 332 727 1185 1069
110 -393 -493 -670 -230 -983 -184 -131 -643 520 51 -154 275 142 866 -895 -202 165 246 -198 -340 26 -127 -996 -160 96 -1497 -1148 866 396 -1247 -894 378 596 1269 2412 -34 -280 -311 -389 -1011 651 -225 124 16 -2644 -1047 -713 -346 356 -92 -358 -21 -1323 220 -334 1036 152 564 -467 -181 22 548 495 -949 455 740 118 -919 1048 -1940 -601 1489 -81 742 1237 351 -168 -1091 -237 558 344 1503 -561 -1351 -25 -732 -1021 -770 822 523 254 -136 1102 67 738 836 682 -1404 -242 863 -458 -46 -134 -733 733 -392 349 -1252 -35 1383 -866 882 22 -936 -86 571 -994 -188 547 152 334 -652 384 -672 -94 -653 844 -1179 -649 -470 235 -485 154 1374 -1253 89 78 920 -562 -87 -265 265 41 408 -92 -511 322 102 177 -213 -520 -158 -49 -646 -997 -1307 -686 -699 -624 -1581 -552 950 -4 -287 -876 18 -413 108 1824 1116 -746 -538 1181 712 -1815 126 -1183 845 -261 -1000 -359 742 -751 338 -286 478 876 -1409 268 757 -1079 161 -885 441 334 33 -106 -37 1503 -680 -221 -660 -197 -1328 131 -713 333 -255 20 -414 -1239 -747 -1038 -427 -790 124 464 151 66 -1279 -1789 -1174 523 1136 377 -1002 -891 42 622 -1131 -634 887 1113 -709 771 -378 595 205 -355 -106 383 355 -1048 -1906 -878 -128 -124 1257 -251 101 169 -977 151 978 737 209 138 130 2230 28 739 -628 809 439 -1578 -642 -603 -902 -252 -10 1448 -213 -1059 892 -879 -578 770 479 -654 174 -1126 -98 961 1845 -97 -1393 1066 573 -78 623 -634 571 -119 -33 964 970 129 -377 -645 -92 -788 -257 -92 -609 -916 159 -223 721 1103 234 -466 -1316 -197 -1147 436 -414 -415 131 -156 -544 -287 635 -836 460 -748 -697 -1797 -53 -503 1 -769 162 1714 171 922 -59 479 548 -445 426 -149 -3 -1466 374 -511 1020 -1451 140 -417 1161 818 956 -80 711 -1241 -313 -952 248 -257 480 -100 -14 -1528 -268 -652 -742 -607 493 872 -198 -1122 -107 937 25 884 -460 -478 -233 -465 415 1347 336 -557 -798 -1096 330 -448 -741 -292 437 -85 952 258 -270 -289 277 1307 105 -54
-1312 -364 -111 612 -417 763 -748 743 -74 1060 57 989 -1012 -96 323 -282 395 -1861 -724 372 205 -1461 514 483 -820 -371 -113 438 281 1060 33 -991 -306 797 1677 50 -265 384 -900 -1085 -43 -202 -583 -306 -330 -682 -1028 -657 259 312 -640 1178 -383 18 -715 1459 -1118 49 -1155 375 1018 -336 -898 -1241 -1316 -557 -785 123 -235 -891 237 -218 -287 346 -1278 -501 -678 -549 -191 2305 -609 -124 754 655 322 -832 -1947 325 452 300 -1505 262 -443 143 -171 106 1100 -449 203 1173 -321 1489 1189 869 280 464 -73 496 -524 -526 -98 30 1362 1540 1149 378 -35 893 1105 -55 -538 -713 113 150 -458 -567 65 -465 888 47 219 311 11 765 130 154 -907 230 -1414 110 1228 203 384 65 -310 604 -665 -86 1175 -195 -152 -374 89 452 34 1046 671 -536 468 -182 920 646 -1044 -668 139 568 -28 -972 509 -771 681 718 -719 136 -694 -320 -862 97 2 630 154 307 30 1365 -358 733 344 92 436 761 -802 260 -402 492 -433 -378 -88 -1402 232 1728 -839 -39 451 473 -488 114 190 998 -860 445 -540 311 -580 -695 -502 -471 142 -354 579 -198 159 -615 -444 1253 655 -602 -91 -1939 1655 -764 426 394 -738 387 -332 -757 -196 410 -372 -366 -12 551 216 1162 803 1322 334 148 -220 419 210 285 332 -47 10 -855 -918 -1313 -515 -89 1164 127 -1369 -17 -26 64 89 -206 -409 287 -560 -1270 533 1070 342 1093 850 736 9 -162 226 -833 -105 658 730 -1432 1823 -635 -388 1079 -1112 -343 -613 -33 -885 -966 340 109 1330 -594 -697 581 604 843 787 -429 -607 588 -258 306 -1111 131 570 1071 1195 268 -1559 29 -141 267 -444 -982 275 527 431 -485 101 -304 -488 373 -342 6 -889 -924 9 -977 -133 233 -1104 377 -939 -217 -485 344 1185 593 1768 -437 225 -21 -593 573 -931 223 2201 822 -508 434 776 -672 -142 211 -481 223 698 863 1037 268 -714 1353 -207 366 -841 -566 566 404 353 -1333 476 -330 -812 -51 -181 1874 -781 -1093 205 42 -1129 -209 -1192 -465 -900 -62 1002 662 -567 548 -928 -286
-120 -575 1495 -13 420 -986 597 691 1356 -309 493 -148 -30 568 -604 -545 660 563 444 643 -1279 711 485 -498 116 583 17 -161 -42 -82 -510 591 -161 -435 -139 -339 -1020 1021 890 -450 1773 -924 336 56 -1343 88 1858 1249 339 328 -77 -713 315 176 -599 1482 -498 1907 38 -916 63 -397 -740 1158 157 -806 584 -1249 -462 1137 903 500 703 -1073 635 1028 479 606 -1363 406 540 229 -1038 -593 440 222 86 -676 171 865 -98 1952 819 -343 -196 154 -1040 -222 -996 668 673 -64 927 -52 627 116 -190 -29 441 -822 8 -232 -1325 -252 274 -1415 -686 338 197 -653 45 76 873 -348 1406 364 -942 485 304 89 -93 1222 9 150 -860 -525 142 -201 -1043 -1407 -641 -1336 430 345 1660 670 495 917 -1439 -551 -118 -44 484 -360 -348 304 -534 -429 -451 606 -506 -1072 223 -195 1156 -356 -648 892 -14 -431 -575 1151 -2105 630 143 1584 703 -210 -1166 -30 -196 -859 -489 127 81 -414 -1419 -456 -556 556 261 735 -127 390 253 -1069 -220 -1499 198 -400 -298 12 -454 -1331 1938 -964 -1140 -695 -82 390 -791 181 -1355 -721 -34 625 -13 319 634 -81 -524 -136 -141 -678 -578 63 877 81 62 -1225 -315 273 -1277 -808 218 -487 -17 491 128 35 -383 565 -973 1550 69 -172 -78 -30 -602 1138 -402 -488 407 1469 -42 552 3 -527 148 346 -1551 -82 265 -540 885 907 623 49 420 211 -256 -177 -795 752 -152 -81 1553 -958 -1306 -1334 435 303 -400 -71 -794 -528 1245 -397 1191 1480 79 51 -1429 -118 643 44 -618 447 -702 553 -1343 -369 547 48 -325 857 -262 37 77 944 426 -552 84 -213 -401 8 -1393 1136 346 928 628 100 -842 -549 142 524 668 -668 407 604 -309 146 -561 -490 -863 -282 -904 -366 220 -110 -564 419 -721 639 -196 -562 -364 730 -300 512 -825 12 -244 -21 32 152 -1032 -342 -429 -450 617 441 343 1320 -180 565 417 390 -461 133 31 -8 -722 -904 -895 838 -571 -844 654 120 -540 -1214 747 379 -43 -103 289 170 901 1109 955 401 -174 -679 16 -209 299 344 -557 1376
173 -846 872 -170 -2446 563 -252 4 61 -938 -627 22 -561 -82 1513 24 496 531 -959 -381 170 1030 -210 1272 -1168 -261 -1030 720 287 514 -699 -142 -405 -1031 499 154 350 -21 -622 -1319 258 -950 190 575 -352 -534 423 41 -241 84 1044 -914 -1075 -266 -166 51 -416 -201 58 -29 339 -266 -1015 -804 67 1695 -409 -565 -349 305 -625 1071 1079 304 -142 -1414 1038 -279 309 904 -594 311 -1254 -334 -107 -278 -293 -926 1103 -445 102 1836 -238 1424 -557 896 -472 1305 1342 -316 741 -1177 -740 -46 -679 -350 -243 -1575 -509 620 -311 273 -47 -291 -79 -454 245 1087 -106 53 -167 -265 917 416 -719 94 -544 968 -607 -1029 -1507 -162 -337 -122 -60 -579 -86 410 -655 147 697 -492 -70 490 90 -1092 244 247 949 127 442 90 -125 155 -452 -499 -10 -183 173 404 -236 -479 301 102 204 -984 -707 25 26 -282 70 -287 733 -285 152 -141 -253 264 314 -1567 652 -951 -780 853 -2448 469 522 270 -1693 2290 -426 -306 -92 277 560 1596 783 -363 -990 -300 -128 191 681 -360 1143 211 144 708 -129 -445 856 762 286 -390 429 -71 457 81 -573 540 742 526 -327 706 -74 595 754 -40 -1522 759 -983 -463 -430 -549 18 -231 620 520 228 -28 45 18 340 -445 705 656 830 -3 1303 -318 383 978 995 818 45 -1726 466 -913 -341 -271 343 -348 11 -729 -1503 -477 440 557 -861 -482 -534 217 1297 -406 -925 240 218 841 503 -583 542 -1630 439 -73 838 24 -31 -437 460 890 -626 432 -1288 966 -98 2468 -1365 -643 -290 1183 -452 528 -36 -18 -369 -1418 -657 -547 1040 478 70 159 -623 -683 58 512 9 946 351 139 -778 362 656 -854 -831 297 665 -619 -194 1496 783 939 652 -358 -121 219 -353 -308 -399 110 80 -144 379 2 -499 -346 500 234 -633 -1286 804 -1508 -233 143 231 -90 -10 -209 115 -582 889 1415 1781 455 -550 723 -86 1091 -167 379 -67 394 -13 -442 -47 -46 957 -364 481 -93 -668 -1316 1066 294 168 -392 -548 630 484 833 1446 650 -334 1449 -292 -1243 -101 788 833 -85
111 -274 347 -1756 189 122 178 -1031 -33 -561 505 -405 934 -254 -236 -1280 1229 -239 843 -155 88 736 634 86 461 -616 699 -497 281 -27 -754 340 -748 -563 1 -264 103 1413 226 916 1282 -951 -636 74 -1281 -23 300 874 333 219 -499 605 1085 -1135 495 -628 1 1311 -248 -233 -232 -350 -147 -285 -481 735 85 -182 -226 509 66 -56 -195 551 157 -147 -830 -991 640 1113 -644 70 -97 -1592 1282 151 -13 1315 606 -393 -1230 -81 -223 -580 469 663 -948 867 425 -436 285 1014 1384 -41 1162 725 -132 -256 1544 -973 1134 -556 -927 162 536 31 641 552 -1310 -277 -66 -59 -528 -40 83 1502 -1273 -697 1256 124 -731 -743 -356 270 150 -224 289 335 47 522 570 -412 -425 -142 713 -690 -199 -18 -783 -143 14 -885 177 564 -835 587 448 -576 368 -145 -862 -499 -336 439 -618 2426 39 -1209 -492 -617 529 1409 -455 1239 1571 60 -530 4 371 -14 647 2140 -269 -133 -522 -637 -228 -1796 -206 163 -827 -924 -780 206 488 133 -25 606 -828 -334 -548 213 -386 184 444 -571 -301 -47 -308 -292 -377 471 -181 405 158 521 1289 -114 -364 45 -562 -120 333 -1040 -481 1285 494 381 -208 -412 749 899 -984 -26 1635 -618 -53 -657 1088 307 329 142 -956 -395 174 -1764 -762 -762 -375 45 222 572 1309 177 -567 -1482 599 -288 176 424 -815 -311 989 -618 -1148 -1028 -695 -181 -1659 410 -717 -1053 -44 -21 1138 1240 -315 -916 -1330 86 1469 962 443 1 -1097 877 113 360 -347 -86 -788 -597 -435 -260 333 -97 -29 138 -93 -71 689 203 25 -384 135 581 544 -1082 -1133 -2029 -2212 198 -667 1310 -1098 -838 -826 246 -153 -608 38 -1221 -1578 274 339 842 550 -1121 29 -521 -1400 920 -1376 -487 515 -342 -746 -61 -722 -1335 -1169 -199 -92 1172 -11 -830 -636 1653 -727 35 590 613 859 -1749 530 -194 200 -152 -106 -1116 478 633 -891 873 -450 348 -1268 -922 -1618 809 -416 -1241 -16 769 -1667 -269 -735 457 -1434 1314 25 157 642 -3 519 473 299 297 -806 -118 1689 22 1001 493 -7 -1058 -1273 483 -1710 -104
1123 42 -1153 130 -713 -61 -725 -352 802 169 -1069 776 -75 571 -22 -1073 -1002 -978 -453 2007 -100 -950 -712 1064 2259 164 -472 537 -154 -871 -1174 154 -232 -578 -195 1457 -335 -847 79 -1046 -1585 238 723 533 473 -1554 -795 -535 -1586 375 -355 356 434 377 -617 -487 -2178 -1260 1142 -690 714 -423 -142 78 -190 -123 1247 -1332 -248 -14 401 543 699 925 632 855 704 625 -20 -772 97 523 -1022 2046 -550 965 63 244 2482 479 438 731 1127 48 151 -985 -1261 -8 389 -138 -1391 -645 230 -592 1313 1789 -126 -1018 188 -132 92 -707 1579 -259 -98 -1562 652 -343 -843 664 331 -1209 -1018 -1061 -215 -491 -541 28 -171 -1434 -751 866 -1693 -1005 161 450 248 -1184 747 208 -882 427 -1577 75 -131 527 100 840 -1098 518 -639 463 590 914 231 -78 -1034 -207 -172 -1054 779 -1245 322 170 -726 544 -532 -85 -31 636 -696 145 1350 -233 -1465 110 -1250 -78 -1120 -19 299 -687 -940 1220 318 370 -278 798 -10 -270 260 1117 -1310 -536 113 -297 505 -319 634 -274 -1318 -569 -639 -637 -674 1205 -7 -534 257 1016 -29 -121 767 -839 1350 -517 -937 -623 695 -1333 301 478 -870 304 319 -735 6 -408 -473 -1928 1450 619 631 -982 -702 127 -379 1177 73 500 -1023 80 -13 399 -1022 -1162 -520 887 -746 -1301 1344 26 1382 398 -241 27 402 -879 -63 795 -480 668 -198 -1803 -850 1104 -303 191 1016 971 -1134 701 -2185 1217 403 633 -467 -1407 -678 -385 -204 -1064 180 -142 498 -274 -180 24 -38 -1177 -547 989 54 -482 108 1266 371 2008 566 16 -557 104 655 -263 45 1408 1095 -747 800 -950 -768 -987 -123 750 -627 -231 728 -973 493 -377 523 938 -1012 -353 -1837 -1587 842 663 -1121 313 826 65 721 448 259 -651 -80 240 1589 899 403 64 -1079 115 765 -330 661 -1807 967 475 685 -77 -914 296 276 -909 -219 -54 -203 153 -273 818 239 475 569 557 -1366 626 -7 639 270 -402 -879 -932 -759 -220 220 -19 -1234 -772 -55 911 386 801 -563 756 177 1462 -6 -655 -1308 992 -208 800 1066 461 515 -391 216 380
327 -40 -1054 -19 249 -60 1237 281 -93 -480 1245 601 540 362 638 -247 -799 -773 -240 -337 -442 -431 499 -401 1516 427 -1087 -26 1888 -1791 1052 -377 -688 319 312 -309 -1360 479 290 609 -489 908 1184 -1008 364 608 -1176 1583 -1689 87 -1305 -109 278 -374 -451 -386 274 455 499 -1403 522 -1149 926 164 -867 67 -310 -608 1059 63 120 459 833 -295 -57 314 434 -462 -1033 -534 -458 -5 -119 -2393 -821 804 -5 -333 -631 -359 40 -307 278 4 735 -1861 300 -659 72 269 -521 -327 494 -220 642 -473 -1045 -605 -1068 745 793 965 812 1379 426 -1705 326 -332 581 -367 229 473 506 -586 -10 -638 153 -266 145 -1218 400 1074 -372 472 890 1724 -759 -214 505 961 439 -266 306 1498 -1632 559 48 130 -749 592 -261 436 648 -244 -307 -517 -260 734 290 588 630 -811 1250 268 719 -252 291 257 278 335 516 -40 -728 -1000 -205 -482 -152 1121 31 1056 -655 -89 -255 772 682 -645 -907 -116 508 -1098 1574 273 497 -522 -26 -38 967 -187 788 -470 4 -356 381 874 352 1391 -601 1076 1514 633 -194 -294 213 -484 -155 -269 674 853 175 1116 890 488 -659 -831 -611 142 1699 981 121 -26 549 -1104 445 -210 -41 -1113 417 882 786 -815 1335 809 -21 1475 1369 -393 199 364 474 607 1458 441 -166 619 558 276 -407 -710 -314 -1038 -601 -196 125 -1665 1589 -2 -1353 922 -137 -507 -60 -292 -1636 173 776 202 -815 614 271 150 -520 -526 -920 722 -225 172 839 -890 1093 -823 -1242 1209 -490 -50 -104 -1222 -679 542 639 -788 565 735 -471 22 -317 569 -515 38 -75 -32 93 604 244 1105 113 -295 -1085 -551 724 424 -887 -114 -128 889 -1759 88 172 894 -900 -47 -399 -15 -798 662 165 995 -286 714 572 843 -251 -343 27 106 -514 -361 -248 126 193 122 -238 -354 -736 881 249 -1015 -1593 544 -248 443 -1061 -1120 -950 -401 659 -1469 -12 -694 1 -242 -682 -1023 351 88 145 675 512 -161 1504 398 -447 -153 -36 455 -222 -50 755 177 248 287 1579 -2072 -780 74 -1151 -17 -521 -942 116 119
76 -195 197 -97 -1310 23 519 -582 1038 -132 383 -117 -566 1128 -888 -432 616 194 -392 -1134 -324 -147 -85 -467 -30 -1153 605 -372 -548 -393 -1512 -33 -266 -1180 464 -112 -705 -527 49 55 -366 1338 705 59 -297 -587 -864 -323 279 -79 889 -308 -282 1016 507 1476 -651 186 775 -286 662 798 332 1099 94 -499 -221 9 312 -772 727 -983 391 185 -309 -205 145 638 -963 431 -878 603 233 -748 396 652 368 747 620 -661 419 -126 374 -1067 -47 280 212 214 -746 -1693 -67 217 -192 -1099 -315 -1771 143 683 -733 92 -968 -244 -298 497 -521 -80 -670 1018 55 -564 377 763 928 381 -110 451 579 -1263 31 1031 -584 1524 491 -417 -290 -214 159 286 -81 1099 -518 513 -428 1249 467 -311 -890 552 170 -143 -1131 783 368 695 69 -263 -1686 -399 -133 -959 -45 -816 671 -34 302 -951 -1041 -512 -919 929 851 -149 364 417 -1188 1611 -730 247 750 164 821 1348 -590 -104 -16 -281 209 -988 2064 132 -533 523 -490 -476 -527 -1003 -331 317 1028 690 182 -141 126 -119 872 -2219 258 1223 1496 -67 366 480 -449 -456 -1277 219 -268 -359 370 -1755 -1241 -271 -964 596 -642 -1548 -86 23 489 -108 -342 -1549 -110 -360 272 502 -49 -647 370 -364 -430 850 -402 1067 -476 677 735 -85 -411 367 -649 1258 -228 -602 498 -637 367 -1065 -520 60 -1384 -947 -157 102 127 -99 86 222 -970 150 -1121 -937 -151 -391 -1129 -33 1679 811 704 -381 479 649 1071 348 929 6 -509 325 -393 -236 419 845 1276 -154 649 -323 143 -420 -501 1471 -711 -845 -334 1406 1234 -633 -945 975 -57 -302 -561 -539 -1989 -381 211 93 741 47 -1614 844 1699 718 -380 -704 -298 -213 438 530 313 -47 106 -75 -191 -118 975 -356 235 -1195 619 121 -605 837 1265 -186 393 -555 -447 1284 300 -324 216 -854 -300 1019 -694 669 -375 173 17 370 -644 332 1790 1261 -322 -1108 364 -602 -333 124 341 166 778 -280 -1113 1283 -506 686 286 141 565 1514 248 406 446 322 -426 97 1459 600 352 -799 869 -1214 -592 -1072 -261 -598 -40 699
324 -339 1210 860 -121 -1337 -1735 365 676 -187 -835 -463 54 724 101 -97 18 62 8 -374 -799 769 -703 -1334 -175 292 -30 -274 1064 337 -665 1671 813 1104 -227 -1226 942 577 -181 364 1421 -140 -431 -77 -1645 307 1512 1653 26 561 409 774 -134 110 -317 419 -163 2397 -1030 -334 -176 -680 106 462 -383 284 433 -284 -119 338 652 668 356 -380 -517 -34 -758 -52 -429 -588 -1432 -1373 -759 429 -714 955 364 71 67 -740 372 -605 1305 -811 409 -618 225 1079 428 -1406 -269 160 -1553 -909 -838 -344 674 -188 532 -295 -267 -408 26 -345 -955 628 487 636 3 1384 -929 532 -16 -556 -665 40 -166 -684 -1469 855 -1051 222 623 -486 248 -128 147 1292 -232 -546 -731 130 -868 513 974 -981 -645 1620 -162 780 306 1031 -118 666 -1158 730 -561 104 103 -355 464 173 -63 492 742 208 562 685 -681 1097 -570 324 -98 -898 68 1191 440 -605 -567 81 635 771 -1033 927 -87 766 561 117 1986 -51 636 943 790 -717 1704 605 -722 -448 510 -429 541 -515 1075 -1028 491 169 -1319 -567 -233 -23 -1437 1375 1073 188 734 -710 -51 -693 -665 878 1198 380 58 685 133 676 -628 -1094 41 868 -1191 -52 316 -396 966 -185 -318 -150 -2 630 -242 1299 -325 1192 -668 -611 -619 255 471 -841 1014 293 230 459 -212 -29 1201 -1092 -18 761 -225 50 -438 -539 -532 -435 568 478 -1393 166 -194 -799 19 933 798 -246 -554 14 -898 456 177 -801 231 18 -155 -668 881 -320 -290 -303 -108 561 299 -869 1191 -54 -414 91 843 69 -290 38 130 -436 1035 297 -1117 552 114 234 -256 -436 610 610 1027 -1068 88 -116 -307 218 154 846 472 -44 -56 -1898 593 -638 172 -33 -227 407 -26 833 829 -596 -313 -346 445 578 420 216 -1525 -572 361 -729 363 -251 420 262 -659 5 424 326 -909 1283 97 177 88 -601 -445 -535 498 -489 1590 1057 -296 1411 -1064 -651 613 1033 645 -505 778 511 626 -2244 -778 854 -288 124 -638 -778 -662 516 1199 285 -313 778 49 -696 298 1169 -242 260 252 -555 19 -706
790 973 281 -642 -1409 -74 358 171 169 385 792 -346 -451 738 -1174 817 224 -1443 996 630 198 621 171 912 328 284 -309 740 -193 -522 258 236 624 -1024 -201 -989 -895 -363 800 -2284 57 -946 876 -666 2160 -82 -120 341 -1808 -1472 -248 82 -800 -724 -347 -258 1160 410 -718 -342 23 401 650 -1772 -551 -257 -119 264 710 350 -464 -1179 -1403 -164 291 756 1640 651 -1174 436 1153 -834 -704 -185 584 174 -1318 -80 -679 -444 -631 489 84 -678 1176 -998 -797 594 726 497 249 109 334 520 2550 -326 214 -28 -1272 -96 -915 -342 -5 356 -884 543 378 317 896 128 -131 -472 917 -768 119 -104 -569 -326 470 -262 99 945 197 -489 707 159 354 392 -491 56 -182 818 168 1314 683 -353 1323 -356 81 -62 653 389 -58 634 157 720 77 -436 1377 -1358 -90 -569 -1665 516 -1013 388 -105 -1038 -1525 381 600 1122 259 -74 -114 233 -409 1267 21 -239 209 -45 -610 214 -700 -1149 -2019 1010 488 -1091 -62 -865 -920 -158 -38 -303 1951 700 1383 1171 -166 -18 -392 242 -704 426 -559 -231 25 -436 50 213 841 -269 0 -569 134 -973 -69 456 -964 -370 -991 1373 -987 26 -101 -796 275 135 639 767 45 -1011 -1044 40 -750 291 899 53 102 944 125 1081 1275 -781 -489 -233 1358 1149 -995 -354 -472 44 578 -659 297 -511 168 444 584 594 -388 -735 -92 126 -1046 404 -53 893 -338 -358 -648 387 -20 -373 84 1934 -200 516 -228 382 561 -120 -549 -680 -399 -560 1025 449 1272 -933 -379 -366 337 -1051 197 732 529 727 -910 -274 -1682 -187 23 -1119 1244 314 -212 176 452 -792 -942 668 -462 880 -1423 110 552 479 -1400 -1024 -211 984 561 231 -123 304 209 -92 602 486 583 4 936 620 709 -1291 -1988 -624 -386 1255 1358 315 -332 -559 -502 -766 -1207 293 -648 -390 25 217 845 32 -1093 -164 314 698 -282 -369 843 197 298 -382 -454 929 1241 -578 405 532 1916 -971 -183 -85 375 271 581 -709 155 -1510 656 484 -353 -398 476 1032 583 1570 -171 -546 940 -215 82 718 26 314 868 -237
994 842 1301 743 -194 -1059 825 -519 -479 889 455 -2237 -212 -2638 594 -86 1082 -309 408 758 -291 -461 28 -531 -22 900 -87 -609 -229 580 -172 30 707 -296 -508 -411 -918 -266 -2272 706 -821 -78 56 1490 -765 -409 908 -1233 1007 -1327 -1225 476 -202 -469 306 -103 -758 1460 -933 -493 341 -24 1558 -568 -40 88 738 245 -236 -53 -798 30 -2323 -1048 200 -816 -772 -746 435 -792 1225 256 1436 528 47 483 810 -403 -1202 -521 587 568 599 -131 -395 -184 -1338 -285 -785 327 -200 687 384 479 -387 -1478 -535 367 -439 369 710 -50 -602 -667 -439 -602 -841 -1538 -545 26 10 982 -1097 1275 -258 -873 -182 1251 131 144 84 -713 40 -1158 -8 -1284 256 -125 -94 -110 752 82 306 67 1735 -797 -422 -554 -427 -890 -29 836 -325 837 362 -385 -899 -78 442 -71 -248 -597 217 -1517 1110 -713 940 113 -140 187 -677 -528 -1447 739 1206 -544 502 40 -1040 197 -439 -850 -910 305 -471 -1139 -152 59 -1028 -827 173 148 -1076 -408 -646 451 -416 132 -1196 507 -371 496 217 -53 -1098 947 -867 -353 -780 -667 133 -823 -91 814 6 430 177 1276 -846 1376 -485 1296 537 602 737 -643 -875 -489 81 -4 -467 -635 440 -765 -1597 -1007 -215 108 -623 485 -401 1330 720 -1280 -578 -1136 -202 -171 239 -315 -1139 25 -228 860 -1137 608 308 440 496 683 -480 -14 200 120 -689 277 -1541 -171 177 -137 -403 722 -972 141 -863 1847 617 -762 -1534 -1286 -8 -155 -150 304 -858 -774 175 699 -462 35 1951 -1264 796 264 962 611 -193 567 -301 445 104 -394 -1074 -1129 -1294 741 -361 205 -509 373 -901 -118 472 -990 -529 -433 987 349 566 -1413 45 -210 -606 191 622 684 1385 449 799 -219 1154 -386 228 900 129 686 214 -1478 314 621 882 -267 -391 258 401 -283 -1962 -67 -493 -702 -219 34 -283 -1097 781 720 1035 -275 -922 1290 -1473 -1391 323 -1163 -128 154 -1430 210 -1300 24 860 -593 88 655 -858 774 1058 -75 -164 -134 -725 -514 -1061 -581 228 -208 -797 873 218 452 97 -1292 197 -800 -52 -720 -660 -25 2406 483
105 541 -1108 906 -865 -115 667 -796 -1559 -1041 -326 83 1421 646 246 -215 60 -195 -694 479 -234 -1996 -1311 631 -633 -314 35 -289 16 -663 -240 -20 632 -408 2 -449 -973 186 -440 -99 1184 -228 1175 -1189 -538 -264 1259 -300 -124 -280 212 1562 1349 126 -613 -471 157 1069 -82 -1295 -465 648 385 -873 -459 -1390 -221 -253 720 -323 4 58 681 -154 1111 -81 -302 -1030 1733 -563 -600 -506 799 501 -686 597 1156 915 1125 -859 -144 -125 556 -24 908 626 -132 432 68 -9 -230 585 -211 -767 324 -86 671 -511 -92 254 98 -211 -738 -954 -2117 -201 -351 277 -511 808 -73 -1105 319 -157 -91 -1011 -369 1228 -896 -638 -463 342 -331 863 -1317 941 529 868 -383 -688 -619 749 853 277 439 -1858 674 305 169 541 -350 772 -1872 -68 369 -199 274 1223 -303 -201 -764 83 758 -328 -1070 541 286 -263 -145 327 -201 -640 91 158 -313 -1346 1271 414 72 345 -251 1074 608 613 660 304 306 -15 655 -1393 478 66 -60 344 613 -565 564 351 269 54 -1409 -401 660 464 1057 415 1057 635 -473 1251 -1652 -1124 7 819 -1405 1529 -463 -104 -372 750 264 -522 215 -733 247 1625 -676 534 -33 443 1141 967 414 262 -1566 58 -690 -251 648 2903 461 -760 -329 -941 386 -587 -1246 1527 -918 640 -268 -411 422 -15 -548 -695 440 300 1061 1762 58 311 -176 -73 -425 -107 -947 82 79 2185 957 636 103 -31 -905 768 135 -809 -1029 -742 -680 483 -542 -277 1459 -285 -982 1581 214 53 1706 1379 429 -1168 73 435 1045 728 195 -42 -420 614 -289 -1576 -588 445 866 196 -574 -511 -383 614 676 -263 180 -955 -804 -361 -1414 128 1125 727 -361 -860 -117 -2036 -526 -306 -1034 298 1553 310 -511 45 -77 -751 850 130 1091 -357 160 -524 365 442 -179 -397 229 -370 -249 525 598 -299 -385 283 -771 -39 -706 -22 -185 -330 -2 -39 909 268 27 -365 -1232 1628 -59 -299 335 514 -193 -1315 214 -1101 -325 -253 -239 -91 220 63 352 -430 -666 106 952 407 -323 -1256 -1144 229 -1165 408 -956 864 1354 162 456 -483
693 1248 452 -1187 250 135 33 -180 833 -815 711 -615 -563 -601 -555 4 1085 248 973 542 151 -49 110 -857 -101 228 241 886 -579 29 859 554 44 1335 -183 -1162 -584 -777 318 -732 172 921 -526 23 -313 1558 34 -559 1552 -825 -224 -435 -17 -71 1170 714 -696 221 773 -130 -1050 937 -275 -332 -1155 13 229 -2 -1066 303 13 -64 748 -409 -1231 -339 -351 -766 291 -281 487 -240 -1013 721 -43 186 148 804 116 -704 -219 64 441 -510 -13 -773 86 414 -401 -845 321 -32 65 -13 1224 770 -122 700 -546 1184 252 -217 -567 1980 228 1469 -1223 -93 -475 284 30 70 -109 687 -690 -257 109 246 -1140 1153 946 -165 -576 -1943 -479 354 1158 -419 -1255 471 -178 939 159 -1422 1336 27 1296 1958 386 -22 1473 531 449 -733 -760 122 -441 -384 461 -769 60 1266 212 -347 285 250 796 464 19 -304 331 785 420 414 -466 117 -71 136 -631 173 -524 1013 923 214 540 314 -365 -924 -701 519 -440 1060 409 1862 323 -841 587 957 -505 -637 142 145 1277 -1299 -1765 -422 369 -781 -409 -955 -131 -355 556 480 -333 454 953 -278 -96 676 855 -742 291 618 -191 1452 -523 -556 441 968 -502 127 367 955 -933 -144 1370 894 607 150 1278 -190 -429 -110 -167 -156 309 679 -280 38 -729 -590 1209 -388 -145 429 -1224 422 512 -3 186 -1085 -95 481 1157 1445 270 -391 819 -70 1839 -918 1576 -985 2 446 479 1404 -366 632 -105 -788 -600 463 -595 -444 654 1582 832 594 1024 20 500 857 -174 1076 96 97 -471 -958 -155 791 344 144 -195 260 287 1527 -1610 -681 320 203 285 -398 158 557 336 138 57 -33 -115 1161 201 -1383 556 -445 -300 -1225 -1088 34 -1622 -1046 218 868 555 1849 -96 -40 -80 -57 -712 16 -571 185 -125 -421 -1604 531 -952 1286 1110 -2 1103 -113 1040 383 -864 -10 -563 -1089 1490 -392 176 1167 884 1408 603 -568 186 83 -313 74 16 312 -160 -600 42 -359 -280 384 -590 846 429 -33 2365 501 752 -1575 -564 152 1674 -551 -73 -220 -780 547 -190 950 49 329
1478 652 -105 -530 -473 -323 153 -547 -476 379 96 -208 1101 29 596 -548 -657 -195 837 249 246 585 470 315 508 512 -733 -1022 -143 -1482 531 -336 -1195 166 126 -327 -304 641 -256 -1518 12 420 482 271 978 -157 -323 -461 -427 -593 299 53 78 574 696 -38 773 -799 1013 -597 26 441 -584 -947 497 -30 -827 20 371 878 -247 -287 781 -163 -338 -381 664 -822 -67 -275 -605 -742 -732 404 121 -554 407 419 -50 369 -253 933 959 -272 669 -504 -528 -628 -84 395 -64 -307 -186 -264 261 238 199 -955 -464 -163 63 1249 1629 280 -874 -1125 899 230 1283 -291 288 -341 885 -261 -668 540 -666 303 -425 -383 354 -330 130 737 639 -573 1011 -1192 608 249 -212 -128 901 -747 -1563 1260 -376 528 -1127 -304 1729 -359 -141 -485 -993 192 1023 230 552 -44 145 2099 -420 611 -524 810 -97 1218 131 139 478 -1035 375 109 -418 53 -942 -506 -622 252 513 -872 812 1276 118 79 562 931 -426 476 -738 -796 -32 -525 152 236 -133 -381 -433 -655 726 -540 -630 373 -1213 543 -1014 -224 -382 754 1133 506 712 -711 9 81 -325 -2113 830 -206 1133 86 738 -458 -658 -1163 336 532 -637 1245 371 -59 789 -746 1088 -990 -706 40 433 -607 492 -293 929 -331 187 -658 -159 -1130 1095 -53 -719 515 -631 441 304 950 -607 479 -535 350 395 912 1190 -1259 647 601 1006 -891 -490 991 380 657 -419 -400 -1423 -1873 183 -46 69 -1046 894 -271 30 1539 -323 -666 -559 -502 -248 433 -232 -682 677 721 -372 1271 -614 398 0 -268 269 -313 43 -1386 -282 95 43 373 579 106 1147 678 -508 335 899 115 726 731 -96 -331 152 573 99 -1408 204 -372 560 637 409 1019 76 -120 1332 129 -204 635 -1017 896 138 -653 83 -880 -180 99 -182 -525 43 -1743 902 -229 1328 577 694 31 -486 -1687 -235 -1281 270 -609 -78 489 -210 528 1519 -56 1249 -1374 736 1407 -225 -1272 -628 102 582 -581 1078 -240 225 1099 879 369 -562 -159 -88 397 -229 -324 -801 -511 773 547 466 -361 671 -162 -59 25 -130 -1046
640 -351 -640 460 347 1327 -117 -1460 -860 -232 364 194 -1141 103 1146 -173 -664 28 -599 -348 -918 207 1788 429 29 -484 516 419 -558 -754 -354 1283 -399 -469 350 -276 -137 270 -382 -1226 794 57 380 -201 -809 -692 60 -746 -261 279 -328 1781 715 724 -116 -1133 -73 511 736 -834 235 -268 -155 -578 -248 -1196 -163 -1021 -1850 466 1141 836 257 -318 183 801 -961 -168 1487 1306 -1335 187 -230 689 -1124 -552 -615 443 977 -1411 -1025 83 27 -1262 -698 865 231 769 1683 -715 597 -1594 -663 1160 -359 -529 67 331 306 18 1510 -949 87 -233 -1383 -311 -1035 285 -344 38 900 462 1292 -267 -83 -1189 -217 -259 834 -965 411 200 355 122 227 -61 -1093 1538 26 203 268 709 228 -41 -248 -623 742 -1399 -583 -886 586 -274 455 350 541 -250 -166 868 -340 1591 -1526 -329 671 -978 -618 191 -167 112 -351 -2228 844 -1418 285 -198 -605 -1100 801 -318 395 -206 1227 240 -407 324 -151 320 -937 -671 -396 -172 -105 801 578 -267 1167 950 -249 -410 872 243 -902 -1482 381 -85 1459 53 -1361 551 -254 534 1024 237 -1027 -612 -2016 -449 -193 252 347 -749 -441 -51 128 139 -754 -503 294 -1395 522 1039 675 -819 -301 -139 108 351 21 -1115 171 1145 146 -159 143 123 462 -288 41 1015 308 521 247 691 508 1335 -1197 662 616 498 541 1213 -580 328 1426 838 180 1064 1021 -88 -806 -284 794 1734 285 1387 351 -111 697 -732 905 -427 -511 -334 -954 -293 1025 240 640 -523 115 -606 -544 -709 -1706 662 156 255 -285 1240 989 -440 -167 -774 752 29 152 800 145 493 273 997 -671 406 683 -762 1773 -557 -1111 -29 -446 168 -186 -494 577 24 -341 -772 1384 449 687 -532 372 -185 85 234 -433 661 -837 221 -386 -218 -165 -824 -393 770 -560 -1543 336 635 -405 -335 -188 578 -1033 -294 -334 706 807 897 498 160 35 168 818 -45 -429 -337 -310 -1073 -513 -122 742 -422 -1291 795 -11 -366 -775 -281 -1423 1270 -625 362 -1057 1040 173 225 -557 -348 1156 396 756 1498 -294 -116 160 -1062 415 261 373 -616
-541 218 617 698 -242 -497 2139 212 1614 -74 -588 -431 -1993 -364 -1525 1158 -539 21 -550 -1 -1277 1349 -1318 -120 -180 -701 -245 542 220 528 326 -290 -848 14 183 452 628 -17 1027 -1625 494 -1275 494 -588 -769 593 847 -955 -230 777 -544 687 1294 -466 1108 -603 437 1227 431 -207 -745 -1683 -241 560 1668 -721 436 -469 -393 -468 -409 -368 182 45 1109 -716 16 -29 747 -509 2191 217 -66 8 1140 372 469 49 -139 1197 211 -434 146 -797 1196 -985 -616 -208 743 786 -519 775 -723 344 937 158 119 1306 -508 44 -687 -78 -1366 846 -1780 1087 -274 -417 -799 -603 747 -112 1028 803 373 928 -1556 -908 -829 1787 166 998 -1055 -27 -16 496 -82 -568 845 119 596 24 1371 576 -769 288 537 945 188 185 452 968 187 -316 259 421 -142 -502 -29 -3 -712 -469 -219 -651 19 165 -234 304 581 -99 415 909 -73 -280 648 1692 627 439 295 151 643 -142 409 -324 338 -816 966 330 22 1447 -865 564 762 1390 720 176 -271 -1375 372 28 -699 -113 -142 -480 -423 296 200 -706 -674 245 724 552 -490 -1093 -493 -257 149 -253 433 236 637 -523 118 1433 -72 -1223 -482 -852 779 -116 -849 -1282 -424 -716 -207 -13 -98 694 613 715 381 -994 -624 559 -188 -1066 -1336 466 338 897 431 -693 -570 -193 -585 1092 253 454 -257 -237 -428 -860 872 -922 -834 392 -237 444 798 317 -19 131 -748 -217 -1835 -701 1163 34 153 680 -1914 496 -29 91 -495 320 504 55 -469 -157 -347 -1160 346 78 177 345 34 42 284 121 -1158 -1531 743 1262 -130 -27 211 1065 230 -49 -473 -232 185 -1411 496 -1229 -731 177 -843 891 97 48 -463 294 649 -520 -498 -610 -97 289 -1311 -1403 630 66 -287 381 -243 71 146 -834 -718 -402 94 -362 -544 -1242 -370 198 261 773 -84 1272 118 -574 162 -497 89 -347 641 -340 -394 -1159 -606 38 1588 747 950 177 -288 -372 1011 470 232 -743 705 611 71 -617 -1633 1223 -168 415 70 382 -152 463 366 42 -1051 -1174 -996 -649 62 -872 -134 1170 323 -867 -524 -1207
31 79 -856 -860 307 -1448 253 379 675 810 660 -835 -92 1264 -361 -295 -659 220 305 -228 -13 213 449 -254 1727 629 -271 1148 12 588 1038 124 127 119 446 -548 -1023 -331 -563 480 -145 -1343 -141 450 -50 -1217 -1136 350 -715 -128 -443 -142 44 -490 -1319 609 649 857 44 374 -156 562 462 -267 1136 1953 720 -362 237 1645 37 1241 -883 -619 591 -768 -1318 -242 -130 1158 1352 -891 692 -1054 -642 210 -734 1061 -560 422 358 1143 558 -1043 1240 233 -954 195 -222 -397 465 -1739 136 -189 -169 537 477 487 -1025 265 -59 356 1203 -538 -1037 178 948 -499 -1146 1720 -766 356 -487 -27 667 -312 -1592 -421 -71 83 670 1507 103 625 434 1002 702 1621 94 192 890 530 1224 149 -281 -646 375 -527 -345 372 119 27 -397 -690 168 -176 -108 847 -1158 406 -353 195 1086 -932 -451 -669 -778 -553 -975 678 1301 164 217 -476 68 136 443 -468 -217 953 366 542 389 251 -1279 -461 688 2001 191 -406 -15 40 -867 -324 339 433 110 -941 -43 218 352 559 114 197 -503 966 -1536 425 -667 -100 -232 -481 -348 -489 294 473 -442 -501 60 700 -803 -319 -474 -391 -982 38 -128 319 558 339 358 -1389 117 725 338 885 -951 471 267 731 526 -597 13 161 -739 -527 -929 -550 -640 142 -789 -435 -624 -522 149 -357 137 -405 -1225 -357 -1057 -786 -571 -510 582 -758 -652 -131 -519 -138 62 -386 -680 275 698 29 527 513 -807 -399 420 -278 400 1321 1116 91 -1459 -292 517 274 1148 100 1128 -822 -244 -317 -34 1481 -442 -318 1165 71 -924 105 -893 -715 378 64 -128 -733 -329 364 -244 555 351 -749 -1435 104 693 297 379 633 -414 537 -239 1150 242 6 -657 -163 108 -1293 853 1299 1161 -622 -25 763 -709 -749 -1543 -167 1146 -372 -72 -1058 -18 -451 -1104 -1195 1235 85 -1229 906 350 -344 -313 -293 -465 -961 209 379 -476 517 -302 -553 90 286 517 -10 446 67 40 -511 72 -435 286 -951 -1341 602 834 -121 1200 -1613 -278 -1325 1094 281 1470 700 -551 -136 808 1097 669 -302 -53 -894 1172 -1018
-90 575 711 213 1525 -701 459 -744 -1188 -273 -672 1017 621 -1687 154 244 -946 1257 -350 -36 -894 526 241 -842 -963 1164 -117 -400 846 -104 142 109 201 329 -42 524 -1471 213 -813 1973 -451 -237 -1152 -782 -158 -39 141 -464 -244 703 1199 999 -503 56 1238 603 -337 942 286 1118 155 -518 264 368 -41 668 -118 10 435 -165 1593 547 -488 276 1225 367 -308 -832 541 1001 841 590 436 1424 833 -1054 -57 1626 -1246 471 -698 655 -438 1298 -322 -98 775 32 -171 -973 -761 542 -688 -1073 -47 -473 976 -1125 794 -977 147 -244 -218 658 -25 -936 -126 183 -1005 -550 5 568 818 1101 106 1076 -397 -506 -1149 -369 1445 59 -147 704 33 991 -142 -800 1215 402 164 -2434 -1 231 -1244 620 408 -1199 -188 -829 1156 653 -921 274 351 207 1330 250 770 988 -546 88 980 -423 124 15 -122 261 140 -603 541 -1135 368 439 -495 -206 -212 992 -695 757 185 498 360 244 803 55 -231 1268 -362 222 -699 341 -41 228 1241 1031 284 1219 -52 117 -765 -1057 -1275 -313 347 1853 481 -1182 95 -38 275 791 -487 988 1444 -806 52 158 77 741 170 828 -95 1073 -918 -729 -689 89 -342 -226 718 -772 475 268 -22 337 1190 -886 -964 -1552 210 317 657 676 1101 -195 483 534 -396 34 -513 259 1081 -1408 -896 -301 -366 776 372 259 294 -426 301 -779 -353 91 1670 231 241 943 -310 -337 -537 1307 264 -696 376 114 1620 -346 -414 -630 -573 -199 -364 -300 -65 -928 -585 634 781 -294 753 427 -435 407 -605 -365 711 -97 363 -1744 -95 15 932 -896 -807 -208 1022 523 1339 523 -831 -369 174 884 270 568 749 -346 -66 -1292 244 -378 -519 -709 -1502 974 -10 -1198 418 -1069 -11 86 1080 -721 -129 -876 -132 -628 1105 -647 128 -484 524 -14 568 -929 -649 619 -772 -940 -467 -175 273 -213 -166 -36 -1350 1510 -39 -601 -1401 -377 1054 1012 855 1516 1881 -368 -253 -77 280 1443 1579 -496 725 -403 -672 431 -1109 -1173 -168 -891 731 -176 -837 -424 -295 1382 11 1315 200 -319 818 538 -362 591 -595 32
904 9 1078 1302 72 748 -578 102 857 -1220 680 459 -174 -493 633 -144 -187 297 -157 979 -213 -733 -549 -1525 -91 -744 -343 513 -595 665 -509 -250 -476 -609 310 1197 9 346 224 447 818 -326 -266 1380 850 791 1082 629 -735 -554 713 -292 -263 127 -326 1199 1020 -27 432 -1192 -254 -1141 1214 312 28 -487 1110 1357 738 -179 -963 -690 436 208 955 -1084 1453 181 -1505 -385 -649 186 -1107 80 320 -602 -597 -409 -267 779 554 -478 -144 529 1242 14 320 7 270 1281 -1181 -481 -308 33 -231 -1104 -321 105 -410 408 13 -566 -23 -387 221 1007 -117 -764 1556 -203 55 -223 -1475 -618 418 343 295 638 756 -388 840 -398 179 -1221 -100 1048 -1102 -149 -580 -754 33 -137 1161 96 972 201 233 1270 -2013 1361 758 690 -109 1101 1165 -165 -1262 -1347 546 -1050 -1447 -655 281 -622 715 -326 1126 -2 823 -333 779 184 -1231 373 704 -993 1576 1712 -693 -970 694 -63 -473 -81 813 412 -932 1022 -1347 785 -44 -469 -1748 -3 -265 166 66 -1078 1828 329 360 1079 -627 -209 1182 852 -571 -12 -1259 454 -775 -1235 1180 1407 -369 317 120 -343 1313 -180 -1597 324 -1576 406 250 -754 -613 660 687 -1012 184 -244 419 -503 183 -175 -330 -361 -592 1765 545 1191 -113 385 -578 -507 243 751 312 1345 381 -250 -1022 -595 644 -129 432 -4 -277 821 -227 1308 345 -942 -153 242 -1317 -469 -426 32 355 -199 -285 1327 -388 120 -371 -1026 -1292 -131 -334 -250 499 -474 258 -270 308 -778 -597 508 194 -208 232 324 570 -1934 514 -346 46 -104 -1894 -331 419 -438 842 1505 554 -581 874 183 -438 -288 462 687 112 -212 286 -40 785 1463 -826 -429 -234 -168 -226 321 180 864 1189 453 -921 1782 -2349 -559 708 937 -236 -352 138 469 -752 834 -775 222 -77 154 383 98 1012 -1317 -398 96 -767 -296 686 548 -3 770 1266 -406 499 365 1104 -1471 -1243 -585 -293 -1118 334 -857 -775 -435 83 414 -1332 453 28 -186 1759 326 -750 -1157 982 -543 -1001 800 66 442 -32 433 387 -1125 -635 182 -779 662 -501 -653 -23 1009
701 -200 840 -78 -645 -641 829 -387 -108 -84 -848 -288 -1086 -326 -1134 20 283 975 -295 -69 528 -521 512 293 606 -64 285 268 253 234 -148 128 418 -1992 709 557 -1464 -406 -480 -142 455 -796 571 1 186 -447 -762 -279 -1486 71 -824 29 -59 -1189 -462 -17 335 -78 -823 -130 211 -594 -372 -1086 7 -493 -898 -1047 1202 -788 295 -449 100 627 -553 75 -1122 -217 -320 -555 943 265 -1083 1191 122 -27 988 268 372 -130 1092 649 -401 41 -336 3 -1143 1030 504 -377 -700 232 149 298 -794 1381 933 -342 1112 -287 -1375 -657 -51 -726 -414 -206 -895 223 -592 -537 1053 -1080 646 285 -201 -762 -1142 134 -310 618 -877 -452 -257 1601 -580 -587 -462 -346 488 1052 -772 456 -479 -102 -643 -1554 765 -394 -485 -973 1278 -246 -770 -636 -193 469 -439 -251 1382 -1031 144 -416 -1453 718 114 342 101 -437 -980 -741 -350 -546 -2280 213 -1036 -164 -228 1152 -808 -434 1015 -43 -643 -261 -74 706 -364 -274 792 -204 -1292 -118 -920 -694 350 523 163 -665 -700 -141 590 521 45 -942 264 -1026 731 918 1785 543 723 950 678 -24 1297 174 -583 -820 84 1138 509 624 -358 442 531 -23 256 391 -610 358 -776 1102 -131 -101 -595 -360 -46 -103 79 -384 -479 -1008 -365 -725 626 458 817 1498 -128 1579 84 402 212 -909 -86 85 668 -4 690 924 -757 82 29 -1165 -1429 1430 -672 39 -629 -575 -1457 -2086 126 -136 -1188 -172 213 71 -1383 309 -28 -123 -460 -1007 -858 -387 -1238 598 563 -341 -777 -1023 665 -1011 -235 -600 725 -118 -1018 76 212 -279 -410 676 769 807 145 759 329 -116 -234 -978 -577 132 260 -930 895 41 -351 1337 -617 -671 -670 13 387 -1054 218 1015 -465 1477 -495 -475 114 870 -101 395 47 -24 242 964 -205 -410 -362 616 -1283 -1178 -1279 -587 743 -497 84 -84 426 346 -1128 640 344 496 -1089 -1291 -966 -734 -1041 -773 -892 -993 -985 -933 1627 -1252 1254 -192 -127 -1792 539 -127 -271 -1180 -1293 956 761 239 -744 484 167 1349 1233 1734 -298 590 402 -943 -1155 514 10 -651 896 221 -153 555
-1532 199 902 1301 684 -1017 -1946 -271 258 -1266 796 -311 -249 -85 -107 951 68 -9 -521 1201 -1539 497 187 -980 1606 -1261 -207 -1058 76 1454 -89 -437 -325 -172 615 62 -54 -332 767 459 1002 1579 1137 629 -610 -967 334 -279 404 -137 331 -1162 1071 -494 -67 -1456 -560 824 207 394 -337 -129 450 -234 689 63 368 -977 44 725 815 340 112 -1181 658 690 -542 150 505 503 144 -96 -941 -565 -1168 -78 631 -639 92 966 -44 -267 -991 324 -1422 1020 -742 136 135 -74 344 70 388 1234 -220 -1026 -425 -751 881 566 487 950 498 -459 -59 -1344 -291 -472 84 -811 974 1202 180 -477 -120 -67 332 97 -224 -1149 740 611 519 1544 -78 -489 -894 273 -339 886 -390 815 395 -415 -378 -3 -336 223 -424 -302 863 801 -682 -578 -501 -6 6 -1079 -599 -254 134 482 -212 -695 -390 -235 1526 -995 1083 -441 766 -358 583 -469 -66 -22 -181 -761 574 197 876 -766 1227 -969 -279 47 -87 -580 20 88 1372 915 285 19 -1029 411 -590 -1334 338 -107 -161 1238 -53 -507 -225 -801 1172 -595 -630 1241 993 802 -336 -203 120 931 -175 775 -632 166 20 -527 -473 1658 -1393 1024 220 -47 -491 292 -875 791 -1022 -85 405 1013 -645 -603 -977 810 -125 496 -22 328 -1155 -1154 -252 739 -447 -919 488 -48 183 1321 800 1024 -1314 665 -271 -270 -274 187 297 -1525 -140 247 -734 -1292 1448 -244 84 -994 674 993 1021 69 704 181 411 -65 -580 201 -263 214 426 -144 782 873 -197 290 1517 705 -667 1200 -721 203 -248 -559 1474 -513 -514 729 314 374 -1084 48 814 40 444 -89 -172 107 -526 505 383 -209 303 -421 96 1649 -832 -757 52 386 280 489 123 -917 1899 765 -1474 960 -449 -640 969 -709 386 -995 1060 304 238 202 721 -833 955 1386 869 165 236 -297 1176 -149 698 -713 123 -1250 -1129 -739 -299 -1234 909 797 -384 432 432 701 889 -278 -409 112 186 -888 -1732 -52 -558 -718 43 44 1020 21 470 193 2007 -332 587 -18 181 -1310 101 -254 709 313 353 1296 1090 -1088 1169 -554 -163 -497
253 513 469 105 -616 -514 -692 855 -525 -382 -673 1247 45 -150 353 17 377 -889 -838 -560 428 1067 -1044 -134 -728 1393 -1472 334 -506 -1322 -1233 -362 -1579 1127 -604 681 -667 -116 686 146 -56 -881 1819 -356 -74 -552 877 400 -795 105 647 -43 609 -1372 -1184 483 383 566 -183 -768 336 1217 396 -248 -467 678 -589 -570 222 -302 -404 -722 174 -17 -46 -1429 1323 -1051 695 -1538 46 730 15 1204 -416 84 -839 -439 -84 -507 149 -238 -382 -1840 -841 352 -668 789 695 -511 46 -365 -1357 1562 917 498 103 -188 -190 1204 -63 39 661 1067 -905 -221 -920 -805 -254 -349 1486 -24 -2 -913 417 257 458 -147 274 -39 -216 -685 890 -1273 228 221 1008 142 -129 1373 -231 -163 586 658 -322 -275 45 609 -545 -542 212 -836 -495 -457 -609 1102 -966 -492 -421 2001 328 684 -751 -379 134 -1689 -868 -600 509 333 -323 -457 614 270 -737 -821 239 1365 -121 1317 -438 273 -1622 150 108 -99 -1429 104 890 626 687 1101 1599 763 -311 -535 -222 973 506 -590 -996 -314 -844 815 -119 320 -865 -931 704 239 -141 -5 463 -547 719 281 -510 337 -895 -1162 -319 -170 -179 -516 985 204 634 -970 -293 188 -910 -1719 1135 -394 -324 -398 1359 -575 428 -446 -74 27 69 -824 -69 -527 -322 -18 -1034 -331 896 -304 -312 -145 -1121 91 -154 -198 -583 1266 -370 -441 -1098 701 -565 237 -69 232 -580 211 601 -1071 -621 96 -701 -904 -313 -156 445 916 -787 376 633 -231 977 -1428 -410 358 647 872 -304 553 -560 599 464 -1523 -322 1144 -1257 -545 -439 837 841 27 -280 586 489 -349 -39 -591 -1123 628 -240 596 191 943 -246 682 -1958 448 142 716 135 596 -152 1341 356 384 -1608 138 -75 1130 -294 119 -302 -362 539 -520 -920 253 -397 532 -432 -499 -917 -231 5 -479 -1134 132 390 -14 1029 -72 589 -1076 -1181 -716 218 242 -27 1434 645 539 1025 -331 -557 -484 800 -145 -591 876 -761 383 192 998 1095 -221 -689 183 2 -470 652 1051 147 -850 29 -273 -329 -1042 853 560 697 999 237 238 -333 118 -383 -806
-168 96 -1504 -1170 -385 354 -792 258 171 1268 352 -778 557 -53 -383 86 729 -57 552 480 -1510 8 -418 1047 -572 -36 428 863 -862 1586 -6 437 -84 515 -987 -747 -407 33 709 -1020 -204 -123 2090 -286 1694 690 -1051 861 -976 668 -59 182 521 421 167 -699 -917 -917 -718 105 -431 -1077 350 -202 310 -79 -410 -377 997 27 870 631 -408 1067 -2369 1369 920 -276 614 979 -318 274 37 199 1034 1247 -2271 1177 345 -219 -185 589 -256 452 -1 293 -414 -762 48 423 933 -250 -125 182 385 75 -257 146 219 -85 228 260 -914 -1283 794 -67 -506 760 412 72 -645 -1335 -252 -243 862 543 -749 462 -1144 140 1014 -47 -1003 -29 -719 -100 -45 1239 76 823 442 167 -52 472 1659 -355 -320 28 950 556 42 689 -107 428 314 257 -666 385 1436 -1457 1006 1332 -99 308 -911 933 -965 304 131 166 314 -473 33 -1322 -749 -317 -729 106 1210 -25 779 482 -495 385 -629 -98 -703 -1025 129 357 449 -210 511 -1108 -227 594 137 -1535 -617 -278 751 -141 721 52 -479 -349 417 819 -305 -209 -1226 -113 -1105 1354 -1369 -1098 280 -163 166 1440 -747 610 220 122 -172 817 -590 125 -603 -1689 -247 430 511 -364 497 1583 499 724 -728 1190 -1360 -56 -1473 -545 24 -246 1036 203 -405 -157 89 -313 -136 1521 48 -417 -1679 406 -842 1302 -844 651 325 875 442 -160 -865 739 208 -536 -682 -1304 899 431 740 -82 684 269 574 -60 -332 -575 46 -351 -332 -344 640 -168 412 687 1528 1203 -284 -7 -781 139 -18 -654 -87 -997 -5 -582 -445 -1052 362 -443 -34 -830 1112 1700 -1044 -1203 -1573 -124 260 -243 -918 -59 449 430 1070 108 -201 -230 496 -623 336 1463 -1013 -447 -502 1618 562 -1636 -1469 -305 -1003 -1032 -185 -639 1093 -97 -1609 505 -418 1369 -791 148 -474 -702 -1200 -53 1103 211 396 167 312 405 1195 623 -218 36 -355 489 736 116 -445 151 -2209 -1027 862 578 -88 -1103 -484 639 -248 383 -1473 -713 1013 1566 641 242 -844 -960 349 94 353 935 -766 -4 -26 434 -1202 -1165 -169 -556 -617 -98
-1086 -594 1248 -815 -425 -1378 58 -85 -394 478 -910 -998 -919 493 74 -396 757 787 651 -369 -908 123 -243 -496 -1471 -104 65 -23 -120 -5 1656 -300 -594 516 -383 1854 466 454 781 -70 -1017 -842 135 1697 525 509 -1048 -1556 487 -24 180 754 -888 -328 93 -802 1096 -76 1740 1606 -680 -280 -731 815 1341 -1048 1323 1767 145 186 -1615 -901 1015 143 -583 49 897 -95 -157 -116 599 473 512 -975 1543 481 -205 -563 347 128 566 -358 1246 1436 377 -533 1098 -303 710 451 -1825 841 -751 198 -396 -1468 498 528 338 424 -812 -229 12 15 1199 -1721 -705 376 609 373 968 1137 373 -737 941 1013 -741 121 -1262 837 687 2329 -92 -310 -813 880 -1231 250 1083 328 610 -903 593 1224 -98 410 -884 -1162 -754 1096 -33 939 -172 1283 323 -884 -211 680 35 96 -1218 -582 -246 -1034 635 -1082 453 611 402 -51 -760 -107 500 -1220 -349 -1029 482 567 492 -206 -495 -1619 1111 -187 -588 553 -886 408 936 -104 -856 -592 -172 -663 -1518 1163 -870 224 -567 815 -448 405 801 508 -965 1114 -1071 1633 -1799 -806 1908 1339 156 1357 -765 -954 -897 911 141 -1284 -147 -891 -88 -217 499 651 -260 94 891 -1203 -702 -54 -150 -182 525 -1348 -90 -187 -1677 505 468 -1430 363 114 -857 526 -1082 307 1097 303 479 -751 -1209 -222 -252 -413 -859 239 283 -587 -583 -477 -424 603 1190 -1028 363 721 -166 1313 187 -192 -360 1218 363 -145 154 -719 764 58 -1045 -90 702 681 112 -1064 -1145 627 -2332 -280 354 -640 -410 -1532 -361 -126 752 -707 -594 1105 -186 -467 468 29 -116 98 274 554 492 1228 -229 -94 -789 740 514 -1030 1617 -287 -440 -287 1000 571 -1185 -123 -1486 1194 129 517 451 -626 -950 516 1470 356 -526 1098 238 111 -337 -428 1292 -1192 240 227 579 -30 66 2559 -210 720 -175 2193 -178 -622 262 1005 -700 467 806 -416 874 -1074 474 621 298 770 -396 156 -525 -883 476 105 367 -95 724 94 -476 947 422 -2591 1273 -1479 251 -249 -2006 -274 264 -257 1016 95 -824 166 -220 -1965 -1321 1462 356 -1525 507 -453
329 -94 458 -293 929 -1310 1799 2027 202 729 -463 -1854 461 282 257 105 501 699 -397 -84 -94 -824 -1431 -1271 -345 -407 -1212 -578 172 17 631 -156 -433 304 -1223 -553 -1573 -40 457 474 390 1548 -822 -109 161 -364 -1130 795 -283 1059 -626 127 -1241 -267 459 -263 -779 -656 -1221 -147 -508 -1110 -478 -90 -115 296 1113 460 1065 393 768 490 118 -825 416 1461 1116 1734 361 63 201 -1125 438 -763 1444 -581 421 114 -84 294 137 -71 -768 -1054 -1155 -157 -83 916 -715 211 1530 -253 1324 -71 -28 71 -108 743 -148 -339 -836 -1090 -310 368 418 -238 -104 453 386 167 -358 1159 -304 930 174 97 -165 -404 126 -439 -1085 711 79 47 -1007 1282 -729 534 -159 162 237 1042 18 127 -369 -309 -743 552 918 -385 865 339 -506 -61 1009 1094 -406 292 740 259 393 85 -737 680 -739 -116 151 -1 -191 -887 186 843 480 163 1200 3413 1241 463 627 -366 -177 -142 -759 546 -220 597 -320 54 570 -354 749 -198 -49 -340 -328 1093 -828 -1002 -100 -317 -740 -345 395 128 1560 -359 -342 574 -22 -277 551 1842 -632 -449 -90 -127 -97 231 -225 221 -740 753 146 508 -72 -881 -677 -1193 -46 1734 570 18 815 551 -652 -153 -656 -589 125 158 97 -189 -1163 997 272 360 -28 20 270 -493 148 -334 -1140 336 634 994 -985 615 380 1038 -806 -855 72 1011 -394 -933 -404 238 -402 382 -1249 -644 -501 530 40 393 396 870 1526 225 325 -459 1199 -272 268 613 1295 -487 -764 192 746 -283 -608 -147 -835 -280 -366 -431 282 -40 -44 -605 660 96 899 -741 -655 -1348 767 -179 519 1014 361 -428 1071 249 438 966 899 -508 476 -375 333 511 -610 815 546 961 56 -787 555 957 33 -1543 164 52 1269 -145 -584 -354 445 -883 -1519 260 662 70 484 43 -259 -264 -1253 549 355 1318 -195 -127 -718 -320 -1616 -795 -778 -1244 120 1405 375 822 -245 -171 -95 966 610 -26 -677 26 119 531 -531 -824 754 -798 475 288 159 -1465 -319 -1014 73 651 145 -865 -598 -521 165 -955 670 -916 393 -1678 -1216 670
-1062 511 526 78 603 -149 -1374 399 -283 122 -776 -979 -357 549 -379 607 606 -790 828 -345 -732 161 855 107 278 358 -290 -653 323 1292 60 -662 -466 -1156 1413 -651 1678 -808 -441 592 -1137 60 513 142 -500 137 -893 1254 -64 33 -155 -1191 -680 120 -456 48 735 440 -653 515 -96 -263 43 -494 603 716 118 -88 -596 -299 -1607 -204 -434 -97 -72 1022 102 60 -525 1643 675 545 35 -235 211 -861 -2922 -1071 -65 -143 677 -38 -20 -48 -535 606 544 -858 125 -301 -7 523 489 209 -314 -623 882 317 -140 -1070 -1039 -702 -224 282 872 -232 -25 -359 -196 128 1447 586 -423 513 404 54 676 371 -565 -906 -1125 1366 -1041 -648 625 -119 154 1458 205 383 579 -1082 726 -37 285 -849 723 473 -293 -56 -506 -912 250 -394 23 -720 -961 -517 1638 941 -871 393 -1128 1495 65 -984 -895 -86 -387 1186 -379 -736 -183 1065 -406 273 -343 -378 440 29 12 -125 439 -1386 710 281 -24 654 590 -199 940 1169 -126 871 3 1295 -184 129 -27 991 -15 32 89 -636 204 1628 -575 666 -1137 -623 -1036 355 -248 839 186 -196 208 77 -302 -421 964 -797 -217 -326 260 1249 -468 -1073 828 -809 -1202 -153 -289 1034 -173 0 30 -110 -902 -1286 -1097 -716 -273 244 -764 461 81 35 332 -21 -35 586 -15 138 1025 -1294 877 -843 -934 -693 -421 2019 -1156 805 -55 1186 1851 114 -548 -696 679 -368 -300 356 -69 -116 381 -158 3 178 -661 -734 -98 933 25 -810 -499 -859 -592 1107 -52 1578 744 996 -281 -569 215 -855 112 468 496 363 -811 814 -155 -1265 880 -1230 1656 -605 1043 -615 454 -687 -236 -1325 698 -1143 80 896 106 -523 -412 1648 -26 117 -551 -435 -214 -706 -450 -299 -282 -658 -1854 368 534 1364 498 -741 224 -592 929 -811 -542 -104 346 47 1020 834 -718 546 -427 -557 986 1317 350 1545 454 -510 658 -745 -58 396 982 515 405 -350 -584 880 1253 724 861 -971 1569 1624 736 1049 -443 -865 517 411 -745 528 -297 489 328 -866 -1199 406 -318 -712 1323 -1158 810 408 115 -237 1365 1190
400 -2191 -134 2258 1177 1113 -926 -580 -570 969 931 -382 79 -738 -296 917 -439 -230 407 -342 539 -698 477 781 -66 149 339 125 666 -615 -490 -1209 165 30 903 1199 -714 -753 -266 25 -836 -41 -857 489 -780 -589 679 156 -1093 248 -148 468 145 -22 1158 -1127 -592 34 992 -935 -281 253 214 1898 -357 -45 135 99 383 1374 -1143 -1081 -20 -1015 -404 919 1295 -406 1222 269 1225 754 -14 -469 -374 -972 -37 1061 944 -510 668 463 270 1603 -324 -87 -166 784 431 -200 -883 529 -218 -358 -1027 -558 -1763 -355 358 -309 515 -869 1466 -739 -278 -975 360 -632 -747 -1303 305 -70 357 1571 -785 -368 -874 144 747 279 -583 472 -729 113 10 299 -1019 -209 859 562 760 -1008 -20 492 811 681 -105 368 446 563 600 54 80 -498 -102 783 -853 79 213 -563 74 -334 120 -70 -605 -98 760 524 -1025 -691 190 -819 -392 793 758 -588 426 -602 -286 509 1456 -448 -374 1024 888 159 38 265 -470 832 183 -895 193 -42 -1000 -1690 1247 225 -132 39 539 845 -747 -945 -560 423 -375 1289 -43 -159 -792 -892 -250 170 -192 -138 224 1057 331 -1085 -343 -857 448 1545 -37 -34 -958 -463 454 1227 -646 -181 555 281 -574 -460 -850 -860 -835 109 -200 815 1032 433 -633 -1169 1341 -1303 -432 -351 441 929 28 -1009 -837 -379 -1108 -98 768 1168 610 334 -140 544 -755 -1316 1031 236 431 740 -577 783 -649 414 -384 -942 -129 359 454 479 -1684 -908 -814 -67 151 -337 -177 569 704 2 -1305 -416 1565 527 -70 -521 -65 290 67 -633 -19 622 -1158 544 297 187 211 517 325 -657 324 -73 211 -567 -1026 -592 1121 426 1076 -465 217 -600 43 -547 2091 -828 286 345 -1021 -808 -135 380 1081 355 776 -1661 -71 -156 -485 503 -169 234 -16 -711 590 -684 270 337 -257 -518 426 54 536 -553 -1195 -1062 -33 358 -1602 252 1036 -309 167 249 -322 -248 86 -79 234 -142 14 136 989 546 818 -999 -607 -524 -160 49 -694 955 -280 411 342 668 182 -574 412 695 -1005 -1021 446 509 677 360 289 1123 -175 -1414
271 -78 -247 -198 -737 961 655 -1010 -142 166 255 -600 -405 -394 -241 1497 535 -903 228 -368 410 75 32 200 -634 131 580 2647 786 -1358 -1335 828 -283 -714 1281 519 -439 -702 1007 749 963 -344 -454 -1104 -153 830 86 -305 -209 -530 1051 770 216 -350 702 -938 -691 234 -1208 612 -597 -921 -31 612 342 -451 449 -231 1693 -324 -841 51 -288 -758 -1278 1065 522 -481 99 71 -728 -787 344 -1756 265 -2282 -644 -397 -1052 -75 -845 155 -478 726 -755 -332 -627 535 -885 316 963 48 -975 -999 -73 175 -1321 417 -883 -957 670 756 -69 -1275 -287 -830 -94 324 1389 484 -214 -351 -435 -1445 1048 744 -1528 -207 -947 521 -116 -235 58 -511 -1179 1003 -168 -1037 694 -659 -945 -2238 1011 728 1448 20 -1350 -507 398 -590 -102 -498 -601 1091 -747 -144 -135 -122 1603 -184 718 24 -924 -556 1437 1023 -1137 -219 1258 -578 -403 1897 -220 -1011 494 -306 -561 -101 143 236 -22 -365 -242 -588 -575 -1052 -1850 -485 -767 267 720 -1019 -102 184 556 -791 -68 410 430 1329 1133 -679 1046 526 1216 1873 1123 717 1382 120 -1760 949 825 -1699 368 541 -465 38 190 193 -139 795 -1388 381 -976 85 782 -763 756 803 22 -734 -808 130 56 -531 -163 419 197 -643 483 -299 416 -12 294 522 -372 399 -944 1247 515 -157 709 -370 670 -322 785 -737 394 62 188 -811 -762 455 1426 -633 -599 653 -871 803 -460 84 -50 1084 401 -359 852 -206 -447 -490 -715 164 411 -337 1382 -405 -144 784 454 -641 984 -200 -810 321 226 61 369 53 -86 -1182 -269 -1154 912 -202 -703 -1108 -797 612 -2008 -457 352 821 -274 549 -502 523 -1354 396 1196 -55 13 -143 -45 -106 853 -65 46 1933 -914 -902 1276 -402 -33 -274 563 -828 1090 -716 -699 387 -62 998 -106 -326 265 122 833 -949 -654 200 682 -426 -386 339 934 92 -503 -440 -1302 937 333 -344 580 345 -148 123 -580 390 824 -90 -303 -963 897 -30 1299 1352 -872 -1068 920 -511 463 -1001 960 -938 -224 -1730 1265 1501 758 1210 -515 -1352 -807 -732 -443 432 368 1339 -119 92
-29 605 -272 -190 105 332 -403 426 -216 -487 -889 -923 557 1216 209 -632 232 -32 618 -221 -513 -455 601 -1423 -1177 -496 -707 21 -382 -1584 1416 -686 143 42 4 646 234 -1648 1920 -623 -236 816 -360 866 -3 1070 -191 364 -136 582 -896 -715 323 611 41 -579 445 -1850 189 -276 -377 951 -1357 527 653 -535 -1228 -798 56 12 821 69 741 434 292 31 807 121 -1325 670 -944 95 44 -754 975 269 449 -512 241 22 -540 348 -1307 -1019 412 -591 521 93 -581 -700 -473 -1102 -657 -366 580 -96 2101 186 -594 -377 360 -358 396 435 139 756 128 -353 -892 -2261 -19 -162 -247 723 132 -48 183 -363 571 348 -156 -934 413 772 741 556 -211 1513 -871 565 474 281 57 368 -695 1433 357 98 319 16 -702 -118 -227 1035 369 690 -819 1230 -468 622 -265 -1 712 124 638 -148 -489 539 -1525 -306 610 -61 -39 1283 874 752 -546 547 544 -170 112 -122 643 -625 -124 -1054 -1411 -1020 383 146 -85 -1055 -665 -586 -793 -1087 -195 1112 1434 -494 -8 153 -116 277 1094 651 -333 1167 -450 131 -173 -226 389 111 727 -211 106 -897 -584 -350 -1140 -850 -1200 369 -581 -900 961 -171 -1748 108 406 -940 30 699 -180 -1267 1664 494 396 -1584 638 75 149 -1061 -494 789 -30 -392 -31 1337 -666 1186 -210 464 -599 458 1008 -1430 -440 -1882 -909 -834 -114 -688 -664 729 -691 165 -657 71 248 -209 645 -191 -1176 153 -597 -604 -662 358 107 325 68 282 -897 -442 485 710 -1105 -151 -1534 260 -374 67 -734 -1171 -697 -217 -729 280 -27 6 447 426 1132 -397 -640 836 -357 -1759 1004 37 -1174 216 356 -567 105 -1038 -252 407 84 1012 -987 -945 491 243 -760 585 -1389 -505 815 -525 743 -1661 -970 -544 -239 -1064 -643 516 -1081 -1185 -263 -71 -1699 21 -478 -1059 83 930 -876 583 -75 106 -1760 -280 -405 1660 297 259 1296 537 -703 -633 136 -405 155 -2283 -671 645 -512 -996 1222 -978 358 101 -993 102 -50 886 -1663 200 402 696 -236 13 394 -965 116 447 -1015 69 -448 -476 393 -1012 563 -67 -1189 22
793 -598 863 956 168 693 -346 -270 277 359 187 -216 -448 1005 228 618 -555 -828 -396 -326 835 -258 -387 415 980 1183 585 -628 270 -105 -609 238 -360 -360 -253 -422 156 -129 -78 -104 1098 371 -137 155 279 37 495 -296 -655 -594 -83 -1182 544 84 658 195 -48 -281 -693 -841 152 487 -209 -742 -810 -629 832 -849 -546 394 140 182 -1414 -1434 410 581 -1320 -191 129 122 261 266 580 -1075 -1107 -175 1554 295 685 531 -1239 496 411 -68 -615 -188 119 926 607 201 806 -273 1972 -991 476 32 -693 773 6 484 -230 575 685 24 -828 -235 654 1095 1012 177 -343 -525 79 138 1205 737 -847 59 -835 205 -365 691 -156 146 -168 -189 2323 1 454 351 -441 -233 -304 162 615 -987 -522 -383 1377 -412 968 -317 269 143 357 -195 -341 402 575 -129 117 622 541 -1089 -150 57 -268 -511 1778 292 -408 307 -532 1186 707 504 -543 -638 1138 -684 -821 1054 -1398 496 -309 142 144 -601 -323 -293 948 1654 50 784 -247 350 477 -338 628 -581 -780 -121 351 -122 -566 700 -502 -497 -555 -133 1549 535 -252 -144 -855 440 748 664 18 -37 62 226 530 -180 -1088 376 -537 -766 -1147 373 315 117 -911 -605 247 136 -1593 -495 121 1148 -1140 815 -1034 -410 759 -899 377 1103 718 -1087 312 268 -645 -1496 523 -191 -712 -824 120 -4 -577 -200 -394 -1392 472 355 528 -955 93 1208 -1523 -222 -1174 -435 657 15 46 -889 -415 -545 319 -413 967 -94 -129 463 -220 -905 -222 1151 -471 -210 -949 -570 -245 28 -381 -310 288 975 382 -242 465 -380 -565 -895 705 535 43 251 -357 -223 -844 -154 887 -1226 340 20 -51 -1385 164 -693 -646 -580 -283 856 434 394 58 -814 644 257 348 -287 1739 -133 -153 -1577 -1100 -156 -875 254 274 -162 225 1025 -753 1875 771 -331 263 415 126 696 -606 -229 -272 650 -892 -166 386 817 -515 444 351 776 -287 278 -59 -184 50 -520 -906 403 -277 382 1496 -64 -45 -335 -642 598 436 -1267 742 345 -398 407 699 -823 1243 -574 -155 -489 35 592 583 -1097 -307 -570
947 -1001 -698 473 -952 -733 -1164 -333 170 -277 -757 -1299 -655 250 -218 -717 617 211 1745 164 -444 -408 -247 -277 375 -129 42 1098 179 -186 -198 -569 -1207 -247 231 384 548 -1163 -1099 499 -239 -837 724 354 -392 366 492 122 150 -639 -232 -832 63 -184 -764 427 -35 201 698 -702 -657 -573 -789 1324 243 -871 763 155 811 112 -368 726 328 -84 -1095 -278 -168 140 -425 -759 111 -175 351 -1068 -1730 -906 185 1046 -651 611 480 606 -256 -447 35 1088 -331 898 274 51 212 -663 -634 -728 -424 -518 202 -742 -295 1082 -64 801 526 234 -1165 -359 -245 -74 1247 360 311 569 54 9 -73 -382 524 -163 10 -402 624 263 1090 754 89 972 1003 -355 940 -493 -797 334 32 146 61 -945 -79 -1910 -273 1334 -427 632 -153 5 -335 24 -1250 295 -539 565 99 632 -198 -928 1069 1230 -331 271 945 871 565 -730 -791 -1766 560 -835 -302 326 467 411 -178 1155 1218 -265 475 497 -343 -305 1062 -75 512 1741 1 187 -1278 -846 -860 -815 363 454 429 -1449 730 268 -799 -436 -178 1103 -572 585 -72 470 158 -30 85 731 641 118 -492 414 191 -870 -622 438 -1069 -471 -592 721 1201 635 -164 -19 723 849 835 916 -1219 169 -1312 470 361 661 -731 -398 -1224 -1275 899 267 -260 677 -503 -384 -635 -73 -641 336 1198 755 -226 -93 222 1218 -1057 1031 273 -174 -180 -738 534 -1416 1221 -784 623 221 257 -1926 -10 -232 -27 -114 -857 -381 745 -305 538 -763 -153 -350 -280 -508 -118 1106 1082 -3 -56 -199 211 -221 -1229 -103 219 -37 707 175 775 -415 -264 761 64 -1135 796 -279 394 -219 742 245 -334 449 79 397 799 -322 -1117 394 246 159 274 -615 -787 52 -168 1386 1059 1221 311 875 92 -453 1500 637 -210 386 -739 36 -80 41 1149 195 760 -1255 78 346 -664 -678 -32 -1149 -161 13 -826 -268 -501 -706 -211 -1575 -195 -843 -1372 12 575 222 -183 -185 -861 -105 -24 100 -695 -452 811 1554 890 477 205 200 144 -532 515 116 -1085 -1054 -579 -558 69 -559 1217 577 296 -616 -304 16
-67 -316 -689 -610 599 -888 228 -199 -565 -912 546 -146 -561 260 -1774 -597 -764 479 -640 -71 -292 -344 488 1553 -497 -1013 72 -1575 52 261 -418 388 440 -234 1919 -25 -352 -548 291 1557 672 969 -790 -270 1400 -148 -860 882 214 -188 -978 -90 -204 -563 208 -652 -61 1064 -679 999 21 357 -213 -871 -806 431 -696 -468 -82 497 398 466 635 -471 573 -414 123 -309 126 -90 566 518 -745 -873 -78 -2170 128 174 64 -190 240 877 359 -1123 -276 981 -1521 351 -128 -1645 -463 816 31 162 865 1737 320 20 -910 -153 1489 -1062 -271 1270 -238 -155 463 -199 665 -795 1123 525 -61 986 -7 -1024 -927 -27 -999 487 -229 691 -871 325 -144 -547 47 -402 150 540 391 -25 -292 -129 -627 -904 231 -1630 493 -1312 934 -51 -17 -671 79 467 817 25 -233 -10 -258 -325 -236 -257 -265 -326 -1134 605 120 680 680 401 -924 88 60 1004 -1087 -478 -11 846 468 -188 -15 -223 782 -110 -396 -748 -116 73 -993 225 974 489 -996 119 -1128 657 1056 -96 661 1016 741 -322 -199 1449 526 198 -93 -1085 239 256 232 416 -281 -179 -687 100 644 13 -460 -347 -1849 1132 -1549 675 813 506 -861 -1043 -1027 576 -1298 469 407 511 1393 -1525 193 -1508 -930 -116 392 519 -184 449 -330 460 201 475 663 -478 -612 -660 -792 299 997 1334 -742 -167 -737 4 557 -180 -1309 -799 498 -152 819 -562 -718 -575 77 103 90 -120 -218 441 -473 924 758 363 360 482 55 529 620 1015 280 -146 -323 589 -261 647 873 -67 262 676 673 737 -84 464 217 -151 1502 -283 -340 -813 -794 -193 -795 -248 572 -1147 -980 -1133 -700 1430 -21 -1251 -47 -189 -1258 429 -328 165 -301 1254 -482 -581 29 -1569 442 413 -325 -444 -590 263 -1390 108 -104 105 230 1166 -92 -687 237 -318 -296 -131 318 -497 -466 -360 330 250 -78 897 -309 335 930 -989 500 61 -188 -849 612 -168 828 -1227 1642 1334 866 -1093 113 447 125 1098 -799 75 76 761 497 -288 -163 421 183 -43 -453 430 229 -926 -238 355 272 -1087 -55 372 -16 856
1057 640 787 -983 1868 76 -176 -393 25 -878 -214 -581 -335 -448 581 784 344 8 1434 -1075 73 -63 760 417 731 -224 308 -327 845 -950 149 -1281 -396 147 780 -1429 -988 369 -2 1122 1513 1071 -43 1545 -563 -91 522 -285 877 -51 276 -711 -188 -143 -162 1355 30 -87 -1608 674 994 347 107 -200 135 406 -310 -540 -772 -241 -22 224 156 -661 764 287 977 -830 -946 -747 -401 1706 231 1055 272 41 -497 -240 -568 726 -365 -1094 311 1147 648 145 170 584 -132 154 -92 684 472 152 -22 612 -874 85 1872 123 479 -689 793 -441 168 -176 -1452 -932 -507 626 -417 277 64 1221 -820 -976 835 -160 261 199 -671 240 335 122 1255 -248 330 1111 440 1019 1792 1329 221 -184 319 320 365 -1073 -130 484 528 744 -1191 1079 512 553 -2564 780 -1264 -358 869 -850 1243 427 1327 -1242 -540 1088 -300 -211 -758 873 396 -30 68 -1092 382 715 -46 786 841 1524 -420 -435 -1306 774 485 -1125 903 -183 665 -26 -259 1819 -780 149 -499 401 251 -890 1632 60 529 -235 873 -216 605 1295 1112 -1408 -658 541 -568 -242 -640 746 1615 363 -551 -830 928 -1502 -376 -603 -613 1670 -1445 425 -247 -280 -1074 235 907 555 -541 103 -460 -1492 -978 288 -1212 -80 -1104 1523 -53 -187 -1014 -1012 -402 21 -166 596 997 301 -991 -2225 399 603 167 317 550 -155 182 -390 -796 949 1068 289 703 -2002 485 1124 -173 -101 755 283 -37 -89 714 1039 709 -383 -623 -650 -85 155 -123 -1028 512 784 -53 263 -57 -1015 271 -219 328 751 -640 -602 -1239 -2 -869 -331 -788 -852 -296 1084 -781 -194 649 686 359 -223 1321 -106 -1322 -911 1200 353 -146 376 -391 563 -1066 160 923 -1147 -232 -406 -470 544 -169 270 365 1520 -420 -362 -597 674 -423 1653 147 -527 164 -491 -234 1628 -881 -532 -541 -69 -406 863 -556 990 -709 156 -26 730 242 22 500 -81 6 250 -502 1959 433 -323 -345 -712 919 -199 756 -1268 -1005 456 -624 -40 -59 -1880 164 91 33 128 -740 199 484 784 221 177 -1678 481 325 -1053 -294 -174 468 312
-377 224 -1468 -1071 -300 -129 -806 906 -38 1319 -163 -551 249 -397 280 -270 265 366 -620 166 -90 -718 -808 514 -3 35 962 -397 122 948 338 87 -976 847 301 1639 -281 250 1373 942 692 598 37 -1301 169 -11 1722 183 718 727 -456 -657 -137 486 -621 263 -308 104 553 954 309 -958 115 30 -135 474 -241 -453 -725 771 1048 635 -864 949 -36 945 -1645 219 279 -381 -974 381 -720 537 134 -270 -1040 78 -116 -421 -891 543 -1267 407 691 -322 -804 -564 -1487 -1095 589 208 -59 -812 1067 460 -843 519 129 915 348 404 -260 304 65 217 426 1206 238 1117 154 -936 -831 -652 -494 -783 1002 -340 -1436 -533 236 74 407 -381 -1034 549 -90 -240 -377 100 188 -365 1239 555 1180 -1149 1441 1075 1206 -36 473 1649 -1206 544 465 -1677 -613 -469 1173 22 1271 42 -1045 31 1010 -419 229 -496 397 -14 -601 259 776 488 348 -424 -1130 1122 -870 -1271 -1218 -1165 277 343 -583 -640 387 261 -617 -468 140 -1361 -1053 909 200 1495 225 -1186 -995 45 573 -1213 -900 -803 495 -776 951 -195 -43 -531 597 -253 -217 426 -316 -1376 -189 1631 402 555 -729 3087 -1066 385 -849 -488 201 -930 182 559 133 -225 522 9 768 1216 597 821 436 -212 -460 362 -190 234 195 630 -326 328 -134 -66 -834 195 -518 -479 -952 -1145 1907 315 277 280 43 1951 298 489 -537 -926 -208 185 180 -435 -229 -288 -940 345 114 256 -1392 -616 523 806 160 -434 -33 -1760 -207 374 448 -1645 692 -880 210 1006 -445 -1230 398 -940 26 -863 -668 1374 1322 -181 -422 1140 270 -650 -511 -199 -199 493 -224 -103 1068 -226 465 -1357 -76 8 94 -1067 17 226 224 -552 -348 641 446 534 -923 -663 -7 99 -950 -813 -335 291 -1160 -180 102 -144 399 831 842 1655 580 289 -325 -1000 -25 1600 358 -255 1694 1364 1324 -281 814 -1566 857 -85 -469 1036 -1826 -136 725 353 -1678 1459 -1463 10 -592 -720 342 625 -454 561 1022 -627 -637 -689 -184 322 -33 -473 -838 1490 -548 828 -191 -1173 18 -234 775 -791 -462 234 526 705 -32 193
-1407 691 -16 -1296 653 -902 997 -139 -76 297 -288 -1286 -90 -320 -708 270 -583 225 387 58 1722 -1354 953 -881 -188 -51 -318 273 74 721 190 -497 327 1713 -392 2 -872 -252 -48 -553 503 277 1306 -726 -1994 50 -865 108 -441 -887 -872 274 -707 412 542 48 -1006 257 1201 -368 574 -724 -165 869 -674 173 297 147 -150 107 -903 698 366 -1459 -602 833 1746 -256 -562 -742 480 -115 472 105 -416 47 62 5 -800 433 1212 0 -25 661 45 -637 -23 142 348 248 -1088 465 -549 -137 -459 -523 1037 1997 102 684 25 -98 -213 1287 -895 416 -1058 -1764 -120 -365 -257 470 -270 124 -873 -807 -124 134 -280 129 -91 130 -629 -1004 -227 -657 288 337 -493 -1325 462 -342 -1132 1579 503 -197 -927 -711 719 559 -725 1523 735 1027 -209 1322 252 -782 -1414 1559 376 125 -110 -769 -996 -453 -15 -224 204 250 749 369 -1386 -587 1505 -180 -548 -670 -408 -967 -911 586 138 -484 -320 1193 152 -336 -1080 -65 -106 -663 -1304 -198 435 -364 -868 -407 759 187 242 208 753 -247 -1131 350 -791 1246 -1170 413 -856 765 -439 -1492 946 -341 -283 -213 -347 979 924 -439 286 -405 694 12 869 -187 868 1190 -713 -510 197 552 -1358 -413 68 81 961 489 -456 116 51 -210 -622 -2160 758 707 -733 -81 -363 -553 -654 -1291 773 615 -606 102 -556 1352 551 -1324 843 -212 293 -265 226 -642 -541 -591 520 -976 714 922 -431 -624 879 10 445 -275 179 59 -2141 -598 607 -957 -136 776 737 32 294 -33 -162 -223 -393 11 1578 1492 -71 -639 967 265 190 -918 -190 1258 291 1421 -657 -226 -312 668 649 144 544 -621 -1069 149 516 -324 225 969 -444 139 473 -416 -459 -1010 -110 -1144 741 -1122 54 -12 -609 15 687 918 -499 -798 -533 -362 191 -952 741 541 -11 -714 -362 -677 690 180 -102 -335 884 -894 -924 -1807 -117 1189 171 -1571 628 -210 -214 -397 -101 945 -272 226 -103 621 -6 -285 -150 1281 -675 143 77 67 -497 -362 100 -610 -547 -663 -685 -393 -210 787 282 1152 88 -501 -273 672 -1010 361 -560 223
-192 -103 494 301 1233 1148 -1 -678 -1142 -932 -41 -634 -72 123 -611 -19 -443 202 -318 125 466 -747 361 693 428 -851 -4 657 1030 -110 1476 238 -717 -347 -374 785 -1169 -130 -491 1332 -108 375 -736 1302 -926 903 1656 396 -1343 -228 -211 318 531 -1935 65 -828 279 25 1195 -78 600 -353 260 728 -369 418 1708 713 -1425 -1063 -2336 774 -389 727 -988 -497 1138 242 -381 380 -1564 -1166 -619 447 1591 -347 224 -896 -514 386 814 -2117 1128 1025 -3 -1932 849 77 74 431 -169 -434 -45 -272 -716 740 925 -313 1124 -322 476 234 475 -180 822 -1117 1346 298 501 1118 -423 26 -611 -428 -1405 -837 712 -609 1348 732 -223 531 -34 88 -469 -305 590 -45 -615 -189 27 -185 -595 -142 -125 -764 -635 -89 320 716 431 809 1433 -1421 393 1375 -362 173 -542 597 727 -233 1362 463 -372 217 151 -140 726 -832 701 -418 -354 -609 1359 841 -172 0 49 51 1072 423 512 257 442 -54 -161 670 976 406 -175 -413 -691 249 -685 -992 106 -364 1209 -955 288 -817 988 603 -823 -1305 623 958 -380 200 -624 283 -775 231 836 -331 913 -3 -267 -1231 512 131 -64 780 -204 1333 613 1607 369 -1284 647 770 -110 -762 -1069 -59 229 -334 -425 -1598 32 -634 707 451 245 -417 1447 543 -482 159 -76 180 312 -592 -1493 13 -657 652 1084 -376 -184 -1567 -346 901 724 -630 -360 -1184 -392 -735 328 -836 -195 64 337 379 -77 -413 56 -436 246 940 -1010 -1621 -15 170 654 18 -568 -234 101 637 550 -202 209 930 -398 563 764 -74 -762 1123 -1184 140 686 -984 -306 1144 592 -388 -279 823 179 48 504 -354 -851 -634 1009 -388 -115 173 -2098 -32 104 211 -144 -346 -1070 -522 247 -975 -763 -981 -183 -306 210 1012 1000 258 -274 505 327 -468 -482 369 623 1459 93 239 785 -246 -750 -722 141 -727 968 -391 279 -971 564 -840 323 -817 743 59 -308 930 -1094 -332 -561 -1054 1213 -40 148 339 473 1126 83 789 119 152 -1285 120 -140 325 -20 -916 460 -523 17 -791 456 -499 557 336 174 834 91 1801
1097 212 1540 739 -907 658 482 1132 -212 1435 533 276 886 -765 1060 20 127 -1711 -1187 121 1489 1117 765 138 -36 -1065 280 -451 962 630 -110 76 829 1297 74 49 -156 885 -376 -80 -465 -703 313 1479 -373 241 -257 122 -272 -103 791 543 -1713 -456 -638 -147 -1431 -598 -1456 -31 -333 425 691 -1581 542 410 -543 1617 -205 391 -538 434 -145 -377 -314 -757 -129 446 -370 914 -658 479 -336 1210 754 -732 320 647 -913 -893 -2095 370 435 -117 1007 -755 -737 -96 -237 621 515 313 562 351 -296 2 1039 -694 1221 -261 354 -532 519 -764 1484 511 275 -469 442 1179 -23 -276 -1133 -1150 -21 987 44 653 -955 363 -1004 -1801 -1411 -714 342 -1399 234 -758 -828 -485 4 -109 302 475 914 582 -735 -172 -213 658 924 -153 -418 -975 -1166 467 -75 33 -696 899 -833 -375 107 -495 -1223 -1196 -356 -100 -418 897 482 -461 -477 511 -479 -432 -436 289 188 478 388 838 1228 -898 -399 -283 182 1050 -445 -761 -607 -222 -592 573 194 227 573 426 583 -221 922 -1474 -2025 157 -914 222 -664 -86 397 210 630 572 1040 553 136 377 -494 -39 -922 420 240 1094 -525 -339 -94 596 -1287 126 171 128 588 447 -1298 191 -1092 40 -1116 235 -392 -330 343 -79 478 429 1138 -843 939 -1322 1868 -242 409 471 1549 -1431 608 -955 464 604 -543 215 743 847 924 1767 1766 2088 246 -97 145 255 938 285 -549 -222 -760 390 -88 -771 -903 -821 -862 946 275 219 -505 -693 162 721 88 -419 -237 -300 138 390 -2221 1073 -1883 -83 419 696 100 672 -983 234 160 1119 -309 837 639 731 -269 868 -131 913 1015 976 26 -53 1061 -1282 -294 -394 -654 812 -829 -59 1289 -915 -205 1581 -448 -810 -234 -524 775 566 -582 192 -455 6 182 77 -479 1401 -160 -140 791 215 391 -401 -223 -1280 9 -1193 -535 -733 435 187 -486 -469 -382 416 -349 -1042 687 -127 -883 -5 704 -1171 -96 241 -864 -493 258 168 573 -792 702 1400 -288 64 -447 -194 -226 -200 79 1324 949 -930 31 -1131 -803 294 625 17 -152 -1119 161 -822
-704 -195 287 156 376 -58 565 -625 -517 -652 419 462 871 -1426 -104 706 -43 -1923 694 168 -449 215 -1227 415 -1382 -1610 -628 -956 1218 -94 616 -151 -277 -1350 524 -130 -498 509 24 346 -330 -588 810 1822 -734 228 -496 253 585 -153 116 102 -312 266 -526 -997 60 657 -16 -1571 610 224 43 -61 -71 -1266 -1332 409 200 -519 -810 -1622 249 -375 483 -947 443 -971 -518 -155 338 481 78 -1831 859 272 53 99 -429 -402 832 877 233 1713 -15 828 -1130 -329 173 288 -50 277 3 -43 222 291 493 -367 -1208 148 279 -1155 -910 1100 -146 -621 811 1630 -940 -1256 767 -362 -44 -1000 604 -954 1779 -75 54 665 -248 -218 -807 -243 714 -178 388 -56 1293 881 719 -108 576 1754 -394 35 -665 299 -365 -194 -910 429 -675 -576 917 -617 275 -204 -1246 1011 -869 -89 671 638 469 -447 -761 1293 637 -569 466 -620 -552 610 654 -799 598 -170 -1914 161 230 -376 -802 -671 -132 -351 796 -510 -314 -259 719 473 -196 644 -499 401 538 -3 -551 -1274 -859 -536 -96 -580 497 -5 -692 532 666 879 154 -85 538 1342 -268 -403 276 1284 -1312 -135 43 -1094 -189 562 1251 -754 -111 414 -1304 270 73 2080 670 -72 -239 -586 -226 -1327 1270 -524 248 -652 870 -739 250 1305 -1140 262 -186 548 -456 1448 -372 1108 -462 -194 325 922 389 -410 737 -1311 -557 1094 678 696 1603 -548 550 -848 118 -506 -205 -334 -713 -904 -1321 -513 557 1083 -137 2045 224 168 27 -840 -830 752 -149 457 373 500 -187 483 -199 564 -38 -1001 -820 281 1171 -360 -1011 -466 -1952 -746 -1127 -646 -364 291 135 481 -653 -1247 -536 -1056 522 -79 -671 -755 589 -1203 957 -687 70 -418 472 -1514 -452 1011 1128 609 144 -1095 119 93 485 -1239 326 886 94 -87 -649 1129 -786 -330 -389 -221 -42 95 -931 423 -198 -1080 684 -101 -692 -321 1108 258 268 -624 -1709 1102 510 -1255 576 -216 328 757 -331 409 -7 310 63 -323 791 359 -680 1093 703 -210 166 1830 -363 684 8 -558 397 312 698 -404 -345 113 -74 950 794 578 561 196
-621 -515 -859 831 201 -440 -934 608 33 1081 520 656 0 493 495 -267 766 -680 -506 623 -425 -434 -1368 827 -169 496 642 148 765 387 -17 -1234 36 234 -255 345 18 -1123 1380 -735 589 233 -308 -557 532 809 385 -98 2414 -1557 1303 -311 -2305 -312 36 330 -685 -359 -1010 -563 287 -1631 -1235 335 -33 -510 -632 29 886 482 -78 -29 -783 -188 1033 -443 133 -910 -265 328 -477 472 -175 -778 525 -314 -206 814 119 -1804 -1614 -245 -130 601 -416 676 -1028 -66 339 1099 119 243 802 477 559 1137 770 224 -527 -696 -84 -1514 -143 1246 948 -94 626 -37 -135 -344 -410 -406 -428 535 565 -225 -87 -9 107 -362 -226 -1716 -1017 -686 351 273 289 533 967 476 84 101 -403 491 -120 714 -1222 619 53 408 -151 -260 595 -427 879 -543 288 -235 -740 -1129 -981 -941 243 -265 1050 -224 -1048 1296 250 -317 215 626 436 -57 67 784 -1591 578 -194 -182 -954 84 95 93 -1311 289 201 1119 221 -294 -609 -730 -69 -307 784 213 45 777 -539 -418 -246 -557 -873 4 -1064 54 579 815 230 941 1114 -4 178 37 12 824 -1022 -478 175 206 -603 -580 1416 481 32 239 1155 1659 -705 -496 1045 994 -205 -428 926 -541 -32 1635 268 353 -252 -677 -648 -267 -308 -26 -535 -657 1394 -217 -350 429 598 -882 324 -320 128 999 -639 42 160 60 -252 -244 380 -236 319 100 303 785 776 -931 847 -225 -765 449 -706 218 418 18 883 -339 -45 896 344 -54 1219 -159 769 436 -686 889 1085 -645 -220 -13 104 57 -655 -797 390 17 -59 -144 146 -386 -417 684 817 -586 -1175 1127 754 991 -527 -1145 -983 -613 755 69 -58 499 -1036 -683 -68 285 55 -1212 -833 121 132 2299 -884 364 493 -1439 341 -1316 -128 -195 -1 593 487 904 -771 -799 226 270 -597 -578 609 -506 414 -244 811 -108 -221 -240 96 -380 -471 -329 -662 -432 512 -760 -1429 706 282 886 -821 262 610 324 -478 160 853 -674 2263 239 316 -1730 124 -178 747 524 -287 -195 -232 -1204 -649 -778 928 -626 119 907 1568 439 34 -639
-563 -141 768 -588 -667 -801 -848 1029 -559 908 185 35 4 -291 101 963 -17 -371 462 555 778 -287 467 418 -863 327 -291 482 159 228 776 317 -149 -323 -32 319 943 207 -1015 -73 80 -101 -1323 -411 -162 155 24 1172 -385 -976 -234 1710 -358 867 -505 112 -880 111 -17 1047 -1273 -671 -753 1253 125 -57 862 -20 256 -94 632 45 608 87 -985 80 90 638 1358 621 -363 -56 -1348 1844 -933 -715 -289 -74 -714 31 -312 145 6 -1099 107 -44 205 -680 336 -309 408 -1314 -297 -368 -231 -849 -80 -48 2569 351 848 1126 1391 -759 -28 469 586 150 56 -564 -342 -329 327 878 363 -1365 863 1361 50 -1018 -1980 792 662 -258 97 -91 703 1093 589 1101 210 708 -943 -491 1247 -165 70 -974 179 798 719 979 45 -859 590 285 452 648 280 288 555 -358 -565 370 382 -432 -1009 -810 -879 -438 -573 -603 482 -2461 117 -1407 -669 579 1368 -331 -739 464 384 132 650 -299 208 1933 711 -457 -250 -691 540 -1064 89 -582 796 460 754 1101 151 325 -5 1079 63 -167 -709 -70 -1095 -1120 184 216 383 -91 -1094 -525 91 -283 225 -254 -301 625 27 -38 1751 91 -912 643 147 -490 391 -163 -154 -422 -791 -112 595 845 -887 -351 -109 948 850 -1138 1024 366 923 -53 -1401 543 -1434 804 882 530 -1194 22 1708 -210 -385 -77 474 1055 -430 1006 -78 -1012 453 -445 1143 -1472 -1506 -924 394 1253 -40 142 -624 -1017 -1298 954 -531 -1042 -708 -13 -55 605 442 -918 -684 138 -280 737 253 -501 -88 1136 641 491 -421 1810 584 -385 616 877 -478 -43 -640 1184 -953 1313 -312 -825 1059 940 -967 -104 342 78 -1490 653 450 125 197 851 -988 816 -253 1125 -315 1443 -371 765 480 183 -2 -2022 109 604 -706 -88 141 -192 277 396 -853 790 742 -86 1204 263 1408 -721 26 -1087 -299 254 -792 -203 -536 157 178 -481 -68 -874 -470 -1180 -142 398 388 -32 641 1167 144 -116 -104 860 276 -895 679 -460 607 371 -520 771 920 668 473 -942 970 363 -868 319 1493 933 385 -606 -1472 1092 1174 -432
-129 416 -320 994 614 117 127 314 112 -497 -25 204 -703 -396 -118 571 109 509 -318 -235 648 847 307 -622 654 490 252 3 -273 -718 705 -1156 286 590 1089 498 335 357 -480 576 -1645 271 -279 -1003 351 107 1282 -83 41 91 -563 -1806 1741 -374 -1792 -185 1377 -3 -1134 376 877 -165 246 -198 -1304 -745 -129 405 -30 58 -65 -114 -1083 1363 -460 -1065 802 -81 -619 -1266 -1752 524 -268 -2085 -920 103 -829 -957 -1515 -107 167 425 -2271 476 759 505 227 470 -685 700 -690 1574 1651 -14 592 -255 -269 -289 -299 -2105 -3 933 -60 -403 68 -1200 1244 -306 2111 -866 -460 112 -304 -1512 1064 1191 38 1135 575 -767 1070 14 99 -128 729 592 -56 -384 -94 -140 217 -232 331 795 -6 501 -673 -1174 -196 -244 -57 -544 -1023 962 -56 301 86 221 627 887 -93 -1475 -858 244 741 -401 -332 -1209 848 8 -476 67 1001 731 384 399 155 158 54 -49 -1121 671 -629 -1895 455 -566 -511 -1259 -198 -319 1140 -1300 928 -854 -235 -285 921 295 151 153 1003 224 -628 1079 1056 758 656 -848 548 -110 -83 1778 -263 -781 277 324 -116 -845 1053 1512 -753 759 -327 -1545 -80 213 -636 -547 -223 -407 -463 668 -147 28 -697 -705 164 115 526 -1213 75 -360 1089 1251 -122 1690 614 -788 -174 1444 71 753 224 -254 179 -195 -732 -354 149 -183 482 742 -411 264 -213 -685 -861 193 -1283 189 426 -374 -687 838 713 564 -953 362 -1277 149 -716 -593 750 -433 -357 -392 -585 -1163 283 68 -292 1536 -655 -99 300 -1138 -1451 -641 924 115 1077 638 -303 -363 -1429 -736 -94 -335 -1562 -829 -82 1020 265 -53 1169 -473 -781 -1115 -896 -488 -620 -861 -923 833 1178 -1202 437 308 -619 222 249 -1036 16 -162 1041 -1079 -199 721 -883 432 -133 1941 472 682 -196 293 303 906 -435 534 -952 -1471 -22 -1169 -315 -472 -1686 349 284 856 -216 -65 -1173 -1393 -336 -736 -829 -109 -1630 -532 -1025 1202 -27 761 92 -963 117 -154 281 297 -879 112 -537 -520 -82 -402 -340 283 665 61 1130 -1056 -226 -85 1772 545 247 -330 -104 -310
-740 -941 -639 -135 1072 1258 -374 449 -351 -223 163 -267 340 871 -72 1501 -117 -677 535 -383 -37 -175 68 615 -757 -1363 -800 1181 866 -553 196 1277 435 -838 -259 -136 133 -385 185 -743 1278 635 -741 1328 286 -88 -993 -255 -168 -728 -1456 207 -1170 -581 810 -523 -32 823 1099 1257 -1194 328 1066 319 -719 338 -698 959 663 267 189 934 -548 169 -1219 1332 -1152 1113 565 886 597 -269 -1129 -827 1362 -105 -529 -632 113 381 169 -538 -1996 -452 -587 -33 172 -1278 1025 227 101 -784 192 538 -959 470 -931 -1020 -533 162 1544 1026 424 70 736 680 -935 624 -617 -340 862 715 -1091 269 -388 -892 34 -299 -203 148 -1362 42 -217 851 -907 670 -1052 491 424 540 -550 -467 -121 115 -515 -426 -864 -456 1114 -919 55 299 -605 -803 -516 846 -343 1071 283 -1117 644 -626 -389 -381 -1328 1341 -466 -73 1280 241 835 411 -284 -691 1611 326 1437 -743 396 -98 209 46 759 1664 -931 253 763 -260 1068 1063 -422 437 683 555 -920 -77 -377 721 255 -1161 524 -141 143 -324 -1107 6 1063 527 37 -729 -576 -1041 302 506 -326 -1052 -179 1142 -648 51 -121 990 -624 1463 -1337 -519 -183 -160 -765 -488 644 225 649 -1237 -457 355 177 335 -291 -497 183 919 -561 220 662 -741 414 49 -525 -139 420 761 831 -1099 195 281 -278 444 -518 442 327 592 -330 274 963 394 31 924 -49 -982 -740 -301 1004 -692 1274 -716 846 1312 1092 380 -86 -400 -1020 -1468 -734 -464 -1567 856 -116 -1433 533 -41 -1087 -1031 -64 -207 630 34 262 -1058 -653 495 169 14 -733 -155 -179 -1618 -836 -107 -996 717 -405 -1129 -1029 -186 -308 51 1054 -452 -750 -641 -1336 1070 -920 499 131 86 524 925 326 -520 796 1216 414 1678 572 -1324 -194 -323 752 -479 -143 787 593 -853 -69 -606 712 167 -595 92 301 892 -719 -1755 159 -1098 -51 -110 6 -390 311 410 425 -530 -1023 1432 -564 514 407 -194 989 -828 -483 257 -1446 1247 362 -635 1235 -1034 -13 -597 -884 -27 -769 29 -969 250 -279 617 -619 817 -404 794 480 791 659 423
-1052 -623 536 214 -636 504 85 884 -331 -1247 411 -671 -1022 338 550 249 -644 -161 -364 395 83 -601 931 -144 112 -325 714 1111 -1177 625 -861 202 870 582 -344 -906 -923 185 274 -1982 713 -860 -146 237 258 -789 -878 -1236 983 -540 -263 62 438 26 -540 867 -32 -244 305 1387 244 393 443 1504 276 179 -1226 -295 704 450 50 308 -1458 680 558 -1476 538 1901 82 -103 1074 -325 -43 -320 -435 -471 1275 478 1 708 700 -1005 -197 -1047 -437 -1267 -269 -1447 -700 -601 660 -252 -58 -960 -478 -781 388 1063 224 -863 641 -1584 -2 -1024 -303 -7 -1067 -114 -69 260 -497 -325 774 862 -96 883 -977 375 61 -97 -196 -55 -583 -595 -157 -804 -888 409 928 -293 -168 902 -302 -1341 -257 -427 -152 95 -73 37 -26 -411 -745 996 554 40 -198 -1104 549 -367 1203 -300 -577 320 -70 -286 327 -837 -269 295 68 -205 -585 383 363 806 675 389 -874 -1468 -752 -126 -1233 -583 -46 -364 -866 461 -597 137 472 611 13 145 -21 1444 1175 -427 1193 420 443 510 -188 204 -52 -647 234 1234 1188 -641 1021 -183 753 239 370 395 168 -332 -120 -25 -399 130 -978 194 262 1361 934 -980 -1952 1005 -297 -71 192 1061 -300 374 -300 -1426 -310 -494 971 133 -949 742 1193 -1217 -519 908 17 1456 956 -396 -1217 -1815 138 1062 -677 -1047 -1118 20 -774 -1394 -978 -631 743 6 -84 -2 -897 1626 -140 296 247 452 662 532 -528 -764 79 -102 42 510 1594 -412 -1325 -1110 -47 -1604 -486 98 431 1039 1572 70 -1296 -391 -879 -1868 719 690 -1344 481 499 -442 1670 -459 -227 256 -1079 0 -896 574 -944 1536 732 -821 741 296 -240 154 -755 31 873 142 -153 1378 495 -636 962 922 897 157 532 -286 -1040 673 -476 -426 -5 -174 -1160 496 339 -605 -711 867 326 718 822 -709 -1572 485 -384 851 -1215 1133 -267 -421 275 592 2113 -1329 571 1220 -20 1368 89 -289 119 55 423 773 187 -885 34 -396 -416 -748 -1540 655 -20 -96 -115 707 171 -6 97 -186 2339 -144 697 1149 -1073 -663 489 -503 3 306 294 -15
140 1431 -1697 740 708 680 27 381 1627 163 -483 -836 -86 1578 -456 -260 -692 586 -232 859 601 -259 879 291 872 -894 -33 489 -285 226 -605 -2144 87 -300 226 -41 580 988 -602 60 -514 -155 -1158 549 -1241 581 362 -341 1069 197 -293 -1163 -163 520 -69 36 634 -384 768 1321 -662 1207 550 565 1363 -723 -213 50 -849 817 212 1670 -188 1299 -307 -744 95 -274 218 867 108 -194 1095 375 -53 216 -166 162 174 271 1861 -290 -1068 1861 564 -511 -645 -768 -1131 -171 -739 -566 877 -1787 1090 329 -990 1274 338 -346 612 187 200 520 1159 1047 1284 803 131 -157 1 409 227 -997 586 27 41 -495 10 -738 276 1351 38 -319 -619 800 -782 728 117 -792 -343 285 139 -332 376 1029 -1264 -756 -638 1299 -787 446 763 268 -1055 -636 602 -802 -361 903 -572 -1056 439 -1354 9 789 -226 -230 868 -1313 310 39 1008 -254 1092 -758 722 -441 -126 -785 57 -24 102 469 219 29 202 -76 28 -526 454 379 -1385 -404 -652 497 681 -347 447 -623 -976 1412 570 1234 -682 -118 106 289 -91 388 -545 -76 -77 566 -992 -361 -211 -624 1249 -416 107 567 396 -1186 -597 -782 -443 -1044 -260 140 423 138 -30 298 357 -746 33 -186 358 -596 786 -217 63 -564 -1324 -128 -1320 -1525 469 450 -377 -475 1233 -86 -287 269 -349 43 -150 -318 -914 146 209 -664 782 -1295 853 791 284 786 -70 -1599 -1466 1321 515 -14 -257 202 -260 656 1815 -1014 101 601 -986 171 -260 21 1311 -501 1422 781 367 -981 650 -149 -82 1483 -377 286 516 967 -32 657 -928 94 1217 -288 -152 -1260 -214 93 110 -38 -396 -816 -380 -431 -80 563 357 -208 -86 689 63 -888 -104 -627 -422 315 -1059 -424 483 40 1445 -1104 498 -611 1458 -670 730 837 2204 -1851 850 202 609 312 -256 75 1033 -287 -690 -50 809 -441 356 -1200 1149 586 1563 -55 216 840 814 193 888 345 -35 -58 674 -19 -420 1018 513 -895 271 -1139 -919 1187 125 638 534 -302 -523 -542 -327 -172 327 -1293 614 293 1283 269 -10 -486 -545 -107 1474 -92
84 -38 1286 296 -74 480 745 484 876 -484 289 -17 1085 266 833 -542 832 876 -1122 98 290 32 115 802 434 766 -119 -998 1332 1066 143 -337 -216 49 -94 805 -1377 -831 415 -926 1488 795 -1318 -802 -201 -1042 741 408 1065 51 -611 -597 923 353 -620 123 1420 -1364 1370 -341 965 -977 703 -505 417 -183 -1218 -223 -1186 -563 844 597 1286 -395 718 -617 189 271 1143 -346 -422 -1380 701 1048 1243 -666 -630 -484 616 -541 -165 -867 -496 457 463 170 955 -1461 60 777 14 820 -879 93 1617 -1333 101 653 -1284 -1405 512 144 -1473 904 -103 31 -603 166 382 -761 -1983 -203 1190 471 10 -45 1259 -204 -468 -1097 158 -719 554 532 -1334 -601 -1238 -939 -892 1604 1100 1046 -843 -1124 210 -884 545 1344 294 -263 192 1939 737 121 529 7 -262 -99 -1731 1632 -496 -690 -1111 174 -95 -512 728 790 22 -653 -247 322 -262 749 460 -75 500 986 -387 -527 540 -656 -120 -546 -973 -495 -740 -1087 -623 -339 785 -1280 -617 596 485 523 941 -560 -110 -199 -982 -813 613 -36 1611 -438 374 -97 -415 -770 787 919 -655 -1207 -495 521 55 -1281 -686 1210 -586 244 -1433 136 1164 -584 -893 581 -670 -172 1016 -359 145 -12 -21 -223 1085 1215 -979 235 829 -715 -254 705 -147 428 -1013 -77 -584 1060 -967 755 -1002 683 -624 -144 -1176 1818 -117 -163 -52 -214 876 251 -1668 -1878 96 752 439 -1101 -344 1235 -20 -312 -390 967 -295 -9 767 -188 567 649 -333 118 183 1360 -165 -909 665 -93 460 -264 181 288 -186 -906 -433 364 -392 2197 -15 17 295 364 -601 708 -90 -1550 -111 1085 269 -952 90 -578 -578 -471 -35 592 -1323 -1553 -326 1261 375 151 -1589 723 -528 -813 -607 632 928 -611 -992 -2331 222 270 -622 538 -664 -1118 -262 448 -282 335 1411 -1068 -1509 819 534 1517 867 -283 51 118 -1058 -436 223 -779 852 1006 -52 312 107 -690 -554 -1351 -1985 392 -31 -327 57 232 820 381 390 -366 -385 897 1480 325 -545 247 -179 520 257 436 -366 295 295 750 -953 850 1622 -365 -875 1222 -162 252 448 67
1080 514 1502 -614 -751 -817 1097 -668 185 61 -210 178 -554 781 348 -509 -84 810 20 -171 -1128 -12 -167 -653 458 1201 -802 -476 -929 -596 2105 -123 -974 436 -1356 -174 -723 61 -51 159 -143 -1574 1064 -1609 -69 -998 382 1372 -795 -396 1330 -7 -708 485 -680 -126 89 1134 -763 1030 468 -1395 -585 988 35 1711 233 848 69 761 1557 457 320 723 -989 -257 -824 503 -511 -1082 -459 -130 154 -499 76 835 730 -477 25 408 -58 -234 -39 19 565 -777 923 1649 81 539 747 511 -734 -760 635 -767 98 -333 -134 614 -150 531 -400 -73 -385 -144 -181 -567 632 1124 -311 436 991 1095 484 -844 219 1236 362 -509 -514 981 509 1107 1848 980 562 369 534 787 475 134 531 629 -1582 548 132 -1636 1022 -320 612 -457 -1026 -826 964 512 430 -860 346 331 -54 916 1249 -480 441 156 593 -1087 931 -259 1293 662 569 -758 -1607 -519 -285 -466 -124 37 1234 -141 1227 -164 748 36 19 -137 -525 -386 -725 1111 -390 -491 310 1103 717 283 -1776 -264 -852 -809 1354 -302 95 -587 136 -505 -265 794 -162 259 -912 -59 225 1471 -2204 285 -27 660 -1052 418 312 -352 -37 -220 -577 999 -382 -558 -2134 455 222 127 878 440 949 1376 1664 609 -384 -1246 198 -204 -262 1047 -675 507 -408 845 -609 -382 -688 -119 -258 -482 -321 127 -280 -1857 371 1053 223 176 -119 136 1204 -258 -530 -2708 -317 -8 -64 731 1055 -965 880 -341 212 190 -767 -755 -581 -177 1168 -796 -1141 425 335 -54 568 671 -165 564 -1577 125 275 176 -83 348 693 536 1464 -58 -287 -2022 641 329 -126 -450 -377 143 314 -353 45 -656 689 -807 -587 409 709 -189 820 -401 805 1183 736 -24 -919 -373 -902 1049 -87 -433 -624 639 898 -568 -312 -588 330 539 -298 -699 -1375 845 -495 -66 92 -771 1315 480 -1285 -325 -487 1426 -94 -880 474 -673 -1188 187 -576 1788 409 229 834 -341 -159 -1269 39 694 -986 -1282 241 432 207 -545 310 536 548 877 -987 -958 -64 -779 820 43 114 -336 -746 -382 438 978 -859 208 353 -205 249 -265
-1084 -1968 71 616 708 -465 -600 1006 870 -392 394 580 161 -361 1017 1412 526 -1145 -493 152 188 151 951 232 1227 334 798 587 286 -1081 65 -336 -1031 1086 461 -1154 -1105 1368 206 -1 934 -335 187 -836 996 -398 -151 1050 176 -116 103 815 -1394 358 -572 1102 697 -470 525 -165 166 701 -1113 -40 -516 175 -996 131 -326 -16 830 -163 330 -1616 -280 -158 -373 249 -420 -1455 -506 -880 65 -950 109 -857 -2122 78 513 -717 -663 -459 -865 -667 867 117 -60 -1536 845 2192 -583 449 86 939 1394 -1727 -591 212 -434 -185 167 -17 -77 -513 -435 1514 -731 51 1253 17 -461 -1199 1421 -375 -1247 -213 439 834 -85 -246 -329 -785 -1351 -363 -852 53 -1018 -523 204 -928 -1053 374 442 844 20 400 -236 -87 -28 1424 20 604 -851 -1709 -244 335 -1067 -91 -64 -423 96 627 240 943 -163 448 -551 1083 -273 665 685 -621 688 1182 -155 186 3 -492 457 -368 -440 401 1246 -327 91 -256 86 -114 288 -1811 -953 -1658 849 1272 -334 491 -411 287 -149 526 -459 313 -123 582 1129 743 -196 777 722 641 1037 -156 -875 -117 -222 -54 47 541 1858 -234 -19 88 -498 -771 103 -1049 702 434 922 -330 160 -1812 -857 -689 353 -401 786 -1244 1045 81 -599 -840 -142 1622 -761 218 -443 -1259 101 71 -170 -890 -1294 220 -471 -160 -380 -541 37 842 652 -1151 418 625 878 445 -1714 -1079 472 333 1056 -435 979 -557 274 -121 312 259 403 -397 231 616 -878 730 156 168 785 -1080 378 427 635 -264 -68 398 326 -900 -987 -225 -679 -729 -903 -625 -969 -636 778 -90 564 -508 -1317 605 796 1152 -400 -52 235 -102 -771 -187 -624 272 591 -1161 832 -289 778 -813 1130 537 -274 233 -37 -766 -464 -1007 975 -223 462 -296 -142 1061 79 907 132 110 47 -1150 1457 -97 1285 640 -168 1071 -236 -704 -145 1821 949 623 511 -150 -292 710 -454 395 1128 368 1382 -707 1248 -1760 956 1545 253 1744 625 -969 -156 -1089 1395 -43 -821 -485 -163 -1504 825 701 -377 12 -788 104 -298 -285 -1173 155 -318 251 273 -772 -694 -571
-14 -482 -11 1189 -670 65 164 -60 1157 287 559 108 -203 413 473 411 536 1020 386 -1258 -203 322 -1189 -266 -44 -139 -207 1304 605 -1442 577 698 -670 -361 -515 -495 49 457 565 843 319 318 -422 -25 554 -637 1339 455 -695 1210 12 -284 -112 240 -796 727 -1331 -91 543 471 262 475 -1325 835 -354 287 -489 1343 478 414 93 -960 2544 -746 97 -354 110 854 -73 -379 -1261 -568 -62 -1365 -737 193 -537 263 907 -899 112 -407 -35 -239 -1139 1055 -137 -429 398 1426 -385 246 394 1480 -202 153 -774 -601 962 -246 -844 471 81 -95 -736 578 655 -429 793 -610 275 84 1115 740 -177 -573 -767 -412 2155 -481 -407 574 -694 -766 -376 -403 60 -1430 781 890 -659 645 -694 -299 1176 -583 1281 -939 -195 -409 -856 268 593 -563 692 -19 1083 336 -449 -83 24 -440 17 -331 1044 -707 754 495 794 276 35 -337 -284 -1183 243 -712 694 60 591 516 1710 1257 -453 -621 436 -1518 553 -1448 835 -324 526 -9 911 -939 -1067 -458 889 -367 -86 -7 -661 1169 -993 950 352 -978 907 213 217 1191 -454 230 -19 475 -956 85 -251 833 -577 1174 -151 -736 990 -785 718 304 652 572 -224 -267 -1086 -680 -55 253 -75 1231 -680 35 1353 -444 -1198 1130 -717 -69 674 398 -543 355 -886 534 -198 742 227 312 -485 -278 -692 -458 259 -400 -1815 537 -88 200 -15 -643 -868 -8 298 97 7 378 -1235 170 -748 -100 1047 263 -35 117 -878 230 -717 -938 1564 562 1151 1068 597 -347 -1155 33 -92 535 -741 -723 54 238 -197 972 -1796 -597 -282 -14 -1563 882 112 379 -558 -77 -660 -963 479 72 -1019 -567 -7 489 -1100 1503 1409 697 82 689 452 232 470 -534 -824 1375 -78 572 -550 -1189 87 377 -85 74 -567 228 187 876 673 1781 -84 169 -202 -480 235 337 647 -503 909 -366 271 -1066 -685 -694 -218 220 -1289 -345 -323 510 415 -410 -434 -361 386 598 -80 -81 -808 923 -213 -577 -351 -753 -284 491 -730 838 590 1056 -414 -611 732 760 102 1406 782 -1080 -1108 -143 -83 -152 -673 -1685 -254 -1282
407 -1091 -149 -598 125 -398 -245 84 -165 -532 -278 -866 494 800 -846 -453 106 -1635 332 1011 1477 780 -111 -322 -631 489 208 -1836 1328 -163 271 -1443 -165 -533 371 -190 -454 744 431 950 -92 -89 -278 -340 279 -731 827 653 798 -603 791 -371 -744 -400 665 -1535 915 -623 261 -561 174 24 -357 572 -310 1592 -11 -418 674 -548 -985 1044 1072 -542 -68 -148 -1362 487 295 1543 630 534 193 -518 -378 -208 1124 197 135 66 -218 -712 1099 -360 -106 596 -741 103 218 55 1522 641 -44 1276 -454 -410 -1178 -789 -312 834 740 -30 -3 -97 135 -221 519 -613 271 547 281 714 -206 -17 667 -77 514 -1616 35 -294 -109 662 -1418 -31 -391 917 -351 811 54 -122 222 -46 1538 480 -508 309 845 -59 298 1142 -292 -1572 56 -80 -616 -1264 366 310 549 50 -902 -1268 -783 -1671 -192 526 402 -1005 -145 125 981 282 -321 -119 115 -43 -894 616 448 -736 571 293 188 -366 -399 540 -749 -144 -73 -292 667 827 -177 -108 -1129 -255 537 -1401 -868 -936 643 538 579 -464 222 -176 551 -163 345 -716 437 -372 228 29 661 -1395 -179 691 268 99 1009 58 -147 355 -839 934 1149 1249 571 1504 -252 673 -319 -336 238 29 -412 -1597 1030 680 -56 229 676 -263 162 -109 303 -776 922 -959 514 853 -588 -965 -585 -518 432 582 -289 -1431 1281 -178 610 636 -265 748 -78 -1026 348 -654 -140 813 378 -247 433 110 524 -1015 299 419 494 663 733 -727 -1106 -949 20 1115 -986 -265 -165 794 -1595 -733 13 190 -786 -480 17 -729 -552 -552 32 1731 -777 -937 129 -1529 -1241 455 1179 -59 809 -561 984 -739 1922 294 1194 -642 -896 -1341 -162 24 -152 498 496 282 278 467 606 -24 307 181 1329 859 -1062 581 66 -366 -263 -1641 809 1769 450 -52 -555 811 -249 -982 -590 -572 -594 -1699 183 444 611 -151 -315 -620 153 -621 -1220 520 112 770 -634 623 278 -147 -565 1014 -258 187 -529 148 -524 445 -532 8 221 -286 -310 -1003 101 1318 -396 -156 955 175 1235 -1148 -210 306 1190 519 533 -407 1799 751
-141 174 -1526 -273 464 -350 -422 -187 565 -393 -954 -1244 1894 -356 -337 19 -669 -1439 -1393 198 110 461 -508 -275 566 603 -1111 -483 546 -713 -1041 701 -91 477 164 -369 -133 1289 -1288 -1276 -1296 838 -1483 -366 -660 -364 -878 902 -1139 -168 -156 1096 586 73 1101 1455 594 591 -170 96 -64 1228 863 -417 781 271 -472 -4 -453 -1337 728 413 649 -316 534 468 -535 241 1479 -774 -67 184 -328 474 740 1181 -661 -203 95 720 -274 325 228 -464 558 -1400 962 315 462 -1054 891 341 554 324 -109 -108 -1073 -192 191 -604 -254 412 1403 1249 1314 708 146 -991 1016 -1162 182 -1493 -46 -491 -661 -659 -1069 -201 -211 -1639 -736 -734 165 873 -1159 337 652 86 -842 -287 -961 455 721 478 550 1078 -602 664 341 -552 1122 -259 279 416 -717 -1088 -95 86 853 799 -189 929 1234 93 536 1017 -646 1252 -246 419 742 -843 805 -579 937 918 228 337 1037 304 56 1003 1039 551 643 1028 -488 381 -267 -764 156 43 -1835 49 -302 -552 539 657 485 -433 -565 -505 -3 -569 89 781 568 -77 -166 539 -1386 -270 383 -32 382 -556 -313 73 -348 -559 348 1254 592 -661 -386 -812 160 274 -1334 -298 -365 13 -53 -255 -113 -1917 -418 -568 -775 -952 358 1003 -285 528 -19 -166 -411 46 -269 59 1146 831 361 228 -732 604 1359 -26 609 -561 -202 55 1020 -277 -93 841 -412 -22 -2092 494 558 541 -565 -765 764 -130 -584 -1555 -538 -231 -191 615 103 -735 -338 867 -195 -742 -21 441 -771 -344 -653 792 404 616 -21 -8 558 535 -369 1166 1051 -829 622 235 511 -220 347 -705 332 661 -540 475 -288 -112 196 404 390 -190 98 -1389 1986 453 -1499 -92 663 115 669 808 657 606 314 -121 -330 -629 1429 -225 345 -441 103 -315 121 156 -189 -604 670 211 144 -223 1172 410 -266 32 94 -165 86 188 -383 628 -183 572 1402 -715 1065 -117 138 -628 1295 617 -388 -885 436 352 950 982 141 -760 295 234 633 437 258 9 -171 1126 -1091 -800 66 292 1415 -193 -16 -573 63 103 1315 -764 -471 579
-214 874 923 -573 -693 109 -64 -1050 -35 -652 517 990 133 -1556 -1170 576 927 -382 774 814 491 1154 314 897 573 -1088 -1756 -44 -1175 -714 -38 897 -76 -842 -418 493 494 -51 -439 506 781 524 203 -260 573 -100 -11 -722 -387 -292 6 764 213 -332 684 188 -154 -1733 211 -582 74 -590 -986 -98 -249 -1340 -553 337 -164 -1021 -1817 -132 9 1110 314 278 -253 -327 -630 232 1644 -390 770 -22 308 131 482 298 -541 497 111 -215 -466 -27 514 125 5 -296 -612 -239 1155 876 403 453 -416 256 800 -309 -264 -25 -149 367 -422 239 1064 -312 -257 -861 676 158 -53 -634 -773 -1419 -54 -1380 466 393 -1114 -667 124 -786 1369 -1218 830 -342 1189 -756 1002 -1030 964 353 406 -647 -104 712 405 -484 -82 -522 826 1631 -591 11 584 264 27 827 459 -565 732 -1601 -145 -128 -8 -650 113 -416 -925 142 -216 40 -1544 -995 -464 955 -284 698 189 -216 327 -1250 -747 -644 1003 905 792 104 1438 -532 246 -200 1033 88 -1232 -718 195 -456 -436 272 200 -701 1540 19 -266 -123 373 -738 248 -685 1002 -474 -290 -74 -321 23 999 -1485 -121 -14 -897 -1413 -653 1077 -273 -1679 -1199 73 -322 -1118 743 782 -907 -373 -2048 185 -1891 446 580 -197 697 963 -651 -160 1284 -450 -706 -333 -285 -474 -294 205 -516 520 -130 -680 -372 340 -520 1298 -1280 -648 256 826 -784 1029 -1316 -533 -97 -22 -462 706 -864 -66 5 795 -192 -665 1029 -863 -333 -361 -561 -691 -194 377 1038 -190 -151 -64 388 -571 806 489 858 1139 -609 1722 88 725 -115 -1133 -276 -36 -594 -113 -794 1671 -668 -47 -614 102 -630 364 362 111 -316 199 1767 -554 1189 1428 371 379 12 215 181 672 615 940 -283 -476 149 1253 -846 351 497 8 733 61 -663 -894 -435 1004 -235 1147 -1010 -820 427 -532 -393 -911 576 -862 848 818 666 -502 955 619 -336 105 327 492 -182 -432 -1647 639 -415 -107 -385 762 -943 271 -581 -807 -647 -153 -269 -72 1626 716 -493 467 -445 -479 696 -631 222 1042 538 143 -1302 206 1471 9 -410 -835 -170 -449
757 879 -256 635 813 829 777 1083 -170 -727 508 581 -421 -173 -835 -215 164 773 -716 335 685 480 -1200 -5 -163 -828 -743 -358 564 972 1020 -992 -656 823 -621 -364 -112 -32 310 1022 1748 1240 2107 -717 -818 614 -707 -520 455 -856 176 -86 815 447 189 -1780 426 742 4 146 -407 -263 -628 -119 973 -1467 -571 -815 -990 -220 34 217 -102 1027 526 -1054 793 -717 191 1059 591 587 682 -653 -967 679 -1093 -448 2389 545 335 -320 -133 -239 -1101 276 -1317 1 -396 279 522 1369 -18 429 416 -325 6 882 -1183 -103 747 174 120 -228 -699 -52 298 -994 979 -39 288 -1733 975 -292 -1071 433 344 -321 -1219 -404 -198 -691 -845 996 1 -644 -701 581 842 483 -682 260 432 1013 -1036 817 -215 -693 -85 721 62 563 374 143 325 119 485 -168 -232 -568 135 -1033 -568 -192 32 -1190 350 247 -215 -299 -1580 -886 -429 -506 -425 315 408 375 -1423 5 1292 498 -37 -84 -593 593 -304 -1664 832 151 1386 85 374 -667 -1241 -159 831 127 350 48 -819 1085 201 689 -991 4 119 394 -569 623 616 328 -692 -891 890 563 500 484 -1023 -715 464 -1000 -996 126 458 157 -471 -1058 -24 837 -106 -82 -158 671 149 960 -387 -375 385 1054 -1843 -594 141 117 -226 454 -493 593 -890 -197 -711 -213 -806 -88 301 -645 14 -212 -154 11 204 -865 -1249 -1040 -971 474 -255 0 149 -627 -837 -506 -500 698 -1274 840 19 -790 -53 -562 407 -96 1325 464 -77 268 487 422 -490 248 176 -169 1181 -803 -322 -19 -1071 -458 -815 -532 469 142 -324 1076 -762 -469 1645 510 -799 -1276 441 -558 -881 -147 377 1236 1004 -355 462 1402 381 -370 118 292 1861 -886 -776 404 -554 -397 521 -1316 909 477 -57 -1237 324 -84 -654 775 -1134 815 1190 657 -744 -215 -66 -721 242 51 -162 291 249 -245 263 100 -1701 106 270 1697 1317 -75 -1155 -563 -772 -194 163 -262 -305 256 38 430 -1192 776 -1651 -119 361 500 -1047 583 192 733 -247 1190 117 -1568 1337 -301 426 -113 -11 -87 -473 -659 1065 161 -281 -216 -500 -150
-235 -436 409 -1308 -558 -371 -315 -301 314 -1461 -295 -1247 174 -1597 1294 848 1133 82 567 198 -940 1209 724 -571 1182 -773 658 -471 723 -702 899 -46 2 -657 855 -1063 -45 284 -99 121 -23 138 398 1062 28 -951 1217 257 -705 565 1524 -100 419 -40 -533 671 832 486 941 805 1754 451 801 255 -1629 -672 -174 62 -39 -226 -466 -306 57 -437 342 537 846 884 395 -404 -729 616 -299 -627 288 -708 -451 588 208 -265 -1355 598 -101 -244 -422 230 -430 -833 -1025 -110 -537 -548 229 1302 330 -881 1882 438 -1315 -785 -10 834 -155 740 170 -178 -870 2 694 -508 -1103 -825 1860 -1209 -515 -270 117 -989 -209 53 -477 -931 -332 1718 249 -538 737 924 444 -11 -848 -581 119 8 -1103 2184 868 -1349 -454 959 -34 987 225 -715 -372 -85 -983 752 -414 84 534 -1832 314 197 -70 617 273 498 -1246 546 -138 -258 847 855 -791 716 -1180 -61 163 -1705 523 -549 866 -940 -2037 -283 -771 -287 -73 -7 1194 -1189 -1854 -867 -838 -619 422 -413 -716 51 837 236 -859 -862 1412 -204 -837 394 -797 164 177 -330 -900 -1250 -186 670 982 -1229 13 21 324 -333 -1175 1246 -512 212 685 -220 -798 137 221 -263 486 -539 -198 1241 706 -154 414 -372 -1573 701 616 702 -328 -664 -459 -562 226 629 231 -112 -1175 364 -1779 -372 991 49 -84 -874 1181 7 895 379 -912 862 -338 -716 518 -955 621 -175 1318 -1044 -1230 369 536 -392 309 477 206 1083 -129 -601 51 -255 532 -1551 756 277 -266 -161 1161 1122 972 -703 -915 575 100 -551 -655 505 -217 -332 -1103 60 -559 -13 -686 416 -640 1500 -1750 216 6 200 -593 937 -145 521 -290 -1295 303 -593 -742 -485 21 683 13 409 638 -1102 -1015 834 1519 912 -526 338 -697 -237 -1531 -358 948 -166 -445 360 442 -442 218 251 73 -484 389 -1986 -493 -451 224 -490 -761 449 -343 812 816 -1438 1670 -497 -290 -736 570 -601 348 575 -58 814 881 -530 462 1240 1509 -376 -497 777 691 93 482 578 1001 323 91 300 1098 1102 98 365 -447 -700 -14 136 1520 948
1200 -152 702 -598 -583 -1016 622 -567 742 735 15 -205 331 1015 -626 -736 1052 -288 1010 618 783 -1103 621 -1204 187 152 -1165 -181 906 -1202 -1013 333 -1295 1160 -485 -771 638 1042 655 -471 1276 9 -716 -1206 -155 143 -819 1125 426 27 208 962 -384 -193 -270 87 105 677 -1076 -606 208 -483 -1137 -182 -275 1138 -467 -1275 -456 -132 277 384 118 522 1024 744 -570 -1266 38 1187 -319 -94 -113 431 -511 1187 -594 878 -123 119 984 -401 -497 465 814 -949 778 200 362 419 124 286 1680 -275 -285 -1233 153 969 -324 -41 -331 422 707 145 218 1431 78 547 -214 350 -300 385 405 914 -210 757 518 1212 -393 206 530 -425 -25 -770 1823 152 433 501 544 -245 443 -283 -375 -1023 682 -880 -119 344 1360 -194 -178 63 862 498 -194 1544 -665 -1136 136 946 434 -694 -18 29 -1720 -653 -1269 420 -174 -469 525 526 1630 881 -215 512 34 486 -216 -195 -1061 73 -642 -967 -407 1104 1005 1035 1365 -1139 -471 506 392 587 -663 154 653 247 1404 -786 -406 -408 -436 -321 271 -1065 384 282 -68 851 33 -646 1498 -944 -288 -91 411 -1271 -137 -785 232 -530 878 -562 687 -290 -874 -142 669 581 -308 -1016 1045 -102 -82 -498 -1052 -300 -1445 556 61 736 422 -438 543 845 -1076 -460 -119 -284 -1616 281 1253 207 -171 -539 258 -266 -2485 762 -562 -1706 58 -643 591 398 -1073 525 423 720 -1479 796 -791 498 -203 442 -254 -265 -244 413 -323 -931 559 -752 1311 -678 824 -1344 891 112 -903 -560 916 -235 402 -814 1472 -1124 -63 1645 -629 270 -93 -492 -663 -963 636 1208 -117 -602 38 -207 -609 -1684 81 -1041 603 -820 -456 397 -17 -84 444 -328 -304 -614 -1192 -1866 -772 -270 35 -83 -54 -915 -250 -1493 -126 -556 -264 966 727 -1086 -1508 -783 -725 -42 -91 418 548 632 -413 -417 861 1268 627 -479 -295 -220 931 -476 391 1127 -12 -19 1327 806 -1094 -70 577 364 -117 961 -1081 1303 498 481 612 -937 -1063 -353 833 -495 615 370 192 397 89 -407 -512 16 -760 -50 843 56 891 510 -23 211 677 -1828
636 -526 454 -526 -316 200 634 -642 -189 -1204 -422 661 -445 837 1392 971 -350 351 602 -170 -533 -804 665 1202 1295 1229 -123 589 -492 352 -624 -843 -1038 805 -324 1585 152 -1113 543 1032 77 1080 802 -629 337 1915 -29 -362 95 -15 -410 1017 -158 -1172 400 -946 763 459 -401 -1052 668 669 -65 -1571 -1381 -16 -1026 -1181 14 703 516 -1591 1020 627 18 176 64 -103 638 470 -1024 -933 -82 240 361 1219 658 -389 948 -359 -444 -949 513 -1044 548 135 924 282 822 3 -358 -897 -1556 -128 1012 -2040 -973 -349 795 1169 545 176 -329 1339 272 -164 446 -664 -892 -679 -663 159 -115 -1137 608 261 -1091 -272 -1044 -736 -593 325 -69 -585 429 -21 302 241 838 24 -1029 466 610 683 -1078 -625 1109 -53 96 70 -907 447 1368 1245 -226 833 -188 -524 -263 -802 46 202 -648 -24 -518 -26 -270 -343 838 -507 483 242 796 1321 -752 22 -206 1181 -284 344 -1010 909 -512 -1083 -420 86 15 -599 985 -1173 368 -648 884 16 -694 79 555 274 763 -8 -1218 -552 932 -19 324 1094 35 251 -473 -79 -382 99 200 1221 342 -378 -860 -998 46 240 1079 -283 1082 -460 889 -264 -659 -145 417 122 -744 -1009 579 251 -84 -123 886 -14 502 1423 -1355 804 426 -390 -704 -1583 -732 -876 -354 -220 912 721 -275 -499 145 -490 -839 569 1 524 -497 -20 -568 -1588 252 -397 64 1073 -146 323 -1054 672 -1657 83 1074 -196 -560 1477 459 784 936 580 140 714 -74 770 -1479 6 -113 -1222 147 627 1267 -193 755 -1048 1253 -1026 -1539 -397 -702 662 609 437 -341 643 569 -67 -217 74 -1750 -382 -75 -167 -512 523 1186 -1924 -472 -435 -1141 427 -1791 668 -175 -649 780 358 -699 -843 -676 144 -200 1127 253 1431 808 -201 -860 -1589 -1305 766 -221 -1383 230 -239 -404 -83 -65 -243 -70 1019 1791 105 -714 208 326 879 63 539 -545 279 600 -601 -1163 -765 -101 735 560 -108 1786 -61 782 -522 1474 95 78 309 -609 425 671 583 77 1054 -411 -524 -343 230 -448 481 -211 118 -493 150 -747 -644 -85 -741 522 -193
507 1007 67 415 530 -417 -1506 -1086 435 -392 -246 529 -319 450 7 -215 -20 -287 827 977 -170 926 716 -118 1141 -879 581 548 -587 -70 -388 -135 526 -1282 359 775 1717 621 426 276 1403 -534 688 652 -125 -132 -578 464 -1120 -321 671 1166 -554 299 -297 -874 940 -1474 6 988 628 159 -896 233 -92 129 -313 -159 463 -517 -1254 481 -433 22 -334 414 100 547 -517 458 -423 -344 503 238 -1296 1075 763 1224 589 -865 296 -754 318 -1367 -118 -8 801 11 184 877 -596 -1460 -37 -383 -32 296 193 -481 986 517 1296 24 -226 549 -899 288 591 -839 1114 815 -253 1104 -308 -758 939 -857 -530 -650 -1481 1185 -85 -44 -425 130 1629 -1007 669 -778 573 -800 33 268 -948 -679 120 225 -89 -1010 915 813 145 -892 1543 -1069 41 -308 657 -906 756 209 -228 -201 671 35 -73 -239 -281 1254 808 1246 -91 200 749 -524 -46 -996 -1681 -139 590 -358 592 771 -43 1146 547 519 1069 782 183 -1688 595 -230 680 -309 -23 -227 58 -165 -859 -1496 279 -929 326 -172 -408 267 -437 211 1045 -6 127 1205 815 148 -148 -544 -590 -1279 -515 -551 1366 -84 407 1136 1337 -1463 498 951 665 -526 46 167 -479 -353 -373 277 -1434 -56 238 24 -342 -387 -367 -339 -428 974 -751 -505 -457 -710 359 202 -192 280 848 679 1288 -1383 345 -545 867 -455 864 135 -432 866 981 -440 1295 -783 -103 19 -58 -82 177 -631 -530 -195 64 522 -241 -84 -7 839 1687 130 23 126 45 -206 -240 922 -264 113 758 337 964 1052 738 747 824 -1051 -501 -2 -252 -138 -406 563 102 -190 1034 147 663 -150 -1086 681 604 -1221 -79 651 -681 -139 652 -6 604 -537 -715 262 1006 -471 -1239 -1029 521 833 64 222 -1169 207 -56 951 154 -763 177 -1217 -609 -691 779 515 -274 -138 355 -1435 -486 -1128 -76 -24 -442 -634 277 34 -1493 -1505 376 231 1450 -611 1213 437 -26 -220 -609 792 -465 81 1019 -121 906 -656 -709 175 -1042 672 -415 52 133 -160 -756 -912 584 -798 -655 -222 1138 971 -16 438 -172 -657 1123 48
-1012 -960 -530 1335 98 -455 478 10 -893 1322 -263 -972 367 -1043 -1013 -149 -304 -560 699 -51 275 -417 28 235 -250 938 1315 103 1002 -247 -151 311 921 918 97 -78 -749 -245 451 -942 -391 903 -268 -852 393 773 210 81 -42 -377 -455 206 862 -1205 1097 108 -369 725 -238 -578 -310 1942 -631 -260 59 -426 350 128 753 -818 -115 461 -976 -268 -534 -1667 615 544 -125 353 116 -406 -1054 -1197 -210 -760 790 -602 -342 596 -992 311 -474 -267 336 -546 -1029 -181 859 61 1068 79 273 385 -27 -1402 1005 1024 -372 -646 -332 1084 903 421 -689 -700 708 326 717 669 -608 -2180 -137 -153 350 905 -1437 -154 116 657 -896 -877 -728 -263 79 220 -502 -246 -1377 -796 884 895 226 -271 581 -413 -598 189 1336 -815 -1081 -1079 220 1025 -674 -637 218 278 938 -500 -30 619 -37 561 123 -236 -1324 1137 -1000 1293 -604 754 -787 -1028 -1085 507 -277 -1129 737 -674 -220 -533 985 8 -65 -145 905 266 89 -2442 344 214 -422 -187 2016 650 -498 -27 549 -282 203 719 41 -102 2330 101 26 386 -155 234 -782 -687 -286 54 -453 95 303 738 -848 -861 70 -942 -204 -397 -519 -684 712 -63 -821 419 622 1837 312 -215 -24 1397 889 329 -273 -170 1544 163 830 -259 241 -569 -1148 -1117 349 -583 734 -254 -1725 -1011 49 333 -575 -334 -985 -847 1162 -320 70 340 1460 1011 -2507 -117 -319 432 -464 -577 -112 358 -609 -198 911 -343 144 -940 -844 -1166 180 -1771 457 180 984 -254 -641 681 531 -1228 104 213 1048 -479 -1254 -19 634 -387 717 -1188 709 -592 747 -268 -296 -724 -524 -5 819 -381 1135 1161 369 -715 -803 620 -766 164 -997 -442 748 1221 -4 -58 78 97 -726 10 -35 453 -60 1404 -887 -196 -799 333 -29 524 -604 -195 436 537 -385 1443 913 -518 545 -320 664 -209 -448 -234 1119 -871 256 507 683 264 -610 -373 -841 -1441 -261 687 631 -868 -504 -502 -625 206 347 -750 600 42 379 -247 73 -97 -804 1341 341 -1984 609 -782 -275 -631 -264 418 190 -811 -417 -25 579 404 -254 -902 277 795
976 1306 21 148 396 -84 -454 -212 1784 -70 20 -846 -1648 117 491 -525 438 733 -183 -59 -303 374 -46 -1411 436 133 18 671 -665 300 61 -623 6 -1019 1707 -88 1993 -477 -859 684 -52 554 377 1408 -205 21 -184 -522 -1276 22 -428 -498 119 388 80 -265 750 -237 -977 287 -5 -727 -152 -1779 1102 -506 -722 -741 -1269 -69 455 821 966 614 -272 414 -589 403 283 -773 -148 120 553 186 941 650 -194 -733 -517 828 -162 -251 -1348 -196 289 -266 1200 76 229 -682 -123 -1258 -885 678 -683 -536 542 -474 -987 -1304 -233 -113 -1322 -1052 -1077 -74 -1160 -626 -58 -571 -1123 936 -86 -344 1230 -15 -943 -621 -911 101 1196 583 998 -869 418 154 -72 -633 -703 48 174 401 -16 -163 590 -28 2238 -412 783 -701 246 519 423 1687 662 -74 -480 -715 -862 962 -853 -145 -365 -351 955 -761 -389 1184 978 -96 -33 54 1018 104 577 -191 1089 835 952 -842 587 -772 -240 -328 -206 -990 247 -639 -132 -469 884 245 -634 367 369 -315 656 -360 -514 707 173 122 1294 578 12 -1 35 1373 151 1176 -151 1695 -1752 827 355 290 1288 512 -931 778 323 1431 498 523 -645 274 -494 -796 -260 -1233 -197 -2051 -62 -686 726 -1530 -380 758 -630 -100 -130 -667 -1285 -396 -1174 -58 946 -927 -260 39 60 196 -696 1031 -616 -690 -273 613 -407 206 -919 170 657 397 -1708 -615 -1820 -67 -245 -23 -204 493 392 -450 -419 -706 -75 550 402 -424 735 -377 -864 -768 -149 -411 254 -61 503 -727 271 377 -78 951 545 -61 -676 -2160 983 318 538 -527 -1150 578 -429 -406 93 907 -52 1474 221 -901 -724 -1371 113 -393 -182 -2060 -721 -612 2237 195 -246 290 471 -937 -407 334 98 804 -1141 -284 532 -960 687 -87 -586 14 -438 254 -167 -201 1600 -560 2063 -906 -412 1829 103 28 345 540 729 54 -1241 244 39 -449 1344 1719 -854 488 1519 -199 927 -136 28 -184 -345 -1455 -288 94 212 791 -412 -90 -1099 854 709 -1099 498 -108 225 -586 25 483 -510 544 -503 246 22 -450 785 730 893 -384 -1166 -35 -602 -796
41 -1650 -588 -145 683 -617 -755 -1088 -427 -1104 129 -1151 -24 -1583 1314 -697 326 -903 -1461 433 -139 -1766 1399 -654 -388 106 -1007 497 136 300 -1390 245 1109 1248 -2 -396 291 645 -172 -491 986 -436 -439 444 570 -1380 102 557 1118 -13 -1262 1188 724 73 -1976 565 492 481 573 678 1362 58 -54 363 -542 605 94 531 -639 -749 -54 -349 -368 -438 1245 1139 -997 294 93 55 -2093 -4 415 1294 1194 -1235 52 241 63 -667 -786 -970 -290 -931 395 1013 -136 -1033 412 513 1220 764 -245 -350 -191 974 445 -27 733 197 1296 -469 -340 946 -1020 545 -1030 533 321 -1680 -311 -785 635 210 1185 -123 107 560 1342 -1595 -33 -1022 820 1231 -108 724 -38 -58 -869 353 -561 -695 641 -1457 -769 -264 1176 53 344 -1335 1002 1114 -799 -19 -743 -1387 -940 -1058 -604 -44 -4 -471 110 374 687 366 -28 1234 212 -1268 -547 869 1087 739 918 -824 27 278 -22 507 827 -471 -10 -1214 -187 -758 -18 -1144 1503 -150 -83 -472 328 -105 -751 386 -54 0 297 -420 -394 435 687 -203 717 73 1464 830 615 -1399 -564 -480 470 211 425 543 1264 -304 -599 -653 385 1931 -1127 -240 173 86 -85 492 -858 -164 361 -661 -157 538 -225 -574 -677 -370 -428 314 -861 -421 -1159 264 -618 524 -1347 -361 -501 595 185 -664 -7 -87 377 839 1085 965 1185 121 -972 -579 -905 -165 -962 -1167 -52 -105 -1123 411 -414 919 684 193 841 -657 480 -2036 1123 845 835 177 -852 758 677 1103 780 -265 -537 782 -661 356 319 151 -165 1091 -838 -160 -629 720 -38 326 -263 394 -268 259 -1787 -871 415 676 -196 26 -257 -808 540 -1043 413 979 378 -728 264 567 371 -764 -519 -237 549 225 -6 -79 666 -268 323 167 -257 -813 377 -859 -282 -178 -936 156 -252 655 -1089 -35 939 909 -8 -162 -210 1249 -472 -119 -1429 167 625 -491 795 1656 -388 -1018 394 213 -277 -227 191 -124 -457 -630 604 -606 114 69 -1042 -80 -1103 -850 -232 272 -287 -1391 16 -519 361 35 -146 -1960 250 -365 -964 -948 925 49 -506 -84 347 -703 437 -388
471 1011 1416 203 856 1261 985 -736 -485 -290 874 1180 1138 -1629 -94 -451 200 1326 -471 -817 318 -126 -34 -47 1185 1266 345 596 304 159 -58 328 931 -317 -851 -174 -1291 2573 -907 1073 47 144 110 -38 78 1138 232 888 270 480 438 395 164 -179 -143 -20 423 -162 -1194 -441 761 237 -270 -38 981 562 -335 424 -375 -1197 167 -628 1008 -402 140 -1522 172 273 -51 20 -1575 151 -829 817 1609 263 -980 -270 -376 -398 -565 616 50 -288 1364 1201 409 1467 539 -274 -588 73 308 714 -795 -97 924 627 -26 -453 650 -1795 -454 336 1033 -1151 1101 -1073 175 981 -525 322 1669 -928 -601 113 865 -308 31 -609 315 -640 -562 -593 -203 -547 -636 -140 810 324 1761 1744 -275 -213 -211 442 -149 -88 1567 244 1189 827 -543 -477 -189 915 401 -604 209 215 361 1384 -541 1214 -1380 1166 -1 1244 -229 -1064 -810 37 974 1628 -699 -234 198 -740 -651 76 -117 1316 679 663 550 120 -944 509 133 -400 -531 -1139 -1187 763 409 532 189 1416 310 -339 -261 -135 -383 874 1576 -375 -196 23 -358 111 -33 49 1252 -1021 -1050 634 1924 701 -914 788 532 -74 525 749 -913 862 -987 732 -441 -141 -173 892 -225 -320 397 98 768 -574 271 417 -461 -818 618 607 1094 -881 -464 -76 719 -851 407 517 981 -568 -332 -491 484 283 -427 -8 371 796 219 -1634 -425 299 -244 109 -805 -609 552 -46 -1125 1497 -963 -900 598 1183 -1360 330 670 -219 -547 -830 1484 1272 631 -2334 417 -369 -1107 327 -159 491 -412 801 -570 -185 -873 2586 21 569 -333 192 -960 663 -289 -233 1401 1084 -1286 276 1535 1401 1027 549 -200 -1256 205 392 -360 -614 -1011 1241 -493 -220 1561 -125 13 611 -1178 597 501 -1085 -367 -39 348 307 -863 -269 158 1163 503 394 -254 -1301 719 61 68 -75 693 296 -56 1279 -144 791 -921 1546 -1130 -600 -721 -257 -21 -193 -54 268 -484 832 760 -604 179 -281 -100 464 806 -502 101 -278 797 1114 -175 -750 72 -248 -1169 822 -585 -980 -505 -306 1972 -466 -1059 -130 -771 -621 -691 -736 913 249
-148 -261 1129 457 -792 76 477 1 813 -184 -64 -893 -768 715 323 927 1028 350 -442 -425 -1074 -118 -489 -1138 216 257 514 425 945 -250 53 970 -521 848 1446 598 -342 953 -35 915 142 -1348 985 -55 -1289 -83 -275 1783 -261 404 1460 392 -1121 402 354 -773 -504 -466 -826 810 140 496 -45 85 -1808 597 300 -371 53 514 265 103 444 -346 872 338 -732 1136 -53 -164 1067 669 -317 -209 -896 258 896 871 -34 450 151 1522 -293 36 -292 131 648 943 966 279 806 -1278 -218 -189 -831 -337 -1279 732 -1316 487 -121 729 222 -479 -307 -550 1628 390 317 -507 -212 -156 318 25 227 -159 -484 -26 -810 -53 286 261 -311 -1042 23 -308 -1152 627 594 108 -226 -970 -1079 596 658 -760 988 -116 704 288 -1064 340 2126 -115 -403 -201 176 -178 345 -162 -1243 -763 190 45 980 -551 -135 190 -484 375 1266 -904 1033 1669 -951 -627 -384 -92 -204 -1293 1342 -393 -841 267 -128 31 -1119 -145 -344 -659 191 1144 733 -11 -277 1909 1213 -1075 -591 432 626 768 864 -2388 -598 524 -1732 -741 90 136 349 -1905 390 1168 598 -288 -340 1857 670 1763 432 -65 -752 1818 -1386 -124 -215 -194 -494 261 1383 -31 813 890 1792 490 -309 579 14 237 554 1106 2143 -613 1134 -140 1750 -1573 340 1022 296 -631 -1865 -680 -1073 312 -177 -601 495 -468 -22 -100 -26 -89 362 -1277 52 393 -368 -1050 -294 495 575 -724 502 -977 -265 1020 192 1175 782 -243 -431 -32 -694 -623 -777 -488 196 -63 -512 249 921 1764 1870 1176 -910 -508 -7 -1297 -1268 317 145 622 68 -994 -472 1171 -566 844 712 -487 -15 36 -978 -302 430 -380 1682 668 -1491 -635 292 644 334 -307 652 981 -220 50 -318 -31 471 -440 -906 -47 458 283 -640 -689 -11 -160 412 283 -1443 23 1090 -437 -633 -62 -369 776 1368 -76 447 840 455 671 -756 1100 -1262 -447 321 535 1329 1049 902 1224 1172 -374 -1090 1226 -534 1296 1160 982 913 -1235 788 530 -73 794 679 -1882 -1094 -1294 166 1226 -710 1705 406 672 -29 -509 -540 1180 1143 -629 -972 -211
-143 -343 244 -473 -46 719 303 -1551 441 -577 366 528 100 1665 366 679 213 235 464 -672 257 -861 561 -113 -304 199 -356 250 -892 -275 -470 -1038 481 -103 249 -645 -554 -828 399 19 922 1328 -336 828 -679 -541 80 -653 366 216 -641 -189 -1224 -104 -1347 -191 -855 -581 -314 175 370 -533 -1468 440 408 -654 -163 -98 -393 1226 444 -188 -999 1337 7 432 -1242 606 -731 -676 -258 -1097 -1196 -22 599 -1179 -1211 -1250 -528 261 431 -797 51 536 1343 1191 -1120 -548 159 357 1870 -354 348 149 -2225 1879 419 131 200 -940 -1424 -261 -365 -1059 487 -856 16 -476 46 156 823 1533 48 -538 -65 1010 -40 57 316 303 -632 -694 24 -595 -74 -1321 -443 147 391 1109 -435 -317 42 2 -233 1399 208 118 -151 -182 689 729 769 -389 785 655 153 -115 -1261 -224 -529 -163 -347 1431 429 806 -594 -2037 -74 584 1043 392 -350 -257 -122 -962 -1251 -799 249 912 -392 87 -495 33 556 158 -621 549 -503 565 -13 40 745 -504 687 -156 -1926 618 130 -1207 581 1730 1305 853 -947 622 -841 686 -457 -432 306 186 240 -1012 287 191 -935 428 98 534 164 -477 -236 -1366 -255 -671 891 598 -48 -1450 -853 -349 -362 -231 -975 159 92 94 -293 111 -140 -1141 294 821 -289 -271 -733 -362 -309 -993 -334 716 68 -396 1307 -908 -912 1438 879 -1952 -319 282 -206 -303 -188 12 38 298 -471 632 -165 874 195 291 -317 -99 -214 535 729 316 793 1017 -1728 1178 -472 53 296 333 473 -419 1227 -287 -267 -38 239 606 -110 652 -797 479 1343 469 -496 363 -531 -154 426 63 -127 -1489 623 325 933 -354 1376 -519 278 -248 734 -1437 1519 1228 -376 -22 -1353 -1035 294 -965 -1765 637 360 -344 698 -243 613 -153 -101 400 -205 -353 801 1568 777 46 542 -482 471 -357 1131 -378 -712 185 -260 -707 -725 41 161 -953 -1083 -225 -1196 794 -1138 1191 -1485 -524 261 -189 -366 992 1025 -271 -60 -365 -1075 -652 11 3032 242 -501 1645 -269 -155 87 959 -985 -162 -121 382 632 -1232 -89 11 -732 1 -525 1604 -485 592 -909
-813 91 -631 520 522 46 -181 -906 -371 576 1869 -735 -102 122 -289 -478 -1573 289 -525 551 -628 -1436 -308 -56 -449 751 1617 418 795 -21 322 -1561 -1373 163 97 -364 -1553 -380 374 -366 332 -355 -885 -64 -846 118 -315 798 322 897 -537 343 30 708 187 -1486 -828 -642 0 -44 1664 -343 492 1176 -1133 -748 -806 -444 431 318 783 -186 -303 -58 -329 -303 -771 75 274 4 20 448 24 -491 -1097 -676 587 -88 452 -113 -1213 421 -1334 692 -1811 -638 -561 696 -1052 -62 1471 148 611 -1665 1599 926 -658 -425 -169 -352 66 -429 991 -354 -845 -987 -536 1001 -894 -468 -699 -833 10 692 465 931 -840 563 377 561 681 -1766 -487 836 318 -1083 -822 -130 -480 178 -985 -222 -295 274 -204 542 1335 -890 22 -314 -701 -315 -1100 2088 1285 161 1144 1318 306 -1152 537 -585 1272 566 1333 449 -2642 829 548 828 401 222 -594 998 274 46 -1907 337 -539 543 64 -318 -665 260 326 -350 -1225 -884 -1815 -2281 723 279 -1161 -820 867 630 1003 -1369 -1589 -1012 1128 -448 287 4 580 235 1069 598 -191 81 402 174 190 -32 326 1161 -1134 775 635 -558 -1025 429 -108 -252 -678 -821 -243 -271 -1322 1144 -26 -991 344 432 625 -40 161 184 343 -1321 -1070 -437 228 -840 286 845 596 -58 62 -270 -1193 161 -276 -83 -292 262 59 -640 -820 -193 204 431 811 -743 1036 -330 -658 684 -891 329 -777 334 -227 769 -171 664 -531 -271 -763 327 981 -923 -1324 -921 983 -1237 -646 -829 1351 685 -172 1507 50 109 820 -325 -662 650 674 -407 -1187 -528 -762 -197 -17 -1201 -153 -88 -617 -486 1275 -881 -101 -461 347 -912 -500 -681 197 -387 846 -104 1004 15 877 899 -565 -241 -550 -540 1454 38 134 -96 793 -1175 -1258 185 309 -138 71 -395 570 -618 -1014 -751 -341 -625 -1102 352 -716 -644 -1276 -810 -1718 -610 855 -287 -1189 881 -1060 -231 344 722 -281 811 853 155 -854 403 -8 -789 176 -335 1136 -585 182 -133 -543 -788 92 -346 266 -6 275 371 -142 525 -307 13 -41 -90 344 34 698 -325 536 620 -596 -191
470 -867 89 -663 781 -904 786 -1099 -340 878 1197 -131 -604 48 -219 918 194 -1166 -6 -1348 212 331 1204 70 2546 -40 -659 -542 -1667 312 -1027 -9 -984 -374 -623 -1328 223 -844 694 1263 414 -425 1947 608 1204 186 -819 -1013 -447 -110 -271 -1991 276 1305 503 1029 -818 -149 -133 -535 -108 150 650 -266 860 -586 285 -1107 469 443 -595 540 -726 -306 484 380 546 -682 -217 -1463 899 -846 706 949 795 -557 1074 -36 -320 -431 721 209 -230 589 323 -479 -688 -1026 -76 -408 -889 -1311 -214 -1596 664 -341 458 -1390 -289 116 571 -401 510 -449 -282 324 -257 -11 -1321 1092 -376 -1103 -1071 1122 275 864 -958 549 -784 -83 -353 -487 467 322 984 433 316 -213 -140 -879 885 -743 -74 45 260 -142 -673 -321 855 72 -121 -135 -991 -726 -760 1217 -1094 -1391 683 -385 712 587 207 -1304 -254 291 1272 -71 59 175 357 1706 567 397 175 644 236 -134 -1131 -650 -95 313 -840 -94 1025 -330 546 166 -906 -775 511 -1068 -2133 -683 339 226 71 -41 180 -34 -246 -204 918 -142 912 711 -1238 -239 -754 1150 -245 148 -247 375 -634 -1136 -1199 -1537 1659 279 1446 -471 252 -343 -509 873 584 96 838 178 -68 400 -725 326 -797 -1156 488 1004 -516 -605 -85 -207 189 580 1033 -668 -424 -1323 487 552 -420 115 -178 1013 -81 -338 -793 -914 2339 -1994 714 -329 -68 604 575 120 -175 -520 151 -1178 85 -1423 1120 258 592 1242 -428 1824 1107 -1068 -41 -589 776 521 -398 -448 1710 396 341 444 427 -115 1240 327 658 791 -1824 7 481 42 -1236 731 -852 -1229 850 510 -74 137 -1066 -61 1016 -458 -1693 -1066 -252 280 -718 949 -31 -132 -159 -382 57 -271 124 -1019 457 1753 -699 951 190 153 -400 497 869 -9 699 -374 -107 1214 394 1234 -29 134 -828 321 608 -232 -25 -26 -228 -1808 394 -1188 -155 461 -372 -1038 2176 360 -98 951 -341 453 886 -10 192 895 24 -1009 584 1518 499 -570 -777 -679 1312 -659 -257 -379 55 1121 -467 215 -84 -45 -56 -742 113 -702 1193 616 1398 559 -1279 880 898 1314 454 -44
-1190 266 252 64 -575 -161 -133 -238 199 -1390 220 1408 1142 289 725 365 516 -1042 -255 391 -85 -75 -833 50 49 -263 81 -513 767 76 -64 -1720 -166 1424 -1300 408 478 -250 -13 -876 20 -366 587 -1003 -403 1690 361 394 242 1042 314 575 -1175 -469 132 -430 199 -1010 -16 -1075 -1015 80 98 38 -254 -634 -496 279 1524 569 408 -474 -363 31 -1233 471 -917 233 972 -62 -1879 -403 -82 11 795 701 -338 1056 333 -493 -826 -1186 353 333 -710 -1462 -390 -334 234 -1108 908 350 -815 -93 -881 835 88 -846 54 -460 39 253 -745 290 -90 1022 -306 -225 -93 -507 -420 1362 -792 694 -903 -285 201 -1121 -554 -105 489 -93 130 437 528 -922 -17 -1231 1026 328 1038 838 -910 -688 -182 360 16 494 1092 543 -35 -842 87 1385 -160 -419 855 173 64 -814 207 299 242 -58 -254 119 445 590 -152 230 22 -346 694 -304 -1128 -364 -408 407 -1142 865 -1150 -271 -221 -623 -634 349 -631 1404 1206 776 526 -24 318 729 1601 1000 -418 -439 1877 677 -895 142 -682 894 151 422 588 -15 895 902 -1167 263 -81 -885 1481 -1043 227 -545 403 -1220 -818 239 -678 1237 -177 248 61 -1098 295 1178 459 -308 245 -836 -486 -22 200 407 -573 -784 -427 549 52 -806 531 -558 342 161 -893 -1344 -103 29 -152 78 914 311 -140 223 -307 581 539 -277 -527 -1353 122 29 -1018 652 -972 940 -1559 560 956 -271 -1043 -167 -727 -624 -104 -712 -911 -25 260 698 621 750 603 308 -110 426 411 -494 -406 -295 -313 292 556 -57 140 -917 -642 -485 310 885 1041 -297 -830 -375 880 -475 328 -25 -299 -137 -606 119 -201 184 -1413 -728 -530 544 1134 57 -1156 -1163 639 -153 -2029 232 122 113 -2 -840 336 -213 -474 -601 -1859 -26 -517 -21 -843 -1214 715 113 -232 -776 -829 244 -596 236 690 565 819 -663 -21 669 -233 1181 -701 271 -482 -1390 558 -634 -328 -704 286 674 -200 -612 -722 1444 -1725 1204 963 -379 -284 252 507 18 399 168 2234 -972 -44 762 -185 -54 -413 203 -757 -374 155 -651 392 -835 -543 -100
1926 56 95 -257 1112 -264 -1649 -147 540 35 189 426 1521 -334 -3 -625 1387 502 1766 -1240 1289 241 411 -1790 40 380 -289 349 989 586 -1070 1031 -513 -880 -138 -2425 1071 1117 956 740 1388 -538 -923 -427 184 592 566 511 412 -1454 525 1009 528 191 -1230 -8 445 425 -175 -1217 -134 -182 149 -564 508 1634 -1061 -486 589 264 1133 1567 -9 279 -177 -502 -760 -1339 444 562 -469 -955 -690 -64 -1162 101 -1174 -1077 -1014 -751 275 1458 946 55 1436 1324 -119 445 1609 -687 336 -2368 1522 -473 -435 47 509 224 -705 695 -10 567 -56 -256 -599 459 623 183 984 588 -634 -531 302 300 -142 -354 -208 -520 -136 520 1277 861 -44 -915 223 575 828 -74 764 646 1430 -283 190 1260 1052 -767 317 1178 -365 111 656 -773 235 -1300 -979 -628 -99 517 -1452 -88 -293 197 497 167 430 749 -1627 -458 -507 -124 -1225 -349 282 815 481 677 -1179 141 -479 -124 -733 130 334 22 807 -826 596 1949 317 426 30 -1429 30 858 100 105 1109 357 -858 1036 1171 218 -837 236 999 658 -773 676 -958 64 -77 -836 2015 -913 -57 -883 726 265 -450 883 536 196 -103 1056 -1803 -1135 379 868 623 -424 -460 -36 -1365 186 1308 -208 -814 106 -585 772 3 180 306 367 473 -140 -243 -340 680 723 -823 1277 1896 -380 -1703 -420 61 -159 -1347 62 238 -503 -1820 559 -698 -791 -164 573 766 363 504 513 751 -299 -862 -346 -1012 477 199 364 -702 -977 834 856 -9 -478 -142 337 -223 458 -9 467 1207 919 -38 -181 300 72 -635 -582 263 709 -85 96 59 -109 1563 -179 -804 377 806 409 -575 613 -59 1632 -1193 1283 -1243 1738 -623 353 -115 38 214 -83 -816 -1063 -104 -771 -145 -77 32 682 1141 -28 152 623 -842 578 -1375 537 767 -691 242 -906 -92 640 201 -238 -65 -80 461 -131 238 -630 -220 1507 -469 -1349 205 -228 -1304 -275 669 -133 53 -147 1016 -283 760 -935 16 1392 -477 1112 1147 93 -19 517 -393 318 1321 33 1088 -308 -1063 -638 -216 872 58 -1056 1287 395 94 534 44 198 1471 -992
506 1147 -213 224 532 1326 -1372 -51 849 740 1352 822 336 -65 -1306 -584 576 356 -1492 -476 -407 -266 -959 -656 1141 927 -640 166 -1309 141 -1752 -533 -1123 -17 662 363 135 150 150 322 676 1822 1061 -738 2153 437 -857 45 554 -799 -221 559 125 -180 -26 -391 126 -1041 746 -1535 1123 728 612 115 -763 -1983 -649 -641 292 -1095 298 -460 -1925 1252 -775 -87 -409 966 -639 748 71 1392 558 518 530 2058 -904 713 1013 64 834 -269 -390 743 1563 -711 997 -238 -118 458 493 -688 743 -647 571 72 -1384 627 278 410 -702 745 -357 -393 405 -921 183 1099 859 -1432 -1641 -1205 -320 -325 374 141 -442 -461 -387 394 -598 -64 1891 -1705 228 475 -719 581 649 863 397 -376 -272 -107 -422 -1069 542 846 258 72 -1276 731 -501 715 663 -1091 963 -211 1815 -517 565 -837 582 0 1112 -94 -469 1407 151 309 -1157 -476 -115 1367 264 -712 204 -23 -302 -888 75 129 -715 -813 691 1836 -421 -337 -147 -484 795 1303 -1934 -1487 852 129 -135 -829 -845 -139 -135 231 1251 -335 602 -438 8 -519 -109 513 998 418 360 -49 -709 -829 -134 -870 -249 127 1544 -53 -2747 -128 -629 649 -1061 -1934 -901 -90 -1545 468 415 -140 -638 323 -458 1336 55 118 -1164 -1 -1223 -24 1046 727 -697 689 257 194 -211 -403 201 -514 -855 -1225 887 -512 86 -959 632 484 121 194 -1608 1117 -1187 100 -565 -907 1430 -662 -992 -599 -2016 531 -497 -722 1572 181 98 -1131 1908 -369 -592 355 -292 -174 372 -402 -268 452 -446 -443 681 -873 127 -592 330 1445 -622 139 1520 -601 170 -357 -282 761 -446 -217 301 -1492 -174 -650 765 525 1557 -1982 -962 414 1274 -598 271 -685 304 -231 -701 394 -54 -458 -1141 414 -469 110 -286 703 -444 -1617 122 -965 -800 723 -351 1071 -393 346 -374 1112 70 -402 195 -264 1508 371 599 -573 -261 -210 2403 545 8 -1089 -412 499 -85 297 -614 -1370 -699 165 155 -795 -1097 361 897 -339 -125 -261 -807 -1263 442 1283 768 300 483 -367 131 1245 -838 -847 253 -898 660 -1189 -495 262 -839 -711 -247 -496
-916 405 -457 449 -891 1583 -418 711 377 -501 254 174 489 1112 -1063 -623 977 -214 745 942 -1106 -634 1203 -259 1026 -835 770 -590 569 -207 789 801 661 99 -325 -1547 677 596 -406 -683 -80 842 52 49 -399 2338 -116 49 -322 381 498 -801 -32 1661 -151 873 381 243 175 159 -476 -906 6 697 586 171 364 156 118 -973 241 567 -123 616 796 -552 468 924 -529 -369 858 342 -336 1131 766 705 530 453 111 90 186 357 -116 -907 -143 292 275 -245 229 1198 -2349 1075 -295 -850 124 -1946 -464 -452 119 424 -1229 1043 -1033 -263 167 -643 118 -1498 943 91 -1418 -799 830 889 -1445 -426 1005 -119 290 276 -940 -424 -337 -1102 -1386 305 452 952 -841 -1999 -147 -717 -432 -99 699 -555 25 477 -826 1620 -638 521 244 1386 -392 553 -888 -375 1267 1083 633 883 -393 214 -601 589 -141 -371 -599 537 -364 -767 -655 -1587 -90 1152 1262 -385 183 -651 203 -594 -796 1130 113 307 -546 -126 1232 -437 -799 -123 -385 -212 -237 -896 -1302 -392 681 393 -227 -637 -355 1960 -1128 -843 -169 -1377 -992 913 -24 949 -317 182 981 -479 63 -1187 85 -143 -111 720 -387 -386 -536 -506 16 103 83 -529 501 1280 -434 -182 833 -236 -327 284 -738 1035 -585 -969 770 1821 -1087 -61 630 621 -224 848 495 374 -306 -192 -349 68 -335 -676 -75 80 -19 750 422 -636 -1022 496 1052 -120 92 1638 281 -785 -62 87 -834 1042 -207 -971 -833 -837 -124 -238 1740 29 -207 356 344 357 -572 -490 -114 -502 -1087 7 -563 263 196 -155 903 -923 280 545 -965 -810 430 59 -1173 1416 -231 -286 148 -206 891 936 -901 213 -611 -184 -565 1012 -986 1117 -522 -953 -405 55 -594 565 1318 -807 983 -34 -1487 59 -70 -593 -265 -26 823 1525 -977 -272 914 -158 594 -55 -667 228 522 736 -889 430 -1983 890 -1062 382 597 37 -303 867 281 -467 -201 297 -487 421 668 14 -252 -294 1044 313 -614 -441 11 200 533 548 312 -1627 767 -576 313 -150 767 406 1386 889 -421 1423 -210 -105 -239 -508 566 688 121 -948 592 616
1011 -1481 -628 603 -847 906 -634 -229 1109 -1014 479 -460 -5 247 440 -730 -1123 -359 189 -67 -86 567 27 1038 101 -501 501 336 1396 -945 62 -35 174 130 243 792 -1115 640 980 -635 631 824 -1301 897 -177 -124 130 -1057 -487 390 1667 -330 1041 -286 1002 -126 -560 -1104 933 -1014 -56 -361 1540 38 1689 902 -793 603 141 -841 -173 -179 295 777 -1 145 -45 -55 840 1244 -102 171 857 -93 523 625 475 686 -957 496 -246 -1583 889 -832 -263 319 -336 -1191 590 347 871 273 -129 -125 -1028 -288 -224 24 -1676 10 518 -738 -1402 -448 515 -447 -796 -452 420 -150 -97 -240 -1073 882 -1958 338 170 -1079 1699 231 -541 -1003 1418 -789 426 1834 -522 12 -251 -482 128 -266 968 -870 629 -543 -1442 1183 -1639 2133 1294 875 1247 130 225 529 -244 -907 18 -162 314 -386 -947 442 -725 -581 379 1272 783 686 984 25 -392 -265 875 899 42 113 -91 442 -565 1102 175 94 -441 -770 330 -722 593 351 178 491 -8 80 -744 21 -882 124 54 985 378 -21 343 395 -194 32 -545 -335 -223 2031 273 306 15 361 382 1502 385 -604 -996 146 150 -657 491 -1354 378 539 226 518 716 -865 -275 -749 240 -429 708 -832 -410 363 -1321 1282 -70 916 116 1187 -1117 753 43 -201 55 -778 1405 765 -944 -1152 498 700 -9 1138 -277 -76 905 -191 28 -115 1463 -130 -1045 -1125 -663 147 -90 1277 59 -70 103 359 86 -587 288 -484 51 694 217 -1213 -994 -397 -356 -1182 -475 -620 -846 2023 304 -449 -416 906 -799 -652 847 1033 -138 321 60 -100 -171 119 284 667 880 -504 -282 210 -357 -75 -395 -331 1715 611 350 -1278 532 -57 -470 177 -914 644 -258 -737 1623 314 341 297 -1624 -339 -736 -276 -168 862 1078 496 -148 -162 -39 1640 517 -1150 851 376 -180 388 75 -775 -1009 328 166 416 1366 -1010 -732 -923 36 -554 203 761 -85 -793 -589 1219 -984 1002 -342 -613 364 1206 -885 527 258 1034 -573 -1612 215 296 739 -408 774 566 -900 559 330 -11 890 -971 -266 -1276 -721 739 -1441 -1175 340 -1166
2075 -575 304 -296 -309 -585 -457 923 2394 -34 -350 116 -644 523 956 748 172 -296 345 -23 284 -232 718 185 -96 1197 -353 -149 -291 -8 727 -576 -879 680 68 1199 -1986 1130 -330 1267 781 473 206 -55 -694 -262 602 623 464 983 343 -539 25 554 167 127 836 -150 291 98 -812 -1512 293 -1151 1311 -174 -500 -1025 -49 392 449 146 -99 -133 -565 898 -1562 -182 1314 1017 1670 241 267 -16 -101 64 -865 -629 716 603 -860 605 227 181 251 200 -212 642 158 503 1061 -501 158 -245 -125 1053 525 -82 -428 -548 1745 218 23 1524 395 -644 -702 -1035 -238 531 652 518 206 -985 7 575 -164 284 -244 -1594 1066 105 -40 872 -125 553 -315 -117 225 949 -64 -543 -1127 -499 -247 77 862 -655 -34 693 265 -1192 595 -31 1075 -508 463 -1037 -22 1150 7 -29 -305 51 957 351 -816 -363 472 -1549 -278 63 -738 -189 756 -506 -124 446 -509 343 -509 -837 -410 355 -466 345 -604 463 -384 601 24 -537 -626 -257 -1165 1017 -733 -418 -957 697 16 58 -386 -737 -230 565 -1204 1010 692 -510 992 174 -576 -634 -1147 292 -476 560 674 -180 708 886 -333 -89 634 1209 213 128 -55 -1084 893 -865 -879 374 -1371 -855 1222 989 -1252 -427 -301 427 -356 742 -334 621 -525 -277 -363 512 339 761 -384 430 -877 -254 -1649 -650 356 1332 -318 -209 422 12 612 -1590 -1136 -299 -538 -602 -462 -1182 -920 -573 1171 433 -709 -1012 -544 -1673 1235 -198 33 961 -478 504 -176 -1478 -924 46 -113 580 361 453 -313 -814 -1649 -1312 439 -3 1027 627 1300 -397 598 -109 487 -177 -319 226 181 455 -343 264 562 -265 835 64 1182 -1992 -926 -611 -276 325 -1006 -215 698 -650 -326 -1167 -243 -897 999 -1434 312 503 255 -437 -561 -527 514 -288 -19 460 -310 -208 26 1677 42 -51 454 -844 628 277 710 74 677 124 98 -338 1181 -1625 24 -584 -1142 773 -648 -176 638 -1002 -58 177 62 1207 -484 1414 -468 1036 1025 -677 -284 589 -487 308 -312 576 -919 -132 -932 -731 -779 1632 1234 -594 -28 -869 529 938 -361 -207
-930 738 531 499 104 -898 1235 58 -243 42 176 39 -522 -943 1941 44 -427 -1161 -834 -708 1204 -1167 277 -835 691 -514 -371 -866 414 -550 1202 939 1582 -1104 133 -239 -944 2215 -415 356 405 446 677 607 -58 402 -1522 -538 594 -382 417 -523 -971 -375 -140 291 -639 -206 2439 -384 214 1964 263 -197 -707 -190 363 1328 648 777 -1177 963 -771 -1791 897 -882 411 601 -341 -476 -700 75 841 -100 94 -90 969 74 841 -794 -1039 -66 -196 260 -274 -236 321 456 64 -239 173 -1146 8 265 736 -464 64 1075 -425 125 196 -703 1157 -270 160 -612 203 453 204 -766 -1705 -136 92 -205 -1611 -369 -260 -57 -892 464 -915 456 303 158 -1100 -436 598 466 375 441 -703 -71 -2015 -1929 375 107 -968 314 310 279 -318 -1114 -653 772 144 -615 341 -860 -851 1032 -451 832 -1135 -699 -1134 -37 -781 726 -112 342 821 -683 -577 1223 -796 1696 564 -721 133 -240 102 -422 -57 348 -1113 1581 -1294 59 974 -76 521 610 -832 453 1408 193 -46 -547 -193 267 62 -142 453 -486 -1237 -390 -1801 -261 -891 -572 266 -1633 -237 670 -1360 -404 404 30 80 609 -330 243 895 504 -444 889 -471 -1432 -1147 1337 1366 843 5 179 1403 -155 -23 -503 1616 -417 -231 1100 362 216 -337 -1209 310 -767 562 -415 317 -59 -308 -153 -533 403 -280 370 933 1602 -1432 523 -884 -9 536 370 285 -110 270 -1134 -383 -463 1227 386 357 -1163 -505 302 181 -1289 1421 -151 409 -298 -304 -870 146 610 1008 1689 1255 -1173 219 146 -475 114 -806 1133 592 827 -24 -549 244 -1648 -618 -1008 -1216 200 -366 905 -681 268 -250 8 -23 -114 -1504 -272 77 -994 -968 750 -1186 914 78 294 84 478 1289 -416 -39 -1218 290 707 -190 661 -170 957 30 -559 -172 -638 -46 -504 330 492 -227 -1043 -883 -1144 474 853 -477 177 -220 -593 1456 -772 -937 -482 797 468 1673 -1336 970 602 -394 1271 -637 -239 -546 887 450 111 10 1088 -688 -311 1835 51 -699 748 -887 -292 -317 -856 190 -386 1516 -387 1229 -187 913 579 274 50 -888 684 -472 16
-1051 -363 -490 713 205 652 154 -41 -1154 -353 -417 1284 614 235 -564 -288 169 -1052 -1081 771 73 528 510 1043 -282 877 -365 -493 786 -342 268 -455 1478 308 -1026 1333 -886 -382 754 306 -629 -488 905 -855 -968 -733 1352 982 -569 629 -575 594 -1082 -386 -471 -617 462 -338 188 -422 371 -224 204 -1112 267 1290 -676 670 539 368 62 517 -269 -605 305 -48 -1132 381 1513 -121 340 231 1002 -62 -245 799 1576 -158 944 -1469 -6 -296 286 805 -1214 425 226 78 -119 630 -613 1204 -659 -174 987 542 132 750 425 -37 -533 -227 -490 409 61 552 -504 -1570 849 945 -575 208 -444 188 -494 -469 512 137 625 -942 114 858 -1030 1774 309 838 251 930 -288 -488 -619 243 -135 374 -419 -1360 430 -7 22 -20 -378 -1513 667 -825 -875 355 -629 1372 -886 -114 209 217 352 353 -558 -87 1737 278 500 262 -184 -669 216 749 -736 -28 664 945 507 1359 607 -1193 -585 377 -888 -811 583 887 329 -1177 -292 -35 -435 597 -1303 405 371 381 1049 902 94 -1093 -124 -317 572 60 1784 179 1716 395 496 -478 239 -23 -74 -59 -1172 908 -1064 726 591 -1701 -333 -215 691 783 470 -718 -681 633 423 603 -124 -1015 -572 -370 145 -325 1242 -1095 154 -18 418 975 937 146 -539 -44 -554 742 1488 -331 780 312 372 993 599 -14 86 -82 749 405 268 396 400 234 582 -807 473 -454 1195 921 -35 -887 724 -383 35 712 -91 1064 -1070 606 -267 -98 -667 -467 -259 667 -113 217 -1463 -434 -768 -681 -76 -368 -240 -64 410 -1185 542 -290 537 326 303 372 -1155 -599 134 885 394 -378 138 1227 232 296 249 853 590 478 -937 -64 587 72 -303 534 336 -1096 1134 651 910 -1623 -927 -3 -1649 -121 1410 557 851 816 569 311 275 478 939 -641 -443 -873 -715 501 854 -547 -848 -1192 744 -1001 1433 401 -421 -197 -330 570 1700 301 383 1360 291 967 38 362 614 -56 -1070 -733 260 -340 372 390 -417 -49 -542 45 -27 93 280 675 -402 612 646 -1191 -496 54 -2224 1311 -721 -249 -91 360 -294 -524
773 1021 -273 115 -627 249 -331 859 520 1226 -1529 -525 35 -256 597 52 1535 126 256 -308 138 91 106 460 -261 949 1515 -79 -59 178 -278 -131 -90 -795 -23 -686 -331 175 -29 379 -764 620 -469 -63 -374 1219 -366 -914 -899 -1085 -532 -1088 86 839 226 -517 -1132 -873 -702 -310 -546 1132 -330 286 -542 -395 -571 -1159 112 940 155 1448 -192 961 172 -1622 383 -1081 -79 -493 1551 -54 -187 203 136 494 -426 -782 -422 -118 -651 -495 -295 1107 -527 -425 -461 -592 -1200 153 -1361 307 -449 162 -265 712 -116 398 -1518 -796 320 -982 226 225 1912 811 -229 -240 -125 346 -691 230 -1173 754 -987 433 622 126 92 638 -645 -159 -641 1013 -259 330 826 308 -224 250 -297 97 1335 592 -679 -176 -1353 783 790 905 497 -1965 -825 49 -1875 559 100 162 83 -1434 -184 562 162 -669 -714 572 620 49 -667 -927 -980 381 517 -1226 14 898 -203 1133 152 -721 180 -35 -946 1214 -512 -224 466 1129 -500 -224 401 150 -301 619 746 217 28 -103 1180 -534 1809 -564 -1218 -1424 -440 418 155 629 -2235 -197 -234 -1458 1561 -394 -551 641 99 -11 -1368 1416 1226 -1194 -450 904 -110 675 887 633 255 1131 55 602 75 -771 692 456 -305 -661 796 525 389 1406 176 769 11 -570 752 990 1199 -311 694 804 -613 -119 737 -485 1256 382 -1745 -986 1317 -348 -364 -1417 -177 -37 115 118 672 134 -488 1658 -381 -101 1011 -95 249 787 -1934 -301 1063 -639 -353 -166 -629 -1242 -1428 -434 -1212 1031 -1015 -672 -1224 -257 412 -593 1680 -1181 -67 659 -364 43 689 -1628 1026 -2062 1397 -192 763 359 636 -413 -177 -657 656 -352 -826 413 589 505 -1640 30 -1158 -761 -1770 -348 334 -273 -478 -337 730 1302 -747 -171 864 -10 -857 -159 356 790 -160 334 196 822 123 633 -346 488 1959 248 375 -351 1181 212 666 -409 -462 14 759 -1435 407 2062 -1432 -435 220 42 -286 -390 -592 575 1034 115 556 -715 1506 60 -778 678 -1196 -541 265 603 -721 1552 1073 -417 458 127 -784 -75 106 216 330 -699 215 215 733 -399 -983 -911
-708 -477 -1053 495 -254 1249 100 1403 1394 -399 -959 -140 -630 354 -612 -103 489 205 -211 -934 -849 115 1907 -601 -675 -823 2032 240 1216 42 1975 74 -417 1247 858 1762 -461 406 638 791 275 87 1112 934 -177 76 1318 -308 450 1622 -114 -1244 -319 54 -278 671 -344 -637 224 324 887 878 604 814 735 187 136 -1473 121 -1267 337 -907 -723 1155 192 -336 -569 825 -178 1486 -1055 333 779 -1228 123 -1046 -1333 100 -559 1058 284 131 -887 672 -454 241 48 -496 545 280 -1 -407 192 1139 -1611 -550 1186 473 -976 -291 158 -335 -442 -238 961 45 -84 444 -354 386 222 801 868 549 238 1246 1218 -732 1449 -303 -15 -1222 -19 -214 1501 -1170 402 475 -469 -234 524 -395 -102 1536 -251 -634 -2191 -994 227 639 -814 -489 872 -963 -737 68 262 -1312 -1075 -1793 431 -113 -1686 1081 8 -677 -764 -37 515 -1685 645 -652 641 -222 -309 461 -706 -347 245 50 1113 553 636 -990 -876 382 1380 1351 1303 -427 870 627 178 -178 -2 203 -620 1745 807 806 -35 650 97 689 -595 -1273 279 271 433 212 590 -31 -783 -194 -1353 251 267 -698 -1029 81 202 -111 201 -301 508 -1327 -955 -196 620 113 -128 813 -327 -89 917 1556 564 -510 51 766 -19 1492 670 -761 -206 -896 -974 -535 -445 332 -501 -454 145 125 469 1095 -663 1630 -666 2432 315 642 -567 558 -352 -376 -615 1007 -249 -636 -418 -1861 704 247 507 234 0 1689 -383 -1201 961 -182 -663 989 1098 -63 -2029 564 -103 326 484 -1033 -609 519 581 224 256 -996 632 -1774 330 1541 -367 -38 330 124 -1484 277 -546 1050 -1351 840 108 -462 -314 975 -559 585 730 685 -1335 661 -72 -228 -1379 500 1398 -1289 749 400 -544 208 -224 -341 -228 45 817 429 759 -312 755 118 -308 181 1570 -72 284 -387 691 470 -1130 616 -976 -87 267 -864 417 192 595 527 101 -168 -790 -557 492 -263 -945 -478 -75 9 -928 -777 980 141 -518 1049 2 625 1084 -450 135 707 -816 652 -324 -363 52 1239 -1297 396 648 1032 75 -108 205 110 941 945 -677 -1374
-714 1353 -567 -473 -345 1325 -960 482 -989 -1178 -173 -108 225 29 -31 -535 -1065 428 643 811 394 23 867 224 922 340 -434 -365 -659 -698 660 641 -47 -221 1034 78 -764 485 -107 579 43 1081 171 719 703 392 -533 -189 -362 149 -268 1003 -1154 -523 -611 134 747 -1717 -442 -59 987 -194 -528 291 315 278 -790 720 36 38 -200 695 742 413 178 -705 -570 91 429 -83 761 1204 -908 -626 866 -29 532 -1477 -70 160 -945 1948 -1276 196 284 773 475 -1248 -1486 147 1469 576 100 -331 251 523 1103 384 552 -423 673 -39 255 -28 342 -697 325 353 880 -23 -366 1258 -922 -693 492 1311 -288 -380 -1889 -236 -203 335 50 -722 341 -389 -439 1136 71 -128 -664 -51 788 -713 -1402 101 9 -682 -603 -641 -1406 753 950 -80 -602 122 -68 -329 815 -860 305 -748 233 -1006 798 -889 474 -784 150 -799 -207 614 775 -566 1041 -429 -263 164 -421 -516 1142 -623 62 848 755 -947 505 187 -598 -288 1497 277 -385 -1453 421 -256 119 1693 497 -408 646 1398 -395 373 487 578 -22 97 -166 -463 713 -28 -193 -1347 683 883 -1622 428 -319 209 1244 430 212 549 -665 -1232 -410 -88 -471 634 -930 -1122 151 578 -730 -824 -567 -628 573 -157 -68 169 -160 1216 83 -305 -1655 -1175 -211 251 -254 -1437 -542 1129 373 -586 291 -440 -812 -362 995 252 -881 394 -685 755 118 -125 -356 103 729 264 -781 -996 -211 435 1123 -310 -995 -418 666 815 -1363 18 22 -652 -256 644 -861 -425 100 2087 -311 778 939 -164 357 618 -498 710 1696 592 -454 -130 -28 -914 -248 -326 -885 -1376 -1558 632 24 1579 385 168 971 -382 496 23 593 368 -1218 -1521 -829 -767 1039 746 294 -32 -351 -172 -648 387 -744 -256 -715 836 -127 -218 -389 -614 1069 253 240 -542 885 -564 457 22 294 -1146 454 -1611 504 -727 -330 -762 401 1053 -257 39 554 259 305 -345 742 -231 -226 796 -575 -280 419 495 368 -1260 866 515 251 224 607 -765 -104 997 634 651 -187 -1060 -6 464 615 535 -626 -197 794 -422 -420 -800 1363 25
775 122 -502 685 805 382 1084 -160 275 373 -529 -440 -526 390 159 819 -1246 1181 1065 56 1611 923 -379 1113 -301 -218 -1003 196 -374 -83 -821 895 312 36 420 316 883 -1802 -221 -1114 -480 -606 -29 -54 -229 287 -426 398 266 -746 -552 -224 -78 1143 770 862 -27 -599 -1386 47 314 -106 590 303 -405 -13 1422 83 -1329 158 -865 -504 -529 -52 558 -101 -700 -471 -2295 -601 322 -233 -496 702 -1750 -256 -844 320 -778 -616 -103 352 643 -527 1228 -232 392 1257 -989 -554 843 -641 357 336 -552 957 -329 -576 -549 -603 -327 -1012 1124 -638 330 -402 -561 -146 1043 -401 1419 1361 -1417 -747 -475 -9 -819 -173 -522 231 168 -593 966 153 859 586 185 -908 -1004 -13 254 -518 992 -150 85 -229 120 -399 -282 -1872 502 99 -557 -82 -557 201 598 -462 68 1746 544 950 587 549 160 216 -213 450 315 1025 -1083 115 109 119 -576 625 -540 -2037 18 -367 285 959 1798 960 -1898 332 -531 381 -46 2111 -159 225 1373 908 986 -1287 -1502 947 354 -814 591 -421 373 71 335 -174 -435 877 685 -200 -869 261 -382 -717 -342 451 407 908 800 1396 -201 -121 -915 407 -847 -526 1185 150 1107 -963 -263 35 -251 1344 -531 -1206 214 1078 -268 -1059 -981 1108 328 -545 914 -1256 -177 1509 -98 372 -150 73 -867 -675 725 -162 -1061 196 1207 1206 -786 183 827 -53 -122 287 394 -114 -612 559 -619 -412 -83 -322 358 -1089 718 -190 -975 -1123 1497 711 -502 -235 483 -90 637 118 309 750 32 -868 -953 761 -456 -371 91 1151 -187 214 -1425 552 1035 741 -67 -1023 -394 -632 310 -398 1094 435 -583 -976 -481 104 -785 910 1102 -531 -628 -393 131 -782 -1 -1981 -363 -1109 582 -138 -569 -162 178 -223 297 509 665 778 834 1090 -335 930 -524 424 207 -351 276 -477 388 -561 335 701 -12 455 955 -192 909 382 383 -786 -776 126 -299 -724 -1512 -1204 533 -795 443 1574 328 -322 365 -337 -1242 1882 -867 -476 1315 -2 -118 -2028 126 -1831 60 -1105 291 -720 209 211 -311 575 150 -572 -1571 157 218 384 297 1296
-530 159 188 -357 719 1 288 559 -1202 47 -13 400 -415 -325 -161 306 -190 924 113 11 -849 -81 -555 -346 725 157 -1076 63 -1060 -1078 -263 -389 1364 583 -1693 312 -663 378 -55 1302 -1492 -1339 -530 207 107 161 432 -953 -2117 844 388 -311 -426 -966 99 -305 1225 516 1261 -976 -966 51 -831 496 210 -633 -32 1154 1158 31 -697 77 228 -995 510 642 488 1405 400 -791 644 -88 1809 227 1024 1081 509 -691 140 502 1260 -654 337 1737 494 622 -365 422 -457 770 -1006 387 262 304 -479 590 -158 -82 -291 547 -534 -235 -493 700 -23 -583 970 861 -626 -64 -469 -253 -476 715 -674 570 1172 396 424 560 72 738 -11 -96 646 -515 -566 259 858 -176 897 252 600 447 1060 -94 -776 545 213 -434 -630 -769 77 -315 892 1386 62 -13 233 449 769 -177 1074 1275 -1248 797 773 -982 -559 -71 722 291 92 -556 1130 550 -434 393 -171 -1039 842 -914 283 -361 543 275 644 340 617 645 486 -506 -383 137 -1786 -125 -377 720 -682 -997 126 161 178 308 148 -646 138 1157 483 780 -893 771 -411 184 426 -558 -661 232 -476 1548 793 -1926 1490 1171 718 -165 -743 1250 -1109 226 70 383 -130 1113 -134 -1027 -1474 -1067 573 -596 -86 -1373 -744 -472 99 249 -1262 -3 242 495 591 110 654 309 -465 -274 -922 -700 -274 744 420 -225 -417 796 -442 -1738 435 269 730 -24 481 -688 -1035 252 806 -252 -283 1250 1089 585 755 1463 -1085 -1337 -735 -237 -1690 1779 -1212 -795 -334 -709 -157 -241 -108 -907 630 1385 -138 -255 1275 199 -928 194 -1100 11 839 -597 177 -353 -906 788 290 1234 -127 -223 75 2103 405 856 -390 328 -13 -1404 -595 262 -279 -177 -1000 45 903 260 503 501 -781 616 511 -441 714 -1354 945 -1846 -496 -1786 416 392 1047 65 22 -248 233 646 896 765 1056 -508 -436 -1533 172 1304 -1 19 579 -45 120 -460 285 303 348 -201 41 -1538 -667 -459 655 -410 -853 478 -1492 904 -2 326 246 -916 -581 820 -567 -697 -860 74 -405 1038 82 -339 -1461 511 -817 -184 457 260
-594 -305 192 189 -581 -626 924 -162 372 -745 927 714 -225 -732 -1278 1450 -1478 -323 -10 228 -277 -95 487 -980 -228 -341 -693 96 -296 576 -1221 -477 -716 -642 -41 479 -1228 -1733 184 74 263 -114 99 715 459 1130 1032 2608 -748 -401 -835 70 -468 -1293 -152 940 -941 -16 678 -511 -296 -440 -326 243 1444 -1162 1229 -732 706 -597 -538 -1046 -176 -255 48 166 1251 481 679 392 665 -887 -711 845 -131 716 -45 -615 534 -464 29 -798 -216 358 103 -1137 678 -178 454 565 -594 713 623 -1514 -781 1202 -878 -930 61 -389 -841 -588 -941 -39 1734 843 -786 640 446 -460 -52 -893 -1237 -700 97 -292 384 -922 1349 148 -854 1149 569 453 442 -82 -445 95 -366 -446 -958 -594 1558 -76 -1582 628 219 440 413 1529 935 841 907 -141 851 842 -830 -1418 413 -253 749 549 1314 967 1342 -1123 364 -665 57 1362 -347 982 -741 -691 -1279 886 845 21 -1249 1439 -101 -392 781 -659 2302 1011 -1031 -360 111 -966 1416 -341 639 -558 -343 -473 572 -957 20 138 586 -154 -889 -108 -160 876 21 376 -646 214 -195 -65 -332 798 1639 271 -444 899 1117 7 1457 -651 336 1164 -608 1614 1162 -92 304 -68 -1449 -103 -1516 -1078 -101 -876 655 -246 1250 -47 -1845 26 -1706 131 -1328 -367 965 -1004 113 -366 141 -1069 169 150 686 1074 -527 216 -518 -472 -1641 104 186 535 811 1857 -365 -314 -197 207 -150 -229 475 758 715 -501 69 -750 -646 95 -605 -1373 37 529 -1466 1121 215 -191 344 -236 -247 -94 -458 -225 -602 963 165 -995 86 -438 -608 -315 -126 704 1485 -153 -170 699 1091 -32 753 -1188 -468 -461 -785 -870 44 -465 1168 235 635 551 272 -671 707 286 -140 532 -1340 -102 -19 381 844 45 678 -513 -86 -1355 769 891 1515 580 -368 -352 -1039 345 -22 107 -1273 -268 -426 146 48 496 -350 -238 0 440 943 -439 1025 -205 4 261 515 -61 199 -639 724 -743 1391 -462 -1081 -169 -770 487 55 -36 -1669 509 733 243 148 -1213 402 158 -24 -349 -12 533 -240 -530 -137 -234 1199 -505 -230 710 -717 880
169 922 651 166 -727 -294 -777 -869 1592 -160 -1012 -593 -408 -194 -1818 443 636 836 1118 1231 -651 -2036 1705 -1169 408 865 1072 1069 -335 -319 -912 -427 57 392 -326 532 -563 -999 -585 189 483 1698 2 90 -1053 770 997 502 258 -811 412 687 -612 311 -784 -234 419 -734 -706 291 184 -610 276 2258 -633 -477 315 144 -592 -667 1355 1248 -931 235 -948 585 -978 -63 -179 497 225 -754 -846 364 -89 608 107 -347 -127 -550 259 782 -902 -164 220 -135 1042 135 951 74 83 -305 170 -786 586 553 204 -210 -35 70 71 -1081 590 1197 933 -964 -1881 -620 -370 210 -705 408 1194 150 -206 -298 869 -1102 509 -1498 -893 -221 114 -579 633 -205 -794 182 -68 1199 114 1519 306 599 1073 965 -480 1241 -891 690 949 617 18 127 576 -849 -38 -1052 -685 -829 -85 -230 190 -4 391 -446 75 1111 235 -410 774 -27 790 295 -1755 -442 -854 503 993 -96 -173 -82 467 -406 -313 273 -1059 -177 -290 296 -273 280 -425 126 778 137 949 564 585 -597 49 -215 -811 570 412 197 310 672 859 -321 1079 -556 -694 1144 -385 -277 -706 650 1533 -468 29 602 -1546 194 497 306 -1613 186 711 55 607 -1405 908 370 413 -748 1127 196 -284 -1058 488 781 -704 -827 206 -735 267 25 -809 -78 -685 -529 362 -345 108 26 -965 80 400 256 -86 470 -464 -9 954 775 -222 144 -830 -381 -154 -384 205 713 -154 752 1413 -1004 -374 -225 -101 -599 -636 -310 -798 -231 206 76 -141 490 180 418 -904 105 309 -717 -55 -169 -510 -922 -454 784 15 330 134 642 882 -318 401 1074 -161 394 -571 -1326 1250 795 -450 -566 -98 -414 15 -960 -50 742 151 -543 1032 -752 855 -1065 -1012 630 -27 -148 -1026 1280 -1028 502 1167 521 580 -1586 60 -1907 -1501 -989 499 -1217 -997 140 -18 -227 321 -681 149 -1065 284 -83 933 -1101 -665 -655 -697 -397 1068 170 628 -29 -691 636 -77 -273 485 -322 -806 534 -73 -160 -675 -173 -507 115 545 -299 94 2004 -627 -542 73 913 -370 -139 -336 -4 -273 -171 -435 832 1225 -223
-312 -614 252 -16 207 -811 986 -366 596 -584 214 81 221 -978 643 661 -369 -774 -241 856 656 875 66 -139 -1208 136 54 -748 -1042 -398 -390 -271 -1774 938 -1983 72 -586 -300 2367 -366 1324 198 427 -831 778 1504 -426 314 -957 325 223 -610 239 1035 176 587 -1468 205 -457 -286 1186 -999 -519 1750 -422 588 -56 -862 110 -938 627 -175 1337 -39 -195 -173 968 -1064 202 -1171 440 -309 -358 768 -177 498 1185 237 130 -243 126 -974 530 486 -337 -955 961 -185 -391 673 646 223 -1164 878 1632 -233 -1339 -1662 -51 846 -129 451 78 288 795 -872 -616 1602 -457 -686 179 414 -664 708 -1329 148 148 -322 -286 -209 1541 -942 -1210 343 837 -1392 893 -1638 -1120 8 -161 227 -318 -111 -285 19 511 -612 -389 -736 -1512 -273 -504 916 -473 69 94 -1267 400 -239 14 -308 -707 -329 305 434 193 530 -514 -1185 341 351 418 716 -1100 910 264 776 91 -950 506 107 -334 -834 -11 -43 -93 -434 -620 -211 366 638 -201 -498 -169 707 1015 588 950 979 126 -1044 -601 -78 1397 396 188 -963 1144 -236 -1574 -1884 -1633 516 -815 519 -383 -252 -691 -255 1703 -599 272 597 -751 246 767 22 -33 -403 856 1113 37 1152 -190 460 -244 1131 -484 332 872 2687 1094 250 384 -3 -815 611 -25 249 395 190 -650 422 -740 247 -279 750 719 -807 678 -663 -117 693 982 -111 737 759 1037 131 -158 249 -1174 1013 840 257 -519 766 -12 -46 73 -405 -614 -553 -403 307 685 -517 -450 798 -963 -369 -1104 323 9 1334 -1096 -474 861 35 -476 766 437 148 1008 499 -554 -109 1151 629 1622 -7 1108 -759 701 222 -594 540 -153 -437 -1291 335 -36 -630 -972 2033 663 635 829 319 5 1147 -326 -1013 -585 283 -571 699 1053 783 512 496 -41 1518 116 -340 378 -1169 584 -876 912 -974 69 -1609 1109 -664 -417 -219 83 236 205 1026 -189 552 -315 1832 472 550 110 525 -838 732 217 -727 1089 108 237 1979 -751 -291 -274 52 -295 -799 650 677 -535 484 -324 220 559 -647 -30 -1352 -614 -406 1623 -880 -822 -944
1127 -748 24 -786 -70 410 -239 -581 124 -184 -207 -360 1285 -660 33 861 489 640 362 353 -1195 1008 -257 312 1494 552 -352 80 -488 -34 173 -1909 -1490 1480 -509 669 -580 -1085 974 -101 -515 1346 -1381 -386 532 -434 895 -669 -1595 -1889 -1450 -727 -62 788 405 -372 -729 196 -238 -160 -74 2117 1757 -235 -305 850 -2258 -1129 -1644 1139 755 304 769 -593 -513 -625 -1558 -335 -1202 -157 -465 -402 -393 -243 1101 -93 592 84 1110 -1174 -1705 -462 -978 356 -494 -64 917 -1085 -179 853 -494 -15 -1720 150 482 528 -212 -696 251 -517 857 406 -373 1397 229 -997 799 418 605 -639 -1157 -580 -1297 -1077 54 -613 -182 306 104 -163 -1304 493 354 887 248 1397 189 -1934 479 -775 333 1311 503 -56 -276 -280 -615 664 -192 933 -985 21 768 919 -1646 -156 -1179 -1503 -669 384 -191 191 178 -507 1213 1200 1483 451 4 962 347 28 538 444 -889 498 -83 -164 28 -460 847 -12 441 551 -345 -975 -51 -538 -6 -387 925 -276 -156 -366 223 -1997 -1351 -1063 840 95 -395 -62 416 -141 -638 -240 -541 -27 -311 570 543 1220 -404 -1113 1196 260 152 576 -128 822 233 -191 -108 389 50 -848 392 927 1162 184 -1089 -973 642 30 1357 -1192 -628 1544 864 -202 -426 799 -542 -2290 -812 -581 -341 543 -268 -1108 95 639 -157 -774 637 -568 1253 417 244 -1188 -630 1003 -38 -683 46 1077 -74 29 -188 -192 692 1187 121 -681 -540 -79 498 -814 82 -657 175 -734 -509 47 -1513 -446 321 -65 445 -927 1359 71 1351 176 -322 -39 1810 1171 -1037 -505 351 61 784 824 198 -196 646 -529 227 -407 285 -1161 -59 -351 -1477 522 811 -15 -139 -572 138 442 -842 -57 -561 -290 528 307 156 -57 -220 -89 -2322 -597 436 1080 143 1027 646 629 -759 223 -834 28 451 368 674 -1519 354 -590 1071 707 -1076 -295 598 -2087 1371 -133 1420 -669 -967 436 -29 269 405 408 -544 -914 -576 -693 -7 -436 431 781 997 565 -699 -541 -688 313 659 1783 583 1224 -1000 343 -72 1284 214 899 529 -936 108 -1420 347 -1594 239 -672 740 -1150
-187 -682 1713 135 38 -258 58 -660 -852 73 -670 -27 -200 240 507 18 -143 -862 -742 -982 -652 126 -936 792 -935 -356 271 -438 -1333 -60 -726 77 -831 -660 -43 610 -1854 -365 572 1976 -135 115 662 1446 -51 459 973 240 456 1582 812 1619 85 -989 1492 618 116 -702 -67 45 879 971 517 1341 -288 -90 494 -406 1141 338 -459 -1023 1036 855 -1306 142 -133 -506 1155 -1115 291 1426 -627 -189 368 -798 922 527 249 227 1149 1053 167 2334 -118 -1274 -804 1236 1175 -719 -637 -559 390 95 32 -565 1541 -144 508 634 -1617 -16 177 721 -586 208 -1736 -318 -1549 -174 522 -614 1405 -844 -663 -4 81 -48 -450 -501 -134 319 334 -371 -542 -17 784 -813 1583 -36 -386 -794 454 -217 1295 -303 626 373 86 20 -570 6 -479 403 144 -80 -1005 -808 -995 -291 -494 -651 -1238 -568 269 104 -1553 451 743 496 -1100 -1033 -53 1438 -1308 -1180 -53 -752 -409 134 -453 751 138 -1159 -104 1750 -491 -214 2001 674 -772 343 197 -639 582 249 -475 -812 645 -502 -151 -821 451 -222 818 665 -406 -593 -296 -11 -711 611 157 168 -571 -813 -89 594 -1438 -962 405 -15 -556 -50 -682 1078 -409 -1005 400 -1004 -764 1425 1662 -923 169 953 -108 -1414 -624 -834 -1304 -1099 443 778 -674 -260 1462 -283 -1203 -1354 1101 -919 599 -594 -376 -358 492 966 1182 1280 -769 854 -523 579 -602 -219 2320 998 1008 -579 -1311 -1184 608 735 -989 -1139 503 402 301 480 288 93 -83 -437 1074 -970 -258 -94 322 -4 1592 116 -360 -172 -490 1308 108 493 -909 -47 -824 250 -681 122 -434 131 -629 1251 1811 -709 499 44 -146 -135 2013 138 772 -128 -1582 508 792 -939 -601 -6 -57 -236 512 -665 -916 -408 811 -165 -744 358 -574 278 -564 -588 1203 230 93 1288 196 -1009 -376 -1515 -58 -1279 -1045 1296 -49 421 -545 -1903 -1753 -262 1281 -238 -861 -62 -837 -328 -547 365 -413 915 321 1489 377 -142 -564 -63 -991 -555 276 616 -105 211 -456 -795 -122 -528 -343 903 -59 552 -305 -567 826 -565 1059 -523 -1172 -108 308 631 262 447 -390 655
-1067 892 1519 107 273 1099 236 17 -174 -1103 -473 900 398 -826 55 74 1412 -612 -223 -283 -735 856 334 117 -845 -287 -154 322 57 -497 -294 -17 321 285 -234 347 402 1308 -1222 338 -1141 -275 -162 -898 -1642 474 717 42 -1154 144 432 1062 635 -962 -440 498 620 -1391 -750 441 -238 -1013 243 1003 955 -343 -1660 307 1660 -301 334 319 -562 -239 -599 605 350 466 538 -141 138 18 -374 998 1108 1001 455 728 211 45 299 -391 492 1064 708 263 498 1038 -157 -491 721 -514 86 -441 478 -1045 -168 -1838 -799 -2099 -73 1393 191 937 2020 552 -1067 -1278 -655 -857 496 1393 346 9 -159 743 -342 -720 57 355 -435 352 858 333 -75 600 -27 -371 -672 -146 -268 -65 210 1956 648 508 873 204 770 891 716 -803 -468 -945 -382 -529 -159 -618 1241 1150 -644 179 703 449 -613 -456 -136 -520 523 -179 573 -800 1847 -446 -590 557 -1287 -92 54 759 -1042 -1058 439 -1131 388 -169 -83 -292 1557 173 757 239 -240 782 84 -347 123 -318 601 -288 56 -656 -824 862 -187 27 1435 509 661 598 330 279 1120 570 876 -856 891 -1389 -792 -598 1641 -1161 1298 420 865 209 -254 -405 -213 1072 357 -1436 -1364 138 -335 -1334 -724 -883 -541 -1673 -185 703 -23 -596 537 238 1483 -624 713 78 -159 -335 698 198 152 -352 -807 -282 -1507 61 -1 87 754 165 -198 -150 477 -203 -8 -528 135 -207 -539 -188 579 56 211 489 485 -263 -796 -21 460 -136 -41 398 -565 974 -807 -641 -279 46 217 2407 -653 -355 -643 -168 1707 -422 161 1057 286 708 140 -314 33 -636 1079 287 679 951 -1282 -323 79 403 1279 255 887 840 62 622 74 312 322 -100 127 -1641 -846 -788 -1015 -632 -485 229 -1962 -879 951 6 465 -306 596 -430 208 -2140 -26 1199 -124 -441 -223 870 501 418 53 855 -943 -400 -608 141 201 731 -586 -753 215 -151 -97 569 -149 -399 607 128 -472 15 364 -242 1418 50 -690 -694 397 995 174 -389 -499 217 426 1096 50 -1220 951 -134 -70 435 -326 -110 -164 399 -485 -370 -163 684
-12 -35 812 -57 -253 -491 -453 695 1610 48 1134 -10 -730 505 540 -716 -307 -832 703 -191 -758 -121 -372 -107 -336 548 257 255 331 596 51 1318 1383 767 660 -568 -636 -290 45 -111 -682 -971 -969 614 1497 -467 388 -1032 -186 348 109 866 -286 -17 338 542 -56 -1177 -975 -239 635 895 -246 -1365 594 755 -211 218 -855 1000 767 467 330 745 345 299 -1552 23 -389 -472 800 1156 1138 772 -854 -1419 -1378 -489 455 -121 -244 -499 -1002 1156 -674 806 -96 -790 -624 420 1461 714 347 -651 911 -28 1168 164 -477 -1185 1816 -1482 169 -150 -143 1004 185 2406 799 116 -818 463 -1056 -595 -1589 57 1727 -363 863 395 580 200 58 515 1316 -330 -28 -128 -118 -59 1024 51 -402 -535 60 -438 37 1677 -1298 265 1369 -100 -725 -1022 -80 673 -1121 -400 -514 -355 -379 -341 124 398 716 -300 -668 1290 -11 -569 32 -252 698 348 198 -236 133 990 -324 1996 -728 242 1586 -716 169 -940 662 770 463 1020 -19 318 -292 675 144 128 370 -2001 -711 551 754 -5 531 -543 -1778 -856 -37 -86 230 216 1391 406 -639 -209 -223 498 -688 88 -424 -189 508 575 47 520 286 210 -414 -985 1319 -803 -140 -549 356 609 1639 -525 235 -130 -1250 -634 -47 -1371 -1279 1448 -675 -167 285 -49 -662 97 162 -11 858 550 -374 -129 641 -88 -202 240 -546 69 -374 839 -131 -940 211 641 1467 -486 1624 -134 588 -1347 -1678 1191 -466 1078 -1370 1103 533 259 -902 -444 -205 116 -929 -1084 1304 1791 -210 1129 174 627 -664 -72 174 -537 1238 568 618 1655 -1034 588 -266 1238 164 1644 98 513 -596 1829 643 -425 1331 78 -26 811 -336 524 508 645 -904 -142 -232 -225 -110 -463 -233 -722 174 452 211 -1380 -492 -40 -70 97 1909 605 973 984 -696 1295 -149 -700 247 -72 525 1096 -75 112 -753 766 -53 -117 456 529 -377 -310 551 35 -534 -980 1841 603 -1000 36 -749 114 -586 157 -367 -491 629 -508 635 1015 -235 1017 10 -385 -937 1985 340 1145 39 -550 59 -1512 242 833 1647 181 -171 -531 -507 -920 -321 -909
462 550 147 221 666 760 387 -362 473 -339 -90 329 294 1944 -94 -1237 -153 -449 -378 -59 516 71 12 -810 192 -756 -1333 406 -806 -345 38 -30 189 -812 -315 102 110 -248 1113 1026 144 1232 -990 177 -599 1224 1219 -1014 -98 18 568 -103 448 350 726 -825 -450 -297 -33 -244 -264 -298 -254 -1008 243 559 722 -972 64 526 897 347 -709 -2175 -33 -593 723 743 -510 1149 -555 562 674 -614 727 -127 1468 122 1332 -49 -207 1464 -574 1592 -198 861 -208 35 1595 917 -998 337 678 -349 331 903 -1018 -140 554 -107 697 854 10 817 299 68 339 -648 659 911 -495 286 179 -195 -1497 598 -567 -156 -818 684 -561 -127 550 1547 -716 702 -77 185 -329 48 815 -1003 408 786 566 -304 -352 44 2253 565 145 -797 -1003 1084 -275 -15 -39 801 1345 -144 317 -677 -372 -1212 745 1240 843 -195 1021 243 -1761 -150 -475 -1553 -19 9 472 147 -556 -4 565 -854 -224 374 -614 1301 -57 -892 58 -689 -408 -1655 134 -1011 -1266 -265 258 -1812 750 -72 -612 -474 141 85 17 -585 1051 352 -1372 982 -517 682 -548 -315 -182 -654 -9 786 -1651 -909 -66 -868 441 131 418 1146 -286 -1247 879 787 -220 1173 149 296 871 684 -239 777 656 578 1165 -2067 -891 552 -1255 263 106 506 -353 -424 312 726 519 791 263 -2595 -627 -714 -455 -368 -141 183 -1338 424 961 -511 -163 865 1093 984 101 -283 474 1282 -677 637 172 1397 870 -555 -517 -608 53 -481 -402 -668 198 -218 -765 -619 17 567 599 775 -713 -573 2030 -1409 -169 539 54 -73 -408 -271 -1613 569 -202 -78 -449 -229 117 -512 391 164 615 1240 -248 -335 -301 -178 615 -315 -1123 -24 519 210 -404 567 -1307 -740 757 746 1007 -628 -12 35 -38 -119 -181 -555 -606 153 -55 256 -121 1104 224 -386 -327 370 609 -630 509 536 -557 -593 -778 -88 -729 -730 798 -41 -335 570 -308 390 -1002 400 -1899 144 164 807 200 1012 -42 -748 544 11 -156 -1417 -245 -729 168 1414 704 -453 203 1447 75 305 404 -285 -80 -332 730 -545 450 -94 -830 522
-1037 812 760 -1062 -112 213 -730 -533 -693 502 -268 -26 -537 966 61 -858 203 2190 -97 -660 905 1278 464 -235 -193 1351 1862 -215 -102 -883 891 829 173 776 408 511 -45 -157 412 -969 408 357 -533 79 -515 -635 -186 7 -132 -721 3 -306 -282 701 -132 503 -563 -87 -130 567 826 247 -586 -756 -524 463 132 -191 835 584 177 388 -131 -352 700 -817 -836 1548 604 574 -1809 -818 -590 2216 770 -382 330 -58 -555 317 1183 -1531 263 -493 607 -370 1186 -41 -600 -1297 1534 -213 440 47 -2322 -152 -918 776 1160 -500 -992 -72 -1169 299 -281 -263 -57 154 -612 -77 466 557 -524 1404 1417 640 1395 -969 800 -445 322 744 1253 -1830 1009 260 -98 594 1157 -815 -372 1150 -280 -403 -16 -237 897 -1234 -211 557 -738 -663 832 -560 341 294 492 -227 -349 -760 -609 1274 1120 -139 734 -371 1185 37 -110 -55 860 807 740 -31 -117 -504 -325 671 151 20 719 916 -760 371 1205 379 131 754 -557 -312 -1210 1032 -727 1103 282 262 -850 976 419 609 -122 1129 933 -272 -808 -180 -173 101 -1442 953 900 463 732 669 256 -1 -937 -494 239 -1207 560 364 296 -923 -227 1031 -623 -383 -387 -3 1101 -393 -64 -287 1003 -667 678 -330 -507 550 -181 -384 -305 -1314 -1128 -93 -170 778 628 -452 -434 -790 1012 -380 774 -329 659 39 -274 -1220 -663 154 469 -239 -269 635 641 -452 -178 275 9 1624 -595 393 -276 -614 200 -305 241 799 -632 292 -1507 -729 -428 480 397 532 -1086 -830 558 734 -127 -712 -1049 1099 863 -910 -645 9 -482 -744 615 394 377 -48 -240 844 986 69 354 -830 853 340 -462 436 469 -366 1589 17 1036 407 401 108 -553 -28 -1213 -664 1107 347 1066 583 -438 -1040 -837 -290 -550 358 -352 -212 -179 655 887 441 795 817 1059 1020 -350 278 440 838 1133 983 -310 121 1446 -730 217 -321 -857 626 -212 452 59 -427 38 246 532 86 39 -1721 81 -600 953 113 230 458 -605 -215 212 -464 868 -558 57 -393 -1951 223 1058 -281 57 335 1178 -1168 1023 1247 -783 -825 335 -1102
60 189 -352 88 5 800 26 -253 -120 -1601 -214 -635 132 -34 -921 322 -333 -688 418 862 295 -1289 188 856 -891 497 88 484 201 -628 332 -217 375 930 -685 10 736 -466 -247 -472 -219 693 -345 -468 86 -474 -9 670 240 -585 -784 -182 973 -31 880 -518 1285 -844 -49 1203 978 -1067 -420 729 -1197 -830 1359 -88 378 1127 559 -22 79 6 -521 -312 -275 1123 -755 -744 -267 7 -205 511 -133 161 1299 382 1226 -50 -359 -202 -368 203 396 194 -450 -199 372 185 -82 -34 -332 -686 -442 283 -792 -723 -135 -688 -206 739 722 -189 473 -359 46 296 511 -724 -485 176 1704 3 -422 -465 15 -1641 501 -251 17 -603 363 284 -228 35 231 -527 1293 688 -426 -883 458 1088 -764 862 -1502 -1559 1251 167 -413 905 323 912 -404 -27 -476 -945 862 -1338 -304 -94 -1236 70 -725 812 935 708 466 618 -458 -22 886 -647 717 51 -317 -746 -1129 836 306 56 709 -71 -269 -129 -738 -843 436 601 515 -1166 -448 -2069 -8 486 577 -851 -169 -956 -60 208 -155 262 -579 281 1338 326 -214 -1086 260 -332 -171 187 -454 597 820 -381 -690 905 777 618 730 418 696 -133 189 137 -301 -105 69 1124 460 -320 -285 -1987 -1182 171 -318 -1170 -33 259 684 980 299 -346 321 -327 -1912 283 5 704 225 -479 472 -521 -816 611 -318 867 -93 663 92 -545 279 -65 2017 115 94 110 -642 -246 418 -287 -890 168 -241 208 666 172 -1124 527 -417 -742 -108 -317 -522 -522 -187 -354 -466 -513 -663 -786 35 690 -319 -318 767 552 141 888 -398 -347 -1282 470 180 143 -1059 -20 193 1015 136 -804 -707 319 1114 -194 128 -312 -444 -114 -681 -1214 395 -1488 -139 -197 716 -40 -602 -222 520 -82 148 -723 1430 856 709 712 1233 575 -381 -890 -1000 1043 754 -1300 -715 121 -418 1028 157 190 -355 -213 440 -839 -561 327 -321 21 864 2105 -21 -1103 -360 559 125 1044 83 -1081 -65 -512 556 580 -352 629 -585 -249 -7 -859 -510 577 -992 -351 -821 -61 502 1018 521 -790 -916 -909 244 -837 -1215 1405 36 319
-148 167 240 -217 -1131 1584 508 660 -187 883 278 -224 1092 294 -1074 -202 -348 32 61 77 709 -240 -525 416 242 192 277 -726 154 -174 1150 431 -1159 -205 588 1210 -690 75 -633 -603 -25 1236 203 -1204 -737 -1105 -285 -497 1400 267 -589 -566 -955 112 271 -395 73 1061 -100 -609 312 1321 1165 -1034 -311 -31 563 920 -1271 -1194 140 3 -878 1955 -424 618 45 -763 -526 220 104 553 -312 1168 -66 -333 -264 1345 101 440 -924 13 -7 -202 1020 -66 449 1112 369 757 -1228 330 1127 -586 1041 -39 -485 396 167 459 398 827 -58 -496 -44 -266 736 -144 -1021 2262 -1025 -154 744 833 1471 -534 24 571 872 4 -1092 -613 303 -777 45 347 451 2082 105 615 -542 940 401 -505 -172 -594 -982 -510 1159 801 60 -665 -604 1404 -437 638 150 86 -840 691 1569 -508 -108 -478 -1992 -1766 543 -485 839 -79 -510 967 -1428 645 103 323 -663 -613 574 631 786 456 -1649 240 -324 404 1091 -115 110 479 -102 240 87 -76 -191 -583 136 335 -653 -586 261 540 -345 245 -105 472 -507 -236 -335 -1316 330 -860 -537 324 -1231 705 -132 -941 824 917 -1268 -334 -691 369 -817 75 -503 -1076 -1200 -201 1010 1210 857 512 -285 -708 985 -103 -287 1295 -997 402 870 -290 1957 451 302 1056 -240 328 -508 1092 -1144 61 -212 -79 -1657 -803 1132 977 494 -233 987 -531 -268 -952 600 -87 -1138 -189 -942 -245 -80 458 -1176 -336 -362 -484 -220 -562 344 -1586 648 -733 1036 -92 -190 1208 -65 484 -1335 -71 -360 -1049 -1123 636 641 377 -1268 711 790 229 55 -347 -604 -156 877 496 -231 571 736 -886 4 1090 -379 1288 -649 -130 844 -653 718 693 -1435 -483 -16 570 729 -1045 906 -1700 369 194 889 501 33 -343 815 -158 -388 -1183 -435 -144 -969 -446 200 391 -1857 -287 -1675 199 478 1667 696 1005 -1512 -199 160 129 122 208 -124 -605 -146 -40 -1093 88 -467 670 973 438 -829 482 -425 -575 -1139 -890 -974 -154 881 226 -1223 175 338 230 483 -1033 2143 310 1366 -301 -402 928 23 507 647 404 -1599 1311 -1300 -885
-249 482 -412 101 1391 403 -546 0 14 -1094 364 -18 -93 -160 -379 -1008 -559 1066 -644 869 77 -116 1090 842 -787 1618 171 567 561 -114 -12 -1264 32 25 1086 -474 -1420 -171 -875 1095 406 -288 -1243 17 -1533 -955 -263 93 2576 -1491 -633 140 466 -658 -413 495 -363 820 134 1432 1027 -486 -246 -871 20 -62 390 -799 -21 577 708 611 436 -60 -329 1287 -633 -838 933 -312 -158 -247 433 487 447 -280 6 -2011 718 -370 588 200 -666 1179 -1559 -393 604 -543 -41 -992 -1092 -57 -691 -71 688 560 -1024 861 185 -870 -22 1409 178 853 238 218 66 1133 289 474 -58 581 23 -273 -118 516 639 -880 655 -1292 147 -231 660 367 703 221 -993 658 277 -322 393 -1119 -977 -785 -1469 -146 801 1878 -1335 -727 60 163 -562 882 -758 -297 -704 77 969 -453 209 -1132 -370 -172 154 813 -100 -1075 640 1130 415 483 -333 812 1265 675 -490 -639 -605 478 -21 -934 703 74 930 208 302 411 -261 -931 -114 263 1056 819 723 298 -1160 -868 -217 1522 195 250 437 -379 -566 54 19 -458 662 -94 1462 45 -1418 950 928 -360 181 -709 40 524 -57 64 863 -825 -1276 -203 432 -927 -127 74 -987 -139 856 -404 1164 -28 313 -322 566 -366 -535 -1606 -651 327 -483 1445 -300 232 218 596 -1274 -201 -102 25 -1298 -781 -171 -946 -1468 103 3 -485 102 679 -18 -1291 732 1252 -1588 484 310 -1404 613 314 -41 -103 371 306 9 1013 1589 -756 -263 -505 62 -788 12 981 1125 832 1035 107 -240 -107 -12 447 591 -771 -410 318 1311 417 -75 1190 402 -170 335 -1053 566 200 39 -2274 462 -729 580 -172 -1055 -953 200 356 -285 -461 628 693 -426 55 -158 -794 208 -1026 1163 731 -488 -363 207 34 -777 -909 1917 -37 667 770 338 -133 -910 -386 691 -301 -458 -257 -1364 380 151 354 -234 307 477 280 433 287 820 780 37 -220 706 725 532 -31 -121 -682 283 -955 333 671 1043 -225 240 249 -741 27 301 -675 -213 -218 -950 479 -104 521 -99 178 -1062 -441 1224 405 385 -291 -486 316 1587 337
-921 1693 799 -1375 1683 -606 1008 -358 -198 -336 -543 -129 -960 -1106 -716 422 -73 269 197 -999 458 -97 1180 170 859 -464 307 -763 205 -278 803 1134 1209 -928 -36 -1144 1087 -676 -742 -585 96 684 -1366 230 126 -71 -474 -538 -618 -325 -98 -864 375 -716 1505 743 198 600 679 474 -700 368 -375 132 -248 376 -493 250 600 347 325 394 75 -1648 99 288 -273 -141 -1338 -1334 562 -579 12 1077 -91 -1232 -584 40 -1391 -1048 -915 -414 62 179 164 -831 179 -102 283 -501 -1207 304 -314 746 -294 376 1078 -474 -931 -435 383 -485 -143 566 -909 157 -727 -1470 -29 -230 -167 35 179 -861 -78 -534 -629 265 -205 132 1867 -1129 708 894 -88 -572 575 -1094 771 -62 -200 1162 -504 -6 -690 558 989 -558 -1232 -946 1058 634 307 -621 121 75 1196 962 498 -782 -41 570 -317 -331 -264 1000 271 -129 -699 -669 479 1014 -2064 24 -21 1614 -1307 -198 -713 -688 -473 -21 99 405 -710 305 183 -73 -828 395 -275 -1684 207 158 1236 -696 -25 1080 768 304 303 -838 1109 606 -79 471 308 139 19 -405 2 429 -76 -516 -175 198 -128 -337 156 211 1100 -225 -1277 115 -198 117 -654 573 -35 -273 1383 591 -552 -1230 -26 409 386 828 194 -1127 805 -115 -230 -984 -1566 -1347 -619 -990 1574 -1204 -559 441 -112 -325 1181 948 -719 819 527 -103 -44 1092 -276 441 1156 321 -23 210 577 203 440 864 676 396 -347 -661 608 1942 -948 -65 -667 298 -671 -284 -1012 729 -146 -407 -388 -553 -1019 -935 340 -1197 712 121 312 -317 368 -210 780 -576 -1649 -514 95 1459 221 4 -203 1211 -1135 1253 412 -435 -362 105 -1408 1258 1801 -891 928 329 50 384 -286 186 46 136 -443 -626 -391 -1122 842 310 1322 437 787 -997 -509 -278 432 704 607 1071 959 -910 -120 -638 -194 1528 -363 -209 507 -1311 594 -319 703 -1451 61 344 266 421 55 595 -1078 -585 -609 294 -25 53 314 89 -582 15 -1272 421 -836 832 -545 -805 385 211 -99 -1715 -63 -248 509 -19 -1619 1422 2148 -277 408 450 653 -1371 -386 548 -115 1140
524 -478 -213 607 -434 894 46 932 1186 1212 1077 -880 97 344 -793 -670 -389 574 385 -414 -82 -560 225 1385 -1015 44 743 -759 396 -1543 -142 651 853 -150 56 395 71 -414 548 -1436 -1419 834 -1053 1175 1757 880 -1109 225 -1055 807 -346 1114 90 373 -53 370 -292 -1022 405 -294 -444 1019 1659 -867 -152 -1155 -1259 -7 971 -986 531 -758 -936 759 148 -1040 -1507 360 -202 1502 1410 360 309 -399 985 763 -1029 994 842 -36 -542 271 -785 -302 1265 701 -149 573 -249 786 -530 902 157 -74 307 -1465 -549 2031 -573 172 1293 -717 857 -847 -290 -1001 -191 782 1672 18 -597 -1257 -76 -486 258 250 -214 522 379 11 734 -317 340 606 -457 -159 -1417 -280 -2162 -141 234 -272 769 -26 1303 -657 -1297 -517 307 681 -755 101 369 503 1761 132 -152 754 285 677 -386 513 -1023 451 316 509 186 -1036 344 -339 387 -282 554 -49 878 -440 -532 -406 -115 707 -174 342 -354 1302 -1301 -105 -395 -708 -187 -54 -589 479 -62 -157 -1225 484 -302 300 -69 -383 1226 21 452 1107 39 -240 -9 447 -872 -197 924 177 77 -53 -1698 -778 -773 529 283 1688 -1410 -284 659 972 913 -86 550 138 963 -687 2347 -582 -255 726 1041 -1121 333 1382 -1520 974 1664 -1163 576 -356 -1095 -224 -1744 577 -43 -226 239 502 -6 -462 638 98 -1643 1535 421 1206 487 -757 314 -478 882 -762 -480 508 -1045 471 -90 68 -1625 678 189 -58 889 877 390 -966 -288 640 -676 357 -1155 101 71 -183 -738 -441 602 -1497 -1256 -856 -266 -943 -392 1054 497 -1210 1187 -485 1431 1343 -466 1071 -760 576 -558 821 -487 124 -1614 323 -393 344 242 1001 695 324 -48 -403 107 533 -222 -810 330 217 1731 371 1691 488 -54 700 -565 -1236 445 327 -260 -808 -76 -1578 204 916 1042 -925 -310 511 106 -217 21 -105 -2296 732 104 1423 853 786 1458 -35 -980 -1215 -1356 3 -32 666 -1166 -1232 -1348 1245 464 249 993 -768 -565 -411 871 1181 238 -362 450 -83 1433 -705 -1057 785 58 1065 269 -693 572 453 -276 -1347 -1424 1319 695 -772 954 -950
68 -311 -421 -504 212 -8 256 203 -981 -1083 -354 313 -383 385 -988 -283 -477 -855 -424 -226 -416 358 -869 -763 489 -1708 -263 -1269 300 380 19 -435 -563 805 272 -1113 -561 -367 -729 110 69 -142 1280 -3 261 -385 -266 148 -221 1116 970 -521 -272 183 1411 863 794 1012 -1817 465 869 -373 461 1240 1692 55 -679 -941 121 300 299 -1288 311 982 820 885 -380 821 514 -129 314 744 36 446 82 -841 357 -136 88 -535 -334 280 438 -369 -129 -194 62 -153 -957 592 6 1293 -880 -607 335 -835 111 888 734 530 -408 -170 -255 -468 -235 -1402 -980 357 -214 -332 1594 332 144 -315 306 684 -845 362 -264 326 -86 -1280 -1665 -259 439 -847 180 -177 10 -238 -597 -220 619 570 -590 -236 -390 -306 -118 -955 190 -42 -604 -478 288 -368 -1376 -1158 -351 -810 140 914 725 -213 109 -455 514 -775 251 -1421 -224 380 642 -162 -1292 -59 880 -385 -1293 -1061 209 131 1390 515 340 210 1571 532 941 1047 1080 2119 69 1056 -543 618 26 247 67 103 -966 -623 -244 -798 -79 -1235 238 1005 765 1259 -175 957 -1514 -811 -1116 608 -569 57 280 -416 65 -131 160 651 1068 -1474 -245 1079 -976 561 -853 1707 198 333 -12 120 -465 -177 451 291 -522 288 -9 -474 778 -204 -1900 -162 879 608 -1042 -91 -535 16 -146 337 -563 466 -52 281 625 191 -525 671 -339 816 1483 981 151 766 -1341 -928 -520 455 -1214 917 427 -277 41 -698 1457 105 1245 924 567 -182 536 -291 910 360 -458 -352 598 477 -1193 -558 -528 -775 24 493 265 -15 -1089 1006 -317 -791 -631 810 844 522 -835 108 340 -83 47 -1139 1076 721 -123 -291 154 -440 -340 -1084 -285 1254 2025 -1156 -819 -403 -2041 1154 302 165 -456 -259 1067 -27 792 -345 613 -1356 287 1675 695 304 673 -1205 985 721 932 14 -591 -343 768 802 -111 389 -386 218 -359 -728 -469 724 -1341 -857 996 -133 427 -893 -1373 249 -1449 -336 -257 -139 155 237 -11 87 137 1298 -856 990 228 86 1014 -233 -590 -772 -312 982 -72 -182 774 -1352 1407 566 310 544
837 -891 592 -569 -117 -134 -664 764 922 -1219 1431 -383 -493 1702 -767 267 1400 452 859 -530 1239 -1165 723 367 344 -121 117 1663 -1146 -39 -242 -487 -404 879 -1010 -976 152 -1767 -1485 159 1573 -134 -737 602 -1126 -793 -10 848 177 -669 -1731 -408 -725 4 583 723 382 -739 -40 394 506 -531 64 212 1601 1258 -511 -38 590 219 167 841 -1072 330 -1067 -1175 16 881 -614 -1032 -549 -134 498 -700 1673 -1065 -485 -1250 876 -1279 213 245 0 209 -143 1039 -1260 34 347 300 -930 61 157 408 -396 -231 -219 873 -1138 393 -1196 -493 -575 741 -669 172 -677 -647 967 186 -1566 -385 871 -1498 -283 -326 -394 213 -281 -1031 -219 347 -642 -614 -64 560 653 1053 307 -14 -1857 356 141 -669 154 163 580 -759 636 -647 -351 371 273 -412 -19 -74 268 -773 -1795 -1354 605 317 -744 235 -1237 1229 189 -495 -61 512 707 455 -380 1602 136 470 775 -543 -305 939 -2378 353 22 -1080 -366 -1340 -277 -406 689 751 -708 892 -731 513 -433 -768 -426 1816 -536 -482 -958 -326 396 411 122 -159 -41 371 -230 -1649 378 391 -273 742 -777 627 -767 -1114 -668 255 291 1131 518 -1397 -989 -503 -94 242 -23 -727 943 -305 -471 340 252 10 -699 1326 -947 -944 1217 -143 -219 61 337 -137 -1142 -250 562 -992 -202 -854 -906 -254 1026 -752 2 211 -608 -346 -976 664 -1431 -1145 -186 97 928 496 -374 -16 8 -420 -711 -711 811 154 -603 304 -889 130 76 -87 855 1164 -643 887 1437 289 -306 -1385 -1085 627 -27 -1240 -1170 57 -20 701 563 170 -156 930 -704 41 -645 1284 104 433 652 -119 -2121 -822 71 644 195 -85 -553 -981 -428 -193 -351 793 -652 -569 103 700 1097 -735 -756 296 -1207 307 347 805 -694 581 -269 31 -288 -665 482 644 261 1277 258 -1273 -996 158 163 -241 591 -353 1268 330 252 -928 1632 870 -827 169 495 619 1336 193 -476 -600 -38 273 -1132 1231 -520 424 -1155 299 -1469 -236 -894 1267 -290 39 -972 -287 -72 -223 -663 -1174 316 -800 837 337 -1168 -445 -643 1243 -351 -885 -643 -1080 169 275
-454 -181 655 90 439 969 996 -454 200 211 1170 -706 1671 291 -476 545 387 1 -14 -51 656 -514 -276 619 -260 -311 -508 -672 726 15 -1517 504 344 -140 395 -471 -107 202 679 590 878 -1021 53 -1272 -127 -510 -705 369 -1171 511 542 134 -183 380 -1187 250 155 420 -826 -524 -1408 282 694 -1043 -1454 624 -1145 321 61 114 -73 147 -182 36 -181 167 186 -1395 -864 422 971 -247 235 1456 -721 210 743 969 -17 595 -502 -328 1107 -608 -327 963 392 -1627 -17 -894 -550 -218 1437 -1384 -562 387 -925 174 -140 457 2332 -463 -180 328 -1500 -1066 -248 -1244 1020 249 893 89 -2068 -520 1131 -54 -112 -80 -2039 9 927 -219 214 580 403 -135 6 555 -93 -445 134 209 1050 206 919 32 1864 592 -14 602 853 -804 55 -258 -316 1622 713 -154 918 250 -414 -389 539 7 -496 -38 688 164 131 979 -173 628 -315 -181 137 249 612 45 443 605 -835 646 320 679 51 -272 104 -378 -492 -794 -274 -668 703 -241 -851 -11 -1197 -922 1251 -854 131 -1284 1014 -838 -459 427 -734 -147 644 -432 -194 -1025 -220 70 -1227 -725 393 637 -721 225 70 -1306 -1143 -849 -922 158 592 837 331 -326 1295 274 461 293 -609 225 -1466 -904 -1082 572 -347 83 -733 -192 475 -666 910 472 -1694 101 1309 11 1130 -413 266 -525 1233 -708 851 432 185 -1220 -775 1107 697 -527 -1234 -292 663 -240 98 1071 -754 -1397 547 29 864 -635 -732 66 622 887 -394 -384 -349 1387 -536 173 -610 220 298 589 508 222 676 314 249 191 -516 -1292 1478 140 -985 -534 -766 843 383 -133 -224 371 420 566 -57 14 -781 -578 755 21 1106 -421 -137 29 476 322 -550 -578 -595 582 -144 -138 779 -566 -261 877 -447 1406 -312 68 185 725 -772 456 -1115 -519 641 -478 -1114 -88 68 315 -407 -42 -451 -5 -41 974 279 -431 775 478 959 -549 400 -1197 752 880 -1336 279 -1052 -556 -487 578 183 -641 -546 345 -713 -1442 972 540 181 152 983 -794 -617 -376 -536 523 277 24 251 -752 -471 -182 427 504 -1024 -279 -530 1576
-613 -420 -644 -716 -591 125 -441 700 -844 -1054 114 -406 -614 -836 -828 433 35 -206 821 1083 -1436 259 -1102 -72 66 -227 -283 667 685 -103 -631 414 -203 1562 -773 880 183 517 204 576 438 -694 -1297 -543 1445 647 -486 31 857 -455 1038 223 -381 -264 1676 -492 -346 1426 -865 485 102 -802 -98 1053 455 -170 -71 -483 -95 -1454 779 -271 528 -748 575 -242 -513 -964 724 304 -352 491 -848 -870 808 856 -465 1351 -332 1020 -123 -1637 220 301 -1077 -423 985 898 -948 -8 -897 1049 372 568 -327 -1049 495 -871 -1046 -1304 956 173 76 1149 -1023 23 -103 701 -1337 -72 41 904 401 -1261 1500 285 -341 270 -461 -361 -326 87 562 365 886 909 -325 -838 -116 -1 943 408 -1354 167 453 930 28 120 -323 623 -292 -364 82 -8 -699 -248 37 -729 673 623 913 -937 95 -1106 615 -143 494 1790 -718 -404 -794 1593 -147 287 -678 1676 -68 -822 328 173 -800 -394 -520 -1278 -983 1504 -1665 -1140 899 110 -789 440 30 -80 9 -1183 247 293 -575 434 1473 -394 352 681 -1475 -786 -140 332 430 467 237 1093 -1262 -46 1919 263 1212 -55 -67 480 1053 173 774 622 1192 540 150 233 -555 533 -647 710 -828 -925 -232 -587 1183 -129 564 1010 749 194 -677 -1103 -1351 -643 -206 -1879 -1292 -263 557 -1475 392 953 -1364 1235 -789 -1505 295 1251 -1318 -773 835 -541 1286 -475 -566 -284 715 573 -252 457 -798 -784 722 680 1449 -888 -413 -547 1091 610 -498 956 -180 -36 636 785 333 242 350 -125 748 -784 1307 -682 537 1089 -595 -686 798 -469 935 -157 -918 1778 266 133 -1664 164 -1256 983 -1144 298 -2049 114 544 1271 -348 -1256 -1104 69 -275 1082 529 -998 -543 1270 109 -399 649 -673 -489 -1244 -118 -521 579 -849 174 1563 1285 -1749 -1247 200 -83 1573 96 386 -1233 -327 -1011 -799 -363 1337 369 -105 822 88 -494 1026 -120 -1092 84 -1143 935 1327 -1011 -142 -517 -1731 792 357 53 -744 -780 1064 996 249 -647 1233 762 -1257 1418 -932 -109 223 579 755 1279 1179 973 619 298 -228 -1271 -299 -976 -1853 214 -496
-64 -239 -1596 501 948 1655 563 -843 61 -839 548 1067 -399 -628 -806 -924 -475 -333 571 -507 -1163 -384 158 -384 -1148 328 -1104 -229 1362 389 -351 -373 158 610 -352 -669 172 -58 -337 -171 322 -1019 589 -197 789 -643 907 880 -22 983 -866 -849 114 1203 924 -458 -1483 0 -6 328 676 384 142 1859 -243 5 -1121 837 273 -887 -186 56 -1192 -79 1552 459 432 1416 87 -1285 270 621 827 377 83 -149 305 102 764 726 169 -870 256 -438 -169 1100 -15 -189 -1200 -189 467 1268 -2 -449 -206 -195 210 397 -827 -746 -294 -765 -158 -92 -627 -154 -1 -1791 423 -137 107 -1631 819 -481 143 -678 -667 306 -1064 -836 1332 -1031 -87 751 717 462 -315 -820 -266 -2064 -125 -847 361 459 -2 402 290 -186 -95 -270 -219 541 -194 661 1351 109 271 85 198 -611 -1165 -475 906 619 -932 -195 865 -94 1528 97 1630 -387 -20 951 -384 139 1465 -498 -48 -230 -851 301 1300 -777 49 50 -1056 -148 -309 -438 -1328 607 575 483 -440 -184 1118 435 780 134 -557 23 292 1054 -577 218 -160 -158 685 -419 -906 -323 -711 -838 -788 957 1689 -1320 -12 -229 -802 -542 -1017 -1482 782 -609 -744 339 609 -7 551 -240 -139 -92 540 884 -963 622 474 -641 -529 -486 733 1132 -955 -182 -800 573 558 1175 -152 902 -1414 -594 328 721 968 685 -235 450 587 733 866 -735 -993 489 448 -977 -74 1159 167 1480 -538 491 -546 -894 1419 641 317 723 -397 2777 -240 445 1004 983 444 73 -475 -745 -231 54 -73 -127 625 -813 -1148 337 1049 259 618 -886 -273 897 -113 192 -745 1136 -656 270 226 -1481 -819 -448 1054 137 -848 -985 -187 62 38 -1149 441 -4 -258 -18 -152 665 -474 -860 -507 -1348 -585 112 -538 594 955 77 357 285 -191 -218 633 -686 1068 -258 -427 270 -691 696 624 -695 67 -14 -1189 1843 -136 1376 164 1984 -290 -111 418 -1506 392 426 -490 -142 481 -739 -69 1130 153 317 -771 585 554 1304 687 1652 -124 821 13 998 81 759 -390 305 -953 -552 -682 409 538 451 488 13 -796 -760 77 -282
-895 179 -1698 70 212 -145 -831 -169 1298 -638 349 420 954 574 414 -106 564 69 40 174 -1023 872 797 400 553 197 -382 407 108 151 -358 -1076 880 381 1063 -474 -373 -501 157 -221 572 383 -518 1420 624 -1613 228 775 301 882 96 -1088 612 -85 309 -874 -116 -575 -1177 -451 933 -941 761 495 -236 -435 455 -825 878 -794 -417 -1403 -741 -377 134 469 925 1400 -96 381 -432 -239 1146 547 1032 -796 549 1086 -547 -405 -189 616 2290 -827 -472 150 -309 -914 -1541 673 174 -752 -209 -1381 -252 254 198 -128 880 -680 391 659 -318 125 -130 112 2222 -445 -109 768 144 -924 342 142 919 54 589 699 1875 -129 108 473 -471 453 -228 -1556 322 -1179 -954 -332 702 335 1988 -1154 -708 103 -48 1782 -307 588 138 -827 -1277 196 875 849 242 -753 1363 -120 264 373 1313 -416 -1277 51 163 -567 979 29 -72 1434 607 -25 -207 -874 279 1335 493 2228 473 -1453 -1367 30 789 -1979 -765 -223 -1098 -108 1275 -768 799 70 -587 1135 -104 -2943 -1520 1486 -198 -270 -484 -400 701 699 -1598 -168 -89 -736 -783 -443 -427 -424 -278 966 1257 -831 379 -5 -1009 1431 464 -188 -620 -521 -1206 -7 -717 -485 1590 339 -330 271 -836 -1062 -494 -291 225 -1076 -644 28 1525 186 1335 -1077 519 -184 579 336 1357 -125 707 1422 584 223 720 448 -743 -1702 1065 -226 1568 1782 -1042 -324 84 442 -755 -454 -565 -533 -35 193 -405 782 -192 -932 -849 340 -41 -99 892 -120 564 -460 450 -317 336 -510 -856 -1095 -816 703 -989 1137 -1398 1145 549 751 354 -47 -1976 -523 807 98 -883 165 631 555 461 -1384 760 771 429 61 870 -671 551 -316 -855 -988 740 123 -793 1021 610 1167 89 -326 1233 1188 -570 165 -188 -454 750 878 143 -147 1164 -352 -380 232 -1710 920 578 -720 -644 113 214 -376 -659 -942 -1326 833 245 -857 -773 640 74 -109 -13 -168 206 -405 1081 607 -474 23 260 691 -327 74 1004 -121 -321 -104 -576 -159 -92 799 1049 598 -727 500 -883 -32 785 1060 956 -878 555 816 764 -1685 1259 55 525 -136
-223 239 53 375 -114 591 227 113 -2747 -1471 1060 -244 91 -750 -1054 1067 -509 680 6 473 296 230 677 -492 796 -41 1181 360 -66 478 241 684 -385 -513 1155 -451 -1086 182 -426 463 319 -20 -224 1591 -656 485 -688 -139 -707 1010 -672 578 1380 -245 -151 642 -405 -397 247 -1681 123 -401 362 974 63 -1588 454 -398 1427 -972 -473 -1307 -1231 -266 -169 -1062 952 34 -284 926 -63 -140 478 -596 -88 47 -717 -331 -1432 831 -460 516 696 345 -231 -308 -443 -20 742 -392 -365 1484 660 -148 11 72 -695 972 -476 949 473 -242 -548 634 -861 1014 72 -682 248 5 70 -1596 222 -281 1251 337 -463 -720 353 -764 152 -249 -321 1126 -455 -36 -244 -853 1029 593 -584 -730 1234 925 1039 107 -829 -446 337 1287 136 1149 -265 -596 461 -517 -766 -1383 179 483 -285 777 505 719 -226 1125 -120 186 -181 -795 901 1055 -1499 1748 -923 -690 50 -957 -236 888 325 -1222 -1286 221 940 -290 -632 -957 -868 -56 1305 127 700 200 635 -159 338 -629 1795 -224 -1154 301 84 678 -328 65 -160 1112 656 1144 932 -562 -1682 -72 869 879 -859 -42 -363 193 -475 -176 455 -468 -792 -295 650 -267 279 -634 733 289 439 481 -521 -825 -202 -1339 5 61 -499 -735 798 171 -705 -1463 -1314 749 273 519 16 -553 -1373 11 658 -401 -354 850 347 -629 185 -41 82 -449 -6 1496 -67 -309 63 140 546 -90 493 192 273 1290 2189 -1239 -649 -91 327 551 -230 917 -853 -456 1292 -229 218 -1507 -845 -766 -419 -492 625 711 -282 225 212 -31 -357 -578 -688 -543 -400 1267 -16 -691 -168 -221 -100 -133 112 -563 -122 -739 -17 770 -294 -145 517 -162 -322 -301 1466 17 95 340 338 -28 -1265 -1168 467 -22 -1705 110 448 -60 -439 -822 956 238 354 295 4 902 -225 134 -623 -517 195 -149 -758 -120 575 687 612 904 714 1984 -109 779 475 258 -393 -728 839 636 -15 849 -445 -645 -945 270 74 -166 -715 905 -762 1159 138 -594 265 610 -866 610 -501 -512 613 946 659 283 -812 318 -252 145 -1621 -847 -492 -359
-534 -367 180 -493 236 -646 554 -943 98 114 -683 2078 755 -1055 998 335 -1329 -410 1356 130 164 637 291 -166 -505 -110 499 486 891 102 574 1054 1688 -702 363 -1213 829 -208 -1029 -952 1294 -1049 149 -730 -946 -137 -1060 -493 253 -394 -100 -398 1078 -505 -671 -663 -1439 -203 312 567 -1249 595 585 -323 -263 -976 211 -3 935 -507 792 292 457 1025 -686 -115 1657 -157 975 146 -462 280 -296 128 -317 -25 632 -413 -709 -1903 -888 329 16 -1362 -1317 1102 -1648 200 542 -1164 -33 163 354 1523 412 575 1542 -141 182 -121 292 -439 47 1101 457 463 0 -293 -1480 304 304 -473 -431 375 -258 -827 -727 -98 29 -448 -696 -376 379 374 456 -1008 -876 176 -915 -95 -401 160 -463 921 32 161 -536 -812 415 -120 108 -544 -39 -132 -935 790 347 -993 -232 -84 -411 1034 13 -1250 -1322 -1163 -417 112 1005 -477 903 -46 -575 -1259 75 -391 -8 -772 127 -135 363 1244 -1009 28 -45 326 -418 -1511 547 -871 -285 730 1105 59 1290 -2003 292 865 28 -777 -48 -30 -993 -414 323 -817 812 -837 253 636 -272 -158 -586 -669 26 -1439 671 -553 -446 -240 384 -159 1218 486 777 -905 -1512 -243 -366 136 210 -103 -20 -19 -1218 781 715 -1235 873 877 -1822 -1170 -881 -440 43 -545 -328 -139 251 -542 429 198 30 -202 -1584 1186 -299 1010 634 345 914 406 85 -1577 -262 1323 -162 -1157 543 -798 -307 -428 565 -718 652 -822 -310 318 380 950 424 -182 -1714 -2145 493 -1416 1440 2095 152 446 388 -749 -463 878 1068 984 -1072 1224 -861 379 460 -931 -785 -471 -754 29 -750 433 -174 507 -1232 -999 -175 -71 -58 464 -1287 -697 -2328 -350 -259 -552 -1242 1146 123 51 -105 -419 -1121 1058 135 -222 -20 -528 -182 -587 20 -1057 -1034 647 -1463 -276 892 -420 -140 -1025 -539 -1579 37 -271 -974 -517 -732 -608 -622 -51 -363 -312 -509 386 -1139 -527 -36 788 111 620 -308 -489 -178 206 503 -375 -91 465 -230 176 968 1210 -9 -349 -890 -1766 202 -100 1542 60 -381 -1517 -264 228 -415 70 201 680 -523 130 389 -174 530 -1015
-453 -720 -1959 1466 -151 71 -47 -825 902 -89 -580 474 1569 -5 1093 -37 -584 604 338 -2 536 -54 170 1310 319 -542 459 -174 -26 746 -826 119 -233 -1604 366 -401 -631 -138 98 25 -205 191 654 -1240 648 358 433 779 -194 -346 -85 1012 472 246 390 131 536 -363 1058 449 719 -510 186 132 -717 -477 4 -86 737 -473 34 -811 -315 1656 73 -453 470 -1106 36 146 916 -138 -1008 -209 377 1230 -622 -1187 -1066 -584 -74 1090 1056 -42 371 761 -1088 -331 -339 -275 -410 218 313 -1119 478 527 239 -75 -31 -85 390 1260 1203 260 515 -538 97 -1255 122 474 -518 -805 141 -617 -447 -564 -906 -635 727 -193 875 1234 -279 1055 -255 380 158 -880 1157 1218 198 -1036 1141 944 -1304 -633 1304 54 -311 -395 587 -672 -124 -652 -1889 -994 851 172 1610 -1260 -144 -201 658 -886 -96 605 123 -1397 366 -306 -1409 -764 492 -441 -182 -1186 -198 576 806 -118 -878 -807 70 584 -19 -146 -732 -936 -72 505 -1126 -303 -234 -142 1579 -149 797 -1089 -159 1360 -835 728 -1568 -157 1283 402 183 -62 199 -889 -967 -783 -753 -89 -748 301 -1051 -281 321 805 598 1000 -293 137 -765 -746 -313 689 -115 -1417 596 880 -340 -1015 -293 121 -607 367 1004 -850 1169 -373 217 730 1251 30 741 461 61 260 -54 -120 -540 525 1117 -209 1940 -930 -513 -1804 1088 844 7 -407 -1115 855 238 26 764 -604 -469 865 710 -1491 500 759 -719 713 1004 1828 931 -1139 -613 234 981 311 -1203 -511 -251 1234 -1159 1016 162 452 1360 406 1413 -268 470 -1441 889 172 175 -673 1067 -503 137 -729 -1245 -647 1410 -703 439 298 -326 -659 -698 -168 205 -93 -1357 -1578 1436 -1896 531 308 -683 -634 277 1145 800 704 -553 531 905 18 -299 67 -489 -1200 -988 1273 1968 780 251 387 -40 -485 -611 -106 1235 574 164 -1227 -764 1084 411 -332 551 153 421 -500 -144 -628 -501 613 -393 254 -628 -545 -266 -285 842 -360 1116 227 1056 1273 -1373 67 827 590 605 165 -35 -160 -596 899 -743 606 452 65 728 651 272 294 791 -650 -1565 -175
136 -627 580 1616 -465 -139 -750 -189 1082 12 -1092 -1401 -58 -364 -245 -260 -277 123 548 746 393 -724 213 -398 284 -234 -690 161 1089 -15 1368 -151 -1333 -521 149 -1251 -814 735 -594 -604 -907 -115 -104 -1189 -562 -180 94 2450 854 -684 -1172 -1239 626 93 -1352 404 1157 317 -335 196 120 -148 -517 -2406 -1008 -450 1315 -64 -1279 701 499 590 1724 -180 -273 30 -824 66 646 130 -622 -310 -1546 -167 -492 -617 1119 -180 -277 236 -1017 603 1506 -920 471 57 -1255 1257 600 -327 822 -329 945 -68 694 86 313 212 515 868 52 439 840 -599 225 -341 574 1319 -180 539 -1330 1107 -1096 -784 -58 88 11 266 1004 -331 427 -350 -418 -750 610 -752 235 -617 -419 887 546 584 658 -506 -1290 615 1002 1381 -893 -355 33 -1217 183 -206 -237 548 662 -799 -449 768 -343 380 -1090 -1175 495 -938 -1344 -554 10 113 -10 -647 1023 437 -1627 167 -1406 -250 -427 -352 -212 -1642 523 -110 -556 458 -1106 110 970 -3 -338 -4 -546 762 817 60 -141 -946 -1306 -266 1092 -675 1055 -1992 900 -1228 889 -917 131 -636 -683 -480 1555 842 -36 553 -388 1777 458 852 336 434 -345 1182 -1457 1028 -310 268 322 684 -1163 14 -53 -32 95 -51 187 1187 -646 1103 -133 892 -439 -26 -97 105 687 -391 1273 319 -102 -798 634 -19 -1145 1068 -669 309 -61 -791 -525 763 9 760 -21 -1191 953 496 -537 120 -648 -699 806 1289 -2059 152 -78 -1129 -444 732 1718 619 -1885 -307 -71 -224 1448 -522 90 466 -1105 -555 243 828 714 4 -571 354 -599 -137 -1064 -129 -544 569 93 413 -874 37 -186 -1067 -841 -863 955 -1083 -1029 -2069 -407 1248 564 212 120 478 -559 631 200 -339 655 642 -557 -465 -418 1195 532 616 -462 311 109 2 -247 -444 -1642 -1307 630 379 -1270 738 -56 862 -548 173 168 -136 81 940 730 540 711 1281 237 -707 726 781 -433 90 -341 535 -1177 1119 21 66 -803 310 -1303 -382 -745 537 615 953 435 -149 -823 380 478 -1616 896 551 -1577 -777 521 411 973 -1143 72 1504 707 -493 1147 320 -175 -1338
402 -483 -168 1189 -316 409 -340 -645 440 -282 312 214 -341 491 -463 325 4 229 -422 305 -718 -725 -980 872 104 -944 162 -350 691 1009 679 1080 -191 -874 342 466 401 604 -907 -303 680 -1516 58 -1152 -20 -693 501 -127 -524 1716 -365 430 -370 265 -530 -134 -833 -47 -467 294 -38 182 -454 831 129 -39 221 744 -489 -58 83 -86 49 443 -538 -313 225 -1042 -577 188 -703 927 -788 530 -101 303 -311 512 1240 -309 142 1019 378 340 217 -48 -1540 277 261 40 87 795 1060 -1 101 210 367 1670 -1147 -143 -455 -78 1410 390 372 901 1311 1289 892 610 1074 -3 1012 367 -1164 -1690 -35 -245 -686 221 196 863 -387 1890 659 -1527 -117 113 595 296 -576 -445 322 -263 619 -700 312 -60 1298 552 295 -403 1288 609 -611 -504 1469 -81 -415 289 426 -297 -280 -299 890 -564 508 1165 18 137 -9 -636 85 -452 -791 91 111 369 683 -660 165 -658 259 -8 -1153 238 1423 275 645 1960 -1194 -484 -331 50 309 1154 -610 372 165 -144 166 768 19 -165 181 -428 318 -35 546 156 -686 -1021 -1478 106 -1394 -491 -318 260 126 65 878 805 -852 1655 783 134 -1378 -1163 -452 -48 122 267 -700 -1074 132 302 25 59 25 -733 -83 727 -306 -1159 144 316 -276 690 -399 1492 -121 526 -225 357 -1087 -1366 400 -933 91 -417 -551 -450 -581 -20 -1871 46 -439 -475 -533 438 -1294 306 -354 902 -1422 -1122 32 694 115 41 953 -362 -962 -483 -1347 -1024 1476 332 -293 -95 -732 -1228 410 -762 375 -160 255 72 -451 1305 42 -212 -520 -1493 -356 -55 1270 716 66 -964 429 351 1290 215 481 -837 -315 743 -359 -72 768 144 -82 -475 -576 -445 604 -414 -392 299 -879 540 1331 183 -265 31 666 10 1212 -899 470 998 -521 -329 -42 -977 393 -1351 -292 797 1572 551 940 -958 855 722 -528 10 49 1042 724 661 -280 -117 -491 1651 -719 1618 317 660 -868 870 -543 206 -507 128 302 224 276 1416 -592 -69 -534 606 -127 -10 -5 1344 -340 -65 -367 221 -157 -303 538 -638 539 579 -438 229
-24 -246 -495 -756 -1018 -1678 385 1141 1160 1347 -675 -235 29 56 -664 330 814 1022 -901 -771 -1060 -337 -981 -762 -1317 1157 132 -720 -546 -800 730 -830 973 629 451 841 744 58 -278 -319 -1113 173 313 494 507 -476 487 690 -1097 888 -441 67 -299 244 164 -374 31 317 -224 382 1617 271 -536 -190 -585 -308 -1127 -478 -1115 162 195 962 -891 -896 786 -1076 -310 1326 -723 -597 389 75 866 -523 124 -251 15 -173 247 439 597 -715 -343 782 601 -377 1526 -43 -706 -958 240 41 60 564 -846 157 808 1244 -1669 403 -1348 -423 -1840 -176 20 53 116 -260 -292 221 -1636 600 228 885 369 879 264 -902 -89 397 575 1010 61 400 131 -728 -469 779 -31 318 -10 1130 -56 -1096 -220 -41 -395 -741 1865 -476 -76 588 -145 824 -16 -352 -163 -5 -1044 -743 544 -1694 -829 -344 126 -760 800 762 -887 -737 -418 620 505 -170 -46 1361 908 -358 438 884 -363 -665 413 -1287 127 -153 32 314 -1489 -25 -102 -500 -784 645 637 663 -18 583 -203 -180 93 -657 777 -514 -196 -1037 969 -198 -445 -511 -552 -366 633 -56 560 1004 -926 -12 -343 1715 -1253 -233 -19 1009 -331 693 95 -824 -908 -224 -1339 59 494 -30 -762 -785 614 490 953 -809 473 941 -64 309 830 607 210 614 -622 -1239 763 -1140 -957 -456 203 776 511 460 433 144 -790 -683 894 -1148 -543 -1124 466 121 -348 -997 230 -199 998 507 -944 -659 -204 555 -16 885 -991 -701 -2161 -145 687 -500 -290 379 -549 -412 215 -193 858 -372 -145 -144 572 -407 1063 1089 -126 75 -169 169 -423 -960 -697 1380 394 30 -448 -342 -889 113 364 165 -1346 -796 -137 455 298 -73 70 -657 912 32 -1591 -619 212 -465 46 -72 822 -534 1305 -334 750 232 763 -508 696 -108 -610 -861 1021 1221 -268 -629 -189 296 256 -461 922 135 -211 -1744 163 -832 583 880 -985 513 11 -749 1044 668 -232 817 192 -133 -88 -472 1146 -405 258 -324 -3165 -471 -1141 788 -1006 -15 486 -174 -1350 -188 -916 -460 -74 -131 198 405 340 -835 -774 -158 334 818 -432 1066
-132 -1342 610 38 41 -404 -195 293 -799 870 -354 904 -572 827 161 427 -534 -14 278 -91 -255 -362 -550 -885 65 406 -766 -740 256 -367 243 248 -92 91 336 620 116 1153 -676 -122 -365 -759 203 -460 196 502 783 258 -422 -1376 -495 1081 735 300 84 -612 -323 160 335 194 764 561 136 -348 601 -364 338 -80 -370 576 -1113 301 -360 49 1648 -784 242 96 291 -1328 1486 -44 454 749 -664 -783 -798 -1408 -956 834 -1231 1543 -989 -239 734 443 -552 -44 118 -672 535 255 603 473 243 -667 97 70 -346 449 -449 240 -46 98 -541 894 1724 -71 175 -467 -438 400 -591 535 312 6 -617 -245 -60 -662 -424 18 -80 -62 281 -484 841 -97 -90 -54 514 25 -871 -431 377 289 176 -518 -571 -334 -1036 379 434 -445 -60 -173 -95 -416 -982 1053 518 436 167 591 -286 -555 681 -563 -878 -386 181 -241 404 -580 -471 240 801 -1036 -519 -76 -91 -983 -145 -22 398 -240 -223 1122 -1166 -1528 175 -133 -109 94 202 285 145 -284 -63 -882 -204 -28 -1067 -38 -255 -676 468 587 -373 -1101 832 347 2080 389 1517 274 -35 568 501 -808 253 483 -313 556 -767 403 63 -734 -342 -1085 -370 -1059 -251 -491 -829 868 -163 -127 1013 -609 -129 -252 1006 1308 636 -162 -360 -550 443 -866 -194 -849 -503 294 -1492 969 -100 574 365 -277 -209 841 304 122 -1309 155 -866 -115 -757 -91 367 946 115 -315 689 -154 265 -926 -586 22 -411 177 -212 160 -353 996 593 -550 732 938 -609 -531 -775 1330 272 -26 -1636 1814 876 165 -563 30 -212 355 -52 -685 -456 475 -401 -80 451 165 -105 22 158 -1378 -913 507 -211 84 -521 552 2112 711 -540 -1367 -553 624 333 -302 871 -393 907 956 -1378 -1181 526 342 138 334 -318 -574 936 -1228 -1233 -789 0 -426 641 353 16 -164 -257 71 925 -972 368 146 628 244 -30 602 1214 417 712 -913 -558 -119 1761 -100 172 134 -272 -1543 -425 -1288 -1104 20 -1246 473 29 587 -1007 -256 -1125 928 -2143 -965 956 -474 -469 151 -205 461 -243 -329 -47 793 1126 -1284
1214 1251 -434 1048 -54 796 774 706 219 -752 -663 -913 199 315 367 1091 -1086 357 -93 588 561 293 -300 119 205 -1457 300 451 -186 -721 -84 756 878 -846 790 -591 781 616 -812 -330 1041 50 -174 624 554 0 211 106 184 -190 -645 399 206 -186 -1489 -127 -40 743 224 434 -203 873 -227 720 -955 -2246 581 812 -631 -355 1149 -424 -854 1040 -768 -1136 1099 578 -538 -380 -1397 -631 340 973 493 -402 -1464 -1328 -477 1198 511 -215 113 95 1065 -833 -293 -304 504 196 -964 -529 1916 167 -661 352 173 633 149 -95 -619 -1274 -1019 -862 1050 113 736 662 -217 944 -243 -297 -519 551 405 -513 1288 -459 931 -335 397 62 -766 635 774 -891 -434 30 191 1660 758 762 283 -954 683 156 -1356 -1125 -601 -1127 -319 263 -276 33 -710 -151 424 -415 -1049 360 434 -874 717 1557 -560 -281 -904 -272 -87 -469 582 426 -464 -226 858 -196 263 -797 244 389 -67 385 -589 -875 1551 168 -443 -759 50 8 -189 -476 -1351 763 85 1104 -1148 -658 127 347 -969 220 -160 135 -161 -793 -807 317 -677 -441 338 -223 1274 -324 -456 168 515 567 -1750 600 -621 179 199 982 -175 1403 -46 -961 -1886 -766 -27 292 853 471 533 -1117 -1199 -808 126 -213 -98 254 -1158 1813 1095 751 -625 -1187 -531 503 543 -399 362 1436 137 1097 620 -357 284 696 -1161 -92 150 676 451 59 -173 376 -538 -1011 -63 -1030 607 498 25 495 31 359 -223 595 242 353 -114 -1308 -55 150 1162 231 -1300 -519 358 -232 6 578 -1023 -83 -1711 -379 369 121 -97 63 1663 -1128 86 -187 -679 219 121 -1078 772 928 -605 769 915 -248 -467 -505 -578 -623 1012 116 545 546 1411 -1600 374 -1318 -306 -272 -57 -326 -182 -594 -257 -5 639 -728 726 -682 497 -1161 -199 -1596 -1099 526 228 556 966 -507 159 292 391 -742 78 -448 214 564 -71 -161 703 -211 -3 -484 427 -592 -297 -1106 797 -1070 797 30 -32 437 240 -1533 -720 244 214 2244 -553 272 587 -868 -582 897 -530 -1086 616 1010 -358 -953 -651 1313 8 -396 -168 650 -758 -870
315 1565 36 -1439 -1532 -178 -990 684 482 -675 672 -429 400 -612 212 313 -105 -34 -199 -368 -824 133 -21 766 708 701 501 1106 -31 477 554 -206 1069 688 588 955 153 -315 803 295 849 793 21 -147 780 -338 171 -765 197 594 -250 -189 758 -707 -518 -363 796 440 -752 99 -462 335 -423 -746 -382 583 -50 870 914 -340 530 -452 80 92 -716 418 273 -100 -404 154 1106 192 149 -382 824 190 913 179 -291 875 -1103 -562 -310 -1732 530 -273 -23 -621 -268 260 1330 -104 -160 -65 -664 55 8 106 -398 966 -616 599 -2160 -1352 -304 69 308 69 95 561 -1291 -43 -353 1015 409 -616 -47 469 -884 79 1026 -621 1123 -683 -163 90 -136 -623 -344 -299 1493 105 -156 121 1572 -1330 292 659 -46 -628 164 941 495 -469 339 91 -216 -1712 52 279 -950 -1073 -870 -195 -414 -1092 -419 -364 498 -986 -1069 493 -1739 -385 -952 901 1494 480 814 -1280 -235 -463 318 574 -781 -148 138 -11 685 -696 279 -743 -292 -426 -742 -765 32 -70 -317 -338 408 -50 812 437 143 -413 372 -357 1307 -451 488 -1976 750 13 14 619 1906 -756 -65 267 -853 -956 61 207 1462 -423 273 860 131 -852 -371 -582 43 190 -571 683 138 1106 -478 586 56 639 -476 -485 -826 686 9 416 -155 -209 514 155 78 -554 516 -204 -1085 1591 -1290 905 -30 589 345 1060 1141 -1014 -847 392 -502 111 -77 187 108 -394 -179 297 -75 -77 860 -786 -646 278 378 1740 -962 653 -801 294 -508 326 -972 -646 990 -381 438 98 -474 -401 637 -419 949 -975 78 -160 -724 555 287 -520 -161 251 -845 -544 638 720 -1371 102 265 396 910 647 1228 -688 125 1592 -461 1377 355 435 1239 -100 419 -191 -2 -980 -576 -769 -1009 526 731 810 -1389 -828 460 -516 310 531 -231 878 -171 -729 154 -1124 106 439 199 -116 -206 -559 487 196 311 1089 55 327 -1118 54 -1056 -276 -161 392 -738 -486 -142 514 -1100 -206 -1131 492 398 12 503 54 291 -441 -1797 -239 -491 833 -621 109 337 -1112 -152 393 -57 -1483 -571 -826 731 1528
-954 46 -1262 -594 -13 276 -953 8 1016 1697 296 728 39 -534 -279 725 262 1490 -373 -948 337 270 -1019 1045 -546 -140 -446 810 -1581 -323 -727 -1353 -128 -178 398 314 1364 758 572 -53 -1088 -301 606 350 673 824 -509 337 301 -69 655 -182 165 -1218 -182 -1034 -361 -507 47 779 -629 306 1051 156 835 672 -276 858 610 -549 -1028 237 415 221 1365 664 -247 734 475 127 -72 -830 1125 -856 2962 -119 395 1518 -646 -180 136 -814 46 666 146 -25 805 -1338 -547 -29 -12 -96 -808 -319 459 -8 -478 -945 131 -522 334 -137 -1176 28 149 -724 111 574 198 -909 1305 675 -375 532 466 782 -79 -314 871 20 -535 -193 -79 32 239 694 -597 -895 615 805 382 451 1120 -926 -602 1061 215 330 1092 -377 -664 434 -830 -773 -383 627 -332 -501 554 -917 293 -1281 -1101 -839 -1202 -611 1441 -360 -231 -595 -404 -357 815 53 603 -867 -972 143 231 -48 1000 286 -535 -1227 828 -1404 1357 851 -901 -374 -58 581 159 -172 -1388 780 37 42 -559 524 59 860 1523 -660 127 808 465 -1036 -823 213 -797 -833 558 817 -750 -875 -290 -1125 567 696 202 -177 534 -275 -915 -973 367 224 -501 287 325 781 -475 290 -501 -112 -1466 1357 638 -257 949 -727 -511 -227 427 17 -1253 -219 161 -87 1735 -809 1579 276 1068 628 -86 925 -98 -280 445 10 -236 291 431 -1450 68 287 -436 -416 -183 -1055 390 -695 327 -782 -941 1564 262 438 -1008 638 227 -751 -282 139 -124 -294 -1035 -1149 -113 750 1046 -393 -306 285 894 41 1139 975 360 -92 994 804 321 123 128 -1281 1382 564 -132 -1263 -2 286 -122 1406 276 -427 1692 385 1086 -673 -1051 1166 -170 70 1201 850 1126 634 218 940 -1110 86 1203 -412 238 -233 1949 -95 -528 347 145 -172 -277 65 1013 -421 679 -1014 1244 -1286 1931 -1517 459 -714 -46 -1220 215 149 -245 366 -1114 657 464 -6 256 -1186 4 -188 8 105 724 128 893 -1737 355 -895 -763 542 -1503 525 1378 -829 181 691 -272 -1103 -373 -515 1097 -185 -143 -233 151 429 2175 -1111 -713 -263
421 -1482 -1280 1303 812 301 200 1216 670 -748 -33 -130 -993 -480 -299 10 -781 239 -1037 972 902 -943 -346 -8 -445 17 713 1736 1214 -367 -1132 -54 -418 507 348 381 -912 1029 -71 -699 -391 480 -309 -858 -125 2063 -580 144 -303 -642 51 864 631 36 529 -482 401 -917 -144 -441 1022 698 1404 594 732 732 -95 610 -317 -580 -1442 -209 192 484 -844 -176 1007 46 1368 -19 159 182 -789 657 -39 636 -273 -284 589 31 197 -270 -722 -11 -623 263 176 220 1669 -172 824 -1157 -35 -426 969 -561 539 386 327 -738 903 -842 568 772 94 -678 39 -629 -205 -372 -917 -916 -1071 -545 -1341 -1124 -634 -943 -29 -1527 -690 178 176 -864 -205 836 203 887 1216 446 -270 -450 67 848 1045 -966 -1173 -852 484 506 -380 -579 560 -135 -810 6 -263 593 991 -880 -1104 -488 779 -172 392 -328 -124 1403 -232 415 155 -240 568 -643 550 -529 126 -1575 866 72 36 859 -127 164 527 595 -122 624 780 -741 -718 609 -154 -793 -95 721 -299 369 39 1019 511 806 -558 -978 -770 203 329 -947 -222 467 -112 -763 315 667 -314 -51 -1216 253 470 -1160 1036 221 -692 -856 128 661 513 21 -1112 -856 376 303 69 -75 1098 235 129 439 -1020 39 302 443 766 815 -348 1477 541 -1231 -311 1020 993 -826 -723 -576 -689 157 -37 -343 -90 -318 1372 -854 -684 517 718 -909 -1379 -1009 -319 -1198 -162 -1491 411 -143 552 603 -1002 -558 303 1798 -714 -445 150 -628 210 433 269 -78 -265 537 -237 1491 1392 243 1038 526 1378 -532 555 -197 229 538 1082 -5 33 -741 705 672 -616 -1368 113 -506 1035 -363 -405 765 -4 -137 -472 698 78 210 297 -308 -430 138 390 -368 1774 -89 -726 783 -1545 -267 88 -446 159 890 -767 -11 -1174 568 232 708 -1504 277 213 160 1549 141 -146 473 973 -1075 767 -380 146 564 -1060 -1091 296 -431 844 -220 -414 -223 -439 -1198 1212 -1330 1402 244 1074 929 552 811 492 263 11 -483 -837 534 603 -10 -205 -871 -733 870 -145 78 -721 -1341 214 -543 -43 1960 239 287 -602 -297
-52 -387 785 -703 -344 -332 -528 -850 238 1504 149 -637 -137 206 148 806 -608 -479 -596 -292 -124 -1763 -250 -898 -314 44 419 -974 -616 -458 541 -1675 447 -200 766 1034 -1006 -698 -306 -433 519 -192 1841 1163 193 -57 -225 264 709 -71 -331 -688 1114 -109 241 239 -457 526 213 440 1240 892 -215 244 -683 -55 429 341 515 859 -133 -838 1 -740 -144 -659 737 801 -1153 -822 195 -505 255 866 617 168 -406 40 1151 1623 681 -540 625 1302 -27 -375 -298 647 -1187 896 -801 -1507 -1374 -1057 219 -668 -117 -524 918 -168 111 1858 724 323 1217 -1206 -1457 208 -656 587 -1188 -521 65 -524 915 -41 -1122 -808 -134 1131 -70 255 -147 -465 -742 -58 524 84 -682 1250 -775 -370 -303 -1231 468 -458 407 -465 -226 -343 -1207 755 -358 -598 -245 770 -730 -596 -383 760 268 -54 357 643 759 720 -212 -240 -900 275 -202 601 -1154 -161 614 359 449 198 -383 -633 849 -518 35 78 20 -628 612 -247 -60 38 288 -307 520 -174 507 1230 -324 317 -171 -641 559 -1158 -356 -744 863 -833 705 1676 534 76 -257 -388 -279 682 818 -643 -1248 -1138 1697 -290 1178 877 -762 1267 941 1266 810 997 -516 79 680 -206 -456 53 -994 -990 270 -182 -152 1133 148 798 -190 136 286 -259 514 937 337 1988 614 449 144 -382 -1138 1066 -1464 749 43 -469 -1100 -112 -373 401 900 249 1222 458 -858 330 -82 -1261 1527 418 -671 1544 70 219 1709 342 -507 348 501 -881 -833 -1553 609 -60 187 104 -1135 -293 -357 259 159 -1274 -468 194 -76 24 -225 318 841 -334 855 -859 -1509 355 -531 718 557 256 854 1040 1500 142 812 585 246 79 -678 2279 392 51 416 994 -401 634 -1646 -731 -553 374 -153 -1084 -40 -543 -175 -1313 -9 -1884 -588 -391 -1600 -292 -426 69 -116 -201 -655 -384 -108 31 345 -137 -346 -1463 134 -1005 -239 -603 -940 -218 661 717 42 -1252 908 -838 219 784 -629 -382 -94 -1814 1165 -75 246 -511 818 -1013 997 692 294 446 300 407 -163 207 314 -1623 -753 1428 -70 215 729 -523 68 718 -1912 798
-60 -476 -954 1890 -396 -409 -116 -793 -1006 -485 39 -1302 -515 530 652 332 185 209 337 496 414 8 -629 486 -386 -357 508 540 941 -71 808 -552 604 -158 -784 88 -300 -453 -826 -402 -98 -805 436 -794 -754 -1982 520 308 104 -1129 -788 435 -262 769 -265 981 -285 344 1519 -549 -360 -277 -1044 2408 81 -125 -217 2049 1044 -381 1469 -68 508 1057 -1264 -112 649 363 497 -470 198 -14 -706 -135 -85 -1623 628 23 -101 224 -420 -200 526 39 771 134 -85 -881 -639 -445 6 490 -994 -1205 67 91 -216 -753 265 212 907 -1230 -350 -1054 -988 1420 -286 -106 -348 187 -832 -851 1449 702 -1169 374 203 1035 650 236 -1154 1069 -233 -958 -217 1766 -310 213 1272 -1818 -1521 -495 -406 1517 -179 279 -409 -713 -292 158 271 471 285 1136 -379 458 41 -413 -159 -48 -21 -235 -275 305 -383 779 468 -43 -500 -776 -949 2173 505 -464 -300 -605 18 20 -1018 832 807 744 -570 1448 -36 -175 -179 403 -450 566 -896 450 -563 -215 -223 -914 738 526 -88 705 -26 910 -153 -684 1043 -280 475 -266 -810 -457 220 -550 -851 -607 -191 912 262 176 877 -120 898 1552 429 -378 -685 -674 421 159 1665 355 -644 1269 304 -96 -384 -366 -333 49 -1521 99 -375 -853 908 194 -200 168 -532 940 -74 446 -897 -10 1987 -1605 130 -298 -150 -659 -463 328 -170 -63 831 -744 351 -464 1213 67 -694 1113 257 1374 -210 63 660 -374 755 -548 -1836 -486 -563 -1510 477 -705 -834 -688 -211 -1107 -880 259 129 539 204 339 93 -318 1137 1194 363 -590 -371 850 285 -802 1621 1023 -328 1399 -759 397 -149 -731 910 329 1204 274 969 930 449 -75 -1282 403 607 -534 -230 -516 494 581 1381 693 555 -821 -37 -472 -500 -27 -847 201 -839 199 -755 -309 960 -205 -310 60 -160 -194 740 -517 -298 1014 -1124 -936 -208 1305 -332 494 -1365 -677 304 508 943 715 -516 140 703 211 302 740 192 -534 -190 696 -149 -371 -996 -371 116 639 -54 -223 155 -519 -481 193 -227 -4 -172 -953 519 197 -501 870 539 1497 974 123 699 -927
6 155 -71 1269 -1085 -160 789 388 -697 -42 220 695 -51 -1110 48 -207 -1699 753 849 765 587 477 -177 1226 1258 -479 -740 -835 -973 201 174 -164 -286 769 1105 584 -1125 630 231 529 313 1031 -198 1098 -139 607 -570 387 -834 343 -922 1019 364 -915 -487 -352 328 -929 654 -215 -1245 686 1731 -188 -307 882 -530 1476 1070 -1053 4 -714 -437 1039 -1060 801 301 -229 283 1499 113 -299 -563 45 1126 1376 -1623 -337 -205 -305 1471 -1544 848 -1150 -137 -258 -270 -1122 -224 238 -27 -110 -647 257 -605 810 -462 -1242 -867 641 290 336 -479 -1176 113 917 75 37 -936 805 575 -255 -1252 15 -1499 -1229 975 713 186 183 54 -509 -390 -733 829 531 -165 -46 277 -54 -893 339 784 -1193 -552 -494 61 461 178 291 18 507 1335 -562 -173 1043 1089 -232 249 275 220 -720 403 1485 -1646 -641 516 -343 691 865 -229 -715 54 -960 14 186 686 -263 374 1118 224 279 1113 274 1640 60 979 692 111 313 -469 98 800 116 -291 624 149 1464 767 -650 -33 1639 -490 953 -58 1793 1483 398 542 843 -776 -793 -730 47 -939 -369 -1046 67 10 192 843 395 412 -1488 775 368 -1095 431 -982 399 -2060 781 848 -563 -349 177 -163 423 -771 136 -679 868 -1 -254 -819 668 -593 790 -1017 -120 22 700 -1213 768 -1342 1671 -349 9 -268 -30 1819 613 -47 463 9 681 2 -262 -128 485 -481 727 -487 -401 482 209 -553 -292 -97 813 -868 738 -455 -239 69 -40 -1659 -121 -1198 -449 1096 386 596 1290 44 1356 481 209 1066 622 877 600 17 -466 -402 583 1155 -1600 -961 97 516 251 177 -1672 -357 1760 1944 757 131 -876 996 170 509 213 -1156 -2064 -377 55 829 528 964 545 -1301 495 -320 111 -1026 359 25 -1047 -351 1981 247 -198 -284 799 426 -1700 195 -78 197 1708 1167 634 -502 270 -257 -838 662 139 91 104 268 -730 130 -795 300 -474 -406 -435 592 -152 -838 763 -324 -167 133 360 -320 -230 570 296 -870 -1629 1365 238 -57 745 -1739 -598 -36 84 230 774 -524 605 1634 -673 440 -1721
300 423 -1332 -884 -543 -981 -331 -769 186 -262 827 -189 -1514 711 399 -242 -590 1211 -413 -295 -1495 541 -833 232 179 356 -858 -497 -117 1144 -57 -549 -1266 569 354 968 -22 783 -599 -1106 7 -1317 1448 -809 820 -418 327 204 459 296 725 -723 1 1231 -874 924 -864 274 -92 328 359 1324 444 -90 -573 26 -1434 -473 -38 577 1269 -233 -458 633 -1359 -1051 -123 -911 393 -149 120 186 -88 458 -189 -350 338 -437 -146 135 -696 183 164 -1183 -808 149 -186 209 -691 -331 711 -629 -710 -1700 -218 378 -160 -1144 -409 323 -267 -315 146 501 551 -1567 67 1977 274 -292 96 -266 351 534 284 590 -405 -185 1349 235 529 560 -581 -695 239 1204 -890 465 -184 -119 200 -379 306 658 397 991 -263 753 -280 332 -1296 118 23 179 -171 -15 -505 -1288 -856 172 -17 790 -134 675 564 -225 -662 989 1429 -426 1111 1104 836 1057 -887 -496 -1190 380 722 1162 585 -38 -1192 240 555 31 247 -428 -1329 941 412 2233 710 1388 538 587 -1031 -673 -640 560 -189 -552 -682 -413 356 1733 208 299 772 -678 -32 -1332 -557 93 -864 1026 257 928 1361 -1604 1348 1175 -195 -721 -760 18 -173 1639 7 268 368 76 -239 -199 655 -968 -225 986 -549 -207 -737 -1203 -552 -214 151 -116 474 716 -1086 1118 192 -1104 144 -645 93 -19 -449 -9 142 -1465 182 825 -734 -1444 97 -408 104 -783 -217 -825 -1606 782 -155 66 -776 -162 461 -622 351 -502 -516 -1437 -682 410 37 -571 1004 -75 45 210 -240 -226 -273 504 -1178 607 477 283 485 -445 137 476 -431 221 1109 503 -83 -744 -542 338 1081 636 359 -352 -258 253 -63 1520 257 -172 558 -1003 912 -130 -498 1075 380 753 496 -538 822 -146 766 -1063 -521 -700 -46 473 1046 -407 412 -693 -506 -172 -1106 -1079 -77 282 -1200 21 -136 1280 -2323 -440 -256 -825 -443 564 -854 -435 -1580 -690 159 -476 -51 -69 797 -593 -429 -187 -636 565 -981 -1166 -34 -912 953 -17 -770 607 1081 -356 358 -951 -1210 774 75 783 -411 -2704 137 95 -577 -1085 655 270 1561 739 136 -587
-693 59 1132 117 -374 -277 -659 245 83 610 -672 -836 625 1017 -1576 454 -69 -531 -1680 1603 -1920 758 -663 368 840 -386 -195 703 -1388 1470 227 -791 -382 175 -1962 486 1019 271 39 -606 1099 835 -164 -850 -626 -206 22 -739 -921 286 -930 -475 -179 416 -200 -55 -385 177 -409 122 50 -1119 492 -310 76 178 97 1368 1144 -1180 443 1036 492 -179 -249 739 177 -741 1465 24 -579 -268 106 628 689 -197 155 800 -403 -481 46 604 -1689 -1019 -481 -594 825 -292 1122 134 596 1340 693 -788 1858 -1509 -397 -132 401 -1234 1905 433 126 -427 639 320 203 -963 1073 -530 -1310 -971 358 734 143 308 -238 -235 -67 -365 -32 -1031 169 636 210 -676 -312 298 -853 34 814 -178 377 -580 -467 -311 63 -765 864 639 -487 -1326 1092 85 1541 -53 -292 -885 578 -602 263 -1558 -720 -102 -625 -1379 1520 -130 -213 -1831 610 88 506 152 -928 683 -255 -274 797 426 -169 -912 -1301 -20 205 1103 -321 -54 32 -366 320 943 -77 -766 -464 609 -34 -516 877 319 -47 262 297 -436 -1183 -100 804 544 39 1992 -544 -134 -356 1161 -224 -765 -1463 -245 -642 390 -498 -908 -181 1058 878 410 716 583 601 -330 -242 -624 1048 -968 -427 -1566 -216 841 -498 416 -787 -718 -2000 -642 511 288 492 671 -1196 71 -332 1183 -606 1256 -401 -579 -84 -486 -878 99 98 -1506 -238 -694 -113 -118 -282 456 -849 -1110 -922 135 1094 75 420 712 361 872 687 62 -471 -1028 -133 -491 -1179 1231 1561 155 -15 198 275 810 445 -167 -1186 238 337 -72 -126 -232 -102 1465 957 388 -64 -645 51 -1604 682 649 -74 -473 -936 -1254 543 1095 884 0 -292 -125 775 331 329 453 24 897 -397 -987 62 -1383 1308 1358 169 -1935 -483 194 395 -528 -155 1522 -487 284 -129 -1733 604 -524 -918 844 -1303 -654 -922 -108 549 1086 321 1513 -60 -819 152 -264 -22 1294 -276 22 150 1409 -461 115 -577 255 -627 572 -947 473 -966 465 1251 404 -532 -489 25 165 576 314 851 254 400 -323 429 105 -608 -433 -222 -388 -1048 -525 1479 -115 277 -418
-433 844 -533 -481 -764 -271 -704 596 -743 -233 -1081 868 -85 1152 -2134 -299 369 -319 695 -16 1166 307 535 -369 1660 -175 732 82 -213 620 -972 550 -64 1972 -174 -620 -1217 342 -328 -1104 627 867 -1677 -393 -762 315 -249 1617 269 -725 28 1 20 -14 -12 1049 137 407 79 222 -692 874 207 -46 645 -448 522 80 -423 7 818 -348 -388 -1065 1695 -124 -466 -398 205 -318 -88 -407 -529 184 -292 703 1393 -69 -1077 267 -851 -859 -111 -804 147 -470 351 -54 -581 609 588 1247 490 237 1108 -469 469 -71 -508 -422 -1248 -49 324 612 664 -614 -266 -1102 6 -847 -462 -1155 147 223 -245 178 -455 -67 -85 -1616 552 -519 -180 150 24 654 64 638 -242 706 -664 -76 610 -726 769 404 -67 920 -909 -556 1186 -1439 -1458 -989 -213 468 357 119 402 -826 -8 1704 936 -442 -733 260 35 499 354 735 -359 -597 1254 -69 459 1411 -1559 -1014 -1033 -215 -1902 136 1416 -631 333 95 -331 -63 -94 -887 -746 36 -688 983 332 -1388 417 -1020 366 -743 -401 -35 -370 -332 318 -521 1615 -1677 -1088 1141 232 280 -3 -1099 39 -587 252 674 -1131 -373 -76 -697 -145 -1209 338 -646 588 -114 -995 -279 -125 416 701 728 862 607 486 285 320 -83 1309 280 -1598 1198 -215 -618 302 737 305 73 -295 1200 -718 -1394 531 22 1163 -1015 -1219 -1040 919 137 -305 -959 -115 788 336 241 -265 1187 605 -352 -762 217 -362 635 -1077 -579 -1572 401 330 406 266 162 -420 -44 550 -524 713 787 157 -319 -217 -503 338 79 -222 -336 385 -839 -316 1427 1110 -206 359 -232 593 885 -98 -530 825 -1173 -1045 270 -582 623 1669 -334 457 -1500 464 786 -403 652 -365 452 -214 591 37 -1171 -1785 1520 -1416 511 386 -459 34 -344 385 434 -1628 1030 -667 562 -154 205 -93 -721 196 657 1199 122 281 -1447 478 40 54 -180 428 152 -20 -296 1290 638 -649 -421 -114 1070 427 -1059 889 200 242 522 1147 94 397 -326 -184 -382 426 -168 501 -648 930 121 441 -790 -124 -682 -138 -877 319 -762 355 529 -144 -1772 -343 -1080
1277 485 750 -1306 -256 -1476 1020 1298 1243 -685 -415 -37 -158 950 993 328 -166 -166 386 639 140 -734 -299 -443 -736 1068 -1388 593 150 62 1132 -1282 -272 262 -1697 84 -1177 -404 574 1303 -423 -15 -969 108 -7 -679 82 95 486 -803 1384 -539 -1783 -1001 699 -928 -1310 -49 58 255 604 -548 -113 -592 553 1321 116 -294 -640 -188 2 -732 1264 -635 -216 1335 -148 637 340 477 796 -179 218 332 -99 198 2297 375 1276 99 -588 -963 1612 -76 305 107 155 1069 102 -541 192 966 455 -1289 1039 475 751 -675 456 -565 378 -334 -1559 -305 952 -409 34 191 -410 263 -304 1736 -1186 145 -1616 13 198 898 485 -1110 571 442 -370 -146 1033 58 -620 508 -50 205 -524 -1122 -675 800 -158 -212 -1528 -657 272 846 204 -574 -297 650 -251 -232 183 -770 215 -491 1610 -543 133 356 -588 216 1886 1012 -865 -134 197 -984 1075 576 -226 16 -131 -1348 -560 983 1272 362 -873 76 611 406 37 1503 1058 -129 168 529 -239 -985 -447 335 -1209 -1483 -82 -167 -112 316 -753 -162 -161 460 -321 746 -535 770 99 118 285 859 1023 632 -89 474 495 240 -1288 -64 -192 14 1167 649 -1135 560 743 -412 -656 -1758 765 -460 -1005 -492 1072 -6 -47 136 719 144 -668 98 -228 1602 -563 684 -523 -1456 964 1178 -625 -335 -133 -106 -677 -532 806 -188 792 -641 -1132 -901 -276 427 -101 -931 -1345 724 -189 339 -480 1241 838 620 216 -1516 -867 -368 -511 157 -524 752 960 208 1404 1672 -223 -715 -561 703 567 -464 875 637 785 -354 13 76 -137 267 342 644 232 66 -254 -52 104 -318 -869 -788 444 -500 -413 1247 1408 16 -956 -272 -410 496 -946 -972 -442 -1274 355 -753 -516 -1686 1570 -1197 1612 483 1606 790 628 885 1032 112 -783 -1325 906 -1213 -416 1205 -58 284 587 1 -533 -14 -451 -117 43 -731 -1333 -268 -961 -963 -1176 -1207 70 -426 353 133 772 700 -184 -4 -981 554 -347 1420 225 1008 6 564 -1618 339 -1327 -546 -124 -996 -464 -711 -204 -729 -48 388 1000 635 -224 583 -1767 732 707 -987 -150 -385
-341 98 -590 -187 609 261 561 140 8 1147 -470 202 -260 93 1585 -99 382 -782 -161 -107 110 -34 89 -199 -237 133 -154 -432 374 -282 763 1427 255 266 -596 182 -775 913 717 124 259 -358 -1678 13 -820 -675 -1179 -1034 -553 705 229 -503 103 547 -332 -691 1132 586 322 837 -119 -581 765 -326 449 1218 160 634 7 -974 1335 165 -182 -1190 299 578 -765 386 466 -459 -384 67 -1043 97 276 76 -506 -1298 1397 -1679 690 294 -1234 153 -222 138 675 -102 626 998 -77 -848 156 853 -94 647 -948 285 -896 1573 280 -349 327 -616 -234 418 -51 -135 207 529 7 634 268 -353 459 -23 2065 677 838 372 -37 955 100 560 372 -115 -428 399 273 -216 1050 80 -332 1466 -1225 -689 -683 315 -764 -1189 700 -929 -1260 -630 914 -785 1114 233 294 115 1160 885 -558 921 -805 -644 35 -640 522 -1313 -1778 -290 -251 290 224 -454 -61 777 -1063 -690 795 -495 708 2380 -256 821 588 177 -177 698 -213 -305 988 -763 768 -275 119 -59 -510 98 -598 694 139 21 155 14 -1154 948 -301 177 1201 -1102 427 -220 -682 -549 -487 838 -1439 441 488 351 -352 268 -148 -204 -136 65 638 -1419 1702 -835 984 1451 -520 -303 385 248 976 523 -308 -222 -1074 -179 175 -107 564 245 665 -969 -388 -31 -205 -92 -172 -570 -643 250 347 675 -424 171 271 912 349 -1072 754 590 57 1073 -113 853 -252 613 -805 126 1115 1580 -256 398 358 -322 -983 60 792 -513 -769 12 -361 -70 95 1195 259 244 -522 -856 -1215 -205 -348 948 1189 -483 1387 316 -60 621 -1223 -1045 180 1280 -1465 714 189 602 -824 -643 14 1130 -246 -597 295 266 -18 -208 200 373 222 1539 -689 724 323 -168 -282 -70 -35 16 -460 -532 90 1239 -526 548 16 1073 1716 -861 469 -125 707 -315 516 -176 587 622 1595 -202 646 198 -29 -1010 1103 -256 -21 -229 -786 1012 -547 -79 -819 266 1065 885 682 1161 -374 608 337 1904 6 -645 -310 120 -574 574 -325 421 -1085 292 132 -782 -65 368 1166 741 -415 -337 -421 -475 101 2120
-166 -1201 92 -67 577 -402 -490 -868 -849 447 701 -938 323 1008 716 -223 -986 -608 -1073 -305 -925 -1236 -901 -167 -27 507 -108 817 1433 386 19 683 63 189 130 -12 -112 595 845 134 299 118 645 -896 -205 -169 30 -1052 383 77 -55 896 -150 -1077 -16 -527 -185 1 -1514 1385 -797 766 -1107 1025 -1205 -298 -533 334 -513 21 242 156 697 162 -564 2183 -522 -601 -677 589 -1376 -122 -793 -171 -1094 -650 -453 -117 -615 1313 399 -273 -745 139 -779 326 1319 573 1345 -1470 1339 680 -1367 -492 223 837 722 -1352 -332 -745 340 -1253 -765 -819 -734 -76 1005 -34 592 -27 493 1422 282 -136 -680 -1295 -1459 -735 461 -1542 -228 -17 -419 815 -795 -374 -113 457 -908 72 -629 -1031 702 -1073 -444 -981 133 -642 1050 -623 1585 -49 1122 -351 -1112 -176 1762 843 1050 -561 -239 530 571 411 481 -533 -460 -1145 54 1713 259 -27 -276 -1154 924 577 118 -597 318 109 -431 1423 -287 -167 976 607 135 -963 37 -825 800 -620 -209 -1125 -337 -553 431 -1297 -512 274 -295 -450 503 -481 -455 -705 956 -307 451 332 -452 732 793 556 900 -410 -117 -76 -485 476 -337 685 274 456 -714 968 1053 -45 340 1083 -1848 -367 -403 177 622 458 -1227 -737 -1025 -182 -927 -508 214 -266 113 598 -73 -780 627 632 352 657 66 -732 148 582 208 1622 1412 -1275 -312 -900 333 -1028 -573 -375 -1220 -610 -836 584 -684 626 132 -128 951 -1054 733 1129 -132 -364 1563 1202 740 1281 -200 723 -212 524 617 -14 175 -466 -219 507 -263 -490 284 -1971 32 -539 -998 -700 -95 -643 -1081 -323 1431 648 -432 -176 182 580 -510 -813 591 317 588 -1229 129 -462 -1105 -940 316 4 -373 -982 722 286 596 590 -955 -897 -88 -1565 615 432 -883 630 -525 223 145 112 531 482 -197 -188 211 -307 -553 226 -953 807 366 -903 -1059 463 -124 -118 -897 -1373 741 44 42 600 -107 -683 -39 82 1 -1122 347 371 1190 267 -244 554 -2590 136 111 422 -379 970 -538 202 -127 62 7 34 -333 -792 -122 313 -425 -254 1653 -648 1105 224 -1330 998
-1619 503 703 866 751 189 -903 -856 860 373 842 371 1919 1076 -255 95 -523 -236 1353 365 491 -824 -543 1540 297 154 -690 -100 955 579 231 938 1077 1518 -371 -115 -1904 21 397 -334 -257 -445 817 -374 114 284 -931 -947 932 679 219 1577 396 -46 -263 -661 890 -27 700 155 -948 87 -619 -615 343 -1225 1203 -531 -55 -327 -90 -772 1279 454 288 107 -209 -121 -995 -745 969 -69 110 954 651 -1319 -954 -61 485 1100 -38 1064 -532 1487 311 1324 -352 328 494 1687 1309 1642 82 263 -1030 -1161 -975 1326 118 1395 -1565 -127 75 -430 -523 -649 483 597 -596 200 22 -1466 -213 244 -754 -908 -642 -710 -539 519 -653 860 -554 -883 -354 -2052 -1813 475 803 -11 579 -969 169 -284 81 208 -768 1065 21 98 -42 71 609 -23 1508 886 -182 -239 731 358 930 -163 -8 372 -1534 -1617 -202 113 -495 175 -2541 -961 522 -247 750 55 1160 -850 968 -556 -850 977 624 410 -587 775 670 -127 -269 -221 296 651 792 831 436 1839 -593 -2091 188 -1116 -70 1324 743 723 -717 351 -21 -333 9 553 -687 57 31 -249 -889 17 -343 670 -1466 -946 -187 612 1450 -19 172 1425 2430 -313 -45 -304 -186 575 -263 -696 367 -925 244 379 -407 -707 445 -460 809 1150 1026 -1101 424 -329 -85 -615 1003 -187 241 -185 1242 -1043 -392 543 299 1 388 -648 -787 -788 -125 252 632 382 -1502 109 114 114 452 303 -911 -5 -975 747 1012 605 666 193 -1187 -482 315 2171 1365 -27 883 -654 329 -257 -737 541 155 -414 643 -83 -401 -107 -1926 1305 -296 162 -563 1152 -14 1025 -653 -46 -1227 1381 2295 998 695 153 -316 561 479 85 1208 67 143 -34 1294 -1420 432 -499 -285 523 -478 -24 639 27 723 -1189 214 803 547 245 1832 755 -261 -516 -68 -245 1679 266 375 1379 -182 -669 22 641 -111 -418 685 618 -644 -518 1032 777 28 807 992 718 810 1371 -649 674 148 108 -1193 -1114 649 412 -1032 13 -805 -441 -800 -784 483 -1106 -980 441 -591 -134 -347 1164 899 -165 880 -577 470 710 -183 -1091 -1175 -201
842 39 303 275 -1118 439 -348 306 -263 1036 -1141 -330 -693 -824 -1315 57 -399 211 1424 -560 145 -1609 146 98 -1012 -386 -194 565 898 465 488 -532 -709 806 -541 -615 349 114 -913 76 210 294 785 710 -309 1730 -788 -162 1074 44 337 -824 500 734 1690 867 -631 258 1216 -1303 478 -721 313 848 -1379 1311 346 713 514 -1938 -1275 188 401 -233 -305 686 179 634 -983 217 56 -994 507 -794 175 342 -291 1568 -719 -655 10 871 -122 960 -291 -852 -135 -490 336 620 -1415 518 27 50 -458 -789 -512 857 26 122 -1691 430 -355 687 -909 382 -900 -88 -504 206 -1618 823 790 438 -1096 1052 128 124 324 -266 16 -2620 628 -353 -1564 66 184 -754 21 315 -827 -794 874 -98 -212 -611 115 1405 -838 429 -735 317 -535 -103 994 345 -1252 568 312 325 802 218 -392 663 18 -1139 -666 -115 342 1414 984 714 -1651 -144 -1336 30 1227 144 -567 545 59 343 553 735 -165 1529 1377 9 -69 1323 447 1978 -939 1628 -1071 728 -169 1668 -536 728 480 -543 126 51 -439 153 -282 1150 909 522 471 803 263 306 -229 -304 459 1285 1214 1754 541 -946 -1603 860 -402 350 -142 506 921 -54 -66 -647 303 -17 -775 -475 -1295 487 901 154 537 1115 692 726 589 -437 -320 -167 -134 830 -92 817 710 1290 474 251 -183 -183 -1365 -62 873 -1464 623 373 -172 -18 -520 -887 167 -247 -316 -404 859 -267 -450 448 43 1388 1956 -328 -93 583 1146 48 20 -1092 -657 49 -415 590 317 -1835 -301 -520 -304 -19 531 -172 459 39 -284 -1035 -23 -747 211 -860 -374 -182 -972 -653 251 849 -1929 -1014 1025 402 -411 -22 -225 357 -322 -394 308 933 -98 -944 868 196 1124 141 1424 -688 397 -683 -449 537 377 183 1240 -328 -178 -474 -198 36 24 -14 280 299 -82 125 -92 899 713 1296 433 433 -131 -468 -392 367 -737 796 562 381 -127 177 -588 -374 943 811 322 -601 -1767 95 -92 217 -865 -845 -641 -258 158 -453 244 -392 445 -388 -218 143 -917 312 108 742 319 -861 -283 885 -48 -29 -1155 -273
187 375 335 105 651 949 502 596 1024 -67 -340 -813 44 435 -644 1029 467 171 -182 -894 -1187 -972 -531 -642 -359 391 1313 156 -446 153 970 -60 624 -660 999 278 745 531 -103 -34 -629 -528 52 89 -2598 248 1671 -41 -440 1798 114 -743 252 -1758 -63 804 -11 409 286 570 -51 -607 649 -66 588 -125 1224 487 213 -1149 -1392 956 509 1462 -290 -30 -74 960 -343 516 973 928 80 -1022 499 -687 153 676 567 -456 -62 91 -1063 1538 883 -248 8 288 589 127 -235 281 241 -6 -1653 -38 82 -864 451 388 -780 -457 -497 -435 118 846 -766 1016 104 -232 -765 -178 -519 -137 -546 274 531 -859 35 714 -437 771 -638 -978 193 624 -371 1245 1514 1158 -2099 193 604 1012 256 965 -149 140 -107 -426 -597 183 1367 -310 -395 863 -542 670 277 37 -88 160 871 -33 -924 20 641 -548 -588 492 586 -638 214 -197 -1012 -224 478 -236 -97 -619 -108 987 -1591 1159 -129 234 -530 -914 575 -81 182 654 -542 -362 -364 -315 512 -334 151 123 -1496 -317 -331 -371 822 -274 -642 -269 347 -585 -818 -441 -358 -621 -23 -920 -825 -194 1327 519 178 683 865 -280 434 594 -308 378 -223 273 157 -210 570 84 -1018 94 -1097 167 -287 -370 -502 -1210 129 877 950 201 -895 -202 -71 -165 804 -651 -1089 2069 -1042 118 213 77 1512 -1014 -502 633 -250 -216 -733 -85 -329 -103 -857 908 -856 -826 402 -416 455 1011 -542 402 -108 1058 -568 572 1784 -913 -178 -359 706 195 -633 -1099 764 -766 -226 1098 465 188 -253 -195 -15 -39 618 140 -2022 280 -1060 81 -939 -170 496 -719 -62 687 -565 398 633 -495 -146 -1305 -1005 384 -687 1147 -5 -846 -519 -846 -791 -187 -413 1852 43 -913 -1207 -38 -33 788 245 -249 270 -159 -285 -7 1632 -1027 -200 -1797 -746 645 192 -915 1329 942 392 1130 791 -935 -381 -153 675 -300 -876 -44 -865 -658 35 -587 -557 -17 -794 -574 66 -279 333 -77 682 -985 322 889 702 70 -602 809 156 -2200 -299 156 1252 -793 -282 -104 664 -800 -912 -48 -643 1122 1253 -540 -194 -148
-26 501 -516 -748 -373 1432 -685 351 189 -439 -1341 909 -1092 261 282 292 950 662 -231 -204 -1479 528 1615 -635 -584 254 -841 -48 399 -375 -101 3 1135 -409 241 932 -945 -33 1142 -181 972 796 -328 -687 184 365 434 -1322 864 -117 -382 -507 -661 -445 104 -53 973 -499 988 705 -38 -546 358 164 31 644 886 -326 -1113 223 -98 592 240 310 668 -158 51 560 264 960 -422 -1264 -453 -697 -991 558 -593 360 -774 230 887 -943 -90 374 -1306 -390 1708 -1593 -413 1154 261 -1454 186 1233 344 -7 -168 -188 -576 -686 25 1075 -793 391 -42 -839 -59 493 -178 982 2225 816 705 420 -63 -202 1383 -673 2346 999 -939 -968 1119 -464 -105 -105 1015 249 -277 327 -37 157 -273 1267 -1175 1311 -852 -533 -826 -391 768 -847 -756 -1966 20 -472 -542 -256 -882 -547 -576 -420 434 920 898 -54 345 238 -583 -696 1235 278 -742 -84 -111 136 228 -57 1061 469 1791 -273 -200 -811 989 254 -232 810 -300 -40 1043 657 354 376 -180 -223 -317 1068 833 -22 -204 496 -105 1125 -311 -904 -407 -1217 584 -55 516 -1413 524 -615 -82 463 -192 -177 836 38 77 64 -390 -404 208 143 -225 -537 39 280 -479 624 161 656 514 526 997 -982 696 252 -806 1001 -714 458 1063 -1119 -1261 279 1013 1131 -322 -64 520 95 -242 1528 -1001 515 196 -57 470 -593 787 -347 1148 -150 100 -385 566 113 957 -467 47 -128 -314 739 1533 -481 -814 -1062 -209 -393 920 258 -93 -878 208 -798 592 593 422 842 175 865 411 -772 -327 1900 -206 -1415 -925 47 1197 354 -634 -1541 1628 -1119 576 -574 -154 -73 166 -223 1478 -308 912 -819 -484 2044 478 -258 -432 516 -463 -995 823 -1120 88 -361 1047 -380 -14 145 792 1067 -90 602 -6 -77 64 696 -694 -518 -781 150 92 47 -349 -683 420 163 -438 -826 -480 -264 -15 883 -1170 298 -639 -812 -1146 539 606 -262 115 -764 1085 -734 347 -1730 456 -237 -1030 96 406 439 1380 735 -1001 296 651 564 2469 -126 483 -820 1190 -471 -247 -287 438 -31 -1233 332 523 68 826 122
-437 -370 470 -205 -1196 608 1439 -947 -336 -1489 136 72 -422 -1246 178 475 -1761 1298 -956 226 561 -245 -532 -345 -722 821 -1183 351 -482 -760 -1448 -1168 -493 400 1114 641 1138 -452 -450 -1073 906 1100 419 -688 -555 -1459 -625 146 579 -9 19 -972 -822 -547 -982 1312 -365 -177 1296 626 -344 -697 98 1194 -1123 -16 -933 954 -567 -255 -815 581 -620 -940 -260 -90 203 639 337 385 -61 196 -387 -446 -227 -266 879 457 74 859 -597 325 -207 -552 332 -425 409 -569 240 -242 -1345 479 1450 -279 -16 263 -655 -275 1114 49 -187 636 -1100 721 1446 672 400 681 907 -360 311 -450 704 -143 -350 -1157 845 507 419 370 -247 -702 -2 383 -764 -1234 -875 -700 -709 906 267 -77 -136 -77 -318 1627 -78 -237 -191 -471 228 781 -263 518 -949 310 -255 130 330 977 1443 -987 1266 60 -50 -435 2770 18 -1097 244 -528 -1656 703 -538 572 258 290 -832 269 492 389 -469 -128 835 -631 -223 1069 760 -1174 727 1453 -535 -185 74 390 -941 978 944 -186 882 476 983 -1526 -651 -487 976 487 245 -258 -1465 -857 -586 -532 511 125 -499 426 535 1191 1373 -1218 1744 -106 1013 -363 -1020 212 97 -1289 819 -809 -250 -672 1518 -859 -1083 -797 691 382 -812 745 1152 -133 -509 -828 -907 -1012 -216 -592 -161 806 -965 -58 283 118 677 58 565 499 -176 -592 -1552 -370 -119 488 -1529 -342 556 -315 760 -626 -719 1303 -30 156 310 243 -1052 -692 -978 -671 -452 -184 1370 -1443 -280 1456 933 -440 -27 -1208 -801 -146 -209 158 1219 682 996 1003 -372 1723 -127 -216 -494 -765 531 672 -138 -406 450 -1077 9 63 440 586 -213 -410 46 104 625 -461 1394 -16 -144 281 -886 1025 128 148 885 704 -1298 1162 384 716 -167 -907 -1347 534 -569 -230 -819 337 -296 -256 -72 -1659 -145 -1923 346 14 1005 798 -204 -440 516 -369 -801 412 764 1033 739 -1227 -1064 -300 -584 -156 -2094 86 413 -796 -508 518 190 -1188 -75 -412 58 891 -340 153 -53 697 -2024 448 191 -1853 -960 -863 -39 1113 -841 -249 1397 1025 -457 1234 -722 377 34
778 469 -340 998 756 -186 249 710 670 591 -41 -424 -226 -296 -1452 -699 1614 1573 -950 -822 -1056 581 679 -97 -594 855 74 -422 375 657 143 -496 -31 -1585 250 -608 368 558 556 -199 676 -610 -779 1455 347 1496 -146 717 300 533 521 1005 -744 666 742 60 -246 -221 -220 263 898 369 240 360 -354 1076 23 -495 -526 -62 167 -14 -1278 555 204 -810 330 -521 -212 1486 -123 -287 -88 700 274 1409 -687 -74 -415 -1338 673 -257 871 949 -542 -1082 -469 327 -516 -340 -745 -780 124 -1648 853 -846 -1114 1201 -530 -381 -322 622 -90 -1388 765 638 775 34 -473 558 -1103 -930 -226 1173 974 -708 373 -691 -790 660 1382 442 188 -279 821 385 1100 320 980 120 -529 -401 1173 632 57 -462 599 470 820 1263 291 -615 191 -391 -298 582 -223 735 737 -1007 130 -216 703 -38 -520 685 -751 -394 595 -113 -397 -108 645 -816 -318 -806 97 5 1729 -105 -846 -784 -743 636 -231 413 126 781 318 333 -459 -438 527 -532 430 1077 -1183 -284 -730 39 -1088 -951 -1006 871 79 1046 -575 78 58 -636 56 -902 1453 184 -903 664 -1048 -629 888 -808 -433 430 -90 -243 -926 -512 -1625 514 -328 -759 978 -249 -853 -1827 1176 368 -802 -163 -213 -835 801 -404 934 25 844 -373 1141 326 771 -353 -744 1148 579 1737 300 -411 -408 1227 -1227 -874 200 -655 -4 501 366 469 -189 -140 193 -1038 367 -915 -328 -658 -1169 960 -679 587 354 566 -534 -965 1536 129 -714 13 814 -845 1209 -261 -639 -517 170 -367 -893 -137 -7 -142 -898 857 -362 -1459 -367 -652 179 -1539 -358 -1340 1020 592 828 -209 -737 -904 1822 672 147 -514 -623 940 -59 918 674 -368 -614 583 44 -275 162 -1127 1396 -758 -462 -398 272 554 -119 -499 -605 562 982 1609 -104 -861 1591 -281 -433 1394 932 921 -406 -961 -759 435 185 316 -87 -737 614 290 244 891 -272 -607 945 1068 -340 620 -78 11 1457 610 -267 1419 153 904 673 504 176 -1231 -148 1031 -81 -701 -760 -1006 1000 237 116 -262 -1347 -268 140 250 -8 288 -937 -398 651 491
514 -176 35 -573 -363 -444 -505 -130 -160 1428 696 239 -481 132 429 -10 42 -236 134 -658 232 119 -662 -303 229 -639 -560 -607 348 301 688 474 255 1018 -85 33 -216 -476 13 -409 -608 -454 -713 415 419 619 -40 428 455 638 -143 -1451 611 -111 -205 534 1289 305 -662 -11 -1263 210 -820 -663 235 -2244 -415 83 -1355 1279 -742 220 -65 -1710 347 -288 -1042 492 -1136 788 -213 -524 -214 -121 -147 -461 1241 193 49 1044 -605 161 1407 -405 532 -75 -310 -182 387 728 516 -214 -981 -1249 -837 -33 1279 119 -203 -210 165 -1141 -212 1210 -582 98 -118 377 341 -473 -870 -360 1393 -1289 130 -199 -118 -93 -2022 431 -1261 -33 -76 -324 1 -17 975 1162 911 697 1265 -273 -869 -64 293 -4 508 -780 241 -768 635 324 -211 -1204 -127 400 -13 393 -611 -310 -711 -316 -1457 460 46 224 419 346 -815 295 592 366 -677 -336 -459 416 -451 881 -49 -518 1143 -953 32 1254 -10 1208 1331 557 -361 387 -414 -1128 672 270 358 442 -361 390 -297 -677 792 -239 -45 -551 436 -1388 391 -538 -588 1001 127 1218 -1480 -150 -804 536 -1036 314 -804 -1345 405 -1744 193 182 481 19 976 677 336 415 -388 162 -878 519 531 417 1022 952 317 -264 131 -55 -1124 687 167 854 -183 317 -75 274 -278 1383 -997 -899 94 65 -711 242 -492 293 -57 276 -732 253 562 -676 1053 -370 260 646 -372 -117 504 -657 -34 -1315 -107 1698 472 -180 21 64 556 390 769 -87 -985 235 -1146 63 22 1362 1552 -1106 1828 -703 279 -600 -748 286 614 151 -347 439 64 465 -1350 981 -873 479 -485 113 316 310 -584 1275 -685 533 771 -667 1031 160 -441 -149 -587 589 -1161 -851 -1238 795 -1154 519 -716 -221 -244 1329 -858 -251 -1088 -12 -332 -549 -232 -517 723 -626 1061 -278 556 355 -229 81 618 506 -169 -825 233 -517 444 -726 -511 -1307 405 275 -97 -1226 -1078 -481 -831 -1433 -178 -229 130 -621 -705 358 -181 -524 1271 110 332 440 -83 -229 -317 440 1069 707 -590 -724 259 1590 690 -344 101 -286 143 352 -558 -655
176 1293 -701 -1368 174 29 103 -863 -1205 216 -630 -443 516 1263 59 -1037 592 439 1014 -799 -191 -309 -443 -1040 277 703 -371 -177 -1673 -1217 73 1268 17 52 -389 283 715 819 506 32 -361 364 456 62 381 -980 -889 -260 -29 -724 903 -726 1099 1194 -33 -594 1540 -383 -675 -35 -473 813 115 -193 362 1186 668 -359 -1364 945 -573 -972 -858 47 573 103 336 -430 -177 -2385 584 -39 497 -673 -102 -115 451 -48 88 1808 272 304 -839 -1593 -140 28 1449 -19 -510 719 1203 -770 681 64 -203 -335 -79 355 533 708 126 -423 818 -132 954 -1291 402 -747 577 -47 -1598 915 53 -1114 403 32 -222 873 -189 192 -488 329 648 -768 -1365 -152 484 201 -145 -649 530 338 1391 768 1027 -393 -1433 515 -601 -257 -1467 46 -338 914 -49 -696 -94 439 -498 828 -222 678 -502 -1008 -810 196 -363 -479 -776 80 -128 236 909 102 687 -1240 298 -242 215 -464 -706 -78 -457 1360 -367 -1154 -2138 618 -1026 214 1136 -374 438 -96 39 -440 -532 -51 -593 -1023 -347 -174 -606 522 361 301 -1001 558 -96 -1860 307 -471 539 113 -1670 -320 69 567 -840 352 -1116 788 331 -950 552 -982 -1210 774 -15 549 501 557 730 684 245 -14 80 -315 54 269 625 -56 604 803 54 -1287 -191 809 -1462 0 323 -1328 -1742 258 124 -399 302 168 255 435 1096 -365 550 -600 -555 -299 883 -145 -763 402 1027 343 -371 -1275 130 431 222 -2001 -159 -153 -530 -5 404 24 447 435 -1213 -527 802 86 945 783 -525 114 -174 -548 933 924 -558 -141 81 520 7 -617 -925 -740 279 197 -1216 -1432 533 1517 -24 370 -955 911 76 -809 -874 233 -244 1081 418 -1643 504 841 -784 775 694 -1167 -903 96 -247 1134 -578 290 242 617 -741 -1332 -242 -277 -490 -375 -41 -91 -658 82 767 -113 116 1555 -409 94 -841 -710 874 318 -145 -56 -532 -531 -115 -341 -899 75 258 -757 -673 -629 -339 107 2510 -1210 698 178 -830 175 165 -260 271 -310 574 36 120 -1254 -79 252 797 361 713 1182 -562 -1027 -615 -195 1297 -448 -224 -117
218 -833 259 -873 219 -32 -509 309 -39 784 -270 -535 -8 -1202 -75 409 1703 -975 554 -1120 324 50 -193 796 -183 506 -1341 288 -219 -248 374 1390 -67 600 274 1522 -12 304 -1217 -343 -90 -622 706 -478 -942 306 1215 -860 78 738 -178 421 -706 150 461 578 -191 -647 146 373 77 -332 670 -424 -72 -570 -22 177 438 -555 626 76 488 1109 -120 135 -582 -771 524 -885 -967 523 -1508 1851 503 28 -669 -1569 542 -303 183 116 115 -85 368 -9 -305 145 1163 -404 1081 -85 -1653 -375 76 -3 -585 448 -804 -144 -759 398 -655 834 938 -157 -363 325 -150 584 222 808 -259 -345 557 124 -1860 -51 -1199 -17 -442 222 193 -235 -34 887 293 -1035 -723 -21 50 -768 -537 -358 945 -970 870 280 804 -1373 -353 -309 -948 -390 -1309 -20 -549 860 110 412 297 959 -792 212 719 524 -1560 -815 -540 -635 496 1124 1174 -337 -497 206 -376 -124 -782 73 202 -100 140 980 -494 2007 -107 -645 10 204 -361 341 -1227 -1583 915 30 -187 -1113 -1218 238 -400 234 -274 -347 9 247 -982 485 -202 484 989 -54 862 12 -617 -1172 -1147 87 625 -612 877 1176 977 816 -197 -2 -612 -707 277 382 2216 263 -251 -952 -506 302 -295 315 402 1415 149 -292 255 -656 -223 -1184 24 207 92 -213 943 1029 -735 657 -985 -426 -1056 1427 484 677 1108 363 -35 141 -342 -12 -528 1379 -472 -171 -726 153 -1139 -133 -740 62 -33 513 177 1092 -1521 95 120 -568 255 -1153 -599 97 335 -794 -63 284 -1163 1141 -384 -235 -1849 301 -1261 1573 987 339 169 -620 852 321 903 -1356 130 346 352 145 68 327 392 -372 1092 1873 214 -134 383 -557 598 685 -232 465 359 55 615 -775 512 87 -263 -631 -1348 181 -928 326 -575 -603 -131 707 -960 299 -296 -72 -137 -781 -637 713 -526 333 566 -115 -770 56 356 43 -275 -340 -223 -1202 422 523 -1076 440 -1725 368 -511 -1022 1303 1541 -587 735 -396 433 845 -339 665 -1484 1337 39 -25 306 -570 -491 -385 1753 19 -996 -828 286 978 -1586 348 626 1274 -1334 -86 128
-107 -535 -952 -1075 299 55 1017 -261 722 -1146 -623 -886 685 -73 845 389 -510 928 988 -528 240 -909 763 -1237 -1340 -415 -1203 -157 -683 -928 -680 809 15 73 -340 -1284 14 122 -237 -526 559 -888 -38 258 -403 90 1269 -1415 -326 -79 -110 103 444 -188 -718 -85 867 7 1750 47 -525 848 59 964 767 196 1194 129 -18 -368 -517 95 928 -623 -96 -785 68 246 -329 15 -489 -73 -765 358 377 421 613 -1112 -1091 -1006 -874 643 -190 -1230 -699 1088 -1044 381 13 -247 1265 -425 -85 -920 216 1124 -878 -364 -808 617 594 -857 -311 -740 143 -1176 570 828 -794 -124 575 1866 -322 -740 -1173 -381 -1670 -778 -1740 -853 -840 938 -1887 -301 -325 -91 1406 -1403 799 -527 205 -657 -228 -46 197 -835 -358 758 209 179 298 -507 -893 283 778 -753 -224 195 -518 498 855 780 472 -1108 -657 1072 -679 -1885 655 -409 959 1086 1903 1090 -7 -813 780 627 312 -1074 1312 -401 -65 199 -856 877 618 -6 -296 1349 683 569 555 -469 -586 -1024 410 372 -679 -633 -1260 85 -228 -36 -545 -519 -336 -904 -238 -1071 1017 -540 755 -286 -1295 -1334 -1386 -823 69 419 -43 1028 567 -623 266 380 -1526 -141 -31 375 -772 -281 51 -355 238 181 170 -964 1200 -484 393 189 157 577 -144 -301 1785 -87 906 -708 767 75 -874 -492 -1357 71 1140 -397 1943 -503 -822 767 -309 -380 -1971 1534 -426 -214 586 -117 -596 239 332 -1013 -169 398 -781 -584 811 1310 517 1150 436 -378 662 -422 -400 -799 1371 -180 140 62 557 -396 737 232 -100 142 -65 -255 551 198 1072 -586 -524 -1405 -106 256 931 -197 -1293 856 182 -757 731 -505 851 1281 -1299 -354 -1141 -291 820 -991 -804 -758 -150 443 999 -49 328 -316 856 303 742 -317 -1122 896 76 -1504 436 -202 -15 425 236 -217 -596 -1031 -802 422 -1206 1502 506 122 833 -536 -1515 457 -596 -716 648 241 923 416 1259 -20 615 1498 308 701 783 1362 851 1148 310 -20 366 124 358 122 463 -170 -62 437 -148 606 -232 92 471 1077 418 359 -93 200 -2076 -1951 431 -706 144 1236
408 64 367 350 -34 20 854 -1959 -209 170 115 -1288 -509 -175 -1324 1240 313 716 144 -26 370 -1294 -323 336 849 -478 -228 -855 339 -153 -371 -224 128 158 1011 562 -1369 -218 447 1663 -1128 67 732 95 -189 1677 -593 1951 -463 287 876 559 197 -835 796 -127 70 108 -112 858 -578 619 -430 -670 -214 160 211 -304 -469 1695 528 -142 -879 659 -506 -511 -711 -674 862 372 -841 130 340 -482 -275 748 178 -685 -419 -52 -406 -838 -943 703 82 -1063 163 437 764 939 -219 743 -104 -425 765 -1062 -3 23 -448 -694 -116 1749 -11 -127 -263 -237 -11 131 -736 -324 -908 -454 -237 -754 -2130 620 -1874 -876 -924 581 251 -845 256 -1083 -389 -1819 668 631 1693 45 208 33 -198 445 434 -774 -555 -1249 788 1527 -16 -1040 -481 -538 376 730 -38 -107 -180 37 1135 8 1052 411 976 -224 -296 -869 209 24 -183 433 137 842 12 -767 -739 -2157 324 -324 -961 -347 -259 -146 1086 285 109 -1852 165 -137 987 305 -150 -555 -524 1329 359 674 638 -591 679 199 110 88 777 -355 30 -1020 797 1532 -680 386 -93 875 1313 570 -1691 589 -478 352 -6 213 -422 -554 -1162 249 -491 -77 -1569 -366 -581 -484 -322 715 -75 443 239 -1101 -426 -834 -362 -597 590 -181 241 -848 -390 -437 -784 822 460 490 176 -120 -181 -262 177 1095 -449 -1024 1476 -1953 -1255 537 769 787 -1701 -500 -345 -855 -367 -739 -1413 741 1569 878 -616 -526 -171 448 -1237 -222 214 -233 -64 1116 -178 -1602 1515 -515 274 847 961 943 -251 190 -267 119 508 -23 -182 1013 867 301 239 788 -701 -304 -276 -539 -363 -605 134 -38 957 1148 1079 -372 1201 -628 -227 336 -153 666 408 -993 354 -265 305 -279 -1665 689 155 352 -891 945 -526 -19 -168 -238 263 596 665 497 -1716 188 1524 195 779 -222 -614 520 347 -375 -66 -532 -145 416 -133 -1276 -540 -641 530 595 -728 -772 -289 894 106 -1250 571 -422 -260 -96 -218 -1059 1815 -609 -447 503 -820 2100 -565 -81 -12 -1269 -496 330 458 -1394 109 -471 -2038 1396 121 381 -856 -137 -838 -1268
615 381 -143 -102 156 -337 -1561 73 376 944 -775 -513 403 865 -981 608 422 204 -40 -458 44 510 964 -904 -623 1063 -731 4 -564 -1206 -367 541 -283 336 -92 -1168 1336 -208 -764 -630 -812 65 -1234 -709 -1132 -397 524 244 18 184 -326 370 -1017 1633 -1091 -640 730 380 -949 -1247 -648 -652 -633 661 290 -378 -6 -254 7 553 782 527 1351 184 139 185 -1353 -144 -582 549 757 -636 -985 1772 302 457 -2022 91 -1390 -568 -228 -91 2 -248 1111 -347 1167 957 -671 112 -79 708 683 499 350 358 -224 72 1561 -1247 186 348 1681 -10 -470 -374 -260 -405 339 -735 -101 112 -315 927 222 1521 1416 -585 -552 -911 -75 -576 -1386 -734 -1397 975 -624 -438 497 -914 -397 25 359 898 278 896 373 518 -906 470 -251 -333 -733 538 -397 -443 -798 405 44 769 226 -55 310 -655 -75 1384 -183 298 -513 12 -432 -47 396 971 -554 -812 -727 -542 301 472 653 -558 270 -183 -507 -712 -168 373 -213 299 -430 168 1066 242 -485 -898 203 446 681 -539 762 325 -495 -1013 -1609 82 -245 -86 -653 -278 -17 1074 871 -260 572 -713 -320 1528 736 938 -611 -1501 -51 -748 -803 149 -1114 -678 1590 157 -197 -852 594 -750 -747 -1090 -171 -827 138 -34 -1099 -271 -883 484 229 -381 1283 -20 440 630 -524 -187 1510 -257 1101 -1296 173 -1864 540 319 -261 -599 45 33 1604 1130 248 215 43 700 955 191 -473 568 21 -290 1901 -47 412 -634 -489 -22 153 141 1760 -1291 -54 230 -207 43 642 136 -831 -817 -290 19 981 -592 -868 -792 -1013 -291 -245 720 -415 26 477 -260 135 1517 -107 -358 -1515 17 -194 -489 -1140 -347 -223 219 1154 405 -1686 -1311 -642 -413 68 33 771 76 -75 879 2110 -894 -693 -140 -1434 765 -356 -127 1018 173 -626 448 546 -60 147 18 -205 -550 -1737 845 704 134 294 551 137 -361 -213 -106 429 167 443 -1 226 -57 -28 267 145 245 345 -516 770 -1664 215 211 -641 -653 -156 1394 201 -1578 -1 459 -14 1327 724 -307 200 -167 124 122 -279 -279 424 -115 -940 -564 -360 192
153 2 517 -447 -1551 85 801 547 114 -550 -344 297 13 -184 -1253 -1280 144 -162 152 37 606 105 29 73 21 -369 1019 1676 330 784 -1412 -249 1234 -1145 590 -120 511 -246 -562 -527 58 869 -192 -826 -935 224 -922 -863 251 1105 -503 784 -459 362 53 939 -1337 -362 -275 -341 -1220 634 -645 -872 -494 620 746 545 -244 595 74 1292 -482 346 1366 212 -1493 -1584 -411 1161 1343 474 -677 521 185 541 193 637 -439 -612 935 -190 -71 555 -312 85 -606 -324 -527 440 1197 -134 1491 -449 -1379 -242 444 713 -1003 -8 22 109 -868 437 948 451 -68 -130 -309 715 836 -535 153 -325 213 1163 -435 -428 -1656 -19 -465 -1458 -70 -415 -670 696 888 445 165 -414 626 -329 220 824 -374 176 176 242 -786 620 -565 143 819 -87 -1312 507 -809 -33 959 248 675 -770 826 -632 414 1650 -357 750 -511 -130 -1040 -68 10 1565 539 901 466 -52 496 149 -1627 139 945 1041 -267 -568 -105 -62 1197 925 -867 732 -767 139 339 1023 540 -195 -730 -25 -355 195 1291 -751 -750 -879 721 -685 882 -251 724 1534 226 -334 1094 -508 236 -1622 211 -664 -210 37 -193 -1217 817 -10 -1571 -1287 -28 -6 743 149 751 558 119 -808 1122 -296 41 -339 1007 -512 629 540 -304 -607 -917 -494 -636 -365 1660 69 1151 -292 -105 -543 1103 72 -927 -54 367 -1097 281 -429 -378 -170 -510 2071 169 -212 -461 -376 -373 -1120 -1019 746 -566 -751 1729 577 328 -945 -42 219 531 -560 -505 266 299 852 -708 393 300 -762 -765 -70 -1094 -563 -1487 -493 65 159 866 600 -757 807 -19 130 520 -1158 -365 -1100 -246 -132 -221 863 -463 -364 477 -576 -976 -876 -880 765 -2002 -257 836 -1169 467 1290 -1402 2 486 -202 -491 754 342 -38 1098 -883 -223 35 1079 1159 -77 -244 -896 127 -565 -454 267 -331 -1358 192 -454 -741 674 -1519 72 -973 -515 520 -870 -598 -175 -790 -1554 275 -1238 981 -88 -558 -558 312 -442 739 -824 755 -399 1106 688 -102 -439 -90 -481 -285 112 459 -1035 -254 1005 903 -125 878 153 -419 -1523 526 679 990
-236 -1140 210 -1152 534 -1093 411 -626 -322 -811 284 253 -1040 81 -495 765 -1009 -438 296 -206 -764 512 -291 1573 -1125 -1052 442 -189 760 -245 -879 -363 -178 346 64 596 942 -264 346 -426 680 442 1038 -499 -667 885 -506 88 392 -163 944 1018 350 -502 184 -544 442 1268 -242 -146 -933 15 -515 573 281 58 185 -470 -1981 -523 -857 -624 925 -706 1274 40 1558 -976 -806 314 -136 880 608 -536 -331 -230 1204 -513 -594 697 436 -330 136 -1448 -1361 960 534 511 680 548 312 1019 -885 -587 -559 -785 -507 -467 -237 -774 543 71 -247 438 -923 -283 -1150 105 -458 -373 553 1080 469 1305 -268 -545 -1103 620 989 -179 -925 625 -723 -35 -144 152 -314 848 249 127 1347 -51 -498 -197 87 -541 274 951 151 37 389 531 -189 -707 -370 443 -1120 -924 -73 -594 245 371 -755 -597 -1851 -460 -417 -503 593 1783 1052 23 233 189 684 -1011 -666 -536 76 531 -1214 167 538 -15 362 -440 1157 -616 124 523 -950 835 622 10 25 116 -321 155 -373 165 396 -287 1 579 -81 1562 -128 1328 -797 597 823 -950 -1213 -594 917 -140 1576 -31 -373 -25 1575 -1162 -1497 -693 -104 -860 307 91 195 161 142 286 -1417 -805 -297 92 290 1297 190 785 308 -874 394 -741 163 -946 746 1611 -332 1195 70 716 -626 272 -559 796 -882 -406 12 1000 1514 -480 -569 -1079 -28 -688 754 -2139 -633 1009 -879 -628 1372 914 -600 149 -387 899 947 -367 1315 -865 178 1498 1714 29 1135 802 -884 1921 -41 -188 1494 530 1095 223 256 -652 140 -457 8 572 675 640 561 -1362 -1205 -263 -966 -1034 113 -149 -100 -622 -748 25 -1051 820 27 -177 -674 218 394 -1272 384 -363 -578 -263 846 -403 26 -830 1544 782 -460 -1302 555 171 -43 -342 35 -104 -1023 -156 -391 -474 525 313 744 864 945 831 -760 -1089 446 -284 -522 168 -1747 1245 838 -788 89 540 -510 537 -275 -34 -70 1607 -557 1149 400 466 -288 569 -213 1129 1106 607 -442 -611 -257 -457 -713 324 131 -1432 58 528 -742 1167 -374 -558 -309 482 -400 559 -458 1566
-421 -677 260 145 214 -10 573 -524 411 598 208 -275 654 495 589 1624 -571 -39 -47 -1783 360 -1221 443 -314 -63 41 -174 1130 790 -1101 -143 410 -613 -65 -229 -1332 709 88 -503 -388 127 -551 535 -778 81 -275 -624 1392 -747 868 -29 41 384 -100 -900 -42 -714 405 206 121 -551 -152 -694 -165 -699 -482 -178 55 -39 43 -1215 466 85 790 -1310 1110 -558 -334 -123 257 1225 507 -25 -1322 -283 120 -299 1287 70 -366 1033 926 753 -167 363 -75 382 1697 32 -85 -1375 399 -423 1030 -687 -192 -1123 -718 259 -644 -124 1588 146 -316 -301 -1185 739 184 -1605 638 91 1466 -62 297 -314 -1853 1356 1013 -152 -253 -978 488 -13 -809 -51 15 731 681 872 186 -396 -66 787 -381 194 -553 393 -301 -310 1006 -388 -987 -142 -136 -1744 -220 -268 -260 -268 1779 -1418 1387 1716 -1586 -974 147 167 138 -778 -751 -388 -5 -1156 -568 -482 -157 -105 108 997 670 517 283 -792 920 -414 417 583 194 -115 71 -901 -369 1289 612 155 618 238 177 -441 354 815 -1080 447 -104 -27 -274 -649 -508 -514 408 -581 -1000 667 344 -1825 594 -988 360 597 -501 486 864 1367 -49 192 1354 -444 -278 1707 761 1090 506 -255 -436 -45 123 675 -976 -303 334 -209 634 284 211 165 -653 -1082 1514 -421 10 95 -1011 153 764 101 -911 93 4 762 391 -621 -621 -680 665 -976 1029 379 558 786 -680 503 -572 -356 -698 493 126 -293 480 -346 -1201 409 -107 11 -266 -310 1119 430 168 80 -377 163 -921 -1415 -23 -1400 726 874 116 555 940 -182 261 -1234 -745 -575 -1370 -476 431 -432 111 308 1404 1184 -424 -32 -996 -506 236 -374 325 -561 964 -796 -1539 -102 718 -158 -1404 -1376 -698 821 1022 -732 21 878 -773 393 1561 893 191 1706 -566 127 897 438 -685 -281 1105 -995 -357 -471 927 -450 786 111 209 -598 178 391 327 625 -436 19 347 -620 1318 1878 -563 -264 229 429 274 -1090 -559 349 -9 -454 278 436 -1419 135 103 645 308 1278 -286 944 -177 189 -133 212 280 496 825 -317 -173 1488 547 308 12
-113 -690 1097 96 -481 474 769 -1800 -123 -1048 -1251 390 227 516 -306 330 -535 -56 -156 968 -457 1042 374 -790 776 -765 674 -583 -1766 -1194 265 660 116 -293 -121 752 374 -324 564 -1773 283 -745 72 249 815 -1133 -1106 659 -309 159 131 639 1224 -829 -364 -224 213 689 285 -487 1108 457 -93 -380 -225 316 182 -817 -757 710 -189 -553 -118 -448 659 153 -1414 5 -674 1058 -27 416 381 -42 -1837 -568 764 523 -1350 548 -1072 251 -1141 -925 52 642 335 -167 -414 64 1065 -764 445 558 -447 -81 1659 -550 -734 663 1682 336 -295 -813 -421 283 305 -152 -445 -353 1716 649 -556 250 1283 84 -483 -96 -722 -55 25 -265 -445 -664 893 586 246 -918 134 -340 -892 -5 106 -310 -1374 376 449 -967 89 -203 1135 493 751 -549 -550 -1112 311 -320 -390 -264 -2295 64 -81 -283 -735 -1803 1133 191 378 1293 -1271 84 -242 1465 149 1114 -145 1016 -1067 368 -358 195 528 -1560 -389 -543 -152 102 822 -249 -461 -283 1103 58 99 270 470 -1515 -182 729 71 19 479 -1844 114 -837 -565 520 433 -758 515 -1796 -89 201 1492 -202 32 -1949 -404 -698 64 -665 -786 -630 -342 -565 179 -191 164 -1091 427 553 -384 -424 -855 -862 168 751 -868 -1115 2123 399 -375 466 225 -204 834 -916 -1312 -639 980 -12 -487 105 814 1164 561 -1035 739 230 265 -648 175 -471 1417 1360 1376 271 806 418 -679 1521 1230 -1692 166 260 30 559 -443 821 352 1000 -797 371 -365 156 370 -394 -949 375 -13 961 599 906 -291 1007 -1296 21 -578 -888 49 485 -689 356 -206 519 -915 -169 44 383 590 1226 693 100 46 156 517 516 290 -1721 49 -169 256 169 824 -1354 -444 78 373 1879 360 -962 1044 1393 367 -351 508 807 -377 702 -1216 109 -790 1414 808 -675 189 -57 -146 135 428 -934 -429 -694 540 451 -444 -1171 -199 -111 20 22 -319 1130 1176 -1387 -200 44 -346 592 -640 13 -588 -726 -1190 126 -676 1118 455 858 49 302 -282 249 773 -521 826 -255 406 592 696 -389 -408 -272 -1234 130 244 -655 -450 1069
330 727 -575 -83 -320 -994 1347 1123 851 -266 -760 -387 -263 409 -416 -555 -790 514 -119 -791 -516 103 -1949 476 -1179 54 1296 -194 -922 -886 999 -598 685 -336 -46 1650 922 38 779 479 277 -180 281 204 -1147 -453 -1894 -836 824 -601 794 19 -939 653 -1418 194 -26 168 -1022 433 -641 590 359 -118 -83 -1697 -1323 -1073 -85 956 -428 -914 461 -404 133 -220 137 4 -269 -945 167 443 488 -450 -295 -594 1271 -278 -122 -1120 1362 -146 -58 -871 -60 390 25 843 382 -345 554 -166 5 -204 1516 165 103 1486 -421 -440 -167 -1529 -321 268 117 424 601 -302 156 -1043 250 -76 370 -620 257 -165 354 267 -539 -735 -690 492 258 744 258 957 -654 -989 761 535 -127 734 1081 604 -388 -390 -1152 -602 -346 -170 -426 -905 -232 1880 -440 -686 1365 712 -1544 -463 -967 -651 -228 -221 549 104 -443 78 226 -568 711 -250 -811 -1261 963 -988 633 272 464 324 -670 606 -1210 -472 -837 -162 -1475 -1048 -317 133 -295 645 215 727 475 329 -78 -193 -10 309 192 -888 892 200 402 -508 -320 1277 -174 -160 115 -346 -618 699 -223 -455 269 1051 65 -70 -1746 -496 -462 1259 -315 252 5 439 -1222 -633 36 243 -424 -281 538 -964 137 1202 199 -606 -59 -295 -412 225 350 221 -539 285 -1147 501 1124 1346 -1083 122 1423 236 925 -254 46 38 734 -980 553 -716 -1089 -1574 634 571 -286 227 -1112 -1083 -560 -404 791 -1149 -295 1394 -443 872 656 994 11 569 768 406 -2016 483 -328 56 724 -77 172 -895 990 -225 454 33 -469 2 -301 -338 1364 -1031 -586 -798 19 -1868 490 -377 721 -885 -68 589 -643 495 -940 732 -1116 -434 -452 -185 -509 390 -1427 87 332 -1801 1343 -142 69 179 100 596 -323 -1747 -454 -164 -401 398 -765 -681 238 -682 2327 -454 868 104 643 -121 -61 -56 -152 370 -646 -25 -338 -43 -220 742 -353 -1393 -423 583 -706 -471 244 -183 -1683 -655 635 -304 1799 -562 142 854 -575 564 30 494 74 -329 248 208 597 -259 -972 -220 1096 -152 9 54 -971 -1810 -1010 -760 768 265 -366 -221
-434 -443 1226 -342 -255 -418 477 847 540 -615 -493 -389 311 -1228 -175 -285 -629 -774 -778 1434 499 70 -296 -820 -993 -623 85 -707 -459 -1175 -1212 268 205 -2 -8 -98 -1102 569 129 1074 35 -335 -720 -286 398 -254 869 947 -177 360 929 217 -921 -230 708 1447 437 4 627 -768 1386 163 655 500 -1046 143 860 235 -242 165 331 1216 708 -185 187 -617 785 292 818 167 1126 -201 496 157 -606 -764 -375 935 1515 -731 -166 -1847 -713 -79 560 -1130 459 -171 119 128 -200 -312 92 -1128 -433 24 -424 -306 739 1044 -1219 43 130 418 -1211 71 -625 202 1392 376 -2385 -153 -661 -52 -1414 757 996 -483 319 85 -18 -856 330 -330 -278 -305 1017 -406 396 152 1149 -932 388 1095 125 534 -507 119 -370 -531 -312 391 -4 -633 -70 63 -176 796 1288 -288 -385 -774 77 -511 473 -98 -324 702 -838 860 -845 312 -63 511 -130 -406 142 48 -70 171 -857 371 -1268 33 -1194 385 -296 -769 402 411 216 -681 28 -365 -2745 -1059 653 302 -110 -255 -848 59 1372 -12 42 382 -408 477 1930 -674 25 -884 1050 501 840 -1318 -587 888 651 -584 -489 -255 -1518 -58 1638 53 260 -223 1150 -1133 321 -510 1018 206 -1752 -415 334 -1592 388 -569 -550 629 -385 141 1066 562 -536 728 -150 399 -600 -1163 -444 574 -361 102 600 -41 781 -970 460 -1351 -63 1039 335 -418 -1029 951 606 -827 -10 -1630 -1166 -169 -892 -406 -427 -319 -1126 -33 -652 -25 617 -201 336 560 306 1458 2033 590 -433 495 -1247 -1392 -495 -1526 262 764 -228 895 -1281 301 67 116 189 721 -359 -994 763 -910 324 -216 572 -503 -236 -570 -211 320 94 -322 233 -997 532 -528 328 1315 -1128 106 -759 782 -312 -691 -303 -259 712 1967 1053 522 76 700 267 -1129 -984 72 -723 -141 75 150 -141 -109 -376 -496 -403 -101 -408 -833 -188 626 -737 -662 -514 -375 1072 510 -196 -660 -1417 -197 -632 -883 525 319 967 1099 -162 253 -358 -395 -919 289 279 -271 421 924 -212 74 345 523 -113 -426 655 -1261 68 707 -835 532 -806 -583 63 493
-734 541 923 824 595 -595 -169 -1118 -1259 -253 868 182 -700 -121 -468 917 457 -86 794 796 197 865 -392 108 1672 -396 1124 145 -32 315 -1204 -54 -962 -2387 1394 120 -276 -333 -172 -201 -1420 -909 -814 -1067 221 -22 64 -643 -386 654 -330 1260 644 -230 -984 -578 454 -1324 -1146 -1272 131 -686 -787 44 505 -498 515 226 633 450 717 958 -729 -502 177 -541 59 -1915 -325 -1116 1547 676 -1049 373 -273 343 470 560 -332 -1430 -123 -61 700 558 -1123 -845 -869 71 -217 310 -993 -1174 107 -514 -414 452 609 -1451 163 110 -527 -1187 -964 -67 -1376 -981 495 287 -1 1073 1192 -344 -119 -19 -2190 455 -695 825 -304 59 289 594 -399 551 431 605 1224 -13 204 -1187 1495 -1737 -506 179 -407 -827 1620 547 154 409 1428 693 -456 199 -345 717 -774 -268 747 -79 238 -62 -1151 531 210 195 279 -150 194 206 -861 -219 -639 267 -470 -420 473 142 -523 1450 -244 -1259 606 786 405 -161 1116 805 830 -193 47 -961 807 -636 -440 116 -1094 -814 -32 364 13 -450 333 -361 735 924 -981 -786 -747 570 687 143 -493 -533 663 1288 400 -1092 -92 -245 966 -673 -1852 -323 -193 186 409 -673 1062 -614 445 709 -633 -1060 -276 -429 249 865 -547 227 194 -1241 49 -74 74 1008 995 -1075 1086 -870 217 71 715 235 382 301 577 227 20 -1613 888 23 443 162 330 707 -255 -354 331 -644 121 -810 189 -844 -423 95 -830 492 -219 616 -348 -979 92 627 -743 431 -578 -182 -19 -362 -467 254 -177 -760 154 -463 -203 -1600 -816 -210 -669 -632 -1087 167 343 -1007 -758 978 -178 312 -140 -1160 1686 -470 223 274 -228 196 -56 951 -172 -564 -746 -25 -960 186 -1043 653 549 -583 664 448 262 218 -18 -468 616 -571 -609 766 -247 762 -342 -304 -797 -993 -503 -290 416 1034 -1085 -697 421 -616 541 1405 390 -97 -1417 -1774 -375 521 -488 -478 -636 -922 -1220 176 -404 1551 859 606 78 838 -513 -25 -678 450 -690 525 789 -771 9 44 95 303 -285 561 -1643 407 -525 -755 117 1621 -730 -352 886 297 547 564
-500 179 72 13 -1003 892 -564 892 803 1627 472 488 877 384 -731 514 -128 -1119 204 -650 -653 915 -171 -362 -554 315 -335 38 -917 232 -515 -289 -990 -759 -194 82 253 -11 -162 -865 21 -208 -555 -1134 16 399 -361 -508 -399 -200 1099 -1173 -4 -130 1832 -442 -770 -1052 -1167 455 -314 -430 511 790 1201 -350 467 -130 -126 -45 -563 -429 253 848 -386 553 809 -364 511 2180 1067 1200 -136 670 -578 -446 682 662 602 -152 -167 -252 -824 874 -267 -129 -1109 -462 -1050 -947 -638 160 829 -445 1452 329 -559 257 715 -65 423 -328 258 846 -842 -544 1130 247 -571 -112 1072 202 -1860 522 -578 -215 -326 369 -541 -29 -1376 -150 -1137 -333 353 -858 1266 -1475 -1341 -1471 140 -819 -204 -541 1244 5 342 7 -628 1425 -176 -111 1269 832 -632 129 493 -1946 832 -39 686 -1084 28 -395 1441 -1283 248 403 108 -657 -160 392 -601 150 -1055 -395 328 -1126 103 -435 338 1070 108 -969 -40 -19 412 821 735 767 119 795 -777 -524 -5 728 -21 680 -54 -536 -971 157 264 707 -1705 364 -466 -579 -468 191 -793 -840 -42 230 38 -701 -103 -152 873 -1420 -862 -161 -122 316 935 760 -104 -643 758 483 -271 -89 -278 -559 148 528 -438 -403 -336 -242 -386 887 886 378 370 674 214 -480 330 -1648 583 101 314 383 1102 607 713 -1198 892 376 527 438 540 312 290 507 794 -41 322 840 -431 -1154 -161 -290 141 885 -29 -718 -1044 -1435 204 452 990 1642 -47 524 -138 568 982 -647 -443 -409 -7 -303 -103 329 528 -75 97 314 31 -260 -646 128 -613 214 518 221 1375 -77 -409 -308 -821 53 -1592 318 55 -17 -771 1281 -1006 672 -31 120 892 213 -1293 -631 705 -653 -1093 -108 -1210 664 736 -940 106 -1055 -330 139 303 18 -335 488 -137 1329 -1523 -1161 450 45 530 -1315 435 760 1215 362 -294 421 -491 646 294 197 -850 -514 269 63 112 828 201 -282 -877 739 332 65 -1740 1103 682 79 284 -754 -33 438 -636 997 1827 -428 -20 28 194 99 460 -427 1194 -794 186 280 655 -268 60 -1090
678 195 418 610 1094 1940 -682 -576 143 369 -295 -641 -682 644 -63 1313 109 -20 -1707 126 -264 -69 621 40 717 -464 -287 -116 1280 -126 401 1405 246 11 178 -247 -145 -877 -685 738 -582 -390 -353 -939 -292 -612 -189 -867 -703 16 655 -2095 1916 770 189 -114 85 -622 -353 -826 -1365 -178 819 466 144 1018 -263 -1231 -653 -194 1157 -672 -95 -855 -1087 113 -490 174 692 642 950 -1275 423 1116 -713 -1029 232 20 861 702 186 921 -488 -142 -130 -2 40 159 867 -819 -207 -799 -240 -1535 290 273 -341 -481 1630 257 915 430 79 -559 321 -59 -583 -766 112 347 455 515 -831 1086 -272 554 346 -1096 240 -593 -990 -384 1518 -33 269 -287 1103 368 -704 6 -100 1069 -209 711 -206 -1718 -852 1497 -29 -311 290 581 -337 -1522 -1067 436 -297 88 1231 -18 679 1079 -522 813 -17 364 -634 -33 -175 -347 -156 1740 257 -580 155 -1158 418 -82 131 -734 147 837 73 232 966 -216 115 1384 392 299 125 -940 1053 -684 -11 -1365 586 1096 282 389 -43 649 119 -71 581 -618 -589 -987 -211 892 291 -1174 882 81 -497 905 -265 -171 587 562 296 907 -753 460 297 -364 -819 -563 788 -1666 104 972 -229 1975 -521 347 -1209 -788 -1678 -84 -412 28 -1528 160 67 -1440 197 428 -1183 496 774 295 1916 -1230 -52 -108 -830 108 1260 62 1372 -385 339 2310 -686 -529 164 254 820 107 -362 125 -279 -644 522 -621 200 -71 -184 -1164 -79 -475 172 -761 -722 -13 1199 17 382 -404 -517 -924 -892 1743 -889 -397 -927 431 21 527 133 2380 71 177 265 1144 -324 -292 878 -48 -157 -556 369 -76 -1441 696 -457 570 -675 -760 456 -681 240 89 1179 899 -968 -562 -287 141 -169 528 -112 -691 69 12 -280 624 -111 834 358 211 -1167 244 -873 -695 -355 -168 -381 70 219 103 318 -881 509 91 322 1319 -841 -1193 -115 743 -1529 -331 63 41 71 1099 831 424 -162 -260 -1001 -220 -813 -586 -1201 7 780 -60 1311 274 842 2022 679 -545 -798 546 421 -310 265 728 -11 1728 616 -532 1657 184 761 -594
1281 1116 -212 -359 -1598 116 240 157 558 -36 -601 -617 315 -489 956 804 -820 -1207 -48 533 -287 -1100 -925 275 -576 -753 -1326 -37 170 776 -1194 -849 -250 603 -682 -1287 -397 472 190 19 -392 105 -1100 -1017 -169 405 1312 1256 293 -525 223 660 1067 487 827 82 770 -467 718 -910 -640 -221 -547 820 136 974 316 -98 -636 -637 137 -74 675 -629 83 -184 1029 531 -184 -26 -887 -420 324 1089 -188 813 -985 -88 -741 -774 665 830 751 116 519 200 -491 -543 -907 528 -142 806 -178 -384 826 244 -284 -3 -268 -1334 -167 -525 760 -421 675 -599 -279 -207 -377 -615 -957 -587 914 419 450 -9 163 359 242 687 297 -1472 27 -397 -836 290 -1061 165 100 1395 421 -594 1784 -263 -319 171 387 1198 -1718 -1089 -148 -26 1263 -255 339 -553 -943 -537 838 101 421 859 -203 252 148 -1014 -562 1354 -508 -22 48 794 -143 328 611 77 -414 690 -616 359 135 1041 126 719 -249 -17 -1352 684 508 689 322 -839 298 -105 666 -754 1032 1747 -395 2019 -22 -757 -318 950 -308 966 -658 -322 -610 1474 328 -34 368 -642 809 212 -612 626 262 607 1301 -110 894 821 745 221 159 530 4 -625 -167 -308 910 -1340 -53 -919 845 961 -498 -68 -235 -237 571 -203 -75 516 -333 -442 -116 160 -1724 1875 -263 1034 341 -403 158 -658 -866 207 -898 -1260 -374 184 571 -102 496 -1153 -51 717 -335 353 -59 615 -558 331 1439 635 -239 950 1196 871 159 94 1445 338 303 40 -20 825 4 278 779 -989 -407 1063 617 -2 -768 1941 683 -559 588 -459 -1317 271 148 797 164 -358 -614 59 -241 -2095 -827 -1649 78 366 44 -599 1318 569 -707 -454 -913 300 -37 214 500 180 814 -185 1128 -376 246 31 -471 -1117 -214 -510 -422 -531 387 150 -118 -1725 565 -649 -545 888 -393 1147 843 67 347 85 380 -128 -188 306 1106 43 225 168 1184 396 682 244 1108 774 -483 322 395 866 -250 573 384 219 -148 287 -1201 -857 990 -386 229 713 112 -163 -345 1349 151 -350 416 -1070 307 -408 25 960 327 -106
685 -427 -590 -355 0 833 -1459 -1811 930 1468 -1153 578 -227 1169 -294 -652 1128 881 964 -1477 208 75 -306 -199 -809 882 463 1026 -422 -104 2123 -485 -1379 284 -1239 -722 1346 -232 383 -503 209 -934 917 58 -616 347 1024 -113 -663 -1059 -483 -1644 1057 1824 -180 -23 -1427 647 -645 -779 -492 -388 608 935 24 -686 -225 -1240 -411 172 -195 -707 -94 848 -417 521 -323 -773 -2379 -200 -364 -382 -83 428 -604 745 889 -502 -1210 -233 36 577 -476 -264 -202 182 59 -617 1003 -1645 31 610 166 342 39 318 -617 -844 -677 1407 -347 -909 831 -498 560 745 -630 -199 -415 -58 1143 -1183 604 1089 900 390 331 -835 1286 -269 -535 723 -165 -827 865 462 277 -86 810 -1867 -327 800 959 186 -895 532 592 -391 -1109 594 -645 -670 -696 483 -547 228 -691 682 173 -798 490 -422 -366 890 657 -31 -655 -1038 638 -68 -966 -667 -238 504 -655 -456 266 1630 76 -191 565 -415 -1069 -40 53 -952 507 1091 651 235 206 415 -579 -140 -96 -1516 648 -335 -58 151 -17 268 -2 144 -347 -448 -197 519 11 665 -1348 -540 -573 554 -1120 -529 -832 -697 754 -555 1097 -1356 1576 -749 -1166 -391 199 -1797 1430 958 -79 -34 650 343 240 -706 -941 571 -360 -214 -721 1376 897 300 -51 -465 751 -503 553 795 -475 -23 138 871 -287 -474 -84 -951 966 -820 -275 1142 -589 -846 548 -378 507 -227 -315 -537 -1888 -319 939 968 300 -8 317 1308 237 -299 -824 322 -219 -1144 1567 -814 529 13 -1070 629 -750 -1583 -1562 -231 1193 -466 -1941 -876 638 -1057 -356 1203 -2133 204 -1239 -140 820 745 40 498 -183 94 -1280 -1496 247 390 -1812 -1124 -401 -108 -1190 -856 963 323 1809 47 39 886 1237 -472 761 948 481 -10 -1320 238 615 87 -576 -553 -602 1035 -1068 -307 -949 1180 -838 -413 -987 -1308 466 -328 1212 996 490 696 123 168 1589 326 568 1369 -1075 64 1007 755 431 805 -850 795 397 -615 767 -37 -8 -170 30 76 13 -290 -12 -848 881 1262 -166 -946 159 -576 572 1155 782 1057 386 183 -456 -448 -163 218 -1135 -1049
-520 917 1125 -74 337 490 -660 336 215 744 -1039 488 -39 -496 -474 -837 425 -60 -504 -748 -1237 -146 1443 546 -721 473 747 212 -864 1244 4 -140 -145 -217 763 1324 -1991 -213 1040 214 534 -44 -333 -51 -808 412 -414 739 790 -188 752 329 -67 -468 1321 -289 -732 326 -87 -447 960 -29 -501 -955 -113 -803 -478 -1194 -647 -1313 -243 -374 399 -1154 949 561 -110 567 501 1054 -333 329 -605 -204 -217 249 283 -226 712 350 -613 230 71 -80 -957 -64 780 1017 -469 -1045 56 892 -1287 336 915 -370 -36 2073 779 -36 -654 738 -117 611 -1033 236 -247 692 -289 -172 -110 95 828 608 -1295 -29 -4 -393 528 -355 -390 -787 462 -238 268 -279 1661 -1170 775 245 -994 15 -45 -1005 545 1113 760 1180 714 -503 682 -82 881 451 833 615 393 -326 1339 -555 -745 -623 361 293 -267 -1274 631 119 -383 -278 -1400 323 -208 220 23 -460 -512 -110 475 238 772 924 -952 -456 -452 706 684 -1209 718 -490 425 -233 1964 1186 -881 -75 -1378 684 -433 1697 -636 1497 1407 -1387 1330 -1062 -54 -1203 -912 -740 -1058 515 -96 274 99 142 546 47 300 -468 55 -1826 535 -486 17 -123 881 -1285 -85 378 -300 -10 -1084 134 -707 706 393 1299 187 765 1356 367 819 -129 12 4 -110 -393 1083 -960 517 -996 198 1498 86 175 -899 -401 1708 504 -1147 -933 -1504 1726 -30 197 -476 -629 656 -448 -1170 -88 -19 739 -527 40 -1389 737 1570 152 522 89 870 677 -341 299 740 325 892 1470 -403 -174 567 141 128 -426 -41 -903 -174 -970 264 135 167 -214 46 -117 -231 -88 1579 309 -108 -1659 -340 673 -462 1024 -819 -243 -613 308 111 708 1615 -378 331 -876 1033 1136 -1298 -548 635 264 -512 -314 -351 -834 390 -68 340 1572 -1294 421 -477 -785 1353 450 -287 990 13 -735 343 -932 580 -507 367 1592 -1049 631 1051 552 397 887 307 912 -944 145 749 -88 -667 534 1319 1167 675 721 -345 304 317 -213 1530 -1442 316 -89 408 227 344 0 553 150 448 -769 -85 -257 601 469 -1305 -278 215 -367 -1273 533
272 -708 -419 -4 1410 -927 -24 -1070 -1374 829 -174 839 672 -1235 283 135 260 -506 811 389 -84 -747 0 867 -546 182 -116 -499 -829 -1221 835 120 -125 535 121 455 -449 -16 595 -685 -773 -195 19 273 519 469 817 -636 930 1334 -1037 -1370 511 -826 657 249 -533 396 265 661 -320 643 -832 -830 898 20 -264 -41 892 313 -1069 238 1150 -2124 -1592 543 -1248 330 -1009 -1297 -373 152 -883 201 174 753 -160 -38 519 622 809 -52 1475 1043 1341 669 -456 1521 845 375 296 -246 -1448 723 -223 272 640 -804 209 -653 828 538 462 -450 139 58 1321 692 1159 310 241 1227 -463 -1045 207 -854 -428 2 -1184 -774 130 240 -521 -355 -209 -730 -361 -155 1023 -492 182 750 644 596 580 491 1458 -871 736 -134 278 328 139 425 -918 347 -833 125 1018 836 -1411 -478 899 -275 -133 -1532 -1355 1446 353 -179 -1077 10 6 857 209 -949 -604 -168 116 230 336 -319 1709 -135 710 558 174 850 1352 207 66 -965 -305 -1326 881 471 -315 -758 182 -201 539 29 792 120 772 -411 -122 838 462 1660 241 656 -538 -802 -181 -1312 -863 -475 1464 452 607 -947 330 372 1077 815 100 -387 991 -44 -857 1154 -447 -305 -234 -611 449 -524 132 699 -416 -55 -966 332 455 382 -1648 -68 806 766 -421 426 232 322 -759 -20 -234 1455 532 -802 718 518 645 244 -125 -730 -92 1250 550 1086 -663 484 -1591 338 -611 -1236 -383 887 881 801 -306 740 -1309 507 510 -443 -845 -152 -266 -1353 -266 -897 -1139 -947 106 -146 -847 -1487 -110 -171 590 -1531 -210 -1039 -1326 -469 883 852 -216 124 1055 -20 -66 408 -220 -975 88 1317 918 -94 -73 145 -1395 145 48 -771 700 335 -1199 204 1097 -748 1019 592 4 -944 416 -83 36 271 -192 1015 -865 16 385 580 705 -313 -1065 41 1182 467 114 607 224 1418 -784 -2062 1200 416 -251 565 -832 98 -845 748 -654 -315 -22 243 614 -17 -626 1585 851 70 1026 -306 154 106 -15 1563 416 -916 -277 144 304 -1304 -475 -686 656 411 756 66 1224 -1373 -287 -742 409 584
155 -1176 -115 -704 -558 -58 919 -2030 -360 -285 335 -706 -924 -335 153 -99 294 -637 -569 999 270 834 74 472 755 -1366 461 381 -1961 -538 861 576 -1079 689 309 -858 306 -121 -495 -132 -1083 383 -130 1514 492 -81 1125 -481 1148 448 285 -1061 406 122 -694 677 1000 -687 790 -30 1191 482 -1278 -68 -315 -1034 -646 -402 345 485 785 538 56 765 439 438 -407 -430 1302 -849 -236 429 945 -277 -161 219 464 -54 538 212 88 1288 -870 752 -633 2 -730 620 602 -889 -635 -4 195 111 293 871 104 457 336 -271 -999 872 -683 335 -602 289 -569 -216 364 -1480 -1068 123 1357 -113 762 747 -330 -229 834 -715 400 586 562 262 1131 1667 -214 138 132 1058 1181 -77 -110 -346 -554 224 -30 466 -727 -562 22 -710 -549 274 369 -634 1276 1306 -255 -604 -199 266 -436 21 -161 329 -148 -1055 -504 -251 639 -394 357 -350 497 -750 -704 126 284 74 -278 -530 12 -1268 -504 -984 638 -1855 -41 945 677 303 -448 -875 504 -602 405 371 -362 601 -198 -893 -1500 -657 354 463 -577 438 196 235 692 -104 622 610 564 589 403 -448 582 1190 -97 -575 169 233 42 774 1231 -311 -519 509 -194 217 809 -450 -602 279 -48 1043 1202 643 1058 122 -342 27 -408 672 566 -1380 4 -464 285 -107 -306 -101 430 -305 -1308 -810 440 -973 188 350 -355 -96 1281 -1117 -983 217 -1414 -747 -137 1381 761 800 707 -363 1085 -424 1319 291 281 -286 -448 580 667 113 -752 -227 908 306 432 -980 -427 309 -798 439 -897 773 626 1124 -1347 254 256 -544 171 -470 238 -108 -1591 -409 -1185 1562 -328 765 514 -1243 -1346 56 259 -7 -493 266 1637 -325 673 -581 -45 -23 179 -133 790 378 2039 1342 -96 -1077 -984 242 -26 -23 -1269 65 -261 -4 -543 -917 393 820 1282 213 -670 1463 24 355 -96 -325 -427 -533 2 68 403 512 703 1094 770 709 646 -417 -451 532 66 1201 -290 -474 -474 -1223 -777 66 -828 -246 253 276 1000 1125 -395 243 562 -796 606 47 -121 399 -1061 -1092 260 -278 -60 -419 -596 -545
355 1303 710 -404 6 -184 307 693 970 744 248 -447 -283 -41 499 -347 58 1363 -540 -1228 113 -463 290 -908 -274 602 192 -688 1533 -1060 516 774 -656 1649 -697 -727 -611 1005 -168 -933 -38 -313 -722 -843 -163 64 147 -358 -374 -578 271 -1308 1055 685 376 736 562 -448 -460 -595 321 -257 527 -1083 326 714 -1093 -152 -916 0 -285 -429 1304 -938 914 -1037 301 -168 -126 -90 -143 -1016 1560 19 -71 160 -319 -1518 -590 493 -573 -905 -27 709 359 478 -480 628 46 701 468 -874 -90 30 668 -924 -651 563 -445 224 443 -45 -498 512 339 -1156 688 -1136 -411 373 174 1282 -56 87 1092 876 -541 -332 193 -799 -101 317 -448 -198 -169 1218 -152 -763 199 -543 -654 599 656 2 -874 641 -1288 612 880 -423 116 93 -657 -62 -222 -135 -276 764 -196 71 -318 433 -82 162 197 -558 1054 -211 434 -222 -663 -445 1957 755 386 236 -453 1028 -117 -809 584 993 -1085 -304 520 -471 475 -343 -463 -968 -172 158 307 1723 -498 -759 752 -269 480 -144 469 -1771 1101 -713 -1630 -552 98 -426 -127 -34 745 -95 533 1088 1136 -764 795 258 -1471 499 -163 118 297 -733 116 -208 -31 878 -144 729 968 683 -700 -77 -790 -698 -560 1108 -329 50 527 -692 427 376 -245 -1342 107 901 -15 -61 -150 -231 -1102 -791 -228 -438 -632 640 14 636 -177 -326 849 -895 -380 158 619 435 -156 530 -722 2014 -1125 -134 1047 -108 629 1895 76 -355 1394 1097 -970 1100 442 -1158 -1016 -1371 41 1425 317 -158 -1143 -132 -82 952 438 1125 -862 -168 135 -394 445 -1086 -619 465 -8 732 1004 1147 63 1722 1298 159 -1184 1133 84 -647 1269 -127 -49 832 -407 -119 -319 -410 -873 609 -797 499 -722 203 841 -568 -602 -408 1977 -178 -52 -22 -35 412 -1565 1509 302 -276 -240 218 -907 799 164 521 162 1072 1401 497 -398 -400 -1736 134 -1215 -574 -376 -263 274 -733 -77 1004 446 -525 -91 -1404 61 -64 646 -407 -92 -652 538 233 71 165 463 -1150 679 -193 -150 573 240 318 789 1028 -416 -257 -84 518 287 -1134 -355 -1521
-433 874 -1285 1153 148 595 1483 646 609 -766 -302 -847 -640 -669 -337 -345 -606 384 -129 311 1028 323 -779 220 -99 -1463 -475 -234 -306 741 -629 -556 267 -404 896 473 1382 -625 -321 -40 -431 3 -363 938 1012 -301 458 -788 -877 1229 327 -16 -163 199 1128 -54 1230 -721 479 -361 -429 -63 -406 336 -466 576 1412 972 -922 -724 -1203 -554 1014 -519 1061 -805 -789 -1019 126 -905 628 -93 494 -881 8 923 786 247 312 774 414 -44 -11 1017 -9 -583 -680 32 -1180 956 -699 288 409 -84 895 -328 -242 432 -185 -730 898 -79 315 -544 -153 -902 -517 486 -652 -224 34 -1042 124 769 -359 698 446 -62 -98 -65 104 -1290 -393 -1188 47 -2072 574 -109 359 -1303 702 -488 1334 -388 1541 -142 1182 1936 -469 -525 -437 210 303 789 938 391 223 114 1066 -1338 1131 -426 489 113 1272 -1640 97 -17 434 999 684 93 -509 404 90 472 897 -221 556 204 1265 135 -134 786 453 -93 232 -448 930 2087 631 403 297 182 -1017 -526 -671 -894 -847 1305 473 649 321 -65 -220 866 -712 618 1015 225 -1342 -133 243 -1303 -1537 1549 397 1045 390 -332 -527 -145 -1266 311 136 549 -270 512 -1128 -276 893 -673 296 671 -61 -631 -1518 -64 218 -551 879 -182 -797 -126 330 -31 754 -23 230 -556 334 575 -151 539 846 520 -279 32 -1046 -1077 763 -270 -180 -142 -288 -121 -585 531 -102 -541 -670 -756 329 368 -555 -812 1077 628 1107 331 654 914 167 -1231 -274 -509 -107 475 676 757 -79 65 0 -373 -995 734 -313 1106 535 -185 -455 -1084 858 535 363 -1924 -114 509 -471 -399 -1306 136 716 -600 576 -1841 -873 1024 1447 412 497 25 -905 588 -283 852 1210 749 -454 -293 95 -308 361 754 -371 1139 916 -100 921 476 -75 -1547 -563 -345 91 -395 -1185 -74 -1023 -279 -231 773 -75 3 1509 1783 565 -439 -95 -876 173 94 1841 -554 248 146 386 -1034 1047 -94 -384 -335 114 685 -676 -128 369 292 -607 -78 211 -542 771 615 -262 761 -445 833 -1228 1362 784 -940 -2027 -221 -394 132 -1258 808 489 836
-236 550 825 -67 366 -166 -1032 463 -728 -634 -370 493 503 164 306 -32 1186 531 -27 658 1300 1003 164 -1283 346 730 676 525 -408 -6 328 1572 -665 -618 -686 90 141 -489 621 -58 1900 229 -192 344 929 333 357 50 666 -1102 -408 36 -19 -660 -425 -268 594 -1067 -788 187 735 55 477 -271 -246 -80 571 -559 -85 572 965 1431 148 665 -154 -1624 -1110 -322 -304 -944 13 -67 -126 413 -214 141 -147 522 477 -423 -305 32 240 145 204 7 -246 599 384 -217 -50 -1349 -107 278 545 -489 2248 -15 -1198 464 266 161 478 362 817 -338 805 593 60 1022 244 -17 -237 -1201 -119 -17 -124 -956 -1762 126 272 -1022 474 -2 -736 459 841 -677 -147 -418 -419 -512 530 759 -637 -586 -1262 -877 793 343 344 392 -535 -562 -1078 -332 -126 38 -626 561 -744 181 -583 -1024 747 583 -1471 -289 369 1290 466 -24 -338 12 790 -575 488 -548 331 -330 1430 543 183 223 -866 -123 182 177 1386 -236 2017 128 -186 -1751 -374 -486 -1593 -1244 -1250 -288 -202 -212 -502 -122 929 392 -184 -95 -531 96 732 1070 879 -1345 521 464 66 -714 -132 231 552 -793 592 723 553 90 55 487 -167 166 490 -291 402 458 942 235 730 887 298 1758 531 817 -275 -496 -568 402 791 -1383 473 -245 380 -418 -282 -635 415 -342 -71 432 -140 195 584 528 -615 -438 -571 553 -942 332 716 -210 303 -1020 -495 -1455 -1845 742 1452 -130 1346 -1401 -373 -541 -1421 -913 21 950 563 -718 756 -930 507 -297 691 -622 -383 -327 -1361 536 -369 -334 -273 54 175 -1099 -700 -289 -378 -532 -24 -761 528 1310 256 717 913 443 -157 138 -439 160 836 578 -536 -51 437 579 -58 -45 -1247 -194 -817 187 -1346 333 1165 -1537 -192 1709 65 -148 -1084 -518 -586 284 807 294 532 -497 553 -142 961 -1802 -666 617 208 -943 107 -1003 1385 -594 -273 1387 -820 -648 1200 -312 -148 255 700 469 -1168 -130 154 -256 956 -696 -441 -601 750 -467 681 132 -22 543 242 -2095 837 -156 -301 1081 -175 -161 -986 95 -1181 16 59 -788 -306 287
823 434 -1895 -91 884 55 45 744 -291 -411 79 -599 121 -1312 1000 467 -604 1880 -820 -880 505 -1210 -16 -395 147 138 147 840 166 700 -1080 -217 372 -920 2584 -895 304 1475 481 432 1111 681 588 912 -685 -1277 -326 -1018 -604 -994 1037 1055 -525 -322 -195 725 -786 838 273 295 338 2022 866 -1145 417 578 -1160 27 -2212 91 -1253 -503 869 225 93 307 85 -138 398 673 -847 593 393 91 247 310 -1046 1024 -989 -1801 878 -861 1134 -458 -247 -216 76 858 -1412 299 -23 1164 74 756 -939 -370 -407 693 -324 -856 -791 -664 -91 84 -540 163 315 1162 -1090 -370 833 -71 -123 622 762 394 436 -1681 -204 785 872 -57 458 -119 365 139 -25 -378 1034 621 400 1623 745 866 -305 836 1514 134 -1085 -894 525 819 857 219 -12 -1071 613 -450 458 160 -734 -507 2474 -678 -396 433 -513 299 1319 387 1752 86 637 667 -1350 581 -1306 279 -894 -892 54 1322 2 185 852 283 368 -600 -70 -844 -1137 145 -702 586 890 911 1172 380 -597 37 -86 1117 -510 1252 -1712 1069 -311 -720 350 41 -140 -80 -289 -281 -521 471 731 5 -412 -712 -298 1116 1576 -339 -1522 -1197 -717 1048 113 -223 -238 578 -542 629 882 866 -54 -1296 272 -524 -1195 -633 932 -126 22 120 -182 -685 478 -223 -1275 -284 358 -53 238 -302 48 -792 -162 309 -481 384 2100 317 -575 119 2 -233 410 183 -370 -100 41 293 -1461 624 -479 -569 -936 -37 1146 944 -529 -1146 2118 246 -54 215 -274 106 92 -195 1036 27 302 -329 309 -71 -1162 54 372 -393 -984 966 -716 1155 1360 -1222 1081 -1472 807 -662 -1507 -357 -598 -519 836 -828 83 956 1516 310 384 1028 639 203 519 -176 351 450 -636 -1503 -1061 -1176 125 590 -82 316 1424 -636 538 -359 1781 -924 446 -152 -395 187 -662 -388 525 -129 -953 -550 -623 -216 807 58 102 -276 -744 592 -539 -544 -42 -116 951 807 -62 826 353 -631 571 451 -49 43 306 21 -1057 1372 -315 1000 -506 -745 -1128 129 1095 -398 12 -538 1109 -412 325 -687 677 -282 -532 -591 1127 -1064
413 386 -67 -339 -50 139 892 -962 -1179 311 -183 1346 942 -847 85 -328 206 449 -272 1141 -492 -131 -93 300 -342 597 889 -1523 -1230 -1343 609 -975 390 -98 559 1512 -430 -552 259 -2 -744 -807 -786 -822 129 492 238 121 -505 -414 347 1343 -302 2 -409 953 537 -991 268 1817 413 -194 25 -21 -300 1040 -299 1088 1094 1671 -195 912 -586 318 -789 400 851 2086 1048 -164 -260 13 508 589 -42 -985 590 1747 -266 247 248 -447 833 1014 -122 -529 707 202 -878 -977 -483 854 312 -51 896 856 71 584 402 -342 525 -74 371 439 -999 -441 -390 411 -372 -1359 -191 -612 -653 -120 114 -277 942 290 585 1921 838 -230 118 -343 -42 979 605 188 -70 -316 644 -316 351 -749 -812 471 379 -352 632 31 -152 429 -318 -67 -1143 1639 615 -528 105 490 61 1214 86 -206 296 -666 -633 1617 -427 -737 944 550 -362 608 412 638 321 966 34 674 -942 200 680 -788 678 7 -417 178 742 141 -538 -335 710 1264 -1187 -174 -415 159 1156 366 443 -196 61 -361 1664 -211 -165 40 1362 -789 -1405 -642 -1015 446 1108 213 1225 503 2 -225 -18 628 145 -723 -843 1257 137 641 -1271 -533 202 241 -303 793 -43 665 949 -833 -1224 762 298 1236 1235 -1042 192 1042 176 -387 -415 -169 -229 1423 162 -256 87 390 299 -457 1587 -1257 868 -45 -288 119 398 -74 -727 -783 1061 -17 1321 1556 -759 -63 1050 285 -1200 -366 591 -1308 -385 577 -77 -519 -1091 1106 80 -452 372 -237 -535 354 -522 254 -1782 395 -406 1304 499 942 264 776 -746 535 511 839 -181 54 -1846 238 1081 1896 261 -583 -136 -254 728 25 1065 -375 -516 1069 86 -366 514 645 328 -58 -644 -735 -169 -707 -449 -1999 -157 352 707 814 609 -674 502 281 -1642 -240 -128 240 -4 71 -796 -34 656 -223 -1430 -894 -557 -1555 -35 -133 442 -1148 -113 -183 -462 238 -443 -737 41 -135 1387 -417 -2042 -413 18 156 990 421 -1430 1066 -1564 124 -1823 55 -523 -263 60 214 265 -12 128 -1503 -288 -451 -633 728 146 590 -350 412 5 665
756 350 445 617 -579 -242 193 714 -1077 683 965 -430 -347 575 481 -1187 20 106 322 800 -1426 -427 -1283 531 -648 -689 -407 -19 480 336 -186 295 704 63 -1024 245 422 -408 562 1089 -174 345 205 -1171 -490 -9 -184 -220 -666 157 254 -201 -489 670 23 -152 -1218 280 601 -608 179 -557 -133 -762 -741 278 612 59 -531 103 -337 439 -221 -819 -42 763 529 52 -683 1099 -46 -128 -143 309 1251 -74 762 391 -336 1133 -372 1733 1224 -112 -1685 102 -689 -508 22 145 643 515 -198 -695 135 -497 -491 1083 765 -14 -887 -260 -852 569 -1057 322 797 1607 -548 532 -1144 1434 421 327 262 209 38 918 -253 -325 158 121 511 18 -883 198 -143 449 93 -1029 132 -483 -1859 222 -714 256 552 153 8 138 -1017 -900 1082 -138 713 1075 -716 628 492 -648 -781 355 -249 -1261 -765 -685 420 893 -575 -361 292 -337 -751 -595 -510 -825 1512 1010 333 -689 137 -1623 -1430 1172 270 326 845 1064 -860 -897 -280 683 853 -857 -624 523 556 507 -330 -57 1069 1013 -893 21 -168 -331 -969 117 183 -1415 -1270 -900 -1109 1272 -1147 -271 -2138 299 1344 1001 -969 397 -1295 -24 493 -930 -403 -273 668 -75 -384 1352 77 12 -845 330 962 470 29 -137 1366 637 618 284 1091 -1101 -1432 930 -815 466 -30 580 378 2044 -781 568 -180 -594 522 590 -109 -138 -207 62 757 -1506 20 -1008 403 1015 -532 286 128 323 -810 536 274 -580 441 707 627 -205 722 -1571 27 -739 156 -548 -347 190 1979 142 300 -179 170 1756 404 1038 -1144 -447 -858 -23 -887 -947 -693 -379 -1158 518 996 69 -378 -192 -221 279 -921 -442 -1034 1558 306 871 -955 1623 -118 -908 343 -593 -1225 926 -388 277 770 -608 -354 -72 -1098 37 104 -363 143 -353 -35 -601 -869 -936 442 1804 -1101 -492 -1043 1121 -19 1415 -772 794 -548 364 249 -889 -480 1002 -115 510 276 156 -391 1364 761 267 -115 458 9 -26 51 -604 -459 126 -725 -247 904 -109 -1100 -702 56 -349 -743 -1047 790 1291 683 309 -893 542 -21 405 -1161 599 979 12 -187 -563
-965 -25 398 -157 155 636 352 49 622 519 406 -553 -655 -846 470 233 -390 636 -1407 -361 1120 1199 98 404 1390 -1271 333 -329 334 -565 331 581 -672 -583 -30 -1485 -215 -398 -690 -565 -42 155 -275 1509 -381 -76 -470 -442 1020 128 -1333 -354 81 -391 -239 745 760 -753 114 -1324 17 651 252 -1957 1472 -22 434 -625 -561 68 619 324 -655 -339 1247 -297 314 -654 -202 -187 813 164 -295 -288 -370 918 -251 886 -24 -1289 -158 -19 940 130 1331 177 -374 131 233 947 -875 798 855 856 763 474 14 -1681 -859 -231 -1307 1726 -525 334 250 1451 -384 -547 -209 -237 300 -1105 527 89 -288 720 -24 85 379 1216 1764 -173 379 -878 146 882 960 688 350 -885 792 685 -6 -375 -324 -1189 796 -1670 -382 -356 212 850 681 373 441 -1328 1088 421 -260 246 -392 597 -240 -729 -5 1935 -479 -930 762 1027 712 -393 -212 781 140 37 -507 34 -1130 -181 366 -797 77 -626 -573 -825 143 -1400 504 -600 -499 53 652 666 -240 164 707 -276 -176 -28 -14 -751 567 -175 -165 382 -75 577 458 -143 -329 38 493 872 -573 -91 650 -1111 1236 -177 1229 -472 -483 -273 -232 -58 -16 1060 860 -594 -1120 -170 -165 -1234 -510 188 432 477 -797 372 -553 654 -366 918 551 1041 746 -36 678 415 -652 166 -141 -420 -1197 -965 -1528 905 191 -669 -1092 -75 368 29 221 1622 -140 183 -730 1282 254 -76 615 201 12 304 159 18 111 -660 -219 9 -1238 513 673 244 -786 274 547 536 -1126 132 -1467 -415 1345 712 1227 -429 317 -90 -646 -914 -107 -200 47 -124 -640 -388 -557 238 658 -1071 -21 -496 -1208 552 -909 363 525 -207 -330 -182 -782 -423 -603 632 -184 398 281 807 -683 948 -302 -438 -137 221 -517 -631 -264 -124 -1006 -482 1524 -599 7 806 -333 1272 265 3 -907 1404 -56 385 236 -1321 247 -214 -358 45 -332 -316 -886 8 253 -980 618 -26 203 927 10 -719 244 219 392 -299 604 -95 -1640 -13 -1598 188 1214 493 226 -142 1834 -256 -1282 -1019 1141 60 -2035 899 -24 230 45 -275 -261 -532
567 -593 -1562 740 788 959 -672 726 -886 211 400 -272 647 -168 565 -845 -132 -355 -1220 951 -340 1277 -178 -187 -13 -666 218 185 -1068 -75 6 528 -590 358 -608 -199 -520 -206 400 406 -955 -614 587 -4 -38 136 -135 1055 581 49 -658 -497 1004 -460 378 -800 -1460 706 -578 -176 2411 -1043 430 -675 417 -417 -466 -390 -494 -868 -339 -892 -562 392 -978 623 -94 -597 645 -1216 -475 -753 848 -546 575 1621 386 -151 525 17 19 639 -431 -988 804 -796 57 432 -308 1240 -1952 679 305 -491 1022 -1808 149 341 447 277 747 691 -505 -277 -259 396 324 -432 491 583 -172 839 -581 -1172 145 721 -592 2 -204 368 152 -1656 -594 659 1179 -700 63 -657 33 -1365 -387 281 -284 996 -1405 1089 -194 688 -87 955 1466 -263 -669 851 -80 40 250 -603 680 861 746 -1700 -624 -528 961 -228 257 853 323 -952 44 366 386 -780 335 -560 -687 143 32 -518 475 -248 78 -353 -535 -2114 -340 -704 -570 74 -989 -150 -632 -717 -930 -409 961 -63 478 1683 -126 -775 -610 -1198 764 66 -201 -314 58 461 -1999 -178 120 1120 975 1384 448 -196 -1034 385 -1595 -1066 727 922 -373 56 908 -233 -42 -875 -9 -443 806 417 -955 -434 -359 1523 900 34 1518 -408 264 114 -1294 -305 224 -7 18 235 1065 -1507 -591 1055 -79 88 -269 -891 536 -745 436 1059 245 716 168 -385 -297 447 -346 -355 844 287 -821 -15 104 -390 140 -1565 -107 182 -288 1060 -454 41 -114 -348 538 -908 223 -820 -1233 305 730 975 -22 -1030 103 -1805 -272 795 -117 -622 -848 392 -162 -72 59 -1434 128 -927 -169 -220 443 480 -121 -160 623 149 225 318 262 -891 581 -1075 735 -317 -421 -144 -178 692 166 -655 -182 -405 630 -445 206 -286 1167 757 -766 -134 152 893 1459 84 -1041 77 147 -52 143 -1992 300 533 -120 329 836 1472 296 666 11 407 913 -553 243 917 -154 -1178 -936 107 123 1391 1503 -1311 -388 557 455 659 732 -198 310 507 -1807 1612 525 562 -692 665 491 526 85 -1628 2166 616 -445 182 -289 -608 39 189
286 63 1243 377 415 1116 625 516 -936 -19 -312 -701 124 -1228 -529 -659 1859 -239 -1181 1233 -628 343 -305 -647 30 449 608 938 -818 -137 156 723 990 -737 333 198 71 224 -261 -399 340 -137 47 1359 -626 -1510 178 145 -283 -767 -396 432 145 -561 -406 -115 597 510 885 646 1499 691 -561 -25 1119 965 -199 -432 521 -786 631 -158 -870 158 -1272 467 326 715 160 85 936 314 1002 247 448 248 909 -63 -1020 391 1241 -149 333 446 -784 -77 72 1260 -304 130 -637 742 503 895 655 -433 62 517 -67 281 -746 1059 -83 903 -126 -580 -686 336 -464 -660 -776 -68 953 522 277 -294 -34 -610 111 -109 109 88 94 -1073 572 -5 -538 474 -985 439 1232 -111 140 -47 1616 984 -224 -921 884 12 -600 461 818 -2070 1191 -264 -803 -909 -833 1449 -332 -1001 -1410 -954 -351 -1069 50 -1394 74 -901 391 -381 645 -473 -703 -94 204 462 193 -788 -384 -282 498 -418 42 -695 -532 242 179 39 370 544 -195 907 -607 -77 313 1108 -1026 645 -268 -243 -1595 429 -825 -1141 1247 -489 406 745 -273 -831 521 319 243 -483 -47 526 -1690 59 576 81 843 523 248 849 -335 1286 334 -166 -402 -135 -85 1250 364 343 139 405 -1039 519 843 -122 -803 -751 -35 1147 175 108 -787 -1282 -1171 52 -586 -164 -50 -136 -1248 -1233 -834 -692 261 -1020 -833 1350 956 -89 1480 161 215 -651 714 -431 343 -305 273 -233 876 -931 1562 -27 -1401 -852 935 -493 464 112 468 1578 -89 -649 -343 884 901 -696 -1409 -98 460 -178 -343 -191 -692 146 -286 37 -809 -30 349 1796 -242 601 -691 -20 669 -136 -1280 -794 193 -1231 731 1052 1071 -948 96 367 353 1177 -805 -1282 -1267 -857 763 751 791 -1089 -985 206 -220 -296 286 724 715 -877 -7 272 1564 615 -171 38 -895 334 -107 68 -429 1033 -580 -1026 -809 200 -709 -45 733 429 -32 679 157 1170 -186 114 949 539 -82 842 -1652 102 -645 1017 -649 1774 139 -54 -257 -432 165 1239 -481 -1109 554 -1615 645 578 -1090 -28 -24 -474 -375 95 843 -799 1868 1639
-853 426 328 -379 47 -28 -1263 679 575 759 -539 -1220 -58 158 269 -1871 -229 506 -140 -569 -414 -95 305 739 -324 84 -963 -292 -307 678 79 429 1119 -60 276 798 1168 -445 -218 -9 1271 -297 -76 553 737 -170 -668 -98 -20 -747 230 785 75 795 -556 1471 112 -1003 1075 1016 -131 798 548 -669 -679 746 602 -625 124 -1142 -1349 -385 -343 1751 864 1467 -1095 390 397 954 1396 -109 -420 192 -567 344 1052 -192 -1644 -1859 127 5 -130 27 1667 922 642 -522 -89 814 695 -1342 -473 -903 -108 -92 777 1109 -1308 -62 -81 1188 1208 -131 -649 135 -795 344 2231 -661 273 149 -135 926 1037 -225 -792 -1220 128 -564 1047 -721 870 549 858 210 -415 -297 -623 -212 208 -194 767 -31 -144 1773 -941 -212 -155 1029 -467 -580 1260 225 -595 -165 438 -884 309 -1814 409 645 79 835 458 1426 1566 887 839 291 -341 -1799 1309 442 -63 -1392 254 -638 587 -960 158 -208 0 407 510 798 -220 -499 388 -346 -241 989 99 -353 -178 166 -145 -580 -112 -848 803 113 -382 -947 -389 1143 -639 -962 864 -932 -148 -1327 812 919 -1258 -1248 -12 -1049 -332 -426 -137 381 -594 -1287 -251 -473 365 -536 -270 -757 -543 -191 -872 277 -208 -667 -1077 231 1007 -29 -344 406 1095 250 36 342 203 -849 306 517 465 -1290 399 1030 513 280 675 85 -455 -101 498 318 -666 325 -191 -28 -1078 335 -191 149 760 -141 104 -686 -207 570 -7 107 221 -208 990 -927 -340 763 57 -19 -924 -716 548 952 -189 -187 266 1622 -476 214 -39 -1092 -422 -1149 -991 727 174 -592 1564 -294 94 -863 -339 -354 -211 -2281 -2106 489 -931 77 449 -1044 90 599 -555 -703 1263 355 -484 825 -660 -346 1381 232 -938 289 1243 -762 -1345 -424 224 -621 413 -320 -479 1125 -503 -1540 -1474 618 765 -189 446 -147 -244 206 -1000 -1276 -90 1415 691 293 1055 -382 -699 410 59 731 784 617 332 -1595 336 51 -350 -409 -68 34 1006 709 1453 -489 474 -1466 190 -215 -198 -158 -329 1106 -733 -544 -1 -644 -644 726 -1087 -47 -364 246 -766 832 -873 22
-51 1075 -371 -1243 610 -436 643 -1015 736 185 353 849 -425 -835 -1172 -438 1632 463 386 125 -487 -1456 299 -642 -540 -146 607 795 -665 1147 -796 -564 218 1399 601 -362 -852 1303 -14 892 -471 -407 153 -641 -629 -471 633 836 891 1208 153 875 -502 1102 -687 -280 -1796 415 -1209 69 -1875 611 462 -545 -890 1119 -482 68 373 20 137 -78 -998 -716 -328 -1208 -663 -2641 -385 215 -538 1250 98 62 243 1845 -153 1200 -276 -448 625 -378 247 -116 -851 -1104 533 -1256 862 2339 577 1306 340 147 755 -475 -183 -79 243 -547 -999 738 -96 -225 -94 299 680 -319 6 169 1081 -213 716 110 30 275 -668 458 20 -1116 870 221 -2012 -1085 544 573 -865 -453 168 533 651 -1282 -206 -1527 1440 -512 186 280 -1005 -977 136 -2228 -679 615 -444 687 237 32 898 -1 -269 -1192 386 -149 120 -464 46 -557 -488 645 -39 -812 1690 960 731 212 613 777 216 1202 -794 -95 -90 -915 915 -572 -587 -279 -1469 -474 -1229 -135 -126 -70 -592 1094 -422 -1717 226 -48 -5 1873 -21 -147 -483 -52 125 -1350 821 -832 -1082 73 -496 -278 -317 -720 -1169 -699 -563 -858 -1361 -156 -82 -1192 27 662 678 -139 -351 36 277 1225 -697 144 768 265 0 -223 -371 555 791 -206 374 274 1526 684 492 -565 375 443 562 -291 910 -314 227 1340 -835 136 135 -86 1236 -716 1002 -1175 774 -1132 385 -715 -1210 -709 -337 249 -483 1051 -156 -421 -1938 -452 -43 1355 303 -536 -107 -39 1723 -981 -350 695 590 97 1834 989 900 -224 -158 -1399 316 -573 -697 -2356 480 -731 851 567 -532 265 553 206 77 -891 1696 -578 588 992 296 1099 768 -308 722 512 -572 -240 106 824 -1146 -372 335 1077 371 -692 547 -637 -1140 -1256 -458 -42 -219 -210 -1008 203 426 394 65 -821 1433 280 209 -800 -221 77 305 -681 -12 -1880 -404 128 378 242 395 1073 -632 -858 310 -539 43 687 -358 -173 -502 -1780 904 -273 200 449 -316 -432 319 95 -281 10 150 40 906 -1175 158 -280 -1146 378 966 -1247 -399 -1154 -555 -373 -480 -697 -1512 -639 402 -415
-629 -844 651 -396 393 -356 -417 203 -192 -516 -921 724 604 546 425 -145 -607 1493 -489 -128 -141 -572 -772 260 -179 195 -615 -66 948 380 -598 344 -734 735 162 -54 -802 653 -336 -617 513 -774 -584 193 -878 -86 -198 234 1283 -163 -196 -180 1528 -348 149 -312 927 687 -584 400 1143 390 -509 -540 669 567 23 27 -600 -676 884 -139 -44 735 1024 -321 612 -834 378 -1493 -175 -400 -811 910 481 547 654 -257 387 -372 677 -1033 785 -244 666 149 999 21 481 -1209 466 -1107 -37 512 73 1229 734 95 -884 699 -412 -1890 -2105 1306 -210 -669 87 -926 729 -743 -604 576 432 -36 990 -601 -362 328 765 -471 -150 -74 426 -513 -1294 1019 167 -575 -66 53 -1496 282 387 395 -850 517 48 1167 -1224 544 -1533 -181 673 224 -924 -937 -4 216 -591 425 1053 -729 -249 929 -271 -51 759 617 813 -342 651 128 1341 -251 -72 542 76 -258 -172 74 -288 -167 651 61 279 844 -263 -1506 -629 410 -373 120 -807 556 1182 118 959 467 -458 -191 -1772 -1589 766 346 515 1124 -928 -201 -680 975 922 -160 367 1433 480 -93 664 600 -55 426 700 -153 -1210 -752 -533 -364 491 -102 104 -519 -340 64 940 -1699 94 -1435 -196 32 938 116 97 -965 217 416 -516 -207 359 321 394 167 232 -639 510 331 -1919 216 -711 836 -102 -300 -1350 -824 747 254 -607 1449 1614 -277 -348 126 170 993 1138 -871 -124 -455 -1368 1463 -855 114 1751 80 -806 504 1047 130 -109 384 -598 625 136 -551 -640 1349 561 788 -4 403 -489 -191 -700 458 -96 -110 536 763 -395 -1943 -36 -337 -665 257 936 -397 -1524 -433 522 19 -1469 244 -405 -463 -506 569 -1202 288 -289 -735 476 -1533 -378 637 123 45 -1000 -1007 593 -194 143 1028 -991 -83 -812 281 -446 -731 82 352 1659 -28 -1258 2073 272 753 584 -1569 -97 783 -1013 96 -342 -416 593 1090 664 1281 -649 -254 1365 -632 297 35 -387 1161 183 87 392 -151 211 143 657 -1136 -2 623 63 89 108 1525 -633 -938 -992 -1501 -209 -1103 -339 1359 595 -248 -106 174
-408 -1686 -1121 -907 883 -21 402 768 -813 -952 -29 -970 -1302 562 473 1337 -702 -1370 -150 -102 -122 414 1152 961 -188 -1406 -74 -456 1334 -158 -987 -1037 -115 1703 -238 198 -1129 -1437 -130 -622 -1985 -1269 122 -1031 -703 1463 828 -453 -588 1403 -529 -985 -1475 410 338 -981 167 -788 -714 1710 39 -129 -763 -378 474 -428 743 -272 -39 232 -1432 -643 1187 -332 19 511 853 -1460 -362 -1053 131 -533 385 -1151 -131 -280 -92 134 440 16 40 -1455 525 -306 -820 -355 620 811 305 258 -340 611 -932 205 -135 76 976 -902 -897 298 14 522 366 -757 482 315 -135 -764 206 627 785 402 -781 -948 -795 -1137 -458 1441 98 1417 441 -351 -549 -295 854 -792 -589 635 -224 -1472 146 -29 65 379 519 33 455 349 479 854 779 235 -734 203 -1397 856 -771 -1056 -49 1344 370 729 -319 -313 565 -404 -297 34 1280 405 -82 562 1284 995 116 480 -300 -310 -1198 1021 -1510 -21 -166 -86 -670 479 544 -561 288 326 167 -1192 223 626 382 -1459 -616 -585 -142 497 -60 -332 539 -565 -806 -700 -846 244 26 1158 -4 -315 -471 225 1777 260 -718 -187 515 -212 893 507 402 -782 1378 484 1479 399 1543 570 964 1102 -871 -544 235 1074 -5 177 1448 646 -852 -1475 -602 76 -1335 324 194 -277 274 -1598 1242 -368 -1176 -1275 -234 581 -1002 437 1035 -680 116 167 -2134 1089 689 -344 -1070 -980 -266 1892 1388 169 112 -650 495 465 677 -865 -1230 -612 307 989 523 1017 962 -595 603 159 -7 -288 -335 1046 -1283 -571 931 -412 -404 -1941 381 -1460 104 -594 -57 435 154 -761 2072 821 -595 652 104 4 199 -993 -417 -1380 1256 -446 -969 -585 -124 463 275 858 835 -48 -572 -121 -832 -1435 438 -914 1641 -174 -31 -44 1120 726 -374 317 -444 -1009 391 1931 -1069 -290 842 -896 6 1422 -312 1051 -392 663 1347 1569 194 427 -1502 262 1390 -1644 -376 343 -1150 636 887 1301 15 -511 564 976 -69 1274 -1014 133 772 856 -505 -1001 -934 1222 -45 657 -932 -174 808 -298 -93 -721 -898 -305 275 22 508 838 423 -226 -225 832
-489 -4 -256 -318 -849 1092 36 978 1000 869 600 241 -790 1452 -431 -360 -242 79 -386 -845 -380 129 -306 302 -600 19 497 493 -1224 288 202 -2075 161 -186 582 592 -339 1123 1412 481 563 585 -593 -378 965 -313 -295 177 408 -899 -46 976 -122 -453 1007 168 1018 -482 301 40 105 641 -102 -60 62 575 -1226 -1056 -198 563 -277 272 -962 160 142 -532 4 1539 -800 -98 328 -44 648 -1105 894 -942 714 289 -221 27 -1539 709 -735 -720 718 -405 -77 -2163 -293 1178 88 16 548 -158 -132 453 527 -124 111 192 143 295 -950 -978 -356 264 46 -14 -47 825 -1045 132 799 -732 -1048 601 738 -594 -764 1579 -1119 -762 586 8 -631 -157 -522 1936 -1335 143 361 -418 -77 -712 201 -373 -1055 1351 599 -162 20 -503 765 -857 223 160 -314 -169 -122 -443 -1736 -500 11 961 -662 669 -666 596 -602 579 -870 -897 -186 -1893 49 1447 1798 -1596 366 -616 -1208 -484 1071 624 71 255 459 220 95 -348 473 -1563 796 921 1180 1233 49 1227 1484 -170 -767 589 300 757 -788 -911 1094 -371 909 -1119 544 2175 -712 -523 -1007 131 -509 -393 -1048 -1088 -1368 -571 -79 841 -1569 -9 725 4 -1853 -652 -355 268 -1110 415 1703 298 281 -18 -96 -583 -291 1225 491 1211 -799 1507 13 -1462 -374 409 50 -237 452 -392 -307 633 509 258 -69 1654 618 846 1301 438 -609 -1569 192 -409 7 -931 62 53 -184 -86 276 -310 -1107 -364 40 -166 520 670 135 -850 -580 926 -1555 764 -595 446 -20 464 53 -873 1157 -189 -197 252 1687 462 564 1658 -121 497 -104 -35 603 -325 -716 910 -355 -10 1061 -748 159 -897 878 1008 95 502 -999 -65 751 251 -340 -673 997 -93 1221 568 258 -927 -1445 1036 711 630 -137 -600 210 738 145 -734 -640 -17 -1419 174 -240 -498 -908 -171 202 -422 -256 -317 -517 -164 1218 75 1185 236 185 1652 -1186 -782 -443 -1273 23 -1347 -616 -147 -264 -420 135 374 179 95 -1452 -1194 -232 384 567 -61 -125 -465 -307 351 670 618 865 335 991 1053 492 -957 -892 -820 232 1057 1221 -515
-1502 467 126 -388 1304 377 128 -225 510 -724 1568 -45 910 700 -835 193 -1373 1111 -61 171 244 -1495 -25 1101 837 1543 186 -232 -146 183 751 722 -517 656 216 -144 -639 -550 -185 -1791 -25 626 -318 346 -339 -111 -103 1549 1109 927 -709 172 19 1007 -446 1325 24 565 94 115 1034 -87 445 -137 -1568 -367 504 -510 297 -1155 -355 -686 -386 -353 189 -728 -743 427 -1077 -520 -517 -79 -2011 1852 168 -755 247 71 -7 896 2103 1536 -568 1376 1310 -71 534 218 2099 608 79 -517 395 426 -474 154 -515 -240 388 556 -508 -360 -712 -498 -115 -1466 -386 -620 -573 268 360 -1388 -388 -832 153 -344 974 828 -108 -1047 614 58 -833 271 -416 -794 -93 24 1257 624 -96 22 288 -251 -303 -702 690 1564 769 -477 901 -81 414 896 -760 -177 -1103 -232 232 -1974 -1347 1389 397 524 -626 376 -63 183 265 930 28 -673 770 538 -903 663 524 -176 -716 -8 657 687 -685 630 440 1441 33 307 -232 -712 -1464 -382 -480 471 544 -400 222 50 1306 -1111 -287 410 -376 -506 -177 349 487 359 -709 706 -307 -563 1528 -709 -25 405 50 -1157 1737 -213 -2127 -679 269 -889 1427 -215 -700 991 -88 47 209 1491 831 -1328 337 388 -524 -1146 488 -316 622 454 -1012 569 92 551 -26 612 253 94 -783 -210 -672 320 1027 -38 89 766 302 132 21 113 1004 -1155 -574 -809 823 -402 185 -486 -1122 -132 -571 115 856 -27 172 -105 202 924 278 751 -712 1387 73 618 -820 -1308 -873 -273 1469 1004 109 -1185 188 1318 1119 236 716 593 1748 1191 -2007 -610 -1537 729 445 453 451 -269 -781 -945 1056 672 709 246 -270 -1679 -527 209 -396 -439 -673 -810 177 -157 -412 -1523 401 610 0 897 -524 242 1268 -224 196 -86 522 160 -553 1073 -654 -1162 -53 -501 437 -699 -427 408 596 203 1433 966 -1000 998 824 -355 750 1241 -1305 337 -25 -282 111 -668 -127 10 258 -996 -885 -728 242 -315 673 -804 -587 -3 -978 583 1082 -423 245 -517 -377 -250 -627 -451 -480 -399 94 589 1532 -1064 31 70 -988 -100 126 -383
-309 -449 99 1107 538 -416 578 198 -416 1050 -311 377 -1091 321 -355 -363 -1001 1459 -560 -35 1349 -879 708 129 86 -311 -283 -1047 778 529 110 1299 -393 -324 119 130 975 -118 -405 705 1038 73 -1185 -60 -249 419 -94 -1038 220 -1154 543 -74 497 1501 -750 -200 -364 -409 642 400 817 263 898 1034 645 1291 -1137 2 88 -737 -1071 -356 -1203 2007 -285 -103 819 -303 -265 301 -1391 -209 -1076 820 -627 703 692 -321 -422 -1361 -1179 -408 858 -543 885 1223 171 -734 1831 800 -1242 748 204 702 167 1175 32 -1756 -1374 -882 531 318 651 -530 -537 -1103 270 -1085 -966 1330 -295 -625 -461 119 -748 -81 -1215 520 1125 -785 -526 -53 -315 -1797 149 526 -754 -249 60 -485 -384 -694 1749 313 -550 -18 44 338 1094 -592 1015 118 48 923 -279 -410 1270 -150 -23 -157 -118 1076 540 914 481 245 335 -155 84 286 536 -454 -1258 235 -661 -142 -301 339 1164 482 801 1049 271 1098 345 791 331 -963 -523 793 -1750 298 805 -418 1220 16 -613 -128 1040 136 -1414 1187 -812 469 317 624 586 -1073 845 547 501 -984 -1174 639 -468 -452 415 150 1947 -1584 675 899 462 -806 -349 -494 -371 268 -23 -83 993 -804 -163 193 -1251 -137 -1222 733 -190 -718 -908 -637 1710 592 -256 168 -570 -176 -465 611 -1804 -79 -380 -303 -283 -1001 -801 -1144 151 -72 1005 47 -853 -337 -1152 962 -274 -1782 -1000 181 429 592 588 850 -146 1143 900 569 307 -328 -257 426 -306 633 267 -1476 -488 33 -1088 894 226 -871 497 933 -1427 -219 -293 908 -238 414 914 175 -541 -268 -3 -25 272 -873 -63 -201 479 345 72 -982 785 264 -863 109 532 -1460 -120 -389 641 -177 1393 -115 1101 -227 799 1601 1048 -2237 1308 258 -148 -157 -884 349 -851 -126 -544 -258 5 56 -263 102 33 -274 208 158 718 -804 -480 -170 -249 90 359 553 -613 -1427 -53 -173 281 1214 -142 506 -421 302 -708 185 -637 1452 229 -155 -730 -1286 820 257 -570 519 -68 -677 -124 -538 -56 424 538 -28 1652 965 -1070 -260 -787 -509 -30 2316 490 19 212 -995
-86 -532 153 564 -1620 -19 389 349 -692 1268 -663 -866 354 -1553 -149 -97 -204 -912 269 -507 -193 -1591 -1389 -11 -1908 -374 -907 -541 1562 -1064 641 68 -632 -781 -559 1088 249 253 275 114 -448 -320 -1808 565 -1233 -1304 -980 182 1002 1333 -453 810 -37 -1363 176 -2194 -406 538 -532 -1001 -653 756 -257 -1571 -980 -554 -427 969 354 435 75 265 444 450 1183 1607 -101 -908 284 1337 -710 -981 20 -453 -1328 -770 662 774 126 -526 -408 -399 -349 -94 -401 -101 952 622 -240 -841 736 -541 -47 40 311 635 584 -734 -1335 1021 399 -976 326 -307 -290 -876 356 -29 -643 491 1428 -464 -297 -326 1777 245 -44 -437 -1516 -483 301 -495 -393 -110 -666 141 -83 -1143 -410 -61 -77 -1048 -913 594 112 152 529 -377 573 -674 -1026 -875 1430 1116 198 -1468 776 -1192 569 76 210 -885 492 -518 1333 47 -355 306 312 1024 817 988 -1425 -376 -219 167 357 -23 94 13 -1094 1039 -328 -421 400 -825 -1352 -782 -239 -424 387 609 -257 -665 -315 -273 -312 -772 -743 -892 -671 -8 486 288 -565 -438 1036 777 -308 577 -384 -432 1171 -42 -548 -103 229 -616 -104 -439 -740 -624 454 -62 856 563 136 85 483 -462 1422 -712 -1107 -445 -1101 -32 -57 -678 -80 876 -507 199 103 -1058 -202 945 -467 -113 920 -1103 -73 -271 774 673 753 835 -175 -275 -495 653 -1611 -1233 757 -759 -631 224 -467 846 607 1247 853 171 -1462 -402 -1304 358 -502 496 -214 -960 5 770 610 1306 1235 842 754 1604 11 405 -1157 -35 -683 336 -198 -1053 371 -943 191 -592 848 -1073 692 199 -314 1452 -278 352 1090 86 -969 15 892 445 -720 732 914 642 387 346 786 997 156 1042 335 195 281 -128 472 -227 303 641 821 774 -320 -238 -48 621 -848 -987 -636 561 -656 328 136 2037 -670 -170 -542 -210 114 161 147 352 493 192 -1352 -333 -904 56 5 245 973 -34 -579 -92 63 134 1405 377 -42 -1152 -1403 -303 -275 1155 -1102 779 -1242 860 1357 45 1710 -555 -553 -1443 -527 -948 -260 784 57 146 -983 890 1169 -1484 -544 -466 -563 -1004
356 -537 -645 -409 -303 -979 -432 625 811 662 -820 -70 646 1414 -663 560 437 656 -607 -977 922 615 -501 -217 -1141 218 -588 -884 394 7 1331 -29 312 201 476 -666 663 -766 -201 -774 -656 7 -588 -581 603 -1493 593 552 374 71 -414 600 -1438 548 -60 577 -1055 77 -652 645 -13 -499 193 -752 8 -525 -289 -888 -226 -156 -87 22 -340 -132 1005 -238 -878 1189 -163 44 603 630 274 -673 -613 -840 -18 -9 961 -546 -177 458 -850 75 1 459 220 -141 -840 -62 -1448 -221 -162 -1198 59 -298 612 632 -93 1963 268 -1360 169 -1208 -406 -541 -1206 -257 289 -745 -7 -937 690 424 -478 246 -205 368 -988 243 546 616 -665 -428 251 376 -1024 341 -81 -401 -530 606 73 322 -508 -938 -636 23 -14 -179 -305 634 643 8 1539 259 1215 1066 -225 -341 -754 -782 614 -1341 -502 -1451 564 -1091 -557 929 -486 -444 213 -615 506 -884 1126 -229 -45 -1362 -1335 439 672 -307 79 111 -304 -774 -182 -899 -16 563 -143 76 812 163 243 194 26 -270 -188 71 683 -953 274 -571 337 -721 46 -1004 1314 155 1203 -462 -1088 -985 -900 214 -1296 732 -71 310 21 -480 641 -576 829 149 -161 929 -223 216 93 512 1449 820 -1031 1381 0 -152 -143 1281 23 -562 1389 -269 656 1546 614 331 775 440 211 -2194 -602 1263 1431 -499 -1021 -533 -1152 706 1482 -414 -527 1384 594 -15 692 163 -1150 -103 -178 5 -419 -1121 -1987 575 -73 563 -289 1011 676 -463 -1565 538 351 -163 189 596 -50 132 1620 251 44 -949 -25 -668 499 493 -1491 559 -48 1302 1653 -157 -329 -140 771 833 -421 270 377 -606 1989 -560 702 -517 -181 -134 130 832 1007 -1206 -582 856 610 439 36 473 581 276 -634 298 -907 1695 -128 622 1165 234 -136 733 169 855 1451 -718 -777 -636 578 -145 884 1212 373 231 225 -128 -331 1061 1168 -983 31 -254 -129 -1748 -228 883 584 560 1576 -1178 543 1364 219 -1359 309 1678 -301 1050 847 671 -301 -183 -12 -693 -528 1264 195 956 -265 21 911 -929 -92 -1276 -198 41 -20 -468 -168 1004
234 -595 -931 320 377 661 -543 57 215 1100 -386 -278 1159 -53 -498 -677 121 -113 -2076 -43 -244 -915 -958 640 -1602 -267 592 -386 143 -1954 1192 378 516 -694 -609 -33 548 -150 828 799 -964 -1242 624 927 -815 -561 19 890 199 -551 -538 -44 1475 -1045 -308 766 298 -19 -1150 -750 610 179 2421 -641 -1269 1375 -135 485 782 461 -1133 -233 -142 287 1021 -977 312 -617 -754 1613 -530 -531 661 -884 -307 498 871 1353 -231 -680 -580 -135 357 978 637 -265 -1092 -1019 462 28 -1106 1137 -30 319 836 9 177 1193 405 -1323 900 847 1467 -1273 -4 -962 -167 -247 -809 -396 744 -1968 36 919 1094 897 708 181 -529 46 1013 689 -481 617 442 50 -21 -732 203 578 -881 -761 784 199 -363 119 -210 739 -1206 -469 -1475 -1910 -126 340 -525 -1340 1614 1276 508 684 187 513 2025 -107 39 403 -394 970 -1205 112 -1403 -2300 55 -97 -998 504 -223 -328 854 -273 -261 -459 -151 -417 3 -900 -1295 825 1453 -778 160 -1075 908 -110 -65 849 1089 263 648 -766 1082 -751 267 -108 803 -281 353 296 870 89 -1664 -1468 -258 502 -694 866 291 1338 -729 1009 -901 595 1233 -1289 -1554 699 568 -184 -870 -710 1634 -825 1337 124 -252 -602 -321 -444 -1354 -685 120 638 1159 -375 -45 421 311 -1525 -54 569 -212 771 -84 -338 35 -1780 -107 -262 614 76 -648 668 93 -792 226 -252 -717 532 -166 -768 -118 -41 -785 877 972 641 101 -1350 -267 -1570 1000 1142 -323 -379 356 641 -272 -608 -505 287 -341 -1600 -224 -114 1321 213 -160 911 1074 940 -292 966 -828 -791 -944 554 -449 -373 -833 405 29 564 -285 -4 125 -443 -482 1731 -41 -440 -647 557 -261 25 -162 536 543 553 756 1134 667 -956 -1308 -669 259 -459 -1138 -751 736 2 796 28 20 1071 178 2064 -283 978 -159 -1376 495 -985 565 330 1131 673 1290 676 177 -781 -225 1493 1073 492 317 298 -1041 491 -685 -934 -1046 -952 11 -445 -232 746 103 910 854 -80 -406 76 1232 -1625 -191 -1078 -359 999 -51 -409 895 -847 -1147 1019 513 48 -621 1017 -241 -431
-466 -583 -252 901 1775 -943 736 513 723 -103 147 -164 1806 -857 962 -644 167 93 -311 -20 876 623 269 358 -1800 622 -718 299 616 -1931 351 -352 -1232 -377 -138 -444 516 -1368 965 388 223 1512 -50 -91 -1443 -572 136 71 -48 98 -6 -362 -399 74 -314 7 -957 -2049 -675 314 -46 -73 -702 -822 -1190 -1344 -627 190 36 -839 -514 -208 1517 902 -454 1304 -149 -230 160 -1064 981 -1055 -646 380 -171 -309 -543 -416 567 -2467 951 -607 491 273 945 656 635 154 -626 496 -916 -746 1584 -97 1034 223 564 772 607 -470 -232 166 156 -966 -423 -467 -318 -1173 1326 -1514 -535 -1068 -304 -576 -339 798 753 23 339 292 1470 -525 -366 377 -339 -683 297 868 -402 -592 -365 1070 -238 614 -1703 396 -244 548 -70 338 831 77 476 1048 -66 884 -253 1225 182 741 -1092 -1317 675 263 828 214 -645 30 1079 943 489 -194 678 -45 660 63 45 1370 566 210 -146 374 709 -129 938 -833 -874 55 -991 -548 -560 -837 -211 -237 -294 -1474 310 558 651 613 954 -701 157 -46 -1015 36 846 -1613 -1150 453 -238 -1126 67 658 -458 623 331 1068 -195 674 -1032 -1028 -222 523 -207 451 121 -518 830 98 384 -152 550 569 -1147 -703 -800 1164 878 -488 -1673 1008 -304 -317 -509 -249 262 -54 -647 -56 -617 397 739 -326 -1789 -257 -382 -480 1942 -82 -738 -410 -244 -173 -1267 183 -771 519 -470 258 470 -732 -774 -1221 769 941 -714 -779 459 -349 -937 -12 -712 -935 11 1320 -88 265 148 713 -325 -63 -77 1073 -399 -85 964 682 -565 -91 -834 169 -251 -150 414 20 1528 445 351 -385 341 -86 -353 -29 -268 106 70 -1428 -791 313 -1330 191 -515 244 1147 472 -570 -1520 243 -1589 721 1260 612 -1249 511 267 -260 1250 -415 563 -310 1083 -72 706 -270 184 -866 -588 -1308 -717 163 215 35 -339 -174 -950 -787 -141 -483 -1200 788 555 -888 -740 -460 124 823 -77 -46 2153 -26 386 323 1176 -242 1702 -1076 1533 1626 -681 -561 1272 -378 654 603 -732 -588 -1364 19 455 195 343 -299 -680 280 -56 373 -309 -2072 425
839 -448 -227 -1213 649 -232 -1317 1934 622 197 389 -1403 -515 -369 884 -902 115 -144 170 89 -191 -1554 1156 -816 961 10 1159 619 666 98 -445 -589 -368 1063 570 -1066 -163 -228 339 294 411 -712 -464 -243 -607 -834 31 641 391 -98 -1060 729 148 142 -320 -1106 -284 208 -294 1107 -688 587 60 -880 -720 1277 -150 -640 -310 -384 -333 -562 -234 -275 -138 1201 -136 -429 187 507 -807 -1609 -1066 1957 805 -1180 -899 -995 771 -765 1350 -310 -115 -677 -261 -315 -870 857 1038 -622 291 -456 90 510 -622 -76 136 -445 266 543 359 -61 -189 124 669 317 -688 -418 -738 -252 666 282 -4 -226 -499 438 -556 707 1340 -478 390 152 -12 127 485 -990 -944 283 -1680 -807 -682 965 -109 -1749 898 -468 411 1219 -149 307 -74 -104 1271 -387 -833 819 388 1051 -1001 -1383 -322 6 -1368 938 622 1461 -2232 -253 -610 -342 -435 165 1550 495 289 424 -2552 956 -771 -83 387 310 566 -1213 688 112 -984 -627 1278 -910 -1000 135 1281 1818 560 620 23 -1124 -76 491 192 845 1021 777 135 168 206 671 835 -5 342 993 1577 -1127 790 275 -369 62 230 -1420 28 -453 -367 459 1057 94 -585 867 431 -67 570 177 -649 1444 -263 409 -139 -1652 -320 1361 -759 192 -129 -831 -494 714 253 -337 -354 -296 936 404 -435 -173 -230 94 393 518 274 114 -111 364 -822 -708 9 -39 37 450 265 2114 -1376 1497 -452 158 79 1004 -808 -227 331 1067 438 243 -1388 490 -129 -727 -352 -861 -318 -148 -929 -195 -441 -785 929 958 653 -1068 -501 -233 1051 1133 -255 -693 -54 1176 316 -350 207 -81 464 -380 456 -235 555 -265 190 -643 776 -733 -1603 -7 133 -226 376 1188 173 -178 -249 -368 -753 82 -572 190 152 -316 51 1469 -388 104 -909 -1763 -166 1292 -680 -812 1466 182 415 540 -197 -160 -6 -18 -392 -1454 1399 -226 -141 -1051 -96 900 -856 41 -1328 259 452 498 -255 -52 51 -832 -860 157 -77 -274 834 954 -478 -694 -643 739 -539 -133 -1455 -932 188 301 -979 -703 138 -1105 -201 -426 1295 558 440 -670 -1142 -68
-1097 -1220 234 403 495 -602 850 -813 550 -51 -1777 -164 -527 154 266 293 -570 17 493 -48 455 -593 -224 842 85 -753 980 816 380 -1213 978 754 -1407 -38 150 -1316 -186 177 141 -380 2122 -627 -1646 -567 -477 -727 748 182 -536 -1034 -494 -211 176 -325 760 -388 35 237 417 1085 -737 -18 85 1822 -229 703 250 160 -89 463 563 480 341 -914 -839 -84 1023 -1104 1396 -771 -13 -960 331 -1557 153 -287 -717 -462 848 130 131 -975 392 -202 -1124 -890 -981 -821 -548 -742 -1420 18 961 -300 1343 603 -153 -744 947 933 -161 18 420 1229 557 802 574 6 -2102 893 2118 1033 -346 380 -888 536 -133 -1008 545 -1184 -191 227 -599 669 615 -361 -733 -1117 -925 -624 -367 -1091 -861 873 -1159 367 -883 73 524 -424 -574 588 -7 -129 -90 429 330 -732 -998 -937 207 -785 1484 13 517 598 -167 -803 68 184 -272 843 -1392 333 137 -328 -781 -242 -834 1380 889 1572 -132 370 437 -875 -1075 -265 494 97 -841 -179 82 926 717 -873 368 -301 -361 -816 -546 -215 -545 -850 71 808 -409 547 -581 -344 522 -749 1651 -366 -144 606 204 1068 801 -611 275 136 -81 396 -28 94 751 -460 756 183 103 -554 -652 422 -278 -744 -294 -108 589 186 318 -388 -966 8 -379 -406 -721 474 -116 -480 -1332 -798 214 -1230 -1134 -398 -768 488 -385 690 -898 856 464 -2264 1821 -396 -333 1126 -968 -617 -512 82 185 990 -612 -63 -54 -1540 -478 -607 26 266 -2792 -432 -746 -1385 329 -886 -265 135 -552 -747 -742 -823 665 -963 -204 -1294 -1427 603 -891 -1775 320 -369 850 564 565 524 800 -1648 -793 0 1733 -377 970 -1780 -119 -402 -800 52 159 -348 -254 -8 -619 374 34 1067 247 -821 62 -631 391 -486 930 -29 75 -190 253 -668 -959 589 -666 -1448 227 -924 78 -185 726 -16 -59 91 877 -963 -941 -148 129 295 -865 -706 514 -419 -686 -283 -167 1046 37 58 -347 1399 -627 -492 687 804 862 885 -175 -243 -549 675 193 -1115 869 171 1220 -453 -1473 -982 -358 -104 -1075 154 -1049 344 -440 -238 961 611 -94 -979
-1187 -158 -1013 -805 -58 1105 -18 -816 -1325 816 -496 499 517 79 -1384 -874 -532 99 -701 524 -184 -3 -342 548 -430 -96 187 -620 529 -429 1046 -78 504 -563 442 327 992 493 -237 -444 -95 580 868 -117 1446 -2211 -1064 -193 337 -1384 -331 1211 -1911 -205 665 -227 461 -525 -355 456 557 -611 -150 325 -190 748 -767 1302 -297 799 -1465 -1482 880 603 309 -32 912 -910 -852 -14 345 177 330 667 -1063 208 1820 -383 194 91 -640 890 189 -745 1977 637 1074 -1258 123 46 -646 311 -196 -904 67 374 177 -1002 463 51 105 -665 407 316 -412 237 268 -1188 1154 -903 -1033 315 373 -870 30 -1105 43 -592 -418 257 -1423 542 334 -1031 -393 383 -421 -894 375 705 240 -1330 -97 -130 -741 -856 -90 140 -118 476 1181 340 32 109 -34 402 -501 -90 -283 -351 -214 132 328 281 82 -327 -219 -250 -1468 1156 -1475 -881 736 -520 -106 300 23 -538 -873 568 -371 -136 -568 723 -462 142 396 438 -226 1031 1088 345 515 432 1319 901 576 -973 459 1376 687 164 -402 -69 -748 210 417 -508 106 -564 853 1065 594 -1015 1014 -550 -187 290 488 -658 212 1570 -393 112 -595 598 1754 -467 -46 -74 -1355 306 -196 -110 -147 -662 -978 74 1188 -146 47 75 329 -594 502 327 808 -66 -552 1251 450 -405 927 -1186 361 -710 659 335 -228 451 12 365 777 -255 -1171 -533 -27 -1179 -414 -43 -904 394 -111 -382 777 -968 -871 -173 219 228 -45 -661 688 772 677 -201 -2070 4 -231 279 -757 625 772 153 -487 945 968 244 -44 477 35 846 407 -650 -272 -807 -44 -1119 -192 116 625 1449 -32 -135 339 -411 903 400 2118 -608 -65 -403 1126 -427 170 -745 709 -724 612 -15 511 -1588 421 -545 75 631 708 -289 529 1404 -1041 588 -800 -296 -549 -105 206 -1862 371 197 629 -256 -420 -66 -942 -956 921 -872 852 -801 -686 -801 -57 106 78 373 408 -1342 48 31 -511 -845 1227 -191 1025 155 -659 -1216 -941 -781 1683 479 675 797 -957 -463 191 1319 1368 1101 893 -45 -408 -1353 -351 -39 -860 -445 333 546
360 -122 1013 284 1354 -170 -969 -164 1054 455 117 878 -836 1719 304 264 619 -153 -127 117 -306 -154 -221 374 -1470 1349 -137 409 -561 1030 -1330 323 -1219 -675 71 -1008 968 765 945 711 1254 255 -1240 -681 574 355 495 271 1084 565 624 592 -42 -557 847 316 -255 55 929 1192 697 -729 -962 189 414 200 -278 -624 -426 -1438 -424 958 -150 -242 17 890 103 1479 -454 745 209 -114 -191 -829 803 -1008 -620 -1187 532 -617 -523 -402 -435 533 -1375 -672 -966 -204 72 -213 -186 -1137 -187 102 164 -366 -1147 822 -475 -20 1078 239 -269 -256 -269 834 -103 771 -782 283 -1372 665 -1233 -26 280 760 104 -22 -823 1819 586 436 314 -750 268 330 -1083 1009 -285 -900 715 393 156 -556 -778 1082 425 820 1277 -747 1072 -600 -138 -1196 1560 452 -789 578 557 969 -112 94 -1647 -451 -810 -1301 701 -100 259 -577 198 711 1050 90 -73 -733 1052 515 1153 -520 -885 -500 -651 -1499 80 -333 -472 334 691 -486 -334 -558 1183 -978 231 443 -1595 -1085 242 619 259 330 -996 205 360 986 -67 -848 -1247 -952 -1016 -17 28 446 -761 -439 -154 -535 -520 33 -125 790 495 -209 776 169 -333 -1206 947 -1147 -132 54 -625 1018 325 474 112 -304 1026 -256 754 -260 215 151 98 1802 479 242 797 -845 -559 531 138 1395 445 -162 403 115 -672 -1025 645 -158 704 1351 964 137 1014 637 1235 347 1950 453 82 935 756 543 -332 -61 -202 269 248 -586 -747 342 348 296 1062 -823 1152 40 -513 61 -136 301 822 -859 850 -398 747 -233 -552 -357 42 247 907 509 426 -96 -683 490 -62 -594 -1076 -159 29 72 -690 -1365 -2340 -259 -742 -506 209 -280 1402 -883 -949 -233 -933 -592 -748 -257 -1305 -881 1744 374 111 767 -196 257 223 29 -435 -214 -119 743 -102 589 -561 492 -207 -762 724 -528 343 852 -1607 1362 1610 370 670 -713 1313 -1157 992 513 -843 -435 184 -340 -369 2263 -582 578 1694 734 -13 -51 -307 617 -446 -614 468 -541 -1281 476 -813 -482 281 -1350 261 -697 1012 719 -77 662 766 287 658 1147
774 803 -654 1724 983 389 -983 -667 -1468 -1288 -261 -518 419 -840 56 -1118 -119 -301 -981 -616 -620 -614 335 237 373 -404 -496 -1808 676 -492 630 902 686 234 -909 361 -249 -138 134 1355 -1699 700 553 1031 999 539 -132 639 -871 -538 -496 -425 308 197 49 -278 -72 -906 -885 -851 792 719 890 -420 289 470 504 -341 -702 501 -23 136 636 -611 563 501 -726 -947 -1121 -852 -131 478 270 56 193 1148 -91 379 -313 1236 632 -83 129 142 -61 -328 452 342 505 573 412 189 562 -268 142 1199 -337 779 180 -844 221 346 727 -358 -306 275 493 -659 -116 33 902 -1309 -1472 -318 -535 -343 980 -1076 113 -1698 1376 504 360 -442 -268 590 277 579 617 617 -103 -156 -250 429 52 -1373 -210 784 -488 -128 -391 -629 568 10 -546 -197 -818 574 229 -545 -201 53 -884 -94 -445 -190 482 387 359 496 465 410 912 97 829 -631 316 -875 -418 1036 668 -895 28 -378 -141 -934 -1696 -1300 894 4 -258 491 -671 6 -1597 579 333 -844 466 -194 933 271 338 884 520 218 -675 -1490 -348 816 -1022 -475 -402 -243 -607 405 806 122 433 1565 -978 -544 -527 -60 -1116 1125 -794 479 -1037 -2301 1029 855 207 93 417 -157 135 -365 -560 132 762 -529 189 -159 -603 -869 49 147 -947 607 469 551 906 1530 -544 501 13 206 136 -923 551 193 -763 440 -183 -74 -1001 -1437 9 -934 596 -206 -1080 515 -64 -1322 28 -1587 531 136 125 -572 646 -195 -677 -816 273 -364 -980 750 -530 5 -835 1067 -613 508 -673 1027 -59 -655 -894 417 410 333 -471 -378 -1447 440 -318 -29 -284 -1272 910 1181 -317 66 -324 47 1093 -702 6 265 -261 823 -137 -215 648 -206 -1377 809 705 701 315 -141 -823 -1689 -346 -1398 -86 -288 1680 329 -644 966 -642 870 -587 -667 296 1942 463 -317 312 610 -498 376 -132 773 36 -1271 735 486 -652 -569 1345 -257 -883 -10 -395 1107 -391 -676 -523 -689 555 1534 410 378 -702 -348 264 462 -1040 -97 -16 -1392 622 -48 -462 392 585 346 -294 415 -474 199 -117 -145 -415 -292
-158 1094 -357 -395 232 -111 51 18 -1114 -161 57 145 689 287 -480 539 -32 -716 14 431 -1097 648 43 410 712 215 -476 -170 823 326 -830 32 1377 268 502 1290 -264 -294 -558 746 1311 -239 494 -55 -596 521 246 216 642 181 1932 -111 489 -471 -87 332 98 381 -674 -409 -500 622 288 15 -859 1634 -756 439 382 -233 -275 67 -1412 195 -473 449 -403 -385 -66 -404 698 646 217 825 -858 -160 -979 1679 -1029 1314 301 -303 131 1365 487 -44 1821 157 309 -144 213 732 -246 835 -754 586 280 -496 -299 -1057 181 73 322 -315 338 479 663 -388 -664 98 -140 230 -315 -830 659 -193 819 149 132 841 511 -1114 279 -710 -835 253 852 554 -537 -102 261 -300 355 92 -260 1133 -783 393 479 -213 -1 621 212 179 -151 -2 410 -361 277 1213 671 -436 962 91 266 1374 -174 273 -1192 -101 150 795 -1339 -491 1037 888 -506 -146 205 1067 797 1135 -747 -132 -254 300 327 -608 77 -406 292 708 -238 68 409 -823 888 124 -1597 -691 1065 -631 125 -793 -969 -147 732 -136 435 -611 -462 -714 298 -814 1240 -674 481 366 -308 701 552 664 -239 -464 609 742 392 277 127 1329 280 -110 -351 -107 -683 350 -62 -70 342 944 -303 -534 -100 621 391 -1124 678 -2153 -163 -832 -469 -352 -160 -14 -1335 -556 340 -689 404 704 -309 -1984 69 420 -2149 -17 -1113 500 -993 -316 -107 853 -473 79 -175 65 163 814 4 -782 633 895 -986 -596 379 265 -868 -1574 -1 365 812 -147 -830 893 59 -1021 -183 48 467 -1024 -433 507 -985 371 -461 -882 -204 -31 -1178 -1478 -86 1477 -445 -390 747 -1724 -12 -1 1613 779 -491 462 -128 757 -1493 731 -272 756 -438 -1650 -383 -31 556 -65 751 -9 -72 -75 52 -625 -251 416 -153 -1206 99 710 -499 229 -607 -206 -228 1175 -932 -267 -497 843 33 19 -939 1209 -1259 -1129 -142 826 -481 -1506 945 -52 1389 -125 -1059 173 428 680 750 -1115 -40 308 -53 558 120 -673 225 -182 48 1025 481 -985 410 -1297 -225 533 -568 -274 1429 527 -247 44 -517 216
-194 103 -26 53 -20 12 418 -218 373 -551 -332 -191 -75 576 292 -177 -1616 664 -161 -1586 820 -561 -1 -568 -669 -397 521 -201 -345 579 232 -702 240 -289 61 -532 1660 454 82 -987 -544 15 -744 -445 547 -13 -821 -1362 -671 -72 229 -207 260 -612 1078 188 -81 5 62 600 -653 -169 -686 -86 402 -224 69 85 -147 -190 640 371 -127 -179 -547 273 128 869 -1921 1740 -219 315 971 -558 -581 -643 1597 43 -880 870 -570 -614 1429 -982 -945 -333 -517 -917 -678 -1930 -1124 880 1513 -711 380 -325 419 -1286 -918 744 441 -306 -861 679 379 -1244 865 -198 161 -423 300 196 432 1234 525 1022 -402 205 -961 348 907 587 -92 -839 537 1056 -394 323 186 -1228 496 -394 264 36 339 715 490 -1725 -84 -1125 -502 641 353 -271 42 302 127 -998 267 403 523 -959 939 -625 -701 -419 511 -312 456 -1366 -77 -81 -344 -91 398 437 -837 -288 -149 -1000 244 -1076 346 280 -871 175 901 215 407 179 -52 -123 -43 -560 -780 -836 35 -1157 -21 698 -653 1457 -680 1512 -174 -449 778 263 648 -256 466 97 -205 -1099 -54 401 -495 -927 98 405 -318 379 702 -1334 -402 -91 -592 -187 1631 187 424 568 -969 1373 125 -679 -274 -53 613 -549 512 4 -47 408 535 -262 -1144 1606 -795 -502 970 1000 -341 -937 786 1099 71 -664 -567 -614 -3 -504 401 -1691 948 756 -351 -884 1115 813 -189 -51 -366 167 898 396 1675 294 160 -1495 -44 -538 801 -290 -5 -1181 514 295 -673 1056 -894 595 90 -902 -354 886 595 321 280 -750 871 188 447 -311 225 57 433 2226 -881 1732 -1099 646 619 -434 1075 -107 -26 -328 -639 -610 -1517 1238 491 1121 -256 614 -954 363 401 284 246 -1686 -197 1821 380 972 518 -1074 -722 -342 -544 -859 -216 925 425 833 -650 -113 -1361 -1739 -171 -670 -1481 866 -1410 1174 -1234 -416 -159 1172 1270 -1728 -461 -1278 -211 -814 1312 -437 132 837 -550 558 -400 -369 -720 63 -914 -143 -188 -896 -1223 -253 995 25 882 365 -420 -670 -347 -475 193 68 -469 45 185 -861 -781 -930 122 -551
94 373 -355 720 -59 1000 -376 414 683 637 -73 -561 251 -178 -2143 432 44 -527 85 992 -862 -467 1444 959 98 754 -553 -740 646 297 -508 -424 -368 -1374 685 925 1237 -903 -609 846 569 1163 647 -830 -265 714 606 -304 -1020 -921 313 99 -126 -506 -193 648 84 -392 -622 -1462 -316 918 756 573 -798 -1281 968 970 -242 -1606 -1758 -389 -797 680 -501 887 455 1034 -383 1355 38 -18 885 -192 -389 -65 -37 234 -132 1214 461 -54 -37 -1498 1021 -335 388 36 295 231 -276 -583 -273 -597 512 -690 -2102 -625 564 -221 574 -235 1308 -533 188 1263 -1060 562 988 -237 706 -569 -1139 -507 -50 -614 1458 -611 256 377 -671 355 870 32 670 728 -779 -277 -374 -460 -112 258 11 -229 -1128 -517 212 315 1041 -406 1218 -50 -404 359 -297 -502 -295 -1184 639 -914 639 -38 -626 -39 -777 -64 -85 404 -154 -421 1257 91 150 -150 -387 -531 630 797 -649 -561 1167 2245 -839 122 -722 79 -131 81 -395 -264 -265 1331 -1139 -279 -662 -1173 1929 1300 726 232 862 -74 593 141 132 519 -937 -421 -614 -103 -873 -221 -898 476 -51 667 175 -273 -811 -910 -147 -1026 -1560 994 -972 -1415 220 198 -456 -927 381 1012 -924 1447 2030 793 -2018 310 -707 274 477 -967 273 -1137 57 -531 -437 549 -212 442 450 372 -384 -86 1181 -1031 -83 -304 700 1097 187 -522 47 320 -60 -144 547 256 -331 425 -111 749 -694 780 -585 -883 -381 -528 -833 -86 802 -717 1187 573 612 203 -669 324 -1010 1512 -352 357 415 511 1474 908 969 -291 -478 548 217 -132 220 670 981 -1735 -293 -364 -513 -220 -286 -139 -132 290 452 -150 348 -1389 110 -940 437 -959 -578 -1033 557 -229 80 -647 381 371 -223 240 -116 -962 -896 1332 1331 -152 -182 520 -1490 121 -256 -277 341 1087 196 -379 76 663 1397 240 875 368 -184 674 301 -359 493 506 96 -311 -510 168 393 528 541 -1154 -1043 -167 -475 527 462 -655 1047 913 1039 1562 347 196 1112 1345 -54 318 86 266 -462 -133 -616 2498 250 -486 2076 903 1064 -326 168 160 -471 -634
-2481 -370 82 -1483 -478 722 355 476 1170 332 170 -908 1436 -308 -136 -69 -558 -813 837 -1280 -669 -1038 1242 294 -1569 -1042 349 8 1147 373 482 -46 836 1172 -603 1371 -96 -272 -1833 341 43 221 168 -554 -130 -306 -269 -373 811 1064 1 -713 918 304 823 -193 1577 665 333 656 -435 746 416 36 695 133 84 47 -443 -185 285 643 1596 280 1033 8 -1020 262 209 -861 -112 1030 757 -177 832 -710 -54 1093 -478 572 172 -703 718 107 417 5 972 -623 974 -410 -171 341 475 499 -196 -1407 -424 -962 -1463 394 381 853 -819 566 819 -786 -1791 551 -1414 -23 270 726 460 -1661 297 -270 -906 -205 289 -160 449 257 1815 812 -415 -185 704 1217 -918 -1189 560 -57 379 -142 -168 921 -354 91 26 848 -929 1395 404 161 -440 94 -384 168 -447 785 136 -1499 586 696 197 485 1141 -224 313 -576 666 519 697 -108 -1191 -149 -199 343 1999 168 287 -570 -41 -505 255 -271 621 100 -363 558 -2033 1136 -389 -1147 -165 -190 -855 -1104 -351 -448 562 18 92 -609 -137 571 -218 929 -162 -265 -494 -1048 -630 1010 394 -664 813 -89 305 -1075 239 -837 416 84 575 67 1204 308 462 -552 448 160 -352 -935 -5 -850 920 -60 565 303 909 1606 726 1130 -298 -114 755 1499 38 -769 174 -1075 126 142 -882 99 -1860 -271 -308 -988 98 320 -800 -1137 444 1415 -277 -266 187 954 622 -274 1171 -124 -566 66 100 637 972 315 134 591 -129 361 -62 598 309 -44 452 -512 -971 1186 -139 599 633 -610 620 25 1233 -754 -238 444 -1197 -786 -721 -33 -728 -1068 -110 923 -852 490 211 40 -414 505 -653 -598 655 388 -977 1259 -592 1099 -185 612 -62 1196 330 -1813 2 652 -1161 -37 -1106 -265 -136 -333 1 856 -745 698 330 1424 729 2045 95 -1182 79 243 -55 -351 -412 1100 -623 -1554 -772 187 351 -1144 -182 -16 633 581 92 -84 1093 1557 -194 -1450 -229 -294 1003 -1282 328 11 -773 105 437 -450 -39 460 -1091 -302 313 260 303 781 506 630 9 -202 -113 1019 -464 987 -84 201 287 -176
-280 -525 -525 -676 474 -297 529 1549 243 299 348 -33 15 106 -539 -695 -154 -607 -176 578 -511 354 46 -1069 -590 493 -1936 -745 -7 -796 225 237 -507 315 -389 1093 -473 800 -71 -225 50 685 -543 -150 1576 -372 -1520 205 -688 -76 -1118 80 1672 -261 -586 472 -212 1412 -25 2 -986 456 -1314 -1301 864 -312 -118 -916 173 -602 -212 -447 875 -228 1476 -9 147 -869 -1010 1478 560 520 -1173 -1076 208 326 287 -737 -553 1109 309 -139 -251 477 699 291 -345 879 843 321 1224 -506 -595 497 645 -462 506 162 45 -471 1154 -76 -27 1037 -1861 -62 726 167 314 -707 248 -296 122 -314 1082 -1035 -2173 351 -513 -1372 610 701 1249 1325 1 -421 -50 -580 -772 1305 360 1006 1110 -519 325 96 383 -843 28 95 764 -1503 -889 -1160 -55 72 -651 341 629 396 -2236 -412 -1859 -321 -1072 429 -379 1266 1057 -118 718 691 502 323 849 260 896 469 1090 57 427 508 -229 -422 698 -424 18 247 -568 43 79 946 131 -997 67 1855 -1829 -827 -74 -753 -428 -256 263 1228 177 -302 -651 -188 -1168 765 994 483 -489 113 -2299 -31 -1011 -232 -1225 336 -1118 76 270 -639 1262 485 915 -477 195 -616 529 357 370 -189 480 233 768 -422 -541 505 632 -609 -1094 -564 -609 -272 -487 651 259 206 -534 1528 -986 -135 1471 184 516 1336 306 711 -771 -506 873 199 -625 -591 -1515 64 -333 -473 -646 78 -1391 44 1417 -1040 357 -271 717 -307 805 -761 -14 384 32 317 -970 -48 -51 -490 1169 -989 -139 -445 27 -179 -660 140 -846 994 843 1095 1431 -592 122 -146 -81 -544 582 643 -69 796 -1096 -837 783 -27 -231 269 31 -196 -374 -489 -110 220 359 -114 -151 -889 -9 270 -366 1337 1 -521 446 -908 81 204 -578 -887 1125 142 204 788 404 411 576 910 -149 29 1231 204 -1238 831 776 281 -308 -1437 -110 -806 -425 -600 -720 -796 -418 859 -631 241 539 -787 178 -58 -527 -1866 -1025 58 -1106 829 -503 -6 494 464 -167 -1620 -630 515 1025 523 723 459 1169 -122 648 -1093 26 -63 753 -1181 -1425 -1287
855 -136 -207 -331 -405 -630 -569 383 -543 426 523 530 -235 561 283 -173 643 470 214 369 1022 755 -1149 -5 -259 728 850 -657 603 -693 1238 760 -796 -1673 1067 -331 717 -382 1859 -573 -766 211 -302 -764 -696 -66 545 77 -478 1106 302 529 -1003 -299 -734 43 345 -1401 -337 1207 -337 -888 -15 -387 176 979 103 -484 1166 -185 -726 519 -772 178 1012 -308 1124 -631 -925 1287 -259 465 408 637 1052 547 -1228 -837 340 24 -118 70 -822 103 806 -368 -1003 -252 889 354 1026 -1035 1073 219 251 -534 1479 -82 358 -141 -386 400 426 -359 160 -180 -282 -1166 -39 -93 -658 -1955 -1014 560 141 311 1632 169 7 -497 -122 -229 265 -292 344 -260 -1440 60 109 244 1431 479 -188 -414 637 849 457 -216 664 -583 -414 197 22 -966 -232 1250 -367 1074 51 599 305 44 -1029 106 -194 626 202 -686 -2351 -113 385 962 445 631 211 -645 411 558 573 436 -8 -1397 -159 -948 475 -634 -502 313 122 310 192 -750 60 328 1609 -115 -269 174 329 86 669 -251 -240 735 -215 -722 444 -195 -850 -653 87 1027 -1028 -893 816 -421 -84 -425 -827 397 1297 1236 -113 -318 -1495 528 209 -394 941 -691 783 -249 1041 111 -1054 746 274 401 324 -507 200 539 208 -227 193 1129 149 -972 287 -811 -283 28 65 492 -224 -614 1105 607 135 -894 1059 569 -88 -56 217 -535 -1434 1284 1148 -93 1236 377 743 -723 1013 827 428 490 852 -1408 -1597 -1125 160 -341 -683 848 -535 -821 646 553 277 -130 -1025 -1513 577 -392 -1495 -772 825 -654 1119 -694 94 185 -1084 -1263 452 234 -980 -774 990 67 23 1614 527 880 -1143 -829 629 -444 -548 -671 590 -539 683 -457 95 173 24 499 980 -198 336 -1094 -432 793 -1224 941 581 193 -1662 -107 -483 40 72 -473 -147 -239 93 265 726 116 -1220 -118 59 -797 334 -1441 1851 -309 1647 664 -514 -520 1060 -338 -1442 458 -388 1216 -481 -1204 1139 582 1377 947 -1652 905 -854 1030 156 -72 -596 -964 -1716 -83 452 -978 -409 914 880 -238 373 -247 -189 637 -642 1977 -309 1480
-165 134 278 103 -602 594 -342 -1657 -921 -749 -1241 -301 -556 -71 -976 1275 -16 -594 -255 592 693 235 -193 695 -209 235 -1012 -242 -1478 -733 336 2644 -206 436 1053 -1150 1264 -299 -1985 -3129 -1222 318 -1090 351 363 -624 1181 871 -736 1498 -285 423 594 885 285 54 323 -83 189 -362 197 -900 -72 -1258 -283 -342 1781 -285 795 -88 539 5 -858 -55 535 -602 -79 -652 257 -1473 615 21 650 741 -1405 85 4 -551 276 123 -1308 -336 396 -525 -813 -698 -876 837 -591 449 -2 913 537 773 -434 572 1170 -219 -670 511 135 -92 707 -648 2 1461 -1654 179 1394 -119 403 -1140 706 -579 -2134 610 478 626 113 -285 1065 -219 -693 1506 -102 1387 262 998 -1618 -674 -698 210 939 -486 -356 -1097 -1203 16 515 -2198 1637 1494 -1110 -341 -264 707 -197 1336 394 340 504 554 625 -111 -448 1225 604 -308 -630 249 -312 -907 0 -1103 1540 39 -1073 -1 1011 1363 -442 669 661 440 -1585 -753 151 679 -252 -97 241 -696 -640 273 647 -1676 15 -559 308 -211 -868 -143 -193 24 237 802 439 -830 616 -744 781 802 -926 -1458 517 -87 -240 138 -1600 -682 -4 1447 270 119 -695 -1433 -715 -769 112 -218 1103 1072 817 426 -97 555 -947 1201 550 1896 589 -349 -236 482 -700 -591 160 645 330 192 276 235 -352 1083 56 21 720 -495 819 66 897 976 378 84 -825 1471 615 184 209 -739 1777 533 1123 -1029 -612 -362 311 56 -563 -581 -1600 -986 -259 126 1849 386 -44 419 -134 941 -1076 -532 -1346 269 -421 1100 -294 662 1393 -627 -308 -156 -835 -310 47 -460 742 254 -375 -117 -773 373 -208 -633 816 82 -1093 -181 841 -10 -375 -1343 753 372 1183 -561 138 570 2189 -20 1244 1135 71 207 144 -1217 1602 80 393 294 -685 395 -817 1269 -279 -1124 252 -742 126 -634 732 113 -341 -248 964 -438 644 -176 89 -38 -44 -102 679 -1240 -768 -788 -1043 810 701 -296 348 26 772 223 -273 -486 1070 294 1215 -977 1031 -387 -463 261 -366 -36 259 -819 -1205 -686 -324 447 382 1006 8 -191 1457 -560 473 -463
312 1455 -775 1727 -1433 1312 -136 586 -747 -24 333 -739 18 -116 348 -86 -942 -1254 1764 401 438 812 -840 -258 338 -1321 -918 -442 747 705 -253 -103 -362 327 -336 -1943 722 640 266 271 -410 -450 781 69 986 508 -548 -794 785 592 857 -1860 636 48 402 -83 -573 435 -794 923 168 1005 -211 251 -354 292 813 -202 -76 -200 -767 -622 99 -1017 -390 -353 283 765 -18 202 -601 -84 -530 83 -123 126 41 -553 244 -346 -1328 1786 1138 708 1022 1048 -793 -49 -60 -129 -898 700 -18 -37 -1172 -144 -104 -462 -1333 549 -192 228 -1025 884 159 246 656 584 23 1213 1786 502 287 -718 279 667 -3 194 -622 245 -135 -289 -82 759 -160 199 912 329 -1328 -419 -437 223 85 597 -286 -423 -684 -314 914 -617 -529 -86 1342 645 -171 300 -680 409 1021 282 1037 -175 -898 263 -36 -617 40 724 560 -662 -769 424 1029 -666 127 -99 404 -658 469 -567 500 365 -829 708 487 611 -563 -792 -556 -12 903 1483 609 1134 -677 757 -1859 -1011 -338 -2367 336 193 -1682 -477 -534 -100 331 612 100 66 578 810 1793 -1327 -215 855 377 1213 -1069 -218 219 51 436 -6 475 118 1314 654 122 -338 44 353 -1211 559 1128 855 795 -524 -159 316 -177 -605 686 1633 338 -336 -179 136 1350 -443 745 539 -212 411 260 -1333 731 -1547 2 -556 919 -52 -1028 554 -513 1239 1857 1208 -403 43 -56 95 -1397 330 -696 -1290 1305 -543 -493 -35 23 -244 171 86 610 236 -478 -192 103 -925 -509 -185 -363 1944 48 327 -653 -83 -217 103 320 401 130 332 514 -284 -444 742 1097 -88 -654 -703 410 -1 -765 463 -582 5 235 38 -825 706 -927 327 -909 -112 568 -418 -389 82 851 832 -1115 36 -52 -363 -1309 -30 -871 824 1753 -1056 1139 357 -537 768 -84 -656 -378 601 -737 -1336 -1024 997 195 -313 -581 -1163 -903 -1083 -2347 1196 5 -246 547 -240 376 455 391 -506 -56 1291 267 -794 -135 -62 -81 -24 234 8 608 -717 -248 -511 199 -1404 -309 -96 -452 -231 645 1048 -914 -935 -935 -911 536 -510 -1134 -636
623 921 -129 -619 -434 153 862 158 101 1131 -565 147 -687 166 -84 -1824 1729 -588 -854 124 136 515 604 -579 -104 12 -417 510 -424 636 351 654 -459 -231 -716 -761 4 855 -696 670 -540 -924 289 -183 -441 -262 -548 435 -1565 -467 694 -915 730 -1134 -598 -197 -624 48 -51 211 -516 829 -180 -192 -893 -382 -569 1039 561 -628 -471 546 -702 8 -1042 852 831 -433 -285 255 -1164 -1700 1218 988 563 542 1183 -75 218 -1031 712 567 -527 98 -520 498 -725 305 -125 -475 -707 -494 -526 258 1332 -297 -638 420 176 -99 -480 -196 144 389 1488 1468 1042 -1856 1095 -187 842 -917 495 316 -180 101 -442 -202 -1154 59 282 523 657 203 392 57 -614 -360 -354 -1685 108 602 703 778 291 -445 690 891 -207 719 796 -85 646 397 -734 -502 658 110 -98 -55 -965 267 204 -588 -1060 40 490 -164 315 -570 1100 -1219 39 -499 286 -101 -374 996 18 -376 924 -1586 -175 347 843 -1450 -737 547 301 -823 -1032 28 -326 337 1070 -647 28 -662 855 668 159 884 -1742 1180 -1131 397 141 -262 -1299 -375 -389 -736 445 231 -29 -694 374 -791 -393 79 -628 -54 830 105 149 39 -247 205 647 -64 693 -196 175 -606 253 223 -869 667 325 -30 795 28 1085 -69 -969 -932 196 -989 428 208 -584 -51 -173 378 14 210 456 -746 -504 107 -739 -966 -773 -613 120 1082 228 -762 -359 824 0 1316 -855 -275 -301 -238 1776 1076 -542 -205 -634 229 -469 -522 289 573 880 -276 522 -663 539 451 -348 53 899 -193 216 682 1254 513 -392 -869 -31 -736 526 165 127 -528 -272 1332 -1001 472 -807 201 681 1239 -1829 -363 341 587 -657 794 -402 607 442 -73 -561 437 -1311 -332 752 -404 -753 497 -491 -141 -997 -518 51 1856 274 -267 -353 -83 207 -662 -588 -915 -675 -658 -521 -1795 1019 -359 -641 -471 20 -358 584 -771 -626 -573 126 -1196 2792 802 -67 271 -1441 -169 105 900 37 1312 -1333 185 927 -1290 489 -12 478 237 -380 272 -98 -647 -40 -774 -122 345 176 -761 258 654 280 1224 588 -524 -64 534
1075 45 -1119 452 -90 668 374 -136 81 164 -610 -1190 318 272 -915 -379 -367 -113 -11 -296 -502 -413 -34 338 190 -606 -409 1548 -419 19 -570 -458 804 -41 -2110 -280 19 -337 194 158 -874 -66 184 409 499 -660 111 -1252 -151 -242 -553 -1474 1501 814 1366 81 241 1584 -268 719 -671 -1075 724 1645 159 -76 747 431 -348 -214 218 613 234 635 -920 1475 317 113 -67 -92 -485 319 606 75 826 247 1416 1837 245 1240 -69 310 421 -975 -480 -1094 -1308 -113 -712 -654 -60 284 -228 396 559 -540 659 -13 894 -38 761 -185 509 369 -861 536 -161 -370 477 -484 -1162 222 695 1384 123 321 -895 -242 744 1204 -727 117 603 -559 999 759 592 -1480 1994 -559 914 -328 -124 21 -323 412 -267 -85 24 -271 -228 -403 -584 243 474 -378 1368 158 2312 16 -380 469 -432 -1385 122 1017 1001 544 238 -967 205 507 -871 5 807 -114 -135 -1269 367 -214 142 554 -1447 813 -189 -781 -11 -2006 -1216 600 -738 -206 -313 -1267 586 995 -359 967 -741 -987 -1432 -232 569 881 -2106 152 -175 -1120 -1124 -925 -1271 1412 -993 320 303 -886 -270 -258 527 21 -1160 740 744 -158 -1042 -335 526 555 -173 1177 -718 -338 82 115 469 91 -255 -817 -489 -62 -317 934 48 188 478 -513 802 237 -93 142 -963 -1569 -201 -749 800 817 -1384 -698 183 -370 -139 269 1206 204 -80 -812 677 -1331 -1151 -343 -209 -268 1637 -470 31 -263 1672 -119 -732 -77 -435 -292 256 -869 5 -572 -293 -745 714 -653 779 -595 -638 -877 -1173 -621 -738 1019 204 660 -387 -546 195 -404 -1240 271 1999 108 231 -479 -311 406 263 -532 564 181 -263 87 48 205 -94 244 1353 -875 369 -103 522 102 -494 84 -672 67 -71 -192 1055 1115 352 -758 -126 -792 1004 -1077 24 -869 -717 1348 -1052 -290 -225 -593 -168 -115 198 -264 268 283 -1032 118 189 -437 30 -1092 262 673 -156 151 -219 -170 132 -129 822 -865 -267 -329 -1453 458 839 66 61 616 1023 -553 -1095 36 405 257 319 -1307 1222 -222 649 951 -236 -939 -1081 392 -729 514 1244 -828
689 367 -1230 383 280 520 -564 -106 -615 255 -786 -936 -183 -71 -542 -943 -47 -1212 -177 -654 248 242 320 -257 -356 847 -322 463 -547 -413 1043 1042 353 863 -884 -1314 398 -639 373 -1299 1120 -272 114 732 1350 42 -77 -1151 -120 -1147 -306 549 74 219 759 -1112 -265 44 450 1137 -379 775 244 -543 332 74 -1303 -167 398 412 -130 -264 -599 273 -1110 602 416 -106 1214 226 -404 21 1679 -1594 219 -399 1570 946 448 -60 1164 360 -130 -462 -1500 -573 -358 22 -242 -23 -370 151 478 -303 370 -588 -405 1397 -453 599 -778 -118 59 61 501 298 -828 28 -500 -165 566 -9 -244 -242 329 -1494 1174 -487 739 -223 353 -893 252 19 44 -653 478 530 -731 -376 11 634 1825 321 -1422 74 -1159 520 -69 -683 567 -370 98 803 -1020 -52 -604 1120 1024 -439 2349 -616 -843 -2231 514 439 1330 -650 339 -556 1163 352 -1837 -490 513 -289 -393 -93 246 489 2050 761 -28 328 306 -48 420 -754 344 971 18 850 -351 501 -1992 -1618 280 -325 50 614 -1076 386 -399 -671 -573 -114 162 -845 -8 614 -185 -167 621 -540 -266 1266 -655 466 -414 -162 -124 -207 1458 -154 1045 -445 -205 -33 -7 140 -153 -664 495 -294 -235 -58 -433 896 382 -138 597 105 -932 -211 -1130 -709 -630 -38 -498 -530 -1422 1034 -944 -1055 -155 1410 -774 -452 -17 554 -150 -229 -611 926 699 951 -1201 204 -308 639 -631 -645 1141 886 -379 -368 540 887 283 -282 -601 1314 448 -1027 -394 158 -294 565 -195 773 102 -1020 1064 -726 221 -675 -649 826 -126 -830 64 -558 439 -92 334 -250 -502 139 -694 -370 -791 240 -1637 217 154 -475 452 716 36 304 1219 -539 977 -1116 126 2347 872 51 -188 -139 -500 641 493 508 403 -785 -116 -675 1031 -569 -643 -488 -287 33 1333 706 68 79 -911 -215 732 303 -187 -109 551 596 -1 -264 -1187 1294 629 137 -1061 -1674 529 241 1200 381 -828 -145 -706 -633 359 -149 -560 -471 -469 -455 83 -118 -2024 253 -125 925 1408 239 632 -65 -539 373 -528 1109 -337 514 -1660 130 892 -39 313 -650
1012 -1318 1516 -625 914 -193 225 -225 420 -599 965 1173 -349 2018 -364 -438 96 -827 171 184 6 -1206 -1015 -426 335 -137 -224 1144 -75 151 -1032 -496 -640 -182 -1245 -799 504 -306 -1582 -365 1557 -617 -327 -107 -516 -119 -393 339 490 292 -705 368 1448 117 509 548 -913 1502 -468 -408 372 -251 1265 -242 -202 1070 987 -859 526 547 -1476 617 -232 220 36 739 -420 349 -859 -500 1162 676 -1380 -440 194 -536 -902 -33 261 -568 762 -1662 -178 -469 684 724 -109 815 -515 -941 1317 -302 915 529 -547 130 -197 -132 1379 71 1318 29 1040 -444 218 383 -541 -236 -57 73 227 179 -527 -277 321 -472 642 -291 847 115 68 636 1385 153 -389 -252 90 483 732 -698 -849 -322 -802 -447 805 -778 -350 1023 779 142 554 777 1045 -240 -426 -34 -430 99 -797 1075 -951 696 964 878 -177 -674 -642 -113 -115 1333 -9 -475 -177 -211 285 143 1170 474 -321 761 -1280 1522 -876 682 161 -868 925 338 1045 864 -1679 -479 -1327 573 1336 -84 -963 515 710 -62 565 379 795 -12 58 -420 288 -549 962 435 707 -458 -155 324 -72 -731 58 424 548 -1604 -722 139 -883 124 -211 434 -1180 152 800 589 970 -351 66 -416 1097 -298 -380 -462 -855 849 200 1088 -902 930 -1248 310 15 -514 -1258 -913 16 -628 1606 -779 -464 -875 1754 -393 440 312 69 -86 -440 -481 -685 118 -159 61 507 -993 42 -21 55 -1533 -44 -866 -90 -510 -992 165 -257 741 36 -243 84 1789 -86 110 757 407 496 13 -235 -1334 -377 -703 -492 -106 70 274 -1242 -479 -172 -21 551 108 819 -1193 -300 -566 108 704 -223 -605 172 -427 -1627 -885 -903 -918 34 -1442 -774 1452 821 417 -399 -508 89 -804 -290 -662 -1112 -719 -302 965 158 -176 955 -888 -917 1155 -83 351 37 -1295 509 1119 -836 -753 -717 135 828 411 107 786 5 35 -183 -515 -285 -257 291 -1142 -357 -1250 -115 118 148 -222 -259 1002 -908 160 -27 755 -1060 260 123 -331 1529 -195 -347 -1230 523 -326 -372 -159 1 -454 360 -559 1455 137 455 -800 -733 1859 -211 616
-320 -266 -110 -1040 -83 -317 -22 -179 200 -519 -1336 -288 -188 -98 1228 -28 -405 -893 684 -301 -773 655 -765 -946 -23 493 -1198 -890 -15 0 543 398 -264 -1412 -613 1062 95 242 -954 70 -689 -746 -175 254 -384 -305 59 -752 -2516 407 326 -361 -1124 516 779 611 722 266 1717 -810 726 -821 277 -688 150 69 661 1072 1015 -604 707 -144 59 -525 793 430 647 175 -143 -1007 750 -25 325 98 1224 -225 -235 -158 558 230 800 -231 -174 1103 924 -1797 1073 -36 490 141 384 -691 650 1401 1068 168 -493 -175 205 1155 -391 -393 -563 378 868 914 174 -830 -1054 -231 -117 573 925 972 -461 881 645 222 -664 139 1088 127 682 -231 -323 -555 -552 -325 465 274 -827 -269 449 981 186 439 343 -81 -691 1426 -689 -290 1261 -80 735 348 -1313 -307 -228 -380 598 -213 -207 -617 -400 336 649 -291 -16 -1298 818 559 -162 1501 -478 -804 516 -182 383 -727 -854 922 -383 280 345 -27 -837 779 450 860 552 955 -1437 -571 -663 260 505 507 954 623 -257 880 578 -983 -218 161 -1465 -121 118 356 1784 838 141 -246 84 -1426 -15 433 833 176 -483 -539 1023 -496 -358 -211 808 138 553 -251 -58 -261 1053 329 238 -734 512 -2216 1085 -105 -604 -358 -115 1396 -329 -1360 89 -138 968 -1497 1815 6 1403 -356 203 -958 453 -908 659 35 161 559 104 32 -229 1384 306 123 972 -368 2477 710 -149 -457 334 7 -473 -700 821 375 -821 -75 884 328 -897 371 -663 -6 299 -679 -794 -21 567 -682 -417 0 870 -1519 17 177 -107 321 193 -651 296 -184 701 417 331 136 1146 -283 -1405 -201 624 -105 402 -461 238 222 258 -1332 -99 515 -148 822 -214 -60 -124 699 -1513 -84 744 -244 -422 866 -715 -496 702 -648 -521 690 1585 246 889 595 -1012 439 -103 358 -1249 553 426 77 -551 307 631 -154 26 -1157 798 1020 -174 -52 -260 328 352 724 1232 216 -904 -1156 -1025 -1076 -14 108 389 -101 -383 622 -1300 867 -607 166 393 1728 -1101 661 -198 860 2504 99 -256 421 -1213 1292 454 -412 123 964
-66 1081 229 -873 390 -68 -762 -542 -778 -504 -357 -957 159 91 834 173 163 -460 96 1085 429 -471 -676 -459 -375 610 698 186 628 543 907 301 -568 1176 -394 -1094 -1077 782 438 -1283 113 -1147 1939 1569 401 -307 542 575 -1243 -268 197 -538 256 1214 -569 -7 -611 -348 953 14 -1031 1113 -664 -1182 -76 -551 -76 -303 -16 -95 94 -576 -944 -1160 -138 -288 320 -547 220 -1071 -227 -471 -693 973 -1424 466 -163 252 1446 111 -462 1296 -167 -896 -988 193 -492 345 1191 -169 -416 378 871 680 -1328 -541 710 260 -58 -139 -855 -697 414 166 -856 632 445 1101 403 -968 442 363 -63 286 -385 3 -1288 -471 -202 -479 -349 -1218 -1137 -31 -75 -383 162 462 -1008 -263 -12 805 -1372 343 964 -625 969 1332 -744 -1239 24 -1086 -225 12 1104 1020 -405 74 -1172 -46 1 1093 -879 -25 -1099 478 -594 -1089 -543 43 -517 -17 -293 -707 788 -201 -1435 497 977 -296 -1726 49 400 1649 516 123 -327 -663 400 -822 64 -1572 614 -284 -372 -502 -175 -1073 -691 -694 1654 -1428 -1720 114 -175 -819 -97 49 -167 -356 546 -70 248 -21 -501 -295 -90 209 -1465 -161 458 1167 -122 -1932 1083 449 1194 622 150 -494 354 -897 926 21 -316 -303 -711 221 -393 560 -1798 1019 -212 -708 320 -898 389 -1322 -81 -310 127 -831 543 -922 -129 -539 -95 -272 535 142 -240 209 -660 1088 1040 125 -229 86 41 968 148 -705 -595 -648 -881 183 371 -262 -316 -853 1468 297 -557 -272 -243 -60 403 339 -308 1022 -766 -561 97 141 452 586 -1646 -174 -343 -1290 268 578 -187 -404 -1016 1309 -371 898 818 -951 324 1507 162 548 -507 -442 -545 -791 -421 -320 147 136 41 -191 -971 -346 -470 -264 117 -404 -538 289 24 -601 -420 426 30 100 810 1340 56 -170 515 -466 369 -1143 40 1039 638 98 515 -150 -19 -1682 94 -1691 -599 -309 -407 552 91 -840 -458 -232 -252 506 -443 521 -1033 -701 90 656 -108 -379 119 -459 261 333 -484 -1369 55 -400 -17 -617 -1228 -84 -1315 -402 -285 97 107 713 506 357 -138 163 -41 -588 -850 -428
933 -796 -923 780 -837 -1065 24 847 -205 98 636 639 -364 -1310 -155 676 -135 712 259 1140 1191 989 -504 1313 -607 -1195 -25 -604 676 -105 324 -2117 -918 739 274 836 -218 -1592 -146 -522 -1325 -661 -205 554 -6 343 -23 -648 658 -1001 -23 601 74 -839 -153 281 63 1129 -252 228 -428 -681 -642 -188 -567 -115 689 951 -70 1302 -401 -94 823 131 1241 1109 1197 468 339 362 -543 -645 -1253 192 424 -851 1287 265 -468 102 1427 -999 -709 -380 194 757 -1064 -554 -355 209 317 -775 564 -871 1254 636 -614 -678 -541 1493 -1088 963 -887 -1103 119 -460 -675 785 465 901 -2275 634 -42 510 -250 -154 -163 189 102 -683 -236 -69 434 -1011 -89 -958 78 -913 161 -416 -572 1595 1625 603 -793 -402 5 1607 -214 -182 -622 430 -406 278 -1145 -102 1304 563 284 -1947 312 716 70 694 -764 1123 907 465 -788 343 1895 -779 1353 -1422 452 -355 970 -250 1297 606 -367 -290 1318 292 -442 -392 711 1171 933 484 -649 -791 -292 -360 -143 -396 -290 912 -47 557 847 303 105 309 586 -37 999 65 1469 -814 -647 -1505 13 -109 -1052 -88 -655 -242 655 -646 -50 -118 -178 -1425 776 377 -398 898 246 620 69 55 1987 1308 -1682 877 -879 12 54 82 1626 -1138 91 200 -553 290 -1616 -938 186 -142 591 -54 -197 630 265 1444 232 824 -1640 -1041 1402 -152 1110 1040 -779 -1270 441 1478 -756 1422 474 143 26 -228 -36 -282 -518 1488 -748 1657 -144 1083 357 655 -1045 351 -595 84 425 -411 910 -534 -225 44 -172 563 174 1140 595 -875 626 297 735 271 743 -212 163 -353 -1591 894 -1388 -251 527 -131 847 64 -1050 -1038 -400 1216 -914 790 321 -96 180 736 -213 -881 111 371 -161 246 1001 996 -1370 893 -690 696 -180 -1237 -732 1080 529 594 -546 82 1170 147 775 -69 182 1226 -425 1408 1193 -327 -405 -878 -53 473 104 131 1551 -480 -36 -1554 -216 -33 388 638 61 -319 -178 922 1028 -1534 -379 -552 -762 15 -145 461 -449 504 -362 1247 -802 -537 -1628 -271 -832 226 -190 943 786 507 406 578 361 -1413
545 1051 58 880 -1173 804 -1153 -34 83 -483 -1561 939 -1149 -99 1047 -83 -579 81 1388 262 -108 485 -910 68 139 -988 507 256 -123 247 1040 1501 -768 821 861 104 242 1144 398 144 -402 1193 769 -76 -74 419 -742 -51 -1052 -1535 163 -816 386 361 -325 97 937 -456 -504 -325 189 350 -192 316 464 -112 582 -302 -232 -18 777 -560 513 845 366 -1341 1371 1609 -750 841 -934 10 -251 579 933 1089 858 -2061 -608 1078 186 1179 -1399 -574 -155 464 -965 499 554 -828 -464 -95 -615 903 -98 -644 456 -746 91 -1149 7 274 -406 -582 33 752 -393 -493 357 158 -1584 -596 1184 639 -855 -205 66 -25 -179 -76 467 75 552 -519 285 226 193 -1306 -1980 185 -223 506 -839 706 -292 -956 306 -139 -472 -121 138 -1035 672 94 -888 -465 -363 -1665 -691 499 204 -61 -1201 -22 -323 -1910 -154 -999 881 -598 203 -581 -63 -557 -1361 603 -510 489 -1095 350 286 -4 -1347 442 807 663 498 714 -468 -1575 723 962 -125 269 753 -435 852 429 478 -145 824 -659 585 338 -798 270 93 -622 -1222 -690 681 668 642 257 -765 1465 724 -1030 -1399 -527 989 -242 602 -499 -440 -639 784 61 -725 -921 -1226 -354 1293 491 571 1784 211 -9 -2065 358 1456 794 919 174 -567 -527 -1036 -615 -434 722 -440 -575 265 -629 392 -355 -403 0 -534 155 331 908 -104 244 729 -552 -142 548 854 628 -309 -707 1134 455 -681 -36 -129 575 -462 -844 -218 -466 781 847 173 191 -70 407 -2 1466 -833 -493 538 287 1227 -1113 -1718 -364 49 -364 437 -342 444 933 192 -831 44 925 11 89 574 -545 919 -154 834 1673 121 -793 33 683 -438 938 669 96 -970 -1076 809 -394 1416 -333 798 92 -556 870 -1462 54 -697 305 511 -1020 -770 734 1240 -981 -447 555 -604 370 542 -793 125 -1202 -181 -164 774 -262 -618 692 1037 -172 824 -64 894 -755 -242 917 -198 840 175 415 -583 2008 -310 -222 -66 149 144 899 -180 909 -108 511 -210 -293 -611 96 -1467 -1393 55 651 1035 810 835 549 403 -845 -575 116 -871 -765
656 88 -493 573 -792 -968 -274 95 839 -1674 -753 -838 -655 190 705 -111 -530 610 711 21 -259 525 -81 821 -673 312 -1229 262 746 -1664 -698 -589 6 -457 -408 1197 -671 53 -205 -314 387 366 -1419 56 536 1120 -97 -355 -699 641 -377 -12 774 -143 158 -1012 322 -255 61 -1617 320 44 543 -234 1135 676 -347 -478 -307 -1342 561 -2183 1462 629 -602 -435 286 -554 -468 -658 220 -155 -725 1139 1222 713 -37 1252 -159 345 44 -1266 1799 -590 32 -690 611 582 991 583 -980 -921 -17 -215 605 285 454 1116 -572 679 288 315 984 848 187 -342 870 -1049 -113 -525 901 -1048 303 -296 -221 -848 256 -1017 -223 452 -360 -343 87 599 1313 85 1878 -1009 464 -1235 421 366 -538 838 434 -1269 -1168 109 -23 1739 139 149 340 578 704 -87 543 -2419 257 -283 311 -548 359 -213 813 1527 -1119 786 729 -640 999 -348 -807 -176 -143 277 -166 340 1196 -916 1304 1220 -161 683 -892 -621 28 183 1057 -521 639 -686 -926 -571 -220 322 142 -1219 -1142 -783 -1450 -42 80 760 -496 -229 -1087 145 1250 681 957 -295 568 11 -597 306 966 -1418 -1344 -109 -245 -1133 807 -556 1015 -161 -519 421 -174 872 798 -128 258 -67 46 2 257 145 911 -408 -293 1312 -330 697 -513 421 -139 -622 -202 108 1150 -348 -434 554 -483 -649 252 -470 -482 1701 344 -1482 695 721 22 -399 -1055 -1122 -205 -617 200 -1873 -958 201 -942 -75 -78 316 -233 -6 328 507 -39 -43 167 -581 1257 185 -1170 -1011 859 126 536 165 364 -182 219 71 -276 -122 -783 -300 444 -1130 -18 -328 -158 680 295 769 -428 -706 -517 184 -1505 -351 -72 466 -710 -519 261 123 -282 586 -880 605 -1182 348 611 1142 -572 -758 118 1646 -444 -502 -721 517 206 -1050 -658 11 -1089 -88 -382 923 1277 -120 452 -109 -422 -1099 -9 98 -98 -53 1859 -776 -99 886 3 -1110 559 -484 394 18 -536 285 -744 -670 931 563 1016 708 -268 781 1329 -2109 -375 986 -996 18 657 399 -870 407 -283 874 294 1065 175 510 595 -839 365 -534 -1063 -763 -668 190
-293 -1813 1015 1360 -310 -574 102 967 243 250 56 -184 -739 441 854 705 49 -339 -467 5 -780 -690 -1067 -1319 567 -10 -118 436 513 -230 200 535 -791 1337 394 -236 213 -10 379 -51 -158 -75 695 -769 -459 -1673 -81 40 -516 271 -376 227 28 287 1 662 -592 515 -757 1536 268 -910 -624 -385 -374 512 106 464 -1292 -171 -32 -517 -152 -497 -858 901 97 845 1621 -1052 -954 -328 -1920 -870 -1447 -617 -1631 -500 272 26 -722 1710 -218 -1737 -1070 798 -95 793 75 -188 686 1050 -147 394 1215 -1221 -215 1097 584 -967 189 58 240 239 -549 -908 807 979 1494 -92 -158 1425 -646 -552 -770 -707 761 1511 -515 -818 538 -420 -70 900 452 -219 -416 265 -673 597 938 615 -541 -457 -1103 -1825 586 -594 -1469 -403 1047 1232 210 -270 504 548 -262 98 -1151 208 392 350 425 -1016 1536 452 476 -124 -1392 -555 631 -1000 45 -1855 -1019 -233 1496 440 -309 1546 1235 104 1375 -479 -634 -767 986 266 545 -1439 850 -73 -599 301 643 1446 1748 382 867 816 -604 -485 -634 -956 1318 -151 868 -280 -34 731 1 -1220 -880 311 -1428 242 -1119 745 -500 144 -42 1169 -800 1315 -335 -17 -1208 17 325 -462 -1218 -80 -470 963 103 1791 1213 188 -1706 877 -815 -65 478 -249 696 684 -129 1030 -72 416 730 -279 -1619 1608 -1400 265 268 0 -318 -152 -604 -236 -231 -227 -359 -1099 -56 -24 -454 -976 130 -1797 -486 592 1609 647 994 -253 -58 -951 -786 -45 -340 -203 547 -146 605 160 26 1197 622 382 223 -50 489 248 -363 -736 377 -540 -1541 -1634 347 -221 1404 -252 83 -662 167 121 -948 -438 204 370 -444 -467 -1050 1757 324 877 -767 -748 -1406 -701 -709 -913 1081 60 1281 48 -187 -1211 -1636 -102 -831 308 -87 1543 1351 -319 20 -546 -739 70 -580 -1218 531 -99 -41 313 -542 282 257 -727 1240 -628 838 1603 -275 192 372 -349 250 -794 -1058 188 267 -1441 332 113 -716 1936 154 329 -1774 -294 294 -558 -233 550 -1389 -501 -523 -1263 154 53 -1824 -705 39 58 548 129 -286 213 701 -854 2372 1044 291 91
-949 471 -93 -1225 1033 847 599 -971 -1139 920 608 770 508 428 -20 -1155 -10 79 109 394 2099 -63 177 732 1491 1349 603 -1305 -514 -424 221 966 71 207 41 306 1192 -1206 1253 -383 992 560 -952 668 973 -803 -2627 228 85 121 -1971 -123 -593 -246 878 471 -298 -276 362 521 1248 1274 -765 381 -875 65 -1047 -101 360 885 590 -310 325 160 163 -640 264 -75 -1506 -454 1575 -536 -308 -44 -271 918 342 304 596 79 -365 -85 -811 -654 154 -602 544 513 -898 301 -1068 1039 -666 -349 777 -165 -807 237 645 -380 213 850 2214 524 88 -1481 -44 541 128 -471 -80 -59 856 707 9 208 -107 -484 -1129 71 1474 24 -1561 1464 998 -1093 164 -584 396 937 623 1019 510 463 -1587 33 -888 216 1437 -333 172 -284 -541 889 -258 -933 876 1592 514 -204 389 -713 -319 -556 -1036 1190 170 278 375 -721 124 53 -97 -1274 -402 938 -110 -155 505 -1220 19 -547 145 507 -1193 536 538 829 -1248 -535 -232 -705 -207 695 -231 -399 540 -407 -559 -592 1040 -1063 334 -969 -249 1368 -501 -1181 612 -39 154 -241 567 -516 453 -813 420 313 -261 792 273 -845 -33 -318 24 14 55 3 -682 196 174 1468 1701 -352 1467 -120 -501 471 1442 167 -368 776 268 47 78 -122 133 101 355 451 -9 -195 -65 33 217 90 -1110 1228 415 -435 -102 446 55 90 -1053 133 1041 1591 -897 -4 -963 827 -1509 -20 122 -1659 1413 1249 -153 -712 -307 921 145 -1474 -621 969 129 -525 335 -266 -1369 -650 -6 -1169 708 -185 -391 -239 -652 441 1397 -1123 992 -563 -605 307 -463 663 -816 192 640 -971 -400 -224 404 -1846 1247 726 245 -312 -14 445 -1039 -771 -126 -176 68 -635 -930 -1268 -1341 -158 -158 946 -91 400 -902 1214 1577 618 835 165 -397 -1 819 632 -1171 554 777 -609 -384 326 111 -567 521 1240 -430 247 422 270 277 376 -1389 521 796 585 634 -512 119 68 -46 1137 1294 -316 2815 -311 790 -581 -443 -823 1254 238 -1122 -60 35 558 -306 -1373 659 592 -142 -529 -502 -591 330 -43 -612 1465 711 -730
-174 1740 -178 1617 1657 -148 1324 744 753 694 -341 -843 -555 1103 322 -202 -844 789 265 1350 83 386 -406 259 1699 301 -768 -431 -405 201 -22 479 420 -61 -437 642 -654 -1460 1076 526 279 482 902 -643 1393 110 3 -1466 -321 337 331 219 -522 1265 677 -1106 2424 -925 -788 -760 -185 -682 130 -198 1907 -592 -324 -626 -251 -172 -45 -207 480 960 276 489 -147 -583 930 -1031 1188 662 821 801 1135 1109 36 720 579 756 732 -589 634 -72 493 65 -463 -852 144 -1785 -135 380 -547 1148 730 -482 1568 118 -64 457 -1389 -793 -310 883 -848 -445 -614 -880 -123 32 -428 -236 -1500 -992 282 1012 902 -517 24 154 -498 1035 1171 238 1195 529 119 -164 2405 1131 905 844 911 557 865 -74 506 -941 1465 -340 468 -621 -1359 153 -725 397 1058 -312 1616 476 -770 -277 -1170 -1215 494 -235 -631 712 -441 -609 -2207 -114 452 484 54 1502 -41 1056 768 705 983 530 -883 422 -1371 111 1091 -751 1603 1502 741 880 1223 185 27 -1136 -1157 622 -501 -894 -842 -49 -728 -222 491 748 -81 507 44 -391 -1339 702 93 287 1804 65 -1017 943 -1110 1662 873 215 62 251 43 66 335 358 40 286 345 -152 -841 358 -1912 -1707 -1467 -681 -267 -258 1224 975 405 -599 1619 -96 529 296 119 -1071 1023 381 -1674 -112 715 143 -257 548 1452 -163 90 -399 -678 672 -89 -1152 -1632 710 234 -358 -8 -117 257 -985 100 1212 1833 -224 1123 65 53 1386 -363 1046 97 293 -917 979 -597 -390 -910 -573 -1131 -1006 493 97 1361 -263 -934 -1040 290 476 -155 -197 -538 -67 699 -458 290 -121 -1703 1449 -550 -469 -1166 86 934 757 795 -346 -1409 276 443 -1932 746 -697 -309 595 109 -24 -525 163 -260 -387 725 -192 2240 564 -1034 -1100 627 -1700 -843 301 1043 -121 363 -83 283 1257 -366 -259 207 -913 103 -709 -927 -2092 -353 1142 -25 -882 1054 639 -880 -1096 -76 -956 -325 1459 634 -1638 1241 40 -590 121 -142 205 -176 432 612 -10 190 628 -953 419 71 674 342 -28 521 -328 263 335 -180 93 -525 -655 -982 1068
897 -361 -125 -275 540 -927 788 -513 -216 -509 -404 -215 -824 -438 742 -726 -1326 -1436 863 598 -1096 31 -1115 911 871 -712 -598 -102 995 451 571 311 -808 1193 -493 -625 -1227 216 -55 590 -356 -498 1146 -105 441 -26 -26 -56 285 1228 265 -1291 420 601 -26 157 -474 -148 660 -53 -1410 717 588 -134 -220 29 -1566 -413 -418 338 499 400 672 782 -952 1871 676 -619 1462 -731 98 -77 -220 -151 -834 -509 -21 172 -583 1272 309 41 -692 -864 529 -565 848 571 -26 -850 1489 569 -76 165 27 -157 -266 -583 327 225 -1560 -333 -953 604 175 220 691 -461 -331 1039 -267 1240 71 599 -24 -1567 1565 1320 -1273 -377 7 -1377 423 53 -986 678 -1272 -651 1033 1735 49 694 948 133 -145 -347 330 -665 496 158 -57 130 -789 685 -198 -231 -133 137 -382 1043 -119 1064 -808 524 -1187 -19 -1615 -720 -614 959 -737 574 1024 -904 -328 1423 637 -445 -1143 -219 -829 390 123 1199 -638 763 644 -1143 494 495 611 -214 526 212 338 120 -902 783 -47 -1634 -403 -792 -1006 -370 336 -31 70 -284 1256 423 684 -385 1790 398 -459 -311 458 537 169 283 -448 -776 -7 -1197 -229 33 -194 1217 -52 703 -236 -493 511 -270 -381 1079 1092 258 68 -451 -555 3 99 606 145 -1223 -298 339 479 -349 -760 902 622 -275 -1187 -691 360 1310 39 390 -238 -309 -433 -109 -323 -111 860 469 -455 -172 352 1242 222 -302 144 785 -211 38 -364 274 509 815 245 169 575 18 956 772 -1826 -196 456 193 -31 494 -221 452 266 -620 -441 196 997 -419 325 -389 397 25 144 944 610 -1571 -427 1008 -518 178 0 -441 -118 -1042 -275 152 -52 961 -36 -25 -1608 -675 109 -143 -1329 -121 1016 -42 56 38 796 658 324 234 -610 -391 1364 -764 -487 -1137 136 -423 -123 638 -74 43 71 564 -1009 128 -176 196 -795 137 -311 1284 -357 -180 -695 709 453 -1283 -857 -208 162 1186 -549 -687 545 152 230 57 -865 -557 -1034 205 -20 -576 256 40 -107 187 -63 194 -152 -1402 -392 1256 -279 -128 -548 -160 651 61 -1078 -962
23 771 -159 -532 -663 -400 1635 -48 1414 -817 1021 1119 -1126 924 -1234 -792 -257 891 -156 -306 -604 366 -972 -1350 908 -357 -397 72 -82 320 -24 1173 -1289 -1238 146 -752 -47 1029 -752 -251 -567 -38 958 -729 -805 606 -185 458 -1307 -94 -513 12 90 1411 -1041 -563 -560 -352 -868 159 -406 -128 -513 735 -286 153 238 312 306 651 579 -923 -230 956 -62 -54 693 232 258 -353 215 97 652 1601 -300 958 736 -182 -727 -36 -365 945 -245 170 814 846 -558 297 -1210 -60 280 -88 788 -895 1815 -429 409 -266 -961 480 -1547 375 750 -964 -1081 -1148 1446 -272 1618 782 -1024 1246 -168 -66 771 789 -300 -253 -624 -442 -1194 671 283 -253 473 -449 706 173 1376 382 -221 -550 91 720 120 56 1073 646 -361 355 583 -603 -501 307 1010 -1195 231 -22 221 846 525 -414 -240 -148 36 -949 -406 -54 -139 8 400 276 -402 646 -175 1031 641 -518 -878 -1111 619 -261 -1583 -327 -431 -860 -761 46 -314 1133 810 1427 -1061 311 945 -438 451 -632 -875 256 -50 -288 -276 265 -257 -563 -1325 -578 1116 -768 238 -936 411 -421 1172 -5 -2281 1129 750 -402 -656 -158 -1411 288 -831 324 -475 -668 -1137 -1599 -753 -546 -386 826 1345 172 204 1008 1481 -469 754 -756 -661 830 -33 107 1782 66 -173 -304 1478 -933 -514 270 687 93 44 562 207 -1239 -795 1202 332 381 -384 -560 -349 996 -1593 -1547 -280 1205 559 -257 101 -382 595 -1097 -762 259 -310 -466 -266 -432 -597 -592 -989 -837 2530 1636 -905 846 271 2129 187 735 360 -639 -314 184 706 477 381 -861 -540 -21 755 30 1024 -415 185 -696 -899 -625 -319 -484 136 -1428 367 -134 662 573 1566 246 1231 -546 -78 -985 479 -141 106 845 -80 -787 -670 -742 605 -944 587 -74 -679 284 304 -629 -980 95 -62 845 184 1242 364 -77 61 1399 -448 -235 -532 909 393 170 -1254 1257 774 689 1797 201 -198 -610 674 556 153 -24 -405 -613 -346 473 59 337 168 -1158 738 844 585 870 1521 -230 -215 259 566 1030 509 -1681 164 -287 -164 518 -706 -955 -373 -1302
-693 788 1184 -35 -19 996 -320 -532 449 -620 589 285 1006 -1082 205 655 -117 -109 -361 -786 -217 -273 1681 -418 394 582 -793 869 155 -296 -1171 -521 848 -1289 389 -711 -1042 510 322 227 -887 -207 -692 180 377 -1335 44 1192 -1333 246 -1432 -316 523 1224 127 2 -3 -187 540 -1054 -180 1148 -710 -1341 653 229 857 32 844 340 -57 338 883 -971 -516 105 101 -359 -600 595 1002 -167 -635 -174 -91 -267 -263 763 765 -304 -200 -134 702 605 -1036 137 -287 17 891 -88 -1728 632 -418 218 -449 920 -525 -379 478 -838 128 -320 464 335 -249 558 -351 -1040 -1019 -803 -1376 194 -941 800 -2020 252 -627 -758 -62 573 -975 697 -164 16 200 946 1033 808 715 346 -995 -219 -724 21 118 891 -347 104 227 296 367 -784 -600 1282 162 -184 -986 -502 1177 -646 -962 431 476 -107 -768 -118 -300 136 1006 712 -485 -580 -864 1585 716 984 -191 642 -234 -411 9 249 -190 -117 91 467 -864 -70 -408 -459 477 -1135 1226 53 -242 144 -563 -665 -14 -221 336 -247 -327 590 413 -79 -896 185 876 -774 736 66 992 -1004 1145 -31 -1090 -430 -435 -317 -156 -719 -831 287 201 -203 92 197 -1475 1098 922 -49 154 517 -779 -770 -604 -2245 799 -1848 230 -288 -159 227 -686 421 1153 147 401 -148 -189 909 839 -858 270 -94 -1162 -1644 -81 1220 -101 -1262 637 -336 513 1467 -482 -1336 -1076 -656 492 841 721 527 -347 -35 56 -503 -373 364 3 -1276 513 485 911 -368 -295 379 265 -147 -468 -1217 1617 651 550 -162 783 799 99 -697 -415 -405 227 317 148 795 -847 -499 212 599 1002 -509 -921 -66 -297 -334 548 561 396 1213 -601 672 757 354 -476 1045 507 -34 1068 -278 1447 -52 1125 -328 44 33 99 -399 -935 45 939 -944 2018 1524 -70 -2119 750 -65 -3 -1051 155 -96 -279 850 -217 36 -133 453 -1080 89 -227 726 1747 833 -1006 511 -577 457 244 436 190 -591 75 -319 -85 -91 -472 56 -460 582 -348 115 371 25 -942 -453 785 424 1362 -484 642 -1576 -1002 65 105 -212 -677 -12 -273 584
232 -453 813 723 135 992 586 -661 20 158 120 -725 1943 -457 251 -392 649 618 359 351 -279 595 -943 -592 640 1104 -183 1408 -26 321 -714 102 206 1072 -628 597 640 377 -859 -1096 286 612 472 -251 571 779 -1893 -202 -445 -885 -256 644 1509 -194 255 915 229 -155 -207 110 461 -8 795 44 -522 1257 48 -349 -208 180 407 532 -448 -446 -502 -376 1227 -200 -269 724 -462 300 269 -581 1152 237 1567 1502 -736 1323 -949 495 1749 61 661 -407 714 -400 -976 -394 510 -980 1226 -89 -321 -54 726 725 200 -736 11 101 381 612 -705 -699 452 -589 18 -704 -698 396 -308 89 314 61 149 -679 -1042 1496 -340 317 878 341 132 1153 1187 -460 618 552 -359 1442 23 192 -637 293 -942 -286 754 -400 869 1094 -1075 -543 -1481 -1024 -82 742 -55 193 -200 -280 413 -1199 -656 911 972 1125 -1116 -12 -9 548 -342 -310 407 1983 154 421 89 -757 99 1200 983 -102 -857 -898 362 130 -72 468 -1160 449 -678 -183 -433 887 -72 331 512 784 11 -500 -150 99 15 -2087 187 250 -1019 -1539 1166 -446 -1020 -562 -27 0 126 -636 -829 1129 428 175 -812 -1203 -1677 -844 -521 -130 -669 206 -698 178 -647 -1273 1403 -636 -250 623 -671 208 458 832 353 9 -79 -559 212 -936 -135 553 -65 -897 -6 455 601 -181 -580 -779 -311 -348 -725 -1670 -505 -45 174 412 -621 -344 -565 213 1626 461 -1220 -247 -215 -683 841 -737 137 -680 -611 666 1225 -300 -1892 371 -303 -963 -479 554 -390 172 1511 -417 61 213 559 -1078 -819 1275 447 -636 -604 -610 -584 -39 432 272 518 656 403 378 -572 -849 1004 835 144 510 378 -790 -401 -924 -1053 -546 -1110 -361 -135 695 618 454 -487 48 -805 -648 558 1327 -1418 546 -427 325 -1019 166 -817 1396 618 -468 39 250 237 -1368 -295 62 829 624 472 -699 -235 -29 295 -471 627 809 503 889 557 -12 -62 -210 -830 1500 1063 0 273 84 104 -137 -222 22 -889 303 754 -809 -165 -212 1344 -330 -940 -225 1313 -581 -646 -1388 352 -1841 -537 155 878 -1162 -974 -426
480 1958 -664 1049 -511 522 248 -1063 205 38 681 -1000 2 175 -476 -173 -240 -341 -743 -472 -335 -827 520 -32 959 122 -744 -225 -243 351 -905 660 813 1228 -197 -647 -364 407 891 -142 64 380 329 970 377 476 -153 -1019 950 106 729 -800 754 -453 929 178 -498 -468 -80 286 214 992 70 -301 1628 36 1273 -286 -913 482 -544 -942 305 -2093 376 370 9 642 509 35 -1169 -189 465 -169 -137 456 -857 491 -337 1124 681 -790 148 288 258 -842 1527 -286 -136 -1018 -274 367 -431 -604 -72 314 537 -603 248 -873 639 140 367 1220 -477 792 -922 1012 785 -8 934 503 -173 -598 -382 593 110 -1094 684 -224 -327 -19 -760 -806 -427 201 541 -566 -661 96 -336 2280 -582 -667 601 -416 -1022 217 -194 -277 726 1027 -27 136 -57 -161 -716 -1209 762 -7 -179 466 867 11 375 11 -330 562 -92 511 460 711 -255 1349 -115 1133 468 -498 -381 115 1454 104 249 -844 595 709 430 394 68 -297 606 773 384 0 198 108 745 802 1304 -210 -983 226 -388 283 -1035 79 -58 135 -237 1611 -1240 413 170 -1110 -118 -363 670 -1007 1461 -505 469 168 346 -594 -30 -720 -623 455 -103 1413 -612 -103 -183 389 720 274 -480 -133 371 152 321 168 118 77 -344 -721 -373 -159 238 1059 472 -1051 -21 280 1068 369 -671 -962 560 239 -725 -389 334 -27 -185 525 -316 -376 -1023 228 -46 -1071 -447 633 -845 -13 307 456 -1387 -937 510 412 -510 201 406 -195 -393 -389 1062 1155 608 99 99 660 106 331 631 -186 144 -262 -232 -68 -1083 -567 -932 547 -237 658 886 240 -1205 821 -1615 -1015 244 -493 -379 -13 -512 536 310 1760 -196 104 -849 -1624 1046 317 97 -553 -699 -682 -179 -521 231 964 1007 1106 610 -443 431 -523 -484 -1353 -380 398 726 -109 101 -383 1592 1207 835 536 341 67 806 -945 477 17 -294 274 -465 -1031 149 -1604 1389 -323 105 502 623 -625 287 -74 474 -14 824 -956 -402 1408 22 1129 -219 1360 -891 -141 -284 -539 1127 -219 454 395 1056 346 -164 77 282 -600 -142 365
852 -1418 2366 -481 190 345 -1047 -402 -1355 764 671 584 -492 -24 -518 -480 1348 1233 -923 -789 871 -615 -486 -1088 701 -11 -1109 1464 -797 973 -1197 -294 444 187 -593 -774 1885 -191 891 -922 860 -60 629 -109 915 -24 -679 17 927 -752 -1114 -237 -828 758 1172 116 -269 -329 -1790 -112 1174 189 -383 252 -805 535 -690 587 -553 -702 -404 -662 -1039 -252 -183 174 -12 -839 -504 -675 266 -453 -843 1248 750 -787 -2085 -84 653 -568 1579 22 -434 158 -394 -789 -205 -2 2100 219 -1305 484 678 1166 806 -551 221 380 538 -605 -213 -307 250 1303 -1198 -378 -356 -104 1704 -584 -922 58 357 -787 -1296 -1584 1275 -998 690 -457 1238 -361 1372 -73 1205 529 3 246 -602 1107 494 611 -911 -288 -392 -108 -1347 -40 1263 -1369 -82 488 433 -133 450 -34 -885 931 -202 -642 591 -179 -172 -507 281 58 816 162 -236 -774 297 -741 -1225 -40 704 -593 -806 318 -257 -939 465 62 -321 -418 -2017 616 624 -636 -753 309 -1733 79 -1607 542 -1184 -1257 -758 344 -685 -422 -617 204 -186 146 434 -367 47 -921 -1101 -93 991 361 301 -419 113 -1253 109 591 260 -300 886 -1179 -418 1705 1353 -875 -95 -679 -340 75 1048 1267 -92 -212 9 -245 -201 1085 -223 511 -1101 474 -410 944 -691 899 -19 -87 -333 -263 -1182 -85 1111 -137 590 -324 -1291 -57 -986 824 1889 -159 -541 -1793 599 -520 1276 -19 -1082 -1343 201 7 -232 610 -381 -466 98 1326 896 836 -1138 -911 -280 -439 125 -505 605 131 786 -362 -339 -279 815 -322 1113 -133 927 -704 94 -285 -1376 1564 814 734 -830 326 1097 1034 51 -352 246 -502 -30 -112 -204 483 -323 -1568 -873 900 468 -1190 -97 -694 112 -343 -1459 -688 -735 -438 -221 -74 928 -288 71 1558 537 -789 -598 1552 -713 696 113 -187 404 -1523 505 -557 1721 -919 -479 648 1012 142 -597 -1060 684 115 435 237 -116 -163 34 -98 -285 1180 -160 -304 129 -113 1560 -256 -919 168 -1502 79 1004 937 1132 -306 -212 -1410 -34 94 -921 -442 -711 365 -886 550 -638 341 373 84 58 508 339 -492 967 568
548 -239 -357 1265 145 195 124 1277 1570 -1264 1133 -1164 159 -260 -328 728 -1457 44 -1232 418 314 833 425 483 470 -375 541 577 -299 397 -626 -59 -272 -645 -293 657 -494 -625 -1384 -757 -947 465 987 1038 -713 -350 -561 79 -8 454 -498 -650 1124 -619 63 961 278 -198 21 541 241 -403 1070 -1389 769 343 -303 -1418 -193 -4 177 204 -1069 -348 1010 -426 139 -924 975 -7 716 -1050 672 1306 792 108 -855 481 -357 218 753 -211 1711 288 167 1133 -1007 -395 -215 106 168 -364 1382 -220 454 -292 563 -1265 -802 -506 865 -649 -555 -65 552 -735 -1048 -542 -279 -38 1041 45 58 -340 668 589 142 -630 373 138 -1049 567 -216 -310 25 222 388 -352 25 922 304 1543 988 419 236 748 1419 36 472 1031 -710 1382 -506 -151 347 324 -462 -32 -137 433 -414 656 -1672 158 -435 1092 -573 -813 85 600 210 564 42 914 -1175 610 -754 -449 496 -663 215 -650 95 -231 -96 110 -324 -808 -335 -175 -935 393 -106 293 -158 405 -545 -1300 -244 1187 -1602 -101 -54 -250 -38 -752 786 1784 -95 -183 172 561 -422 599 -281 76 735 -487 204 23 1550 306 -610 -595 -1780 -492 -563 1257 120 -1234 -434 -1210 -972 -167 -643 -519 35 -10 -507 -240 159 863 -572 248 -417 -463 1611 -1349 315 -102 169 -579 790 -578 -1101 -937 -673 -565 -179 -1376 -580 -357 951 -372 -390 870 -534 1287 -434 -105 36 -453 -850 -183 -819 1438 687 1126 301 -139 -493 390 148 623 614 376 -779 56 -186 664 145 1166 -235 371 -215 109 -1320 -759 98 -817 862 -366 -1259 824 -939 274 -395 -581 -627 252 295 -78 338 12 -1449 481 -445 975 -273 -1163 1250 -800 -886 12 -197 1320 327 611 -199 41 276 -517 -65 -509 -601 667 -465 723 7 525 370 -244 1561 -384 1406 231 84 813 358 -809 419 -606 -29 582 681 -284 128 -88 772 1796 1182 -579 376 457 605 -131 -78 1347 437 -8 97 -527 -489 -373 -49 -640 -54 714 -902 75 408 -72 501 95 67 152 -1118 -447 754 397 -51 606 -102 -409 -1011 11 -1035 -765 670 1322
-802 -30 -134 133 587 877 -146 576 358 1738 -87 1310 129 -893 -361 887 958 334 683 155 -1235 313 1176 561 543 599 757 -744 522 -204 1442 -173 -748 841 778 40 922 1158 2174 529 379 -44 -1005 -991 225 467 1062 -197 -335 -258 -298 70 -945 524 527 -199 344 -162 682 -839 -529 -697 -687 -575 272 12 -447 -195 -184 1415 301 209 1273 -851 871 -205 204 414 -362 -213 -398 512 -189 953 -466 -309 -227 -663 -811 -1025 -880 -655 362 702 266 -98 510 -473 373 1686 -174 408 -483 1402 -75 83 -1692 26 -712 -349 -574 497 190 -933 -1455 136 1020 825 722 132 -1440 -166 -448 -16 -1440 312 -191 -417 981 -381 -260 -1149 -357 -843 -303 -710 -881 -770 8 -772 345 -859 378 -280 594 530 -265 -811 445 -908 -90 -908 265 -144 110 -575 203 -651 197 -927 663 883 69 -548 808 -314 -535 1452 -693 220 129 -463 -108 1142 221 -474 -879 -207 -575 220 827 733 966 -258 -411 -395 -75 734 381 541 529 -774 1439 705 1018 423 -591 792 -219 353 1827 -126 431 1799 -366 162 -455 -1033 384 915 -952 -351 -822 -622 -535 16 -631 -323 -436 1073 699 -420 1331 906 644 600 -261 989 228 -229 643 224 -930 -403 827 368 -532 851 -468 523 -462 212 587 -233 -104 -925 -994 -573 634 342 -1030 820 -476 849 1156 -168 -1051 760 -518 814 1536 5 1133 421 -1310 -822 -328 265 -206 -320 -361 623 -693 849 -545 -252 -233 977 -632 -551 215 880 -886 800 -138 -8 -1238 390 540 -843 -318 -851 232 394 -150 -614 1513 1171 296 -173 -877 -1238 912 669 -1344 831 -1154 -110 -292 247 -64 -70 -78 33 -670 -21 -728 -777 1432 1451 -797 543 772 -828 -187 727 1143 132 515 187 -1068 316 992 -619 502 -515 -405 -201 -653 -180 876 163 -1101 -396 894 -1852 1141 -374 1437 1341 402 -356 30 -246 220 -103 -312 -524 211 -159 -468 698 -770 -396 126 -199 248 -153 -346 725 -394 -1073 2105 195 557 4 356 1155 324 655 -826 855 686 579 -495 -123 -398 704 -21 -78 -182 522 -219 -454 -584 2221 391 1352 -276 -273
-830 770 -134 -155 -346 -299 -1201 1305 -720 -996 -129 526 -742 232 77 -584 60 -556 -213 -213 -1104 -794 666 242 -480 522 1635 -123 461 -766 859 19 -608 -2005 457 -21 -1067 35 1229 162 -1252 479 1669 669 375 1454 614 -339 -1077 664 693 -431 -196 -72 303 -480 350 -2038 -518 214 778 -276 -93 710 -569 337 1242 -718 724 -574 493 -452 565 568 -320 254 -303 -97 -706 -179 -811 -506 -330 666 1378 -118 -810 932 1075 169 -748 -627 -1127 -643 -679 -91 -7 34 744 -455 -885 -485 1362 -1632 -712 1268 731 742 755 386 469 -1176 -890 301 270 658 54 -961 1778 -604 -572 -1185 -317 74 -575 609 -534 -463 1231 722 423 282 -170 468 2211 1122 -808 -630 162 654 250 806 -564 -600 313 -550 -835 498 538 158 596 64 -222 1332 1168 1883 192 867 -25 600 913 -323 -1366 -812 903 -362 -1226 296 -254 -1040 -341 767 643 166 12 -651 -431 39 -405 144 486 -146 64 350 -1664 744 -111 -295 -317 546 -380 166 -150 71 -1490 -556 -907 -1030 327 -433 -1356 -226 422 -122 279 -341 -793 582 103 -611 341 53 -476 600 -831 -270 605 -824 81 600 898 1046 -1273 620 1131 502 -1177 187 -253 -525 1555 -40 1065 317 -709 -1614 -704 573 -1110 -108 788 -367 806 -466 1581 453 484 -465 520 460 694 -992 -225 1186 244 -512 631 266 1387 -182 -7 -909 -20 -653 -119 -1244 -833 -421 -99 -730 213 -635 390 452 167 878 -673 -264 403 907 -363 -105 -246 432 -152 98 -324 348 848 172 -326 -1597 -1601 -1042 262 -450 656 -6 97 -633 -282 -757 267 64 -214 237 731 -391 528 -297 -260 919 700 1224 -94 616 223 873 -545 -451 -737 -992 23 -25 116 -386 181 1490 617 -448 -745 -299 420 -521 -682 130 37 472 -404 -318 -985 -387 -257 959 -461 1310 120 -88 169 -414 101 -21 560 -57 158 -401 -31 260 -63 468 584 256 -509 -546 -629 435 -804 436 -1082 -57 385 977 2 -33 -1225 892 25 1544 -1353 -292 -65 -283 648 15 -28 20 -443 -912 -403 1087 -139 -319 1389 19 -291 178 381 -724 -87 975
1066 -730 -1040 -508 609 -293 -549 -279 303 112 761 46 261 718 -1168 61 -457 1350 -1032 -611 -1354 -1327 -881 1005 -1141 1569 390 -258 332 -115 1265 -1172 -968 -774 -69 624 -96 -1889 782 524 812 729 1154 -562 248 -356 306 -192 -419 -463 -35 -988 -459 -260 237 -1310 -492 -20 -688 -1086 201 487 -365 -89 -358 -5 -1762 194 352 22 700 1212 1141 -554 256 -1648 320 -92 196 396 284 1806 1103 -542 -491 972 -100 341 530 585 -248 -436 210 -49 -69 1050 1103 -859 -1119 935 597 -582 -197 -99 -226 -85 -651 -486 -682 239 -80 1001 1109 -937 204 241 94 -484 1986 -892 -82 -705 265 314 107 906 -741 -1599 550 -515 -280 -553 1000 -266 -324 955 -618 -788 -910 -57 -225 -339 -283 272 -977 461 944 -1 242 -1860 -890 603 62 387 302 -682 370 713 278 -377 149 -910 -334 -325 1559 -1142 703 882 559 728 -788 804 1142 -252 426 -1360 -888 856 565 -820 59 -350 508 -172 -256 -369 9 -86 -366 200 711 -353 566 -1463 309 339 609 242 -1441 -101 1399 -571 241 -215 399 605 1929 -1197 172 567 569 1159 -1618 -140 721 469 536 621 88 1132 -493 -1001 -1223 930 600 22 494 283 590 -1059 378 -805 93 580 -942 -919 637 2148 -241 603 916 84 118 -241 1003 1116 1271 1030 -1164 1249 -80 209 -1008 -42 1503 230 -609 -125 -1219 -1297 1108 -1048 512 -207 -268 -101 -1281 -219 -335 351 -379 995 -568 1353 -1505 -726 401 -830 724 -249 291 -1151 -1639 -154 -148 -1382 -332 -709 -422 1054 -996 751 -233 1376 801 -1188 653 -79 -955 -345 817 -560 657 478 -1169 -679 -263 -49 16 494 633 -675 -339 256 -921 1256 231 -114 360 -1902 -122 464 967 -442 296 523 -677 970 -811 1053 166 616 74 193 871 153 -229 -1001 -531 651 -570 419 620 470 1934 96 -451 787 1328 1073 285 -1983 879 -695 -110 732 -1395 -756 485 -181 -1342 -743 66 -504 -640 126 526 -119 -1312 472 -631 -2062 579 815 467 -235 -127 1205 621 -1571 260 293 721 -1185 1009 27 187 853 429 287 -1277 -434 -307 -205 384 1405 16 54 1271 -518
-872 -550 543 325 -731 255 488 61 552 1668 -644 -155 15 -937 -1444 -263 -703 -547 832 -203 856 -402 -466 745 -598 229 1031 -367 -309 639 -773 961 608 -644 -49 1064 65 -939 -94 -459 595 -345 423 60 -498 -505 107 -1250 957 -634 -412 -646 63 -139 -359 392 1002 -495 992 -65 -931 2318 303 495 285 -316 -601 -53 144 -841 1154 -1277 -1546 -296 416 -760 1545 -863 -815 163 21 -957 639 380 -6 -600 -322 170 277 -132 -884 953 452 275 938 1383 -709 155 368 -6 -136 1034 -1323 170 -1216 644 268 87 -1249 849 -20 -1439 -480 22 -617 -358 -294 626 400 881 6 -128 1152 1363 83 290 279 -220 -29 815 -1159 1128 -355 -429 288 -785 1605 -844 -390 84 597 948 925 615 541 -499 -859 -166 92 107 -769 1021 -710 181 172 -876 1261 -46 356 -1588 282 695 1230 1062 427 -1206 113 595 280 159 431 347 -178 946 21 194 -451 14 1014 -122 74 2063 -81 -86 -1023 -600 -90 -2868 -62 1904 -559 610 52 130 1389 -209 534 1501 -903 -18 -460 -89 -90 -513 1283 -910 924 -21 501 -768 -337 -360 -643 -145 -117 670 273 49 1188 -185 463 -929 920 260 1448 371 482 1122 -1025 -1667 -660 -935 -60 -516 -1235 -524 -319 660 196 140 -497 238 -643 -731 323 -545 477 1412 1255 -231 -2155 1014 -1083 -196 -809 -65 -1356 642 1056 623 -813 627 -1396 174 -1660 818 510 -222 -1086 -561 248 52 885 417 -330 -1080 -181 76 1292 -632 -537 961 -569 -37 -562 348 -547 370 -63 253 -411 1391 -772 -48 -74 1002 -1464 -2002 -77 378 -1017 -949 697 -838 -267 802 -1183 481 -128 1186 232 -554 -162 -626 -1601 523 588 1425 95 191 1399 -361 -893 -757 849 -566 216 -562 952 169 50 31 1075 539 -431 -3 157 -1252 49 330 578 -403 -287 -399 -1290 207 589 174 -643 -422 200 12 -633 -911 -440 370 -67 821 -184 -1361 41 -397 849 485 327 22 -1336 1359 -205 2018 601 1187 1326 221 -213 -1561 1122 -1140 -535 -444 -198 331 -619 316 -438 626 -1259 319 -113 830 -214 811 -1289 -174 -134 68 439 330 -18 -1328
1005 -1324 921 715 1022 1080 159 -865 138 1057 153 1137 63 -233 340 720 -97 297 495 94 -740 -384 534 754 776 -114 -779 -349 -1310 -1268 330 -634 -320 542 411 84 -53 38 -592 469 -432 -818 -412 835 433 387 167 322 261 328 -775 -294 209 1140 212 -951 37 -1580 -173 410 -1189 -549 194 724 269 -59 -295 465 -713 570 382 118 -621 -221 -272 -86 229 899 -495 -934 -408 703 523 -647 -274 -1486 -143 -201 94 -288 219 731 -1484 -58 -471 -32 108 115 777 580 -214 -565 -174 -404 351 642 358 -483 1198 331 748 -1086 831 -1063 1206 733 -43 -1232 -605 716 -794 215 -244 -75 316 -541 1631 573 304 -459 78 1341 187 -1734 1349 477 -753 519 281 -840 1249 164 470 -938 -1258 -725 -199 -104 -1415 51 507 -160 -1385 -1447 -35 322 -366 402 23 143 1277 900 821 -566 1659 121 -536 1428 -1110 267 -507 -292 -1100 -1581 953 -1383 -381 32 -86 2495 -301 -317 921 -834 2180 -559 -102 384 855 -77 220 -231 1147 270 817 629 715 1434 196 475 235 -431 88 -1396 158 -623 498 -307 166 -692 -364 -257 -519 -445 -481 -486 -663 662 -96 -461 136 109 590 928 593 -421 -790 36 246 -1161 501 -956 300 1361 -177 -554 -603 -398 -725 -282 -17 426 -673 -628 288 -615 119 466 -1853 -566 -432 -501 -910 -280 324 495 -817 15 -230 -178 390 672 171 -923 392 -1463 712 -141 2076 -1160 57 652 -163 -648 1980 -359 -741 343 572 519 -419 -96 -761 -934 284 566 -437 148 -442 -1174 356 1058 902 -315 -738 6 -705 1003 436 543 -578 635 -947 460 337 118 324 142 -911 207 689 540 1588 1116 25 546 161 -275 -678 -1118 -421 -373 633 157 1580 69 1451 470 -618 604 -364 224 275 1139 17 -1082 329 -238 752 393 -1209 308 -1300 279 -913 9 1102 -541 -43 -422 -408 364 -574 787 174 673 -463 2222 165 760 828 -464 -1654 -1072 -1180 57 -240 -1646 519 -440 -201 398 -405 -624 -87 -1200 -282 924 548 200 549 -138 370 -144 1429 440 156 -277 282 -1066 -2003 7 864 185 -370 9 1951 -297 157 -678
-1367 1246 1320 614 -388 522 603 499 -85 885 -402 -393 -909 471 -28 551 -375 -845 -405 -209 267 38 506 -663 1161 -1724 1146 -70 -22 441 380 -235 -962 1179 1348 59 742 -1245 1257 -607 -108 801 635 51 557 -98 -1045 -520 734 210 -15 -1085 -591 380 -205 1052 -1902 589 633 1532 -109 233 57 -1029 -475 746 -357 73 367 776 20 -1302 350 -1085 651 716 -88 -1050 -436 492 799 -210 -450 -1246 571 -669 472 607 -215 -135 -759 -1756 -1228 548 228 -972 -845 554 -86 -290 575 1355 -103 622 521 -346 73 711 -54 -347 -820 637 -594 -835 991 472 -177 550 -683 477 1115 2243 -349 1026 836 144 19 -405 -376 1044 -157 -141 -799 -259 -421 -26 -1385 -496 191 -780 21 -606 -816 532 263 685 -343 -5 -350 136 -769 633 -561 495 601 694 -372 573 -91 -677 -1075 -643 -257 -356 -974 -1150 -570 -1103 -600 -371 735 223 9 498 -1487 570 -114 227 -249 -1429 95 -569 38 -829 -655 941 358 -203 78 -435 185 959 108 265 -547 197 1330 -615 57 160 1545 752 262 522 -475 945 673 -863 -718 -118 1031 -573 82 -615 -25 -409 -634 472 -46 -691 -321 141 -1197 -311 37 -743 -244 -614 34 630 248 540 731 -213 -64 431 -40 -250 -15 544 372 571 385 598 487 -67 -785 712 1131 -1297 628 -232 -663 -898 1202 -1358 -1489 651 -617 -304 1251 1114 185 147 922 1745 967 858 611 71 -268 768 -328 165 -419 -340 434 220 1033 1310 100 721 737 319 -342 -915 200 2 554 -1127 663 783 762 -635 78 -468 -285 401 1058 -953 -1506 526 587 -472 897 119 169 307 200 1051 -503 207 1349 333 55 -927 -149 -1307 1817 -875 464 -1406 -912 485 -387 -1163 -151 1118 -766 855 -515 860 -1123 -465 38 -305 -221 561 -531 1060 -772 194 1279 299 1063 753 1350 -227 -1549 533 -118 -394 -575 76 602 793 306 -206 -312 241 -486 163 318 362 734 177 152 1091 116 -824 416 885 -462 196 -902 -281 1160 1618 1366 -865 335 -196 49 375 -1034 -1022 1711 1147 -440 -181 -33 148 913 676 412 58 964 80 91 455
702 756 1326 781 -551 -1200 -367 285 269 -105 -30 1300 -618 850 1066 -11 -263 -52 -166 284 -221 -1471 -283 -731 282 145 -659 -495 604 235 1262 -784 -824 -498 -334 378 1084 1167 635 1160 74 1228 262 -436 1412 128 338 -944 -704 463 272 324 531 -284 -775 -381 171 -917 -1222 -827 811 -1128 -785 663 270 1499 303 555 -562 29 -1286 196 740 784 -895 -646 595 -117 -116 -389 715 680 392 -345 -41 -381 220 -651 860 780 1009 -420 588 442 -705 -1091 -333 146 -39 59 -247 15 1659 769 1395 1243 1182 -349 -442 357 -898 -984 899 1234 179 472 791 166 -1156 936 -139 -351 -322 -202 -1052 -923 1444 188 1021 -844 502 521 67 673 -843 -380 672 -329 217 737 -774 -97 -36 1221 -877 -10 833 859 4 -470 258 -364 -112 -250 231 428 361 -671 -405 -757 186 -152 -513 227 -935 -1172 1007 186 234 -347 34 -386 -498 -135 -535 -682 -322 315 -745 1064 -441 -200 57 -90 -315 1738 864 -1188 -222 -1247 61 -891 -1498 166 -536 86 723 -839 819 -613 -1154 -197 -381 1436 7 814 800 228 -130 321 -754 -775 959 592 663 419 -352 40 328 96 249 279 -83 179 222 -132 -1484 135 -133 371 1182 -538 -1002 207 57 771 644 -648 -949 -292 -847 -480 419 -367 862 -263 -1810 -86 -75 -897 -410 -266 265 -511 203 -1046 1500 173 -1332 -817 -321 65 -545 -204 466 -48 72 -1162 2354 -702 199 -646 -1307 776 -874 641 -39 102 -334 510 197 -690 -484 81 766 431 323 -467 -1830 -397 -497 -891 907 755 -991 754 -389 1304 -258 659 -1771 632 0 -276 -282 828 -688 954 499 -439 -89 1108 293 882 776 526 130 -740 -1213 560 792 247 -1957 -349 1012 -424 512 19 -1879 614 -1235 25 -866 -799 -101 -684 567 51 -1056 -471 154 781 413 916 -872 460 -29 -1334 -51 1244 689 -114 623 296 928 15 453 -574 17 -435 -781 -189 -292 -701 -189 221 -2355 523 1476 -897 -668 169 -862 -684 399 -74 -555 93 45 516 116 -202 -1528 1228 -297 1136 -23 -482 -919 -761 -531 -22 -495 -149 -508 -526 973 -196 -561 994
1211 -966 -362 798 832 -192 926 -947 -1734 -1153 -649 -416 -1242 -190 -717 1518 -542 705 -400 -72 -59 -52 -4 1517 43 -166 -137 432 1290 -97 170 -562 133 -1861 71 190 266 523 -1108 514 285 -80 -1195 533 628 -561 -137 250 397 -23 -534 -204 -202 866 -27 515 93 324 400 556 -26 988 -962 -752 -12 -302 181 235 -1117 -136 731 201 -465 426 446 973 -661 -283 428 -715 163 -578 -166 -588 -502 240 -512 -511 1004 796 15 -456 23 -137 772 -1314 130 693 320 -35 -1150 -259 234 847 141 586 117 -884 -391 -827 -1328 -588 -346 -1195 355 -695 1042 -1125 208 -416 209 -816 309 -731 679 304 21 -71 378 -201 -723 -109 857 -337 469 1486 -164 -1003 1686 585 -955 823 -542 470 -975 740 -78 -1074 -696 -1136 382 458 -605 387 440 -441 325 286 -805 456 2 504 257 2635 120 568 186 403 -1336 351 -1241 -323 465 1260 -284 184 -35 -1063 288 -391 523 -269 -102 109 265 665 -106 -430 573 705 -672 -263 -360 225 1018 -1345 -1220 1363 238 -171 -104 282 -178 564 -26 56 -298 -223 -604 -558 -49 758 -211 909 1220 671 1138 668 978 205 -267 307 241 -148 -876 -373 -219 648 -59 -1099 520 693 199 7 -1166 -444 -880 -1303 1195 -434 -237 -706 -915 -600 -957 400 -538 -1481 -1074 196 -1040 -746 468 -55 215 901 -559 -228 1457 785 -1544 278 123 -5 -626 -145 500 -788 -1318 -275 -322 966 -428 534 -85 210 482 -436 -805 135 -537 12 -721 -155 -259 -353 -79 -1102 -108 344 1685 -928 -612 37 157 -148 114 -225 -633 1029 -313 -784 996 -381 -107 -988 1736 -1921 269 112 -500 49 -209 -552 -270 -1015 264 351 -1256 -291 710 454 544 423 366 -1386 -451 -183 -500 309 913 -982 1860 220 1451 -217 1122 -700 -547 -774 -365 1433 180 -25 -297 -834 -347 531 548 -1116 -774 656 -453 955 -647 -66 561 -478 -70 -262 55 393 245 -151 -164 -323 -144 124 672 927 707 -290 -371 1414 -1278 198 -456 -460 -578 826 2340 -906 370 -2005 -1500 206 -59 144 203 536 -781 -160 -1308 27 1034 -228 475 1344 1146 172
26 -128 -205 1 -1318 203 -202 1708 161 258 -314 -510 -250 444 871 520 -289 -268 129 179 315 1927 -498 629 -358 -814 1195 -1117 -419 1560 -9 -328 828 -17 -809 1135 395 -1139 1097 224 314 -502 -139 -433 -146 187 888 292 638 -133 409 452 -729 710 -142 -349 -1149 254 -335 -68 734 -1258 768 394 649 -1020 -397 508 1131 -982 535 64 -1792 985 -29 794 614 -307 -76 -897 -287 523 516 497 -445 1305 283 -981 -88 564 -238 -45 712 632 1045 -272 558 -69 -950 -742 -115 -334 -258 523 1086 -289 -864 -33 -434 181 -879 -406 -1169 600 -59 -712 429 -77 501 332 -661 939 -523 -492 1143 -809 671 334 -1289 -523 -178 165 -98 -144 353 213 -357 1316 -1544 164 -425 1203 -1508 -413 -1145 570 -160 441 793 760 -780 -357 15 578 1217 1040 840 -1613 -1693 1954 651 1300 -150 -138 -1107 32 -20 852 34 -727 -170 -345 1678 528 1203 -157 1326 55 -296 -123 655 -661 327 -853 -1661 334 -1699 -909 -706 -425 -31 -178 -156 -1199 912 1133 -439 -690 -322 621 528 -2229 -1084 836 262 -381 -200 -133 -656 520 899 364 -921 -659 120 -104 430 -605 694 -261 -1076 -1400 -53 1202 355 2060 102 -939 -833 836 512 840 300 1095 1615 -96 485 458 984 1513 -739 -862 -882 -604 -342 188 580 1242 -1421 392 1234 215 986 -1520 -924 -633 -908 446 -791 847 -712 52 -194 -763 -427 -1431 1048 177 53 922 523 1433 -1161 -158 1328 -231 228 -410 586 175 897 -1652 507 500 -777 -447 323 1176 -761 358 -119 1019 297 -745 -1730 -992 -1109 -545 -66 114 -140 -41 353 -748 549 -1540 442 -572 218 375 -124 -1047 -782 461 -45 -214 870 -1008 229 -740 -694 648 671 -1412 -56 -140 -244 -130 -1040 371 699 -479 -6 -290 33 204 256 82 37 231 -266 -1013 -645 -1284 553 440 -1383 -130 -484 -723 534 462 -91 963 -931 -871 1712 -762 1023 677 587 803 1406 1524 -410 1495 -573 -2553 -779 1383 -805 -185 -859 -689 -401 336 -208 -1714 -224 857 -411 -1007 -765 -37 328 248 603 746 907 -92 -995 1185 474 588 -1122 589 672 670 724 388
-1166 1081 650 234 -297 565 439 -561 773 705 2026 -427 722 -827 -336 -211 -543 -1109 -748 1 228 161 67 794 553 73 842 -202 931 -183 891 287 -135 -258 -412 224 306 49 -104 495 383 1022 -682 -575 -175 510 219 295 91 879 -704 321 -217 888 247 421 -761 270 -473 -19 -1520 -418 -619 -1618 117 -2207 -389 -442 -317 293 36 -629 816 -550 1181 -249 -717 139 578 -1433 -374 894 -867 519 953 -1911 990 434 525 -1157 -1618 128 -313 530 -10 908 59 -344 332 -51 -276 1503 1663 -260 -1492 898 -246 -938 -314 396 1256 -363 -1378 -1079 289 804 -59 1278 -513 552 -426 -1047 -837 -477 -610 -135 682 419 -669 628 953 374 -475 616 -264 1405 -617 744 -820 -813 -1389 -284 205 -862 -536 -1278 -558 1452 454 313 1661 2107 362 1457 362 -220 338 528 2 46 362 -62 307 1235 741 675 -723 387 1193 531 -475 -29 -898 -906 -839 1501 297 -10 96 378 -519 -73 753 1708 35 -333 -177 -861 360 205 -505 872 44 606 850 1602 -245 422 844 -367 1287 -1056 -1565 -1041 266 242 117 1627 18 9 170 454 -318 -599 -670 -262 535 15 -1279 107 376 -185 267 1442 288 405 -934 298 -468 1059 1336 579 48 -904 -226 -1092 -937 331 -422 453 -793 -757 457 1170 898 341 48 993 425 -753 -303 128 1227 663 1356 -939 -1360 1067 364 708 1068 -419 1363 -457 -1102 912 273 905 506 837 -334 1152 -337 245 -123 -26 -544 936 1345 564 213 180 -926 -80 322 1637 100 101 -953 -673 506 -62 -114 634 -489 38 -26 -415 341 327 78 -536 -1098 -735 337 1707 -965 -77 539 1086 1087 -269 78 -251 -77 679 -348 1254 1529 199 -138 -271 984 -1110 -1065 940 175 19 1961 -369 -130 -488 -1101 619 -193 -829 149 -356 91 1256 829 -29 181 1086 588 11 149 105 730 1047 -434 -888 -569 2933 -138 666 -996 709 -753 -467 -843 234 -614 -2303 345 151 696 285 -237 -764 -42 -836 850 -839 -891 -1618 -153 1455 561 -541 -745 -303 4 -866 524 2126 -764 374 1124 19 -499 -1061 -1096 -875 -214 1089 -393 -60 134 -1030
158 -1167 -1324 1083 212 -153 67 -279 -24 -801 788 -1153 696 -1144 -750 793 -241 -407 -262 -25 -901 181 509 403 -418 1579 -17 -15 426 527 -113 216 1598 26 1612 -354 -381 551 -145 152 -1321 -615 769 781 632 -401 1872 -201 -432 699 -444 -424 -12 1147 704 1319 263 -487 -710 -751 -231 441 -225 -674 -583 154 1297 -858 689 -210 978 25 183 -565 -928 385 366 1201 1205 1325 -358 238 439 -99 -276 -652 -1306 137 -1055 35 596 1766 -645 -17 -166 1388 -1159 807 144 -410 -388 1238 1389 -345 260 607 -14 -1175 46 -58 -97 -589 533 -855 -257 -166 478 656 -1309 87 -928 -251 815 362 -153 -743 568 62 -402 410 -1403 -562 -297 40 -429 -446 264 -484 -1474 18 -759 -222 -260 1519 849 -1764 -464 -207 783 278 836 -162 441 1164 640 -958 -1045 387 649 -270 -20 400 -35 -1078 258 -456 -753 183 245 545 188 1642 861 -911 -972 133 1014 76 -925 173 22 188 554 1129 96 1265 -393 -260 -105 846 153 904 -1057 334 30 50 173 279 -2209 324 272 50 -847 -228 -105 -970 758 -401 -239 668 200 2595 -459 -112 -88 604 -167 1001 45 494 274 1445 663 1729 613 644 965 1398 -342 -688 -1306 80 349 29 965 594 -750 -617 -539 -849 -102 -445 608 -939 1071 -838 1025 638 -1159 -157 -688 1345 449 -794 842 -30 -159 -1080 237 -84 -482 295 808 -1100 -1449 -601 -518 -619 -683 1014 759 245 -685 370 -1443 1520 548 -1282 -1270 -254 849 -909 -716 254 1012 240 -741 -178 778 522 96 560 -903 667 0 712 551 1242 473 706 998 1188 623 -421 -1314 98 -166 571 -46 423 258 -161 583 97 565 -369 476 -112 311 608 562 1169 -789 -1854 147 -962 757 -2094 -625 107 433 -124 -39 -375 394 -1350 -478 110 -145 -1143 -26 -665 1969 441 692 455 158 901 108 1111 198 -606 -1082 185 -266 -541 -830 -406 -623 -281 -94 -478 655 41 1177 -170 318 -220 135 154 -924 -1831 810 -373 -40 359 1905 614 -383 -108 -1040 313 -706 827 -96 288 -733 -336 -462 -875 -82 916 293 -550 51 824 849 -344 281 222
-509 264 1575 94 -756 -94 303 -800 -1064 518 -405 -690 -397 -470 453 -1504 291 -995 -423 -399 -690 -970 -175 60 19 357 244 -341 322 -1074 -203 -1069 -1006 -887 -320 311 -222 1802 442 743 399 -928 998 558 1160 -566 720 -160 -118 271 954 1214 679 -590 -922 -1022 896 -515 -591 466 38 1218 -623 927 678 -1046 327 600 -246 -795 -796 -1195 -75 742 -347 239 48 -293 791 235 -366 -109 648 -107 1448 1075 279 -693 70 807 -259 -1102 489 -5 269 59 -819 243 240 -97 -383 435 -546 -426 979 -949 -217 1000 572 143 -306 385 953 1246 234 170 203 309 146 215 151 -438 417 -252 385 -335 -304 -624 891 606 -520 610 -499 517 -102 -563 31 1213 -111 -490 205 393 270 142 261 1276 520 1317 342 1882 -534 -528 1273 1242 1140 789 448 106 -791 -855 545 688 154 150 1600 -678 205 995 -263 -298 -1079 0 -211 81 -527 -1073 258 107 348 -399 771 -520 -697 -184 284 295 651 -874 326 -648 1394 -201 1017 -295 -408 1095 -1312 -935 132 133 24 -386 351 1413 1091 494 165 590 67 -30 -1101 797 72 16 208 -698 581 107 315 -210 891 274 300 860 -765 335 -876 -967 -423 92 -567 -1176 1397 -1215 525 522 751 -1230 -76 515 -471 -1078 -213 -263 -1068 1351 -825 -1423 541 251 -328 -663 868 45 -1954 131 560 -110 1533 186 222 -1484 -913 -784 -109 -526 -1135 -1474 329 361 -118 132 -1084 500 604 1179 283 -86 -131 1172 -825 -21 -548 -549 859 353 495 -505 -218 746 -375 -630 -455 -574 1037 160 -329 162 -115 66 -693 110 351 -468 496 -155 -270 -344 936 563 -567 -404 161 1149 1483 -1022 -644 640 261 -607 -380 687 -3 1276 56 -669 875 1241 139 -345 -433 1301 1098 -142 -907 -482 -480 -72 131 39 -912 -1179 -631 -336 -1200 -7 409 -953 -674 406 -1031 492 -29 382 211 -241 76 -1132 614 -405 -519 413 -31 244 851 -448 219 346 -1335 680 -818 -524 -84 88 -1079 -1598 179 -1582 340 -1380 -233 427 -799 -384 -727 50 -1214 1011 -230 352 1268 -535 -1660 -87 95 -98 204 72 -1100 903
689 1080 459 983 -770 -1611 -782 377 920 -234 -2 -816 -310 -247 493 1018 -646 234 -541 159 -1369 -2 28 -225 736 -88 -233 61 -97 609 22 -509 -513 -642 -574 101 -819 579 -1557 -498 -78 706 414 176 -1348 -578 1795 421 540 -142 -756 -653 881 -278 346 -919 1099 573 -772 959 85 666 1653 1559 69 -1271 510 584 43 -821 1144 1196 -1621 -1403 -326 -454 -344 -205 1165 -304 24 -662 -328 646 -125 -515 -1265 580 -40 -32 -1108 289 -329 -492 1403 -478 890 -318 64 20 -151 344 -134 -316 -510 -819 -153 -178 970 -16 -558 -336 728 -458 -114 -50 699 -377 54 1043 202 -124 313 -1588 1368 -1135 63 296 102 -372 -432 125 -673 618 -732 841 -647 -339 1240 970 183 504 154 -535 780 355 -885 -712 -473 -203 -1013 -546 18 -34 53 -1030 121 -581 -117 961 651 418 600 -396 1056 414 85 360 110 179 304 330 6 815 1029 -380 367 -529 716 84 -500 -586 -618 -414 -572 503 -426 -443 -1126 -296 1152 1238 -1146 -267 -184 -791 607 -320 -1091 -541 -1322 -126 334 -1454 -669 82 532 1364 -649 -1440 70 644 934 33 951 733 382 681 787 -174 324 -39 293 377 82 -892 -468 797 -581 174 -123 -549 -899 -750 -670 1000 -461 310 714 -1236 168 -707 500 -586 -251 -483 330 1928 603 -73 -583 -1644 -214 56 -210 921 1736 -70 497 -569 -841 -461 -27 85 311 712 -701 -69 -210 -1908 680 -651 -251 176 -114 427 -1224 -435 -810 394 -158 -959 -320 583 341 552 227 -567 632 389 624 -705 -503 -377 -542 384 45 -568 1520 264 880 277 -920 279 -792 819 788 -148 429 327 1563 968 242 964 -1041 -556 515 367 489 -678 1078 229 1017 481 -81 399 861 437 427 37 1273 -942 1845 216 -571 153 530 173 448 -1004 -412 1999 260 -738 -270 962 502 1171 470 374 -562 -390 -636 -83 -897 16 297 -624 921 1164 1085 915 -96 -633 677 677 96 339 270 38 425 -1468 -1316 -55 1474 -235 -739 -692 -567 129 452 127 -1201 -1550 -1424 -413 -50 564 1238 -441 255 1260 1094 838 595 -190 -432 -522 1174 -458
755 22 -597 582 -716 -88 842 -197 33 770 192 166 -42 -81 -244 -1525 -150 -649 -2537 -213 -116 -1179 -146 583 -38 254 35 277 683 805 -24 -534 -282 139 -931 -679 196 1036 -779 296 -75 -705 290 7 776 978 -363 395 420 -269 732 21 302 -989 782 -702 -944 316 -224 198 331 -465 -478 414 283 850 -850 1069 -270 -241 440 2025 920 -456 229 652 -245 -586 909 1650 1047 -1101 125 -663 588 322 -542 171 -394 580 -530 1128 -210 -910 158 195 -121 -1839 1187 -638 14 849 283 -573 35 -531 15 981 1008 -1343 -81 -621 -19 -868 -347 -356 369 297 -201 -473 -1353 473 -169 1645 298 916 122 -598 362 -103 -871 -1103 -683 -611 -335 -584 -1165 442 -759 702 1316 -269 108 432 451 -1409 -822 302 -424 854 825 -1036 -74 -272 -553 -202 222 1162 785 -1426 -1033 738 -1583 -169 57 104 -46 -389 -1321 -75 -945 -110 -952 199 -276 2257 273 -862 -82 -399 -534 271 28 -347 519 248 -190 -562 -812 50 233 1731 -1173 490 -549 710 622 583 -395 -32 -263 193 -320 -280 465 322 -474 -997 146 193 1472 -219 996 897 -384 349 126 831 1003 -346 499 -916 188 495 359 678 470 609 -517 557 -421 -960 26 -1061 -66 -127 -1065 252 6 90 381 -349 -478 379 1514 132 1754 -1286 628 378 -1761 801 184 -485 -323 -311 194 -383 -1194 367 1051 346 -887 123 297 1772 -1168 -430 -1536 -395 -661 -144 256 507 -746 969 -1427 658 102 240 -180 510 259 62 -111 206 102 1077 -1288 1352 -333 -15 517 -274 225 698 193 -950 451 -494 515 51 989 1534 233 381 -54 818 -640 -286 335 -43 21 -202 -17 -327 134 293 336 402 391 -619 1544 -110 -572 -22 883 -1301 440 -297 1240 -165 1012 84 554 -421 -241 586 327 46 582 -449 647 303 199 169 270 -67 1086 -977 136 -272 126 -216 263 232 -1808 998 -569 -1323 618 -124 -287 -327 1385 -353 -732 -233 636 -288 111 -576 -697 -626 402 548 766 31 1051 -139 721 -283 225 -446 -1851 1270 -327 566 -1576 -1318 -186 207 -912 -208 -899 2 -297 728 232 -151
829 -1114 -593 870 -512 124 1547 147 -572 -1748 -762 -296 589 -272 1946 -473 376 68 251 202 -547 -37 188 -786 450 314 556 821 734 40 -640 -635 620 1487 -1366 332 432 271 -208 250 454 -1561 122 -743 -635 341 -163 -314 1151 -653 241 424 444 761 1022 -84 379 -360 100 232 696 190 -232 -1001 1219 751 -476 205 87 415 433 -371 -17 811 28 -960 -1026 -692 680 -188 109 -1308 152 194 -1057 192 -353 -812 533 -519 -653 420 296 -382 -1100 827 -97 -412 -57 141 929 -1414 214 -123 -650 422 -98 -52 147 251 155 -40 716 -680 -1193 871 607 134 59 570 -808 392 1990 -73 -649 -665 -421 527 343 -682 -103 -119 141 888 -288 -78 -139 -737 -856 -359 126 394 -1169 -1030 -324 -1175 -1180 590 -809 -206 374 -641 821 943 -1614 -664 -1084 -729 -923 364 -821 916 743 482 -132 590 -443 1149 856 -923 -1045 -175 135 52 274 -328 1524 -197 1161 -339 491 1154 1541 666 -551 -150 -209 -532 -1111 -268 104 -96 472 -253 237 -554 -152 111 -606 1286 -1141 795 -375 1621 641 -116 -1445 -163 1771 -82 873 542 -577 -572 -203 1129 -1009 227 372 85 -82 -285 528 -1785 574 739 345 901 159 -199 750 66 -869 309 1427 -301 -134 1077 214 524 140 -150 -51 -19 44 -890 -1154 -700 -241 1009 -1287 -459 403 782 -1387 341 -1076 -343 507 115 431 856 -943 -322 -1306 -1529 185 61 -36 1335 808 754 854 -703 -1336 199 -414 -66 -28 149 137 735 485 919 -1254 1089 -642 -804 291 148 -945 646 875 1224 -725 328 -1076 454 392 810 -571 -131 383 -233 -1282 254 584 -1234 -31 -519 143 1208 998 -54 722 580 889 692 -1723 -873 -955 -699 1279 521 -239 645 1027 -392 928 664 -594 -1321 493 -703 173 203 -187 1448 251 -668 143 818 27 -711 451 -826 144 407 -199 -432 -226 1037 -662 -681 -355 -455 229 358 -873 253 -427 467 736 204 -553 250 2088 -29 -208 -390 1056 1114 -156 1607 -820 214 -21 -557 188 72 81 96 -244 709 -267 474 -442 -458 -808 39 -1324 1132 253 262 -860 -209 691 -704 634 338
196 -826 129 594 -537 -237 1013 1056 996 -998 648 -282 -307 600 553 -314 5 -1226 -957 -935 -1385 -456 -113 1143 -1204 -549 512 977 527 274 -85 549 574 644 289 -388 -708 941 197 1103 -186 -76 -349 531 -699 927 -347 -753 868 1135 646 -937 -2102 -1145 203 -627 258 123 -765 876 214 -243 -494 -119 272 748 181 282 389 293 828 636 249 -661 988 -156 -323 387 -339 504 464 1302 -25 -248 859 548 261 320 786 1333 644 93 -783 384 -286 43 83 -251 19 1 135 783 110 436 -707 654 155 538 -1214 359 193 402 737 -706 -112 -1212 -362 -292 -517 -222 501 711 999 810 72 1214 151 -479 -756 -468 -52 -475 -125 -56 376 187 -604 -1011 -1120 -237 -187 -1551 -173 -710 1081 633 -274 -401 9 -1596 182 -33 -571 -408 689 905 368 56 2029 6 411 -1701 12 -700 365 -1441 1858 -1065 -372 -681 -793 -774 -64 68 -308 -230 930 -663 -685 -1195 369 1140 23 -380 -1212 241 569 -730 43 1236 -1482 1270 110 285 -582 -219 -1048 787 25 -1306 -1490 78 1438 -1200 -331 -280 478 -959 226 480 -383 853 -866 50 72 170 525 -262 -156 -771 -192 -98 598 181 346 675 135 1140 -970 -544 57 -331 670 1501 -817 -305 -153 174 -386 218 1510 94 -161 734 893 1243 340 -600 1361 -810 309 -30 -1131 39 387 530 1057 537 -384 624 -471 121 -607 -19 1116 496 28 25 298 299 -434 -818 1124 487 -300 306 378 756 261 19 18 590 1169 953 406 -1010 -855 -265 1024 1079 -183 465 -378 177 -540 813 -769 -728 -185 -1748 448 -72 583 873 -649 418 -605 534 183 83 -847 905 -850 1132 1041 -945 1117 -377 5 421 746 -501 670 -584 -578 -377 522 -283 -1300 707 -254 -253 814 283 -467 489 -529 -1063 417 -335 -320 -191 65 537 756 916 378 202 905 -1454 762 -199 426 -207 65 671 -802 -54 943 326 1037 396 179 356 517 436 222 127 94 89 -354 -162 -129 1141 -514 1204 -744 715 0 -142 205 138 -337 -460 352 706 178 -351 -941 495 -945 -460 -625 328 -672 -303 -755 -244 748 1232
389 493 462 970 -310 858 -820 -167 131 -39 -673 114 -350 726 340 -727 -704 -289 -139 1464 -1403 -1344 780 -743 394 568 487 -1432 -495 817 -1312 -297 -793 287 -723 -584 5 -592 -282 -649 1471 1181 39 -1362 -776 -103 103 -718 -275 341 524 -67 926 1478 451 155 1810 578 874 -2044 59 469 952 968 -737 880 -173 -261 -975 553 1265 473 426 -698 128 382 354 1285 155 1046 2133 45 -220 -638 -416 1080 503 1130 94 -184 -901 991 -236 -1095 152 -201 -971 -167 545 189 1060 209 500 -1160 24 657 -160 33 837 1093 -91 -915 971 908 -1567 468 -1026 573 -143 -707 -283 226 185 990 334 881 338 299 -349 -328 693 1334 -470 110 117 -286 -483 -842 1065 521 431 586 -763 159 -530 151 -94 1150 -567 -469 -764 -207 320 -464 226 -418 354 5 1043 -85 216 709 101 108 -242 -1011 396 80 154 382 -1076 26 456 35 -1249 1518 348 -440 338 -610 -692 -149 -188 540 -253 -247 980 238 -324 718 -683 1293 1451 4 146 -192 1788 1095 515 -1669 -983 -347 -802 -755 440 686 -233 -69 1020 -121 116 580 -557 414 -1781 -118 238 409 156 212 -1449 663 34 -1016 798 -1047 -679 -625 -198 325 -386 -1061 1279 -1644 -635 566 -963 -143 246 -788 211 -78 628 394 -471 -153 471 457 571 -2164 -2057 1053 -468 1159 159 99 -1356 -465 437 350 -140 -212 1265 582 -1250 609 -315 101 1348 -289 603 671 -795 -451 -1130 70 583 -1064 1013 -278 437 348 247 428 477 423 164 387 -562 309 363 188 -327 -486 -391 -769 291 712 29 -824 85 345 -1395 390 426 1648 710 -824 -650 1081 206 724 -794 -1331 -1116 502 -770 1302 -1984 244 771 -535 1498 -24 1261 -722 -33 481 343 -1050 -659 133 280 -56 -801 -99 -362 -1380 143 -406 -127 1392 -715 -396 -442 264 -1271 654 809 1626 -889 -296 576 129 733 196 -1908 519 -461 -480 -55 -495 280 280 -299 -89 -767 742 -1037 777 693 94 -623 -567 1371 -1343 135 -347 -158 340 -276 1028 -1333 619 496 1189 -945 99 30 89 -381 55 22 -736 -725 -285 -1181 -633 1212 -51
-435 838 -1242 -1152 249 316 1088 -248 322 -1554 -244 -66 272 331 1661 324 -1035 149 361 160 -610 -317 762 160 248 210 -383 -287 650 -488 519 -772 -1493 880 684 83 -313 1243 -920 710 -180 -409 292 -481 530 -253 -1442 347 -722 -135 111 -800 -106 401 1513 155 -140 75 -553 307 -293 484 -45 -610 83 525 -483 -371 699 -168 163 -398 -989 1424 -753 1413 -217 346 347 -240 -656 789 809 -35 -458 1903 1012 533 28 -565 157 -335 -347 -306 477 -1321 -411 -921 -977 494 372 515 -22 -7 245 -397 -513 -765 112 -56 -337 1191 904 -1515 726 -558 -1314 -584 -132 262 352 -71 -266 366 19 -301 -791 1508 -127 163 -905 26 962 829 571 112 278 752 498 816 -1139 -86 626 -26 -147 695 -1412 -774 673 789 434 -333 -275 1781 -34 227 -408 -371 1975 313 713 -783 449 682 -777 376 1160 -304 540 203 -483 -929 -85 -2037 -526 -490 665 48 613 -451 -522 1185 1068 813 -1077 1523 -123 568 -282 308 445 -95 -1009 -297 776 -1167 -323 131 1080 -419 119 70 751 362 74 -821 -172 -959 1392 1 296 268 452 440 1059 -648 47 -333 -422 -91 -1157 740 -287 -1229 238 1163 -348 -82 -33 1530 386 -1559 93 -141 1043 -74 -363 -28 308 -1 1060 818 521 -235 83 -223 -657 778 541 -746 893 -1182 1037 129 -396 -652 1030 -573 165 447 -1172 -687 -251 -1086 430 1475 -818 112 -86 184 -646 558 165 -544 971 -1028 -781 -147 32 -799 243 2083 651 -427 105 -388 -772 -40 -212 273 1217 -433 -136 -397 -700 -274 547 48 1040 -221 151 -55 856 -693 -216 135 -185 -946 474 381 217 636 -863 318 274 480 1420 -996 75 573 295 -6 -385 469 -476 875 666 -68 1043 828 558 371 477 -345 497 -139 -93 158 1693 -88 744 504 -25 658 57 1192 252 1237 -76 -778 396 343 84 90 -1076 40 -754 -396 678 337 -80 1217 735 1345 -233 522 81 709 -312 -293 -134 280 -1663 387 574 154 -373 -822 128 -352 1777 702 -70 -528 280 -426 -557 619 267 -436 876 319 -296 -1636 -446 -409 -1565 -1272 -457 -606
