Matrix size: 200x200
Execution time: 0.195256 seconds
Resulting matrix:
-582 -298 -537 -246 -178 355 775 -422 689 42 -767 -865 -19 283 540 -787 689 -298 -496 140 -621 -271 -197 -248 818 101 29 243 1028 227 526 -7 -82 11 199 605 -193 538 -693 78 703 -521 565 -254 359 838 282 -707 289 314 242 -457 93 -482 0 429 288 -1335 -345 -135 -477 16 -264 -548 -372 -191 171 -334 -32 521 -765 -474 -166 -198 -83 137 600 137 61 -569 -513 786 91 327 127 -599 -172 143 -1045 165 191 -45 370 -827 -176 48 196 357 257 -233 784 170 361 685 334 -478 -527 433 -479 -941 -343 244 -845 219 95 -165 -945 -558 -292 338 -388 526 935 864 165 -499 -148 -460 -19 581 368 773 -113 961 -473 -632 -365 149 353 -85 -500 550 -298 -495 968 -160 500 -936 -406 -458 1178 476 -1013 321 -289 87 119 605 142 80 -299 285 -856 -1557 -629 491 333 941 -232 125 -146 249 565 307 -509 114 -201 128 532 -90 -767 -166 769 -211 -118 -648 230 1 -275 -1 178 483 -286 -140 74 166 151 543 -8 -552 
608 -222 460 -311 -62 -100 -1454 699 106 -191 -231 510 -245 -11 367 1173 -85 413 -327 191 31 -994 15 -214 -269 44 321 -450 90 -149 -678 -1166 -73 -920 -794 -15 793 -672 202 -338 -356 -282 -1018 -810 -133 903 25 42 690 -146 -608 -375 -180 -83 -130 27 -111 161 492 -497 -626 -276 277 22 608 99 386 -885 -343 64 -447 1044 230 546 264 -286 -310 158 -780 -1138 -215 31 -713 -266 674 -1404 -255 1654 -275 397 -67 -626 561 -36 -357 -1028 981 -522 -58 -223 -913 -745 1108 -454 349 -588 430 180 -710 240 775 541 711 -263 -549 160 -199 225 529 -187 139 -64 -138 221 -339 887 28 -78 1096 502 80 -368 -393 491 -1294 372 596 325 266 171 -626 1086 -669 486 296 175 42 -420 -300 -373 230 -662 -171 1110 127 -251 346 -699 315 -166 620 461 203 -396 39 -773 -392 319 -282 2 565 -90 -533 378 389 681 -58 -455 -453 -306 239 -842 -682 234 -298 -274 -172 164 -354 -499 -190 -530 -73 161 -63 416 215 -88 722 556 
-463 244 557 -856 -50 130 -101 53 546 -182 -985 -468 126 314 945 -424 1015 -461 586 -311 960 233 65 -881 -500 29 -113 -37 346 -1125 -1231 1052 215 176 482 -421 -167 33 137 -495 -651 321 -667 -157 463 199 -339 79 156 -495 -261 553 -893 -1061 300 -771 -132 -126 634 311 -157 169 288 -330 599 501 213 676 -643 -235 -148 688 72 -379 -456 512 664 -22 -288 232 -1068 -747 415 -810 -42 -2 130 60 787 1074 -336 -263 286 108 -281 216 820 321 -57 -455 191 437 -166 1593 -230 252 44 -157 -658 -325 475 -224 -197 71 472 750 -1910 -183 350 268 -1137 1211 -36 -874 140 602 428 -631 -691 828 92 -422 -908 -722 -146 -471 101 156 146 -309 -720 85 -162 -157 510 538 69 1169 -1039 -432 505 -1081 -91 260 -78 446 -146 963 -48 586 29 -13 -444 834 -47 -1155 -852 815 254 513 278 -705 940 -481 176 693 -117 -66 -451 579 -1118 573 -148 -289 -524 -283 712 -555 -507 1082 -529 -59 21 706 583 -4 -469 287 163 -557 
-556 -812 -216 -541 245 269 61 140 -719 -251 148 -514 456 283 310 180 111 283 -591 -424 -399 -502 337 309 84 211 325 323 -969 -417 105 -71 -316 319 92 650 -264 147 107 -710 74 257 -437 -317 250 148 307 31 -592 -432 200 -835 291 -1027 -253 214 446 -1197 895 -17 -37 -319 -94 -1065 -44 25 -925 568 106 267 221 363 -267 59 -366 309 407 -223 416 660 -459 -128 206 76 -72 -870 58 295 151 19 -913 14 140 631 -1418 -5 -151 -640 -88 -467 570 160 811 310 -684 -1112 -446 186 47 579 -580 -1122 -33 369 -552 -442 -1014 354 -802 7 -377 -373 547 -74 -281 282 -104 -848 11 479 153 413 1060 -209 255 -313 -293 358 474 -498 -888 -858 349 -364 -115 260 -160 -161 -78 -580 62 619 -642 444 -429 35 -480 310 271 262 -213 -50 385 402 594 4 -547 511 -512 -6 -530 568 -1054 337 384 207 -393 677 10 202 744 -824 -265 -247 -532 131 -267 363 -830 123 -112 254 173 -1072 -129 -784 365 -441 -638 -606 
907 -791 -604 94 -937 484 975 -742 -100 116 -773 -327 -274 785 293 -493 567 -794 -266 356 -561 -448 -540 513 89 -52 557 -356 -325 -441 585 -42 423 331 -712 -626 515 668 37 -86 -643 138 808 1145 -70 167 712 467 820 -64 498 -670 1075 -840 -1167 476 -258 302 351 -878 189 -267 -534 -328 227 325 -920 -139 -133 331 -489 -301 382 -640 14 1106 -454 -567 -319 575 -906 0 508 -442 533 -935 -1189 -300 -282 1014 948 -13 -371 -69 -269 -130 701 -435 -396 1300 307 -381 311 951 215 278 -384 -421 -407 647 32 31 -691 69 957 404 -707 209 437 72 1210 -870 -341 -504 -656 107 402 729 1219 -803 439 121 507 -44 362 -611 646 596 -64 606 246 1133 -943 -138 1620 61 796 298 -408 605 900 269 674 -155 -213 -119 1155 277 266 40 -280 110 -1700 68 -97 847 -391 -490 -346 -239 349 -19 -953 90 -1003 -575 197 -187 546 -359 304 -647 -332 -580 153 -141 -1183 79 262 940 -306 622 826 -251 -434 -709 488 -71 -416 406 
-170 -112 518 587 167 991 -1558 106 -1100 1166 121 -355 -1152 468 82 195 -556 -649 -168 1194 -175 1392 61 -427 715 -272 -418 42 857 -679 -30 -905 -692 -190 -908 318 -1196 320 -276 340 -276 898 -143 256 179 -1382 -383 -411 371 170 -146 -617 108 479 -796 -236 195 -1 246 182 -867 223 -385 -438 -559 -26 -238 -85 692 904 145 -948 153 612 395 155 487 -359 0 108 178 285 -652 122 703 155 149 439 352 -31 -33 899 -516 657 -1074 749 175 71 -230 277 -97 -223 466 -242 -284 273 -384 -9 143 178 -1380 105 425 200 531 444 -327 992 -222 796 729 114 -446 -276 322 244 -656 1111 -872 -88 -497 695 969 290 -178 -678 -573 723 410 548 154 -31 -129 364 -864 1080 -358 776 261 -518 14 -366 -259 -706 -233 -44 -330 -377 -132 -950 574 -391 -240 -497 -130 -676 1177 -665 567 650 -713 -127 80 -22 -916 568 -837 -380 -504 850 -257 433 403 -571 408 445 389 713 -1315 442 -1014 285 -215 -706 144 -398 69 -260 -784 506 
535 -16 -990 60 947 62 112 -34 -382 -796 -257 -155 428 420 -178 -635 137 553 682 840 -386 253 -345 -206 48 -1410 72 446 495 -176 53 772 233 -398 -185 -501 10 -952 1595 -195 -701 -92 -58 -541 321 429 276 -165 235 92 -238 463 633 -630 -238 73 277 -319 -240 -28 877 -380 354 618 494 677 -238 177 409 501 -540 -446 42 115 -11 -159 -349 -784 18 512 -774 446 -204 134 -786 823 89 23 -882 -1045 554 259 -437 -114 154 -103 669 1076 -441 1177 -446 -288 278 -460 401 -535 -578 -628 -37 -247 -1433 448 -153 -804 222 468 -190 -449 -785 257 746 -751 102 -516 -772 -356 -1076 673 158 -735 1048 112 464 240 112 130 -60 52 163 -72 1112 -1261 525 -221 377 -398 -448 -445 201 -293 -775 313 257 888 -194 -855 -503 -766 266 -397 -37 -197 108 -364 -335 255 -712 -316 13 348 -235 348 -794 -716 -149 441 -80 67 -62 104 262 353 -981 77 -129 96 -542 383 -424 220 1069 -312 -356 105 204 -660 -977 548 -475 -661 
284 774 17 841 593 -303 428 -314 -502 298 40 84 -599 -345 -177 -126 -403 1130 857 -500 -809 -211 -315 -110 116 349 -813 1032 334 815 -654 74 -283 390 601 -349 -202 -508 -358 -22 -271 -474 543 -186 -4 -329 -227 278 112 771 1361 205 262 1178 153 206 -468 393 -42 357 425 -153 -357 -567 268 76 -200 733 384 67 -408 304 -133 -603 11 -83 273 -593 -376 -263 -430 211 104 -490 -1069 237 1163 1018 -131 55 -78 -288 365 -181 -864 -458 -10 -241 37 891 181 -761 400 491 219 296 487 -770 -47 447 857 -520 863 -224 -11 579 93 -245 -63 365 -296 -540 -12 -334 13 14 89 911 377 -307 -818 497 938 223 218 630 -565 309 238 -390 -83 -19 136 -194 -374 -52 -248 235 634 -453 -649 338 -624 245 172 -444 105 269 157 -4 325 -248 288 253 -767 761 1220 450 -613 -1182 471 228 125 -86 110 -496 -622 -492 254 90 528 -692 -96 -71 -423 -653 -359 273 -14 266 617 356 -87 150 -329 109 -466 223 -97 393 
-148 264 184 -704 436 615 77 -312 153 -43 -517 342 -55 107 -110 -224 -847 -1350 -230 107 69 537 -187 -118 173 -457 -801 837 131 200 437 434 -524 -125 -10 755 -209 300 -69 -370 698 170 6 645 787 -377 88 -212 -308 -719 258 -219 -427 259 -204 -515 532 -111 1170 279 -191 -210 -31 -491 56 382 -520 242 -284 33 269 63 -79 -1095 227 24 971 -801 -939 -580 641 -9 636 535 222 -379 12 -192 415 470 122 -180 383 395 -456 -342 -502 -38 -487 300 -619 -570 643 -849 -33 136 -133 1486 838 559 584 -962 -577 801 519 36 -39 99 703 -194 103 369 178 579 65 -240 105 -484 134 1550 -447 498 76 -792 -813 319 -673 -216 -624 -137 -795 -244 929 -530 224 -105 503 990 -239 -675 145 -689 -141 -778 -543 94 -439 345 -150 687 421 -147 226 117 -288 -54 14 353 600 785 275 645 1039 -43 -883 -336 -471 -450 -3 244 -789 711 610 429 565 -302 131 96 -430 -245 431 -202 -111 346 -108 1323 -270 221 99 -752 
-696 -421 -114 -375 671 -752 -414 340 -62 215 -308 -419 -633 -31 873 -552 787 -90 175 -415 -615 781 -210 -168 -496 -1206 -463 627 -28 246 -563 258 -14 27 227 -423 -619 -130 293 -208 -35 -866 55 292 -45 19 404 747 -614 -843 403 -24 -1092 89 246 -380 108 -580 408 83 -519 452 261 682 -265 226 87 416 97 744 625 -654 -301 52 795 356 -728 98 -280 -150 735 493 361 268 -283 -272 1603 233 -118 -339 -316 240 -489 533 -325 -99 -1358 -415 306 533 128 -8 -236 218 -331 210 -492 -174 -186 268 -242 55 523 -783 372 209 -105 -30 717 -724 -16 -325 742 -80 -31 -853 962 -570 -407 141 90 253 204 -818 394 5 337 -90 -375 -223 261 -871 664 160 -927 334 -34 145 1334 -214 -174 206 651 187 767 -769 -764 -610 -37 530 -378 -574 125 -85 584 -920 -883 714 182 56 299 -229 75 -392 1133 -156 397 885 43 23 926 89 185 1144 -301 214 44 -289 -77 -302 650 473 465 827 -389 418 -617 -854 -559 -1204 
-277 -238 -185 155 434 703 -722 -245 143 60 218 302 235 -188 699 -668 -349 148 491 523 -106 324 -25 -853 224 -23 -461 390 251 -425 -189 -490 449 -61 813 -6 -84 -33 148 -555 148 227 -305 -232 448 -105 192 -153 -669 -225 0 700 -505 -599 447 220 -316 -64 -206 -4 301 239 313 -93 -615 380 475 -426 143 545 1396 495 229 359 606 -496 379 671 769 430 109 430 47 300 -278 -65 36 1085 601 13 -171 -393 409 -90 234 985 1280 -395 950 700 551 914 452 170 101 -209 -48 -246 -985 -295 -512 -339 242 -334 735 174 -670 -264 -165 233 -168 -301 -485 -637 388 -112 -536 889 -943 -432 -107 -248 -327 -861 73 36 -150 -408 -574 162 -646 191 13 -329 -281 618 85 -519 338 48 -490 -192 -210 392 298 53 497 115 -58 550 -302 -258 -773 224 617 797 -139 203 -712 -91 -404 -591 -384 -415 515 -562 179 746 175 158 -186 -336 -776 -202 -85 -797 -270 -690 165 315 -508 1008 -231 -552 968 259 -67 69 548 -356 
869 -239 409 633 -482 -1080 -83 -37 -102 404 1082 323 694 778 -599 -441 -107 271 -849 374 406 10 -397 553 -415 394 119 818 -3 -580 317 325 381 -126 -1213 -512 -397 -188 116 351 -75 -479 94 625 -26 -605 820 -129 914 -168 -443 193 334 100 78 693 951 456 132 173 175 -478 808 968 -286 887 -347 -759 1157 -454 733 -387 -150 -469 -585 562 -687 -811 317 784 516 343 -952 -109 1021 -461 -233 1015 -639 -222 -175 -227 -306 24 451 425 -873 316 61 513 -1439 -477 215 -437 1193 -552 647 13 -493 101 -544 -373 -788 -520 -93 -45 -459 37 183 -160 170 -196 248 -188 -575 209 1098 809 -6 -352 -19 -408 429 -519 -515 -747 -253 -387 -593 -415 -404 36 -451 -871 89 554 -227 1091 -683 -116 108 42 719 -122 594 -146 -185 -258 348 168 71 483 -994 -113 232 93 322 -282 -310 -294 32 472 -1111 -308 -1043 -667 422 168 1080 -539 -392 194 -18 308 -314 752 -63 532 7 566 831 -257 610 -203 -733 -545 1 -830 -102 926 
397 -122 -117 -234 2 -287 -600 489 -474 -450 204 -64 610 462 148 -421 -173 -30 872 40 -151 -151 176 279 856 -846 256 -367 -470 348 -305 -294 168 -434 -195 161 -531 -332 211 207 -22 -111 210 -671 -8 392 769 744 -16 -204 -87 483 -93 129 506 714 267 149 -78 -413 -434 978 44 415 -394 -895 241 -459 144 1077 -1087 458 230 229 2 -432 -214 -754 66 -601 300 -818 -115 -929 -601 -792 -294 -810 -304 -360 -146 -248 -375 168 193 -1110 -126 1163 329 436 -183 172 277 89 784 -476 45 -190 758 -1155 -273 630 168 94 -7 304 -56 246 -116 -725 1030 -238 159 920 -193 1306 -125 359 519 -37 -495 -1249 -384 975 471 -15 -331 -792 374 480 -543 -154 926 875 -908 550 -268 327 141 -522 -456 166 -101 582 162 -737 -347 -7 -526 186 1191 -56 447 -686 -93 317 -401 313 226 -535 -121 136 -830 -769 -120 630 278 905 843 -638 140 237 -155 -248 868 772 225 1034 -752 386 27 -363 -500 -188 -7 404 -617 230 181 -75 
-86 504 -479 649 454 -904 -115 -405 -316 -638 -763 -394 -1537 263 363 207 649 136 307 -1456 -459 -370 330 -864 379 267 500 154 -230 31 -358 1030 -408 -38 -776 1 -203 -295 -111 653 -1046 20 -75 -491 -57 -31 -721 -529 -994 315 -166 413 335 -346 96 226 315 978 748 -130 961 -263 -807 122 -130 1011 -415 -138 -6 -260 234 -21 -32 -307 -162 266 -60 -204 33 -651 -266 343 -5 -789 102 -114 576 46 157 -578 -283 -299 326 -133 -167 -365 -1303 -53 62 926 -433 -163 -200 -129 547 1208 99 -954 -281 -974 -1016 75 757 146 -343 -495 -381 -49 -292 -158 632 -625 -132 -426 -563 -67 -4 367 667 307 391 767 -211 155 -511 400 -348 -1316 -722 112 197 -1127 -608 -764 443 -224 -904 323 124 17 657 -807 -1066 -285 126 -193 72 5 -127 -54 683 550 -110 702 -847 -584 483 -173 1171 -642 -293 570 -401 66 466 -25 -152 -347 -323 -857 -285 254 457 721 417 1086 -768 272 127 388 -339 -269 -268 588 -257 -270 -528 -167 -196 394 
191 169 -641 294 -963 889 973 -785 -1488 -375 -231 12 165 821 122 -813 -786 435 535 -281 -882 42 -144 642 620 -53 -370 363 -106 529 -3 -659 161 -841 463 66 610 252 508 -224 146 -927 211 -365 195 -32 178 329 -131 676 -227 -121 556 324 -781 1256 -309 -279 -176 -577 -24 228 442 -946 59 465 -332 676 -982 662 -447 414 -313 -83 -30 -525 153 -425 107 -388 507 -259 141 39 -81 -1263 316 -176 17 -1071 -425 -189 258 498 295 643 -408 251 258 -13 560 677 -472 -915 2 184 536 -396 901 -279 -314 -184 805 -68 -560 -32 -1206 -1080 -515 -355 -79 -443 278 -202 -879 -407 -1075 -439 -57 198 199 -193 82 101 -302 -296 92 -38 -408 -467 -1502 267 -604 536 428 711 405 760 1175 489 -20 553 553 38 512 638 115 591 -337 -85 333 -381 -185 -33 591 -578 -734 -119 45 -143 401 -330 -475 487 147 -89 8 770 924 1533 -406 1044 72 -306 -81 480 560 196 142 57 -392 988 548 -587 284 236 281 622 899 735 
281 453 -838 -239 -729 37 -121 -838 23 -290 192 795 -1043 0 -141 349 328 249 17 -384 -532 565 -109 -305 -127 550 251 43 -669 -468 669 418 -113 98 -346 -812 143 -645 508 138 -285 -559 -205 -62 283 -51 710 30 -425 -160 215 446 -621 120 767 454 584 626 -598 -225 693 82 -67 -219 1072 -357 -681 278 513 -814 -117 -34 686 -611 545 352 -707 -414 125 64 47 556 -680 -146 -167 -167 -177 -487 -658 627 1067 -429 14 3 -146 -575 -83 -8 -494 -538 -772 288 385 -229 -615 200 -1004 -283 93 -313 -226 -23 25 -61 -520 -203 499 -631 572 512 -188 625 -17 -199 86 543 -285 -478 -255 186 703 521 -12 615 -520 -191 916 -122 514 85 532 -409 123 -185 1004 209 -90 1 -932 -780 256 -275 -3 52 -780 -809 847 -580 -400 331 -128 68 723 704 -628 -426 -493 187 73 115 58 -397 497 689 -15 -205 -404 -229 806 -592 -130 1407 16 838 349 426 18 235 -128 -654 414 -332 70 619 459 -257 -77 -364 -133 -217 
1018 -498 -1650 -290 -146 12 -313 -897 430 -127 1110 1060 -1083 151 -149 268 1037 519 -253 -293 -994 85 14 308 1001 -324 183 11 67 -922 386 429 1070 -599 291 -558 155 -395 571 -882 -1006 -191 -56 28 -282 -948 287 -602 356 387 472 -164 860 209 52 473 415 862 118 -399 -1107 -1034 -458 260 271 892 -164 -402 -556 -211 -124 -340 -388 -356 264 -409 -146 681 76 212 -568 -139 -933 -574 -164 143 -1180 -264 -587 -78 191 -559 323 318 -203 -95 -26 447 -724 -187 -1574 -411 -327 -179 354 -290 140 138 232 327 -372 -340 -1046 673 343 179 -506 729 -313 -53 729 -190 178 -468 126 128 133 435 330 -1068 60 -158 903 34 -67 277 623 334 -546 22 -168 -249 -158 849 -781 -213 24 -642 -233 297 60 1121 -13 -74 378 -381 290 415 569 -839 -63 32 -855 674 -226 194 -364 85 -469 -405 75 58 195 -1013 -1163 -903 -52 411 183 282 679 -332 -723 544 256 238 -256 115 277 161 568 409 755 273 -86 -185 -372 -517 248 106 
-246 -677 -316 940 234 333 -112 356 -29 584 -311 262 367 -932 599 -590 -102 -364 -333 -673 -443 143 146 -1098 6 -155 -247 254 262 966 -645 9 181 -352 -660 170 -897 105 -122 176 -227 -577 467 -332 -232 434 -226 -490 293 422 -746 375 771 274 178 -627 23 249 -1212 -146 -99 181 873 -67 182 -141 763 -296 890 239 207 315 -374 235 -2 -347 -979 -534 -489 38 402 575 124 102 -393 -305 657 -1042 -912 -312 71 -75 391 287 -496 -674 822 -185 223 -368 227 -74 782 25 705 474 63 -93 1348 364 -587 238 278 19 260 351 229 644 -140 172 514 453 230 413 -490 549 85 147 -47 548 214 1138 874 714 406 -592 911 1302 83 19 345 174 -188 248 312 -633 -245 -216 687 211 772 998 223 -367 879 -1026 39 450 9 -338 -317 450 -432 -253 271 -977 276 -1041 -124 -654 119 248 192 -50 -368 229 60 -59 398 -288 -47 -231 469 -89 -87 307 788 515 -51 426 -434 -1324 -79 332 9 322 -131 -331 179 -315 
-425 -101 120 557 -26 245 385 -755 725 -764 1115 183 132 -983 -512 -264 -25 -176 -65 -119 288 -652 -140 -37 -215 174 -188 2006 393 629 288 -586 -1129 900 -787 116 -767 -57 46 -211 393 674 711 13 -312 -760 -43 -202 -366 236 733 -349 -146 -449 -393 12 437 -711 467 -223 -136 595 -1184 130 -200 -523 -1037 693 -559 -854 -536 142 1108 -863 -33 -30 735 -539 -281 229 253 -621 149 422 -1292 150 -500 -539 402 -1041 271 -432 419 655 -277 717 -629 -517 -188 46 -300 1106 -413 -414 729 361 -443 190 666 329 593 -1240 -374 749 -1616 465 -1288 122 -22 -120 293 447 83 -188 337 -381 -54 -397 680 992 177 -106 225 40 572 171 -1014 351 -955 23 -844 -77 -674 -553 597 607 -74 -410 -564 -50 175 -320 303 -1031 -180 -919 -113 -111 -904 -537 229 634 6 219 -802 -603 165 396 642 -80 -1578 315 780 707 -491 811 -55 711 290 501 434 -350 -99 241 -81 547 866 710 39 341 736 -207 328 1100 -420 982 113 4 1041 -1049 
-16 558 30 -687 -210 -461 217 373 -995 -171 1131 120 46 -1005 -597 -381 -315 1112 369 -921 266 376 318 -1268 -578 164 336 882 812 166 777 208 -96 -911 791 195 114 -29 480 78 556 972 335 -876 -529 492 727 117 1150 -16 -447 -175 -1199 -629 -403 228 35 656 223 -586 -413 -178 145 77 266 -637 -892 751 -510 -919 -271 -375 76 -403 -341 377 -352 469 519 -712 116 -298 -85 -64 237 -708 617 740 155 -334 -414 137 286 883 198 -945 222 -144 676 -366 -436 -213 341 -383 -11 -655 79 -156 -275 -195 -185 -831 -669 53 617 -673 -128 300 -975 -339 -266 -128 114 -175 244 -246 -131 -780 940 983 205 59 -469 -41 201 367 83 -15 -118 -411 490 165 -709 -382 -937 68 -126 172 8 165 119 -554 -523 511 721 487 -476 68 -582 207 507 505 807 -724 -730 -273 -553 1003 593 1090 282 -905 9 962 -299 399 490 789 -670 267 -26 -115 -55 -522 731 62 369 -180 574 -247 -96 280 619 -167 -329 75 181 716 -548 -173 
-1067 326 -548 -146 573 -524 -232 266 557 595 107 -487 185 -508 511 468 -652 -630 438 239 -2 368 -314 369 -440 313 29 -417 -265 448 -571 -516 -347 627 10 416 649 -35 -277 -73 -51 303 592 124 -56 59 -63 670 171 426 877 -4 1483 -190 978 -432 -486 -408 537 448 -660 150 -12 -396 123 617 -398 -257 373 -58 302 95 -377 1536 -51 224 528 401 -327 1034 441 -424 -1594 -45 108 452 -456 522 42 146 247 -609 852 -364 -170 -378 324 -1448 -710 -226 970 512 -604 137 -630 -327 484 13 -518 -685 -639 376 587 124 -78 -161 114 -1127 -980 858 288 -335 312 -116 35 -136 380 192 -221 -505 349 60 1198 871 499 -566 -702 -1 -62 -125 188 139 616 -34 -380 -769 244 -329 -196 -66 429 -377 74 73 -408 422 364 -926 362 -97 -754 695 -18 -402 -784 -232 783 544 -735 -474 -683 597 -1487 -467 -357 -30 735 -81 -233 -404 -756 398 -495 -334 -234 514 1094 257 530 235 -282 315 -1013 -1254 492 276 -605 -154 -318 767 
-821 -15 534 -333 585 169 24 268 -573 -562 201 -380 -326 412 -227 -457 -251 -1141 -537 256 475 610 126 -757 162 1045 86 36 504 459 -473 230 -268 -124 -460 -35 -114 153 841 844 240 401 -41 -55 -123 -719 753 -347 388 -94 315 -152 -123 -288 108 492 -113 539 116 840 -408 1073 -293 -34 -804 -191 44 -580 203 444 246 479 -111 43 64 376 494 354 55 -432 204 142 -646 -95 107 544 713 -175 55 551 325 -479 -585 683 -633 288 870 241 -331 -319 638 -603 -573 67 -146 197 -314 -165 -1087 -769 -562 -22 -1004 215 -234 -426 567 725 4 445 -703 621 750 -521 321 906 444 -137 -833 781 -1065 -532 659 496 743 693 -841 -615 -192 -275 -1069 -633 624 -408 32 377 355 900 -419 -1 630 745 -865 -337 379 -537 -288 309 587 -198 -199 126 -210 -345 -708 138 366 1164 587 1427 -308 -1257 408 140 1186 739 8 -632 -124 -398 -964 -77 -426 48 -170 206 983 558 298 264 -552 -303 -777 147 236 -487 -78 -547 -547 -277 
934 -23 -644 -732 -924 1177 -108 273 -271 38 -656 343 -90 475 -422 262 -1126 -369 -373 -787 -342 -215 683 -4 -373 790 491 -653 -90 -214 55 -331 89 -495 193 445 352 639 -230 119 202 -482 574 608 65 1544 307 27 144 1177 248 251 708 -1187 -14 -31 -608 -219 -1016 860 -413 -172 676 -802 -231 -95 -89 -585 115 351 -481 195 -741 500 336 -353 638 -770 422 996 -246 700 257 -97 681 179 -1074 155 -216 438 111 -755 -38 282 565 -57 1086 624 -330 -717 645 -160 118 553 -854 115 940 -526 -120 -723 71 459 612 -440 -672 -198 319 -48 -389 155 -899 -173 100 539 -335 51 339 -181 31 -470 -114 -323 -1475 -311 -733 6 145 942 721 39 -513 638 715 -1297 1147 -1425 366 -148 -261 706 673 312 -618 182 534 545 622 224 302 106 -1207 -721 -772 -1291 830 222 -213 193 97 40 250 -235 -316 455 745 -495 -719 411 -162 946 -986 -961 23 -1113 797 -756 -81 -584 723 -143 -388 488 931 -792 529 -420 312 893 170 -400 
654 1343 -559 7 634 -504 715 -413 -323 -105 -166 -535 -956 -550 -1 -486 361 874 67 437 -46 -1055 -329 415 383 241 40 -505 -419 369 -46 448 234 -9 -115 427 354 191 838 296 465 -216 -396 141 596 251 499 512 -1053 25 -107 619 -98 -124 -378 323 367 874 -81 614 47 473 -411 -95 -645 -195 -276 463 -224 -579 363 370 -384 108 -324 155 178 -395 -140 -633 -631 7 521 564 28 -627 193 -95 -196 -22 161 964 -144 -511 -174 592 -390 -422 -479 -437 520 -1113 -1401 172 -400 -151 -658 -13 -466 -675 -529 503 -315 355 -221 -47 204 144 -120 5 421 -504 238 365 -326 -279 -236 -47 -546 -823 290 -92 -534 779 778 -324 57 -1355 -50 51 253 -353 264 -663 -517 393 -328 178 -149 -18 -784 184 -828 121 -8 794 907 -335 243 517 -470 213 -464 724 -566 671 100 458 -538 -212 -911 -218 3 -77 -179 88 27 -658 224 -405 -154 -202 700 -967 -48 -289 -202 124 -270 -260 370 927 -39 -373 -781 -434 155 767 335 -506 
-289 -325 715 -644 1221 673 -380 -394 -207 -594 -494 190 -129 -218 486 -976 434 -417 95 -501 247 984 545 -463 351 -789 -463 366 -749 -101 264 -143 55 64 40 184 -260 38 -358 669 -588 -265 818 -569 -583 493 -93 -36 -1331 -808 1178 -52 417 67 -452 -44 -217 -159 -504 -250 -27 -233 86 -411 -607 77 99 777 -555 -138 -575 294 75 -23 -59 1030 265 -425 -640 -756 -382 19 149 360 -55 129 400 -691 221 485 394 -143 -132 162 -963 -274 -666 66 -122 738 606 -342 1505 358 -84 -20 -11 -112 39 390 -149 503 -862 -1 558 -398 -139 -562 -759 710 -266 366 -251 108 -300 103 -179 -669 -265 745 -113 173 528 272 108 -259 -120 24 -69 480 163 -1225 842 1550 170 73 -142 -54 374 -180 -182 1180 663 -638 -92 198 -846 405 216 -491 370 -88 88 -370 189 321 -171 713 56 -284 -168 -474 -9 187 337 675 -718 463 67 377 -255 636 -868 708 1153 285 47 536 -168 310 515 639 612 -343 83 -269 -249 -146 -379 239 
241 -398 817 550 -626 21 790 -293 49 626 204 -968 882 708 568 -225 -652 -136 552 -652 364 270 490 -70 -251 1007 39 312 -405 1117 -568 -40 -134 -845 -197 378 639 220 986 403 -528 172 -21 45 -406 -579 1527 -807 -363 247 370 1215 596 -220 -743 -33 -218 -108 -108 -295 342 -826 -60 -232 -457 13 7 106 -650 878 -342 -455 -1020 -455 -111 -1049 1032 -345 -830 184 389 612 409 -883 -309 0 -324 737 -985 -1081 56 -856 -367 -646 235 95 -330 690 496 1075 521 582 697 -470 418 -234 290 636 189 -983 -410 -414 -267 -658 -207 -239 -569 -502 -372 62 -931 -282 -202 407 -318 360 774 668 464 -433 -799 -242 776 332 -494 194 -350 -707 -276 -740 473 82 454 -300 -624 392 -620 234 73 -522 -484 221 595 146 248 -1045 -205 205 -619 -301 -718 84 -454 -892 -491 397 597 -175 -432 -717 173 542 -146 -68 24 65 164 451 471 340 488 800 215 948 390 -178 349 248 -627 -193 543 66 1118 -565 -938 177 -432 640 292 913 
191 -21 369 -586 220 -384 46 -104 -758 266 -463 762 -50 -437 -11 243 -810 -290 870 -755 844 -65 158 227 290 -1100 495 -1064 -96 98 136 -219 548 69 170 521 411 313 -119 254 -307 145 -8 -606 -736 -290 -433 -451 385 -385 -363 946 -771 349 250 478 744 929 95 104 429 -186 -556 -161 140 -59 -62 154 -721 -457 137 384 -566 1302 -180 181 -293 49 -4 -906 40 -47 -568 -123 14 466 325 298 357 -712 -225 304 31 522 -437 251 499 50 -249 -161 743 390 847 -394 -252 389 -380 137 246 287 198 611 -102 -442 754 -1197 100 815 521 259 -318 443 -1534 -442 -726 -91 -1082 -515 -264 -301 -1015 -122 817 -798 50 -90 -646 69 1083 -490 678 -72 93 -83 -524 -191 -579 293 -102 -319 104 -183 -238 -100 -37 337 -513 399 825 9 7 270 737 672 -132 -150 601 66 1045 576 -74 -673 -83 1008 663 269 -203 382 1808 -226 -679 309 179 -698 -413 126 442 914 104 91 3 -686 56 -573 95 -517 518 -832 -726 -826 
532 -1156 -357 227 -240 -953 -90 757 -429 856 -269 892 25 209 210 -311 309 -1184 -73 -70 -1024 -553 -794 -454 194 -229 -713 73 222 -489 -217 -1138 157 812 -538 469 -233 144 -1271 -492 -1565 -173 297 303 -235 -677 -487 722 48 -211 -289 345 219 -412 -249 -605 -236 -443 605 141 166 500 454 -472 -55 -562 378 -1318 -325 -469 191 196 -605 795 398 7 -60 184 -795 3 84 216 649 110 215 970 -391 657 -503 -808 441 226 -74 -74 13 -371 25 -58 -1062 -735 257 232 330 23 768 -186 304 -258 -167 751 -576 -599 -134 -493 -368 -303 -50 -352 599 -1026 109 -456 -218 -339 -288 58 836 -168 772 -736 -634 46 -538 -674 -1115 392 736 -241 825 274 121 46 -426 -666 376 -306 -193 -581 779 -665 193 567 370 88 816 -1109 -861 -503 97 294 343 146 -100 -78 93 20 1088 327 24 -754 287 184 -555 -1107 288 150 348 -395 133 -890 -364 -240 -721 -285 -409 10 373 947 -223 512 -372 670 1343 301 420 -471 -122 -395 -148 1746 
317 184 -418 504 69 -813 -317 -523 -341 188 409 654 -329 -596 -264 123 44 -39 1003 22 503 444 247 252 102 -504 -48 -692 860 -40 176 -391 303 -221 315 44 238 -6 -573 -434 116 206 255 -336 414 -199 934 420 290 -391 -957 3 9 -3 -5 64 767 50 11 -601 457 535 -422 247 -143 58 -560 311 -502 -413 -99 -755 -327 185 171 243 187 595 818 -418 -581 -126 -781 234 161 -51 490 -46 -922 -495 -995 395 -535 437 255 -245 400 -107 152 -363 -324 -261 -411 -206 263 -525 269 155 364 -71 555 406 -784 -534 807 -61 -701 -163 -52 -790 743 -306 267 -23 373 -184 275 -325 136 -717 64 1008 425 -113 145 108 -563 177 -202 436 253 12 -882 -157 -35 602 -147 -292 501 601 741 66 -252 -278 -356 655 835 -433 625 565 -344 -552 542 35 -62 129 -516 -11 696 349 -121 -127 148 -599 -210 -417 466 316 149 111 -284 -182 -58 -916 -543 292 -117 184 397 791 686 -365 -149 -121 136 -191 19 267 -26 -1276 
559 152 732 94 652 403 -473 -391 465 604 454 84 316 -241 -927 219 -187 -259 -64 -494 130 -1585 231 -177 -394 -701 -224 1 663 175 733 -138 -203 21 -962 -365 543 -722 6 1146 -126 304 -440 393 -392 -174 268 -56 -54 -79 -213 21 719 159 -913 -1100 -925 201 -237 560 -183 -641 -181 51 61 -224 781 153 -1147 149 795 67 -190 82 358 567 -303 66 -427 -394 -79 -33 -445 -177 291 375 -169 45 -279 -948 -22 -456 869 -495 -6 271 416 -1402 272 458 326 -299 732 228 27 731 47 345 23 97 -948 -163 -37 -122 582 -745 107 -393 387 143 -483 157 580 -131 -164 -708 328 179 299 -29 -227 153 547 130 -149 1063 139 753 112 -282 359 -201 -352 594 -444 -41 -531 462 116 825 458 -608 462 -481 361 -750 -624 -693 115 -688 -768 107 92 395 -727 -494 122 -1363 655 72 80 671 -675 217 -93 745 32 100 489 -220 -285 232 366 -874 -170 -316 -27 -732 -173 -189 -14 -20 553 -584 754 -288 111 -827 -528 -7 
-172 -25 83 534 138 -786 -559 538 -449 -667 928 331 1188 -505 -678 -649 356 308 634 -45 -336 741 -518 -312 591 121 125 477 -942 278 -324 -544 676 -649 171 639 377 122 -1065 -319 278 471 -634 239 138 -201 -272 15 -759 -70 65 539 46 -489 703 48 357 -662 498 245 822 160 721 682 -512 -228 -200 -352 54 -228 -298 -104 -244 -107 464 889 -437 546 66 381 -408 489 -155 1782 -535 706 -959 863 -220 236 -155 450 -661 -1251 -396 800 149 -1034 -73 -63 756 679 -185 -443 -597 5 -891 541 -606 183 -890 -261 -665 -496 -148 -234 -167 205 -260 870 -145 631 -1202 -317 -30 -773 653 -276 -539 619 621 -904 127 -559 56 -393 369 436 -240 -129 583 -833 977 -652 -99 1232 45 1006 -61 -148 8 512 -199 -129 327 -330 -249 389 -708 224 -263 1340 -168 -12 234 43 169 -208 -381 -259 735 -882 36 807 118 -11 158 397 -503 -378 12 313 -724 -206 687 1372 868 -533 45 -350 -324 348 -362 90 -96 447 156 -387 75 -277 
-210 -662 453 66 -569 848 1267 -651 -808 827 172 142 -633 429 -70 -441 -1378 -612 -722 274 1154 507 109 216 -628 702 -315 -653 -283 867 -140 554 391 -766 -497 746 211 1101 481 522 439 9 -198 335 936 -823 282 -267 356 -531 -413 734 -226 66 -376 -36 -361 -615 -565 -219 -269 490 410 -213 711 -195 -422 -378 -827 596 133 -384 -702 -57 -653 -335 595 110 -455 492 729 -72 -119 -145 -178 14 495 629 421 579 49 316 522 847 -607 -150 452 22 595 -355 740 664 -203 80 -284 208 -960 369 -223 319 -549 -665 -38 -928 -318 -960 -595 455 236 77 503 494 -158 -918 -117 -476 655 175 -485 308 -566 -32 -553 -896 -115 403 -45 -273 265 -646 458 1074 -941 -1041 175 -598 -63 1036 -235 163 -1479 -494 -64 -369 316 -37 -690 -1140 410 -512 357 -229 -31 603 -132 152 192 240 -412 36 667 -274 446 -720 -147 -189 -44 -798 -380 777 -53 1175 -133 -375 -372 401 -432 -191 506 1228 377 -935 -52 -250 -385 -29 -594 687 -197 -638 
1050 483 -90 -339 -374 595 -1023 1385 -536 -356 -30 252 321 -3 379 269 -147 -357 490 324 6 -6 -93 -371 623 384 -696 227 525 63 91 -7 321 352 1073 346 -478 -1302 -943 -824 -257 1 -171 256 304 -49 -433 455 -147 -324 245 428 25 90 1146 -172 -309 900 126 -1203 624 84 -518 -848 410 -649 -250 -268 -759 499 -1440 -41 120 -97 -353 18 529 -601 509 -71 61 -803 825 -540 -2 529 90 -325 -705 263 539 -115 599 -71 -242 -427 312 -213 194 -525 785 130 777 1244 -168 -235 667 -154 279 164 72 285 505 -186 -256 368 -434 242 -988 -14 306 190 -872 -97 -532 704 61 543 228 222 -187 164 200 -421 357 486 -129 -19 412 447 -261 -185 374 403 30 70 -405 -253 236 68 80 -28 665 696 -657 351 -251 120 654 370 174 -286 54 -219 67 478 -611 -78 -154 -5 287 -485 464 68 271 590 -426 -14 -660 264 135 -72 -252 -40 -319 -617 548 761 478 435 -322 -300 -155 -225 32 519 -352 -2 305 -599 
-638 959 60 -496 281 2 -139 -280 -208 -543 -87 478 170 204 112 -125 670 -402 -867 101 1577 94 -574 -494 187 267 136 -302 -470 12 -628 -162 -34 344 -326 89 -612 -56 217 658 -51 -835 -854 138 1008 11 80 582 -584 225 -1125 -908 564 519 -363 -675 280 -400 -110 281 90 41 535 150 -235 -327 431 -1001 -210 -280 -27 -650 -219 503 95 302 24 -304 328 -13 606 -142 1026 196 163 184 -358 238 -566 576 -445 219 657 266 885 47 -337 483 -148 -803 -295 -148 911 -207 733 369 802 -483 -640 -715 -9 -274 -513 -374 -92 -894 765 495 101 -783 -226 -536 -140 -483 168 981 459 -8 -571 324 -128 -394 234 91 -175 1001 150 -467 -808 -508 339 -785 631 396 961 530 -487 411 113 447 547 106 47 -40 288 441 -429 471 151 -513 -388 435 387 -441 -332 326 -561 390 -71 222 510 -613 -519 -158 426 536 329 -506 -647 -827 -102 317 -760 -103 290 17 -422 2 708 -627 222 -1061 -984 2 792 -18 -790 -545 -630 100 
-623 -242 1816 -38 116 393 -196 -669 -1086 42 319 -213 -10 -640 133 8 -41 152 -145 -219 965 227 249 182 -676 -758 400 369 -832 195 151 -180 -689 163 213 -300 440 616 191 -103 181 -870 501 351 -1215 -636 -768 -291 -112 -271 -289 -36 131 425 -46 327 -730 -614 508 -417 -621 -196 18 518 495 -590 -78 8 -77 728 -726 -203 -595 -211 -40 -396 387 127 -93 -34 361 534 926 -304 72 -296 760 466 -9 -76 -1006 -696 -126 316 -37 885 -710 416 577 894 183 529 306 -334 -218 98 702 -479 -128 -111 -657 460 478 -292 390 -149 323 1136 -7 148 -514 -416 -749 260 122 -285 313 -83 -264 1246 31 -355 204 386 -706 -707 -685 95 -311 -374 222 8 -210 610 -98 -506 698 314 372 602 223 328 -705 703 587 2 -694 243 77 -83 620 893 -9 381 -104 -179 545 204 1060 -402 401 594 -280 443 281 -300 420 225 40 1275 -423 216 -541 -647 175 183 -508 246 1175 263 -1131 -317 11 -116 -456 497 161 -987 34 174 
555 -906 -37 -540 779 -408 330 351 -181 -6 846 92 -573 502 -42 -714 -398 256 -515 -165 -323 -4 64 575 193 600 420 562 95 -667 145 -570 175 -376 22 -107 510 -288 1024 -165 484 265 -10 -131 244 -618 458 109 1244 1063 482 761 250 -765 -671 1023 -622 -183 -473 355 574 -151 185 -277 705 -1136 117 -155 522 -721 483 154 -126 337 -773 318 -581 118 -504 -105 -736 -214 -764 -28 -357 -595 -350 -38 227 901 397 -612 -550 396 -804 281 -113 355 -317 139 -24 -59 416 96 -458 -29 -638 639 -152 1264 901 857 -218 573 -247 853 307 614 269 -199 108 364 111 -232 -291 48 240 -427 252 347 661 -905 457 -72 546 176 195 477 381 -485 -490 156 -158 -76 -134 694 -134 -814 -402 -584 -684 371 182 967 -399 278 606 -55 486 -548 -334 -146 145 207 15 285 -448 -346 -534 593 6 311 1114 -144 -105 -454 -612 -390 -100 313 869 -303 -96 -370 -319 -201 -104 334 -552 -1014 -184 505 1179 -214 213 -435 -460 -592 454 -518 
-76 -31 -62 858 -508 -944 -639 161 -582 -169 -577 -194 -109 -415 2 -416 -210 846 119 -506 -414 1554 233 -461 732 675 -1351 -30 159 702 -135 -345 -235 314 1687 -186 171 -716 -336 -702 37 -826 -322 579 487 327 763 196 -187 -214 -21 240 -134 1 602 971 -950 -550 3 -837 872 756 51 64 641 -346 852 510 506 843 -468 -1440 73 345 -477 -686 53 -884 -586 -162 -174 350 -689 -201 -619 -288 94 884 48 -171 -603 537 -1088 203 684 275 238 296 251 -585 607 -27 464 -70 430 -32 383 336 -249 831 -225 671 271 -1165 -122 57 522 -491 376 -175 -18 -452 -1421 326 -450 -365 -430 -294 748 694 512 39 84 299 285 275 -382 -133 1727 884 763 64 1151 -52 -397 890 -520 -750 1113 -571 287 653 -83 -69 -410 -179 -673 -884 -387 -651 -146 -394 1494 -825 408 699 403 -304 551 -49 1364 -919 -872 539 -230 79 -271 549 321 260 56 251 -94 -262 316 506 1037 -360 135 -669 19 -1236 -388 26 151 538 95 11 349 -63 
321 -287 462 252 -92 -453 348 -1108 82 445 -594 -312 190 615 -146 -193 501 44 -22 -41 80 -186 -732 113 -1564 457 -416 403 -802 956 -807 -538 -448 -225 -262 -616 388 62 356 -749 -714 -225 482 342 -50 -390 429 -1114 635 162 652 342 486 -348 -770 677 35 -83 -237 -10 180 -14 -363 -406 518 510 205 -362 -334 95 389 -191 254 360 -251 -563 -102 355 -863 167 392 -171 294 331 338 83 -63 -10 -10 17 75 344 79 891 216 282 325 308 -491 -42 -324 300 255 -547 -259 -162 -766 -97 1035 1044 363 -224 28 -344 -1019 936 -132 165 1 -71 -632 727 23 -1 -765 314 -55 -1280 -392 -155 -214 442 960 140 397 449 -419 621 206 -231 429 669 -442 -1088 653 -696 -232 -99 -172 517 932 -177 498 -496 -920 -966 -484 124 -549 -722 -616 -380 -15 620 310 -131 775 -400 -384 1320 72 867 -524 -581 234 144 181 604 223 1267 -76 -4 -749 -395 -580 -14 172 770 -38 378 -211 75 1313 425 612 -117 -36 -174 256 1049 
323 -109 812 614 -68 -341 740 2 454 -325 528 86 324 368 44 -281 536 -367 -98 -329 29 -162 670 597 848 433 388 -216 91 448 174 -57 -188 -291 -548 225 373 598 199 -531 295 527 -538 -629 365 -455 604 -861 467 -49 36 140 597 -518 -986 -213 -181 240 -674 511 -184 -340 30 -248 407 -149 -1013 436 -892 -752 -471 -363 227 476 -712 384 1215 79 -153 236 -669 320 56 618 420 -995 -400 159 271 -102 111 494 -246 433 -618 377 12 582 -953 523 836 -269 509 -823 -158 119 -791 326 140 778 -99 -456 -359 111 202 -546 -799 716 -676 -50 -858 -232 249 366 -24 -302 -139 -653 623 460 293 -660 416 -126 -758 -250 55 503 -535 -471 -1227 252 -414 312 596 -278 -202 1068 299 -894 818 365 47 -387 153 -618 1345 908 912 -290 -735 -210 -105 273 -335 -667 369 -172 -166 -118 -14 192 109 -583 -201 657 -570 763 273 -76 -488 558 677 228 -309 195 -144 155 -107 -207 35 250 818 -1045 331 -960 73 322 -200 355 
-925 579 -404 -343 -115 60 -294 -176 701 434 438 277 -1114 -515 1295 174 363 -471 348 -458 -468 1012 -265 -329 1097 576 146 -450 62 287 178 534 549 185 -423 -452 115 -1148 -187 242 -683 171 523 227 284 -737 572 -277 -606 1260 840 464 -554 -440 315 -139 -468 -1020 -278 362 -385 -220 -632 -746 -212 37 -775 -166 -125 -807 639 -270 -447 -279 -178 -477 422 320 238 641 46 221 -590 -676 326 -71 129 393 164 87 124 229 -193 25 -472 -330 -210 -507 286 -373 1039 -500 -351 -101 -479 837 342 296 -36 -508 170 153 -390 -3 -213 -464 -190 -534 919 348 -149 437 -733 -174 304 455 583 167 -118 140 -1003 -149 -473 -804 319 526 -576 529 277 894 -397 -287 -594 77 716 611 777 245 119 -550 129 -462 -129 -112 -104 302 416 529 -565 -319 -330 -700 -363 12 662 616 -539 -131 334 -842 245 -352 356 -297 6 -85 -676 1020 -479 -510 438 42 220 -230 142 214 707 148 -451 -189 -1026 596 260 -244 418 -236 87 -441 99 -174 
310 97 0 -732 30 190 -330 -75 18 -327 477 -323 319 -272 -1604 -698 -116 -662 -6 -569 -1113 -721 66 104 1162 454 648 1096 560 41 415 1418 299 -356 -986 -439 112 -608 263 394 -1301 -204 -409 -180 29 -1452 -149 336 579 1200 -530 733 40 540 -982 250 700 505 846 -501 96 545 -584 -551 960 6 -207 302 375 -1337 -775 -253 755 -347 -108 -356 482 -409 261 -376 461 -793 -451 -630 -329 -183 484 -936 -1024 -1151 1011 -692 435 791 534 333 -308 142 -1485 -13 42 -407 -813 169 296 -241 -335 -290 676 -299 -548 -1532 -1009 563 587 271 245 -98 -22 314 -1249 -785 -68 -440 -542 724 92 -534 215 98 779 -403 569 832 -445 21 -80 1125 39 -304 -631 -729 -726 364 860 -218 -485 148 -46 732 750 989 786 220 851 -1485 -797 -101 2 -127 996 15 505 647 -450 -1026 398 -908 1028 -914 499 -489 -213 616 -362 583 385 -39 635 234 626 272 -139 -382 234 395 95 446 1 -775 350 115 -370 516 85 -630 426 -872 595 910 
754 -77 126 566 -708 -957 297 228 636 492 637 -74 -510 340 -391 -522 152 182 -417 -82 -567 473 -154 405 -817 335 -515 162 -592 39 -324 339 618 763 -328 -919 -43 -330 -523 -183 -39 -445 -801 -362 666 -153 13 -220 364 470 -81 -40 -417 -388 56 619 1150 -688 26 471 665 554 408 -69 172 77 -180 -530 30 65 -357 311 206 184 12 44 253 -335 995 621 -43 -142 231 -196 -583 212 -444 141 -823 222 -645 1357 -35 1094 32 398 -660 198 -139 342 -21 1143 396 131 -78 -596 -191 -475 -411 833 -155 -984 -347 -894 -690 843 -191 302 994 -469 -286 298 -565 -591 -390 67 203 442 -575 -478 -385 -364 -1018 942 -194 117 -322 -104 1120 -661 748 133 440 -1210 855 219 203 837 -334 -454 -39 -698 206 -83 -320 -235 -168 122 -518 424 -656 -506 -722 827 745 -205 -311 284 175 552 660 -471 -136 20 616 -386 -522 836 600 -98 442 -305 -878 64 840 222 -153 -280 341 284 900 423 135 -209 -152 -848 -22 -777 749 671 
-254 451 -324 -593 -221 646 506 77 -441 -511 -459 286 66 281 38 -80 -639 6 266 -132 212 -684 -1127 385 -643 20 -564 135 135 -410 143 30 -119 0 69 -578 960 253 844 -338 479 -387 58 385 1499 269 821 612 -49 687 -556 355 715 -355 23 -613 81 -81 -301 532 -664 -25 1637 -501 -69 59 -574 -355 -673 189 -272 -1 -363 -1005 422 -336 1454 -659 368 149 -1727 -237 464 293 61 -526 -72 -495 -924 1102 -838 83 218 -428 424 -42 257 -264 508 193 145 -330 -232 628 -155 -1063 -203 506 283 273 -437 -565 133 575 82 191 -55 -69 -404 -185 -42 149 178 86 -69 -311 54 566 170 -499 -867 90 483 -447 728 -370 -154 263 403 133 285 -1058 566 -1146 257 -415 1180 1208 8 -66 682 554 -403 976 133 23 409 -570 792 252 -201 -871 -734 -297 -22 -119 -861 182 -691 -72 -46 512 -591 609 -320 -183 379 -6 -61 700 425 -174 -10 -281 -282 -850 450 -855 27 0 -660 711 204 -460 435 565 -418 -34 104 -1299 
-855 390 158 242 -208 273 153 -223 789 469 -227 238 -711 -1302 672 -251 575 725 259 330 -44 -496 0 1205 190 -108 679 75 -1395 -642 373 -271 92 674 519 -380 -68 -734 268 -32 -118 -113 455 -213 490 313 -44 -380 -575 -592 61 181 -323 468 1000 -561 62 -428 501 482 -675 -478 45 69 -418 734 -298 546 -760 -453 709 786 -288 188 102 -437 443 369 923 265 -209 -26 105 -125 -297 99 -116 459 459 968 142 39 796 -72 244 -286 -739 -579 -847 -747 -966 745 240 -636 -607 -714 731 -593 1452 279 664 80 -407 139 -706 -190 -662 -439 -389 590 1316 315 446 -387 -102 833 -144 -749 -773 -629 -978 102 -507 -403 73 -948 781 30 -597 504 -17 724 660 -1074 -150 -1290 -1043 -125 -381 118 -56 -150 -821 142 -476 9 77 -1035 -701 -214 -385 745 265 801 1086 -117 -390 489 747 -87 -561 1069 725 -199 147 -36 -49 128 -435 316 -718 170 725 165 -21 718 -61 -280 -280 195 -296 258 456 362 989 343 -690 -247 176 250 
202 -207 187 -403 -742 -526 653 120 538 -43 336 -302 214 -451 1786 747 504 58 433 -253 -472 693 -635 76 -703 15 -249 -355 80 662 -226 446 275 -209 -1041 -53 1186 461 251 1079 154 49 793 -49 -291 557 -66 -361 395 311 -67 260 -966 -114 162 -255 -619 242 -985 32 -233 -221 1246 -72 398 77 232 -453 -400 45 46 -338 -395 -938 -843 -106 -128 -170 263 -16 718 504 39 210 -618 -565 -455 664 451 -60 237 -581 356 -974 -56 -101 95 553 -137 -186 -458 -175 225 269 669 363 365 585 349 -447 -169 381 -725 384 -486 -74 381 -191 358 598 35 688 632 876 -26 323 363 491 -462 338 -341 560 90 822 -469 172 -504 -291 -143 442 535 1387 -1245 428 90 284 214 1055 -1000 -251 -567 -608 -25 -186 -311 381 -282 -845 -1263 -183 -577 -438 2 634 289 1506 441 -91 -1733 -147 -502 735 145 -597 186 -327 264 229 -344 -111 1253 559 232 52 -66 449 217 -435 804 42 674 -60 1142 -121 -54 150 -216 -133 -161 548 
-257 497 892 -675 339 818 769 640 242 671 22 55 -655 172 652 472 37 1283 -417 631 -311 668 310 671 196 -483 804 13 -551 -15 -116 -118 -160 415 -344 -162 734 -504 1078 685 708 -508 116 -778 804 1116 -99 22 -83 -643 578 528 224 764 713 -192 -316 -149 -193 69 267 -581 -1 -61 1 192 -171 359 -594 -106 -590 -969 -168 -235 -502 -452 402 -577 611 291 86 475 -275 54 -468 -268 -37 1505 601 669 -91 -59 -44 -426 -87 677 -478 -184 352 1226 334 -167 502 -433 -634 -902 146 84 341 340 564 37 -414 104 69 -407 -332 34 -372 405 483 301 -663 -132 309 -271 182 -429 212 -404 123 141 -116 327 1125 282 229 -43 -754 262 739 265 -522 -363 -302 215 602 -253 -609 -1056 378 -559 494 473 109 300 211 350 -1211 402 -127 271 -301 401 81 353 -621 645 -494 -20 -460 -76 372 -552 236 18 -133 501 -399 844 638 -60 -70 586 -13 436 633 532 790 -312 -457 642 -592 690 -275 48 821 -795 -542 -1175 
-164 689 -317 139 153 -524 126 -63 -747 -115 13 -60 208 -205 -156 -476 539 79 -56 -256 246 517 -526 -916 -311 -139 -199 -1125 -922 179 762 -240 -686 -439 -96 559 -451 -1191 184 882 -197 457 -338 -219 267 70 446 178 -629 600 -1441 309 526 -7 -565 -631 637 247 826 -384 637 -1005 234 -244 -1161 -113 -344 -1034 -254 -130 -933 -585 146 -947 192 171 350 287 -199 -102 -478 -533 32 -224 448 -818 -425 -399 216 -123 -440 -346 -162 -503 -7 183 -640 492 -218 -678 -48 -415 -390 619 -480 -68 876 191 363 -469 -153 -762 -307 350 -326 384 293 297 530 -510 -94 325 340 179 352 483 534 -293 -35 -438 346 -217 947 -688 -306 337 -126 -1264 -371 -1695 581 -651 1175 352 -234 127 -629 635 -72 -260 765 -134 130 -547 267 431 -103 -185 734 318 -74 442 657 -878 -418 -244 45 546 -365 -39 208 153 17 -416 610 232 709 -255 -390 -946 13 -788 -572 299 -384 878 252 393 -24 -570 820 -321 49 -621 -696 -98 434 -10 -266 1073 
561 -310 -56 -240 -517 701 -294 -486 457 -729 559 440 414 370 1369 -649 -207 -1139 99 -977 686 -42 156 -593 61 -199 211 -559 -36 200 228 1403 91 49 449 -239 99 -107 229 536 717 -299 583 -3 631 -276 279 507 -33 -578 -333 505 -323 -530 530 359 386 619 -231 233 362 536 -544 156 -536 426 158 -276 -626 -74 169 -180 125 -522 -558 502 -334 -255 271 -69 557 -371 45 314 -338 -43 -92 105 1175 383 438 -1150 810 -328 155 473 -137 -180 319 -925 321 182 -734 838 -234 -102 415 170 -316 -582 231 -13 -22 715 840 468 98 -64 362 347 -35 570 -704 781 287 618 -419 -426 -179 967 -238 -64 -131 -440 238 826 -920 -1213 -700 762 810 466 368 -217 309 -346 -1155 -145 -305 17 21 -771 -577 -203 9 -283 980 551 -498 218 -893 356 -506 114 24 567 -332 378 -415 484 -489 -985 769 -955 273 90 -169 583 -27 -118 68 -507 -568 30 -851 60 1299 -283 1663 -154 504 -451 -230 230 -428 241 10 -272 413 -966 
467 -146 -977 -930 54 -421 -45 -151 318 9 628 -385 546 -647 -177 -821 -908 366 -160 440 -1003 -470 856 119 535 50 -742 389 -154 -170 282 266 109 859 718 656 397 -297 -218 -54 200 179 424 848 509 690 -253 137 -355 797 -1 -216 438 -488 -113 -272 -133 -565 355 -475 16 -783 -628 -306 -511 -463 -1103 127 -205 -117 -542 -122 15 404 -646 585 -146 -370 398 502 -267 -405 -323 207 -99 716 -982 -323 141 -709 415 -73 1 132 -673 648 -384 -474 -675 -159 -198 552 -285 -111 979 -146 600 -384 762 -26 65 147 43 -163 147 595 331 -845 432 208 558 299 679 -320 -507 -171 -253 133 80 -799 536 -38 -819 -505 22 -533 39 418 193 162 82 -127 242 448 -273 299 266 -548 324 -348 -293 317 458 248 610 213 -331 -353 -807 834 -175 571 397 -260 -18 -487 -26 814 -508 115 -374 -680 594 346 433 -297 -126 281 290 65 240 -123 -283 -449 212 -83 1399 -841 106 226 293 -574 -306 315 8 99 259 -390 843 -458 
-1391 644 -103 371 1415 -217 -123 -158 -220 1 -652 -110 310 -192 -61 96 349 -626 718 -67 -407 -49 -190 181 1058 -58 435 194 -332 -46 683 -136 1003 158 813 -261 -986 -705 572 609 -999 510 -266 -156 -70 -290 -22 -236 -204 -28 -251 -362 -920 -717 -15 -883 -203 60 1226 9 494 -378 -746 -661 -11 241 -441 -319 -126 -163 -175 -257 923 499 847 496 74 136 279 -96 1168 -295 -576 -271 -441 90 -385 -3 -104 -78 1007 327 641 257 -666 -133 155 -86 -84 -348 856 127 92 93 -582 -120 -271 -387 651 141 -379 -636 -598 447 -103 -816 -614 -297 -582 1300 272 -677 -261 -450 -132 681 265 293 -159 1157 258 -207 190 151 963 344 -634 -486 249 434 506 222 361 -11 -208 520 49 1063 -415 742 330 -598 -450 -744 -590 535 86 1031 -964 255 743 457 727 627 147 305 137 -212 648 714 454 665 -252 797 -453 -154 -235 514 -294 -452 -564 -256 -262 -22 -576 659 558 718 552 -357 -904 49 -731 484 505 -155 520 245 -256 355 
105 42 -163 -42 -271 -663 -288 15 194 471 243 -1115 -234 -398 296 -253 -566 379 -444 -1012 -693 -731 -1075 -66 21 159 295 495 247 745 915 523 -180 185 -225 495 -446 247 130 363 -409 -133 8 -6 315 671 736 280 1308 -215 40 14 -755 -700 -1009 700 -79 -271 377 -22 56 286 46 799 474 -178 -311 -227 -155 531 410 -176 430 -126 338 18 170 -203 -515 -577 747 24 372 -302 -525 -940 904 -234 -145 504 500 -52 -31 1092 532 -1077 261 -72 186 118 -496 -106 -250 564 227 -223 -416 -309 -609 -834 782 -1204 999 -1110 262 -167 -759 -315 -527 -381 491 -1150 672 54 107 -683 566 -103 -222 148 210 127 112 -650 253 -262 -133 -387 -745 -310 -393 1024 -606 -629 -581 1122 -753 767 663 268 -656 -154 634 -470 469 -518 274 -36 -871 -521 562 908 -184 -580 391 -95 199 214 113 33 -242 1172 -51 586 66 -148 822 -40 -523 -610 294 -468 -66 -315 1470 -246 -716 53 1478 -623 384 879 543 -623 -940 327 56 402 373 317 
-575 287 -139 -34 580 21 71 561 185 -107 -715 -847 -514 -148 345 -1429 651 -111 -291 113 -605 -553 -767 316 420 -37 36 381 292 529 65 463 634 712 364 -526 -905 -489 -807 -661 -790 -482 156 304 291 188 379 273 351 159 409 -571 -429 289 -1769 -413 -175 -657 397 192 51 435 580 1301 -250 36 625 -325 52 475 -281 369 231 336 -115 299 353 -329 -209 -282 -437 -872 363 1073 -391 -600 1027 -356 -993 539 562 397 -802 494 1197 -670 -464 119 -547 544 864 -598 503 470 405 -304 -384 -111 -427 64 -517 -1095 269 60 646 335 115 -300 -599 -195 20 -359 -89 1030 -420 225 -266 -927 1236 165 480 -351 359 -319 -304 276 475 236 70 149 36 -8 336 -140 31 -377 -587 -362 696 337 166 864 530 -8 269 176 -1108 -197 -493 -698 145 505 -67 -888 -410 -521 135 689 -95 262 -135 617 -63 -380 -925 691 1158 876 -17 -334 611 -628 186 -387 537 -369 -398 558 542 234 450 -312 -168 0 -11 527 -265 -439 525 802 
245 169 -657 293 53 310 -721 -615 -132 752 -97 -506 -3 385 657 -503 -374 -508 561 630 -171 -1073 -130 258 -509 248 -1 -795 -1170 369 799 1283 58 -520 100 107 -172 -12 -227 397 -223 -278 18 296 -687 -588 217 -746 657 -44 700 -354 355 -152 -442 -621 440 461 152 953 -15 1207 -108 1026 -241 283 80 -259 95 686 596 -41 -517 954 -373 -415 -931 -238 -893 395 125 -168 341 -325 -7 677 349 -99 -401 442 486 -169 194 307 -338 -734 367 -307 -292 549 183 -714 -475 -16 -673 642 -187 -909 198 -1154 116 57 785 -117 172 207 366 -627 -881 -249 -129 168 105 595 -464 -543 508 611 -383 327 923 49 345 -97 753 458 -379 595 -78 -561 -167 62 222 -20 -495 -506 332 -46 109 696 180 -575 -505 52 179 -308 572 329 319 132 -210 -150 467 424 801 -608 628 0 162 797 -397 957 -59 -416 -285 84 460 42 192 96 -423 866 -948 -231 676 -16 -216 737 190 689 -454 980 -149 -729 512 36 -194 854 129 909 
390 315 63 295 -878 705 104 -267 13 95 13 145 890 -1207 -312 -211 -734 75 -410 -1304 -332 225 592 322 -680 -975 335 253 -274 86 -250 360 -146 -576 178 129 1581 262 679 1125 473 -588 675 611 98 -425 28 -416 -33 -808 962 806 318 225 141 -70 -335 -266 18 -637 931 -484 301 -721 1340 148 -471 357 -370 -861 530 -97 -1013 -109 -69 308 14 -109 -677 -717 86 -1094 174 851 -639 -1241 195 17 593 401 222 -692 794 85 583 -224 268 -210 -221 -129 260 852 858 -157 -1311 821 -644 511 289 -296 618 -395 425 537 511 -832 -404 -1457 -459 1166 293 -752 -940 103 -734 -76 -527 -589 -31 390 -373 4 483 -809 160 -595 741 -39 -315 -828 510 262 -6 -420 -780 -425 -872 1143 605 923 -60 -34 -289 -26 261 -559 316 -501 -235 -425 135 802 1003 -15 -217 -381 -743 410 903 122 1272 186 380 646 -748 407 328 -15 -103 460 -969 -60 423 411 178 593 -374 -349 517 -673 -560 -308 821 261 590 382 -1046 299 -970 -708 
252 55 498 -754 293 37 -1081 180 -944 -507 717 349 693 684 -148 -492 -345 -62 -517 539 192 1111 911 -479 -90 689 137 1059 -400 -138 389 -908 477 -637 784 -31 -356 -1089 706 124 -13 98 249 302 700 -256 384 -236 215 -259 163 -194 420 -342 -656 -33 -225 -203 -623 -611 -240 -306 -84 -68 182 1101 -274 -65 345 124 -420 707 106 934 -616 597 579 727 1024 -42 687 -514 17 155 -286 373 -19 123 -1042 668 -229 149 280 700 409 -93 -672 -210 43 79 -827 -138 1226 190 -408 -102 153 -123 -561 848 -347 -482 -231 244 -316 -28 403 -329 -91 266 -270 -465 519 -520 -178 373 -451 296 -357 -156 99 -257 -19 -192 716 -547 385 274 300 -299 -1339 462 749 280 -720 -35 -864 404 1444 367 711 709 -818 275 319 574 139 -437 -189 -679 -539 617 -578 -774 370 807 -211 -119 -737 1234 262 -891 -355 469 -650 949 -307 577 -306 770 76 150 -608 -121 227 -648 341 -604 36 31 738 -589 96 -513 -127 481 167 -1279 -55 -64 
-478 -356 281 215 160 1320 721 441 1109 955 397 -671 250 -305 -316 694 -1082 556 -524 978 -44 -289 160 11 78 169 -226 111 110 -642 -315 -669 -136 361 110 -973 -468 761 -114 142 -135 210 724 -426 -873 -629 -319 -111 529 666 -97 -906 320 36 151 199 307 -1007 38 641 -908 -716 -232 287 -154 -8 516 772 238 -353 757 51 458 -495 135 -315 -299 -268 302 665 -793 382 -318 159 -7 -191 -440 279 -423 266 -144 -111 626 -483 -636 153 492 -318 269 359 17 -7 364 106 -200 -524 -151 269 -46 307 -298 -322 318 716 20 222 -641 403 -181 394 -388 993 433 908 543 579 -1073 207 -685 7 -26 447 -458 135 -273 -1726 47 1281 56 -407 -824 -211 121 506 -343 -179 923 -144 -80 -324 738 659 -255 222 425 -117 586 -437 -89 366 168 104 -939 753 -450 -787 -39 -558 -383 -185 -214 23 -248 689 -498 45 -294 320 243 806 984 -121 -635 1479 355 -527 223 -972 -393 -122 471 397 246 -966 -470 318 325 494 833 -292 
16 57 305 -1031 144 339 356 -527 -1130 -104 -46 -573 410 701 168 -809 542 -209 147 29 -323 -2042 -1288 28 -175 514 -234 1507 160 298 -404 491 -1326 -286 168 -1867 338 163 687 306 -385 -28 -5 889 380 274 551 426 677 532 -329 277 419 -655 -1185 281 -649 -356 106 372 -399 236 -81 531 -177 -174 165 -637 -169 443 336 -35 -3 192 -616 -349 -85 -980 -710 -213 -1009 152 171 234 159 -273 183 448 -447 288 876 422 -752 434 764 748 616 431 -519 1151 -118 -613 1105 277 1149 -329 434 -77 428 -177 115 -400 784 360 418 509 54 -256 -389 -209 -7 -16 633 -564 130 205 240 -200 528 284 -705 -345 1124 -1 313 236 -578 1270 161 -500 687 -468 178 -658 528 -569 241 424 278 624 469 94 375 118 402 -253 -507 -190 -49 -461 113 -1444 -640 -642 1060 -420 85 203 -193 803 135 856 -146 828 -806 -527 620 -20 215 272 138 56 410 -839 378 -1301 39 292 184 -211 -199 -616 614 626 58 377 851 -273 -176 -645 
-1086 -246 -171 -404 406 906 288 22 -1171 194 -463 60 1420 85 -218 -210 -589 -301 140 -101 -387 -273 -525 -372 451 -512 329 370 522 6 -207 68 446 -529 78 -156 141 -499 -149 600 -675 174 -302 450 -106 228 680 -392 -205 -281 41 -409 -756 -226 54 -264 1203 -175 -510 262 238 141 1439 -587 -238 -597 -293 -298 579 992 126 543 -132 1224 -126 509 -123 21 -312 -658 -46 -382 595 -537 -389 18 398 -234 -616 -397 343 826 1217 -510 240 289 855 254 181 247 70 -228 -251 -24 -111 -890 353 491 -11 -372 -204 -269 587 770 897 173 517 366 -369 737 -346 445 -414 277 -442 747 -460 215 164 -151 -1127 896 438 -165 -524 192 -171 -359 -37 665 201 -932 -386 371 -401 1156 -64 428 -327 404 201 -117 810 78 130 -48 -1015 446 96 -140 583 -831 -423 171 201 -179 400 104 197 -399 501 730 -558 -790 156 572 -235 -166 253 652 722 253 331 -127 541 88 30 395 392 -294 -947 595 -276 34 1085 -329 564 -569 739 416 
17 -298 552 -385 -775 385 111 22 -1278 656 990 583 503 1130 -611 246 -1191 418 72 425 753 711 855 -610 -119 845 140 -157 -347 -752 1567 -311 225 -979 -85 76 285 152 527 304 557 -175 -175 -574 144 383 169 -384 503 -130 -1172 -585 187 126 -6 651 324 -1224 -1160 487 85 366 181 515 -608 359 246 -451 214 335 -799 65 -219 237 131 -259 -969 591 553 132 -1162 -602 -64 -31 47 703 -841 -49 -564 30 -96 199 190 -260 900 25 830 713 770 -286 -7 -425 -1606 449 231 -403 595 295 -559 -500 357 -248 222 111 377 627 469 538 573 727 536 350 -513 155 -562 178 -8 955 -100 -705 99 -476 -168 -522 -670 -162 -628 -108 1102 437 1376 -244 289 195 424 369 146 -105 35 280 -257 -115 207 166 -539 -212 467 306 285 -683 -378 -432 -450 -247 39 215 -13 -196 -716 -49 485 -220 546 122 819 52 -299 -57 -213 343 -916 153 -504 316 -247 -591 -1005 -930 778 -177 664 -727 177 -486 -477 -608 683 492 -32 -484 
-575 415 -121 72 -36 -464 796 699 -173 -793 253 145 -85 310 -131 -371 -292 61 -142 -313 859 1515 210 623 -73 728 -474 287 654 -624 232 284 340 450 -367 518 -477 94 -163 -128 -433 -525 -74 -293 239 99 -458 516 1038 -191 -702 -489 738 -525 -432 643 241 165 -96 276 200 -167 35 10 21 498 345 713 -108 158 -306 -1510 -213 89 267 139 118 -157 470 399 30 -114 -549 453 882 -371 658 -619 -27 -649 -926 -208 215 -30 390 225 194 399 -771 -363 51 -922 -648 -46 -1001 452 225 598 -381 136 -398 -600 -125 -475 -244 1178 1036 1208 -621 315 -746 184 -346 929 846 395 -573 210 -901 567 775 -622 785 -248 -848 857 254 -1510 -916 -443 269 -342 597 343 140 443 -256 -160 80 674 523 -470 344 651 -20 862 168 672 786 552 -190 622 -374 251 -407 -388 -204 164 -167 138 -615 -808 667 -20 -37 733 290 -490 -13 215 302 -267 432 689 4 597 -470 -336 -389 -706 143 -745 -72 -767 -683 -446 -379 124 27 -742 
-513 -106 504 339 109 402 148 1238 -166 -332 91 540 376 -381 -415 243 -28 413 -120 666 -995 873 1106 376 -572 -437 920 315 415 -48 578 -294 688 -139 -818 -112 729 -145 301 -201 -652 827 699 -369 -1057 428 226 -239 -330 -887 125 -93 -1485 271 -228 -316 -17 239 -364 -10 268 -876 746 62 673 -948 -17 131 -205 202 -355 610 409 296 -72 -555 -211 1200 238 133 648 -76 484 -659 -330 1197 561 218 -1247 -664 395 -745 -433 -886 515 -688 195 1016 -1322 -162 279 -105 -60 -1014 -38 260 -446 400 500 707 -437 -666 -1185 492 -926 -567 71 -626 -329 -209 607 -387 771 312 966 603 -31 -271 913 -346 -16 -703 -72 311 -494 -246 589 297 -332 714 -872 -436 577 -281 -749 -139 -45 -178 -392 242 224 804 -388 246 115 -566 153 308 -527 106 1411 -986 -495 -686 -464 680 27 841 102 -186 -95 -359 -453 -134 975 42 892 -1013 380 -76 179 200 -224 171 375 66 -631 -51 -595 -154 -661 -171 -53 735 655 123 939 142 561 692 
222 -1039 -46 718 611 1134 -537 -256 -343 -818 -218 221 -588 347 -602 683 -78 809 -750 155 -579 -357 -253 700 265 225 318 372 -220 -497 231 162 -333 178 -192 596 51 664 -678 -495 -132 1064 -125 835 -674 -729 162 606 43 582 296 -617 348 327 308 760 -444 346 1124 671 248 -666 -207 -526 -436 -394 -1208 -147 304 833 357 -518 251 248 -352 -398 180 681 235 254 160 737 -300 -227 750 418 -1075 273 -325 -376 386 410 -388 32 -434 761 -662 -843 -664 -182 307 952 13 1286 -125 -164 310 -698 463 -183 -879 -254 426 531 156 289 -267 497 -72 -82 -39 -406 -494 413 -393 -391 -114 316 -59 108 -543 -182 -1076 79 -818 -801 -465 368 -36 -45 182 -439 100 355 -661 377 -328 1004 31 705 -883 -331 -614 -401 -329 270 201 207 172 -473 374 519 -1001 641 45 -151 63 -707 375 105 670 136 -638 -178 -1119 -995 -304 280 -572 980 351 -477 -349 -230 151 178 -954 -1049 543 462 -1185 -214 1000 -759 412 -653 -184 -948 812 794 
-749 -227 239 -723 633 -123 335 247 719 -626 451 147 325 351 -40 6 1240 458 0 441 -70 128 -986 210 262 171 278 -248 -211 254 550 981 -513 170 -356 -988 -749 -115 841 -420 393 291 637 280 -165 643 713 -401 879 46 -125 410 -251 147 315 108 25 -129 -176 508 -1149 196 -72 320 -627 -497 288 -179 54 286 897 -830 -57 883 -261 -380 420 -123 -89 -48 -495 713 -578 -144 321 77 -613 -295 -699 96 182 -85 -141 649 -838 103 330 268 371 987 -507 -869 -308 354 124 268 121 -323 1002 541 65 806 230 -545 -498 139 1108 738 93 274 243 459 705 678 94 -35 866 750 366 132 570 640 -463 -10 1366 421 -7 -103 -476 701 321 -704 161 -98 54 -912 -347 -183 381 -801 518 190 -395 661 128 332 1265 166 487 714 -1580 -960 -565 274 178 336 247 -181 -278 937 -602 696 -34 -675 151 -688 -799 1311 -232 644 -314 439 445 -1108 307 24 377 98 -522 -277 -404 412 574 115 452 411 -166 720 192 -918 
-845 -342 -84 266 198 907 -419 -908 -403 -360 -539 -101 603 504 -109 269 486 397 193 504 655 -625 133 -372 154 -25 356 -492 -556 235 -772 -581 521 510 116 749 -418 444 -341 -51 669 -74 67 -80 -275 -224 -153 793 -72 -668 547 155 21 -1054 -396 -409 208 782 -234 -420 33 -399 189 612 -548 219 -226 272 622 236 72 -242 403 406 274 25 -732 217 -88 -688 -244 53 -681 431 254 96 -133 538 348 -49 644 69 -364 -192 -1095 246 -37 -344 245 -105 598 75 -345 913 384 147 -78 -1085 306 -297 -1448 566 -30 543 -138 224 321 -96 -1289 -69 -767 885 429 -268 179 251 -487 -594 -585 424 72 -809 208 180 -337 920 499 604 -195 -1006 558 120 -638 163 345 -381 310 -528 101 236 273 349 -305 266 172 -304 57 -195 -236 253 193 -153 -83 299 -650 362 -141 549 -510 426 -168 -34 -6 41 -136 -430 -690 18 -468 128 636 -22 -91 57 -852 142 -32 356 -671 1289 -303 -469 -589 419 721 -372 -505 -267 -288 521 
157 896 -890 653 -308 90 -450 -237 -768 -60 591 -4 -412 -1182 538 -468 -1058 35 -449 450 851 -393 57 -492 5 461 -14 1140 -340 -273 959 191 -22 246 55 269 364 287 415 411 515 -772 470 378 -1051 452 -102 -329 -788 -248 664 632 -54 902 1007 483 118 323 -464 -178 -197 -5 729 477 268 1145 232 46 -82 121 718 1034 -61 351 374 -20 -263 -545 241 -20 196 52 -36 -502 -795 1029 -480 -192 -930 741 247 -439 1147 -321 -119 705 -903 -20 -376 -219 -1459 255 -568 362 -754 148 -60 156 245 10 -421 -414 289 -581 -992 -402 526 -113 47 -21 1268 115 60 -329 -569 -261 384 -41 607 231 -186 -178 -88 1013 388 -465 -640 -223 555 261 -1300 -149 -299 -561 -552 123 348 42 -292 -561 -421 478 -940 439 -71 -565 637 -1102 58 -293 873 -686 97 -357 192 166 864 664 -543 188 -325 696 170 132 408 -175 -444 -43 532 403 3 -150 -784 -538 821 -971 -277 138 1148 364 -886 -154 189 156 205 -452 970 -393 728 -168 
395 1144 -324 373 16 -806 627 -460 -38 -889 348 933 502 -228 131 344 171 727 -376 -338 879 464 488 346 352 335 772 329 -623 462 -547 -426 -327 -350 -84 69 92 254 -232 16 -136 412 -472 -439 -206 54 -152 -661 766 270 -804 672 618 487 -232 -215 -193 -316 -263 -418 -330 -805 -68 -350 335 -619 578 647 634 -895 -1390 -399 161 106 -146 -406 1223 -459 -93 146 -365 -823 -266 -149 -30 -527 -520 -487 105 -844 -151 -966 105 707 -162 146 -487 427 -305 438 -538 186 5 40 319 -322 1 -80 537 753 1122 -66 -164 -785 155 180 -613 -198 453 -24 -284 -316 473 64 122 269 -437 -413 294 -736 -213 -158 568 -3 758 -4 -105 -163 119 -179 -112 485 399 520 428 -191 -227 -536 -321 334 -366 264 400 -150 -488 -503 183 -265 573 324 66 -749 240 -509 -915 412 -669 116 -292 -601 52 1018 35 -1 -354 -657 319 762 -209 -203 -118 83 -286 18 833 428 1274 -51 -373 -836 600 -561 -588 -1042 -18 578 -747 -527 -137 600 
-528 475 -232 436 824 -247 112 22 853 -43 40 253 -948 -45 -1128 -419 416 312 9 -169 -196 406 -738 -118 -186 -802 -885 515 1099 -609 -193 -350 254 301 534 -185 97 65 570 0 -183 -204 -412 307 -343 -73 -213 -444 -880 -281 68 -213 -607 709 -269 -114 -291 300 525 -951 -814 -498 -91 -962 872 1250 -506 373 -111 -280 1116 373 -73 -218 513 675 -99 484 201 -218 103 477 -237 -351 -295 162 31 202 146 411 -361 94 -282 258 258 -185 49 -512 318 51 -1059 175 -264 -533 -21 301 -655 820 117 -110 304 -391 -34 443 124 -874 773 680 -263 167 867 -415 564 -299 294 102 -63 -411 314 717 -560 1311 756 -47 -330 -152 3 -78 -558 376 -394 -765 -305 770 -665 481 -358 69 -242 -256 581 561 -674 220 -695 299 379 -603 -80 -349 185 -316 33 736 -1052 -18 811 193 890 -291 669 -335 245 -450 -732 -725 -144 -59 201 176 42 617 -459 554 318 -92 -579 -732 -296 328 110 16 767 561 843 412 -1084 -130 -559 -779 
-406 264 1080 -1102 -217 -715 327 244 404 -468 156 -8 111 546 -504 -823 -1197 532 -676 -85 709 1044 429 655 -605 698 -836 525 -269 -355 90 -1396 -359 806 438 569 146 658 201 -126 418 -184 430 -79 331 455 -221 -269 -152 -13 39 161 -31 497 -378 780 -876 -811 209 339 -2 -26 156 698 219 -132 -153 1137 -322 -110 155 741 495 74 -199 -750 114 583 745 259 647 -94 -620 -441 255 -139 -167 465 425 715 -1194 -371 837 269 489 6 247 -71 228 328 274 -464 47 -1347 526 -928 127 415 2 812 894 -167 269 -278 -280 -338 -34 -213 -299 111 -423 -59 -513 384 255 -406 69 460 109 227 -715 -148 -776 212 -462 7 -286 275 -158 10 -959 427 -71 305 67 -344 573 856 -532 127 -422 -696 -248 385 -225 307 -406 679 306 124 198 -471 553 -694 -144 190 296 -10 -97 578 484 408 203 -140 433 -177 404 421 398 300 -896 955 130 -688 150 -364 -46 -455 489 -101 137 161 -414 -739 259 605 -52 1037 294 295 
-577 -808 -420 342 447 167 -268 435 -472 -588 40 -193 301 102 -120 39 227 -361 -46 -749 635 -715 -281 199 302 181 -45 814 -220 -658 296 2 -624 411 -748 -154 130 82 206 273 -355 227 -484 581 -516 -922 24 548 108 106 -140 125 -243 -509 -705 307 553 -575 -402 304 -698 -448 354 518 -719 -469 12 -1007 -47 -503 593 146 -129 97 191 1110 93 -363 -145 -486 -697 -806 -243 -86 -148 -314 937 -35 -280 238 -1002 284 99 789 412 950 -123 426 438 327 -856 170 215 -43 224 -801 221 311 239 419 -127 -794 327 -427 -78 297 -23 1326 -828 -403 451 -298 1067 -182 563 567 -133 -289 404 501 -453 336 832 -1 123 -147 -13 106 385 520 -757 -960 -691 742 108 670 -363 576 1560 -618 285 537 274 540 888 -846 -579 -343 51 162 554 288 786 315 -511 -585 191 -239 656 -179 -373 472 673 184 72 407 -520 75 -1749 -34 78 -631 528 -218 501 -515 218 1096 -375 -111 -260 447 810 -112 -264 -1258 -532 361 308 -982 
-451 374 164 632 75 -762 29 201 -322 21 -170 789 -504 -352 -142 219 410 -171 193 73 -412 428 -214 -418 -283 181 -943 -104 121 -49 120 -962 -325 500 178 -196 9 -352 -949 8 -349 222 -358 226 -739 847 -146 160 -234 -239 -162 -203 413 283 187 38 136 69 131 440 -66 -168 -724 298 -1018 -32 49 -542 122 229 -1241 -59 -100 -202 -10 360 -52 510 160 139 -532 747 285 870 -392 -161 49 -595 39 -274 -1059 -753 -596 -1045 -442 -35 126 -721 429 -36 -97 13 -785 -40 -1040 170 -5 89 -102 217 -513 26 -477 -11 -906 385 -404 220 -60 -339 302 162 475 225 388 1 -352 615 -692 672 368 445 -152 202 -522 789 -1059 144 473 -128 72 268 555 1081 767 349 -413 -848 161 64 -141 354 117 -258 -1115 654 -63 -547 -138 -245 -367 295 70 27 -196 -505 150 -330 -1068 -92 657 -80 -251 82 -676 59 -1032 253 -820 -439 235 -540 -105 290 -980 461 890 -893 8 -37 293 -655 102 -540 40 666 -324 -137 235 577 
-631 -381 -78 70 71 -44 420 121 -484 483 -119 -566 814 -244 -58 -80 -165 -910 933 10 -231 308 244 357 382 -879 574 -278 601 684 611 -513 -205 -455 515 525 -394 -376 191 260 495 -463 74 -279 159 -10 60 74 378 344 137 -1702 605 -858 -687 -767 722 -447 -964 348 36 -226 -17 51 -695 61 301 381 -136 406 -86 236 -751 567 -34 6 809 727 859 112 719 -792 946 29 -1563 -623 -144 -144 -673 -890 -308 975 814 687 195 -180 -663 68 592 -248 -219 -65 -155 -821 297 -45 1059 492 494 -252 -563 -556 142 474 -47 -170 -573 -831 -639 540 -886 -58 198 429 -602 -1041 -1106 -404 259 -673 189 456 335 -82 559 286 -857 -480 88 -575 -966 406 155 606 -382 -207 705 -144 1052 -358 322 -50 561 -407 490 706 451 1436 -1046 -816 -109 -144 -176 -1100 697 479 -339 588 -937 -731 -161 602 340 -826 -689 414 -147 1890 -751 935 -417 -404 -50 67 -612 -431 158 404 -460 -1176 415 1428 -7 -76 -785 168 10 879 327 -273 
402 -116 -57 889 -260 630 -438 -695 428 522 -251 170 -561 217 57 -817 -426 185 87 230 11 -188 110 427 271 62 -916 200 -599 -355 1041 -218 -232 1082 -669 -124 142 40 -622 487 97 -154 352 645 436 137 565 -673 183 421 -738 -369 32 -189 -843 -138 -189 -535 315 353 405 558 584 502 -548 226 810 -7 -239 805 -1052 366 12 -606 234 465 -184 6 753 -284 -302 137 158 -692 -361 478 234 40 905 -113 495 -1155 -625 819 -81 -764 -542 158 -143 642 -106 470 -367 -913 -277 -214 -637 -369 128 448 -409 -468 -694 -263 101 648 127 442 -7 -112 98 276 311 0 274 -662 2 516 142 -191 -111 -598 225 251 -490 285 496 -662 -387 176 119 261 -35 -101 1034 224 5 632 -550 369 -634 -219 -381 -1514 205 285 -695 -15 445 -53 140 428 358 -856 -389 96 839 -418 711 295 -827 834 -625 -317 -277 258 178 -255 484 -335 528 -268 -167 596 -30 247 175 22 -490 -276 582 -253 676 -145 -33 567 -741 -134 89 1254 
843 -1138 108 -117 -21 -200 339 3 982 -375 -307 -162 215 -221 1120 224 1161 40 530 -492 -67 -705 7 -226 226 856 351 -55 -842 265 16 669 -96 704 603 -427 -240 14 412 -191 0 281 -158 351 3 649 268 178 -195 -324 -361 84 -15 -842 665 -301 -7 -130 749 -422 630 117 -1060 -81 53 310 -174 91 -843 610 113 177 194 190 523 -71 476 -346 317 -312 -1014 451 42 -51 655 67 -514 34 -40 -336 971 947 -1519 -382 -970 -95 -58 -490 -252 -270 556 416 931 -103 526 -110 -497 -857 225 237 101 462 154 -826 523 32 -16 -752 -143 264 87 -347 -92 841 90 456 254 214 548 -727 -691 -207 -273 -969 31 -82 331 35 464 48 774 479 472 -742 -97 -46 -44 780 -499 -323 -604 281 -193 -45 -765 -237 649 165 -116 754 -1443 -811 507 340 1619 405 -857 682 -273 634 193 -197 6 247 1144 177 -94 -84 -555 -146 179 -89 -575 18 147 -688 233 -148 -289 -16 -339 -819 92 1021 88 923 147 -147 -995 -338 
-635 -561 140 -422 -97 -130 -305 237 142 -282 -371 -281 204 -648 -84 450 382 -270 252 47 -169 -959 -558 -77 -982 -269 -18 -512 -316 56 -616 953 -852 343 -706 -180 -590 600 -884 -752 -494 -138 343 -33 526 54 -886 1209 -854 198 -606 97 -73 280 28 -886 218 -227 -56 342 207 394 262 444 346 -400 -64 -76 97 -650 255 -538 -635 -576 -108 -832 -204 -254 -740 916 240 -43 1271 -180 338 -42 75 42 331 216 -229 78 -144 919 -385 -429 -230 -595 -428 -523 630 71 824 -69 33 -760 219 67 63 -636 -571 4 531 -88 -336 -226 -769 -1010 -7 -637 545 -707 -41 -1010 -124 -247 426 -949 500 235 674 643 -117 203 56 -135 -223 -149 -5 -102 801 -344 -827 -1126 0 96 -19 131 603 153 -764 -34 36 117 -119 -391 -392 1111 123 1022 767 -790 426 -80 1 -634 -299 1196 -62 -314 424 -401 -1173 -69 -379 39 171 467 -82 -1353 395 -272 968 -538 -907 261 -199 1245 -941 -388 550 837 -662 496 257 634 -670 677 -597 -122 
-270 61 -205 104 -588 1089 432 -492 -536 238 336 -658 76 669 319 -326 -806 -166 -406 353 73 718 235 1046 -92 149 -245 331 -988 255 430 -170 -920 -322 -606 800 -390 -437 957 -67 -155 -439 -315 786 1463 71 -671 -15 -181 21 -649 293 1132 -530 142 103 571 -463 417 119 510 650 -176 -632 -365 -7 253 -529 -62 -303 -216 58 -167 673 86 -574 -62 -607 -413 28 -205 404 817 -393 407 135 -329 -9 -203 123 -112 -802 376 154 -174 1635 -384 52 422 -921 249 363 -249 -1268 -530 -302 443 -247 671 -888 332 -497 939 -677 -754 494 424 -576 -164 156 374 -101 838 -726 -264 -448 -833 639 518 -361 493 -322 -127 -724 -556 -475 193 -145 -337 -840 246 101 321 -462 348 950 -127 -284 259 -462 747 426 68 936 506 -414 -211 -322 -758 273 246 -689 -313 -229 1105 21 -1191 245 146 551 -202 535 11 188 1095 -543 110 587 538 1825 -239 -125 -384 432 750 -707 118 728 -193 -770 -284 931 221 460 -651 478 -925 224 903 -536 
445 -186 -539 832 88 -131 167 -477 775 510 -86 -314 -212 -989 747 376 -499 -765 549 -1289 -27 -1419 -213 252 563 -954 410 -224 8 209 -647 43 -206 325 -968 324 1062 872 -305 573 -107 31 137 485 45 -538 -245 32 90 -239 694 -356 195 -61 30 420 -210 -747 25 209 -41 210 1103 53 235 -79 4 -493 -134 -118 -955 495 -239 555 -375 495 119 -32 -186 -177 -987 -633 -138 763 -980 197 119 539 -228 -544 438 1005 -321 -98 -1022 948 -547 -457 -626 430 1110 -117 -342 44 -425 -994 -807 -463 -696 759 243 -339 -1 -54 746 94 -363 -32 197 1087 607 185 74 794 -366 -256 -1213 -459 1021 83 -279 -683 -240 526 -211 1278 -81 80 1117 854 1285 -283 -160 -210 891 -784 202 -135 -475 404 -208 -495 9 287 48 -1100 -164 -506 -102 -311 -26 186 -170 1040 -182 180 -92 -934 81 -134 440 384 40 1071 -836 845 -628 444 -13 -413 -185 -101 163 24 -238 -521 733 407 -256 820 -456 -1684 -401 -186 -166 787 424 -979 119 -355 
-842 622 -673 -341 -73 345 184 -225 -535 752 -1165 -380 -809 -221 818 -824 434 -110 -96 484 -263 -1000 -166 625 -388 89 1015 341 -471 -831 126 -86 -20 611 658 618 -565 -653 -312 -260 -483 -629 517 -252 82 -570 -207 -313 -336 842 -1196 68 -296 -116 -201 -575 114 -706 34 -301 -601 213 495 416 -574 -221 575 -81 632 414 710 493 34 -161 -110 -660 -159 366 482 717 69 -3 951 632 275 827 687 255 -192 -63 472 -355 -536 -165 184 -266 -783 278 -389 446 -269 81 -233 -261 420 -493 -579 -1119 741 94 -718 -617 1195 -439 272 605 -461 -491 -246 122 265 107 -596 235 -806 -175 -651 190 -146 -623 700 -18 204 647 77 -614 197 157 294 -39 217 -216 62 144 -69 -778 -331 -798 -608 115 -373 175 -453 95 315 -999 -898 -301 -179 183 -747 430 322 -713 770 11 33 -83 -495 386 42 1264 690 -604 -1138 18 290 160 597 -528 466 17 -438 -381 473 -979 373 258 -334 283 89 159 -593 -377 -669 605 -812 -586 295 69 
744 -1087 -324 455 123 -854 -333 221 91 245 282 159 -606 585 -384 -534 -608 -443 900 879 -1505 352 -44 -111 -573 -636 -1287 -456 -67 77 -842 -302 -360 90 -445 343 -469 469 -1190 -214 -477 55 525 795 1128 -1264 -640 739 -208 -538 468 432 -968 109 384 3 -212 841 310 -503 472 789 -433 -34 312 -546 -814 -602 -363 951 943 -507 115 39 623 140 -506 1140 -494 -474 1267 -135 160 -171 -238 77 -349 -419 949 -611 256 708 -373 233 -1047 216 -301 -477 357 389 -341 1070 690 -155 350 123 -123 -7 127 88 -112 932 277 23 327 843 -134 -53 1251 -457 810 -126 18 -1194 -233 -602 -81 760 -655 -169 305 974 -540 382 -238 107 417 -920 -573 -183 -140 264 -295 752 -109 847 146 -404 898 -231 -893 -724 111 175 -107 -180 -756 -430 -70 670 473 -500 680 506 -348 -455 -263 221 890 91 151 -892 846 -445 319 -222 -262 435 878 -924 -403 -620 363 16 -70 231 -181 413 -183 141 912 1327 339 390 -376 -16 -577 -795 -279 1050 
1139 54 48 911 -251 -742 -100 -664 412 414 197 -93 554 -389 548 -1544 381 526 1014 -861 -631 71 601 -488 460 -870 -285 -9 -379 162 58 416 769 -551 193 -42 -134 864 311 111 382 660 70 -5 -677 -324 185 -792 365 -484 611 -399 -985 -423 277 524 -583 52 1192 -402 -896 -691 -99 -486 -12 232 -248 248 -751 78 615 -1 497 -893 794 478 369 -112 -394 -482 24 89 -12 -102 -186 713 -369 -158 392 -84 260 -510 -334 -216 -403 386 -164 547 299 -230 194 346 -919 -1209 718 940 -99 294 311 429 -95 68 -907 -783 530 460 -196 -11 -114 -249 -399 -1166 200 777 -242 -1020 131 -109 -223 402 655 -891 544 733 -364 -356 601 46 115 -277 -12 216 -636 278 282 74 -86 147 -354 991 -125 -417 712 -37 132 -1555 238 145 -253 -26 -748 -15 3 377 -401 -128 139 -454 49 683 -755 -849 -148 417 124 57 -32 -481 820 456 -518 -7 114 -947 408 628 275 447 -385 723 -430 -49 173 -324 -232 387 518 270 30 -645 
-324 -536 -188 366 -34 899 -758 -149 36 588 157 -143 -605 486 1122 -399 19 219 237 1153 -154 -437 -862 -737 62 14 200 -627 -189 -321 -928 638 -84 -524 -317 -863 -141 224 -109 -450 -514 63 267 -292 411 532 858 856 549 1329 -663 470 100 189 97 -181 23 -62 554 323 530 -177 752 -218 157 609 -140 422 -74 621 84 121 -986 391 -762 -837 -122 -573 -1254 187 -209 1134 -354 -979 -807 -441 109 523 304 -77 291 -914 -416 -550 -19 -81 469 321 -210 1351 571 -598 -484 279 411 -414 730 -665 -52 37 -251 743 805 -394 344 -14 170 -55 -443 -617 304 506 -441 374 -986 -650 -587 213 643 -255 -230 1040 -137 372 -429 339 536 -19 431 128 831 -541 104 -207 -566 -249 -387 -877 -133 -189 -514 -164 485 275 -345 82 837 -40 881 331 698 -198 -15 -471 -678 204 -595 -164 -320 471 326 -507 -229 -1101 -896 224 -534 -30 584 -142 473 605 297 209 -423 178 82 226 -379 107 -595 -310 -659 -762 574 188 322 -491 903 -243 
286 483 -1139 -490 181 -5 564 -423 233 -436 268 -252 -393 -53 -1047 585 -236 547 20 -420 107 -876 -143 -5 260 561 345 30 30 793 88 39 -970 -46 280 389 404 -484 222 -479 882 -732 -491 -444 577 -407 -412 108 -491 122 -417 -492 398 240 466 184 249 -691 -549 155 649 611 -168 247 315 513 1347 -361 475 -220 41 459 -723 197 373 -1045 -175 -99 39 -431 232 -959 13 121 263 -518 -654 226 -297 -551 -1333 477 16 1012 652 199 -315 -429 1446 -144 390 -102 -807 -315 79 86 -114 -337 67 -712 896 -718 -227 -938 -384 -621 -443 -474 -690 -72 105 278 -164 446 4 -414 143 -301 -238 -564 -387 -313 -233 164 56 842 52 -525 23 402 -342 -74 -279 -954 -27 555 -344 -477 1309 264 -849 -465 965 679 1221 602 18 594 58 117 224 -304 1328 -230 -748 -586 -15 -815 -197 -666 661 127 61 414 -295 627 -422 170 557 -538 -95 -381 1105 354 -326 -893 -157 558 444 -108 604 -479 -471 -191 -376 69 644 396 -394 161 
614 -254 -1083 -113 -193 375 98 67 1045 481 -325 -40 995 -249 -124 -893 -621 204 448 -83 30 254 360 -833 -217 -136 -304 -1008 777 446 -692 459 -498 596 202 -341 -392 616 -938 -249 460 264 -77 263 -511 -87 499 540 12 -393 841 108 -738 -573 633 -293 155 -394 -478 -234 67 -389 -550 -695 217 -210 179 609 -717 -15 195 -566 -757 12 -304 -214 40 -92 -90 -584 398 -490 242 -803 195 222 -251 -1228 -135 -642 -453 132 195 392 -148 32 325 -377 -50 -101 -249 789 238 772 -383 202 452 348 424 -797 854 -87 -1474 657 -826 405 -752 -712 813 -507 195 143 690 44 446 424 -393 437 -956 12 152 1504 443 66 483 -234 -398 -662 -950 -352 -993 6 767 538 -185 371 322 102 -285 9 45 -437 315 216 -395 242 -251 -368 174 -102 80 -492 283 -449 -1242 286 -366 136 574 -794 319 151 717 -226 -148 -281 -333 267 335 157 -98 -159 -331 -12 -43 -408 243 -1225 413 46 593 285 842 -154 60 25 -65 960 287 625 
-87 1075 514 -303 1034 238 418 -320 700 694 -10 -252 244 -1103 427 237 -567 619 -159 743 94 -425 -636 156 -10 563 500 85 490 628 -70 601 276 77 637 24 -721 -542 -893 -804 -533 -626 698 598 838 -563 542 -360 581 -222 -737 -340 -1166 513 989 170 414 -1639 329 98 -65 445 1292 1051 733 653 682 195 629 1450 658 -70 221 879 -735 -1123 -842 -359 -235 392 -215 358 817 216 -258 -577 152 -272 -1061 -474 -621 -1036 -290 -281 414 -105 119 -834 381 53 1083 222 -266 -137 -279 -573 -350 -357 -1043 294 156 -9 1441 -243 1014 487 -954 -368 -245 264 184 -44 115 701 -207 351 287 1100 -659 -467 1101 -378 83 -391 -1109 -331 -304 -267 -196 -430 741 360 -135 -91 120 206 -115 -39 235 1340 -259 87 84 479 -126 550 -708 -222 -215 468 333 -305 278 -101 296 725 -69 -614 -663 -468 664 1667 -287 540 -736 567 877 612 217 -217 251 355 -628 -17 1016 -834 694 114 15 -1018 530 -200 -383 211 -232 1077 -15 533 360 -1 
580 1258 -235 141 -143 772 272 -822 -46 1261 -27 46 630 -481 -363 -537 -275 -141 -370 721 -395 -853 -95 364 1052 -141 367 330 206 -310 748 -268 -911 63 -199 -297 -206 -1196 -464 831 -65 -815 81 99 486 -1043 -113 87 106 48 -64 -404 499 -278 493 -221 -148 -198 -404 -302 102 -312 -444 865 42 121 -376 305 -1802 -489 -371 -1210 598 -213 76 168 -36 -486 517 -201 275 70 519 391 -659 -426 -291 496 -195 -383 217 23 663 566 -246 -7 59 183 -43 126 -784 93 956 -420 -761 -160 434 -310 632 1288 -37 -415 439 -607 523 -133 -834 -173 -496 46 730 151 92 481 -757 -65 405 -178 683 -421 -202 551 -476 470 101 577 17 771 188 524 374 340 -299 -213 171 -744 66 -971 502 139 237 379 -232 63 -114 -344 -433 -662 -717 110 -622 794 207 141 295 -336 -547 158 590 -381 233 -109 477 -12 -576 568 -320 660 -2 482 -524 -461 717 -487 73 -318 645 -901 451 483 277 -227 828 67 303 -573 -458 176 95 -343 
124 4 598 411 224 -332 -340 -182 -600 265 -222 -318 641 -35 -329 309 -242 -768 -88 681 96 -706 -439 4 -437 -118 -172 586 -120 -366 40 326 -1226 785 -145 -321 1036 420 -279 -183 662 -428 579 -617 406 -269 -964 564 -572 1007 -30 325 -606 126 473 29 1242 -774 -102 -145 582 -464 348 56 -399 62 160 408 161 90 -410 778 -440 -839 -728 130 -499 -75 917 734 -784 -466 861 -930 -234 -292 298 564 171 590 -469 956 -481 -170 -16 -443 -257 -103 210 919 578 444 -526 1129 -214 -209 957 -60 720 121 -310 -889 293 252 230 121 -171 -85 -449 -337 -462 57 73 3 -249 40 743 33 -276 438 -1016 -285 -641 268 87 382 -104 215 860 256 -641 -257 252 -83 90 -101 1191 42 -887 -683 -546 663 -575 273 -108 -532 -74 893 943 2018 341 243 335 631 -348 -554 -480 585 -292 -778 242 -432 646 32 373 -30 -256 269 -85 -340 495 -636 359 258 -683 164 -230 494 -147 835 158 -310 -290 446 433 -1459 924 -663 902 543 
-491 732 -509 522 290 -211 -409 -554 -74 100 1013 335 -1145 -381 501 147 1011 -300 476 50 80 510 -659 274 239 -12 -33 752 -508 722 475 829 -523 435 -180 -649 441 -12 1037 52 101 849 -77 -521 -509 -950 -223 884 -78 -460 394 -966 -365 -146 615 817 -432 2 979 467 453 590 -1163 156 118 215 85 -238 -93 -64 -328 -295 16 -242 411 103 -524 -602 359 -714 373 -397 -788 -25 -301 -233 -411 996 685 376 128 -435 -662 720 228 1012 -33 411 457 -132 -573 -236 -894 -403 -253 -307 599 -964 -385 -525 500 -663 -113 -365 423 -914 -574 721 386 -263 -103 -38 391 856 109 -361 233 -470 -201 995 -907 -603 123 430 -587 569 -1095 -569 74 188 -255 355 -323 772 -963 807 -439 -8 -155 -900 -1059 -231 -320 -736 -281 320 -72 459 -438 -422 774 135 271 -221 147 1117 -36 1009 -634 -182 -335 140 101 -431 -96 -597 271 373 18 -21 313 -280 -711 304 -28 -385 -16 388 188 351 285 -189 433 93 -615 111 90 137 137 -126 
-275 744 -472 -148 868 -248 -385 -431 -267 1084 -388 -370 -332 2015 -152 345 -513 -603 -29 261 454 -769 -300 -459 699 251 143 -63 354 295 48 -262 -159 -85 -390 359 -1281 1230 591 519 269 -1327 -355 -240 221 -218 -190 110 501 -110 -384 103 -490 -207 497 827 -24 107 6 587 132 478 -1195 -106 -635 538 1719 -530 787 623 541 51 996 107 172 -356 -353 -191 -221 -392 703 162 584 261 -23 -145 766 108 708 -188 -37 21 -419 703 -140 1441 -443 364 1120 666 -52 -1014 -434 740 108 368 278 -232 15 -262 -51 43 541 342 618 -378 249 436 164 42 398 505 1020 -165 -444 319 16 933 -1009 129 -696 396 744 402 -196 43 -689 -46 558 483 -66 -302 533 -774 -506 921 633 -14 465 -168 -137 470 -222 -97 -203 5 -571 -459 40 880 894 205 -555 198 135 -69 300 -84 313 332 -710 -24 299 -54 -395 -21 21 227 596 360 198 52 197 399 444 -927 -349 270 -125 -451 194 -322 54 -649 -305 364 470 -1021 113 -905 
552 -112 -675 18 459 197 -267 62 -68 465 -613 -625 41 -148 584 44 -364 63 220 -381 -334 -270 180 -309 546 -475 252 -284 -97 -551 105 459 949 -81 -652 375 -804 -567 261 766 -284 922 382 208 -46 -449 -532 -371 167 -602 -527 -1134 603 -177 -274 -195 465 -385 379 248 -51 77 174 468 -221 95 -112 -454 -267 -514 196 -828 736 -290 -580 214 268 -576 203 -41 -22 -442 -475 -76 186 976 -40 741 1339 -522 386 353 -213 385 -432 1289 531 491 -119 591 -461 -230 773 -957 -332 562 173 297 -251 -389 -147 941 -825 -238 142 63 -406 -23 -274 681 270 144 -819 -107 -276 66 -281 937 -957 -227 188 -610 561 -833 -333 947 -52 -480 -345 45 692 241 -408 876 -846 1026 678 644 58 -49 -844 -594 667 195 373 580 -663 -406 -814 -705 -162 593 12 756 462 306 -294 335 186 91 -348 -165 -684 -133 -205 264 -795 -229 -358 305 479 586 36 480 -31 445 114 370 -936 410 -558 622 -736 -55 -236 378 107 -354 64 -418 
461 -28 -254 -332 88 657 357 74 573 -513 -483 -309 -330 -334 464 -145 -224 36 69 1055 -486 87 -443 274 685 -138 1050 -151 -745 932 -315 261 423 187 341 52 -398 -175 -925 -320 -142 1275 1042 641 24 984 -592 -76 590 554 -265 141 -481 -137 -425 404 354 -167 146 340 -327 -155 -1087 472 -237 835 520 -407 357 -163 -191 564 -92 72 -921 -6 -317 -616 -168 353 535 329 -72 -52 485 24 -528 151 -260 404 78 638 -196 162 -144 336 284 184 -750 554 161 -1090 -145 181 190 449 46 -170 -65 -26 142 413 -459 117 -459 -327 281 739 1137 -198 228 992 361 -246 -179 716 381 395 -830 -360 21 65 -426 -11 -6 -317 -523 129 166 304 -585 400 754 -498 336 -787 483 -221 -1121 -477 219 418 -785 -344 -119 661 244 606 276 824 -194 -17 -738 799 -157 224 530 558 -899 -83 367 -1383 137 -228 -650 224 94 -567 75 -655 -34 -172 10 318 -70 -166 230 562 280 -206 475 -825 -1504 670 -422 -396 507 -265 586 -124 
-18 -518 -1209 -169 -719 846 388 -232 -376 143 212 110 -436 229 877 66 625 -1711 321 -489 486 666 817 -172 -690 -509 104 621 -436 -102 106 -67 352 563 -33 -243 -104 -474 622 596 -704 523 28 825 -375 -233 -64 75 -125 -87 -376 94 205 -591 -424 362 -229 755 -1342 -148 -992 -802 497 -808 457 499 -615 -813 371 -1141 427 -161 -314 799 -121 126 38 341 463 -416 775 308 271 -1051 401 -147 787 -810 273 92 433 28 594 370 -249 449 873 -456 -744 -9 -850 -354 -77 249 310 -633 92 1190 373 -814 76 823 -288 -216 547 567 173 164 -334 549 147 -512 49 -51 778 1045 -3 -360 32 -113 -920 414 572 767 -726 -812 -101 211 965 609 -157 41 -360 732 -155 -594 -55 88 -69 529 159 498 -949 29 -1069 37 -457 -825 -343 -978 -293 262 -43 253 966 -165 208 452 523 -978 468 -301 141 -800 -115 350 232 -309 -559 775 106 -63 -285 -880 80 141 -149 209 988 414 182 115 378 -600 245 -809 -252 -119 257 -588 
-244 -3 590 444 638 -290 222 -188 342 -181 -598 -54 -419 -1040 -535 750 -78 -263 -995 -629 -211 -138 333 265 30 1323 427 776 -70 -173 -43 -784 -926 -159 -717 785 361 -701 17 695 -315 -140 -201 65 -283 150 857 -837 -358 680 -498 421 674 296 -277 253 135 162 136 -151 370 538 139 -824 -121 -610 -542 -965 -110 -445 -595 -250 -200 628 -463 21 -8 198 121 117 299 561 -366 -515 760 -179 -558 -142 -1102 -12 549 662 155 224 61 84 461 467 -280 -116 -800 -170 282 -641 -485 -1121 -665 -139 250 200 145 -563 57 -4 -563 388 535 551 673 300 -787 1461 112 192 776 191 709 140 204 -265 257 305 -104 -475 -52 307 105 469 -914 -524 -530 -709 325 207 922 2 -526 -478 -1348 -367 812 943 -40 334 -770 -392 -488 248 202 -353 -862 -578 309 509 151 -41 8 -189 362 19 747 186 317 -820 56 -350 -599 433 281 33 755 76 97 669 -121 -413 140 693 -372 -618 -148 -285 228 165 127 339 -373 -42 138 706 
131 382 794 -497 281 208 -136 -73 1017 622 -197 -179 -509 97 149 816 -470 707 -691 532 551 -11 611 628 -223 391 344 -223 -257 478 -2 -601 -233 -570 -645 -249 1408 -371 -153 426 366 -1301 72 -1622 866 -220 -214 406 549 -324 211 602 -983 -23 -282 -162 -275 -51 -136 -336 -353 27 647 0 476 -91 582 469 414 631 237 234 -189 931 -1105 319 -1056 -124 -92 -297 -809 -855 -362 -704 -65 -584 -72 573 -35 482 359 397 -40 -584 -637 -380 -662 560 963 346 -90 -199 613 775 -767 -58 373 -45 -95 338 1198 422 248 824 93 -887 1144 614 -123 -20 101 1021 240 -557 300 384 -333 -744 369 643 292 -341 -404 587 -46 669 550 602 71 -524 -318 1102 472 -56 -93 -874 1079 178 -44 -37 -99 -199 -452 -203 547 273 -417 30 -231 -423 986 -334 395 -896 -401 146 -732 304 319 367 164 399 858 1187 648 411 223 802 -1 -224 -267 -1014 978 -218 413 214 -719 1303 636 13 478 388 41 99 -469 -550 586 -211 -589 668 
-948 -348 170 8 821 241 362 -256 -859 542 100 -236 -589 671 -394 -283 -271 -325 206 866 773 353 63 -205 514 354 -462 51 577 -423 122 -647 -663 -780 -345 -441 -140 591 904 444 -630 320 -195 566 -691 -224 572 161 -247 -794 -318 -1030 174 440 -760 396 -1033 -299 368 631 -630 -1071 364 242 80 -178 692 301 334 -93 487 -216 138 -458 395 252 285 38 371 309 -665 429 -461 528 643 -1254 312 343 -384 541 1001 -20 553 -461 -317 185 -133 -113 -3 -547 210 -1450 211 124 -106 -81 -779 182 -605 -243 -95 -1406 246 -906 247 -882 767 107 882 1071 327 296 28 399 -102 105 -177 207 303 426 -253 118 659 -119 448 -591 -538 260 403 -223 490 -403 388 177 -1003 105 1281 572 233 -621 -95 310 -128 271 151 -538 -483 8 -423 247 441 -465 -979 254 74 711 827 708 101 -561 377 -31 -303 190 -591 -1012 1141 -426 -309 669 335 36 651 439 789 -325 -204 -502 -110 -566 -649 811 158 -658 -20 197 387 926 -526 457 
442 -1213 570 213 250 -136 564 206 170 -365 -556 78 858 -525 215 -151 -120 164 -187 -938 816 -28 604 354 55 643 -38 538 -244 -120 -486 44 -231 300 -690 -153 215 296 309 231 318 361 -718 221 -538 567 481 644 738 -678 -1023 -755 114 -45 201 -132 98 104 -362 -363 281 619 85 371 909 -61 215 824 416 -207 597 4 704 43 -253 -190 400 -639 253 765 -160 18 412 39 -583 42 213 -438 685 325 -746 869 -268 338 242 508 877 -382 280 -735 -43 73 890 -82 -990 -403 197 435 566 -1 472 -45 -531 -453 -335 40 300 407 -531 848 223 -244 -307 368 8 594 -340 609 -798 4 -382 546 352 587 468 98 17 95 -1094 -2 217 920 337 227 -243 315 305 321 448 -198 -788 -798 777 994 -157 334 703 267 87 33 -227 188 -35 465 805 -287 -842 -28 579 625 -789 -303 294 922 110 -653 -174 296 -921 886 377 221 -58 -824 326 774 -438 -806 -122 106 -1125 -315 -290 -406 86 217 -396 -753 -310 -766 
-591 124 -261 175 -459 940 322 -197 397 595 -208 204 -419 -252 532 -569 792 419 567 599 -753 -46 -212 171 936 -171 -576 -366 -210 1159 -669 1054 1245 216 235 -884 -188 -331 612 -271 -51 -327 720 555 -26 3 602 54 500 -318 -1102 253 773 -307 -248 -552 -479 38 -587 -291 -673 100 -510 -11 -384 694 -559 887 483 446 146 -873 62 -702 -133 -99 -149 -2060 -30 289 -822 659 613 195 -283 -766 -371 135 -116 -313 194 764 -223 52 78 -272 -94 -400 -201 244 579 -1664 -725 311 352 -856 -481 -92 -38 230 -1297 196 -350 387 921 1106 -63 103 667 -365 624 751 82 242 -192 853 -412 358 248 -421 -436 992 54 505 602 -173 90 340 -7 1133 420 200 -448 -446 -6 -402 -124 -425 532 -652 725 264 -297 496 105 -20 985 -648 -322 -166 -401 -771 -1593 410 653 624 203 497 -599 -61 938 -529 -469 -179 -354 -1126 -509 -9 64 -537 702 -509 46 868 -565 510 900 -611 -791 779 218 -481 -543 -819 149 629 -578 -128 -215 -324 
335 -393 -951 -582 357 -579 -108 601 401 120 -824 255 -368 115 390 -805 -256 -616 -504 -153 -535 936 -714 255 -162 -461 -73 -932 705 -756 -388 -660 475 1009 -270 589 -415 -580 -486 101 180 -454 314 199 297 229 -375 604 -239 866 -7 -485 -166 -427 1360 401 -420 1204 498 -52 891 623 -754 -187 -223 -766 -205 -74 1084 -32 -402 187 437 708 22 108 13 567 -183 820 838 833 -244 -620 606 1709 303 490 714 -14 496 169 363 -630 -450 -365 200 475 -553 124 669 -259 77 311 105 -369 428 -1304 -440 173 -756 747 -218 1472 140 771 -19 1 -36 606 63 431 -446 160 -561 236 -462 974 933 -301 161 857 -966 -30 343 -396 -167 -591 597 1242 -20 -303 452 -177 453 -104 670 -61 -968 -525 331 12 -82 -380 -36 213 -58 73 424 -316 851 265 -527 -213 -366 -312 1018 80 -278 -93 -607 -657 -69 -760 -11 -130 -56 -138 687 -919 -153 128 -274 225 -310 846 1008 151 638 258 -207 -205 47 652 -438 -433 -452 -348 -225 571 
-100 -61 -1368 -424 216 114 -301 22 -597 -278 -861 293 -515 885 771 -348 652 535 336 -539 417 279 -12 255 4 616 270 10 -378 -416 -253 -761 1293 911 484 736 -35 262 388 716 -567 -626 -48 -645 754 229 -159 -461 -725 -441 -617 461 -631 -3 123 565 119 407 144 142 158 488 646 -721 -69 325 148 104 380 -156 1673 887 -197 368 136 -193 41 378 349 -271 973 264 -151 -128 467 -728 748 -59 -39 682 806 615 490 752 462 332 -436 -200 7 -677 -150 -418 171 -160 239 708 -732 -139 154 -187 -488 663 878 178 -502 -1024 77 -1005 150 552 488 670 178 418 170 595 349 169 445 515 -587 130 -246 -185 -326 -841 259 190 197 626 -323 127 895 -643 -247 302 675 -449 -615 -833 -297 21 -685 -898 52 -6 -4 -1126 631 -19 1737 -323 -648 -532 469 623 720 13 156 -272 -461 -5 -14 -100 -273 409 531 -420 256 -61 285 769 -9 1099 1001 876 12 -246 -692 -396 -276 -127 78 -225 518 347 228 -537 182 -103 
869 -196 202 -578 -101 -1460 199 -449 198 -515 223 -853 -131 -93 -158 -105 407 477 868 -1203 652 -671 -405 672 407 -45 872 -454 191 762 -548 302 938 301 -580 36 -466 -348 -324 -705 -551 410 -882 -186 -74 197 -239 77 719 347 -163 225 -538 -514 -317 146 363 447 -32 377 504 -28 -1206 -2 631 -601 -239 85 565 103 -1163 -508 140 1021 -488 -17 841 312 -135 -46 37 122 178 -53 141 -313 1442 -26 158 -731 -701 51 672 683 0 113 -510 642 -227 -176 509 -1059 150 447 768 795 606 -892 -74 -49 231 188 -636 -26 -546 399 -83 -438 -638 489 45 -989 -190 -24 -433 1570 33 625 -300 199 323 -409 160 517 321 61 -906 -1259 483 -112 277 318 906 -661 12 9 -310 -45 279 -619 -321 -316 774 317 539 423 -8 431 396 475 807 576 317 610 -509 -323 226 167 -309 -105 -1029 225 96 -29 667 1047 -2 -160 -564 -53 -124 -187 -215 -141 -42 746 -915 1213 0 -434 145 -384 164 -119 -702 -1097 -296 -89 156 -362 
-347 847 776 -350 -46 754 -30 -705 -631 -109 277 86 -699 -414 -8 13 -539 -908 -533 611 -519 375 -331 689 -515 384 375 812 357 959 315 383 -493 626 -982 96 184 262 -215 802 274 -728 -319 559 -366 -135 579 -754 -235 138 1705 -69 -183 1151 -1063 249 513 -455 -359 -697 -128 -202 130 -97 511 371 -337 -366 547 -30 269 215 -444 -504 1252 -781 1362 -855 430 33 -45 -255 -283 328 -169 342 -15 -415 -910 -260 553 83 176 23 -92 -421 13 -504 -708 133 -153 637 1225 -511 352 -558 -199 894 72 86 -509 -723 -185 554 289 -219 -265 -1126 268 79 554 -113 -201 -137 420 -38 -408 -403 118 -567 -114 564 9 254 -605 -342 153 483 -208 53 -291 -266 -1089 738 1070 -17 -244 -27 -896 106 -396 108 -233 -558 -660 -649 579 -539 257 327 70 -440 239 -786 48 296 86 393 396 325 -71 572 -75 109 15 -125 -274 -267 262 -370 209 347 120 -857 254 81 -1300 192 -95 -481 369 11 66 -759 332 401 410 77 136 213 
622 433 266 625 427 459 -627 630 -708 903 1069 310 -346 898 -884 403 389 584 194 130 -449 516 202 342 -380 354 -505 80 965 -27 2 177 209 -623 -545 -598 2 -652 2 -52 -935 -828 259 -546 -618 -274 -115 60 636 -143 275 165 594 -18 -595 424 259 643 623 -247 -606 -585 -160 107 -388 -319 356 -590 -748 -146 84 606 302 -137 -851 302 -41 147 207 537 -172 236 -723 -472 -584 -575 28 451 355 302 -227 -790 393 -129 540 -1087 434 371 -270 442 -1253 -861 425 136 -672 626 248 481 -332 -261 216 85 1090 841 -806 -393 1194 919 -138 737 493 1380 -637 -334 -172 164 -303 558 -46 195 -1187 -139 -587 -976 187 1259 -1054 869 245 317 -671 1013 745 -103 -355 37 -55 -571 -512 1166 -127 -365 -662 433 -1136 1311 65 -139 -347 -897 790 -290 -494 -286 315 538 271 -175 -177 -362 -62 136 187 334 -213 -903 -814 638 361 753 197 -238 359 -58 -105 366 -1658 -334 110 612 -7 -639 1085 -503 111 471 302 152 398 268 
537 -404 55 -637 -905 -249 324 -153 896 -562 -563 149 -188 464 -1018 -454 505 -593 -285 310 537 936 522 421 -93 108 175 -526 -49 42 1192 -117 1310 58 379 142 407 21 396 -1175 -112 -999 -938 386 -568 -320 -115 737 234 -987 -167 553 -58 -379 -534 438 213 -2 296 -619 256 730 -600 -163 585 -446 -238 212 -291 196 1055 -415 -494 -93 318 -121 -402 614 326 -955 632 -1018 -83 -191 973 327 -134 150 -332 219 451 693 -669 536 511 -1033 -467 531 -166 -706 -302 129 -295 47 393 -546 -216 670 1181 -69 -79 -183 -1149 425 434 -451 1141 -148 -70 -161 -8 -672 -528 -366 -515 219 186 -540 299 1259 593 12 35 -534 -73 -78 165 -520 434 783 -479 -360 240 254 -509 -457 -282 90 -196 82 -676 286 115 -227 -919 123 -70 220 140 863 48 -285 13 223 -361 -209 -95 -47 204 407 457 -508 -96 -943 -193 444 781 -447 483 95 -265 958 -127 161 -225 264 -795 113 595 -570 -35 -176 663 93 327 -548 -141 295 -54 -278 
-113 312 -231 -211 396 -117 -293 -296 1041 -149 -341 -104 -242 -319 -54 420 348 -376 -232 -200 -501 -263 194 526 145 -524 465 671 -587 719 -604 -19 478 -195 191 515 -317 -130 496 -167 -417 707 -343 1030 -1566 -111 -440 -1053 -786 186 -441 105 -670 -440 -155 297 -465 1053 565 -234 422 -453 -928 -102 -533 577 113 158 -615 -1006 780 619 283 -184 -209 12 -147 5 -410 -242 675 1334 437 478 -265 135 -31 728 309 -541 1477 -133 423 324 169 -410 -480 783 -872 -468 -425 197 50 -565 -22 78 -224 243 454 -305 -584 -253 -876 -558 -8 3 98 422 781 119 118 204 203 -194 -797 -315 409 301 -250 -63 -722 738 743 -123 -259 -209 220 -170 -95 -576 54 -2 -41 -181 -511 -571 -122 -23 -391 246 -386 -124 195 -405 -83 -215 -257 -1047 -51 -713 850 -18 127 249 659 -539 -175 732 390 36 -847 579 -64 -592 114 -198 201 -712 61 -244 728 -197 614 753 -327 -274 -551 494 39 -142 -155 188 73 706 -690 355 118 -704 -20 561 
685 -309 -637 61 -446 69 -805 -97 287 182 -161 -41 -179 -718 1040 168 -727 -339 197 760 305 71 106 -704 1031 410 709 -442 401 -378 620 -104 129 914 1 -449 -676 -375 -66 -681 -637 -194 873 265 240 371 682 458 -210 -726 156 170 -286 -428 956 -782 -183 -1199 107 474 260 396 870 175 228 112 -606 -376 469 209 1075 36 283 1154 74 837 -1085 -1010 310 483 150 675 280 -124 -327 1004 -539 1197 205 142 991 196 -595 539 -119 9 572 -35 -104 -143 -136 -283 467 -524 -661 -541 -506 -391 185 94 130 1172 -172 -8 19 -41 459 92 -98 -288 1064 376 -155 476 189 361 566 356 -296 -63 -686 478 -1079 -188 -520 607 1049 206 958 372 102 39 -10 -1200 687 -443 258 -977 -119 106 -1330 -24 -169 -32 117 282 -401 -873 -139 -393 -207 -466 -6 -322 1095 -29 -449 576 -843 203 -17 -93 406 158 -840 126 -605 1238 93 -133 70 -491 -368 -288 -62 180 785 1191 -346 431 328 -390 751 754 -391 239 -73 -421 -153 -468 
-431 -306 545 557 -417 126 194 -26 -223 -806 427 465 334 -302 -374 -4 742 -659 725 25 -274 113 332 -317 166 -154 -684 471 269 579 485 821 -265 101 -284 -439 -1379 -182 -575 -192 -261 -621 79 1168 568 -828 148 630 165 -934 -172 -185 -49 -457 -728 -52 227 332 -339 25 471 38 -683 -138 -80 -770 -619 -258 -729 468 867 -1021 466 48 279 -985 -33 -44 323 -554 824 441 746 1265 -295 168 -111 179 611 -544 296 -87 472 94 282 -440 -69 -184 122 -698 -222 976 376 524 1032 14 -1034 345 10 -369 -294 -146 -94 -113 209 552 -554 -270 667 -267 31 -273 90 -20 403 608 368 111 -651 1093 -709 349 610 347 -359 242 -335 261 -826 -406 387 745 -781 4 -92 378 -257 -153 550 441 278 -687 -621 219 -1013 -111 -95 -701 -1220 -601 -425 -322 -738 271 370 828 587 -833 -559 -203 -281 451 502 381 -25 -165 -855 66 -483 -256 149 -522 393 -1065 80 -118 2 -500 290 202 354 -191 378 481 101 -168 -275 -1382 407 409 
-348 -329 -629 144 -170 512 -137 280 -227 -552 -107 -323 -500 444 667 -45 -60 433 691 -256 -286 240 -676 -124 195 -173 -257 -332 77 86 -837 1404 193 587 -674 -222 -491 611 316 818 360 -891 -261 -457 447 727 -576 139 393 815 111 258 219 -362 -370 253 713 862 -312 -751 -48 -290 414 -813 754 472 -1095 -1614 740 -571 323 -767 180 387 730 -205 639 -668 -729 407 -430 -156 118 179 -243 -256 -103 -5 804 180 -741 1199 139 1186 -99 1113 -83 385 -381 -62 440 -382 -479 713 440 19 -372 -918 142 -829 -695 185 192 -170 486 607 5 977 -133 -933 85 -234 -140 -1139 -92 438 991 -121 128 34 254 -809 -639 239 -792 -529 255 -475 -96 -108 253 -563 -339 -734 -63 -418 -833 -213 482 -211 407 9 148 35 428 -93 897 344 139 395 -80 239 -132 437 204 -384 363 352 -631 -231 -420 -672 232 144 -22 228 75 -867 -69 -923 -478 31 256 182 -525 602 -621 861 -966 221 -599 183 8 -407 522 135 48 595 -203 -353 
1114 513 -64 -501 115 -555 -128 346 776 -44 654 -494 -75 -1724 258 -551 -608 654 -273 103 297 -538 -587 -190 635 -745 394 -630 296 180 -258 362 641 594 -54 -332 -202 613 -772 1027 -531 -732 -198 -201 -903 -514 -542 -140 568 385 479 639 76 640 566 780 520 907 -391 -432 -465 -101 820 372 -403 -358 -266 -528 38 223 776 434 514 432 388 -378 -121 -652 346 -203 110 62 -986 -595 144 410 -92 -728 386 -251 171 -327 546 127 -1002 -5 -65 -86 668 789 -273 842 -480 330 -245 6 395 -36 -341 640 -110 495 236 -552 399 12 -361 -441 -551 720 834 521 -528 -322 539 -578 94 311 -151 -537 296 781 -375 -15 125 -514 448 -614 -357 -125 -740 -91 -1134 326 764 25 340 132 -438 756 -415 -711 419 1297 503 -349 421 -514 754 705 93 -172 -1116 -16 -18 -203 835 -649 -155 -802 -137 329 266 118 885 -634 -709 -669 -380 -722 -483 -317 -179 -914 37 -219 -391 -49 570 -217 -607 162 -129 -746 -82 -668 424 402 779 752 
204 321 -734 797 675 780 -478 322 51 778 -669 -770 -333 -374 -306 80 -216 1489 760 -315 -222 -158 25 -383 283 562 -654 -379 -399 -176 -493 -24 -50 315 394 -313 -440 1135 194 -70 16 -487 -481 26 -78 244 -252 -69 -742 597 188 -45 -458 -199 -83 115 263 34 -381 631 414 461 61 -600 111 -1335 754 26 -168 -38 280 744 -386 29 107 -687 583 175 566 -267 -315 825 467 -59 529 725 -363 -80 569 -316 214 -325 46 521 -913 577 115 -357 624 -344 622 -405 -695 -205 -648 186 -638 -82 1098 -40 604 -797 306 253 -429 466 697 546 280 -658 2 -406 -252 -54 288 194 132 362 287 66 -492 -456 -322 47 -336 294 -155 611 231 -698 -270 -613 559 319 -165 439 308 407 -176 -203 473 -303 -239 -20 53 140 -158 -123 -460 -935 117 -1508 -115 374 289 174 1089 -84 -94 -24 -19 -404 229 293 1013 264 -1053 -690 -861 309 -130 -1235 -956 -276 -861 -1105 550 -528 -115 193 -1399 352 -588 -293 506 629 462 456 -265 -284 
-45 -591 232 -422 -626 -694 42 832 574 -927 531 -168 124 75 -40 143 658 -787 12 -369 -366 -515 133 -854 663 -11 97 -684 201 -408 -517 286 640 444 1138 -364 -438 65 -477 -447 684 154 421 467 -516 298 1231 -175 -150 -401 942 -634 -620 -132 -74 -484 237 -245 -597 -682 -913 -21 20 12 -19 435 -714 -601 -133 135 250 603 274 -374 775 -2 -231 -127 115 224 -715 -757 610 502 -658 253 -976 -638 15 53 719 826 -177 575 -59 -345 81 -1017 -592 -1908 -1020 227 35 1379 552 -3 237 480 247 -206 -541 -30 -24 212 60 -104 -360 -346 278 -463 457 779 89 200 135 1285 619 -457 -279 639 -429 -9 -11 613 458 -242 458 646 -198 30 -19 657 -120 429 658 293 310 -57 -98 408 342 8 549 281 -409 -271 663 -442 19 126 -1139 -148 -688 299 107 137 -692 481 343 679 343 141 238 -239 -13 -694 -329 940 -906 248 108 -90 -758 267 415 341 27 -350 -486 -382 138 157 617 650 -183 173 236 -1038 668 -485 
-512 297 -1331 -254 -220 -275 104 -297 -284 -827 710 1027 33 -516 127 63 304 282 1520 435 86 723 -350 152 473 -1615 -356 -372 113 -615 944 14 433 636 850 -1594 -63 -122 565 460 -155 -7 978 478 -166 28 308 471 454 -570 914 -557 -257 -679 1204 324 -657 -403 -291 -444 -580 -488 13 -221 -727 -44 -1746 38 85 464 250 -463 -54 -544 1109 270 -74 -268 -157 -197 -406 -202 -265 379 -512 -1062 -84 182 -704 -264 623 285 33 1010 -389 299 -195 -55 -731 78 -893 -520 102 239 402 -152 856 -195 -382 -190 -80 -30 -230 -271 457 796 -806 114 -513 485 1317 -412 -951 560 206 578 -761 -79 -117 481 632 346 365 -370 1110 7 -222 180 60 127 86 -239 -95 546 -233 239 679 -205 -631 645 -721 -496 -253 685 -509 358 539 -1153 -192 600 -187 479 428 536 407 211 -1306 483 -301 420 -148 -259 278 76 -424 652 -227 886 -463 -160 -81 -560 -1310 -759 1039 571 224 363 708 636 125 154 68 -677 -80 -48 -579 -236 -740 -717 
-320 129 -551 1189 -370 -502 578 -250 1546 1172 -376 -807 -1068 553 -297 -172 473 -395 -263 -318 142 12 -454 1299 21 -790 -437 -471 400 -175 -541 -534 -280 981 -3 -314 -954 83 -19 -1068 -332 -569 -828 650 -622 128 -441 964 66 119 1134 -737 478 -125 155 727 -255 -152 529 592 24 -16 -1195 -581 1083 221 369 288 -236 61 -239 -6 783 -316 1016 -45 313 -15 -1046 180 1278 -178 533 72 -289 708 434 423 923 -195 -915 1655 32 162 -502 768 149 229 11 226 444 299 431 94 -717 -628 995 -494 398 735 -69 -288 407 241 154 599 -722 -355 843 655 129 -450 754 -269 34 197 -856 401 -341 -614 -593 1833 -31 196 -494 -91 -559 -342 -51 455 -79 362 -386 49 -562 651 477 -283 516 -362 -505 -609 991 380 -934 339 -870 515 -903 533 868 -453 -375 972 314 -276 175 493 112 -450 59 -47 -362 -790 -251 -741 -162 218 616 -191 -100 255 -447 -2 -879 -146 -451 -530 -266 -130 721 164 71 51 -464 -708 -640 801 -937 -316 
420 -630 360 192 425 471 -1013 24 49 -273 1253 -88 148 -386 334 270 -1109 248 81 191 -117 -503 -252 6 -771 86 176 245 -237 269 734 -143 -1049 -422 -52 20 379 -765 -882 262 89 390 23 -301 41 -4 361 24 1038 110 56 834 427 168 -233 -1 303 -145 149 -314 278 9 -87 -549 117 -1558 -939 260 324 506 811 -882 -586 1002 -173 319 -1025 470 -327 -248 55 103 3 -97 -98 640 671 -76 -745 -464 438 -277 -287 -64 -311 -157 -282 -3 329 1002 126 856 1146 507 -76 -678 155 -399 159 -612 283 793 502 409 760 443 2154 -429 -210 465 134 370 424 -667 520 300 -454 -269 891 -19 100 -359 -2 42 -140 347 -489 1148 -447 -312 802 -1311 -68 183 -495 20 -761 -258 770 -567 -364 -288 -97 -130 -135 -1224 -342 -854 218 -325 334 98 1102 -235 -122 -486 473 -498 435 363 282 1023 -32 399 290 555 -631 463 233 -107 694 -68 518 737 280 -159 -176 751 762 -38 -209 285 914 40 411 -728 579 284 -725 959 
396 -57 68 -215 210 -330 125 -455 298 -439 -110 478 79 11 -353 96 891 26 278 1155 304 -169 847 -401 776 -476 -132 -707 493 -1015 406 81 -136 425 1215 -291 922 294 -491 -312 781 61 186 343 -305 -39 -430 990 -527 -72 -66 -1691 311 -222 463 314 253 167 -359 10 -5 -659 759 505 -45 351 -466 652 202 -607 395 -95 -304 -244 429 -8 -868 943 1450 444 -48 -287 301 859 373 336 -493 393 267 -658 -6 1640 -380 -241 -37 503 108 332 67 -654 449 -199 -895 -452 413 640 -461 507 617 -178 169 536 -60 -18 1002 1271 332 -724 -358 110 -74 470 -723 1561 961 -600 -538 -565 -249 629 672 471 352 752 820 -550 51 187 323 222 559 -724 198 786 -505 -141 1385 -575 -6 1334 -760 -413 -107 738 -920 81 405 464 333 916 -502 -187 -692 1018 534 628 252 -827 39 -448 -14 -450 577 73 -700 140 -62 200 -427 167 695 -134 132 119 2 -118 253 -1205 -63 174 -2 -215 -614 -133 341 19 891 -50 234 -155 
-610 -928 -435 948 -157 66 644 -239 664 -247 -695 -87 -593 532 -394 -546 1226 -189 -389 3 -203 -196 -663 -539 151 922 -147 588 163 850 292 -304 8 309 152 -573 -271 224 -299 142 -661 -420 226 425 -95 28 99 -120 38 190 237 -1995 -68 94 -568 268 -584 -308 -126 -528 39 -88 -537 -306 479 -126 -1124 905 900 -321 230 719 138 -1247 141 -159 -140 -279 806 20 283 617 1049 -502 431 -713 -297 -47 -12 -277 1162 214 -113 296 499 -520 12 -434 -265 -100 290 -532 -43 -89 443 -259 -820 -243 -98 242 100 -5 -63 645 -262 369 -108 -237 288 202 -452 326 1469 193 358 -372 -360 -593 -141 1 -252 562 1038 -95 504 -347 -295 1077 -588 354 -407 726 -1253 46 343 -388 634 79 -301 134 575 703 -59 -642 -420 -65 639 147 91 295 1103 -1278 -545 -670 220 1087 1076 -682 323 -848 -81 754 -211 622 113 -917 -427 564 -110 -463 1179 -464 349 409 9 534 -399 -995 -457 -270 -271 614 481 -1157 -252 364 169 657 -457 1249 
-340 -235 427 423 -978 1207 -15 -86 316 916 1053 -577 -103 224 340 173 -181 481 -662 185 -198 -11 -884 327 444 600 -672 -282 11 -756 288 237 190 579 373 -1217 -63 903 232 -351 -125 312 69 632 586 537 208 -464 510 297 -243 -309 -317 243 -100 29 -487 -443 363 714 -668 -98 -248 -108 470 -448 67 -112 -688 580 850 -151 -199 -686 187 -487 489 1257 23 235 83 265 489 -534 642 99 -843 98 193 1054 -155 -49 -348 658 575 433 561 -395 -612 -236 -752 -809 150 -565 7 450 -439 824 536 192 735 -100 -36 410 -263 37 566 29 1191 62 -744 -484 10 690 265 364 714 283 -294 -454 -793 -21 621 -413 56 -162 -149 725 -82 63 177 -560 121 -339 -553 231 481 -311 255 -358 638 379 -307 -666 -140 537 673 645 495 -326 -448 -832 72 274 594 151 1054 -96 -444 663 67 -912 -71 375 192 18 -525 703 384 330 -293 -554 -357 180 -691 -615 229 -1481 -125 -574 358 44 20 473 -246 480 936 -46 -1 -261 
-536 -35 744 -238 -301 1001 -346 525 -837 -312 -576 -220 -505 152 145 -464 225 -1083 441 222 -425 140 -309 -66 317 -847 53 -105 307 373 771 142 -92 807 -146 433 350 -35 247 -316 -131 -515 623 -334 176 108 -176 74 -197 -1225 177 -31 -364 49 -456 -1329 255 760 626 -188 704 84 -118 982 49 799 353 1189 -227 731 43 51 128 -380 447 476 -209 132 90 -546 383 -361 353 -496 -767 -685 462 -574 487 92 902 266 -488 96 -684 -856 -209 -893 -667 -200 428 -777 90 -163 -1589 14 -875 49 -404 208 -466 -511 327 720 416 -460 358 84 -313 -875 -293 121 158 -222 706 -36 -771 -840 1023 102 44 274 475 299 509 226 847 -1043 -127 -464 -409 317 -520 -353 -223 -1032 419 -712 523 187 38 178 -756 -589 841 -56 105 -54 480 514 222 -895 606 -529 111 965 -637 732 773 772 -150 412 120 690 1096 -111 180 -8 502 911 381 -45 -741 439 93 -15 -490 639 -1119 -506 827 556 -648 477 824 393 223 -400 220 134 
1546 196 -707 861 -591 48 -452 -1130 163 976 148 -273 -1349 -1025 137 164 -567 -438 43 -44 -54 579 684 -221 -755 -302 240 -545 -47 -887 -183 333 336 237 253 -975 1125 162 -138 265 -202 96 874 -1316 403 -593 -476 241 93 -231 -657 -216 -53 -924 1384 668 31 308 389 -686 437 188 642 -520 267 287 12 444 361 95 -901 846 96 -246 237 578 819 365 631 397 379 -784 -283 224 -613 297 51 154 1180 207 8 -874 319 1153 58 362 295 820 213 -303 -509 -79 -696 -638 -572 -558 -180 43 339 333 -248 117 343 7 632 -153 -141 84 -856 420 -231 63 504 -106 -266 -134 -682 -284 252 255 -414 -131 228 1299 -641 -553 564 -712 80 -517 -183 457 -535 -403 -418 -196 722 240 -339 183 -67 407 205 -287 509 138 -676 -756 1306 420 1476 -85 180 102 -298 -691 273 915 457 578 1 -796 -87 -254 -544 -393 521 248 1117 -298 26 327 -328 434 599 211 336 679 517 174 861 -929 680 209 -314 -5 -108 -791 587 9 
197 191 364 509 133 -708 -600 -769 -618 -460 633 509 -666 476 129 690 485 63 1240 -209 -145 288 -133 -453 -644 136 145 -485 -35 291 -104 140 -556 -830 -233 124 40 107 452 -151 -405 -592 -701 -617 230 -509 -74 62 751 887 -500 361 368 -287 83 154 720 1167 -3 -18 -571 -303 1207 -660 -418 468 50 -481 263 286 -852 -248 -412 448 638 -801 421 -240 -951 -819 -1076 308 -736 195 -469 -657 -429 753 -169 515 -89 -191 -639 160 -433 -1056 -981 545 192 196 -321 -341 -707 60 708 -404 424 -25 -383 -45 5 975 576 -260 -61 502 -249 -36 35 -535 309 220 28 270 -516 280 -402 21 849 -413 409 -512 974 214 -571 745 424 -135 842 -230 516 547 577 12 -858 73 -578 -602 474 -784 101 103 93 234 -135 -600 564 -400 886 -439 -136 -396 367 -1465 41 -372 343 264 -330 280 -100 50 -152 -514 321 674 -493 -1036 116 -341 103 189 602 -299 403 -257 -696 270 -12 -317 662 -220 411 -515 344 -37 796 -44 216 802 
-849 620 -8 -81 -26 -35 -176 -393 78 482 788 1039 -340 145 -543 284 -117 612 925 351 731 -695 499 81 -133 -36 -275 -459 -123 -727 -69 10 146 -153 -847 -619 714 -174 -638 64 96 515 291 184 -488 -1004 386 -203 -44 -214 19 494 99 1012 336 257 117 -255 224 235 292 -370 -91 11 217 -626 -512 663 -326 -287 354 -1383 -1245 132 -825 298 -350 276 -223 47 -348 270 -460 1027 -1294 492 225 -20 -339 -1150 -549 -510 453 214 304 226 -860 196 -525 438 310 66 -341 -26 3 0 -1315 294 1367 -156 -320 185 -495 -980 441 103 -524 -63 260 -204 1436 599 173 -550 -514 -254 -214 -503 598 -265 669 622 51 775 825 377 74 40 -921 -2 1317 -1418 -333 121 -381 -582 -494 -505 530 -186 177 -275 709 551 134 -396 -814 -234 386 608 752 601 269 24 -1737 21 -814 -700 713 418 -186 118 912 -104 -906 97 115 302 78 -202 489 939 1243 298 -136 123 553 776 -1313 398 280 -504 -49 127 294 260 -338 579 -329 -858 
164 -72 -499 991 -908 -345 623 249 820 785 -629 431 51 -106 -109 -1043 -319 654 -548 -592 923 -256 300 160 -300 562 -1046 444 -317 -21 -297 97 445 438 -413 223 498 369 -816 -295 318 -274 -541 144 -584 39 493 -33 -398 -1174 677 968 -576 325 759 560 -210 523 -816 -32 -144 46 270 598 -327 -426 407 202 -243 -515 376 388 195 -691 -213 267 25 -546 -631 -26 -213 -380 501 -798 342 406 120 -228 -196 103 -493 -402 587 -551 -308 224 307 -545 177 -415 -403 235 -849 629 134 -636 -531 668 -783 944 94 -351 9 412 -977 108 192 194 918 -368 291 531 163 -133 -431 -89 375 -451 -104 318 -528 478 -1252 446 63 -997 -728 -465 203 -298 -840 132 -158 -157 -347 552 361 1357 273 -107 143 -585 -92 319 -257 -708 -32 -59 232 -216 617 49 -649 850 -194 -596 -298 667 150 -361 433 -282 -39 -164 416 81 -749 -129 -250 264 -1415 380 -190 -181 -326 310 725 -710 118 483 -321 -82 -599 481 -522 -257 -685 -291 637 -344 
325 933 435 -170 438 -314 -95 -27 12 376 388 1003 -172 -468 611 -636 -534 -281 702 309 985 598 628 618 376 -116 226 833 -250 -155 694 -781 512 505 458 -896 512 -463 35 538 -30 178 50 -499 -402 -340 -237 -598 564 427 554 -237 -826 368 -343 139 -290 -30 -699 -137 183 -475 -128 562 745 643 503 418 -219 148 -37 -677 371 -138 168 -222 180 265 963 541 -61 -373 -729 1257 520 935 -132 341 704 -375 363 -88 -812 555 -106 17 -152 -148 -282 104 -575 408 742 -857 -88 524 -152 -192 746 694 244 564 332 -425 -52 -79 257 43 50 486 208 98 -480 10 242 674 -378 -213 -763 -409 -367 -821 848 -62 992 258 -52 261 458 187 1033 150 291 605 -662 -144 362 -57 422 -86 -566 -306 -390 -46 -359 396 -274 -891 -398 -594 -386 161 512 -138 532 178 1377 -200 381 517 -781 80 560 -31 40 20 17 259 -8 -84 262 209 -138 -747 158 661 298 -713 -593 564 440 142 58 -562 -160 483 -303 -1094 -742 -272 
252 -37 50 57 514 -242 -633 -536 337 129 -114 -209 800 -307 -392 251 -771 8 3 -63 -1277 -358 225 35 248 -943 -402 -602 89 43 700 537 242 394 -155 125 29 -1091 -610 -343 299 -235 1862 -456 1020 89 998 535 -593 -428 702 405 222 623 -139 -699 -385 -470 -388 67 -114 -579 714 614 159 -145 -482 -539 -60 1215 -305 -520 -599 489 -362 119 80 639 508 -84 51 -73 -850 -524 314 -39 -347 -689 -676 -578 -303 132 630 -587 332 182 -439 -769 -790 219 -445 -27 548 53 473 -290 44 454 1230 41 -1188 512 217 821 407 -112 390 -545 124 -190 -20 -16 -906 -313 154 49 87 565 -304 32 820 -9 76 463 -309 -548 -747 119 -154 123 225 -655 664 85 -597 -507 -196 54 445 -331 194 513 -251 152 186 82 -240 191 -348 -144 -311 966 -444 128 -18 -29 -35 78 101 -771 136 102 -534 -950 -1399 259 -63 1790 404 -276 413 232 -300 278 -629 509 823 137 -102 239 481 82 363 430 650 120 -439 -296 60 -721 
35 502 73 312 -703 -338 -780 670 -394 922 54 -403 -761 430 -80 1087 -167 -443 -519 -249 307 248 1257 -393 -674 234 530 58 -425 20 -396 -763 -411 -789 -1013 978 175 -206 108 1502 172 -423 -173 -68 -511 -476 -385 635 -278 -202 -373 -810 237 926 -661 -176 150 -686 -653 -356 -109 738 495 799 261 -431 869 -258 820 102 -110 -671 -564 -321 492 -235 -105 -519 548 -545 273 -465 -548 -118 -152 372 -96 -234 314 -538 -725 -547 -225 65 -133 557 -11 798 1016 -452 -920 -95 134 5 -176 971 -192 -282 -11 -139 962 -549 -618 -315 -268 -193 47 98 514 611 61 940 -550 638 238 -352 -195 324 -1047 -379 96 -487 -611 18 212 151 -364 -495 -317 -606 -29 -221 258 -208 -363 569 -389 235 -368 485 -494 -22 139 -159 -1174 82 -691 -1007 -930 -844 265 -468 669 -678 181 494 228 496 -169 -326 354 564 488 553 66 -272 -702 334 111 -568 200 -79 88 49 628 106 -375 -660 652 -267 454 -947 -559 -698 -629 671 -576 -243 -694 -441 
-212 -509 -636 -230 618 525 525 674 385 -67 793 -363 8 92 -567 -585 379 -182 748 351 22 -113 -516 719 -444 -227 -240 984 -128 -56 356 -117 -471 -173 -170 -11 853 -697 746 -42 499 587 392 -98 -305 135 83 -557 421 1103 -665 -363 193 89 290 43 206 -462 689 -646 -180 -129 -299 -327 73 1095 -82 544 837 -169 -256 666 462 -230 -182 323 93 1008 276 -100 -31 -284 -208 -96 -849 128 -422 212 -525 -1 -229 523 -136 -370 -120 640 -576 28 -180 -62 -1290 222 178 -72 -806 -332 626 113 -144 -543 656 418 -887 757 457 712 279 -63 -17 186 758 172 133 462 143 213 -1073 26 409 -403 68 99 243 505 -100 26 -264 235 -937 388 -689 299 208 416 265 -20 37 -1096 -73 -121 -403 -137 340 234 -96 674 678 -545 -210 -318 -392 819 883 -690 -311 -266 -671 125 1191 448 263 24 -61 266 203 155 -78 -44 290 716 -539 -218 421 -422 -408 -290 -725 -825 174 846 439 902 14 -530 402 521 384 -425 -168 -549 
237 440 665 -309 -323 -87 503 289 54 425 662 1070 232 -671 494 637 -414 -41 -230 336 331 -91 -274 209 -29 315 -315 -1226 447 -583 229 -83 -192 94 -1497 -269 -100 -387 -267 -17 113 858 -640 -1078 579 524 527 -1075 1230 -810 -1265 377 -444 111 188 -734 -202 544 -135 227 -179 65 802 877 655 -57 414 -208 1122 -289 -891 308 578 -833 -191 -696 197 246 289 162 -375 186 251 -226 -283 -841 1268 -312 152 580 -22 -177 -389 -121 82 -430 296 -243 -1062 274 -249 -592 749 13 -1074 -628 -325 66 -438 -130 -289 85 -536 1131 -257 -534 351 72 -111 -430 -175 533 753 551 552 895 -475 -326 232 -435 483 -80 -80 -196 -1263 222 -157 350 -357 17 100 438 167 321 113 -191 -121 110 -578 -656 -102 -1158 -757 -355 202 269 606 649 561 -401 522 179 194 308 331 -357 -1160 287 -182 390 734 391 -106 231 -57 -1073 693 309 561 -637 750 358 -194 613 -1077 460 -329 -761 -188 -177 848 -69 70 -198 335 -13 25 -100 -399 119 
-104 111 -333 400 775 469 -685 260 963 222 954 -201 143 286 250 240 43 -862 909 505 -303 -434 -207 42 -306 24 607 321 270 -468 192 126 85 788 -71 -613 408 -1331 -211 -323 -687 -521 -65 -30 -234 -594 -1212 -480 913 627 140 -227 -96 -895 -106 118 215 586 -252 -343 176 -444 119 133 509 695 -845 -608 133 -105 520 -635 -262 351 499 675 -287 64 194 -759 -158 -30 -661 -204 780 -495 90 90 281 366 940 366 -465 211 -870 -325 762 -391 -219 737 -566 -116 84 -198 546 364 754 -578 -397 -635 511 494 879 -112 782 627 126 118 -332 397 -533 -37 83 -344 896 490 -728 530 -823 739 434 -89 115 -701 -817 1401 788 146 122 -837 236 446 -187 668 357 -12 420 -797 21 877 161 -5 87 19 -419 278 212 540 -26 584 -39 146 933 650 383 -27 -117 -264 862 96 -276 -364 175 -231 -74 -188 551 227 844 124 -270 -288 518 160 -299 304 -252 846 302 -101 -189 -222 31 -43 856 -156 -104 119 51 137 
299 -824 -185 540 574 18 -510 778 0 -765 -468 489 -446 1082 -138 335 -26 -374 -886 549 670 -313 499 47 -243 1672 -408 -182 -958 -112 -329 439 387 -464 -123 521 520 305 -12 -404 705 -283 -496 73 302 24 -153 391 -498 -499 76 353 68 -47 319 679 -361 102 -224 -349 750 75 720 443 20 -30 -194 -602 181 890 221 -206 -506 -60 -520 -98 31 -177 599 153 -65 -749 253 299 -252 178 -76 613 -504 22 1045 585 -845 -255 -129 426 227 826 434 -754 110 84 -611 1299 898 -788 95 132 -1312 79 -655 -6 870 -946 722 -428 1107 29 11 -272 -98 563 593 308 220 -118 -326 -212 26 922 73 -850 -67 234 -179 715 797 -12 1032 309 -139 168 -113 803 -220 -108 -70 145 742 -300 -1710 496 -245 -194 268 -531 -130 74 607 477 -561 -1 -4 11 65 1450 -226 -128 -69 -520 317 -475 536 -460 -497 -582 298 -473 170 -616 254 451 124 993 -250 -1012 -113 -198 -288 445 33 -297 -332 -246 -43 199 94 194 296 187 
-1156 -278 330 345 300 -950 -367 182 218 73 -778 -509 -149 419 245 -380 -862 -525 262 -462 567 -154 -808 20 -841 420 -432 671 784 376 -460 -93 -1250 1031 -547 7 -435 823 -1140 681 -1185 -132 447 -208 1034 -648 -741 -348 303 622 340 -191 455 -461 231 558 -327 273 -926 68 470 -410 -671 -554 -126 507 -71 428 109 123 -226 -367 839 -191 243 49 874 -570 279 340 -16 398 311 -545 -245 381 1267 -284 467 508 -853 143 395 853 -920 190 -402 -571 881 148 86 443 732 229 469 1092 345 -936 -231 684 -1052 275 684 -42 411 49 -752 1075 -465 -136 -427 -371 384 -521 543 122 195 538 -356 -335 -1097 962 150 217 -43 -226 -1322 244 -275 -373 -187 -183 -639 -125 771 177 -814 -35 -789 -135 199 373 -305 -75 315 -97 -211 -238 41 762 188 701 -351 -283 -394 -614 178 123 -228 -355 -89 21 -977 -231 -1045 264 327 32 259 -114 1033 -149 743 -267 -615 269 -618 364 297 -227 366 -744 -108 -180 126 -133 -216 -823 -478 278 
61 601 -258 -513 601 1009 619 -663 579 -151 275 272 137 -53 432 20 -804 174 -166 568 1060 731 1167 176 793 -85 900 -663 363 430 221 -168 317 -367 -212 -64 -168 -270 831 687 -94 113 -12 57 -547 248 -177 90 -666 -538 -72 -263 584 644 56 407 -445 518 -617 -569 -171 -1462 337 476 302 1209 330 27 -454 -368 -838 52 1082 161 -324 50 431 -221 670 -126 846 417 -334 1127 -104 748 173 43 827 -785 1040 10 192 -339 -191 331 -569 424 -883 -587 -345 169 877 -428 -1278 -719 -347 -746 838 -193 369 -899 -426 -106 -107 -1269 171 -705 -112 355 -495 1480 1539 15 318 -47 -526 -821 241 -430 230 105 556 -766 286 404 443 -175 -570 -699 -162 -442 901 508 -91 -755 -180 -718 130 -62 646 203 219 760 532 1082 -1369 661 547 -363 384 1242 -656 -11 -93 201 -119 486 -279 481 -1354 -88 -433 258 464 -504 -14 869 9 -376 421 -549 -411 1061 -558 -491 234 92 282 -338 949 -12 572 54 -795 -193 1034 -82 -74 -699 
1060 -77 305 -709 -815 -11 -533 -435 -554 -376 302 47 806 -503 -106 -678 803 320 -17 274 238 382 329 -150 591 -325 -106 154 -308 -614 138 324 375 97 391 -151 -1002 471 -211 -576 -229 396 -49 519 317 559 248 494 714 -1088 538 360 597 -827 264 266 -94 31 -46 -689 -265 465 -32 -253 750 317 -777 105 -566 -796 -178 159 -1116 47 -307 -85 154 32 -625 -456 208 243 564 235 106 -412 -583 -413 367 -190 511 360 -367 1261 -198 -192 264 527 -731 658 -236 -17 -107 -609 -10 310 -327 -284 680 -313 1035 1051 -281 29 201 350 -104 -140 -279 336 -298 357 -311 -368 -285 -253 -280 -639 -322 184 14 347 359 -303 680 -397 65 -3 305 584 1295 -810 -322 -733 538 9 -819 -140 -410 173 -148 -597 243 22 -193 -915 -508 -333 917 -425 -194 264 -91 808 40 -211 361 -455 61 152 615 -965 306 -704 -760 770 -1245 453 444 502 -168 1013 518 697 92 584 204 -749 -870 29 -128 -899 844 -239 630 1143 232 -17 -413 -1117 
-129 464 148 604 168 263 1011 345 -519 359 -89 72 -347 -287 275 -297 14 -40 -11 -471 -774 650 535 256 -116 291 378 1367 111 -152 498 87 -7 -524 -326 522 104 -1018 244 568 51 627 187 86 -1435 -458 1376 185 -157 -567 308 681 127 228 -145 1257 726 336 463 -1349 -143 153 631 -349 -251 -160 -560 87 57 286 -169 -686 308 405 217 400 -391 -943 -847 -279 -601 -111 -156 324 -403 246 696 49 -1301 16 328 705 -439 -517 -1235 169 235 958 234 180 185 203 -94 -19 -98 -185 -96 73 -290 285 147 -809 218 -98 1214 227 -802 -427 -380 123 -194 -727 361 -94 -773 -256 447 -667 246 -808 693 -91 817 34 579 -949 -631 -457 -583 459 215 -860 -160 128 -854 -19 -325 198 690 43 546 7 636 216 -180 -1333 27 493 556 195 -147 -478 226 261 -392 161 385 -203 565 50 414 -246 -519 390 3 -282 -210 -435 55 -367 134 476 250 52 164 -332 348 226 -256 53 -626 914 18 216 206 -984 196 -359 -436 498 
-207 -39 -928 -109 -867 -28 100 -481 -67 681 651 263 -120 430 85 -422 141 -940 -153 -26 1179 -466 -122 -583 -199 1013 -558 277 -595 -190 -336 91 -26 -776 181 343 -343 -375 579 -288 276 -452 -544 1438 -739 -1521 125 521 57 -158 540 -45 415 -141 23 882 -244 159 -311 -457 -1014 326 -543 457 -398 -115 -753 -979 777 -917 215 -440 -422 -189 21 932 -656 -468 -434 -178 -8 94 -197 998 425 911 71 225 102 592 327 -427 -389 124 -404 734 -959 554 192 322 -334 -422 122 -1 78 -248 408 101 -796 -580 -31 926 -99 -517 -403 -339 56 323 -28 415 300 -57 -588 -680 -1516 400 -21 96 -106 71 553 -328 98 906 -789 505 -958 -76 295 614 -105 204 -456 503 702 3 -503 564 108 237 -252 148 -6 268 -1103 -630 -380 -628 1090 59 -489 742 29 262 -273 -793 -959 -335 -108 669 1241 -256 -432 -118 -751 23 133 -434 169 -303 -507 695 1221 -65 -333 213 -542 174 697 302 -592 -944 -101 -1601 -146 50 -1112 -53 113 162 
-1619 -145 -951 930 -1291 -451 720 298 641 445 -277 131 -193 -315 337 106 825 -1056 35 459 353 1424 -300 -328 -704 -292 -435 -13 480 -94 -184 -1067 -249 1034 90 -235 452 -27 366 148 -212 -428 -423 683 -503 336 379 963 -954 -50 504 -698 669 -1004 189 471 464 -215 -167 -64 584 -436 -86 192 -495 459 -816 -452 -310 69 -402 -376 -191 233 265 -230 -448 569 -120 -439 361 912 -341 123 -1193 500 264 0 -515 60 -348 171 -232 -620 -10 302 425 -63 -104 211 -932 -173 -151 303 258 -461 822 -476 -1543 -365 305 630 -58 -174 -228 695 232 -126 306 -1158 -27 -75 412 498 -331 -260 -548 -272 848 183 -925 285 -956 -220 -1308 469 -1292 -1142 1232 717 552 790 384 495 -116 -278 -159 -425 517 -382 142 -682 -355 -96 -319 75 -214 -947 340 397 -29 -514 12 -838 279 242 -449 274 -270 701 1002 -1013 -327 -651 693 526 -452 -619 376 -769 -351 -130 67 978 346 -331 -56 -900 152 -730 1575 -454 249 -12 93 -886 -182 -350 587 63 
453 40 183 -167 1143 21 931 837 562 1051 640 -641 -125 897 -403 145 -1178 258 -1004 1313 48 -125 99 -482 -80 -193 -589 -262 -367 -344 -338 -502 -223 -67 -183 -337 528 -1279 273 706 1172 -29 24 196 -917 -200 509 392 -1 954 102 -541 -58 722 405 294 -288 -1083 -678 1487 -1069 -187 550 585 -1186 -226 -29 -171 1179 -337 48 660 -69 13 -317 246 -678 -315 153 754 -643 240 479 264 182 780 -216 879 341 319 -143 30 -1063 -453 -72 541 1262 525 452 533 74 -836 -107 -695 -943 31 713 431 -592 541 -136 281 282 109 -475 -250 1061 -157 375 47 -915 99 -539 1012 5 -180 -171 183 -763 -641 -598 -518 -814 -102 -644 -31 242 199 677 -111 -467 710 128 28 -281 11 1424 1016 1204 10 -416 15 618 -171 151 316 -300 -541 -24 899 216 524 234 525 -83 -214 438 25 796 -66 343 -163 -926 533 593 -348 -229 73 368 -315 -268 -286 1072 704 429 175 -53 -971 -170 410 333 -172 -880 -1042 716 275 -398 140 180 -10 
595 -649 180 335 136 -260 -646 59 -424 -767 -308 -199 -493 178 -476 -158 -455 -193 -204 -189 -417 519 188 235 -103 293 14 -286 205 89 -705 -391 -89 249 -350 -103 -7 -55 -864 -509 -701 159 692 306 -661 -196 -360 -397 -126 679 1235 -684 -196 -783 -861 713 626 31 -168 -609 -348 197 178 -657 -270 -324 -872 -350 145 -271 -462 579 354 123 -204 -221 338 65 -20 186 -262 -1004 -258 -375 421 -187 106 138 -401 -641 -479 136 44 1216 -257 -424 -298 -442 -266 -134 -245 326 189 553 107 416 -326 87 -595 892 -881 -82 737 -578 -661 263 -277 -249 -972 -680 260 -100 -582 151 569 11 744 -8 310 -441 164 20 86 -156 618 -495 850 -7 613 -226 -1048 -142 27 861 -591 163 984 301 953 415 -462 763 3 489 -152 478 -315 -351 387 457 -245 49 -70 295 -488 50 -273 548 -653 -227 -139 -668 -1063 -333 3 230 -276 292 -438 -169 -769 -206 -563 -689 -971 -2 38 273 -696 884 352 905 779 -927 -138 -923 -120 265 693 553 
-29 -831 -830 -19 -414 -157 -1289 417 -757 -47 -338 -429 -172 626 158 -69 -3 -556 -41 -469 -265 -267 481 98 242 -655 290 -446 593 -1125 -104 31 886 -970 615 1083 228 57 378 -178 -921 36 -159 916 125 -223 669 -411 111 -262 -96 462 -156 -675 -532 118 -244 -725 406 278 560 111 -219 -61 52 -87 -694 -68 -330 169 -523 -327 328 -684 455 808 -315 390 1113 -63 -43 28 -667 -299 -686 -335 174 376 372 -128 -470 -1128 587 653 772 -762 59 619 -274 837 -510 299 -165 400 993 -415 -482 -20 -1228 -325 -215 -355 -490 -338 -728 -219 -1571 -291 -434 -84 542 -534 -828 98 -46 -317 -376 -396 210 -554 423 -817 -960 -528 -776 446 -43 -243 -201 148 -18 138 -327 -340 4 -24 -762 -410 358 301 201 447 -551 507 391 -696 267 87 136 135 105 1155 -52 -16 -674 891 -764 25 -66 30 660 90 -445 -1010 -624 133 235 -130 -666 815 -22 -221 -507 110 188 22 -643 691 -391 5 509 127 -606 289 553 -74 -452 1075 681 417 
313 -166 287 256 586 12 234 -636 93 431 -59 200 324 -610 -904 327 568 -311 8 -89 124 -267 479 616 46 -353 -630 663 149 -198 424 -511 -1196 -69 -657 -138 169 168 -652 -22 959 401 -228 1031 -576 -209 -447 -397 -494 -503 955 -562 698 -369 567 525 274 -95 -139 -38 890 -437 -295 448 -520 95 -401 -987 -287 -992 111 925 891 -546 -295 67 -451 840 570 -154 -217 -234 221 -590 -224 -717 351 -968 696 563 -638 1148 615 1038 -515 23 -1046 -676 223 -570 -1006 399 143 -470 -325 329 374 509 478 647 744 -469 214 -124 -413 -275 -468 -300 18 333 98 296 -598 -489 345 -408 -76 -143 -150 -696 297 824 107 -702 769 136 -292 -286 19 270 -536 -357 190 481 163 702 175 -11 -1216 476 -615 -590 380 367 -1385 204 269 301 -135 813 -472 176 249 737 675 -75 -415 -479 -310 -761 -196 269 -115 404 -7 196 -1028 531 -232 1033 654 -404 695 495 -470 -398 -656 -8 -708 -644 101 -452 -160 279 -65 -25 816 193 231 829 
-42 998 -66 491 191 -134 -760 -719 -211 -197 54 -369 -697 -486 501 -14 -31 -237 77 354 -112 491 480 -426 -190 -407 645 -311 321 -23 248 278 -15 706 312 -148 657 -331 -474 424 425 277 385 -640 1028 348 32 -296 -842 196 -126 -361 -128 -176 246 -524 456 -501 555 350 678 -24 -74 -26 168 -121 -760 775 471 -89 -522 304 -381 249 -563 777 229 358 451 -704 317 -609 -15 -201 52 -506 -281 -140 -323 -549 186 -270 676 470 258 -272 -844 58 386 -406 -105 -608 -949 -412 456 239 44 -356 8 -1012 -249 -161 721 -207 282 -271 -35 -469 -217 -1062 -1048 623 66 -125 36 -19 18 -375 -371 566 596 -512 -1204 -409 -194 698 -222 103 -653 459 -456 138 48 -3 1032 -292 -190 -416 -652 -566 255 171 46 -651 -177 81 -454 -337 542 453 224 -379 682 -55 -813 379 -8 43 2 791 -124 -352 -71 -503 301 1278 -544 483 -565 11 146 584 38 1568 559 239 541 265 357 -133 778 -1588 -538 605 -71 -462 -455 -603 -227 133 
-594 159 660 -417 364 336 -256 842 474 856 -74 184 -19 517 31 -16 330 -775 -116 -697 184 -985 -49 -173 -178 -194 -434 -386 488 -974 -615 -158 796 1095 85 290 -83 536 -317 -831 -226 -197 349 496 -775 240 -1023 1028 -551 -96 357 -917 -246 545 -912 -460 -507 501 -36 -157 15 538 429 -81 507 889 -7 330 -619 251 -141 -296 333 128 69 -205 8 135 416 1237 260 197 258 -491 -543 768 260 712 1338 -471 -580 -171 -226 494 728 764 286 268 20 195 630 183 349 133 539 -113 403 -190 -280 434 -246 -852 -226 104 44 -204 194 179 -722 192 -322 -149 -677 -417 -218 -337 -201 47 -695 631 -324 477 137 351 -121 892 646 -541 435 285 586 -1083 -144 413 -50 -189 -233 -259 146 144 -229 112 275 309 44 1043 1033 495 -200 38 105 -404 64 803 -211 494 133 60 328 -856 -699 -405 -1091 126 -289 668 108 1371 411 376 499 842 -409 -203 -182 678 4 -2 -220 916 -1230 556 -136 -571 555 -128 -266 -1167 159 -788 
326 -401 -105 94 -352 541 -178 -469 50 737 73 350 -275 1360 -396 -102 231 125 770 1 476 -469 -236 122 539 474 -383 -182 763 -637 577 410 -113 345 57 -618 258 -506 -979 -738 -192 -391 3 436 333 -100 220 324 747 566 -271 35 925 -342 165 287 18 66 -289 515 1029 -28 -134 100 610 -37 572 354 7 -662 198 482 -248 649 -485 -69 -153 -40 -179 1041 -686 -738 -419 -124 -321 -457 428 155 7 -12 -277 544 208 -218 523 471 -389 229 689 -201 452 577 825 29 -386 742 60 -824 552 109 -131 331 115 372 1198 891 502 38 -83 382 -451 705 -192 -131 641 217 257 228 697 25 -59 -423 -880 -490 288 -158 249 127 458 -15 92 -487 723 -298 296 -87 385 -987 614 -584 770 497 137 400 275 462 -148 470 -109 620 376 770 -37 685 -163 -228 -121 180 740 546 1028 -559 -709 -197 -1121 254 -123 142 360 560 -497 299 268 943 -552 421 299 -107 -278 -213 -403 -895 181 -184 623 -664 103 -847 -742 657 
-149 41 -137 695 697 98 68 0 394 -218 691 404 -221 322 -109 214 -462 20 327 872 103 231 -917 406 -894 279 -356 756 0 -583 677 -342 -380 630 3 -201 -349 -794 -43 90 -126 -602 -627 308 -781 -888 -232 614 -502 -213 946 651 447 325 315 648 517 213 -785 -287 153 172 -239 -645 181 518 -457 -512 -432 -270 1014 209 -284 742 698 670 -243 -593 -78 337 6 -130 -865 508 -127 35 26 666 -26 -217 226 -394 -102 571 -869 811 119 -1136 1039 -265 -605 865 -182 117 -902 673 136 -95 109 644 222 -917 -16 69 -474 -73 519 174 16 -484 1153 85 -575 -326 -448 157 312 48 113 286 -307 771 155 -330 -20 -351 360 -857 -120 -490 173 -994 -420 455 -567 782 -495 320 674 -678 -162 -462 700 -160 -362 213 184 -913 117 498 -98 -140 32 943 -229 -96 786 458 -463 -113 335 -479 -88 -780 -457 609 -5 -344 460 25 118 3 459 1064 -366 43 -76 272 -60 260 80 500 -199 -302 -361 39 -461 -760 -192 6 
-222 -307 -163 447 -167 -563 814 -288 -584 -172 53 816 -733 224 -74 -425 -422 243 -269 -245 914 310 719 884 60 507 -121 -462 845 -362 90 -392 -254 31 -194 -76 600 691 -241 451 -226 -1220 235 420 -258 -184 179 442 569 108 162 -16 184 -384 107 835 -448 425 -568 48 -36 -250 143 367 -338 368 -383 -65 -693 -575 -26 575 42 -449 -431 99 -345 -75 -88 322 530 1266 -413 137 434 -536 737 217 74 775 -934 494 1683 10 122 -419 -991 -434 886 -828 -334 -163 -499 -406 467 -489 689 -265 -758 678 -424 -560 990 184 176 12 254 550 -68 428 182 614 -143 -179 200 -105 -896 531 240 578 -584 902 -234 -265 349 -71 -502 -165 196 -425 -213 515 -449 -301 272 -131 548 -204 -314 624 88 -349 -81 1475 -454 630 41 -217 76 -4 383 -457 -360 458 550 233 460 419 -669 -141 -309 -74 135 247 -44 -1031 -98 -377 71 847 511 335 -23 -594 383 -232 -206 -68 1227 -234 -18 -370 224 -468 112 -452 292 75 -33 -18 
-482 16 37 347 246 525 800 725 216 468 1091 -541 -759 515 -376 754 -26 948 -587 61 -179 44 -52 680 851 -332 -96 -791 315 -541 -207 -235 -219 -308 -94 -70 -450 -177 164 -423 506 844 166 -70 296 835 1250 -353 -220 -40 -687 -143 724 288 316 41 -378 -203 430 -12 -303 -1138 399 -71 194 -339 360 -140 -21 -404 -814 63 -249 -183 419 183 -378 122 13 398 -574 464 -346 803 -422 -46 -482 247 17 29 -303 -71 -194 -154 -1316 -382 -677 -125 -384 -503 -116 -459 -176 -768 342 -51 278 30 286 535 240 -191 -219 38 380 -978 -685 5 282 234 -296 -123 186 1326 -842 -442 -732 -308 363 93 595 -260 -317 -598 -592 261 698 188 -259 -134 -554 -592 103 327 -187 771 -988 -1001 -76 -101 -229 120 842 -301 -165 544 -264 888 -106 -407 -306 645 598 313 110 15 -407 1022 229 -359 531 165 -312 35 -823 -93 -112 251 601 16 58 -252 324 542 -74 -236 219 -37 68 12 402 -193 -243 981 -577 516 217 -190 -34 -394 
-310 -231 -165 539 -1052 340 353 -556 1023 675 457 -258 1049 -615 125 274 -573 -694 88 62 135 -67 302 257 -51 -199 -79 66 1158 487 -20 813 -165 -216 -494 343 196 584 672 -64 179 263 -428 273 -55 -671 182 533 627 -227 -856 55 721 -260 581 1123 597 1251 437 -910 -587 -16 551 -228 96 -271 -730 -129 388 -930 901 328 384 132 -497 28 -199 -417 -84 -253 330 258 115 150 -37 -547 -1 -70 -264 -873 50 638 -272 384 -125 347 242 -230 217 -351 -351 624 -409 -443 -178 -313 29 -404 81 -744 60 112 -462 96 771 -6 87 -216 292 405 -452 1154 53 103 -871 70 -960 -245 -690 -66 474 861 -794 -695 598 -372 -522 -961 -132 30 -490 1073 -1156 -555 -277 -289 479 409 527 458 389 -722 -362 1395 -119 182 1065 635 -627 2 619 -61 362 272 939 -1213 -574 -166 470 205 355 -637 17 1108 -698 -149 -215 497 204 -62 -992 862 1185 -868 133 651 40 -99 170 -392 -366 -100 -32 255 -366 98 243 263 289 -358 
-308 475 -1042 189 -350 -644 602 -449 583 -208 -192 637 -28 -8 -1147 1078 -524 21 -403 925 -263 -62 817 173 -111 545 156 -624 -431 247 14 -199 -6 -625 75 1038 127 -532 -287 113 40 56 261 886 768 -274 554 -787 -1010 -320 -669 47 318 12 430 -372 150 -416 -279 -114 827 536 -588 -523 -162 -205 -944 1041 -56 -1145 -459 703 561 -306 -291 47 -238 356 -189 415 -995 27 554 21 -1647 203 87 -750 -589 127 263 -136 721 -123 825 -217 -66 -571 678 -1259 -253 179 -922 -72 -63 -1191 -1047 550 -641 -191 1136 203 -567 315 175 -626 1113 -542 893 24 1060 -83 135 59 92 -32 -20 -330 1329 -709 -288 614 -1603 -152 -521 -184 -66 412 -254 426 374 861 717 -627 46 -238 -293 -393 -287 -353 326 299 -495 -737 157 856 -54 -1233 -1403 -254 127 -266 695 -356 -595 817 -633 207 1025 81 566 278 -486 255 -599 167 272 281 106 675 132 39 564 1055 427 306 677 390 1194 -492 1350 1140 -764 1443 -65 1119 -330 183 -777 149 
-28 401 733 475 611 -151 -182 33 -217 -649 -869 -577 -275 122 546 299 410 -9 -298 -716 99 311 299 215 -445 -174 851 1322 -814 -346 -616 -358 -1020 -602 -392 -14 401 102 -336 309 -279 567 -279 21 -370 335 -477 -503 -333 -64 -114 810 -59 512 548 443 -829 -166 -180 194 -257 -558 -249 -10 151 612 754 -861 -884 -990 -49 1308 376 -150 113 -895 920 947 -56 594 69 335 -43 -832 64 297 386 268 371 677 -1072 -2 405 -652 285 458 976 92 368 748 -1520 395 359 340 -17 -20 904 27 -13 297 47 -278 253 166 23 479 -590 -484 174 640 -388 886 391 -432 512 -513 -409 -7 -385 134 -1059 135 -84 -580 1039 -758 -784 -315 646 633 -749 -50 309 -271 799 131 -462 210 -234 -348 558 -524 386 62 135 -726 -134 227 -213 -438 -9 4 -532 306 889 -747 340 -938 96 80 -127 424 109 360 825 -169 -1061 558 209 427 -824 -71 222 238 658 -1165 -49 -84 104 -469 -196 -115 -936 467 -769 546 1527 -394 213 107 
-493 1359 -905 359 -173 1214 593 -423 275 57 -1092 354 45 -208 33 227 343 653 311 179 162 560 115 271 -469 -118 441 435 -1023 89 295 635 296 342 263 -652 -132 -406 253 822 573 -402 -658 -551 -931 750 -500 -369 585 -67 389 303 193 -294 -21 -346 -28 76 -335 -368 665 -91 -714 -186 -275 313 927 559 141 -508 -306 -788 38 -124 499 -257 30 -768 103 -485 182 242 432 175 174 351 -36 -111 -262 290 166 -237 425 456 -315 14 120 -103 -236 -299 -808 -211 345 235 -655 699 -452 492 930 156 -274 -56 -115 279 -438 -377 306 -598 -423 -353 -1051 -519 -10 -206 -68 -125 344 -403 253 218 915 115 229 1113 1153 -641 157 422 70 -443 -87 614 10 -36 134 -501 567 -241 -187 -287 1855 845 312 -1011 -583 -205 584 -521 328 1147 -564 615 -244 -182 358 270 -3 -133 -184 275 54 -205 75 -64 -785 -60 443 -106 -751 265 -247 -10 190 436 86 -105 -130 -793 -609 -647 -230 326 105 -154 388 -215 544 268 250 209 
-719 965 -928 -604 458 7 -463 -743 71 861 -582 204 -262 39 241 -193 -491 -377 -12 -1270 -128 -551 207 184 -57 -82 346 380 42 -201 146 -412 -343 277 -148 570 114 826 534 306 -55 -180 -218 205 469 -16 -267 221 -843 -440 106 -1207 913 -568 -197 -280 145 -928 427 865 959 267 -412 -320 -551 -434 298 -871 -14 402 -352 695 -176 846 303 50 632 286 -300 2 108 -200 459 697 404 -6 394 211 -346 1320 -645 7 661 219 683 -89 595 361 49 104 400 -203 73 -49 -840 33 0 -994 238 -516 893 -820 483 -953 -581 -1011 -531 -1351 -542 316 -286 -381 1042 595 227 -1038 -141 -217 -96 -285 -386 -101 -298 -935 -409 217 -360 468 -97 254 -236 863 -158 -1474 -86 -343 -17 122 1412 119 423 166 -633 -371 203 -227 -375 202 381 45 674 35 -98 -549 120 -27 140 370 -361 267 -361 750 -276 -73 315 281 580 -790 318 -109 -41 -510 491 401 -172 -79 -528 110 -401 359 -1136 -460 807 -1138 423 111 -910 635 -590 410 
-699 -326 -71 -432 -91 -565 431 -371 133 278 71 48 325 -203 -863 -387 -978 75 -941 -28 -224 -124 -311 2 -98 479 -626 582 -391 521 994 18 -188 470 435 314 -1384 -540 -290 -628 515 552 -22 848 91 -1324 1193 83 41 806 129 331 711 441 126 259 586 95 680 84 -169 318 -606 -478 -668 -1032 -758 -420 224 1287 689 -342 632 207 -211 -335 -342 -342 -713 -196 622 -187 -205 -53 214 653 -362 127 -670 170 -714 -90 586 646 77 630 423 649 580 839 450 399 65 -229 896 -132 -156 123 237 112 -1252 -136 -51 253 1715 655 122 1032 -458 163 -35 -129 -435 -153 71 -172 450 1151 553 -264 -537 -321 -348 150 -611 47 -1070 -245 0 149 -90 403 309 -160 -651 295 -315 329 -168 -584 -54 97 -223 -280 601 198 -400 274 358 400 614 265 858 -98 -892 -304 519 -775 142 305 280 627 -115 -649 -681 -1087 153 505 1184 -568 9 315 39 8 462 -590 186 899 -23 -193 -374 -439 501 567 -164 -782 650 -704 810 531 
585 -904 23 207 590 279 31 74 -806 -804 -353 -486 -495 -134 -130 775 216 -217 -416 70 -14 -353 -89 -408 -887 342 -52 628 276 -474 -155 -124 -346 -442 216 816 -772 -16 127 -519 -370 558 135 423 -1235 1058 350 -1179 149 -136 -63 -8 121 -549 -719 -499 39 -225 1061 392 -606 235 -718 652 -554 806 -405 405 -530 296 1157 737 76 -293 266 992 -936 -406 -3 -124 116 96 381 -145 512 118 -501 827 -136 361 199 -245 -772 25 -61 -964 46 -613 -143 251 -812 -439 219 -514 648 891 -802 -62 -164 100 511 -509 -150 -219 -905 -613 558 686 193 -214 36 -981 -107 712 -69 24 1102 -133 -587 -175 -540 -416 809 95 -450 322 289 599 -1019 146 -626 255 -269 -68 38 456 -412 -24 -295 616 550 335 130 -628 348 450 157 -118 741 -224 -766 388 657 59 418 -240 814 -388 -222 1084 -75 474 -460 -558 -309 -149 494 -368 104 558 670 -660 -259 116 454 -396 -666 -533 291 301 -294 -519 913 331 219 -406 159 -681 -222 350 
-116 305 -136 699 -355 -930 -797 127 -300 270 261 312 -191 84 74 -275 -54 -124 -80 -305 -558 1264 -289 274 710 658 -149 235 -369 179 190 409 443 -8 -646 442 -185 693 -92 85 255 691 641 -557 49 -153 150 -315 803 627 495 96 483 -122 -215 104 -708 -74 529 43 -180 -183 -582 210 -185 345 -217 986 398 257 697 -23 -29 -530 -3 -6 -141 699 -217 142 816 281 -1089 134 -379 -347 322 342 65 15 175 321 -161 742 -395 695 -380 12 -46 140 119 -513 178 -183 -1019 345 229 577 317 -374 -245 -601 -209 340 182 70 517 547 51 -197 -505 -360 162 345 -138 -612 -260 76 -485 766 594 -623 603 762 41 10 -854 594 -415 -1361 -93 545 57 93 -1541 -244 -664 -121 662 -461 380 -341 -583 -329 664 -559 425 420 -446 -457 -260 764 909 -576 230 -16 408 728 -62 1359 5 -46 163 1744 -913 -814 -218 645 -144 470 -872 -177 51 -115 -97 946 904 -522 -336 -141 365 337 -487 170 -123 -315 -158 -1032 -981 -470 
214 -628 480 586 -399 245 -297 86 67 313 63 71 -743 917 558 168 782 -729 -140 -450 -470 -688 56 -412 -293 246 346 -791 327 -407 -253 -778 878 -158 -146 -591 200 -556 -971 235 -398 5 112 94 -294 -819 -124 502 92 -411 -719 -794 229 296 178 -308 -1253 496 -485 -846 -988 -199 -387 533 -221 -128 -177 -50 -585 748 80 280 -144 -172 1039 1028 -445 1367 -54 -40 703 94 -91 243 344 -54 199 42 131 -536 -212 720 -772 -323 534 676 509 628 156 -119 370 -178 721 -17 545 347 691 -64 -1085 377 -433 1020 143 654 910 591 -411 151 865 -86 -381 981 459 -480 258 -63 -390 -206 -382 291 -495 -286 -122 3 5 210 -726 391 -537 547 -511 1056 50 166 -422 9 1199 769 -68 657 249 87 766 -128 -505 -352 -120 408 984 -939 344 -931 -333 140 154 -16 -32 -315 293 135 1113 -252 558 513 625 -1015 -399 776 186 57 -152 529 -180 -222 -61 -379 -1116 -638 623 742 -518 -937 44 -293 -12 -42 -314 -1356 -268 23 
-1 -888 -219 -589 57 1892 197 154 56 -1019 278 -398 -583 -264 -475 453 -787 111 -740 -266 -385 -125 494 -52 -244 -378 851 557 977 -235 -575 477 -390 -859 -8 176 -177 912 522 272 423 145 -72 -29 -1234 104 137 -414 371 368 -6 -392 323 343 -596 221 -194 248 -395 -1104 -742 -346 -42 103 614 -221 -28 406 1268 311 53 620 805 -332 649 290 -315 -241 -22 408 -151 1087 -1047 -328 -174 125 45 266 -60 -554 -467 24 151 -389 354 -53 681 519 -629 155 127 -389 949 567 76 -806 -500 -301 -851 -674 3 796 -723 1009 611 21 501 440 -733 1378 367 377 156 -163 -215 987 -1456 65 387 -570 -426 70 271 108 -143 -423 -64 -226 -1006 283 -696 -582 -114 496 -301 -427 -158 29 -205 870 433 344 -556 492 -210 -91 -52 -470 710 -1152 238 -197 14 -412 -747 -840 -293 -483 350 0 -484 231 622 361 437 -866 -249 -459 87 566 731 -431 292 165 -265 -482 -2013 62 942 121 -255 -545 -359 -522 -690 -698 508 -393 57 632 
-557 -89 -283 -500 64 -117 11 -113 1307 90 113 -1052 -313 -934 -136 -41 250 223 504 -1019 188 -192 -488 39 -204 178 -314 871 -656 218 492 473 -178 -510 691 -227 278 567 -301 868 82 449 191 -1607 75 -520 -508 -508 110 -55 176 427 -494 -412 314 219 -460 684 212 -21 -56 1059 -553 -393 -328 21 -72 608 -364 -353 686 536 514 502 -161 322 692 -656 58 -840 114 -691 22 -673 -470 358 -69 -50 -64 234 565 560 1060 903 -345 -202 -458 -251 429 58 -290 167 -354 376 -14 -1232 -123 -345 -199 710 -275 -8 -651 595 -114 -555 221 1037 311 1214 -397 692 384 283 85 94 -699 -177 -92 -644 -912 231 -611 980 264 -212 -753 -62 238 685 -290 613 -368 -325 373 -128 -30 619 -572 -210 82 -360 -479 -198 -180 685 -354 -459 -279 -111 197 -691 391 750 -191 -179 765 419 538 98 -545 -246 48 39 -138 -257 23 1122 70 -579 -917 300 312 -507 72 68 277 520 567 -245 388 312 -238 -177 -1334 -358 -273 -439 -34 129 
-136 323 398 -333 -610 322 -230 -437 -534 211 -41 209 -328 934 185 457 250 -627 -315 38 277 59 -441 -748 -388 831 86 7 711 -163 577 -392 -238 499 -540 815 40 108 -195 211 901 143 802 854 -408 -955 -778 -106 -236 -170 478 -710 490 252 -505 67 599 639 25 -187 -388 -542 -16 197 -874 357 53 -162 457 583 1331 -23 218 -303 -142 -346 552 192 152 -134 -10 -4 55 302 -7 180 540 151 -16 290 369 118 44 285 83 735 -186 -329 977 -621 -494 -65 229 713 835 733 297 -337 -448 -171 -681 -519 218 12 402 -182 -285 -375 414 1 -1525 762 -11 -120 -84 -673 548 -301 -371 -524 -79 299 32 132 155 310 344 620 478 -441 39 -83 -1003 77 -40 532 640 -197 -275 -233 453 624 -289 -594 67 -436 -288 365 228 2 -190 368 -391 5 12 491 561 420 -532 436 -229 -342 196 323 259 181 -378 140 -512 829 261 6 672 67 217 -479 -455 -6 -531 229 -60 -189 -103 -30 -292 -772 307 -707 255 405 
721 -214 -355 -159 -400 -667 -751 252 488 -455 465 79 -427 79 449 -409 134 -581 4 -81 229 -1013 -773 404 197 491 -1081 -36 198 6 902 -865 -66 -396 287 -123 -346 -531 1043 -819 461 172 -104 1170 111 -590 265 -372 -653 -904 -113 -508 -401 -297 -187 1 -927 -244 -34 -240 596 220 -1305 717 -56 105 -361 -802 -785 117 291 -226 252 100 448 593 -876 1013 -330 374 313 41 -959 841 -327 -614 -17 -222 290 237 84 -419 -105 759 562 392 252 -919 241 -625 105 -395 -490 -865 900 -455 -390 99 -292 -976 -154 843 -669 14 -190 -41 -364 29 104 -493 847 -408 235 -844 -246 -509 475 871 395 1136 694 -1523 -579 -457 383 207 -294 390 -317 102 465 781 96 -245 526 -33 1140 431 564 799 -892 -700 1120 -1071 -298 262 150 -873 -408 -1456 -351 808 398 -458 752 -461 -1607 -247 -76 913 315 414 -654 563 -275 897 480 362 -71 371 90 745 -893 278 -765 380 95 292 395 195 -489 389 452 186 411 594 742 665 514 -578 
51 -384 -492 494 46 966 1413 89 43 -332 -845 462 423 1013 38 138 179 678 -48 -150 -1271 -145 -478 500 -671 -224 648 -834 168 140 -121 135 1010 -441 324 657 732 631 1031 -67 952 -592 -826 900 -106 459 235 -260 -58 223 -122 -410 166 -101 238 206 762 -55 -655 454 -583 -45 531 -334 -692 56 380 -659 242 1126 222 219 -464 482 364 531 -488 -114 377 -189 -651 375 426 -202 601 619 -501 313 111 -326 317 273 -589 -447 258 243 -11 -74 -108 -341 383 550 -190 36 -269 -195 635 58 -605 -1049 -999 -715 155 1107 567 -422 -511 65 385 -806 -378 -625 -29 -217 -1081 -1080 355 627 -314 -1484 635 941 732 338 -6 -995 812 -832 64 -337 -33 434 -380 613 -364 1368 131 868 -1024 492 348 23 470 -522 427 -385 836 1152 1471 577 -869 -347 -293 -1098 24 -22 -335 762 -717 402 -312 31 -865 -784 389 215 -73 -1240 481 -113 176 -1011 -119 54 -295 -44 -896 216 476 -592 121 1640 -503 -584 110 -576 -178 274 -90 114 
358 -656 74 -629 219 703 -533 -515 1422 125 -625 -1235 -585 -1073 463 698 -513 -944 73 94 244 837 8 355 -793 -240 -731 509 -772 75 -709 1342 -362 -675 573 -100 -142 725 -322 140 527 14 322 -60 -398 364 303 7 -4 -833 1008 19 -957 176 -683 -711 -306 301 331 -688 57 -1219 -1125 1007 709 1670 222 1131 229 513 319 -620 -156 -668 280 -148 147 -1329 -449 -28 -769 244 24 -331 -126 103 398 767 361 404 433 455 -369 -918 -1253 -462 414 -254 -592 359 -537 -1083 887 1156 33 -951 670 -195 -330 86 -172 829 -34 728 1087 125 115 -369 576 267 72 213 963 11 133 1229 -1377 -574 310 -241 -523 671 -47 445 -336 46 -483 911 -40 550 348 700 -620 111 -111 -214 149 459 -234 21 626 -77 -930 -1082 326 118 140 -21 -1186 -27 -930 307 -1242 716 215 -61 -272 1226 -212 311 -222 -682 838 -738 -234 -1645 758 174 -685 43 289 -683 247 649 -904 -211 317 -135 227 492 514 633 653 704 -537 646 382 147 -379 28 
89 328 182 594 776 266 -99 277 385 -75 684 -212 460 861 279 -832 326 -297 161 347 -197 -772 -525 448 176 -288 579 161 -608 49 486 313 -450 -87 -205 -543 1054 -24 23 49 -863 -889 -458 -91 -212 -674 -599 -409 -182 -219 124 -493 -871 607 -955 260 612 17 1116 134 1509 -116 126 880 -790 43 905 -904 -100 860 -452 36 -291 239 195 753 -179 -214 -758 -1064 0 -255 291 535 -151 -836 -53 97 366 485 776 -364 -335 84 -143 -420 613 528 357 1 -309 448 82 -309 -185 -4 -242 125 -46 122 483 -432 844 27 600 -259 -86 439 151 -707 -633 -16 -341 980 102 204 -70 -669 525 787 -687 283 117 -596 -866 406 1388 -754 112 -591 231 462 -613 92 -95 460 -156 216 754 1048 -414 -361 655 -938 85 -526 -364 787 -112 -140 584 223 499 -109 89 -407 416 305 667 -122 -270 513 -78 -204 3 793 172 -490 504 -692 368 -620 435 -117 -120 698 -933 747 645 90 302 229 -56 29 533 219 392 -12 553 605 
-193 739 -889 443 181 -481 -178 207 1152 236 -197 737 782 503 28 -134 914 -154 92 -273 384 -377 27 -519 -419 109 -611 79 51 110 -190 -1105 -103 240 1251 -333 819 -618 510 847 -418 -369 -453 -256 -670 -447 -517 415 -573 146 -61 -756 -90 -275 392 -210 -193 308 196 -15 -517 -176 -253 204 -1235 873 97 134 -498 658 -356 -292 -393 147 260 1352 -570 -504 919 -623 -247 -355 -346 -420 429 14 -639 -439 -747 123 -490 -270 -348 -653 190 632 28 -85 1120 618 -415 522 178 103 -238 -76 1332 -476 -769 984 110 410 -162 -255 -377 -246 392 242 -331 1615 -426 249 202 1096 -301 -218 -524 569 -333 170 -732 543 120 1034 219 -54 -769 -875 873 385 183 533 873 667 -235 76 1023 294 693 252 1321 -99 -440 604 -365 211 -61 -1 407 997 258 -105 338 -605 -313 -29 477 48 872 -502 425 -454 -887 585 -165 98 10 -159 484 131 -976 -192 319 -793 527 507 817 -175 449 70 -100 200 -254 -789 650 -320 -597 595 -190 332 
-252 -547 -744 -644 -649 -930 -177 680 -394 -779 -44 -469 1361 167 127 312 202 -1151 236 -209 -269 -730 377 -909 -340 472 398 -535 290 1152 -710 1113 100 -95 -706 338 66 1022 -529 -322 331 323 -127 -14 -410 -83 220 489 91 364 -498 -177 587 -155 -590 -131 -359 297 -39 -628 -123 430 607 60 58 -504 589 -806 412 -579 -303 96 181 595 -609 86 63 -187 -12 -277 450 -849 89 183 449 -263 59 405 -305 -1007 615 -189 -564 -565 -126 294 -213 377 -379 -665 167 -286 918 179 1083 208 190 632 -1293 -1011 153 313 -960 417 272 251 429 -638 361 72 98 -928 -331 984 29 1166 494 -55 119 188 -37 -682 782 579 -461 1179 -534 -420 474 428 -1028 663 881 752 291 703 -576 1 -142 420 -910 362 70 349 38 1008 255 -160 -822 -742 -597 47 267 -1017 380 361 461 416 -867 -700 21 -695 -668 -49 -61 446 666 137 -309 -1020 14 -555 435 -466 -1061 -85 -495 -95 669 206 165 -331 -220 290 -204 -320 25 -701 -484 1397 
-343 229 -16 928 501 -446 -478 704 25 -362 684 219 165 -459 657 220 314 126 392 401 718 -346 -637 135 -152 746 -333 1192 -336 -584 -502 -152 466 -544 -101 519 534 745 -66 -616 332 2057 -766 254 238 665 -581 -310 245 131 -531 1641 -623 -295 834 206 -519 -164 -40 526 74 134 976 433 994 -65 737 93 -305 -723 421 -570 -382 417 253 -8 773 140 47 446 -496 310 -991 -389 181 585 -277 280 -297 175 44 -433 -731 -751 -223 878 203 -446 346 514 -578 560 -377 -704 -617 172 -380 322 463 66 -180 -56 -433 -1522 -772 107 -20 -385 921 -173 184 -97 654 160 155 -368 787 145 -335 0 -77 100 -570 -49 371 -747 1167 54 -20 567 -508 346 270 -332 296 868 -491 -674 80 -712 96 -287 540 594 -214 -447 1444 -505 567 695 -233 356 355 -123 85 368 750 -198 289 193 242 -184 5 -126 -32 -181 -459 92 50 -716 -400 397 684 809 -434 -68 1147 -456 -846 301 -649 692 -382 231 598 793 115 194 401 -893 
-1411 -128 -1158 -461 322 341 625 487 487 -439 -326 770 667 -281 14 1155 393 -464 912 -926 -477 -275 -726 -31 124 -242 -452 179 581 251 -391 364 273 324 -799 -351 -27 948 70 396 -46 -133 -112 0 -251 320 113 -235 -302 231 286 -750 440 -47 -4 -285 596 226 -728 196 525 -396 241 821 -572 -31 777 -5 1054 199 843 -900 -66 662 276 7 -86 -397 -35 -321 100 633 -222 -608 -264 -617 417 -85 -281 -838 -107 -464 277 58 -1125 -228 -314 -572 383 -198 187 -74 920 -419 -143 -246 -498 756 517 -1093 216 -283 33 660 370 297 496 115 -338 -416 -199 -720 546 377 541 709 -268 -6 536 8 306 -432 773 -228 27 -187 86 -204 -245 429 98 -678 -417 82 -457 -227 -149 -703 533 254 647 704 369 -464 -179 -218 145 -1033 264 691 -362 -83 379 -587 -539 285 108 -471 -218 -289 -602 578 -888 52 -529 901 -469 60 -393 -806 1080 -202 640 188 -428 946 735 657 -705 -548 -152 661 -92 -574 945 -213 -300 -678 -191 51 
-335 -1145 -528 554 -286 -27 -284 635 -161 292 507 -1399 564 282 -61 247 425 49 -177 972 -904 376 918 453 715 -223 -173 430 -975 -299 -794 507 697 -97 444 -296 -784 587 -718 -562 -44 385 -57 255 247 -102 -657 1073 -71 -215 206 -354 791 94 103 1120 -299 -281 245 -524 281 -162 -595 -9 14 -187 81 -467 -782 -357 -133 255 -664 834 -261 -87 -607 -785 -493 -264 171 24 320 -10 -828 145 -400 -218 -427 -671 301 106 29 -247 -183 342 -184 -100 -526 261 924 255 295 353 592 -57 -25 608 -987 462 -457 494 457 -995 296 233 -154 46 413 -499 699 -481 -162 -303 197 266 -58 101 960 -526 255 -497 388 341 128 592 493 -112 -483 -160 77 844 -971 -241 -1035 498 -283 -321 271 -169 -497 -361 -148 585 24 -5 -640 417 403 620 133 -27 -373 75 140 757 756 -482 -314 93 -281 -313 -715 194 496 -1007 -276 8 383 -1000 418 -295 448 -361 57 111 -1094 581 9 22 263 -469 -683 -253 43 785 171 254 394 436 
-1163 754 -681 572 592 538 1218 -1085 525 172 -955 -33 -609 228 139 365 485 -234 44 -480 668 -529 -104 434 -311 574 -236 256 14 -60 -1097 -329 99 -607 192 -84 -224 360 -697 401 -481 -176 -819 143 -39 479 -273 -237 -146 523 -1 53 -157 541 -379 -127 -385 0 184 -618 1 -188 -860 163 -174 287 233 -322 401 -488 -383 -80 459 -280 206 -49 -332 94 -706 371 161 -662 -119 -230 79 -578 -392 426 -395 356 -11 379 579 49 309 -369 -108 325 533 41 285 1501 260 238 -172 -185 -555 -211 121 -1048 908 897 582 -181 526 61 -364 -299 833 648 -478 387 874 -681 586 982 297 -419 -225 360 16 -91 -39 -87 188 43 973 121 185 138 359 482 -165 659 575 522 445 -564 -37 157 577 -6 145 -501 -1102 600 -556 -242 123 -77 238 565 1078 -45 -449 86 279 165 550 114 260 -161 -99 78 -832 -141 -322 487 118 -983 645 76 1054 251 102 331 -484 -67 113 645 182 22 161 -655 13 -563 -1119 282 -38 297 
-332 -36 -250 90 1109 400 -845 -473 536 219 -521 59 -348 541 154 -38 -212 1212 -444 -443 90 231 396 298 -734 564 139 168 392 -691 220 -154 -841 1135 -497 -199 -350 535 -597 298 81 197 290 89 1014 -232 -856 1168 966 16 599 108 167 -586 317 -312 -335 -140 184 1254 463 312 182 362 -29 -436 505 358 90 203 206 274 401 358 -325 157 -115 138 -527 -301 -385 492 -577 -268 191 433 906 -137 775 254 -375 -595 137 -546 -239 641 214 -422 144 557 331 306 813 -254 -976 748 348 32 -92 461 -221 948 646 -271 633 -70 751 792 -1247 147 -600 727 285 -934 651 -1227 -625 1095 -70 193 -278 1249 186 178 -597 309 522 381 137 -213 295 198 -372 -393 -210 1051 157 -151 -703 -722 -669 -557 -73 81 550 139 -1434 -622 710 5 486 1096 -93 -46 -530 -369 69 -48 789 158 -1182 -237 339 398 -122 267 586 -659 -330 -15 -219 114 1077 -229 392 -727 -308 -477 240 -499 -519 -1219 223 -94 -14 -89 118 -75 102 -594 
-518 -1066 -92 785 1063 194 -1141 -94 -131 -761 -379 393 -399 140 -135 -131 -487 -663 104 462 457 288 252 -144 265 -470 536 1583 -184 -101 -1722 -350 -216 -269 531 -591 -412 574 204 -5 -57 -148 45 876 633 -150 31 1101 -887 -464 338 -908 8 320 -197 -416 716 -197 -138 -370 -422 -4 -515 -47 87 313 -486 723 -19 -27 830 -10 -923 -213 849 467 -515 266 563 169 499 253 474 128 -450 553 238 249 -800 -337 -576 -420 181 -27 40 634 -508 -753 217 -114 -149 28 62 69 408 29 433 127 -34 236 -276 -15 89 711 -517 -594 -264 210 497 -301 -234 372 238 -833 -312 -146 -444 253 -488 887 -322 1314 641 -32 743 18 -565 -948 -798 -64 -471 -686 1154 563 -303 861 -456 672 395 -44 441 -495 -323 464 -181 95 -248 -471 865 323 1045 -451 -216 -315 -878 -834 -450 -316 334 -257 -535 83 69 -236 6 655 -436 232 -18 -3 300 28 -260 847 -239 4 735 818 319 -292 -511 -209 -1036 520 -176 1398 -776 -1119 465 -1283 
-543 -300 -124 895 -485 562 649 324 -85 400 577 34 -793 1266 -456 -382 185 284 -189 117 -269 1347 -12 -338 825 40 -542 1199 751 -522 885 -538 -1029 402 92 -403 -386 551 -199 280 177 513 570 -332 -372 -1207 5 369 1357 595 19 -317 -144 -716 -84 746 -387 -891 -529 804 -549 184 497 -100 -621 -920 464 250 528 768 -83 318 1364 -119 65 -490 223 3 303 479 302 1011 459 -616 132 478 -988 -41 134 95 -415 578 1035 165 -110 363 -773 165 -224 290 -531 805 -592 620 -353 217 510 -597 897 985 -815 -672 510 -725 165 293 402 721 -135 1137 -811 810 518 109 472 -1311 67 673 -343 292 -1006 119 -1566 122 312 94 -219 -545 759 277 -614 -186 -225 -241 747 -17 765 -724 768 86 614 -738 -676 -30 -612 -465 -748 -337 -359 340 640 -16 -482 -113 -468 138 76 -486 776 155 -451 506 254 723 -108 -673 -879 838 -467 855 -94 -217 -413 -372 77 1074 490 -344 273 470 -565 -261 578 -1063 -9 -627 -481 365 470 -216 
-487 79 -133 280 -555 -378 64 -679 264 -145 -327 -987 -280 -336 -101 531 148 -79 927 21 212 633 202 104 -75 363 391 341 -502 -227 673 -56 -629 991 758 784 576 458 -219 324 -603 -1052 -550 643 594 483 -1356 229 -381 224 831 -356 -80 -377 843 -13 648 -477 545 -54 1237 -137 -509 -899 -633 135 -340 -351 219 -484 391 303 271 -197 688 540 68 477 -142 -848 -27 -36 626 -320 46 -448 -42 508 964 671 523 257 -1046 -512 -137 -306 -609 -154 7 -349 631 456 -678 -116 160 68 626 -777 -216 -248 180 -200 68 -49 -219 336 -330 -1261 -895 168 -853 -1118 -387 11 -248 17 -120 53 560 152 -149 84 6 368 -1363 208 504 -565 553 415 333 -266 -359 413 -185 1251 -449 43 -693 -568 -394 -72 343 -320 -256 -318 -529 372 -889 719 176 130 655 708 -138 -4 -93 -140 -885 -318 -646 -250 279 -417 263 394 72 -1644 -183 726 178 -470 -541 1050 575 -787 225 -144 -237 -677 -564 -157 -416 477 25 -72 -280 140 -211 1166 
604 -282 188 295 218 -626 476 564 -94 228 -801 -877 -720 442 101 -768 1370 468 -9 124 -634 160 -1023 72 -723 627 -52 531 -294 311 -1724 -982 211 600 -339 -693 -189 1106 -1011 218 -138 -351 -27 383 -706 -360 -1078 519 -327 28 1076 -337 908 -194 115 400 -610 490 67 280 895 765 -635 -523 35 -791 662 -350 -157 258 -32 320 52 219 468 451 1058 243 -179 203 203 -11 -414 -504 36 353 -410 -73 264 171 21 1213 -39 26 -269 859 -306 -103 -245 181 509 406 784 1284 599 -188 947 -94 -498 316 -48 14 -28 -442 -391 186 -573 -41 260 -97 -387 429 -109 -712 -540 -588 -156 -17 54 -1028 -569 585 306 -99 405 -362 -66 -518 517 -281 353 17 -241 -762 254 519 179 76 -484 -477 -432 79 708 -117 -1063 -263 -592 -418 286 -782 -888 -337 -1239 305 -179 166 399 61 -53 -472 -579 -582 -689 -251 987 285 -383 -681 253 -55 314 546 -607 217 -324 -397 -625 543 83 382 -193 254 -438 -725 991 276 -201 -263 -268 485 
294 833 -608 -60 154 -582 -284 -147 -192 -150 -166 -619 148 -69 -266 -49 301 906 615 75 -10 208 169 -506 -379 -20 -105 -802 -355 -87 -60 455 624 212 358 367 -915 -85 -511 -388 -183 -476 -557 -518 402 -183 285 258 -170 57 -169 -24 85 -47 356 -1664 69 -573 -3 433 -494 -27 730 621 -485 272 541 1267 -165 0 189 -191 -93 48 -322 -22 1096 328 146 -29 -375 -873 141 35 -261 640 -622 1022 -262 258 -318 278 215 -129 -518 -43 -129 77 179 406 -296 -52 470 79 307 -508 271 226 -86 518 740 -351 -168 543 -23 777 -22 -657 302 -325 -249 -583 -261 -282 136 -285 -6 -432 823 96 397 -796 13 145 224 -337 -730 862 459 -350 11 -376 -762 -808 -502 1448 208 -23 382 -1030 -125 10 -94 -477 904 159 -983 -147 -749 444 -444 462 -23 410 -172 -83 755 469 -359 12 -539 -366 252 -550 -867 415 -214 141 -267 206 -164 -53 -68 -97 292 -848 677 -420 -349 -59 823 -43 577 555 -281 -200 158 504 -542 420 
-455 -604 12 -77 -306 -36 1001 390 362 -377 610 491 509 -74 -24 -68 -417 898 266 799 210 355 -576 -85 359 -576 -321 -656 776 170 -565 128 -158 289 221 -791 -9 679 166 213 617 -418 350 -771 715 31 35 211 1035 80 -801 585 640 369 97 260 -72 -53 -91 -374 -607 210 92 -408 535 -172 653 437 48 242 385 -302 -339 -294 89 -1226 1167 -670 -300 128 -329 660 112 665 -67 -160 -1155 -251 12 -506 163 848 172 892 -700 42 -102 -177 -301 427 -89 198 309 355 124 191 119 -29 629 221 -508 980 432 -122 -360 -169 -41 550 500 565 -121 884 -557 67 -249 141 -285 599 -277 -994 -768 -280 -211 223 128 267 -256 -416 -233 190 533 736 311 -392 161 292 -267 -101 670 -967 1 -1258 -416 672 373 622 706 -310 442 20 -87 196 -109 427 -597 -175 -260 -91 513 473 -297 -247 386 153 -299 -117 -753 -136 1019 -699 -478 1033 1299 142 -377 451 -278 -134 -546 -255 964 -724 -736 -443 295 790 -50 -640 -396 -1545 
-204 625 -242 164 358 -698 566 -30 -404 -104 386 403 -149 25 -605 -446 -365 -251 394 -504 609 246 55 316 -1292 946 -200 132 -158 330 -88 215 67 -597 573 -157 422 -476 181 -614 -672 -206 -77 -82 -1476 -111 -22 -1001 -7 700 451 504 98 178 168 -319 -1168 -165 10 -98 -332 17 -21 -137 25 53 224 852 250 558 -435 33 -475 -90 495 343 -167 75 -501 132 -231 -639 216 -186 803 469 53 -163 -659 398 -703 -124 -837 -714 143 -483 7 703 682 806 701 868 787 -237 -932 138 -274 -188 -111 280 -462 -167 93 124 -1 -64 509 573 95 201 -918 -140 -435 -378 -443 -328 530 -317 -285 790 242 260 540 187 149 225 59 -478 330 -259 260 -1494 -139 -91 75 -252 -484 -621 56 935 660 777 -100 1122 -223 209 -1313 238 -63 244 -351 -933 1158 -166 -842 -401 88 -510 795 488 921 882 -335 421 -307 -780 768 -166 963 -241 316 535 -177 -531 1278 60 207 -446 714 454 -494 -151 748 -751 443 -486 -1486 397 -893 515 
-807 209 57 477 -896 -57 237 421 201 556 121 326 -113 6 40 -886 474 -700 51 75 83 -373 -934 1132 -332 -389 460 1 -796 979 622 93 259 313 108 -621 580 -150 17 -456 160 -795 35 -369 300 -747 191 331 -389 92 -186 -265 -14 155 -389 1288 482 -48 -158 -568 46 252 616 848 1016 -191 210 256 -1056 198 34 -121 168 201 41 -1212 177 -148 768 -121 -768 -230 -688 508 -452 -915 159 -163 -705 11 -104 -74 -484 385 10 -386 173 14 -452 275 -521 0 380 -403 -537 -594 -429 -329 224 -77 -168 -310 -30 -627 -420 722 -1330 238 -99 -15 74 638 59 761 -126 562 391 -615 -564 -20 457 -1335 678 1158 1700 939 -448 482 -119 179 422 -129 347 -14 577 -467 -39 -180 -155 191 160 933 -809 1357 -233 98 -44 80 -295 -103 156 -760 -155 -210 1259 720 259 675 86 271 81 1270 -453 -602 -126 207 238 245 859 529 -42 149 -414 -570 32 552 -706 795 -530 561 -146 570 400 788 -122 89 257 1281 -592 352 
39 45 -726 256 703 718 -538 -692 63 -439 117 615 -54 640 -210 120 397 -553 68 549 -909 -671 -1084 87 -92 408 -585 563 581 -659 -255 822 -877 664 -531 -202 -196 333 -402 -222 -217 337 277 154 590 -684 -396 270 520 622 793 468 415 -339 575 -80 -708 1216 -543 554 -438 -657 -54 -853 492 266 105 -1190 -104 -768 -125 273 -314 -389 -514 -496 459 531 -438 -161 172 134 -958 260 430 -655 -592 -322 305 -198 1027 388 708 587 -376 -468 447 -512 -794 602 -214 706 -146 813 1252 458 -270 -174 539 -27 -125 -16 188 1317 -728 104 -795 -56 258 146 923 1079 328 -754 -46 233 -430 214 59 -202 -111 532 37 -11 919 -325 584 -49 750 -83 -400 -460 -644 215 879 -21 736 -70 -185 -682 789 226 -397 -141 269 -256 6 -113 1014 -325 1084 491 -241 431 -42 -405 714 -639 -2 -258 -136 -130 226 -363 -491 -636 -124 -1160 12 -392 -317 -13 1423 -12 -3 -149 -912 -79 -352 305 305 -311 -114 161 271 284 611 20 402 1076 
103 -199 -211 847 -262 -482 -676 235 89 378 676 98 -804 -265 944 551 70 279 -122 372 -174 324 47 598 703 710 350 40 -7 -55 504 1083 27 241 -623 839 112 -249 122 247 -389 853 555 -202 723 257 -656 -689 1014 340 170 355 612 -220 177 757 23 -597 -57 467 707 345 1186 909 752 -90 1366 -121 1071 -216 -240 235 859 97 -755 -80 -187 -2 -200 806 -162 624 -477 -259 -93 491 -53 200 530 825 408 55 -278 -703 -565 634 261 4 114 440 227 -618 -209 -614 -137 -361 -319 -709 -675 775 364 439 601 -895 317 97 837 -139 181 412 480 -171 114 137 -176 -218 251 874 576 -962 362 -365 -793 1165 -424 -346 359 357 640 796 506 274 -714 193 622 487 -286 -2092 -3 -536 -274 901 -240 608 -180 58 618 254 -364 -409 348 351 324 470 1011 942 287 95 -151 -214 636 8 475 -437 146 -386 441 -403 -382 216 -530 -62 -197 174 652 -238 399 328 -571 30 367 -216 -1407 599 198 231 -415 41 136 365 
-538 -298 -604 -137 39 -312 368 -79 198 573 -236 545 -68 -766 34 763 137 -193 -131 -338 747 -473 -108 -357 324 1437 476 -290 185 574 -425 -427 82 -1246 -855 343 426 69 426 -692 -47 -44 -904 -6 172 212 996 -301 -296 776 -740 217 1 44 292 191 619 -359 -1335 66 59 994 511 176 -414 -522 678 -964 -211 -272 -221 193 -357 93 -505 83 -562 59 -128 -386 -604 341 155 804 388 -392 279 -131 -122 -179 171 -952 496 267 547 -343 871 -59 908 -852 260 -258 112 -736 -491 -195 -474 970 437 -17 280 -640 -306 -229 -744 557 288 1274 824 -317 78 12 -344 -296 -994 102 387 746 -863 -23 -203 53 645 698 -192 470 497 291 -349 32 268 1057 -211 -440 184 410 482 -451 -551 -392 -436 172 1414 -11 -445 668 -78 -403 1008 -296 -388 -381 219 -393 577 -591 90 -538 -287 243 -943 -399 -67 -145 816 229 275 -254 -40 -454 775 -552 851 -567 30 569 -125 484 -111 -586 -56 -278 54 -867 -206 120 -465 -496 143 43 
803 -106 144 740 324 -11 -170 415 -323 -849 -1339 -333 431 457 -652 81 -95 -148 -179 -191 486 -70 100 229 -455 18 404 378 -512 -230 -1544 -369 509 -79 -262 920 391 1210 91 250 -354 84 -383 846 -473 24 -489 -1 -9 354 205 -266 435 290 208 282 -507 651 -356 -150 104 -144 559 -740 1103 -432 -179 410 5 -456 -76 318 -44 -738 392 -120 378 377 -255 524 437 -572 350 573 220 475 -1299 847 314 110 324 -435 -340 -891 -188 524 889 701 106 550 -166 574 -491 11 -202 941 -388 -232 -210 -84 56 47 115 -839 -335 -242 536 -513 -339 371 -40 276 59 43 70 -57 334 273 -621 947 -442 -542 368 373 -208 -36 526 -199 -392 -603 -736 412 -179 456 663 570 -79 686 91 -182 -568 -49 252 360 -98 14 206 380 -353 -237 -15 46 236 -167 -587 653 576 -136 117 -74 827 836 -461 -820 -363 -524 -613 -391 -320 115 -296 21 116 79 181 -187 -540 -652 165 767 -862 568 42 -535 587 421 -1083 -111 64 -95 
899 -796 61 262 -237 -133 -636 -372 -159 373 -53 -77 -476 826 1198 385 134 -787 -277 499 -674 575 329 127 284 -587 -339 591 -228 -88 -729 344 -1182 226 -40 103 600 -294 14 188 -60 164 710 34 363 326 -154 29 284 -38 25 -119 344 -299 -891 723 -870 -367 -131 134 819 8 -1045 129 414 122 617 806 -664 -146 315 -1030 211 -191 -743 -432 -426 149 134 -243 761 681 -356 -543 -27 -243 257 388 697 -712 749 -158 -460 -137 -1206 381 247 100 268 485 -366 -285 -316 -328 41 406 -231 -653 316 137 1322 149 1199 29 95 172 708 -599 1214 -7 77 1 140 422 764 -1015 -152 -184 -783 173 151 422 -881 -286 -270 -598 -102 -684 469 362 177 461 979 835 -697 -458 -725 35 549 -450 -247 -140 -478 -219 -44 -342 613 -206 -1003 319 -46 -736 62 -122 1236 700 68 -307 -749 95 333 -467 774 -561 -315 -360 -452 35 -646 555 -121 261 -530 -188 -54 -192 1157 140 -229 -409 -471 -719 -132 54 -545 317 -25 -309 -50 -650 
-182 141 -1261 -1038 -379 705 469 229 389 69 662 -131 -549 329 -77 -109 -149 241 -244 -108 286 -12 -1140 1135 -422 355 861 308 -451 352 417 1455 552 168 465 -441 483 244 95 127 737 253 -235 371 1012 199 -64 138 553 289 -92 -341 -1255 257 81 271 1173 -22 476 34 -532 -856 8 -468 100 650 -710 699 572 453 1080 -333 -263 -264 219 -439 308 208 756 521 307 -646 428 -5 100 -310 215 307 -666 1179 -203 53 782 -503 86 -931 -687 -280 37 370 188 34 -844 85 -200 -34 -630 -6 -292 -411 569 -451 -262 314 -491 -497 41 -77 -61 760 699 -914 40 -209 -645 -325 -396 -512 -940 560 328 111 632 261 670 -562 -95 20 460 66 -90 -436 -268 -623 -391 468 -448 759 -124 336 -332 -109 -2 -393 218 507 316 -52 -360 184 111 159 -234 974 14 -244 709 -368 -610 433 -608 232 -125 211 184 298 -248 -1197 399 -1043 616 -305 1260 -528 813 -9 -510 -494 1076 -100 -167 -41 -666 -310 -861 -222 710 7 -576 -1 
-407 -222 -1270 621 972 356 -25 569 447 -329 -656 188 -1167 -488 -616 89 -969 598 701 240 -23 216 531 -23 -537 -671 -54 299 90 -561 -1228 -1021 -307 -251 162 906 -847 522 -1288 -1312 176 783 -10 -218 161 257 -451 466 -636 146 357 272 271 408 85 1107 772 183 173 474 191 -254 627 -111 192 -526 -168 673 -100 -546 -190 485 113 170 24 -1032 805 759 450 373 -821 65 -204 254 -826 449 873 383 165 559 -974 -47 54 216 -457 -177 255 26 -426 1236 -338 937 -30 -214 -142 -579 -440 65 868 420 261 -350 137 -52 199 326 -531 104 -366 -104 262 -92 336 -58 163 -274 -621 -610 -210 -357 282 99 248 116 871 -812 -386 -176 -239 -118 -578 -314 974 -366 395 295 552 -775 485 -878 -697 1020 -401 611 -413 182 138 -388 700 452 1244 394 -89 -255 -836 -217 -109 268 -546 -417 185 -461 22 -1324 -1399 146 -206 -293 599 -855 50 -1043 -111 354 -182 80 -163 90 -286 455 528 292 16 -252 174 277 -384 524 -139 -330 
884 29 -148 287 204 71 -106 71 -429 711 -685 -265 -590 1120 266 -657 518 489 391 -99 -618 724 -554 61 -122 133 178 -293 80 830 -316 -356 301 27 226 -353 408 1166 128 -54 55 -760 -131 -257 618 -367 -104 1016 118 -178 662 451 442 170 81 685 -627 301 -132 -926 770 1282 -733 -454 872 -468 1067 197 98 1324 229 -695 -754 -406 1232 -547 682 -140 558 -820 775 -604 -148 -485 344 -297 -110 154 338 276 72 352 -643 7 -423 519 167 262 1645 886 23 -15 33 -109 119 982 671 348 233 511 460 -79 1213 39 390 -280 -781 -563 598 -243 486 -163 165 30 244 -1377 -18 147 -431 -27 335 -91 693 -345 292 3 -752 -159 327 -378 -89 825 -814 22 -252 1323 115 -505 190 -401 -683 11 681 -1166 -388 -292 311 903 259 -272 -247 -403 -1087 -152 346 1217 1016 487 -484 -1026 -207 164 71 -304 -695 -953 137 -976 189 50 -1446 -473 98 -404 -485 -821 -792 -383 -246 -541 688 -186 -135 439 -182 595 358 281 -465 -263 
-42 -836 330 541 273 -553 -644 273 -212 769 -143 384 -101 644 -1032 -1212 -65 459 -431 -1241 -281 516 698 334 9 768 -168 146 -380 -789 228 -374 -634 -419 213 383 -628 -306 -387 -267 1048 -1638 -843 -508 -73 -228 478 112 297 -75 360 28 654 -973 -261 920 -232 199 -15 284 401 572 -333 145 46 -1323 295 -1230 -587 -759 340 -422 122 441 -40 -381 -486 183 309 -789 406 -312 -43 -563 774 289 451 412 -5 392 -344 88 1156 686 3 -565 -421 445 97 -450 -94 739 336 81 60 -173 248 223 264 200 294 -89 1017 389 -619 350 264 1236 -66 69 -3 -321 -676 -164 846 787 183 322 -121 -198 1032 -413 -229 454 52 -294 -95 395 -181 -751 323 -527 143 904 -50 -141 -609 -903 619 -104 405 -478 -139 1279 -58 -318 223 -741 -632 262 -485 -390 661 -99 -34 533 392 -411 1407 7 -271 453 -50 48 588 -89 -563 -471 318 463 -706 136 -686 -729 -685 2 -519 -440 256 -22 -177 -346 977 -675 577 -69 -178 574 88 -461 
334 55 -360 -770 766 189 -759 -916 -147 -796 400 366 524 268 -1041 273 -221 684 -170 -117 535 -225 315 -107 766 -873 907 -1273 -494 71 201 855 -309 -626 -120 -533 695 -425 690 370 1429 -841 -702 -540 63 180 -294 -975 -554 6 -37 142 196 -231 777 479 353 -328 -1339 604 449 -11 385 148 303 -500 1198 53 326 249 -110 329 418 -36 -429 -656 520 528 -351 -254 -359 -258 425 505 -210 -271 417 -609 47 249 5 313 384 433 489 529 -4 893 1008 491 -110 28 139 -444 -458 378 -376 224 570 -302 165 195 88 -50 101 -315 728 459 314 300 -116 280 -638 41 651 -558 204 492 7 -484 -170 -623 -113 -137 -435 -203 419 523 42 -472 57 -307 449 -128 -319 -506 184 432 484 -197 -889 391 -378 -344 1123 -620 -589 -593 664 -68 -443 728 269 475 -285 -501 -719 -1060 506 -357 -486 615 -312 -165 -364 876 566 -123 103 -162 21 -102 -64 -152 -150 920 -219 500 91 0 -200 -758 -492 -349 28 230 345 -264 -384 -1040 
-236 240 -582 -4 -203 411 742 -48 -661 -353 154 -110 842 181 -269 515 -1703 -9 -216 805 202 -684 -212 326 -126 979 -286 816 138 268 -375 373 -573 710 -91 75 22 774 49 -114 -448 -412 -7 1100 17 71 -663 665 42 120 -678 -1272 773 -292 -86 323 146 -241 430 276 358 724 942 892 443 -227 157 207 569 579 243 -101 -424 -598 310 85 155 -640 248 626 -263 59 38 27 279 245 -553 -17 115 268 -288 -421 757 46 -254 646 116 -434 734 256 256 5 -722 332 524 -295 -69 406 68 -452 1573 -742 482 -875 665 780 -172 -1193 145 299 -506 -688 520 463 419 -659 337 722 -117 -316 92 105 134 -5 -356 376 -126 -1015 -251 -407 -490 32 340 -153 253 1375 621 -447 600 538 128 368 68 1153 6 -53 -791 -776 675 1050 615 -240 437 -348 218 -192 39 -550 -113 24 365 196 -327 69 -35 -219 1020 -461 640 369 495 -245 446 518 -135 -651 -349 -87 841 -328 -185 -493 -794 -1128 31 423 -735 148 -421 932 
-209 374 -56 -352 -299 -601 23 721 1295 28 -176 -756 -205 -701 176 -1019 -731 72 118 -195 -154 -329 332 547 507 -1256 -426 -152 339 787 209 319 -217 1294 1488 178 238 23 62 153 78 -43 1056 62 -470 585 81 248 -208 -238 -286 -556 -1164 313 -434 671 -139 1018 -291 -1260 -221 1137 -825 -223 165 195 146 1038 -106 -311 565 -312 271 1147 281 1009 -1783 -348 549 -412 -91 146 -128 166 -345 699 441 -651 -8 -178 1061 626 163 337 -830 -269 -173 -650 60 96 723 100 -1394 182 -99 287 -914 -603 -452 -233 225 479 722 223 385 248 -8 104 -72 -485 -324 -228 106 616 424 -406 -6 120 346 55 110 350 -408 -15 -194 336 -114 -741 -979 -135 436 -424 252 804 -159 -255 -639 464 -239 78 123 -931 -210 -90 515 -584 508 -375 71 -60 -367 -682 -226 211 -643 -1205 312 23 499 -211 351 169 -492 373 482 -412 -37 1149 -37 -985 768 -321 -89 1120 -241 86 566 -354 299 -243 225 -6 95 694 -674 73 -367 377 117 -471 
-766 647 -483 470 831 866 -195 -732 365 816 -949 865 -476 181 388 -307 -474 -565 242 20 364 210 192 177 -383 468 -137 704 331 148 -617 -739 -74 -527 -347 -228 -64 463 -446 -175 -210 275 -156 565 255 24 -277 78 -85 -655 846 -150 557 -519 490 -186 -30 164 47 806 562 -11 -221 -319 -91 240 398 -2 261 909 394 -503 240 744 -67 -126 -730 -216 -134 165 -24 -303 -9 -1054 116 172 954 -234 -592 -102 -90 -982 924 -21 -471 -567 142 -338 228 -248 -310 793 524 -879 54 105 214 241 81 328 214 -423 -45 325 -16 30 67 200 -335 -571 21 -451 61 -455 392 -146 -119 -158 -64 927 675 1504 562 -587 609 -21 208 1076 69 -212 -816 -325 178 291 484 296 814 -284 -141 -11 906 296 266 37 141 -295 -220 -211 -265 -5 625 -370 -71 -729 -3 200 341 -198 -106 -358 -587 278 -584 -482 -498 803 115 -105 -658 467 530 -436 -611 -59 110 270 697 1098 -91 312 -731 902 281 433 -891 -399 -699 752 -216 -317 
-38 -246 78 -199 -50 -476 -286 88 130 190 -60 -339 250 1033 363 -24 -435 295 119 -679 -541 176 851 667 286 519 257 -49 696 -230 -626 -26 478 -426 -39 233 1398 175 83 156 262 -300 -192 -122 -246 946 509 -527 751 223 -108 259 591 83 -64 591 -447 338 -786 507 801 -514 -445 262 1516 -572 16 704 -519 305 -101 -76 -421 235 -723 -672 -200 1204 348 1295 344 -717 75 64 -189 433 256 456 -58 75 135 699 576 -599 -712 -403 -647 621 219 -39 740 978 237 -797 -173 131 30 269 -228 456 720 -105 557 -60 180 -8 14 -618 582 1193 -530 -660 12 214 216 517 -209 535 693 -73 390 -274 -652 473 -27 -241 -284 64 -243 -257 -1286 506 209 807 -146 -629 50 83 1207 -357 -18 -665 -301 1512 -68 -963 -53 299 -1341 -238 -683 617 82 568 -189 808 936 -335 -304 508 1324 252 -701 319 -341 -300 -495 595 -123 256 266 -32 620 -347 -911 344 405 -310 249 648 158 -574 -1050 -10 207 664 -348 -708 -338 322 
-963 92 273 -967 -195 -847 42 -210 320 222 -827 -426 489 -545 455 4 -637 -9 -798 -227 7 -677 270 433 186 809 697 -457 -129 -196 -486 306 -362 311 425 -172 229 -492 -568 -792 238 20 -234 -583 -80 73 5 -152 626 -282 -1277 -262 -126 435 705 313 593 -252 23 -341 -381 570 -192 297 236 -47 -384 -478 183 429 20 -578 -78 1113 -1383 -642 894 -358 434 790 -659 225 346 -124 406 588 61 608 455 215 -625 -434 692 426 346 -159 665 591 -38 508 -156 -44 -769 700 486 -875 -446 -1056 -668 152 -162 55 565 -1107 -109 -107 -257 166 -726 428 -130 631 221 56 -250 684 492 215 -800 -1207 -42 34 -191 428 235 348 -401 259 -421 164 -246 -430 -375 680 -115 -1160 319 311 -112 -697 208 213 -147 878 282 -3 151 -145 154 347 -532 294 -944 1321 -115 279 235 297 -1355 -107 -1 -81 -376 -633 116 -899 152 1317 -443 114 312 987 307 -209 -628 -565 600 -253 0 661 -873 114 -495 -129 199 84 -794 -881 724 603 
349 -370 -137 432 -123 767 -1066 -204 -398 -517 102 -731 -94 238 231 -254 -540 -265 -48 -148 -318 -790 -343 -343 1508 -457 -231 -387 129 318 -88 437 -364 -33 -350 -101 347 -249 -437 -7 -27 202 184 995 76 125 607 516 -682 2 -511 262 261 -235 28 356 -847 -224 522 54 178 -168 101 -1036 392 -760 -399 -363 -923 744 96 657 -621 -337 -425 -902 -294 -146 -297 -233 209 -35 102 -563 -276 -1071 -605 93 -785 -325 75 -348 -7 741 538 -131 25 99 49 -275 197 -647 200 285 -369 -212 -545 -652 -158 -724 -580 -459 448 -1004 -153 -611 -840 -1172 214 -462 -95 314 97 766 -313 -112 828 200 -444 544 -468 -107 -129 149 398 1251 -396 110 -711 -172 -1136 -100 56 384 1035 340 -154 -291 32 175 -343 390 811 535 552 189 -956 -78 180 -294 493 -567 -167 16 437 -181 -773 -286 -431 -435 187 173 -690 198 -169 133 -1034 672 -455 257 2 -1042 542 788 28 -1160 391 -520 -669 189 -466 -798 402 357 153 211 -31 -248 226 137 
-428 -700 -129 727 -179 -630 605 405 -555 560 -3 -768 222 537 -1055 -638 -113 64 -930 527 -964 586 1044 -490 -114 788 -1544 43 513 451 363 -131 466 234 431 1892 -127 -952 -939 -656 779 -190 -364 798 661 -666 371 -80 -472 730 -82 -16 840 473 -487 -148 -379 -511 422 -172 -26 -544 683 -181 -1362 -206 -510 -292 -141 308 413 -128 -606 202 -255 -74 -488 -975 226 234 166 -315 -429 -33 317 323 -972 738 -301 -1021 -738 948 -25 -12 477 -604 -572 -449 532 235 456 715 51 -248 1098 -615 -79 981 109 541 -815 -1078 524 -696 -358 183 -840 257 -227 -496 312 514 -959 -348 74 -559 558 492 -139 -862 663 -401 -196 205 -26 -129 -74 584 -320 -661 -313 840 -32 79 -699 -165 -458 -290 499 -291 -648 445 451 384 586 709 47 821 -218 -7 -1241 102 -145 -716 -407 57 272 -306 -197 -95 -422 60 -327 -171 -16 -48 -195 -675 3 555 30 391 602 482 -10 156 -501 15 -687 -191 1226 -457 304 -186 108 -393 702 621 422 842 
775 -150 208 -355 -14 483 298 -30 239 1012 -341 -434 98 23 -1419 -219 -392 171 -482 280 243 -1050 728 -817 350 107 -650 -194 320 187 211 83 639 -410 322 283 -47 751 154 434 -85 -557 -581 253 -639 86 -62 -232 -428 154 -607 433 44 313 166 -232 882 -143 121 -6 259 798 -867 -228 -474 -621 -10 -2 5 -313 393 99 -195 42 -42 664 -1175 -946 -609 -328 -32 778 809 254 -367 777 233 -149 592 -781 262 351 88 -33 -158 440 740 161 809 108 607 227 180 -635 -405 -193 -635 508 624 -644 -235 600 -614 649 1108 -155 853 198 710 620 -289 231 144 -465 160 391 56 693 -866 210 -271 883 -488 95 -966 -999 284 426 120 -715 91 740 -360 -57 -317 688 38 654 -893 844 -590 -108 173 260 85 403 -1050 -770 -925 1364 1120 -129 403 240 733 -515 193 -125 347 -462 167 749 325 319 619 63 -1067 562 320 656 233 386 -333 52 591 -211 -346 53 -600 -36 -689 107 204 495 9 -519 -36 503 -180 -30 
230 328 -657 -555 288 578 496 -153 -788 -12 -65 481 346 151 466 560 -127 425 336 164 -151 -214 -487 782 -98 32 290 -129 -712 -50 -329 696 45 542 -445 -684 407 -345 343 1317 334 -275 516 -152 165 -68 -824 -305 1044 -212 -39 551 159 -1185 553 745 278 -78 -123 511 -119 102 -274 -170 -394 228 726 -630 803 -30 252 1117 129 585 18 -845 -116 -209 -320 -3 -791 224 -19 -102 167 -1092 -485 -8 51 -520 -277 -240 866 491 155 101 82 -44 398 107 202 -752 -180 192 -252 286 -619 527 -1006 -541 41 422 780 129 96 150 256 -62 -409 1037 787 174 -1395 262 -207 -286 -136 215 72 -470 -116 -409 -290 195 678 -250 502 -371 816 245 218 428 552 -229 -1042 -154 975 9 -501 -180 242 558 -609 159 53 108 700 -542 -460 -559 -480 433 -1023 546 434 440 -61 -184 -115 -168 -97 -600 287 20 20 -136 -400 -101 -271 -434 79 -382 506 -709 337 -570 -341 -147 395 319 -172 -247 -104 -652 -151 639 528 -176 -19 -742 
-421 55 100 -503 294 932 60 -525 776 398 205 235 404 445 1319 -511 552 539 -250 157 -857 201 -310 300 106 -347 476 329 -316 612 422 757 -44 268 199 -510 169 83 -20 255 228 -515 -482 46 -178 -837 -62 -412 177 -399 991 58 -699 398 489 437 405 -589 511 -449 -673 -115 -163 -616 1113 489 -589 -724 692 325 -127 -773 349 30 140 -59 177 -519 -512 -456 -364 249 369 829 619 -277 -299 -437 363 27 -102 -816 -118 -218 -447 625 75 -131 -844 972 -161 -123 473 -61 7 391 -161 579 -423 23 34 943 -36 -285 363 -512 -593 -248 -996 678 365 228 -745 391 -565 250 -48 310 -1036 266 492 264 437 -142 -269 212 -176 26 -1035 699 -81 -309 -156 166 232 873 606 206 -101 -103 0 870 -130 480 -1682 158 953 1022 394 -322 -142 490 -623 276 47 680 91 817 -147 -272 516 44 -122 14 123 -453 203 -329 432 88 -279 1065 231 -494 988 136 -1572 221 185 -200 -16 -50 -221 -350 -99 531 15 530 144 332 
-80 672 168 -43 -491 373 169 767 -1144 -163 551 271 -177 23 472 -801 -103 -346 21 560 143 523 496 -145 -1154 -918 335 189 195 -192 620 129 254 -193 525 498 -111 -491 20 -397 259 -953 594 -968 513 222 557 0 666 60 -285 637 -391 1228 -488 -460 24 -487 -41 -237 -918 610 155 58 -455 -647 -658 942 -505 218 -337 -158 190 -466 -43 101 -195 -90 294 238 -22 -41 358 584 -227 -215 83 -772 -976 -847 -159 -334 -228 -123 968 -1266 497 806 -363 268 264 301 161 -15 -77 100 -944 622 62 89 -31 -311 29 148 0 653 -548 -136 -719 97 -71 -170 -804 175 189 -261 -370 -355 758 297 116 -1056 -126 -187 452 -34 446 -220 270 -481 -506 -131 992 -254 -761 -60 -338 123 -329 -512 417 551 -552 47 -286 -455 259 344 33 -357 234 -378 289 -1613 61 446 491 397 187 -69 -633 601 311 95 462 -69 -126 677 506 -340 -247 -490 -214 -828 179 -72 -447 357 558 97 4 238 831 -220 -322 -522 838 1482 -486 -857 
-443 394 -218 -946 269 -240 -233 791 117 -509 20 -285 -310 -103 -150 -369 653 -160 404 341 186 -90 10 -1051 455 -609 550 -949 762 693 266 284 906 -514 302 360 -335 26 67 -138 707 -425 -678 -1199 -1228 612 -776 -130 -307 -1362 -22 -276 -517 287 -525 -588 -34 234 -568 -273 -187 601 -1262 1376 -225 1182 8 -120 -50 0 132 -197 183 683 568 10 -420 -88 671 -785 188 346 -867 241 -1023 177 885 -638 181 -1082 675 227 37 143 721 -19 327 352 -335 -659 -853 -547 809 -480 170 341 -778 1038 -863 20 -412 351 -675 714 607 -858 842 492 -112 -320 -60 426 -69 -110 619 -759 -601 -611 203 916 -147 2 712 -438 -513 -462 -206 131 350 -1120 -507 -7 492 966 -168 -509 -268 360 150 -346 4 -83 -546 -573 -101 69 -105 -577 355 29 53 524 16 49 -633 -22 -563 448 705 -49 -171 -565 -442 367 224 262 207 549 65 -276 -123 271 -204 724 -565 -86 -432 241 41 -1075 288 -643 -249 -273 -893 -92 296 -742 -295 -1191 
418 680 368 -673 -263 773 189 -358 183 929 304 -206 -251 -726 -932 259 -721 222 -850 742 823 578 52 -447 406 757 -106 -379 100 -599 375 574 680 -589 163 -137 -702 144 439 -306 -266 1003 -92 -23 -5 -1090 -35 -578 -107 313 71 -156 374 653 -823 -101 946 -201 99 211 174 473 -607 -303 214 512 -284 986 376 -8 166 -619 139 1021 -511 -266 60 -754 290 632 739 180 -459 92 487 1 170 80 69 18 -611 625 759 374 -79 45 1 -441 380 -303 877 -1092 -618 -477 106 600 -373 78 795 -85 358 213 -7 382 -272 -1098 -341 990 274 284 -329 -841 207 261 -490 372 -24 606 -423 198 344 219 -560 -617 -870 49 226 -240 258 -399 385 -222 182 556 583 147 -873 94 124 28 230 -222 -370 -13 1 1335 -27 798 -416 170 333 -262 -900 348 -290 346 -187 -1417 -350 16 218 -647 -46 -118 -990 771 395 -52 -461 381 -7 891 245 257 -286 449 368 279 -1077 -481 -199 -930 -392 74 -859 -1320 -309 -241 300 -266 
-95 91 -175 -179 57 120 -402 -1065 -38 2 -184 154 -62 201 1071 54 -887 -384 141 349 -351 577 77 352 -323 53 745 356 -435 138 -77 214 -17 -170 -295 -173 394 468 94 546 258 -59 766 -673 14 -821 -708 714 404 -541 802 76 254 153 -389 494 -290 -170 -30 89 655 -377 607 1026 -173 -210 158 -86 -293 -214 490 219 651 -12 478 294 -588 91 -240 103 -394 -426 -857 507 -441 616 235 -509 -41 825 519 -330 -1207 -838 69 -163 327 123 -472 792 788 230 474 633 -179 112 -556 -135 163 -360 17 413 -120 211 -171 -677 162 -103 -300 -41 -314 298 -755 -228 -668 -1361 120 -225 78 421 174 -154 463 842 294 44 55 82 530 232 139 -425 818 -180 -686 -135 667 -40 -309 421 823 68 378 239 398 -524 -168 304 379 -835 523 537 -977 -486 -60 -314 146 -66 -166 203 -654 222 173 812 -97 -729 1318 480 797 -522 -629 667 397 33 -413 -99 -293 274 264 -208 -327 198 -51 -44 -105 -144 146 -537 660 74 
-454 517 -54 -854 -139 59 216 -621 -229 -681 -134 534 -20 -596 -515 -244 -987 -593 70 -179 681 719 1127 -422 349 -1050 -510 -692 114 -162 1090 449 -631 -521 920 -311 627 -74 -149 939 -292 141 620 -334 180 254 156 434 -170 294 -265 -296 -666 -157 572 -716 380 108 650 -288 11 -229 -191 478 -1047 -162 -623 359 536 101 -932 -659 -29 -473 -322 819 -136 16 149 -91 506 -276 510 -462 298 245 241 283 634 -246 -277 -216 806 -684 822 -954 -510 631 372 459 -145 -35 -292 350 -280 -376 999 53 365 -656 -484 263 -30 -76 271 340 425 560 -212 16 -460 -440 -289 -399 520 530 -694 -477 451 810 98 -273 -238 -504 -785 442 -14 -921 -613 301 -92 -144 -649 1033 -364 21 -80 172 -34 580 116 -1273 -558 -185 1317 86 -999 233 -893 1072 985 1114 -112 121 -936 -571 -735 -789 1119 -620 -784 -84 1105 -655 52 297 878 103 -326 7 -40 159 510 365 -71 428 109 507 707 -122 43 -380 112 470 -572 -772 -269 449 -45 987 
-1089 359 116 -387 -174 234 817 -125 1062 -81 351 821 -532 -703 1324 543 687 167 225 747 -693 658 -688 235 5 498 305 -158 444 254 364 -163 -92 469 104 -1036 60 -566 759 -305 -199 346 531 331 171 -402 240 457 -762 396 167 270 -456 734 1147 -323 456 185 -259 -641 -312 -151 713 -818 900 -592 357 -734 886 538 213 431 347 173 -278 -615 -107 283 -835 176 582 -354 84 96 43 -434 -218 273 -728 757 456 827 -551 -490 275 -192 -976 363 -19 -772 724 -48 291 -482 -873 55 -33 -263 1078 -138 722 -15 -409 191 298 342 582 -241 306 -199 476 -74 73 679 -479 619 201 176 573 382 290 252 -44 577 550 -55 -204 198 34 1184 -288 289 -308 293 135 -123 570 -395 -495 -715 -289 327 74 770 -1285 52 -175 6 -83 -463 139 -637 583 313 1545 513 15 -127 -555 -199 821 1243 571 -115 -195 55 902 536 -631 438 171 363 662 -440 1218 -606 -447 680 -563 -489 -791 16 440 870 -450 -157 -215 -649 159 273 
790 255 182 593 -177 -655 -236 573 676 525 30 459 504 -16 446 681 136 626 458 -461 -35 329 -551 -705 -921 91 -522 567 -293 556 -323 -52 -685 -29 -735 -955 945 134 393 898 -420 -140 48 -940 55 497 -330 -117 -280 330 -219 455 -181 773 380 69 -297 -131 629 -159 220 -801 245 -294 -810 -499 539 -672 -81 6 -417 -37 376 -836 245 -575 406 -712 -24 465 -413 305 -426 48 -115 475 -89 513 498 -116 -105 -102 -31 -260 466 640 948 717 945 637 -658 415 903 185 619 554 196 476 -369 332 -186 197 113 -246 -1249 -246 156 -117 514 -825 -550 698 -467 204 468 -133 101 -421 508 -347 -378 -43 352 104 115 311 171 111 -22 -464 685 -474 0 -483 -439 35 -260 -264 -373 -699 563 -18 -10 557 -104 -888 -67 -309 -447 408 -284 -5 -121 -593 -18 10 717 392 -342 104 175 -512 -596 697 629 33 -536 561 4 -1476 95 -487 681 249 373 -118 -71 -204 -350 -142 1064 -153 -530 -442 -148 295 -184 -163 -253 868 
