Matrix size: 300x300
Execution time: 0.576693 seconds
Resulting matrix:
-190 -388 -1340 523 18 67 426 -562 -1551 868 380 1232 -389 871 212 61 265 -608 -391 -816 -258 231 123 72 57 563 -97 -95 1384 -17 -538 -923 -192 526 -467 128 -1276 38 -465 -349 -577 708 142 -605 316 255 -316 -105 834 107 -612 -357 -1888 1711 -240 126 273 -641 317 -41 759 -318 1135 -521 -633 372 609 -563 -106 -520 162 252 -583 -941 -458 -306 -476 -456 127 5 -533 231 207 1212 262 -891 -366 1097 -590 -191 931 995 -1097 -311 -766 -638 -43 -495 -202 596 -133 -197 -1038 -204 -1210 -25 -212 -1022 -552 -195 310 -165 378 -1044 227 -151 284 -441 28 62 -393 217 -550 51 1357 302 -605 64 -1032 303 -247 -674 911 256 -308 -219 -1373 -487 255 340 230 -568 146 -1034 -415 -28 -200 -434 113 177 -77 297 1070 -199 1078 198 89 -963 -311 -24 112 717 474 1163 -538 -851 -95 344 234 -68 113 857 386 -649 -1530 -64 -802 340 177 782 -498 -1002 176 -19 793 553 1295 -552 -473 72 -779 -617 634 -1175 207 -84 865 -946 -295 1613 238 -647 -339 -313 -601 230 -10 976 213 -433 118 135 166 259 -481 296 -261 -408 -58 -464 -138 848 -309 727 996 177 707 -38 20 -549 529 -56 311 -736 163 1438 -907 1638 1222 -417 428 -204 694 406 613 -574 -456 894 -65 1155 -168 -147 -157 1051 -827 122 231 -2 -39 -89 -1264 -262 -827 1106 542 -23 84 1662 -41 153 1034 662 196 -204 -157 83 -286 505 582 -288 210 756 -9 826 -798 -613 162 274 -164 164 866 -306 869 -21 -165 243 -742 -282 887 -734 
-578 460 982 713 1022 1331 51 -62 -56 495 371 -435 -862 136 676 473 -1091 -192 -755 -242 243 363 -508 -359 -2 -1009 451 894 -395 320 -484 -173 -116 1520 107 -475 84 432 -235 1307 -1070 278 104 -903 224 -730 -366 887 666 -88 431 296 819 199 -1021 78 639 -93 -457 -478 241 156 774 -113 34 753 193 -1150 667 264 74 -394 -19 -117 -579 -208 -272 -238 -559 -363 -317 410 1006 165 -135 -359 -59 652 -1141 -687 385 227 -1050 -1004 -182 -434 -878 -341 545 -506 -705 673 -585 99 1085 -1095 333 -12 309 -74 307 -487 353 1053 562 972 -28 137 276 166 -293 -757 -265 -59 941 -446 -33 26 -1670 35 519 244 953 -15 612 -84 214 774 -231 563 320 599 134 1514 335 -343 -86 -166 296 172 279 976 61 206 637 -670 -63 509 791 163 454 -223 430 -149 261 -679 -382 -474 -546 -89 597 1145 -545 622 428 -85 628 204 -1151 -34 -510 313 -579 470 734 264 545 -362 -611 541 -172 134 91 774 -1629 -532 1305 -364 539 -8 -324 -748 430 1294 342 -939 -251 -541 354 -191 1200 135 811 278 505 604 345 174 -204 813 925 -217 -387 340 149 895 172 230 82 -589 481 33 -575 578 811 -253 -71 143 63 -445 145 339 1310 -163 1194 268 415 -307 8 -386 -28 842 658 -514 292 259 -982 -443 -1030 278 -649 -334 81 -729 484 -549 1018 -108 602 -580 -446 1137 -554 323 -426 489 -44 -160 852 -372 -44 -114 -172 117 -675 1100 -456 100 -334 -232 -133 171 179 -212 -28 1177 447 785 47 -152 
-330 990 492 775 50 -519 277 -202 -257 829 -1026 1003 577 674 637 -207 1392 -308 -910 860 196 321 -1280 -287 176 -606 -228 125 -162 -640 382 -245 331 -1276 -98 -182 529 85 -18 967 -1613 284 -235 -254 590 282 -508 318 -192 -799 612 -520 55 -385 -204 -537 865 -927 -609 -714 -610 -1079 366 247 -1207 1666 1206 88 -488 -157 -624 675 137 229 -188 -76 603 1206 105 1421 157 -30 -558 366 282 493 1009 -663 272 229 566 769 -897 -246 -729 409 907 -347 -589 498 -553 576 -70 212 -501 386 449 -55 345 238 -161 -672 775 313 -258 -315 81 -84 411 381 -110 731 530 236 -561 255 -117 -465 340 -942 -520 -197 683 -640 1442 -177 181 -499 -135 374 -428 -253 -1150 -1054 -1684 359 -799 92 385 -638 -964 -449 -147 254 388 -38 -341 -12 -239 -3 107 473 -62 -975 901 1165 -551 -376 1004 563 -48 1070 -623 877 -633 945 -282 900 868 -1307 437 -402 62 -185 -663 -759 -103 -772 20 533 311 1007 172 -203 871 801 27 -1008 436 -589 507 304 927 53 833 467 844 615 -63 726 -350 96 -1188 295 -180 39 515 -504 -408 -211 491 -115 -256 569 -872 410 -595 1109 -298 312 -1967 -134 350 -185 1057 -534 673 632 -637 587 390 403 176 439 -371 -185 -271 -1375 -346 205 52 -1011 50 283 -271 510 -797 255 509 -293 618 637 -67 1407 505 -353 -438 -379 -441 510 281 -654 -1213 518 -671 -685 241 -1318 -565 346 -1105 -226 517 -1049 -612 65 -705 -66 436 541 -982 387 428 705 1433 -514 46 -246 340 -636 
216 -61 -274 -524 425 835 -609 90 368 -139 -193 26 -82 730 57 783 441 194 110 -834 673 823 -65 -33 -844 28 521 630 -100 717 613 553 228 -240 -975 -741 -480 -108 -189 444 -12 -861 -573 -736 -114 -738 -611 -1615 850 -143 -91 -757 55 38 -461 152 -526 -568 1270 88 165 500 -346 -95 1416 93 -220 -218 78 -496 1549 -255 561 132 -44 -325 1283 525 1167 29 -90 41 -140 10 1002 -684 -216 -852 -989 668 781 789 647 -582 928 452 373 319 -212 -27 172 -1662 773 -1390 303 -181 473 -519 -544 -749 -313 -724 -950 -27 107 -607 888 432 -1099 -128 -594 -516 -179 -37 -657 -3 -776 1551 -919 -965 -957 116 110 -950 -142 440 166 93 667 -1498 -535 -681 999 -1510 115 481 1462 -1588 466 310 353 -246 -220 -8 -787 -145 -195 -116 -710 -714 84 608 -751 914 165 -1360 -358 184 -312 980 123 -505 427 -101 457 -89 -330 -7 204 16 242 -60 -251 -247 -440 851 1854 -769 -189 185 -221 -721 -694 -56 702 435 1116 315 -1039 512 273 325 -269 -613 515 -324 -960 -1128 -172 512 -1142 977 909 437 361 1031 494 590 48 25 656 480 -477 -1392 206 227 -477 -222 393 -693 -757 -369 -7 121 -909 -886 -895 110 818 387 -117 -148 -1318 180 104 -128 605 -136 -528 -249 -3 537 -36 -1225 -325 155 -810 236 665 1153 -451 -92 -957 -999 -12 -777 336 -568 331 -1064 -44 156 93 411 -215 1640 1084 79 -394 726 463 935 -222 -350 -2414 -301 1023 37 665 -625 671 -237 865 1437 -108 -624 312 163 168 -229 
472 512 -391 246 -696 162 216 611 161 391 73 1560 42 580 -1151 -64 -596 324 -360 847 -471 672 358 -48 -162 462 641 85 836 1032 417 829 364 238 -425 446 -1373 470 -182 504 -752 -61 302 -53 170 208 250 799 -551 -235 279 -872 -587 317 344 560 852 -1569 730 -839 333 -596 -795 252 -1018 306 -361 249 133 -458 -349 -1131 1472 -946 36 38 -205 -546 -298 868 -328 -595 -22 207 934 -1688 917 218 -93 398 -306 618 614 -99 -415 -416 284 398 1185 -105 189 -142 -347 -462 779 47 -172 -163 -565 -67 -390 1507 807 1363 46 -915 593 -176 -356 -797 483 -69 -481 -267 -212 -65 -51 570 84 -74 -417 528 12 -705 227 645 1587 841 615 300 -84 -1266 -977 -171 538 -353 -325 374 -420 -778 -1197 181 281 759 305 349 227 1228 886 -17 20 647 19 -80 -621 509 -708 -181 705 106 251 -148 -1009 162 273 247 133 53 745 -585 896 -1202 521 288 495 455 -479 87 621 -855 453 -93 103 462 907 -347 113 -372 -164 528 -5 206 105 -444 595 745 1082 461 570 95 -48 -809 526 -449 -51 -279 187 757 -166 666 -355 -824 486 -534 -3 249 -349 -461 -424 170 -495 243 1005 -1495 114 -409 137 89 -551 -153 367 116 341 613 770 -942 978 51 506 210 40 -111 -366 -300 3 -1009 -421 -627 840 -1403 29 -394 -228 749 430 -160 897 463 -607 -302 326 786 224 -439 -16 -792 -839 -705 -106 1120 25 585 700 1487 -1403 -524 339 -84 216 301 930 -258 62 805 202 -1105 599 -1277 564 -386 
807 -172 358 146 -1018 661 -636 230 -245 -102 -938 -100 568 -122 799 -538 453 -372 -990 -602 -36 156 269 -1232 318 248 -17 -883 828 -692 917 257 -680 -436 784 -319 -484 -660 392 -347 -675 37 117 -849 -632 232 -959 50 488 213 30 -77 476 127 568 -1121 -222 -205 -73 602 -1423 1048 489 1383 -739 597 416 875 910 -604 1162 -723 298 518 -816 -168 1032 -882 469 1151 498 495 15 -271 177 472 635 -731 383 -777 1178 514 168 -44 -962 170 166 -1072 562 -180 14 1209 172 136 -417 730 -280 -1492 30 -1020 846 -194 -76 12 378 295 128 -497 595 -144 832 92 -1720 -117 83 -336 147 -479 507 -1492 -158 -539 147 -766 -328 50 -191 -285 283 940 1065 439 -561 -591 -575 -366 33 438 -1117 -598 -11 354 -455 -94 -372 68 147 135 85 -991 -698 -424 -411 -243 -444 320 257 -974 -593 -49 -14 160 579 377 -196 -337 564 372 157 399 411 616 -325 -205 -370 -751 -1129 -96 619 410 -292 -518 715 -87 966 -259 -244 -714 -271 203 -286 -556 1128 -607 -449 355 932 665 -115 -83 1130 771 582 -500 957 -1061 460 -410 130 510 -990 707 -610 -372 -208 284 -282 -658 -1092 -436 -287 -636 147 -1103 -550 1553 -376 3 -11 913 -65 1282 437 -689 838 -844 -455 507 -176 -983 -496 1751 -165 702 868 -146 449 -475 573 -475 537 -149 323 -727 44 323 102 -157 -583 452 -499 447 1098 507 1273 352 -194 -704 276 363 626 723 163 -179 -144 552 1041 -470 -1241 -420 -492 190 47 775 591 1256 110 -961 798 183 
-361 1226 193 -259 -182 -304 -616 621 -664 1338 714 -365 -295 -98 -249 760 728 -173 -619 306 559 279 724 -45 -514 -72 285 550 262 -640 -526 665 142 -188 -298 -589 -380 -1315 -445 -327 1290 152 -480 758 -659 -7 -378 795 324 629 88 1625 1521 1124 62 -164 -1427 433 -1039 381 -300 -684 134 -239 -524 33 -340 -555 36 297 -358 304 142 -1042 -135 232 -216 629 905 320 267 301 -1264 -507 -172 517 -218 484 994 -1611 -356 601 315 -768 107 711 1084 1070 -1106 -368 626 130 -76 -577 400 -860 268 -285 -649 -717 263 -29 529 303 558 -1201 335 -437 -609 -153 -408 -386 -40 -71 -334 299 226 448 -396 -1110 -405 279 1026 601 -264 -183 190 -631 1186 770 72 -332 474 501 -534 -138 -1099 -420 1197 -413 7 -1208 -1348 412 2062 902 -233 861 320 -1518 -978 -357 863 47 -491 509 -45 -4 -1638 897 -1293 463 -444 377 300 -571 -433 -422 -539 -879 -821 162 -616 841 -356 -258 257 1 3 1290 -626 190 29 -295 211 339 902 299 624 -439 182 619 -553 38 1010 -1394 830 376 1170 561 861 1262 61 -435 571 539 443 -1150 35 -423 -438 -71 501 336 -943 -1290 -360 -806 -301 156 130 -1401 -191 508 -491 1100 318 -544 -775 1609 -38 233 1005 -1561 201 -631 -1029 452 21 68 1036 -284 -66 -167 892 -232 942 89 785 760 -197 1058 -674 -426 31 -237 516 1400 -473 1134 80 -691 -24 884 -223 -483 -822 -867 639 378 -301 -133 884 -669 1239 -177 742 -6 -42 -145 -659 -579 965 -586 114 -916 -337 -70 73 -1143 
-187 -14 -503 139 775 258 520 695 208 -1291 438 -88 -327 -1154 -401 172 891 518 -609 -824 -226 -569 479 -34 -491 707 -433 -737 622 185 -567 -980 -1514 -405 -833 -842 -906 -330 310 -442 -841 -360 168 613 -436 454 -857 676 234 313 -800 649 195 962 224 14 185 38 -270 1328 -737 -647 -291 1081 1415 -1870 507 719 927 856 -88 -273 210 -249 334 -285 362 -129 -505 -1100 -288 41 -110 -611 -779 1335 -607 -615 22 -328 710 1005 -569 -759 1114 1317 -989 -434 -764 -1072 34 661 956 -528 27 534 332 198 1375 -437 280 15 534 -330 -372 120 -285 -602 -352 -733 -176 151 287 -51 -170 941 623 -197 119 -451 -258 -194 570 -707 -631 1024 -110 768 -752 -554 -393 -472 350 -464 760 -80 -816 -106 909 -855 -868 882 191 415 909 -953 890 780 230 -415 1771 -592 68 -81 735 -1295 -2080 -264 -481 -126 633 -283 -1257 -260 992 221 660 -503 -317 1 -364 -286 341 671 -290 1358 2 1015 382 82 -303 1059 -767 -260 1200 -368 531 171 510 -331 19 1185 -147 174 -358 -1051 53 -250 296 -237 -1143 1443 11 466 274 1381 283 -482 186 18 972 -245 998 432 244 -150 -526 -178 82 -376 -466 -764 259 255 -640 -470 223 -1004 -115 -1079 315 461 249 39 88 -1385 234 -907 822 168 -136 94 -358 -167 -1428 153 888 42 356 -509 -427 1025 -303 -937 234 -940 -481 -374 -213 -89 11 707 -156 -782 429 -230 347 -203 509 438 -442 -765 984 -514 -348 1176 -88 -20 572 -882 -241 620 -1628 -125 40 105 -317 628 698 -465 
-104 479 678 483 -95 -261 -744 270 -327 -237 607 -348 189 -674 -1286 74 -815 329 -646 538 496 1188 878 138 699 933 1895 571 372 -517 -732 328 25 31 27 622 -43 791 182 20 512 178 1414 -176 -681 -545 508 -891 -88 -30 -1142 849 774 499 401 -186 84 -806 594 -1162 -100 210 396 444 -456 655 478 -425 390 153 600 -899 219 442 -182 -99 613 -455 -51 -145 1164 355 -338 961 735 497 601 1769 113 -65 878 -1058 368 -335 533 -117 -929 -498 915 -1017 -249 -699 -102 -891 -191 1073 -383 313 821 -469 -55 413 -104 -603 352 -611 457 -607 -590 452 1137 -55 -275 -584 408 -276 1735 412 237 -246 -361 -111 -244 -43 -1890 388 1355 -334 -1000 538 -445 -498 -380 53 -392 -106 -713 1004 -250 -217 -610 100 376 290 307 78 164 -834 -512 -405 1670 697 206 -78 101 -1153 137 352 -513 -852 305 410 -298 1271 293 306 737 1080 -1713 -41 -145 530 557 137 650 -261 -134 466 103 919 -8 429 -936 -420 -185 133 531 -737 1017 1001 -984 1148 -98 -802 -558 710 -280 322 156 548 -671 1123 100 415 54 1162 56 498 826 270 1032 -786 206 -435 71 244 366 725 -1052 -1383 394 427 -647 -151 729 577 -307 -609 700 282 820 1325 474 -353 -315 -778 166 951 973 52 460 169 108 797 -569 918 -223 -402 -1065 -20 -964 -475 -990 -198 239 -599 333 -982 91 801 -475 14 -427 364 482 -314 -298 -167 -493 598 -308 -181 307 -810 -456 -356 -691 -471 427 -440 -67 1103 609 -329 -181 -257 -276 -394 -143 500 
-778 -515 -71 -485 622 -103 1313 -964 -220 331 -508 1180 284 1855 -616 -76 -385 -326 648 -449 -378 -428 612 -687 498 949 -1200 994 310 154 -576 258 -721 -829 153 183 468 462 -620 960 664 -302 1113 39 502 437 -351 225 -238 -1121 -448 -536 -25 -489 -500 -667 672 -244 -274 458 -830 -1729 -666 -1237 603 -83 121 223 481 924 465 89 550 572 1017 477 -1101 277 154 237 189 527 238 255 379 571 1541 -852 -373 -730 706 -637 115 413 -48 -827 -605 -565 -1020 280 -123 -933 -571 276 -361 -1265 1017 95 -172 -37 5 -36 -29 279 10 -486 321 14 -312 1957 850 622 -313 -28 106 -25 28 -119 -501 1507 96 76 464 887 -87 -83 -1082 -562 276 -785 876 889 19 389 -535 90 44 -71 -980 158 453 473 1103 -122 -285 362 -317 378 -682 -402 1014 337 -1395 -47 435 -763 692 -152 -62 555 1247 -2545 -1102 -956 -315 620 -749 16 -739 -8 1081 -294 233 -464 616 480 -399 -2055 376 -1300 225 118 1113 -125 320 -476 562 439 -413 812 -2115 1147 555 -302 -354 -353 282 -774 -685 -326 -1079 -189 -564 1415 -1177 -163 753 870 205 509 -628 913 55 406 -176 -813 -369 -772 -59 113 278 392 -1401 -175 1254 -521 281 -924 -537 -153 904 -757 -737 -1136 -691 785 -545 -536 -921 -414 -245 -805 482 900 -1142 -218 -389 788 466 983 -1088 330 208 209 -309 800 -943 -310 417 -1216 1755 -165 1218 402 -68 82 1443 711 -393 250 -1527 -589 -505 -1722 66 -607 -924 -1113 759 532 -1309 -375 510 -1163 -894 180 -462 774 -40 336 
-98 125 569 -247 54 98 -893 219 749 -1160 -528 -351 1275 -431 115 -385 -860 783 -606 556 -458 435 535 86 -327 910 614 89 376 -584 -579 -155 644 -7 239 -783 620 283 -1497 241 1239 76 387 19 -114 283 -464 3 505 28 244 494 1021 -1281 470 -1003 1054 178 923 159 -451 105 507 5 893 581 -18 1007 -298 -1347 203 -568 609 526 -87 -445 1474 -401 15 33 -860 -1894 -574 687 -873 592 482 -129 -1262 258 989 657 441 318 -304 1193 1040 -630 752 -591 279 241 169 264 64 238 -239 -163 401 300 393 -628 263 60 -621 -613 -724 -632 -336 -1402 -1136 370 166 275 207 -319 -242 -38 -1277 -839 -57 -284 308 495 -1411 -56 -787 191 -159 -853 694 -601 729 -823 -475 -332 -208 700 300 519 -124 375 -28 796 262 -965 -688 563 -1779 -682 1069 151 -751 327 270 -453 820 -158 122 145 -1121 -152 110 1385 -54 -371 970 -507 -410 906 -34 -237 212 -86 -436 -368 137 -1018 268 916 -638 -557 -221 -90 225 126 357 -781 537 -278 -45 1433 44 -584 -194 -394 199 -586 470 -312 -62 -286 8 -435 36 -327 319 -920 -1277 247 279 461 -710 290 -563 77 -1092 -679 -912 1123 963 101 -1387 -532 -74 1158 -922 427 -370 767 319 471 -330 -1120 -1106 645 414 464 263 -947 404 382 1248 -601 -107 -529 394 -394 1491 -778 49 844 -817 19 -939 289 -436 -1477 51 -1042 496 -580 -1 -131 -349 1248 106 -362 -144 -150 124 -784 -880 884 523 118 -179 -581 -298 179 378 87 1776 894 -10 -340 -261 284 -1406 1180 
1083 351 519 -1173 -1038 11 22 462 278 -72 -240 183 108 -447 -488 -70 -331 957 -1203 -300 625 955 163 -29 -672 -421 451 197 725 -527 -732 993 -511 311 925 411 1120 -345 619 629 -122 -195 235 -596 61 143 317 -277 -50 -67 -673 414 270 1106 62 881 586 564 167 405 -863 -379 86 700 -575 409 47 186 -145 -135 275 252 -876 963 -1423 518 -828 314 -270 -445 -293 -300 691 1479 705 -907 602 -273 364 -545 -353 -1047 192 57 162 -412 -891 -1030 -451 -265 -929 988 33 -605 534 -242 -198 -123 672 -1772 354 -148 -986 474 -403 -92 1007 -117 -96 180 0 402 -570 79 178 -884 445 217 -422 62 535 -214 291 -100 -202 -201 -130 673 227 -928 97 -504 -1139 -17 -183 -350 121 715 -30 -365 566 137 205 376 -899 -335 715 -315 408 257 -75 -903 -472 729 -270 -872 -233 280 -418 -789 104 -148 285 -258 681 -324 360 -381 -332 178 23 134 715 205 561 -748 -38 -386 1693 -584 -926 -828 1045 -412 -268 103 -571 -911 -12 737 -864 252 946 -214 89 557 -403 797 -260 196 -307 -632 71 2085 -409 -794 -204 -298 -845 54 666 461 -1121 32 -123 -373 -349 13 -337 271 353 1085 190 935 1547 392 331 542 -750 -64 -97 1282 378 235 -183 1010 -314 328 607 -1255 315 548 451 1119 -890 113 -162 -171 -365 774 -733 -877 461 308 -411 527 754 -792 -1110 -514 1365 -1217 -650 -1276 167 426 89 420 -877 481 74 -412 559 -33 239 -861 394 -376 -577 -495 -752 417 12 278 -93 -649 712 125 -307 756 
-125 -68 53 756 137 -148 303 617 190 -782 1178 386 377 -7 -113 -226 490 495 -49 46 560 546 546 279 76 118 1088 -303 427 -95 -959 -772 -336 -383 -1379 405 48 766 -191 -69 553 -687 -1026 454 -947 1154 -706 -160 393 -328 195 275 1487 19 443 72 -1257 920 -1017 301 -229 -1203 383 -15 113 410 -691 98 2 460 -246 132 -314 109 -634 966 -108 743 823 -646 199 51 587 47 -831 -768 44 456 782 409 40 -874 -399 864 106 -425 272 -80 378 88 -645 82 -560 -72 -467 -170 619 -41 -250 237 56 -988 491 66 -422 -245 264 -67 -415 422 427 -1480 -67 199 631 -1182 153 816 -1108 366 89 778 -133 -51 -197 -29 509 -507 -133 67 1322 -755 43 325 -476 433 542 1525 412 -572 -440 -537 67 -366 -154 1079 40 -288 -349 -275 -1246 45 706 123 -888 -56 -1365 -54 -278 348 -631 211 20 572 -1002 -5 347 -343 211 323 -173 -600 229 186 263 1132 522 -234 176 -776 -698 353 -1286 304 -442 -300 -44 356 -339 668 -64 265 -928 -33 -166 -297 869 91 -259 -90 -1124 213 -83 226 -495 -499 -1609 248 -234 236 102 474 115 526 -152 1302 945 658 5 975 -371 -95 -85 608 -317 -90 -882 -827 -654 791 665 240 -619 252 184 261 -664 306 158 292 323 -233 -197 350 301 -206 -66 1407 591 1751 117 911 61 -85 -335 18 -954 -1277 262 564 -398 195 -894 -115 -428 -1737 -341 -98 -1055 -736 494 255 -79 -109 -799 53 90 320 73 456 62 525 -236 1454 -191 -1156 -131 -175 363 223 
1130 -1152 -30 -820 161 1015 -147 90 0 484 763 209 34 -112 -944 -752 -918 -727 229 518 433 359 60 -292 430 -171 184 -597 -355 -350 213 -306 -364 1107 782 662 147 -663 137 -751 -181 -369 1056 15 1041 -1018 644 -393 622 1177 -435 -346 793 1318 -413 -181 235 -415 -371 59 -59 449 -79 294 -219 24 -437 -909 651 -340 902 -1138 386 -1048 -1000 607 365 -847 1158 515 -30 1360 -787 592 55 1295 -711 -536 675 -162 287 -968 -54 1002 -1359 -1068 -427 -240 621 595 91 20 -372 -356 -185 -720 -968 504 4 -41 215 623 -20 -26 345 -314 859 -106 -293 788 -28 14 -930 -13 342 53 -38 856 -137 1213 -1108 512 53 -187 502 -125 -2331 260 1287 960 976 397 473 967 206 -492 58 81 579 772 -219 1249 -822 677 -126 710 191 -1052 -915 -366 1518 157 -279 -1184 -903 -246 215 -103 105 1313 -701 -826 -102 -606 71 -299 96 419 300 1011 516 -707 193 -946 105 -588 807 -777 -854 184 481 464 195 -119 790 -87 90 -244 -267 1109 -322 1397 -26 1079 1055 -138 1204 170 281 -685 -426 -167 645 1440 439 -699 1026 472 728 131 259 -323 -462 -175 750 -1398 -510 251 -239 281 556 -1702 35 21 -755 782 -1396 -312 -510 81 -1043 -1319 -399 502 -101 214 -142 24 -177 -36 951 -474 248 395 -290 100 242 75 432 522 -125 527 -612 -136 -903 516 221 210 101 218 1045 -108 108 -761 -225 -69 625 21 -937 -359 -222 846 97 -351 650 521 -1117 -510 906 -110 -148 -72 -1360 1100 732 -941 388 217 -279 1050 
1353 -111 -129 -375 369 -11 441 -409 -773 588 -479 81 -94 896 87 -910 -71 27 937 365 -430 258 -815 -288 -707 -226 -121 618 -175 -51 161 1373 999 388 526 1343 -982 -651 738 -684 67 -68 198 238 1732 -1048 678 499 -773 1034 1273 -491 -359 538 234 -1118 -160 370 -1031 -391 -390 -136 -495 -1262 -274 386 -1423 -215 -1618 -773 345 -689 -145 130 -689 491 -358 1039 657 123 481 628 857 218 907 -604 -576 -202 32 836 283 -490 362 502 -298 -903 -24 65 403 -132 -332 1256 57 667 -145 -1289 -575 546 -120 -895 -186 124 -487 -107 406 341 -710 -501 -586 374 -423 -734 184 -776 -184 -825 -177 -363 679 498 266 427 236 329 623 -742 -89 -719 592 732 -255 330 -291 -757 1717 752 299 600 -624 -900 -632 953 -2185 -288 -328 894 -715 -899 -665 -121 896 533 -268 581 -297 430 1297 -157 1014 2177 128 37 -447 -69 -356 -855 703 284 540 791 488 905 1430 -114 486 494 541 1002 -673 -199 551 181 -1135 -494 -437 791 -548 -584 -587 827 1248 -69 -263 -935 -973 -356 -257 373 258 67 -90 -1155 485 799 -337 -100 258 132 -309 1242 -892 36 -434 157 159 -286 -198 332 -1172 933 426 503 285 -1019 -610 223 413 277 -466 295 -584 -412 111 273 -375 709 -557 156 387 -344 -86 119 145 342 781 -738 -528 608 -921 431 -351 -812 -1279 196 -264 639 116 -293 -766 1190 680 -154 -66 -1064 -915 510 703 -782 204 660 781 572 435 -215 638 -1620 295 89 -572 -628 -304 -1515 -161 -1 1465 -42 679 -59 -225 -884 
212 790 -581 558 -948 239 562 -689 -576 649 207 172 1200 151 -74 -926 456 -265 1234 -538 -277 -74 89 -14 163 351 69 -162 -543 -564 -43 -266 -166 69 -35 -538 -167 -253 272 29 -22 -84 -1432 1329 -472 457 870 -387 316 88 518 -404 677 80 -323 -1198 87 443 -400 140 -582 414 -631 -1205 627 1351 -23 -17 266 833 779 -449 -1310 29 272 729 -477 -488 -428 1013 133 418 156 -779 -845 -1267 -998 -269 903 -832 638 -18 118 -277 1403 82 654 402 -364 3 -506 -748 891 -162 -354 191 901 274 216 695 346 -1076 -199 842 -679 354 441 806 -233 101 284 1098 -1425 -351 987 -551 -405 -174 -450 -286 -999 454 210 692 539 368 -93 1256 450 -113 525 1186 490 834 -778 -222 364 -319 334 1403 -240 -867 1171 109 1019 90 301 983 -1421 295 929 -64 405 -235 -345 -67 252 -603 -803 -12 202 -395 435 -1522 -56 -628 -701 -688 -626 -146 -1372 -80 497 194 -611 85 129 705 614 -821 -120 -974 -215 859 144 1693 508 35 -238 -491 -173 -657 -598 -360 861 -1371 656 -87 -458 -394 -307 16 -754 45 -640 137 -1391 -882 -344 461 1477 654 308 241 1206 -143 1149 1047 -675 -1217 -1127 -890 290 -202 -601 -374 -284 -1101 1369 634 -158 -184 -594 -753 192 -63 655 -518 -794 -830 241 946 -347 -139 178 724 -293 -1033 -644 532 -487 31 515 159 193 -770 189 485 125 341 -371 -856 596 608 -467 786 1684 -1055 477 347 222 1025 -687 -1147 57 38 -95 422 247 -282 -1539 -165 962 1123 568 -679 -483 431 -495 183 
-884 524 103 -110 -1341 269 178 18 804 860 149 264 -1065 291 764 372 2232 463 -257 -553 -830 7 1046 514 868 -735 -378 -1202 253 82 795 -640 -371 637 80 323 18 -1022 -553 454 562 1269 -229 -836 -617 697 1339 270 135 858 -58 -91 -1032 450 429 -410 -240 -1380 630 334 -1333 232 908 543 -344 837 226 360 496 448 -865 263 -850 -169 92 153 63 -143 588 -1053 -461 -625 61 204 80 -33 758 171 194 -172 -264 582 -765 -1007 758 -431 -328 1166 -1265 1762 -15 866 -429 991 772 638 332 637 140 -180 638 882 -675 -281 -505 -542 821 -51 -261 438 -394 609 1063 392 -949 326 1592 -536 903 -43 -473 -482 -1154 -372 845 -1049 245 1108 173 -850 -115 -933 -250 70 8 -655 -255 -752 221 -1054 136 -451 415 -625 428 297 801 947 -188 49 385 464 -401 -119 -25 -1382 986 -1023 -1298 -57 289 -415 165 -518 -671 411 -339 -405 458 949 -385 422 -3 474 150 -399 353 -672 517 -479 946 -848 739 1229 485 1136 -1519 562 -578 974 -872 255 674 672 -27 355 200 986 396 -118 -165 -12 -237 277 141 -621 57 -366 4 -303 129 813 67 366 -155 682 -105 276 -621 326 493 338 568 -200 -23 110 -619 195 -279 1007 540 487 611 76 325 -49 -639 -138 793 -585 -322 -387 -575 139 864 -607 -487 1225 -49 95 461 104 1554 419 771 -103 261 247 1213 -59 -141 263 512 -809 765 -279 363 191 660 664 516 -403 1217 -1133 -335 1045 -375 1166 473 -410 -952 -547 -210 165 -2 958 -305 -351 51 1424 
-701 1376 -432 618 -258 860 -553 1186 -964 585 577 277 1361 -833 301 -906 830 -132 -353 -5 38 440 1013 -728 -251 -1308 613 -658 -376 -740 181 -213 203 -305 408 -291 -227 -164 -187 -1438 34 -1902 -366 -717 -204 152 -216 569 54 -563 158 208 311 -5 -466 -260 -727 741 91 768 -1018 697 -524 -334 744 -106 -253 -895 -242 950 -755 -610 -507 -421 16 -1171 998 880 244 261 239 766 587 -492 -853 1219 179 -707 75 -273 625 243 1009 222 -491 630 -694 -111 -992 116 1417 110 862 -13 -257 -320 -617 -631 737 -351 67 -172 535 -71 -249 -834 735 -742 -208 135 -489 -127 50 -265 -432 203 1432 732 -157 -39 183 748 -207 684 447 -566 412 -1203 435 239 968 1256 232 -667 463 -1039 1491 -92 1384 -746 -755 -329 1025 539 269 -597 -22 -75 -830 -784 73 25 -176 -64 280 614 -505 -856 407 -574 220 -646 -1287 -858 -432 1144 -1108 -564 -1145 634 -1392 226 -132 744 -16 -796 -663 -269 502 309 361 1095 1253 310 -1060 -572 665 -74 393 1025 798 1433 686 -132 -1080 -425 -204 -461 -16 -229 930 528 655 -200 -49 631 664 -829 -12 -1360 232 -625 -534 -219 -402 -393 -133 -331 1066 226 -436 -743 -410 841 -830 -1174 -416 -29 -1742 778 315 564 1389 -640 386 -759 -487 749 -775 600 1411 153 -632 180 -26 591 1034 423 -935 -495 -110 1091 693 -397 410 -680 -108 -97 42 -361 1064 319 567 130 -599 223 -128 65 -452 572 -910 -121 893 -319 -638 60 603 790 245 659 -1061 -327 -441 -387 -222 -597 457 -19 376 37 
449 -1652 244 -840 114 -1943 -503 -1123 -356 508 -328 -68 684 311 83 1231 -355 489 461 -96 -687 -333 40 318 256 48 -122 -731 -5 -29 145 102 0 85 112 197 796 540 -1131 577 -337 -157 -682 -598 -621 -389 -647 447 736 970 -291 642 193 220 159 865 1062 921 1074 170 702 -89 -679 -60 -1150 -372 804 851 5 -331 -188 -626 -201 66 252 756 -762 263 -1695 -506 1058 1074 327 356 -84 962 219 151 -680 285 -701 -301 -650 1109 543 -522 -80 936 748 460 -79 -335 -1433 787 1019 -115 790 633 148 883 538 -826 611 407 -132 401 -222 164 709 -1552 132 -477 1193 -152 103 542 670 -1448 47 923 -57 535 -810 -97 -272 -1029 -296 -733 173 467 190 209 -98 717 196 -766 800 360 241 75 479 -201 -130 204 -295 253 -275 352 -295 1404 536 -1233 776 -295 435 328 838 618 33 -756 156 213 -22 436 -1238 159 525 902 1044 444 -322 197 -482 -590 366 -795 670 -614 -814 407 718 -78 621 -90 -157 -101 17 479 555 -14 164 -1178 386 1184 650 51 354 -677 -348 -551 399 -1766 -150 -797 -411 -453 -477 -569 -5 -1298 -205 -870 -475 -560 486 26 -386 -286 191 -387 399 553 -1040 -191 -512 775 675 -13 937 398 628 -231 -723 39 467 -375 347 -193 -265 -68 744 584 -808 777 -644 -548 -59 -715 311 -91 -191 -218 271 921 -441 395 284 614 1437 95 -1640 655 149 1299 136 595 750 -439 948 -969 267 -320 -211 -671 313 -546 -351 217 -247 -320 985 28 251 158 -1238 924 1020 399 -653 -465 
-284 987 688 624 -871 -371 -376 117 11 -1165 -673 1045 -346 410 -879 -1164 -820 -37 -148 -852 92 -307 -457 389 -214 -1139 -613 -267 136 733 -195 82 506 -91 373 -129 372 649 220 462 636 687 -184 -305 -156 -478 -186 347 -271 -190 331 -303 943 48 929 808 969 -210 -120 -335 -578 608 -228 774 -57 567 341 1163 1029 -531 -183 -41 394 494 -429 441 -747 94 -32 739 454 -597 726 784 1197 328 1070 -1005 -36 -1137 62 -630 322 641 346 -54 16 -1938 638 -760 -20 -1019 -1603 812 -234 1067 400 -328 1047 -601 314 -842 -78 312 -729 -103 -185 544 167 186 127 -477 -431 382 -20 -417 1229 -941 -388 931 -228 436 -346 192 -1794 -1071 294 -556 -861 871 -110 90 -363 -873 -374 -53 1461 933 58 -186 -1635 175 285 623 -36 -78 307 -269 -221 528 -27 -74 -185 1329 851 1472 -702 224 -280 -382 572 -268 44 158 625 -148 99 -147 -509 -288 -1085 -15 -979 -757 67 645 25 -201 -814 -698 -372 -236 -1093 12 -959 513 -206 -478 36 -26 827 -4 389 -1224 -766 894 639 1135 -640 218 251 -1013 154 -43 126 -625 535 358 -213 1915 -390 140 -446 -333 -169 -75 -353 -245 -867 -894 773 75 -1039 -285 -688 -224 -113 -685 -508 -657 106 -474 -160 339 355 526 -68 176 -975 -1133 -1027 -139 -181 -89 231 -137 522 -54 1061 -967 178 -915 717 473 -322 495 -1411 -208 -1071 -202 266 221 -863 319 274 -97 730 175 526 142 -788 -159 474 -407 796 54 534 -786 -175 610 -616 255 -85 18 121 -354 -326 -693 -102 -404 
-427 1056 293 -816 -927 851 -221 -159 -10 512 -206 -392 124 1040 692 756 1199 -634 -199 -201 -1610 -172 -428 -835 -802 1176 102 -514 -437 -627 30 487 77 -247 393 -1121 -1414 478 -560 -238 -396 304 -846 -398 427 295 -320 64 662 -733 -1252 -424 -111 48 -278 -524 992 -120 -643 480 -445 -856 870 865 -74 -581 -333 277 -1068 -173 -488 -614 -37 235 -667 1147 1103 105 -1 1982 -7 -557 881 629 1273 -162 451 -694 -2562 9 -252 -1027 -841 -555 110 181 168 1059 -898 -883 523 -429 487 521 103 -529 104 701 -691 505 657 620 246 370 535 1255 330 -427 477 -18 404 7 -218 485 -174 762 -1047 193 305 -875 -895 -274 105 279 1005 461 -214 -114 272 -1587 1195 -229 667 -21 -252 185 -305 -1030 -71 -93 -788 137 -799 116 588 -30 203 743 -262 791 -460 476 -763 -195 -710 244 456 -351 463 374 278 -563 33 -630 119 -845 -789 364 -604 -587 966 409 -2086 -221 409 456 1005 -902 560 49 -691 907 36 -319 -1450 -61 840 -651 393 -752 -1036 -216 230 -504 642 -464 -681 -102 -911 486 659 174 -450 374 -558 1279 179 418 764 653 -83 -250 -493 -193 192 -194 -390 -293 -260 -100 532 -437 241 -85 -1123 319 -302 354 -17 184 -426 -512 882 -570 -973 969 315 588 -582 -431 -463 -256 -598 -32 -172 -852 -366 1427 967 414 -795 202 -516 -549 -71 884 248 78 -617 -242 178 506 357 26 -204 413 -594 -199 216 279 -200 521 -937 -708 206 451 187 1310 586 -165 -1010 893 -602 502 4 684 -228 -770 1336 276 
-948 510 -415 -304 -95 260 538 1132 358 180 -193 406 544 -171 -208 225 -266 884 199 -144 -886 166 412 554 -32 155 -79 192 -755 147 -249 -1196 1197 166 542 -352 -1050 309 -369 -499 342 367 -876 -376 1078 316 -34 -71 693 3 287 598 -300 395 -417 -353 1810 -765 -749 423 -2202 616 854 13 343 533 1031 -484 896 385 -40 -1047 609 283 493 226 214 -278 663 -359 -1197 -101 632 -338 -162 -41 -400 608 -633 -881 108 74 -479 741 -1098 414 565 1377 -254 222 102 -635 43 1112 835 801 -112 400 938 195 26 -61 -263 -411 258 -299 398 101 -395 -839 735 -419 63 -1099 -339 -378 444 538 730 -17 -512 302 -28 -942 240 -737 1046 409 -660 350 -167 -630 -308 396 -436 -346 -338 -20 -202 -250 -1182 409 648 401 137 205 1215 125 -901 -44 -83 1042 1248 184 -555 215 438 -473 -855 150 -398 -249 -309 -503 -1021 994 351 -620 301 -235 353 -61 468 677 -209 -723 270 -335 -1070 -852 -557 839 56 -573 -714 -89 147 -441 13 869 -659 39 -857 -992 70 -1598 -57 246 -170 1332 -411 -1012 1040 -653 771 -163 -755 -666 680 -45 682 -1009 -394 -669 -480 -203 -343 81 17 260 -42 544 -845 -286 131 275 -569 548 -976 -461 134 131 -40 914 -289 506 314 -381 387 -445 -75 -281 -638 -871 -121 -308 416 1275 272 193 930 634 -109 325 -113 -948 -63 -186 564 40 -123 -1234 462 766 -312 -276 -255 -599 -281 512 854 309 728 1328 547 -690 -10 -466 -536 -237 583 -368 -342 315 1149 -39 -365 -1286 53 902 
178 -125 -618 -573 600 -73 1097 -327 338 577 309 -888 -50 483 389 -597 839 299 -41 11 -1525 269 294 -197 281 -1050 -898 231 317 -501 -108 190 192 -878 -595 127 344 432 -258 -336 487 -99 -86 261 37 -254 -109 -848 248 -207 -358 -817 6 686 607 -1831 -695 -502 -968 645 -239 255 1783 -653 -593 -221 383 -725 1209 -89 393 608 -581 -647 -458 12 -208 134 -245 -845 26 -237 478 -854 65 -1478 -1302 -406 -554 -728 401 277 -690 193 1267 320 665 -323 425 450 -298 -408 -758 220 -484 -281 1109 407 462 377 -481 -32 -434 671 254 -546 982 717 -546 1037 85 -52 -250 305 -183 32 401 -361 -744 448 404 480 186 414 -822 814 -52 567 -1166 -382 -460 -1106 934 994 578 1350 163 -676 71 -798 -638 359 -142 -122 -16 275 -591 -241 -138 611 -405 733 90 -854 313 392 917 -157 -1377 -562 -138 342 45 -331 456 -492 -247 747 -466 -29 621 204 -244 -110 313 -356 212 -488 963 -339 1780 -765 66 267 -1140 790 -1026 -69 229 -161 1323 -403 481 -138 -571 -1485 -142 633 158 113 618 459 -173 -452 -1866 1389 2 -463 487 1226 70 1005 873 431 -491 298 1764 1174 25 632 451 150 404 -329 -373 -992 -107 3 721 236 -762 -1274 447 -1205 192 87 267 -163 -87 394 -574 524 652 -1072 489 565 -319 467 -1173 -663 -1032 -721 -1068 -518 -76 -438 -51 -694 566 1093 430 374 -1113 41 57 -512 69 59 710 329 374 -1259 31 356 -921 64 -1240 457 -743 -284 -468 -32 388 -800 67 567 644 -116 -31 -127 
167 -887 -199 -600 1078 921 -813 -82 81 178 -555 293 300 681 328 -5 324 -584 -544 1127 935 -843 -631 -179 470 774 -250 225 -367 -66 132 155 -995 45 -897 -466 -248 -467 -78 -132 718 -1618 -1039 814 477 969 834 -616 -160 -458 -73 771 -138 -763 -667 603 -1206 138 632 -1068 214 -570 -601 -36 1816 -333 134 -379 -231 150 -529 211 -1327 672 -295 -152 -1288 -534 54 721 -879 -1022 -422 166 -417 87 19 -115 1131 649 -245 261 -212 476 -410 -164 288 -427 -54 -499 -699 -36 -456 -478 -69 524 39 -322 1088 -1368 362 -397 -284 -224 -931 996 1230 942 -432 576 -129 1000 -451 600 -6 1528 -161 430 616 373 -198 -69 178 -460 332 209 1064 -184 283 -302 620 686 20 1096 -492 1 732 422 -1374 209 159 -70 1288 452 -127 -1007 -399 -1242 -455 119 -533 1048 -688 -145 -1241 -311 -497 -328 -9 959 -172 274 138 -999 1315 -852 645 -1439 -1416 285 172 -893 -256 -705 -384 -262 -257 -488 817 293 -789 168 120 679 475 -103 816 418 950 -565 -992 610 -516 -151 516 -1111 589 -886 -1714 909 78 -39 394 410 403 -700 574 -1384 471 -102 372 1274 -595 -35 -126 1602 428 630 811 48 433 857 376 145 241 35 1338 -115 -470 -901 720 -257 -423 -211 50 -365 -232 379 164 -149 738 -917 1369 -98 -1511 423 -237 298 913 -681 130 912 -23 -745 240 -389 -673 99 792 -525 580 10 723 451 -1210 483 -417 1024 238 -131 -291 754 681 -605 184 1106 118 -545 -1040 -629 -164 350 -652 199 1051 -848 -84 109 455 310 
-495 633 -77 5 -837 392 -244 279 -173 420 554 -1064 -261 -669 1246 492 302 -333 103 468 -129 66 1091 828 -129 -42 -1074 -111 314 622 416 422 571 -1026 255 -4 -197 -799 -279 -677 -356 136 -922 -318 427 735 522 924 -344 -423 102 -148 -758 -502 464 616 -381 -378 835 -243 393 322 189 610 -840 -225 -633 -495 1591 -68 -422 -1246 1280 664 -518 -774 641 -982 -606 -269 -129 457 456 -327 1129 1035 591 -350 -436 287 294 821 -56 -127 475 99 -1333 -839 -2034 906 600 124 698 926 180 795 -1 -240 721 -957 889 1188 678 -112 -149 214 -22 -840 -728 1517 917 519 770 -644 -976 352 1139 -66 693 -250 -360 80 -9 -292 791 422 -401 -380 709 -777 722 -145 -260 665 294 -33 -508 455 549 -758 4 -1253 -712 246 1097 168 1126 -645 -473 -438 176 76 -1667 -399 625 -36 542 -1171 -654 340 721 -581 352 185 -478 -759 -564 328 774 -315 395 -596 261 1136 -594 744 -471 -562 -1384 -780 -141 -381 461 -832 -101 714 337 456 977 830 -45 -47 -912 -493 340 -382 -246 -206 259 45 99 597 -587 90 194 933 -564 -122 143 1012 -403 -403 -52 625 56 -302 -442 432 68 193 -904 -115 256 -1028 89 -249 -218 -1091 -335 576 -586 -81 690 163 -316 218 396 414 170 -553 -1219 -872 -290 -230 -589 295 -531 849 437 -1142 100 705 -249 203 43 234 1018 1384 692 10 -403 -93 681 750 -306 -534 955 222 791 1377 765 428 -232 157 31 636 317 780 408 766 471 -715 138 -656 -609 155 -454 -222 905 1051 
-194 -2 -539 744 -1057 -494 36 -1009 -293 -743 495 88 742 367 -270 -131 -414 -1166 -1696 -407 194 -1128 -271 -482 1 -661 226 -757 258 662 -307 -114 -66 -1268 58 -20 -116 547 -597 -895 -613 1502 1189 400 243 245 -646 -706 843 -1313 206 466 772 -111 736 290 -1461 -527 983 -350 587 1006 1078 -406 -227 133 196 -543 -368 -360 -485 126 -749 -428 83 -134 -1089 -481 50 -78 -191 124 1962 772 -49 -751 612 531 559 1099 591 90 175 -1006 -1037 -1044 686 -568 762 202 442 826 -359 404 140 -1998 -302 760 -924 -1495 -106 -221 -421 450 -157 128 -939 765 14 757 27 82 -48 695 -750 265 32 -879 -191 420 1061 293 -754 -67 1253 496 573 643 -1289 289 386 -366 -203 -323 510 -320 -758 -503 -425 -20 977 -641 492 1239 -471 -600 -323 491 -315 350 1365 -294 -572 299 151 62 161 250 -640 622 228 530 -899 -481 -354 -509 1532 -190 -80 -46 -472 -556 -1040 305 1489 701 437 526 143 -677 578 -410 -1612 403 898 443 -460 -1789 -146 455 -93 -22 -353 9 468 87 -484 923 -613 -804 1527 -529 964 597 420 299 325 427 341 492 347 753 -455 521 919 274 -432 245 457 -152 -3 307 863 1 1863 -54 -245 -1013 -759 8 -516 132 1493 -1397 1590 -1009 711 1508 -140 -461 446 609 551 73 246 80 -426 -1538 -802 15 136 123 653 -496 -15 -687 -625 204 983 -702 464 561 627 -426 144 -1024 166 321 -914 332 -132 -1086 -197 475 -1198 -214 -1060 -344 -22 -779 -257 268 -427 134 488 1164 -25 -406 76 541 
-703 1615 214 -611 1481 387 -993 -451 292 889 969 1399 16 -266 -975 508 -292 -794 -545 -713 -174 84 939 -69 66 -168 839 -680 -1033 264 301 1414 -695 936 1573 -413 445 149 5 145 -127 1017 899 -277 -570 -273 443 454 -491 626 -1072 79 -55 -214 540 744 -335 -359 451 432 1414 1038 715 576 188 67 -82 1364 -637 608 -116 -480 265 239 616 -332 194 91 -72 93 -375 -503 -360 199 418 256 62 -456 -221 -874 -231 -72 211 391 104 -58 118 -387 273 -885 -622 -807 530 -710 131 8 -366 -683 531 196 -30 222 381 -701 -574 -97 -191 -1147 61 196 95 -466 -382 -236 -708 -636 -1250 1364 -46 -271 -628 123 -1105 586 -352 492 182 -370 1128 -95 -1543 -104 -1423 1156 388 100 -889 214 -206 920 269 -114 -156 296 -956 -175 896 1247 75 417 182 -146 362 371 -251 591 -602 379 -592 -409 152 -31 -16 243 891 1447 -264 -756 738 -230 -1535 80 -663 618 -408 1106 -51 475 -103 -727 907 93 -896 593 -23 -1108 507 848 -1657 -577 -481 249 13 -850 652 494 -269 -1338 699 622 -135 -94 470 1126 59 -1224 -44 717 63 -172 -29 -1318 -17 1060 544 826 31 -482 408 -196 73 118 -124 -134 -787 -1392 321 -770 -652 -546 -339 835 -1113 428 1132 -14 421 -820 -84 712 -383 275 539 99 915 -597 950 904 288 82 196 -475 499 201 80 899 -147 -663 -914 -809 -444 -93 886 663 -492 1051 -566 825 931 -164 -224 623 500 15 -798 294 -122 395 800 644 334 -15 -684 109 -1644 -265 -29 796 -1136 -114 
549 -219 11 658 -82 -124 310 1460 1073 -464 -500 -234 -39 -48 -1 -538 -31 -264 -144 1020 -183 -155 -181 -348 -272 -489 -891 311 51 223 -1092 -89 428 214 60 163 502 -395 37 -225 -646 716 -381 13 584 -777 497 -530 37 -1141 739 -318 -772 645 -1283 692 -162 1609 -344 -32 -709 708 -122 -322 -40 111 -235 -205 -278 138 -974 749 15 -1361 -39 -208 933 65 163 -102 -53 -817 390 476 113 952 700 -481 -1538 -520 400 -1004 -135 123 411 293 -734 -43 64 435 440 -53 1086 -39 -200 -498 -763 -647 -352 339 558 -392 250 -787 -63 927 1330 468 255 246 502 -1112 -797 -1114 444 -541 -1311 283 -342 -101 -163 -170 862 -1344 299 -272 903 -462 -530 233 95 54 -225 -325 -270 -276 160 -572 -240 -166 106 383 -831 409 1322 233 -241 -201 520 -525 -295 311 -309 141 -21 233 -215 110 563 -789 -729 1441 -467 31 -338 517 310 -236 -400 -10 464 -1326 545 374 79 -1325 412 220 557 -16 -410 503 -274 -78 868 -546 681 426 576 -237 1000 1359 -741 130 1340 207 -177 -784 937 -26 -404 -350 300 372 651 -66 -1291 -134 457 133 -183 -294 -643 -717 269 -202 -1166 569 1109 33 -57 1171 -353 -137 1265 674 -446 93 -317 -211 -989 534 76 503 208 293 245 -411 -887 239 -195 -214 177 384 301 -776 -599 -138 231 651 -557 -464 906 -777 920 140 735 -507 684 -436 -550 -892 876 -249 -623 -1033 241 472 -724 -31 482 17 1261 170 -45 -712 1176 748 2 196 46 -478 -713 -48 542 651 42 494 -68 1147 
-761 -101 -14 534 47 -1086 -721 -1411 -56 1434 -1336 718 -797 86 833 589 -370 1090 904 -1553 -327 -310 99 -705 -272 427 214 -1427 310 -139 520 515 -717 -1034 -906 243 606 13 544 -31 634 -23 -562 -183 -1499 336 144 900 450 804 875 -724 -235 -745 10 -597 669 332 766 267 797 332 -1062 129 23 -350 -344 141 879 -249 -500 -352 637 -272 -766 -150 -583 677 864 -193 1263 778 -793 -755 -696 163 -44 603 -392 -527 -292 -308 8 512 -32 -330 545 1074 200 -57 630 -145 -524 -280 -158 -1497 -1157 422 -593 1472 -553 554 -19 122 426 -254 185 194 569 -333 -136 -240 65 273 380 890 465 289 888 -646 911 -629 -754 1597 -714 -551 930 153 868 -104 2 1488 -609 -413 208 -72 -555 185 714 128 15 -737 232 -1526 -1029 -425 298 1492 -853 246 287 -139 -38 -702 169 631 106 -132 704 -125 1141 -962 -53 -720 1069 1464 -1223 461 318 -1001 -107 615 654 -767 228 -29 -457 380 200 -604 647 -385 -167 621 -649 531 -654 477 62 -201 612 -509 307 901 273 -356 -892 -1883 -332 -540 407 69 -1158 -900 -142 832 -621 563 -225 748 -473 -341 763 519 1178 818 -61 -541 558 -918 495 -580 109 740 92 -931 -800 837 25 140 246 407 192 -1727 1528 327 -25 849 -63 -633 513 -32 -102 -307 656 277 -1102 -55 957 301 145 -25 -968 42 661 1199 -285 -12 158 1173 905 830 283 209 -120 -689 78 112 -1423 220 809 818 340 -102 -602 -160 -512 1402 455 925 -562 376 -1607 748 1198 457 -651 986 103 35 
-10 -770 356 -84 -842 905 1293 13 -502 -1088 396 -197 64 165 369 -1273 -664 20 -119 -74 266 380 658 400 -1039 520 -360 416 -401 930 -78 17 -96 -475 935 454 1712 -238 -577 189 491 -280 -448 -60 236 38 170 -1552 -393 -181 111 105 -1085 786 967 -107 318 -282 -73 -1394 -264 1812 121 937 -20 -618 -519 -352 -305 -1047 139 -104 -179 -320 -617 290 411 -28 1162 1003 234 -480 -1171 1312 940 220 -1065 -259 -14 325 286 -465 -7 -759 798 47 -272 153 159 522 -1368 2029 328 -735 -360 100 -131 -779 -362 644 -132 -861 -332 -340 -884 -81 436 -176 -1425 -838 -67 0 -925 -16 -1720 -848 717 207 -61 -290 -1284 -223 80 -17 250 599 784 -460 363 232 213 903 -987 431 -262 -455 424 -150 1003 892 -345 -441 738 911 621 234 217 -140 -274 185 118 813 -514 -60 -1114 295 -1496 28 -1630 -251 -420 72 161 123 -323 -679 -780 -690 559 -727 977 -405 1193 177 637 -913 -525 882 416 494 -220 432 -557 -239 116 712 688 262 914 -960 -472 -467 -657 -449 59 1166 -216 -445 836 302 -1123 -572 -565 72 719 -143 -1114 -950 -507 -294 248 806 -895 -264 -756 -317 85 764 658 815 350 191 392 -61 298 315 348 22 -459 146 32 216 -719 921 -36 -983 576 359 -154 365 62 -831 212 484 -38 -1322 -377 627 1390 1 -868 -894 571 433 -86 1019 -435 -94 -491 -165 1123 474 -630 264 -220 -544 -248 -632 -414 321 -431 214 723 -142 -102 -301 620 -487 793 804 269 652 -1013 -829 638 -265 -911 -177 -1058 30 
1357 -480 -1091 579 126 -373 158 164 -318 1096 -262 102 -1610 -303 -4 -1020 -267 -298 883 337 826 277 -119 -645 70 -1281 -1323 345 252 128 -713 192 -340 1236 78 960 -33 -151 -854 1015 -595 722 -198 475 -262 907 -66 -320 206 46 1398 860 926 396 607 -503 132 274 -215 158 -233 354 901 -39 -483 1144 -704 300 79 1407 -656 -202 341 -771 -97 1076 -684 -640 1206 -252 -424 -657 -22 -360 -1090 384 -1029 -539 -62 -17 -194 192 896 -450 -509 -354 765 -97 -107 -579 62 102 36 -135 -369 475 -831 -499 -824 492 311 221 -121 -127 -91 -47 560 1137 -169 194 -160 -45 -396 197 -882 -381 241 -436 -95 671 -22 546 830 -393 257 -137 1068 380 230 717 161 -119 315 589 146 45 -1094 394 -328 -476 -304 -120 210 -855 257 1097 -1322 -508 171 786 -265 -166 838 -793 -379 -1447 -35 96 1632 335 1247 -42 -134 1346 407 -640 -115 -144 183 534 801 608 -369 36 -316 -84 1360 37 25 -375 293 573 -487 4 234 765 53 1194 -576 -266 -387 -18 -1190 -439 156 504 618 745 -863 278 -275 -505 72 -435 345 -927 -646 -213 -179 -916 -1080 488 -671 166 699 -587 154 -869 -352 -807 -760 880 -428 -115 -1154 -920 406 -588 -570 868 1357 -813 45 1342 -460 752 375 -286 117 415 748 -1420 -114 262 664 215 594 -565 -92 -826 890 694 1332 271 520 -258 -719 1043 831 77 -209 -289 -596 -317 643 -373 919 -346 -154 -404 -536 1784 1088 -1052 240 -415 313 608 491 990 -824 -317 -188 -96 198 363 403 -350 457 -41 
261 201 -799 619 60 513 137 261 290 170 333 -21 926 -613 -643 382 -136 661 190 -859 -633 57 57 1007 -147 485 -426 480 -670 -571 -409 832 -324 309 -188 827 -856 765 -643 -1003 -297 -471 811 -493 -327 805 332 -381 -277 547 -4 694 365 -125 15 119 -265 1412 -798 -69 803 91 453 -685 -112 -219 920 -463 -464 535 72 179 690 574 -155 76 252 -182 8 -880 196 321 224 31 225 1071 48 238 -613 -359 1159 152 -704 -92 -125 -368 -6 -432 521 65 490 -846 -104 -521 301 907 -7 -73 -632 -139 -328 -19 -854 -603 74 1179 -598 -671 120 37 899 -451 414 105 410 750 -218 -149 103 -1347 1026 -122 -451 181 -512 -310 729 -817 -1 83 -198 -542 752 135 57 206 788 -549 11 694 -230 83 -1078 -1232 -384 89 694 -165 687 830 -567 -602 -563 483 603 -754 -244 -735 1032 457 24 -512 -74 445 -826 519 47 -606 13 52 101 131 -764 598 88 -5 -602 103 -585 105 -390 361 365 -1746 -579 -466 -106 -14 255 1008 -333 -58 -648 -1441 -388 -437 578 -376 -100 931 -1315 250 1094 -572 1106 318 89 791 1323 -382 345 345 15 119 -624 -668 83 182 -584 -1233 -135 -730 -988 240 -1476 -12 -598 -543 719 -648 -708 -40 -343 -1322 -165 -92 8 -622 -278 266 -1638 171 -493 -1558 899 -305 328 829 -239 183 -412 1091 366 -1422 128 -834 156 -1024 991 -144 -978 797 -657 670 857 652 949 -289 430 -12 781 -679 -168 -566 300 448 87 -743 884 -583 641 -118 -505 -314 -640 1007 900 1826 578 -241 
1207 674 0 -54 -1377 -2175 -324 171 53 -884 366 864 749 -330 705 1145 647 440 -1419 -228 113 593 -772 -1422 601 547 -235 612 1632 182 -117 1224 131 -161 -575 -289 746 -400 -272 683 -682 311 -787 -928 488 1208 392 22 499 -520 193 629 -250 -743 -500 58 346 691 147 323 64 -98 -310 -1002 432 315 990 545 -154 422 -95 257 69 456 -160 618 42 233 161 369 -434 -825 -443 629 636 -448 195 128 -306 -159 -426 -251 136 758 -137 -816 -486 -131 77 -68 -335 433 299 -524 0 -119 -22 26 220 327 237 -495 857 1005 -196 -112 429 1177 94 -61 104 -1164 -121 336 -449 20 -401 27 125 -1068 327 -618 -57 840 -839 -254 711 -43 379 -479 -323 -1610 -628 -1386 597 -331 252 -913 91 638 505 649 -1238 -1398 69 -298 -580 168 356 -343 -346 361 -161 -9 785 -428 -227 -6 1259 -1388 280 489 269 974 141 -794 -2 415 -106 597 909 1093 73 710 -878 -486 -170 -1105 107 839 -1010 761 -691 -649 1233 -492 911 20 -200 -245 1137 694 146 -770 118 960 118 209 -825 429 -42 -1179 -407 152 1663 -184 230 -534 -71 -273 936 -187 168 -647 705 892 672 1355 446 855 160 352 868 -819 -793 806 -797 639 845 233 504 240 -409 -330 439 164 -641 -784 191 -1135 506 521 1 46 -165 -106 -10 -729 63 -179 -318 -934 515 -957 27 328 44 -83 380 -353 81 188 -897 30 -586 -251 -799 297 -326 -1130 829 743 79 -268 -283 64 -19 908 -235 -64 -179 925 506 1970 125 114 559 -342 424 -80 
387 409 14 -461 -1676 -296 -730 -2043 -384 576 -195 -514 779 -991 -503 641 -686 -880 874 -1448 -151 731 70 -527 342 -235 392 -180 755 -360 392 -692 -533 -761 410 647 -340 803 -1060 46 578 492 140 -152 -922 -1097 385 33 -1581 1562 -389 -873 84 -753 603 251 402 68 -721 -992 1196 -848 -397 -137 639 -264 -726 907 134 -18 984 40 400 -20 -505 336 -138 -610 -398 -1580 -273 -338 818 843 422 813 -578 1030 -625 -124 164 -787 -568 488 216 -456 -906 607 167 345 -414 -205 -475 -44 383 -206 -72 174 -1106 414 585 760 -860 1043 389 -837 -185 903 375 -812 -505 -768 422 930 -280 1088 254 -455 1023 -110 234 -866 -321 -136 270 286 -525 -107 -244 -385 -909 -511 810 557 107 -94 -400 -949 -515 90 91 -610 -345 -463 -171 217 -132 -478 274 881 -17 -706 -287 -884 -563 -226 -346 294 524 -990 657 700 1248 460 220 268 -140 1177 -582 -556 -794 113 27 -692 -661 -761 -351 33 554 -231 139 376 1129 2 -320 141 -570 254 -996 665 1084 -630 -657 173 971 1012 -700 -204 644 5 203 -654 -799 -866 171 38 -1075 -99 210 -271 370 300 431 -859 396 264 -174 -189 -1129 73 186 -201 -378 -249 -100 -242 -667 -727 259 96 -19 48 -182 -1326 304 -1356 304 155 532 -417 573 737 991 125 -133 -1331 -707 731 360 294 -415 -1341 442 499 -43 1372 264 1512 521 269 235 495 1173 -55 -115 368 -6 -75 1082 1356 739 -61 -1162 137 103 396 159 -865 -2 -396 116 223 -427 340 -1094 -3 4 699 -898 544 
240 -628 372 -1151 1765 362 1193 264 560 -802 -94 -27 22 -648 -1096 -186 932 -6 567 307 50 1496 -435 -953 139 1018 544 1031 418 232 670 572 240 718 698 349 -478 -653 496 -542 240 -785 -883 415 -297 -516 715 515 309 201 877 772 261 414 -441 -1 596 -801 -233 733 -640 -267 -372 210 -974 -135 378 -94 -247 1030 -64 17 -74 -448 364 478 -327 251 -323 -24 95 -241 979 -445 -947 187 -1713 -111 681 -200 671 742 -194 692 442 -352 608 87 1049 -1133 884 -58 351 198 -587 -24 -600 -349 735 272 -195 1615 760 1227 476 533 -96 -81 -273 150 1187 404 -183 -631 -342 894 869 602 -457 -190 -178 533 30 -1288 -321 527 866 986 -221 1509 -472 -573 1328 307 1051 -338 635 -76 -657 -882 -563 724 695 283 107 -164 -281 251 877 1170 -343 517 172 251 -108 -427 468 -909 814 -186 -375 -1036 869 206 104 -460 -204 46 363 609 -1677 -281 -535 46 93 -730 428 955 -139 735 -568 1495 -564 789 263 -145 -132 -449 -9 -838 -49 -68 268 -498 -8 158 -576 -661 561 804 -1372 411 1814 -694 227 94 -309 -735 219 -1503 -610 -417 695 -807 -193 -924 373 635 -868 -1172 889 -888 -102 -220 -231 -172 666 -82 555 -1369 -26 237 -104 762 -1069 586 895 -208 30 46 642 605 1 -692 -11 186 224 -700 -672 -339 560 -301 -200 -44 -741 -240 -560 625 1404 339 251 -140 -770 -385 1667 -95 -393 -82 -219 -309 258 425 1083 -153 858 -285 -408 -1082 751 -330 394 -207 122 -785 196 610 1445 511 -562 -720 
-124 -2 -645 -2425 -285 -926 2 -963 635 370 -989 -846 -2547 666 723 -312 255 224 243 882 -1315 11 665 -116 286 -106 -36 -209 167 241 33 -97 -553 -251 272 911 -387 155 -233 700 377 -430 600 -757 229 838 -1150 177 718 -104 -210 -255 421 -453 -7 -8 1259 -214 231 -289 -9 -874 -498 200 -667 535 243 -787 646 -38 -242 -34 351 -125 -631 -478 361 -381 -292 -29 -781 811 1232 221 -147 1146 141 1052 -838 -317 -334 -256 171 457 -1073 -241 87 584 -623 232 -348 -108 45 -198 -296 171 -230 114 -921 -603 764 758 36 299 -91 33 -396 931 733 735 233 1082 934 240 481 969 257 -793 1536 697 161 33 -268 92 322 -581 -271 287 -1107 966 -147 -69 362 1025 -199 -1857 -532 785 -45 -1780 -305 -364 549 -654 131 9 -103 -656 226 668 811 -20 649 -819 132 280 51 -39 691 471 278 -248 -544 -834 736 -16 156 -171 -248 1145 458 -360 -131 -1083 -149 923 89 -530 326 173 -484 -449 154 -653 -888 765 -501 220 -299 -108 -1829 -2075 -528 649 -4 -72 -199 471 -733 983 327 40 379 -261 -740 -412 1032 773 346 -140 -734 -1478 -994 233 472 508 883 -1791 -47 1265 -548 -487 -85 418 942 -771 104 47 133 -395 -298 -986 1217 -537 -151 -632 -914 -232 1186 590 -662 1135 99 77 -210 -9 51 -413 133 -1185 9 384 119 595 -604 726 -95 -73 597 662 224 1408 -273 143 212 -678 -1303 6 -90 242 -98 325 23 -848 231 585 -118 -190 411 607 -461 -113 -614 -871 443 382 779 -549 212 276 
317 222 1218 -315 553 -398 -18 -624 771 -156 -122 560 406 -16 -89 730 99 253 -830 -282 242 131 254 902 96 -320 661 -592 -160 -24 -554 1061 549 921 35 -203 88 -705 251 -748 1488 -528 312 -355 -235 -223 615 -71 -290 1085 -168 169 556 493 -498 360 -327 383 -425 988 1289 -330 -151 -131 235 -1060 -319 433 -974 -874 -900 1368 -242 137 -967 -22 181 60 -568 -652 1121 398 -64 861 -964 861 24 0 -318 170 169 -994 -522 749 89 -543 -351 -941 481 -694 -173 -82 459 -472 159 502 -1238 -247 -1364 699 1 904 523 -309 294 12 -1201 -1005 729 -299 -75 -221 611 465 1613 190 -866 -199 -541 925 -23 250 -819 3 -759 639 659 642 1261 177 -670 272 -412 553 -948 -172 -942 -473 275 144 1231 1187 -1150 398 -402 788 212 81 737 -770 410 -1303 -438 66 761 -86 -1033 -61 129 100 -261 -447 -680 968 978 -768 386 474 34 65 -150 245 -728 -2213 402 -102 -307 241 532 442 -818 -229 315 -303 -1179 -290 2008 1394 -150 -244 396 443 -158 703 -1123 648 -357 -1049 979 -572 1074 -107 -996 306 -619 -341 -484 991 -741 -498 -484 -1198 -1390 524 790 706 -44 806 454 -101 -41 298 277 -375 -342 240 -813 32 387 7 -336 1038 351 -179 418 257 96 -54 1043 310 85 684 708 824 420 742 409 -1010 -762 -499 31 -441 -1686 -156 710 490 -223 -630 -987 -119 639 -123 -334 -811 -590 300 -414 326 -413 -342 -713 -640 -114 150 1051 -242 -1284 -602 -552 -90 542 201 110 -640 141 889 670 725 -1204 -942 
-520 50 526 -475 823 291 -176 -587 41 -180 1614 509 897 -547 -85 -95 432 -177 -260 252 14 -670 -883 71 164 -549 176 -247 -939 690 -1745 -667 1659 205 -46 603 -616 59 62 660 -402 -268 251 1340 277 -487 -581 288 -978 -764 -476 637 588 334 562 1080 -294 -1169 -1151 -344 -734 -481 160 -525 152 163 124 -849 -416 -114 650 -1118 -286 -511 -238 -971 -326 145 662 70 -552 -1209 765 -465 -1087 -145 -597 295 910 -231 598 362 413 266 -39 467 1271 -534 -286 -161 177 -1190 -32 358 -157 -2041 1208 823 369 651 31 -505 -1066 1240 416 222 641 -148 -530 152 -1113 -252 4 -43 -154 252 -902 -81 872 34 -279 676 -895 1373 30 727 102 -272 -907 -471 513 -530 434 158 -640 762 571 316 -1053 908 -1022 1286 653 912 -158 -254 -470 510 146 -190 943 1382 880 -297 537 780 -114 -592 -729 -519 563 167 -720 995 -394 218 627 -701 621 359 -111 -8 960 994 -720 61 238 -42 588 187 -15 -814 -135 -302 125 -695 500 69 291 -270 27 -782 -11 196 221 -121 486 -307 223 -155 273 -742 1035 70 -112 1053 100 -991 383 193 864 -43 102 -495 -545 809 423 11 -857 -208 713 -146 303 821 498 -201 -375 -226 -195 -393 -297 -439 -1535 -675 410 1457 -707 -503 -79 -514 -153 1099 -966 300 465 1047 205 -877 -341 -544 -1084 -89 751 195 712 -1094 -528 78 611 449 100 32 518 412 -128 -84 -194 501 -633 800 -122 745 493 1449 -133 -30 1043 1100 -676 53 231 91 -376 683 982 -228 521 -1118 -1103 -575 
293 609 -224 -722 -111 -1976 -699 -68 536 -550 -35 -154 380 -421 149 1261 -694 747 -1466 8 -96 267 -687 429 15 -24 -968 -150 338 -314 166 988 -596 59 -507 -326 285 154 -365 988 1523 -257 -796 -361 67 1106 -39 974 1537 508 732 -100 1248 -206 90 -979 -447 -139 167 802 348 -1326 1314 66 165 -274 624 795 -124 -676 -1499 675 1 447 -146 781 881 -651 -640 185 -378 516 688 1049 418 -235 -712 238 1383 304 -1194 -652 -257 567 -229 -279 383 600 -834 -4 -318 86 -448 814 -682 -893 215 874 -1332 437 340 1141 853 423 -267 -389 1358 4 383 1396 731 688 387 507 147 -103 -554 318 731 -710 837 172 438 -4 -1013 315 -227 881 -352 -150 -408 -51 1109 408 604 578 330 -96 292 -1151 -148 1163 -723 -95 475 620 -460 -171 -25 263 -223 -628 -1204 -461 445 33 1297 -1125 659 141 -523 248 -40 -670 1248 -586 -85 -126 -607 -517 -585 596 -923 -401 -522 -1156 573 -1205 -94 614 -151 -446 -19 944 245 -969 953 196 269 -423 -288 294 -205 229 884 575 -216 -47 -176 668 595 307 -251 942 -470 189 485 -904 314 382 681 -1148 -453 270 -345 -676 1614 652 -106 226 -919 568 816 -712 329 308 -323 -8 -51 459 284 749 -979 -566 365 838 51 359 -252 -300 121 406 550 1020 -284 936 148 -717 81 -117 -54 532 -594 -1127 265 -274 -347 160 414 1248 -391 754 -694 -334 422 1063 1222 -192 149 502 832 -457 341 -539 -496 599 313 -480 -306 -467 552 64 115 707 421 -775 163 -60 1145 581 
-56 21 -103 -200 -110 -451 -478 -272 113 -243 110 330 -174 -998 1617 498 -370 1363 1513 -446 -8 258 407 -754 250 -535 -194 123 -464 638 27 856 -1095 717 224 359 -258 582 450 -555 100 -1959 488 -418 365 593 -517 588 204 415 204 -241 925 715 -21 440 784 -511 93 -42 186 -972 -462 226 96 -1045 -865 -320 424 443 -370 289 370 943 1095 365 -869 -409 -182 -344 634 -757 131 37 -610 -378 538 923 -174 350 -83 -499 1085 -403 113 23 920 1074 -587 -1020 70 137 505 -291 -630 -85 1107 319 -281 753 -991 697 444 620 521 -1144 -184 20 93 -1055 -26 -144 -63 325 928 1492 -68 -1158 822 117 383 449 -957 1506 -967 687 214 66 -25 -2 64 -484 139 -406 128 -743 1 868 -168 27 96 1413 707 -6 -519 -292 -237 -1181 565 -439 -34 -730 251 710 -691 286 -386 -704 1357 190 413 -696 653 -376 750 217 504 547 -85 -458 -1161 461 273 496 -64 710 -940 -114 -1352 20 297 -597 1087 -505 -1114 -198 1598 425 -799 -79 54 392 64 -309 -269 1546 -748 1016 -160 -617 148 -325 352 -1259 -511 868 465 -1034 401 -1149 1017 -55 -296 -82 412 -424 -601 -419 -297 570 110 -89 -247 -185 -634 -523 1119 -87 -242 -793 200 -251 1328 -268 -373 -609 -81 -234 916 414 -246 17 172 50 -260 870 140 264 17 -886 1208 989 -463 734 564 201 -903 -105 -745 234 -235 158 1118 261 172 -103 -711 -596 523 666 -1052 297 446 604 -317 58 1326 650 -817 429 312 -1139 -746 -425 -792 -554 706 -179 -1317 -381 
-317 -455 381 -66 1370 144 1147 -334 499 393 -564 -790 -509 815 -252 290 776 -229 1650 -486 -274 303 646 -1381 -42 101 12 393 535 -405 -363 -272 574 210 450 83 -440 1426 1026 54 244 134 803 9 -365 -721 408 724 -351 -354 983 1195 -147 -105 -122 523 -138 -44 466 -731 -45 647 -605 272 -1337 -56 -1343 -350 -497 13 533 -423 -311 -911 649 -276 289 -690 666 -44 824 39 427 55 167 -1227 -244 915 632 -668 590 -327 463 -2 726 439 331 1475 604 -556 547 349 -829 117 -779 -819 -649 -585 -685 475 -359 809 440 1069 -464 492 -529 231 -419 -32 101 472 205 398 999 753 -188 19 323 336 194 -466 -404 763 122 338 -316 276 -212 -197 -1627 708 787 1302 337 943 -117 -317 1247 184 194 -93 228 614 324 434 -186 -304 -857 -578 793 -218 248 842 -435 1091 -27 220 225 783 -222 231 443 -518 660 351 -1148 646 -1019 87 629 -592 160 -27 716 588 12 1141 -232 -1121 336 -643 745 -423 290 375 200 -1109 -55 -106 382 865 360 -375 -291 -375 188 248 488 55 -413 293 -647 -602 -647 -577 -268 -587 -155 -456 -472 927 1149 -68 1214 569 37 -732 95 -880 -853 142 739 958 409 -974 1139 49 -10 -105 625 169 820 306 -217 -476 527 -252 -50 591 -603 120 -518 625 610 328 560 477 -260 939 -670 -743 -875 -850 1610 -238 -707 -237 -474 -119 -11 -330 -475 -1291 112 156 -139 -159 -226 -227 27 803 548 783 459 -603 217 392 -221 168 374 -780 -849 -44 -1070 3 890 147 -984 412 
590 -329 -337 474 -595 201 32 571 -138 678 -159 372 -670 281 804 1032 -193 -66 -882 196 -252 -29 -540 375 534 -337 -100 554 -690 1024 998 -107 -58 396 -385 645 -415 -729 469 126 216 -946 -300 425 -980 -266 -1265 -383 555 202 -783 327 610 -358 380 107 -365 -216 579 88 74 -795 -798 1422 -513 -698 -614 477 -411 -565 -119 333 -159 1003 -1248 541 -535 -111 423 -902 591 439 33 -317 128 33 -470 -513 423 1406 -465 798 -40 -751 -837 25 447 -173 -290 -496 -488 67 -755 282 206 252 311 -583 385 58 -486 -758 -121 -85 -83 -292 20 -310 -153 -607 208 762 119 -452 251 50 -704 -1141 593 264 -839 1068 -1143 205 -386 -237 685 106 564 1931 251 26 280 -44 351 573 -176 -530 -1329 467 -445 591 -8 -253 -1301 298 621 380 868 589 239 298 -36 -363 -712 234 168 -792 -381 563 -789 506 151 -67 -467 412 109 -7 734 489 415 -379 671 -709 6 683 -403 -1271 187 264 -143 -430 214 489 440 590 -509 505 -36 529 404 389 594 713 -446 -472 -50 555 -80 -353 -245 65 750 374 819 52 524 -450 64 -804 168 -1251 -388 221 243 49 -927 -275 301 481 -434 -137 438 -156 -404 12 -6 -47 7 -678 712 309 239 41 -381 -472 -918 -407 1118 336 1613 111 98 -249 -281 -487 -28 359 872 724 141 -95 28 -2014 721 725 -680 -40 69 -183 316 -243 803 -1046 -86 480 176 727 -640 85 -311 200 19 75 -1227 -1401 53 200 -287 -499 177 -1069 -1232 181 -637 497 738 -86 1006 -112 
-197 396 638 132 -139 855 -269 -369 409 298 1178 -549 -323 318 56 497 -432 1209 903 -825 473 -764 -529 -62 466 -350 12 -639 -36 1013 -905 1001 -759 -162 -4 -732 341 -192 569 -1481 1387 -161 1131 404 -238 1169 433 -975 -128 -341 -516 410 -71 68 273 733 449 156 -128 -987 -509 -125 -466 -375 514 136 -64 -660 -745 -733 929 -509 -230 -327 -724 1068 -627 -570 -305 603 -141 291 -777 97 -265 -411 1154 25 372 -148 735 50 913 504 -571 166 -166 -241 -1060 305 889 -103 239 111 -152 -385 -671 898 -407 43 674 265 1143 -1014 -109 -512 792 -9 125 56 61 -459 -26 -573 1232 308 756 -143 86 973 652 -365 -926 -920 -734 -12 1026 513 966 -435 590 453 -444 -1040 -443 -304 354 560 740 -29 740 -92 -174 247 56 54 -184 -342 112 600 563 -382 244 168 744 -313 -573 705 146 -189 -716 714 -482 -857 -486 -1437 -215 -145 -525 296 299 -210 98 -773 -590 599 225 -90 -205 -382 -67 -421 -8 -61 120 -358 680 -504 197 -49 -521 221 26 35 229 649 -42 193 482 -322 486 452 190 400 620 -76 -403 -376 -164 -891 -203 -425 -554 806 -209 1332 -1169 80 1212 261 -176 -474 -593 -561 570 468 -774 -293 -867 -273 287 255 -316 -550 -123 -438 -223 854 -408 -824 -1121 -593 -382 872 -294 133 454 938 -310 1042 -237 836 -61 982 -1233 -200 -86 -426 328 -694 -11 -371 907 333 -397 386 -90 58 255 218 -258 316 336 -55 -888 -1021 -229 -172 141 948 542 -717 -129 -343 184 -312 -49 761 566 -148 
910 462 262 744 324 40 -238 3 -595 736 -908 -1076 -512 689 853 292 1655 -1245 273 -1316 507 511 462 -669 -403 -707 734 802 62 -391 698 560 273 -393 -637 636 230 152 537 -999 -215 1568 536 196 576 98 -55 -2210 -319 149 -774 254 474 -494 1092 -415 -41 -49 812 786 -825 225 367 112 434 -159 -421 365 -624 111 91 -461 -392 902 1093 -232 367 -124 -116 287 218 28 -632 164 108 77 574 -206 185 -871 675 -887 297 -21 312 -644 -1579 101 -397 -318 -912 33 354 -158 -320 -45 -107 -1067 747 527 227 -258 535 -637 -275 203 -657 -1073 -1479 712 911 -1088 386 -775 -857 -972 175 1181 134 -608 -1595 -442 1174 -135 -403 210 -1170 -675 -270 -438 29 1362 -520 -852 548 501 468 369 1192 563 -1462 136 -363 250 -220 -1032 -620 -28 288 -926 1111 650 -605 515 -909 -245 -22 628 193 134 -1076 242 693 211 -160 -472 -303 -153 481 105 -401 1011 -469 132 94 -97 973 -822 796 845 106 43 -440 468 50 -20 -754 -491 846 766 -125 1004 411 -762 54 482 -476 -1119 -269 -811 -260 -929 399 -177 389 690 349 -57 604 302 504 -624 278 201 376 706 100 -1100 23 1151 -734 788 -506 1251 247 -855 -17 -24 386 524 405 849 -524 758 -176 -1192 693 -1246 -493 39 1806 189 -179 -962 -553 4 -666 -1062 105 760 -339 -389 662 -949 263 186 -1006 -243 -1400 576 -398 351 -80 518 180 -229 181 -1178 19 653 -371 -40 1235 -1001 -996 -813 276 -403 -766 33 -999 -620 -41 262 81 -758 -799 -333 -125 7 
-293 10 508 -195 -457 -298 -1280 -11 -1326 -1356 -615 -1032 590 -474 674 -115 -711 -588 -459 1639 -928 41 565 -909 96 842 -787 -177 138 -1021 -279 -1344 -380 323 -405 146 259 -525 -613 1077 -522 -276 -138 -37 -480 -471 275 -542 -572 -522 303 -859 -292 151 -420 -240 1310 490 439 -29 -787 93 -1053 262 895 1269 1017 381 384 564 -518 -635 -1644 -166 -361 -904 -728 1207 35 -477 -659 -633 1142 72 390 390 -469 521 -897 -672 680 77 -401 886 518 99 -399 943 84 -904 758 318 134 360 823 567 82 324 597 -1039 -398 889 -454 81 -287 327 890 131 694 476 957 998 629 699 -47 134 294 1310 137 -288 1587 -646 792 74 -189 -93 -555 732 333 -449 -455 -172 -450 -729 373 -1196 39 -731 -179 396 -663 -410 496 -428 771 656 199 254 580 -793 717 1133 1236 -1748 643 916 385 249 -256 -32 418 744 -1139 -395 -335 1265 519 676 299 347 -179 -24 1055 365 18 -1071 121 446 264 -295 143 -258 -716 -1161 1695 335 -426 -500 852 -857 -496 91 -293 -575 -116 1244 -29 359 -725 538 1303 -483 739 -324 23 -1322 -54 -191 116 394 -20 -22 -91 -472 -482 -411 -865 617 -459 -292 -601 -81 213 228 -111 271 789 -378 -603 -299 496 -354 -437 747 -34 454 174 -605 234 -98 161 -642 -298 -1007 -942 270 870 -239 1112 -567 -518 419 831 -143 461 -796 -203 196 -118 -495 776 73 -725 -192 139 -900 718 548 134 285 323 343 1204 787 259 835 656 2 1110 -1021 930 -246 140 452 -360 88 47 -595 1043 15 
-589 -499 -336 -236 -1425 153 -126 -777 -1161 -1040 -889 690 421 -1529 297 198 -83 126 -615 -344 17 166 -116 52 919 1410 115 -700 -686 -442 422 -220 591 1016 990 -323 -1245 44 -1032 -601 -631 -1017 -959 -114 141 -298 110 998 147 256 727 831 -204 -368 -182 333 1524 87 582 662 -837 -120 -514 -36 90 371 -139 -126 -667 -22 -143 -1229 -794 -140 181 337 82 565 -1583 899 792 -108 571 431 -223 -123 -166 574 -496 233 -303 -93 -476 -495 -596 178 -12 250 -397 -52 -460 196 577 -79 1313 -397 -173 -218 946 609 -321 -373 1386 354 618 -128 -283 71 886 -461 803 -312 -137 -171 1240 -617 106 -747 380 253 -289 92 -225 581 -39 498 815 922 -151 -281 1602 -363 17 -625 1022 713 251 91 263 -763 -191 -11 -137 752 -615 -1271 874 -644 429 -924 1345 -1401 -642 -332 -180 -431 -164 -968 52 50 -436 539 -376 299 -516 22 358 -642 361 -363 -453 48 529 642 1486 -838 -66 -134 -76 973 -365 130 -301 -58 -1051 46 429 -148 677 1106 -1293 -566 352 529 -351 -74 462 -1061 -603 456 412 439 404 1907 -721 547 -1596 -97 698 -600 445 -1004 -358 420 -335 460 -496 322 -877 406 -711 -361 -347 928 574 -665 559 -627 -340 -126 74 91 31 -203 -137 122 -489 1016 455 -732 -568 460 -965 784 -901 872 21 -1018 400 49 -651 1083 -254 -395 84 862 1095 -18 163 -42 -1146 431 343 720 671 746 322 -147 -400 -291 -329 316 -996 307 -663 -65 636 616 -65 -476 175 557 26 288 138 -129 202 -288 234 -981 
280 -1100 -207 81 208 161 78 -140 781 -912 767 -575 911 -1764 -331 797 -411 786 32 -353 -591 529 -1122 134 -414 1190 -330 886 79 435 -443 68 1103 -875 -386 -534 287 -635 744 -261 161 -860 -311 1528 56 434 -966 -811 443 -489 -1399 -439 -521 -1032 177 -245 -671 -362 -226 89 -463 90 556 770 688 343 -28 -1243 167 -185 1304 -241 -271 1487 70 125 264 -34 -109 -618 1054 -315 118 -344 608 195 -731 -1055 172 827 -8 1117 -53 -811 -569 -296 -1099 439 -19 -162 -253 -999 -272 35 -106 -573 -123 1142 -94 -286 549 -352 -543 -649 1181 1435 -430 29 360 555 483 493 -62 1457 -437 1063 171 -172 1125 -694 -337 -76 -440 294 -84 616 675 -58 -177 59 -558 -163 -805 -579 848 897 627 630 -800 356 -211 -417 -744 -740 -121 1284 -206 -399 599 347 -496 -346 654 -661 -147 -406 -506 -1377 42 -904 315 -147 319 -106 -735 -466 -779 533 641 442 390 -75 -657 333 -1323 167 345 -52 26 -428 -597 847 -828 88 -22 286 -927 -482 574 -277 -151 -372 -1341 342 -801 -629 213 792 -603 57 -1027 876 79 791 287 769 -680 -203 57 399 204 649 657 867 -606 349 195 158 297 -48 64 -21 -61 857 322 545 124 179 1254 -374 165 -892 -933 47 -256 108 -727 -873 -1057 -159 123 -368 784 -389 258 -1261 -8 1745 -552 287 -1159 753 11 -1203 190 601 -485 109 756 -23 -383 -1210 -438 106 -496 170 105 -628 -37 -164 627 -304 52 586 362 127 -1726 -472 -2328 -1268 71 1101 -912 953 186 -231 409 -227 590 -216 
-344 -680 303 110 565 -11 480 244 -44 -926 -45 -1119 596 -452 399 -330 -816 -268 -83 -653 120 364 -48 -32 -269 -1890 -706 952 505 390 836 -589 -309 -290 445 28 743 260 440 -326 -384 57 -176 270 1133 801 803 -1050 22 -82 -165 -449 958 -705 530 -465 340 569 -422 -375 -563 500 39 1453 338 1098 22 -404 343 -359 310 95 231 168 -314 -211 675 -788 733 655 150 -747 500 -198 525 635 -1768 -398 343 -218 1456 382 463 192 -1407 513 -278 402 60 -306 -1387 1182 -369 141 922 253 -289 458 129 -915 -50 479 12 -512 -532 137 -402 -590 -443 603 265 619 412 -157 194 104 674 310 1175 80 429 595 -280 597 485 -6 -854 521 -105 418 353 803 539 -832 -364 384 148 958 271 -649 -1255 -147 257 988 -671 -380 788 -645 -883 97 -211 -54 -15 1147 -384 -118 496 295 888 234 399 -711 -462 -870 38 962 -405 -1040 522 -425 138 -607 417 -1369 -393 971 188 -78 -427 -1008 194 1587 -333 87 -942 -270 1011 -123 487 -524 1097 -1114 -696 -952 492 -318 -638 -502 -228 887 1527 -509 2 58 -9 167 634 -655 193 -17 -232 765 -110 -836 -125 -780 -1213 388 1162 242 169 468 222 -73 292 -1336 -706 -1437 14 596 -710 478 575 -720 -513 1105 -57 1095 -140 -749 81 687 4 267 -221 -1140 1225 564 73 690 -45 -588 433 -161 195 206 374 -221 1069 -896 -685 -773 -71 -1581 -417 -270 -207 -682 215 156 -103 -918 341 422 -753 229 402 -947 -929 -61 -627 -406 262 689 365 -266 -588 -42 543 -144 
-881 47 -1483 339 223 -221 -605 -297 34 -117 -575 -473 -313 -548 91 478 -211 -370 634 -349 121 -752 687 -193 -74 771 2055 600 88 -1694 1057 -411 30 -388 884 163 -844 181 1053 -924 344 -582 265 -794 -187 -222 15 -154 44 -1095 -452 -379 57 -579 77 -443 -524 119 262 -64 1918 191 -427 -17 362 -321 1770 -24 -429 265 892 -972 447 -156 -698 -1132 23 586 6 1022 -595 823 -352 -52 -915 784 1208 -551 104 827 914 689 -539 -721 -329 1030 189 1104 306 382 707 90 328 899 353 255 -213 -158 46 320 161 155 300 111 19 1444 -877 -94 -275 -821 -494 561 264 -909 445 -682 -846 862 -463 65 111 -341 415 779 -1149 457 -853 74 -719 -1534 -313 -440 1272 -398 -860 -38 892 332 -689 -96 -134 -57 -675 92 217 -251 -1147 967 -1398 -633 236 780 -57 70 977 -373 1077 -204 -81 144 -651 271 825 284 -234 252 -747 -1106 -1116 294 361 52 1266 439 -7 -450 665 766 499 21 -447 124 -896 -66 92 -882 684 -994 297 -1247 -852 -517 -308 -1019 -83 -98 421 -895 331 195 -740 -216 816 -709 -488 360 602 -316 -627 -273 -398 -252 144 106 -125 -485 -89 227 454 57 -479 -623 -1697 -182 -604 263 610 -103 -48 -1045 474 -811 -546 -466 811 -614 527 996 -482 -370 162 506 379 -208 -299 -709 -348 -778 777 -81 506 1365 240 376 -776 94 888 652 -228 -802 -543 861 1078 687 363 312 95 62 171 -682 972 -522 954 873 609 -639 567 12 49 -373 709 961 1285 -267 1538 -744 -333 317 625 982 
45 -21 291 459 695 985 -406 -484 -795 186 158 -530 -761 583 1040 1168 -93 -504 -4 -826 641 -115 1007 656 353 726 -468 622 56 -1940 211 -240 11 548 -179 309 775 243 497 -110 315 -372 -497 71 156 240 -111 123 363 -143 -326 281 -323 -1404 -105 -329 -686 -176 -978 -1021 117 -315 487 127 -319 379 137 97 -830 -79 531 -1221 183 70 575 143 -35 861 816 663 376 237 328 -742 517 452 505 -133 89 -528 153 304 223 355 -75 -22 635 1435 -817 462 29 115 794 801 -447 -178 223 37 759 -153 761 -471 799 -44 1085 -890 -1028 501 -50 -1027 -222 1006 926 -575 -73 -1120 804 467 1000 823 460 -936 941 591 -364 -1510 -145 64 863 -1106 1720 1481 37 -446 819 658 1628 -475 332 -250 -358 -765 10 -361 325 -281 1184 -798 601 -147 55 374 -192 647 -565 1027 -150 -408 361 649 -84 89 75 -810 -1209 230 -1077 -72 -395 -1378 198 1828 -40 -306 479 -119 395 236 -1279 251 -547 1101 453 1228 62 557 -271 408 662 214 -877 95 58 -149 1034 205 -86 -1140 -525 103 -653 -60 -20 -659 42 599 -209 60 -923 -568 36 689 -336 953 329 412 0 845 308 109 -29 895 -636 258 573 -166 141 -414 267 -666 -454 -545 351 -23 -975 854 568 361 522 -41 -102 358 -580 -505 719 -372 -188 -139 -607 1081 264 411 1187 -734 -158 332 -243 22 546 714 -553 1148 -105 594 -98 -248 1 -273 109 -477 -684 1288 -680 -1220 -419 -226 1458 -188 -804 243 -227 514 230 510 500 332 -619 784 137 -961 
-77 181 -693 -1098 511 -75 154 566 986 -166 134 302 752 -492 -269 -855 143 -74 -168 59 -874 266 435 1034 -595 221 506 591 -378 827 446 -935 -301 535 127 -391 177 172 417 751 -96 620 -674 788 -31 295 1262 153 -44 -121 13 -169 -337 280 -792 331 281 608 -25 356 -435 -736 -57 -1030 472 -114 740 -206 -378 378 -1177 462 139 -157 785 -128 332 623 -1358 336 -1347 -198 67 -334 11 345 -166 -839 676 233 238 238 345 -132 -122 -682 -1214 -664 -148 695 -1215 -1124 -69 -1152 208 219 -818 149 -728 -1007 433 237 -427 637 155 734 435 1161 622 32 -513 397 -64 868 -305 -878 -722 64 734 9 -1250 -49 701 -414 -63 586 -50 356 -667 -383 -437 183 -41 -86 268 -88 819 413 508 -762 486 -1380 262 -874 -1083 -584 -170 -553 1305 677 -140 -118 370 343 291 -518 -383 -124 257 -708 679 80 -198 755 438 -141 626 293 -334 -289 336 815 326 351 740 -1364 -204 349 82 -495 -1137 392 -503 310 260 -875 -580 686 416 38 -996 -215 94 -816 -697 -141 -711 387 -431 -135 2 280 -9 417 322 -636 -633 213 -971 2 419 -769 52 -16 -121 208 208 -799 -457 -423 -279 383 -457 586 563 -217 -614 -234 749 -812 -255 31 550 478 958 36 647 -1025 443 -155 376 821 -499 685 -557 -262 495 -919 -580 296 -329 -269 1222 -534 63 -507 916 478 727 -251 548 85 -472 234 -541 668 508 988 649 272 -266 306 -569 -713 281 557 -63 -713 1019 -272 -883 1048 -131 -317 215 -1422 -401 693 288 -359 
-693 558 -643 8 -152 1085 101 -483 102 100 -33 -291 430 -1071 -346 1295 -827 -876 187 429 1402 -471 -121 -326 -261 -126 83 -439 219 15 63 430 -471 1087 -402 632 -1201 847 -1065 -588 1178 -73 447 -1211 -62 858 -628 -752 -657 -103 -804 -311 -264 -695 -730 548 -183 -462 634 277 888 30 942 1288 540 -575 -880 171 -696 -6 597 -300 -1131 59 -478 606 -1038 -937 -837 -1084 768 903 -560 34 -568 136 1070 488 392 1259 -304 -1109 499 907 410 594 -610 -222 -1322 501 -171 187 28 -192 -412 1405 239 -238 -94 -470 700 877 -457 -1541 -997 254 173 296 1092 -370 1072 25 509 2 -298 174 -405 688 25 326 -603 -677 -258 -990 -515 -629 899 -56 207 -283 -305 39 -1037 -1395 449 17 698 1187 -700 857 426 685 -90 -935 -101 -266 783 73 -98 -637 384 -82 -876 -291 -1079 -1451 471 236 30 1125 -214 1501 -285 -972 -1724 -871 759 -573 -178 860 471 49 461 -654 -77 576 -271 -172 248 903 -555 186 -72 -979 1672 -206 101 -244 103 84 64 65 -822 -299 -540 768 806 776 74 224 -525 -278 564 -27 805 -173 -341 -581 -812 -144 197 -523 63 -21 -507 -86 -487 48 361 279 -250 -643 -346 -584 -689 637 -494 6 -763 461 17 118 -167 -638 -1000 -675 -787 23 361 1099 389 907 -586 539 414 -1476 264 -88 485 -271 -391 971 410 451 -610 24 -21 -651 175 327 -994 -837 889 -148 -24 290 -27 -756 680 -484 -81 -101 979 815 -168 666 401 -789 -226 -1242 -383 -172 -86 -929 204 -250 -1066 -505 -219 551 
-530 193 257 397 -369 -360 -221 563 -129 -825 -187 570 482 502 -883 -1250 835 185 -49 526 -568 -79 -353 -808 -214 -617 338 -404 -179 294 -385 -470 948 -345 125 -764 -44 528 -62 196 -1293 -269 488 469 404 -268 352 -329 -410 -16 720 502 -843 -1217 445 417 -45 -416 159 -1368 -758 770 -600 310 -206 327 837 1210 241 -129 -456 -245 -812 -47 -14 247 -11 42 -537 907 41 -459 -794 -214 500 -406 506 -573 430 474 -1098 -76 506 -81 903 761 -298 -509 1803 642 699 1082 -1236 701 -496 -312 -281 416 -508 -212 -224 -347 -348 611 -571 129 -999 -608 626 -484 -33 -183 -651 -319 -369 -281 -19 -1468 -261 -368 -475 -70 -119 -601 1106 -941 -526 135 -1468 -43 79 267 -282 -640 71 -877 307 11 207 -246 563 574 607 -348 223 -844 981 48 1 723 362 -94 -871 767 1185 890 271 358 524 -75 -55 1375 620 -103 -864 626 61 -9 1012 -1363 4 179 -7 269 541 285 -368 234 -136 1506 -761 -797 152 1201 -247 -63 -198 -726 400 -412 -555 -58 808 304 1390 282 137 114 -1120 -56 -298 -1430 33 -650 724 68 -503 39 -241 -144 363 -272 669 -953 -651 -335 -754 1298 419 -555 248 -52 -242 378 303 587 1555 1077 -233 -598 171 503 1303 1204 207 -880 50 -348 -229 -566 -461 1120 -24 1233 1407 279 -341 -336 -25 -385 358 -769 -33 -135 1107 581 1225 -683 -118 -1226 -698 437 -498 -422 -1 1842 -1090 -484 -363 485 -352 -1053 1406 -655 -1013 -230 -551 411 -225 302 -440 626 107 299 225 197 -116 1198 -254 386 
395 -933 251 -37 511 498 489 -376 -830 -757 495 -405 -79 129 -50 621 642 63 97 49 -698 300 47 122 -9 11 182 -283 661 119 323 -466 666 112 979 -154 -1080 -438 -103 -1245 -431 -16 -399 -130 270 -41 -319 -227 946 -979 -70 -549 -478 116 922 -1298 1217 -953 -305 737 -463 981 -510 -509 -7 386 4 -792 -251 750 591 -1941 -82 199 -146 81 -394 -1132 306 -378 -84 180 1199 -400 -436 -631 -331 -453 -561 882 15 531 -199 733 -1390 408 -352 828 -94 -696 -678 287 -477 713 1053 -631 504 -269 383 -39 360 1203 702 924 207 30 -1348 75 -1348 -467 157 -966 -339 -823 -770 199 1225 475 -195 864 -297 561 -748 -721 256 -682 161 448 -291 361 1075 -963 253 -176 80 -417 374 200 -377 170 -1023 676 -638 644 -728 -260 -62 -946 1411 390 152 1222 319 397 727 837 -43 -628 700 961 315 112 -557 1628 392 -336 -634 185 1297 455 -466 -508 792 -369 -409 -33 -753 525 442 110 603 493 -329 -623 -1218 252 -666 194 -206 463 -626 -350 -569 526 379 -881 563 -956 -176 -828 187 75 -139 385 181 -579 -749 -584 -605 -658 367 -609 -433 -1393 -236 850 158 862 140 65 -687 128 -898 205 -713 -227 -493 -1243 -939 536 859 -212 361 -78 -628 358 775 739 664 84 -582 -955 -816 -807 -934 582 504 -191 -853 -155 240 982 289 -1276 388 393 -1306 -512 627 451 180 659 -118 -476 832 -587 -428 10 -947 -705 -51 489 794 64 -94 655 -792 -681 -401 607 179 -864 -650 854 -4 -3 -260 -1349 1240 481 
810 -649 1151 -693 -1361 210 545 -859 -549 240 -288 -623 -1454 250 175 -144 -135 -145 549 -540 684 -1047 -413 674 963 -180 -724 -612 -111 -314 -815 1011 1246 150 758 1052 -673 -322 -747 -731 607 -525 -68 -158 -44 -857 -433 761 -67 45 142 -396 -374 520 -307 -387 841 177 77 -1073 -1048 -416 -307 127 789 -400 -329 -52 -35 -468 967 -483 -621 441 -1343 943 -571 -958 -1125 -124 244 817 225 388 684 594 296 -198 306 -660 -743 -465 330 -122 133 325 245 712 -1421 301 -789 1643 -245 849 -281 -555 152 1261 -1028 449 511 460 -281 3 309 -1124 1426 -352 128 904 618 -629 289 387 -786 -141 933 720 187 1347 540 1325 -921 -1259 -453 529 116 -71 411 877 653 -1298 7 509 -259 -76 1288 831 -539 -595 461 440 -191 169 1068 -1227 -308 -890 268 270 706 147 -466 237 -763 261 -1 -266 -1120 488 220 215 875 671 416 -810 209 -760 32 573 -148 -23 -34 -70 -274 772 -632 -248 134 1770 -1329 -1134 -37 224 -810 588 -26 506 -185 -324 -860 92 -346 -212 221 317 -257 -427 101 287 -1067 -358 -492 905 -587 159 494 -63 -173 748 -675 -784 -419 -1455 305 -217 -222 -329 251 -180 -1434 -304 -891 -857 -1019 519 375 -7 -720 370 139 -95 -631 411 -736 -97 -258 662 1124 -705 -982 436 961 267 1036 -26 134 -367 -238 -257 217 1127 -582 1072 -596 365 313 730 -510 902 -1101 -581 770 26 -53 2105 510 -577 -877 374 671 1184 539 129 727 423 -613 -18 575 -1040 317 -545 1052 -188 -379 -832 403 -50 743 533 
-183 -267 647 -1093 -712 156 745 -718 503 95 62 -82 53 -104 -680 -129 -281 -771 282 1181 262 -436 -1183 -1451 514 689 -1387 -459 -378 -278 393 452 -187 542 1538 -155 422 384 -1107 -27 -189 -1654 992 -542 -127 -1637 -187 77 721 318 1047 874 -249 279 242 -400 29 -302 238 -427 670 426 71 -701 -564 182 -353 205 -353 139 12 436 176 -126 328 -404 -296 -979 -259 1026 416 38 492 681 295 321 -711 612 -621 643 -483 -468 -929 -1140 -952 37 575 1758 -87 -636 2446 -706 519 -27 -550 -469 335 1041 95 281 180 -269 -21 421 -751 558 1000 89 221 -464 1345 332 -588 -848 -402 225 -197 -641 -98 898 415 -127 531 -522 628 1268 171 840 777 46 538 -796 -10 533 24 52 -1181 -442 1309 856 -110 232 -855 320 -321 269 -170 -261 -61 1031 89 172 -108 -400 -1308 -182 -1105 391 788 221 -123 -77 -302 245 -66 -110 -64 -37 -629 249 -683 219 -1191 -1325 -769 -80 -39 301 426 1398 10 681 -107 211 -1063 166 43 -129 668 354 1117 -562 250 815 593 -235 -1003 -133 -604 413 1054 -473 -69 -221 -844 366 245 285 435 -345 523 11 -831 876 33 183 158 63 649 997 163 -1232 611 772 -324 -209 174 686 217 -500 129 79 -47 324 83 927 388 212 1495 682 726 -718 355 296 -117 -112 -341 -498 -490 546 227 606 -2064 836 -1126 1511 38 374 -5 236 188 552 -233 -1091 880 -1001 -124 475 17 -263 86 398 -800 168 1226 -298 806 736 -210 -382 419 188 346 -356 550 35 -845 -343 182 -209 
-232 133 -609 -144 -102 1332 -494 81 -739 -178 372 456 -337 210 -24 -715 33 239 -186 613 -239 -663 -588 -296 828 -359 785 887 -350 -439 170 -1136 -384 -449 -731 -176 -358 -12 -226 -1 579 -643 -634 1106 -164 -142 380 -982 27 383 -204 247 -631 -633 -677 -632 433 26 -674 -705 494 171 669 794 1516 813 1324 318 -656 -182 81 -941 307 103 -121 388 -192 793 583 100 -383 1014 168 249 -94 -418 -308 429 92 578 -838 566 425 451 219 -198 -63 556 -197 1278 598 446 -140 298 524 208 -591 1128 -60 -226 -1157 -118 441 615 258 566 -579 196 -461 -330 11 -602 -632 418 353 260 -181 -332 -21 -693 20 654 -1079 695 -238 -573 137 89 711 615 -497 -40 2064 82 423 847 857 -2270 -707 871 -31 -70 -204 -109 -1066 -565 -421 -1182 -637 -893 -219 1031 549 -124 71 -222 759 106 -451 761 -1617 -84 -407 -340 -146 151 192 -356 -669 1781 -577 107 248 494 47 37 211 -664 813 518 -25 488 1458 533 340 -801 770 -335 855 -60 -701 516 350 758 702 -169 310 -894 1198 -1232 -820 806 -335 -475 285 -144 258 1442 59 199 225 -113 14 -626 -12 -616 441 395 119 131 416 -1162 -54 -422 29 593 -23 1002 1026 -392 -558 404 310 -674 596 573 49 -20 -1248 182 252 -43 313 -829 765 939 825 -203 -797 68 -557 236 55 -589 367 -969 159 -230 -428 -326 292 -418 -1231 -72 -572 1125 502 466 -97 252 -1128 -209 114 421 -695 714 -245 -130 -202 -312 339 -518 507 51 -379 -179 188 276 -544 154 
1389 -647 819 685 -541 -99 -1213 -269 286 -322 -353 -230 533 573 -547 -575 -850 184 -1276 -470 182 58 -429 542 -91 -842 224 897 -105 -91 -125 -429 753 770 546 -1555 438 -385 -611 -562 217 -629 180 -956 421 -581 172 -732 757 665 118 -422 38 810 1130 -30 312 743 698 -489 594 1250 230 -801 -396 586 550 -1402 144 -519 -482 -432 -416 -185 867 707 -210 38 -1218 -100 -471 -513 -91 254 697 -583 401 -438 -282 -407 -243 782 -914 -473 252 714 42 268 1623 -671 -694 132 -34 28 550 186 46 667 -121 308 307 539 261 361 1020 282 -754 697 -1012 -695 188 -977 -127 291 148 830 -241 -161 -175 795 -50 -193 -125 -448 -491 -515 338 -135 -503 390 -161 -535 -1112 418 348 245 421 87 592 -239 214 205 -583 536 282 -338 -247 2 70 152 -265 733 718 -129 -286 -561 770 1100 72 -1300 130 -354 1007 -177 47 -1496 371 1133 -387 75 502 603 -736 202 354 4 411 906 220 771 514 -192 -966 306 -474 770 -230 -169 706 -944 726 -600 59 429 -416 -789 -799 146 -434 -537 508 222 1031 147 87 -10 147 189 682 -343 -127 -575 696 -901 -425 -308 1177 -490 285 506 725 842 -391 -727 -114 24 432 299 -443 -1223 91 1276 579 25 1255 -99 -143 -118 751 642 1215 312 1213 231 326 -435 872 -215 -592 -464 581 -1568 -409 -64 329 652 -243 -351 -85 -305 -1043 984 -673 -257 543 386 -136 458 -235 -91 734 -1035 774 635 -457 520 223 1340 375 -70 144 116 1036 -108 166 511 929 -283 -590 -1114 
-910 239 -651 -54 -199 209 1215 1077 1 14 898 -162 131 -316 -381 -988 -1366 736 185 520 902 -37 -327 343 213 -340 -1030 733 513 -380 -962 -220 -469 659 -1052 735 201 -178 -367 -262 -21 -335 -26 1505 55 475 -493 -262 -844 545 349 -982 -1169 -1601 463 -244 -334 475 -1147 -722 -1438 107 227 184 877 562 -86 840 478 -51 622 -660 -46 -514 -686 -426 321 -1060 -863 -855 -296 -704 -440 -826 644 -32 -250 9 815 -670 -190 -411 1246 294 123 881 787 367 -197 -1404 -1232 -608 -282 -170 389 244 -337 42 148 630 640 -30 -597 568 -368 -753 1542 -387 -923 461 617 -166 843 -128 312 214 -158 -148 -75 -609 534 -1199 840 226 29 -304 -92 195 -531 621 -235 571 -58 826 -217 59 698 633 84 -92 902 -59 -386 601 670 1072 -34 97 -430 -489 -484 -143 297 403 -316 -64 -1087 950 576 -18 75 129 33 -871 25 -22 850 210 -198 660 280 -97 -278 324 -819 -557 475 216 -1100 -707 -1227 -484 556 579 1246 178 827 772 422 773 -1192 82 -117 -221 -707 -327 -599 161 -127 115 276 -1136 -424 -965 1433 325 -669 -1390 -1262 446 243 231 -204 639 338 -750 345 1163 -229 -67 170 -1235 -1021 403 -82 -176 645 -169 608 6 630 920 -1303 -465 -1115 -598 431 1189 -1239 66 -331 -562 37 -39 1018 195 367 -181 1091 -132 -678 -440 -235 393 -202 -487 -82 -508 1218 -758 -696 -790 669 969 305 -1022 1082 -1275 77 214 6 352 1591 301 33 -72 270 -968 -140 270 -30 -908 1107 -32 -371 687 -604 927 197 -283 
-559 177 486 702 -813 -423 -147 218 -519 -1120 154 -751 -998 -689 443 792 -1310 13 -456 -978 -196 437 141 325 283 -186 -781 1215 504 -307 138 -701 -194 -491 126 -430 227 -326 289 996 199 -48 -843 433 -665 415 -1397 368 -386 382 1334 -475 131 -1443 -756 -369 -69 -1083 149 -626 -631 -1200 -376 362 126 -207 766 957 -504 803 -387 1122 241 273 834 -413 343 181 -269 4 -589 424 156 306 647 351 455 777 1193 -500 726 1099 -482 500 970 1852 640 1784 73 -901 -434 -835 -338 1716 -1334 -252 498 1528 532 225 -290 -445 1019 336 391 -1468 -418 448 782 -298 -121 821 -21 -451 -1169 -669 -103 122 130 368 -83 -1240 256 -256 -316 -1232 -608 -543 -673 -88 -374 791 444 699 -241 288 -595 479 -171 33 1285 -77 864 -1628 476 804 -550 -899 266 -253 171 -597 933 1211 160 -6 -143 -941 -311 21 -520 266 18 -2040 -962 -39 -192 152 -539 -254 837 -102 231 879 -773 609 712 -756 -388 761 67 110 -129 558 1426 -801 -703 -407 193 -144 203 650 197 -480 824 -442 818 -98 417 -173 -90 718 489 -661 -1111 911 584 -1259 -85 -509 -7 210 1280 762 105 731 554 -526 168 1293 304 636 -174 1486 851 264 549 289 257 -493 45 635 -459 -644 -1182 -272 -1028 -829 231 1076 192 135 -278 457 744 -603 145 -555 1206 753 -404 932 -360 189 -225 -499 777 1322 -1130 262 -380 -638 1034 -5 613 257 -453 865 -189 -305 -31 -947 -1067 360 163 394 1494 -188 -111 -511 -666 -1018 146 -82 905 -772 -861 527 -330 -95 
1118 -1305 1103 -98 -345 517 427 -810 54 380 -788 994 -155 999 901 225 434 -1292 -126 -87 566 -554 410 -746 -431 -1114 -612 729 -216 -5 -1082 -169 981 -1126 88 87 777 618 -369 742 -800 504 -330 1388 -11 66 25 -89 480 396 551 -635 44 -703 -136 1240 -490 -100 -962 -284 260 -169 360 -1310 -567 -85 -1292 -195 -323 -526 -84 -327 -222 -1413 -1425 -400 181 583 288 -97 -182 -566 839 -102 1031 -496 -106 -1393 224 -202 223 73 506 220 -432 -1848 404 90 -1666 837 832 1004 -505 695 -16 775 -256 104 -251 148 914 504 446 78 155 561 -1691 1081 -884 1726 462 381 -300 -751 410 291 110 -800 58 1060 -969 189 1015 -290 177 492 -132 69 -230 -352 -495 -62 452 164 29 168 486 -114 -305 -264 -436 -712 -511 -698 -948 737 162 -297 447 -527 290 -1040 -731 237 -548 1093 252 -721 610 82 40 131 44 167 -341 -561 -1115 -333 428 486 -241 -146 24 -665 -290 56 -412 15 -448 -428 41 -866 667 341 -254 -416 887 58 1511 -160 642 610 -713 -1008 209 711 572 -494 -861 -994 270 -285 -225 -215 -68 -104 555 -285 -45 460 -847 -499 752 398 372 -423 -313 -3 279 -161 -502 -367 -173 -808 133 -886 606 -410 401 -243 46 -737 463 -240 -354 330 -713 212 802 -158 344 -254 344 36 -22 -1118 -327 964 933 -342 554 -48 -87 173 776 141 -1011 887 247 -250 362 -29 -851 -1586 -54 -1480 197 -31 -10 -398 -771 534 933 -116 154 -368 -949 11 511 1031 -408 -899 -623 91 794 334 442 -236 817 -222 
229 1615 341 747 -88 -611 190 -463 -603 -431 824 -452 487 -37 1779 1004 210 -732 -794 -20 -800 -466 -351 501 175 -584 -1072 612 975 69 -467 412 792 -208 439 115 -244 -74 -648 -1364 -293 -253 170 935 137 76 252 187 -1006 -47 568 756 -677 -844 -344 -502 -781 680 65 -467 -254 -1268 -479 -411 -402 -259 226 -1196 -520 436 690 -175 477 349 992 143 558 -553 -1221 -390 584 -981 895 -901 242 736 830 1002 548 -564 111 -186 -273 304 -881 585 -74 -644 -764 -415 769 723 378 271 -1737 339 -434 -140 -834 -795 -437 -605 376 -41 -653 88 -391 -105 -387 1805 161 585 581 -119 147 10 -239 -251 139 -138 -84 415 143 1008 -98 -341 -314 -41 -568 -97 410 652 376 804 -244 54 -263 899 713 53 715 533 -284 -906 -243 -752 35 -1354 -593 -873 -35 1461 1027 1153 27 669 426 -755 175 -603 -1030 -331 772 17 -418 369 411 242 -654 211 380 -950 -310 -630 1420 251 191 -964 -43 765 317 -1148 -291 230 193 -325 511 -76 645 522 975 554 38 -1729 -701 510 846 818 511 -1490 412 -295 -509 -645 -927 545 -896 -56 -102 835 515 307 209 400 741 2 -244 61 -338 1428 -1074 451 101 -237 -471 456 153 -71 1084 -859 -219 177 587 232 327 -283 333 -170 800 39 435 599 161 823 33 -638 -848 -701 -858 -948 -1502 412 477 -893 696 -621 -162 425 -491 800 -319 15 275 -1037 -225 315 915 1190 421 325 235 786 -233 -182 -402 1069 394 -339 -412 616 -570 139 259 -382 -183 3 -1149 187 656 498 
1439 676 -74 665 -34 -900 -438 -679 219 -614 175 -510 717 1269 41 -947 -549 324 -920 687 -415 -331 276 503 547 901 132 202 814 396 690 400 757 305 35 249 202 978 301 993 -104 302 -505 412 140 648 385 34 7 -330 842 530 1061 -90 -918 -363 302 -526 475 9 -276 548 -183 -199 797 537 280 -675 227 -699 70 393 35 172 216 237 425 384 -2013 598 -1006 -586 255 -104 494 166 -426 28 -628 -17 277 608 13 647 -91 -30 -95 -2035 788 -1039 -682 -921 254 -371 122 135 -751 412 74 493 22 -203 149 281 420 -614 -103 945 -125 -623 -1069 -82 426 -608 514 -291 550 -394 -32 28 373 39 -426 395 180 -578 845 470 -353 964 -628 1198 336 670 707 -11 -939 68 735 213 -926 167 325 937 118 -787 -52 1820 273 398 734 -572 -927 -740 197 608 56 -198 473 941 313 973 -555 -700 -8 -143 488 213 344 -279 -563 488 -794 -24 1821 12 -219 753 -154 -1194 1395 -229 -817 102 233 1329 39 -434 -126 -714 662 685 226 -423 692 286 -80 204 247 -540 145 -392 1144 -157 -1613 731 -384 -1446 -317 725 362 -813 -371 667 449 690 -503 -655 86 -812 668 1028 29 -1019 1025 -765 160 -152 427 194 -127 516 -196 112 677 -132 389 121 -590 132 -709 796 127 -338 -710 1284 -966 -472 -316 -938 -161 351 207 -500 956 52 -659 -680 -350 -486 -123 -831 1460 51 -874 491 54 -107 350 -596 70 79 -406 1344 -1484 27 95 -375 -159 41 -17 612 1154 97 1326 376 80 -786 -302 694 
702 277 -166 -259 -188 118 -415 -202 55 -162 232 -728 -1381 -496 116 -345 -1467 -429 -123 491 437 -490 212 -122 -453 479 1565 1391 145 -185 -574 -1019 201 148 175 -155 -1104 -72 1390 -612 950 494 896 -877 -498 41 -1166 685 -663 -72 -225 -38 -656 -617 -204 -504 312 205 -1041 518 288 -845 -734 64 -305 -743 -892 -15 251 243 367 254 -675 204 -433 -681 131 -972 -717 -423 648 564 -261 -343 -363 386 -843 1068 -103 -148 -521 -200 250 1822 503 981 486 359 527 -949 837 -261 -423 -175 220 104 675 -22 -774 48 -173 -363 34 -1157 1016 -160 -509 -686 100 758 370 -155 -1265 -502 485 786 -816 1281 612 1012 302 -10 465 336 -793 -153 -633 214 -283 1016 -44 -73 -195 -85 -406 372 -1039 525 -235 -13 -105 141 81 51 -284 927 3 511 1413 -944 274 741 -71 -974 -1027 527 -921 818 399 -874 4 251 1440 -772 400 852 518 114 410 1103 698 -184 1125 -8 -887 278 1109 -131 -1257 -750 -1235 -479 -430 -563 533 -479 331 -111 -221 658 -193 -695 -1479 -989 -172 900 -352 -835 -462 -102 -654 -742 189 335 -600 -925 -180 -139 1094 486 -578 -666 636 -230 -1220 383 -435 -764 -348 -876 878 -119 -487 -162 -981 366 -23 -529 -501 -501 168 176 -399 1055 -106 -365 -693 -735 469 985 103 335 688 -213 -642 -324 874 -678 -564 360 116 476 -13 684 1734 595 -265 283 527 358 -467 557 -201 144 1187 -426 -417 219 -112 -70 619 -288 396 263 -638 392 401 678 -365 103 -143 545 -741 -1018 197 -811 -1524 -518 457 -492 
523 705 -355 397 373 29 -801 187 -553 108 525 -620 615 113 -445 -112 50 -649 1417 177 -541 -54 -166 655 206 -932 -50 22 -197 -1143 -943 -759 424 440 -728 185 166 -761 697 -1181 -38 2 -254 1222 1377 -1017 1291 515 -336 509 849 -400 -116 -297 1095 -75 -1208 1301 -802 -358 -484 -610 -446 -883 -4 -328 -78 355 184 -861 343 -426 -500 -224 467 -322 373 -68 -117 -317 -313 -1359 176 -576 978 57 189 -36 435 -700 592 -28 -526 136 42 7 1205 -153 -164 -439 -262 -504 -103 -493 -113 -625 56 283 -111 549 -424 -21 -544 -7 381 558 -6 -106 40 348 -107 -232 1454 597 1274 65 -715 -579 139 -317 648 -751 1101 1077 686 357 -660 -839 -708 -1226 -131 492 515 492 315 1142 539 -237 -333 1023 19 -849 -1446 -891 157 -93 -1361 308 -796 -306 -134 9 706 462 424 658 -129 673 384 -239 -455 817 1137 -151 -460 437 655 -244 -183 104 1435 -857 27 -446 -1405 -447 718 731 628 -251 648 -1245 104 26 364 490 197 -565 1022 -833 1349 -626 646 -650 -95 102 739 -721 -914 -430 -36 -538 239 -64 818 361 881 108 642 949 288 -175 540 514 -149 -63 -1219 -358 -1093 233 241 -454 -913 359 -125 405 974 74 -243 300 -35 1010 -713 -347 208 1404 -378 620 497 138 476 -682 987 609 10 -740 917 -61 214 -213 -43 -428 -468 133 539 109 -16 1002 -378 591 -391 -1220 -146 803 336 296 1456 -371 534 222 268 60 137 456 1995 -178 -274 331 -582 -449 -611 -256 628 -464 1198 -958 308 982 565 217 
-346 192 -880 485 -649 -669 253 524 -177 -739 -767 -351 -187 237 -882 -135 -515 -408 638 -667 -158 654 538 -446 -140 366 -421 -493 182 -802 -65 65 248 461 1003 -1538 -141 147 -570 -181 -625 1076 22 232 -772 -577 808 -309 -767 -528 1019 -206 635 -220 -174 -355 117 -584 97 -1097 241 853 -1062 1028 -219 -345 298 95 -221 -493 279 -524 1201 423 782 -314 573 327 -737 758 843 -436 -465 258 -222 453 -218 652 -1275 -731 -636 196 -441 -955 407 251 557 921 -505 95 -477 450 -222 508 886 1326 -411 588 -11 -244 -44 173 893 999 -194 768 -222 -930 -754 -255 1280 507 679 -155 -406 -42 -414 -370 -716 -923 158 -1131 686 241 -52 -37 -97 -57 -929 41 -939 263 -689 -36 739 322 36 9 199 791 -342 107 -407 778 480 167 -110 1147 31 -504 221 742 -1263 658 928 -233 -345 521 601 -134 -743 1139 -107 -142 114 -7 -1275 110 636 -246 739 911 -859 674 354 -215 -500 153 13 -659 190 1375 382 -1502 -427 -185 879 -535 371 -385 492 -631 -424 -960 -277 -171 119 0 568 1161 -321 690 509 538 -228 630 58 -567 -202 -52 722 191 2 -575 -393 -1015 -836 760 -497 -620 -554 -322 -523 -938 -778 -1076 444 361 -222 1612 463 -683 403 352 19 -762 -338 -123 -1031 261 -425 110 488 -698 -503 296 543 -32 -137 -296 -67 834 -54 -381 402 61 620 11 58 345 -221 -73 -71 363 -334 843 364 -606 216 -247 -69 -499 1395 -23 300 383 -157 -280 902 775 20 -309 582 901 907 -950 306 -373 -127 213 
-646 394 462 271 -308 -138 -31 -1059 832 118 -1310 372 -10 196 26 -32 -67 816 225 326 384 -363 -451 604 -160 -479 114 -554 -189 502 -797 740 -176 -603 263 -802 -1079 -180 -508 -1174 617 673 34 -808 -640 727 -448 1231 -68 -1616 -221 593 -906 -64 -89 947 346 448 586 -911 -315 58 1433 185 -643 -209 -122 -424 335 -480 -712 922 416 -299 618 280 900 432 -601 -55 -381 -348 413 534 617 -594 458 -473 -939 -803 -37 -8 -1584 -219 539 106 324 195 -599 -89 -1314 339 -249 -960 -630 -224 -916 -261 -1077 -324 -102 288 453 -44 1174 98 204 -246 -335 -646 481 -791 -594 18 29 398 -57 902 -1861 -1027 -796 -441 -811 -305 279 -68 -201 -962 -263 -553 -104 -644 1078 -492 -88 248 347 932 -161 246 733 -299 -54 434 826 -164 -23 -70 -43 370 -137 364 293 1161 -549 -248 712 216 -69 -203 -504 412 -108 151 -485 559 -223 -104 156 -941 -93 -65 -402 1109 834 -726 -692 1023 452 995 -231 -425 663 -1114 -280 -662 247 45 -70 95 839 -909 320 -780 112 378 727 -159 -160 -1204 252 443 -148 -846 -145 -199 -1089 -102 -147 115 -561 695 357 -641 697 -94 -439 430 -408 -752 -99 955 727 2 180 474 -836 715 -495 -102 405 -33 360 -677 503 388 1300 660 -531 -901 -1069 -756 -807 645 637 641 -260 -920 407 366 475 -139 -441 563 123 -164 -419 -535 -1068 163 -1189 -1311 552 281 1296 1322 620 -58 498 -41 812 -206 897 774 -258 -618 329 688 294 52 -1475 -11 455 704 -1654 -77 -189 -447 282 101 
764 1235 -665 -178 -907 -308 -292 -44 12 55 -10 381 809 -237 1005 237 -397 -221 366 -1707 113 -2022 -407 431 -746 -65 -412 -966 85 17 -503 -393 385 -494 -289 -1071 726 -779 -555 -45 218 -123 222 238 -412 646 337 -251 -17 197 294 117 782 615 -755 -189 -138 -462 667 64 1851 -885 45 -918 494 -92 957 261 422 -414 -728 -590 -51 -17 270 -411 -54 -510 -528 -156 -550 44 32 -528 -749 28 -211 351 -33 573 -376 593 -625 -256 628 720 162 -561 -169 2309 -487 223 954 230 -1112 18 -525 1780 -252 100 839 409 763 -33 1222 267 1251 201 786 -268 -398 662 -875 34 -550 -930 -247 -64 -1353 541 -318 1317 -605 -369 -983 -378 -406 -184 -183 506 -920 -134 581 -365 702 596 611 193 975 -286 642 -619 272 -240 -711 -595 81 -23 -557 -325 -129 509 -1046 -101 678 -59 126 -811 951 -1056 -488 122 -1028 -618 -405 -179 -475 595 462 1069 -1501 -357 -207 -69 196 1346 -1083 -51 271 -400 349 633 -1157 540 203 21 246 -459 -428 345 935 -451 236 503 -28 501 -318 524 567 -1 -46 1325 488 -318 -508 636 1245 196 168 -126 1377 -1739 463 -370 475 -321 559 -590 -46 294 -795 -559 821 -1053 -368 -380 -374 -982 -31 -641 -834 10 -150 -664 889 -844 -261 -202 985 165 229 -69 -592 626 -157 -273 1198 136 673 -1011 405 959 127 -66 -514 -1121 663 953 -349 -439 300 8 222 -291 -373 690 -1364 405 -485 -892 -504 -386 -19 682 -1526 931 -996 -208 389 522 1374 225 -481 243 -653 -690 -997 -433 -545 -1158 
-857 -973 -48 -1569 -699 -26 -612 -145 -1086 -609 -146 -322 27 369 -386 -13 -638 -594 300 -655 -487 176 732 597 739 106 -37 441 -83 -752 55 343 185 -1598 632 420 623 1658 184 295 -624 673 843 -343 -604 -197 -389 -205 857 -295 225 329 -630 77 -129 1700 797 650 222 -491 695 -820 -1262 -853 -378 377 -400 -186 393 311 1124 -420 81 28 -1313 -1371 -393 654 488 479 1488 -102 1108 393 -13 182 -652 1045 -291 -229 -312 -357 197 666 444 -266 479 908 -997 -747 454 1090 1009 178 -350 -700 -873 342 -439 228 572 194 257 699 691 -49 -892 -497 624 287 690 -231 -374 63 120 -133 1363 -422 18 1 113 -87 -644 -63 -829 1306 82 -142 -779 388 -24 -589 837 -35 478 7 1258 -148 -201 58 -251 -146 -374 -290 -329 -93 553 -115 1273 -1061 324 519 1052 -358 430 -398 906 -1318 -589 -857 366 -613 -174 644 659 -66 123 690 549 1408 111 -305 1606 952 -95 483 -322 -298 -468 530 409 -588 -756 -867 727 -711 -322 -441 126 -223 157 -454 -237 -598 -680 332 1038 137 1009 -117 -919 -285 336 -242 -630 -1132 54 887 229 -175 336 -40 56 -170 70 -1127 -129 211 -880 -304 322 1016 -1229 -113 -444 245 519 839 797 -904 559 -824 913 -580 -223 226 -65 49 710 1302 -749 1061 54 -511 680 -443 210 -160 -146 -904 -484 -1247 470 -565 -96 -54 342 -591 -908 613 471 688 -241 99 1210 -700 -231 -184 288 758 -424 -880 138 429 -942 237 1019 -165 234 718 -306 -240 1183 -1564 -263 359 289 -155 -446 -660 
-496 -384 -275 50 -748 -362 729 -1157 768 410 999 -193 411 49 665 474 -491 -635 -20 1708 -67 667 -365 688 156 -120 909 109 430 -37 -649 -224 31 248 167 995 -306 -94 -1335 659 -1686 -163 -209 -504 735 179 1547 150 225 -1388 -104 243 -834 414 161 258 -657 243 133 -188 40 776 -75 -637 299 -122 -385 -2025 -1596 637 964 -123 -42 43 312 40 359 -580 159 -783 -555 565 -154 -157 755 -112 568 1114 482 543 -428 -149 627 783 2 -556 -206 914 618 223 1017 201 -479 598 247 770 -524 -57 245 -94 -133 -841 -1199 727 847 27 611 -258 6 184 -1485 -930 584 406 437 355 -376 -13 -225 -937 -329 1233 -228 -149 659 -38 482 -355 198 326 -153 -528 -173 199 -508 -700 196 15 -1006 -8 994 22 1364 -286 231 -355 -338 520 -216 -550 -154 634 -8 53 135 -63 956 1417 1333 681 549 68 916 -125 -176 -15 -246 -807 720 708 -423 -304 64 451 -274 -486 293 135 1020 160 279 -612 4 424 -472 952 527 1355 -41 97 533 129 16 106 631 -233 14 205 660 321 1079 -959 1068 -537 311 -1 21 -592 -823 -632 -43 -178 -57 -1357 429 -300 -328 580 269 -922 -105 1219 599 -1442 595 1250 944 -169 -191 1425 531 -312 568 -79 -671 428 -77 1564 81 777 734 9 -210 736 -92 -232 -730 5 -514 -458 464 1170 76 1367 957 -798 512 -524 384 -359 -744 -166 115 588 -985 -646 -253 -436 -495 -654 -266 647 -100 308 69 380 -576 -343 -708 -78 244 -324 538 -2 646 565 819 -427 -385 -21 
-842 -1254 733 -370 477 -152 163 229 346 237 -80 -558 -80 796 -163 -196 869 842 92 1526 204 -354 517 303 290 940 767 674 128 -543 1149 -398 -1087 414 1114 375 -40 416 296 218 -306 -541 -13 287 -178 -96 -274 261 -1118 159 -752 -951 -117 -159 548 130 185 646 904 226 -64 297 -849 90 164 -1484 -467 -591 -885 -501 62 648 -351 668 574 -47 -1166 607 -142 1204 -602 93 220 -339 -1147 -772 332 -1130 -347 1508 -598 268 591 39 31 1196 -782 -668 612 -133 -423 -613 415 91 -407 -162 92 1023 -996 594 334 -167 -270 -1127 -1299 905 -57 -1293 153 813 547 33 422 -1035 156 -527 -1024 448 1177 1480 390 -156 -1401 144 796 57 -470 959 -225 -625 -401 327 47 510 -593 -1112 -522 -396 870 -55 -1105 1159 491 733 -473 -275 608 -12 22 23 883 -62 -347 -283 754 -420 297 350 -131 1105 -145 780 -891 -531 206 59 739 -272 214 159 -1793 105 835 -135 909 1884 -634 -265 -815 -386 308 274 137 -129 482 -658 447 306 424 -1238 -70 688 -243 724 797 -380 -329 -1043 6 -218 -297 361 -176 628 146 -560 533 1076 817 -85 -83 246 -231 697 1288 297 -933 -409 1579 -372 21 805 -237 -266 560 -564 512 25 -1133 178 -708 695 298 682 -241 693 -282 52 515 380 -244 -398 -27 -235 -22 1217 -280 176 -419 409 354 485 -125 433 590 -314 -38 -1588 -1242 -1052 -264 -293 375 -973 -197 -241 -311 -212 -998 1176 -306 -1399 232 421 -138 -663 -634 979 -181 163 -37 -112 -808 625 -85 -943 -412 -41 -16 797 
-1111 141 -830 773 270 254 95 343 -1085 96 717 768 787 249 531 572 607 1378 44 480 764 322 -95 -516 692 12 -41 137 -233 1516 -773 -143 -343 -280 -1080 357 231 -954 166 1097 852 -213 -924 116 -955 1245 511 -52 -422 1089 -531 214 -345 -356 -578 718 -289 -510 -323 471 567 -753 -631 -123 318 294 864 350 -117 59 -145 -717 24 106 -716 319 323 534 -764 -314 813 -961 823 211 -159 -566 557 -664 -922 -499 369 439 149 -316 188 -310 -1211 -407 -20 -436 812 -170 -192 -745 -120 -397 91 381 321 151 662 -387 -76 -74 541 -56 -312 485 -644 -242 -1138 33 -503 451 875 23 -768 -1240 108 209 1407 -437 928 559 239 941 -327 -581 879 -752 744 -485 1532 -402 490 -734 275 -236 -560 238 421 -823 -576 -557 444 311 -715 -532 -524 408 -780 -1035 -865 418 1213 -758 244 -397 271 -789 524 -409 -763 -106 463 236 843 -115 453 -935 456 68 -402 615 -177 176 1105 -824 504 1033 456 -493 -218 15 125 -1098 349 831 610 -979 -149 -991 -410 -258 41 533 -574 -761 -348 620 521 737 752 -52 -607 1075 57 -252 1124 896 -314 926 672 174 660 -94 597 803 -31 -510 -36 -678 128 -126 -671 140 194 -136 586 -772 144 671 -977 -1352 459 165 103 600 372 327 426 -213 453 960 18 327 -120 47 270 197 179 -51 -92 -918 695 243 280 821 1216 -936 352 917 175 -454 1108 -26 469 778 -578 338 72 -517 -102 -55 395 92 -392 1090 -520 54 -169 1017 -988 714 -206 -90 87 456 -466 -163 
-759 -833 352 1248 -130 -742 -33 -696 1570 -259 350 -277 919 26 -222 -58 746 739 -399 351 347 -110 -517 30 -588 1099 239 184 526 763 243 391 1884 -269 415 148 596 316 431 1037 -1076 -1131 359 912 823 6 -896 402 -272 126 -667 -488 847 -1246 218 1065 -13 -157 666 -709 205 1064 -80 -1183 -761 -837 -122 -637 -1076 -1297 83 621 -442 -21 103 -391 587 -126 -42 653 -978 -376 -976 47 637 -601 704 192 -253 1016 314 -5 59 997 -822 752 -772 -44 216 -216 843 41 1157 -685 616 -554 1364 1371 551 116 -803 -257 -1238 -116 -905 -807 -365 10 -509 -483 -35 -516 558 -1064 676 -509 -572 -1026 -123 455 175 -1432 568 -127 165 -1221 56 -441 218 -625 208 -1233 -357 -618 790 -29 -555 -499 1489 -11 154 610 -938 574 -594 751 -1084 143 -63 104 95 -444 -773 -144 1084 -498 866 -681 272 1131 -969 -112 508 889 390 -357 223 351 565 15 329 373 -397 330 -807 -647 -313 -60 -305 807 461 312 -558 -175 814 -547 -424 663 -73 -565 683 838 -155 173 -71 -786 274 -228 -27 1330 349 68 -131 100 488 -717 272 251 -53 -480 229 85 -1432 111 338 68 -166 -680 43 274 439 1139 907 -416 -500 375 850 -362 327 -645 221 -49 -845 -19 -81 -75 -656 -247 1277 1008 -22 580 420 -791 -28 263 -212 115 -58 571 853 86 -554 664 -371 -33 95 119 -227 -39 -300 -513 -1063 -18 -319 -429 272 -513 -789 -179 551 -1127 -610 547 -176 -1649 -532 376 246 -1316 -320 932 456 -449 738 414 270 -33 -721 235 
-555 68 -239 -80 1676 247 707 831 -95 48 753 134 633 390 -274 836 -727 589 -83 1042 243 298 -977 -509 -1337 340 -390 -401 -832 -12 -316 287 -21 -323 167 -554 -951 -203 -67 -588 -46 499 1298 932 1999 68 -316 185 -144 -450 670 439 501 288 -276 -1030 -1136 793 271 -101 -459 441 44 -428 893 1326 -236 -380 -291 445 763 -544 -571 627 -29 -877 -16 350 497 -473 -606 -341 -349 65 -259 -1285 -339 357 780 1304 43 -80 1004 -320 -984 -1260 419 995 1097 -1080 -525 151 978 396 -95 -507 -747 -1339 289 -412 -1996 57 -822 -413 385 645 159 405 -121 -302 -450 349 428 -158 -740 -105 -599 431 1108 -963 -100 21 401 -283 -324 -534 -324 476 498 -236 -912 -288 -370 -771 729 92 -160 206 -233 1139 1128 1186 -296 -602 -826 175 -187 -1133 -556 -281 1116 358 1005 1183 -544 390 912 54 633 345 -1239 586 -261 -58 694 365 772 -955 1021 422 464 -349 126 -1022 -514 -1015 657 1070 -368 727 188 -345 -830 -363 980 -162 -226 -963 -916 328 -448 782 -2425 42 392 -397 -1178 197 -755 69 164 1163 105 385 828 -410 284 250 -294 161 -576 676 744 -239 279 -911 -210 634 -299 -136 -277 -271 -817 306 1089 -189 -360 458 -623 39 7 -672 476 1001 -309 53 -214 862 -1409 -356 -1161 -795 446 911 -174 43 -170 239 -1131 -205 215 1009 -949 -151 -787 -860 -433 -841 327 -700 869 -865 -717 22 -549 491 -46 91 -235 67 1006 604 -156 653 -280 -224 -263 -161 -38 229 -24 252 -377 -12 875 -79 574 988 123 -156 
-580 -359 -5 -461 535 -811 -44 807 307 265 357 -50 -304 615 -589 -777 674 225 48 -555 -1076 -450 717 -44 114 231 1524 279 -887 816 -79 1374 71 190 -283 1811 458 828 -1676 -571 -650 781 1333 255 521 -155 -507 1090 492 378 -1521 -48 276 329 -411 451 43 -314 -311 275 -45 1391 875 358 -73 -533 -1387 -444 -145 -1466 293 -46 322 -146 -751 277 1149 101 480 -152 966 247 -812 956 -113 -690 311 653 415 -752 -201 -934 747 -410 -1393 -1008 435 631 317 312 -84 1421 -402 -512 260 -161 387 -478 -1147 -817 81 -87 911 -147 268 -495 84 455 222 65 363 -77 385 1069 245 -462 594 -892 55 -134 42 -255 -310 72 794 365 -1042 -1462 414 787 665 295 -463 1305 261 -402 478 173 551 450 -31 654 -132 538 -8 1107 985 -202 76 -1307 -752 -640 43 -167 -1147 -1202 586 851 -189 -243 -773 -367 538 124 -175 -402 1245 -262 987 948 103 -916 322 558 232 493 277 -1996 84 -96 -475 814 154 158 57 476 989 218 -16 1581 -631 -431 1252 297 -602 -885 629 -187 718 562 693 -2168 -582 288 300 -419 456 144 550 1237 -114 211 -823 -695 -687 -656 559 -423 381 976 613 301 -1287 -959 94 630 -137 1330 -186 -70 328 -93 51 -576 423 -40 -837 -193 -230 -788 195 287 43 781 866 -513 -1161 -734 529 702 512 4 -294 -808 340 511 -366 -20 171 -134 182 179 402 -416 232 108 -51 -527 -700 -295 82 590 -610 -407 -374 -1066 -728 -500 931 649 -883 -487 994 613 -56 984 -208 -9 -1015 421 
-128 -727 -593 -98 -301 -82 -291 -25 -1231 351 313 -476 -1217 628 -250 707 792 -1148 834 173 699 737 275 -510 -144 665 416 -1056 101 303 -439 -662 595 120 -390 304 -106 1131 -229 -279 -163 789 681 332 239 -1046 -42 487 202 768 143 -53 187 -207 -843 177 58 -542 683 -1041 353 -558 -617 818 -172 115 1039 -153 533 566 -333 -1028 299 780 -25 -833 342 47 356 981 -1214 717 958 138 433 -607 -439 620 311 648 -398 692 -394 1480 9 -155 -230 -586 -357 728 263 -365 -800 -628 -320 -1351 -232 -1277 -1611 1082 -1322 722 176 1216 -251 -826 248 -617 343 -120 443 -878 404 -311 -415 -858 -105 648 -159 -544 209 -799 -40 19 711 636 295 425 -1473 -585 -94 22 -632 -586 343 73 -68 -816 -784 -855 -165 -124 1146 -869 126 -723 -674 -274 -1061 -326 659 159 -1180 -133 -487 124 293 -425 -459 1352 -474 421 -72 310 -1385 718 122 568 192 457 414 1364 447 438 458 145 -802 516 -649 801 699 74 -291 -22 -359 -384 -961 -826 -217 588 601 -243 170 64 -257 1149 -325 -185 -59 1033 80 -879 -294 -664 -28 -586 420 882 -331 341 -891 -951 477 60 506 -41 730 -116 -442 -825 235 -961 936 343 -370 -340 -960 539 840 470 48 261 -571 29 -231 -740 825 -105 -127 764 68 532 -1237 964 -504 623 -94 -348 385 1182 -439 -321 -88 -159 844 31 471 267 596 911 406 355 -326 -2 -888 -588 -107 377 -589 -239 -47 1135 110 1282 669 357 -556 86 441 -833 71 -260 -318 -421 -739 -199 24 -313 -15 1319 
-371 800 148 260 -778 -1899 -545 -1858 294 15 369 -506 341 -309 -314 1043 246 -853 3 -39 -512 -802 -420 1170 -142 -536 -437 -556 -497 -712 -878 17 279 65 -890 -746 -247 522 -609 5 184 480 408 70 297 89 951 572 -44 726 379 834 -309 -3 -141 -696 703 773 694 -496 1 -335 1404 144 -1026 267 -92 -860 144 661 -334 285 306 443 949 195 -217 468 -750 -1143 -64 901 -188 -717 -416 1051 73 385 1213 310 -380 1347 -111 -1136 307 360 114 501 545 -887 825 992 -620 273 295 -270 439 880 -528 525 -427 117 -524 709 402 -488 -921 168 -671 601 698 668 -255 1000 -781 1159 -663 -8 730 -373 426 99 -535 1174 -368 -201 23 -349 -559 103 -1213 -1444 -401 1324 79 213 -821 -477 23 77 -385 262 -653 216 -539 -282 174 183 -638 -88 104 12 1241 -526 440 -464 -4 -115 630 382 276 -567 433 717 1503 -691 -552 -24 446 1058 -103 -19 707 -1247 -615 80 160 -46 -1331 -525 490 -101 -92 -493 -394 -118 255 -43 -484 -19 -145 -726 -785 784 -1124 617 1640 66 1095 -164 540 1061 -132 -184 -16 449 77 184 -359 682 -519 -26 272 -23 -248 -786 -121 -165 -510 -411 -240 512 -456 -1025 -530 884 129 -262 286 866 -523 332 244 -1082 191 177 366 -392 -37 -296 339 619 -248 -81 -880 -368 85 -540 -663 -512 980 906 -347 377 451 -648 277 104 339 1354 -1740 870 -751 1097 -534 -585 504 -675 1840 650 326 949 1125 297 1312 989 -495 -377 -301 -522 -207 165 1005 585 -60 1875 50 691 443 -529 
-294 838 148 91 -210 318 -702 -109 -659 -97 151 -1053 -65 517 520 404 634 -430 231 352 744 -27 231 -1277 -308 448 -715 -455 592 -417 -49 179 -15 -950 1808 515 -614 118 -638 60 -59 475 -412 -720 553 -252 593 -793 -577 -205 914 -309 982 -247 5 214 747 -647 -213 -29 -70 193 -565 168 385 251 -510 84 584 613 59 -1168 560 1047 105 -132 774 -9 764 745 -818 461 -283 -741 -550 115 -343 25 -934 256 89 206 408 359 -634 349 18 872 -65 140 482 -627 224 945 -354 -641 416 125 801 135 734 -287 -439 694 576 833 51 230 -7 -225 -197 189 659 -301 -827 -248 -184 1236 130 -69 -610 -715 1385 513 -947 -829 237 261 353 -702 100 78 75 -474 -981 281 810 -952 130 -179 -237 1398 -585 42 467 -685 -496 892 -1243 116 516 -288 -723 908 379 -104 -300 178 901 193 1068 -10 -362 116 871 -33 58 -819 681 320 539 582 395 -845 -752 1310 458 135 -20 1095 461 51 96 -45 -716 -268 -1140 -366 217 337 -62 318 -640 1265 -65 -7 402 -739 -274 261 193 -131 589 -355 -486 -476 380 249 665 888 328 787 917 -693 -8 370 680 -689 -312 -139 614 -114 -1338 -154 -652 147 578 270 45 -90 121 939 -1188 110 -973 1262 -597 -222 532 -957 5 -22 -900 -1253 600 1389 -360 -1969 482 -868 639 -393 -892 -936 -1639 15 -847 -1113 -1348 330 379 259 -29 586 379 -800 -132 -169 -1507 -998 818 1269 1007 613 -768 777 376 758 -1492 210 488 190 963 1655 758 1108 -194 -1336 -342 318 
894 -1627 445 -203 464 36 449 832 1129 87 -622 -931 -1101 210 65 -667 -254 69 -117 -19 -422 -649 456 320 -564 -623 -804 -1072 -585 777 438 -8 -229 -250 -478 -29 -471 -745 -1129 -352 181 1196 -901 -922 -525 -1056 -638 1507 -246 83 -1076 -45 -1012 -118 -41 388 63 784 -275 -241 355 1072 388 -105 -946 -764 749 378 461 172 446 568 890 -311 224 953 -179 490 -361 -25 936 -26 701 -14 1343 -425 98 -290 -201 -1022 538 383 -869 353 1138 -528 631 -655 -545 360 183 936 36 473 210 -163 -158 445 -819 23 -291 -624 -312 -264 -224 -470 -1012 -575 -764 182 -274 -641 -1219 371 980 -768 91 -30 -1020 -999 288 251 -342 -40 -406 -263 -393 -37 -773 44 490 -884 -107 -445 467 -200 343 -768 -859 106 -604 36 273 -392 -386 -919 549 -893 596 -421 -252 264 -235 -295 -369 111 -131 -342 -93 -443 -1009 -1320 1155 -641 -78 -388 -164 -914 1814 366 506 45 -11 -116 671 -216 337 240 983 -1515 -324 -728 -296 -217 -613 -364 -443 732 1170 378 795 333 107 -690 717 -1096 257 -46 297 -470 80 -851 -263 818 -578 531 -376 -826 1602 1260 308 560 -309 -291 292 -1280 1126 -235 902 301 750 144 53 -177 -1053 728 -133 424 -235 166 -354 -755 -220 281 782 91 -385 -114 -393 471 80 -304 -584 -85 -212 -389 -343 589 -413 207 -346 162 308 -598 -152 -263 -309 -395 1015 108 500 157 -852 419 -442 803 -230 371 -768 -678 640 -545 -57 -349 172 407 -629 1579 497 -587 -78 -125 -560 -181 -353 -52 -549 -209 592 -246 
240 206 -694 1002 273 335 103 -469 1767 124 596 764 -244 657 -84 -600 -318 20 -452 683 329 -262 -142 -1118 -1346 -257 768 984 374 -54 594 -18 -465 1185 -286 141 1207 -837 -39 -1030 -86 -736 861 -506 -236 -460 499 -181 -597 108 294 583 -99 -388 214 -441 206 275 499 1467 -924 261 -929 413 -18 -527 80 229 -1184 585 -1133 -106 -156 -311 594 175 -79 -428 -336 -1330 -189 780 -1529 -176 -644 1047 -380 88 -652 63 1135 589 394 -22 6 -1096 -602 372 -352 -227 125 437 130 -596 293 -215 -1378 -749 1 -389 -975 -557 1194 -1837 -462 753 -703 -1567 931 -1117 42 -691 766 276 -476 1293 -1273 55 459 -478 742 739 213 -463 62 -734 289 949 -357 -585 -808 676 -661 -358 982 -201 -1037 -430 76 39 391 -35 1189 -181 -257 117 -414 -385 -539 707 -213 -719 -415 -448 -1546 117 -35 -363 1153 581 612 -479 373 -1199 71 232 1442 362 -1330 -519 193 -106 -519 288 -780 -202 -643 5 -1319 363 -1438 1106 1032 -46 1045 -143 501 -94 316 494 635 679 -1511 -583 376 68 -1241 -265 13 -1148 -428 692 -448 -33 1023 -634 175 58 170 -1550 -1075 -144 522 -345 421 -171 -716 -1387 845 243 -109 -1282 790 227 -455 -252 -38 117 -1403 279 493 203 -320 460 164 -17 410 -452 -17 326 1126 1090 296 -454 410 -468 110 613 -115 -299 612 105 -123 -318 -315 788 718 -1335 664 -922 1736 336 313 -870 -1235 963 -40 1525 1007 494 -303 1333 -111 1408 472 122 -1063 -788 859 -312 -389 -1215 -685 339 -148 -746 -1103 -267 -396 409 
-847 98 -4 -931 1222 81 317 -347 82 -403 -376 -366 -183 -515 -632 -617 748 357 -381 32 -864 -760 -64 569 -612 538 943 970 -1565 -404 834 -665 -655 650 -218 -420 -262 254 674 180 -298 357 801 2 -202 -1095 646 -67 159 47 -567 -395 1125 -326 813 -392 -171 672 -99 1195 173 -157 -87 -677 -463 -975 -865 -115 -466 452 84 283 469 438 690 -946 -73 188 -245 -146 -14 -346 -408 571 -300 162 -71 -148 134 61 609 231 -1104 -788 357 -34 21 416 854 -323 66 690 252 -247 330 481 759 -686 -256 205 -405 550 147 111 -437 98 -1278 -282 49 512 -8 1928 -273 -246 83 829 -313 -1361 901 -202 18 -19 -121 -251 288 -133 820 998 89 219 949 -1067 -744 163 -688 24 -1097 1238 -860 22 -171 1158 182 -174 -495 215 113 -159 349 158 475 -367 1240 -25 927 -1356 617 -524 -773 260 549 -93 796 1754 924 -1164 802 1251 -503 -896 -239 429 1160 -28 103 -711 -136 -1266 -318 -325 -1120 997 173 359 -209 318 1498 202 -131 -561 -1119 620 875 -354 -223 -516 448 -347 568 -173 -520 635 738 -364 376 -49 -503 948 -55 -872 731 274 163 -238 -470 -1243 737 -257 -394 -1225 -233 -88 -640 2 1244 -985 585 -408 -961 695 414 310 525 -127 364 437 -152 -488 -69 -899 -439 565 455 508 586 -10 -130 169 -461 -564 -1171 -533 255 827 645 890 -6 -567 335 -175 -518 11 223 1233 -357 -228 -47 -950 531 -333 -594 -705 -298 -17 941 -586 170 -218 504 319 327 365 499 -741 734 -358 313 -144 -1407 241 
731 -500 -71 -873 1299 -208 -633 687 -399 -100 -1305 -1083 176 -275 548 502 -133 360 933 -545 -656 443 699 -559 -497 901 443 -38 521 -239 1128 -301 -161 -657 153 -386 -1310 -215 -808 -47 160 433 -1347 -195 990 23 -404 -1029 -251 166 -185 275 -522 -302 649 -1100 313 186 -96 863 1247 -1329 -718 -217 277 -368 -62 115 -51 1033 785 -872 1979 465 773 -88 -1257 -1083 -723 -36 -349 -219 224 -782 -672 16 706 1169 -597 1200 -456 114 -139 525 10 -78 395 1375 -688 261 595 94 -61 -126 288 1051 -84 1228 308 -527 -235 792 727 -581 1498 470 -864 502 -916 235 -259 535 131 86 -428 -1132 -146 579 -10 -235 -806 282 -915 -439 -1308 -559 -8 363 690 -684 -122 -121 -9 -325 -1284 753 7 -730 -354 -597 -1085 -1093 -452 212 -164 271 -862 1036 -1290 -169 298 102 -42 33 -389 -279 -175 -1057 -344 -117 189 219 -1218 1230 1356 700 277 482 -8 -1250 767 1650 488 -845 280 894 250 56 -1207 -368 467 465 601 -900 38 716 -578 637 -302 281 -213 -350 -441 381 -710 -472 349 -1246 -346 -266 -388 1300 33 -570 -459 14 -100 939 1312 -109 -367 -376 1661 -1091 140 -1036 92 -51 27 -623 -1289 1143 -1443 -617 128 -406 544 -1170 729 771 782 226 -1259 1247 -905 658 287 -2336 73 427 110 -75 -2124 -691 -262 267 -777 605 542 -680 347 197 -1050 -104 837 1085 -672 -1675 -239 444 -1126 -234 282 125 -485 -3 -287 -885 1176 604 958 337 999 368 -1226 834 572 591 240 -461 864 36 256 437 -1259 388 -203 261 -383 -102 
-619 825 178 231 892 -390 559 288 1147 71 349 1036 1127 -210 -169 1 417 -50 1071 813 179 563 -682 606 -641 -166 155 499 -994 742 554 -572 254 -204 -759 243 999 -259 477 740 -84 -826 309 80 -254 696 -464 -31 312 -535 -71 590 3 412 668 389 -464 -338 3 476 866 -706 -271 -381 -1052 -319 -159 209 220 -937 95 -978 -1143 1532 -583 1081 -1400 409 -134 -307 710 348 319 698 406 -670 -8 -353 580 -582 -109 -45 -80 308 814 -358 -244 -678 686 -999 -991 -818 -159 -13 348 252 180 -465 172 -413 546 -560 16 -286 730 30 -150 1505 616 -117 827 574 -94 -64 641 -296 570 -1822 -16 879 1270 890 1392 -233 291 5 1171 -341 8 -319 -1019 -309 -24 -390 -807 271 -510 -552 100 1230 -201 417 390 -826 -926 814 -242 -855 672 416 -1548 -897 107 736 -271 773 494 -386 10 473 257 -42 23 -1575 -272 459 335 719 -641 -110 -640 1133 -365 -379 -1451 -201 -344 843 -324 -1291 34 534 -314 281 -41 -304 96 123 1106 -1491 -330 -138 290 271 -285 215 253 137 -383 29 250 -576 -1183 -406 184 448 -880 754 -681 -353 -23 -968 -1000 1203 139 -337 -356 1242 1172 115 -1081 -395 934 -111 94 344 -479 163 -330 -794 -502 -653 347 18 -227 1536 381 -118 -24 -999 -644 -466 -240 240 -25 -749 648 1371 -685 890 358 -923 -147 722 -703 861 -420 -705 513 -1055 -441 183 -1156 -375 149 -835 739 131 912 -641 -1083 481 -1021 851 348 -600 -97 -71 639 -163 125 351 -431 -2062 -100 -28 -526 89 -624 -825 
1077 -1010 618 -719 -905 -359 -261 -145 -654 -367 318 -1091 -155 -92 486 -250 -1121 -1019 184 -81 -1229 -1121 99 66 126 2 707 -711 663 -1185 -665 205 -228 248 46 120 -41 -454 -902 200 418 1158 -130 -430 317 32 -332 -31 104 291 -457 485 -571 576 828 584 763 -345 -42 133 856 -421 -646 206 -481 926 -67 -1108 -26 -691 384 -416 -26 -158 290 -501 -279 -195 278 167 634 318 -89 637 498 -10 567 579 377 46 -803 -101 1404 868 -23 109 2484 398 502 125 565 -41 -76 -1410 -177 -129 153 -281 -1255 -429 -1442 987 37 1314 -30 -314 860 -219 440 -569 253 336 10 517 205 861 -86 372 -237 216 526 -538 -299 524 -391 -81 1258 -330 -281 -244 1175 -117 -761 831 -1101 -591 -649 -327 206 -167 447 320 624 -258 844 -20 976 1176 -290 494 -913 -186 1524 -58 73 -499 -636 975 121 105 1195 -599 421 34 351 -814 407 312 1248 -805 760 -356 171 485 457 476 84 -218 1847 184 -87 -1451 199 199 -575 1366 802 128 359 11 -216 -1501 891 353 -61 -32 453 438 641 -47 -54 329 -658 -585 -1098 570 503 117 757 520 216 545 401 -981 308 -296 722 -449 622 290 1457 771 -528 -561 5 663 83 1230 428 544 -1073 1084 -113 -86 -594 535 -233 444 658 1365 34 1315 -767 276 -204 342 653 -975 -1039 326 -1022 -383 -678 966 448 733 893 -180 -481 824 392 210 25 217 864 621 450 470 -741 -65 346 -90 -1527 -315 -139 440 394 149 596 78 232 -1380 630 -39 15 339 239 1025 -1564 -208 
-121 -946 -20 1465 315 -309 -290 -188 -713 -1459 -330 -67 74 894 -868 286 29 233 1594 932 -353 412 354 -432 -543 -265 -6 -383 48 0 615 -785 -118 -305 -265 -111 541 934 1333 471 684 -27 -34 380 -394 213 -184 -1213 49 -59 214 41 1090 -559 719 128 -12 -321 -384 -310 -82 480 215 -20 -971 85 -552 -212 23 699 -125 -657 -241 1041 669 1012 -627 79 -312 476 -2 718 87 -728 -135 -669 343 -336 -267 1164 -421 -101 -18 1296 -391 -326 -245 181 503 -160 391 -473 -1219 749 736 658 204 1070 -187 -1044 661 683 58 327 88 -260 52 -738 -1213 1240 80 -692 -56 91 -489 -549 -404 246 1295 172 592 671 -1026 173 -682 -813 1068 -481 92 -291 84 -833 499 149 470 -334 269 384 334 96 -90 -304 -114 -927 -743 -7 -363 -358 -1213 208 279 1063 -1192 314 -91 723 742 -694 784 474 4 210 -877 -308 300 -268 -448 11 11 -251 -96 -631 239 -293 -982 1429 -425 829 146 292 129 281 -1041 -1257 -262 512 -259 -120 421 227 326 640 -607 -127 -320 -503 -533 -503 -880 -52 -741 93 -626 -453 634 -366 128 245 1145 702 187 -811 1021 344 -172 704 -497 451 194 -688 -670 154 -488 -79 -584 -32 77 -1182 -460 -110 -6 -549 15 670 -584 696 246 -1050 1356 552 170 732 -631 259 -171 231 -471 483 -930 310 -93 -928 132 770 -903 638 -1099 -106 -630 -78 198 164 -645 -458 -68 -1795 -609 -1 -700 556 946 -231 442 566 31 622 -65 175 -443 -402 510 -899 -73 624 -126 248 -352 -1084 557 574 
-127 263 574 700 412 -1197 856 -7 -267 402 187 -780 181 -60 270 -555 -1320 253 -1241 -1115 -179 -1229 -621 -640 -698 211 -51 369 1019 723 -556 -329 -135 -702 -17 806 22 435 -282 125 586 -769 -638 -227 -672 -166 -159 95 -772 -563 -1033 114 -542 153 378 -656 -528 494 -1101 539 454 -282 161 1033 -591 26 -219 -405 -987 88 -860 101 -188 593 591 -188 -346 -311 -964 112 864 1350 862 423 -492 -16 592 -74 84 -29 -325 -897 -1005 243 -372 378 -234 -649 308 -884 -1261 507 -978 1027 311 -182 116 -82 13 -185 -856 -1562 -885 -18 544 -135 -842 -420 31 511 90 124 435 657 548 -1210 -926 223 352 -949 794 -873 860 831 332 -388 251 137 664 443 -145 628 18 680 378 487 173 -277 -314 -320 139 -252 535 -458 -867 -553 -1001 -540 -6 1026 -44 -758 -927 945 -72 -560 402 27 906 -379 -352 -183 -594 -312 1483 135 451 839 -820 -917 -190 1253 -1077 -366 581 -117 102 89 -491 642 -196 679 598 -908 76 -851 -856 -95 264 -430 989 -464 726 -622 -504 175 -1997 241 -155 397 938 -289 78 94 -233 -801 -402 -533 -367 -234 -958 -45 -72 356 -831 -503 781 1504 483 53 30 1125 -500 206 173 145 1151 1323 317 -608 240 762 38 259 -27 -1287 -1276 25 -396 592 1110 485 -396 -19 -513 -334 595 -966 -551 -79 -475 -426 -505 -629 1327 168 -829 -615 -104 600 907 -115 -924 792 -536 755 -98 27 -702 -1117 -627 -1188 -888 -1113 -379 -589 459 602 392 136 -1204 471 -125 -1051 1548 362 939 803 -534 -833 
-737 -906 -376 648 -92 744 1160 692 -422 -298 1014 -312 -65 454 -247 -427 -353 -930 -697 640 318 276 1158 804 985 -1440 -484 -317 -825 -55 1205 -53 -64 599 566 -929 192 -234 -922 337 170 146 899 -752 -843 -1076 194 731 779 -476 592 91 135 944 -369 -1379 269 461 -267 287 377 1362 757 -426 -479 -174 -452 -153 1289 1144 -230 -509 -262 156 -118 39 -145 -514 -490 -1067 -193 1086 261 561 533 -256 26 113 -187 390 -570 -31 -1176 575 82 -1282 315 -1080 -1 195 315 139 936 300 406 807 346 -1373 1169 -89 -200 -640 502 -146 -1028 -1066 209 -92 -1556 294 362 180 -1375 -196 -390 -309 53 -114 882 1806 -351 479 -374 234 -315 -124 14 -997 539 -258 -153 676 -30 631 706 -186 -341 261 -850 93 -168 500 852 -305 491 -799 63 -1345 280 -434 -373 1318 668 -1579 -1201 129 -560 349 10 -464 -304 -204 37 -329 -525 -127 1562 -320 765 914 419 -893 505 746 -1662 768 177 1015 -904 432 -7 -1047 -1108 -109 -624 -525 397 -540 -889 1212 -206 1272 -911 542 -585 -823 -407 -1093 532 74 -26 199 -157 1203 142 539 -129 716 -171 879 313 -906 -288 426 -233 -154 -398 39 629 -530 -666 -737 -744 -150 338 775 -16 152 -468 1072 18 1075 245 -246 266 -566 1440 -344 -59 419 95 -284 -412 572 -259 762 74 1946 -1295 -190 -223 852 -592 -320 -829 -664 -1554 -194 1093 997 13 225 -418 -630 -999 -801 32 1013 138 36 226 1168 311 1180 -494 1701 -600 261 -145 -181 561 -1241 -18 1166 -414 865 -256 -106 924 -561 
1930 1222 708 401 -528 -77 228 383 -264 -589 755 -1039 81 157 -1128 -563 -1510 -870 -1 -200 -447 -505 837 -393 352 -376 526 -158 995 -811 386 -290 -190 446 243 995 -806 -346 165 365 533 -108 1372 178 144 547 502 -898 633 126 -412 275 -411 621 -137 -685 31 -439 -790 106 95 95 -639 -630 308 643 141 -361 -101 47 965 -668 532 -880 -345 137 131 -503 1311 -422 9 881 690 -725 -115 653 -643 1191 -195 634 750 -112 1229 -261 -35 1010 397 13 48 -326 -322 90 -112 -117 -345 235 -346 -861 -234 -534 -49 609 355 -1 -4 433 -245 479 275 -690 14 431 -918 -383 337 -1040 749 1040 -163 99 441 955 541 -366 210 -429 1225 867 -188 354 -916 -297 509 999 105 -636 -15 -636 -907 -471 -334 296 654 -817 -142 -381 464 -74 -1029 244 444 365 1148 262 491 -471 -310 -382 -80 519 504 -755 285 184 80 -362 -287 757 -110 1609 -319 -828 -4 -1019 -377 797 341 -313 -437 -1100 133 -314 -470 -364 -743 17 -152 647 -766 741 -896 594 -757 337 -667 -526 -233 -2 1267 -148 -81 170 1235 143 -102 -1174 189 -69 -342 -1251 -143 225 -223 -169 526 -1045 413 -82 -735 18 862 324 -286 -149 -1840 729 -213 197 890 -237 -718 -100 -967 1094 -1214 -384 -136 513 366 129 718 1132 -772 -705 -1182 -280 809 149 -974 305 -740 -269 -98 -1126 148 -515 -418 -228 -308 -197 603 -911 91 49 213 523 -236 569 -668 -145 -438 574 -290 -334 -350 460 1020 -51 1193 -211 158 -907 119 -67 602 219 -104 295 -8 -424 
-526 -744 -1088 988 -123 -304 411 209 -74 -557 1172 603 -564 -1210 -164 -1174 -544 315 -1024 780 713 -471 494 621 -243 408 214 -199 -121 522 65 436 -1022 -50 349 235 663 -787 1123 -72 -1038 620 -919 -476 327 1139 -1346 1644 -527 -331 151 -446 153 326 -674 406 180 33 -391 -149 -38 567 -68 138 -607 -213 312 -27 45 537 -916 308 -182 768 -954 985 -784 256 447 -589 87 -798 -497 811 28 -24 41 -399 142 229 -187 510 -1094 872 0 823 -261 -738 20 67 274 690 462 -519 892 1402 43 -960 -423 297 310 580 -1549 385 -1445 -154 339 -95 -303 -321 343 -213 569 -512 -152 -690 -511 -46 -761 -101 -605 292 1114 -483 975 -2233 -1232 287 -55 455 -340 -842 -271 -754 152 -201 97 -247 1562 390 -137 642 -419 1035 26 918 8 442 722 295 225 -174 -371 60 403 146 -367 -128 911 297 -955 430 183 -477 -5 972 204 -347 1225 -317 230 294 -140 -226 464 65 647 402 -427 157 -805 891 -708 306 180 326 -193 -161 125 -523 -1451 520 726 142 246 -545 119 69 78 1078 -748 -3 510 -587 -182 165 -464 -983 361 559 210 -301 -761 904 -38 -298 -629 117 1379 704 67 663 -522 -682 1063 -557 -708 409 -284 -718 184 207 222 -295 252 729 451 -1587 31 -401 -297 404 112 551 -466 -751 -936 -33 342 -737 122 256 248 1742 1073 682 142 31 -882 -40 -294 -62 -723 152 -979 44 1547 -731 -438 735 -120 -3 784 -30 -389 338 -46 1547 -53 706 928 1653 463 97 256 -161 213 209 103 285 
1093 709 457 855 1104 -410 464 541 445 514 -175 116 -614 -572 -351 -382 -344 -31 594 -513 823 440 93 -341 514 -398 -824 741 -316 388 46 -182 -1170 -75 1137 334 91 -473 940 800 -606 289 530 -531 38 -157 -86 513 -1318 777 1278 138 185 1065 816 861 128 153 10 -408 302 937 298 622 -1101 245 -308 640 -1390 -2 -135 -780 114 404 322 1168 788 -1340 1825 461 481 -502 -436 1144 688 540 -447 212 93 -933 359 388 27 451 73 -314 158 686 290 922 -25 -739 583 -560 87 -106 -283 389 768 -873 278 110 -35 -354 -2 1878 -417 -761 47 217 -660 130 -154 63 -36 -890 -744 134 1141 153 96 -484 167 1141 -115 -496 -1307 36 259 385 -308 -194 -496 1063 -719 927 277 290 257 752 431 65 -1496 -144 269 862 -1323 -1207 843 1379 -113 39 -344 420 348 632 244 98 -602 -149 527 -807 -47 1190 -852 569 -459 846 -39 -17 -13 820 -390 -353 -1026 434 673 1137 -159 -81 -1836 147 374 -5 -490 -238 713 -642 -226 150 -24 58 -330 -282 -1113 -373 -1370 510 -222 79 -265 -245 -1068 -245 -127 -1144 -154 -489 -235 391 -69 471 -427 150 -50 631 919 -688 20 -169 -602 366 351 205 234 -232 -264 68 720 -70 -765 62 -1187 935 -664 1030 197 -815 50 -526 -1158 -350 -384 1190 1019 -1417 505 -542 -801 412 525 -1696 609 282 -110 687 296 147 -783 49 272 212 -429 -627 200 -64 1032 -886 561 -324 1308 628 -160 -836 672 737 720 30 -42 907 88 186 -159 -938 19 657 -367 385 -99 -232 
1509 -1222 893 381 350 218 -586 543 820 -124 316 178 -27 1308 662 -289 180 -138 -1141 342 -174 -172 -761 562 900 -944 -306 927 -458 679 514 -246 -901 -134 -486 483 471 877 982 328 237 -906 916 485 -336 -924 -748 -471 126 1151 -456 566 -6 10 -328 186 159 15 -1268 -81 -570 -1060 -328 -475 -435 604 -276 -204 -682 -263 378 -644 1107 -6 207 200 -1172 -236 -459 -39 -685 -697 799 -1070 -9 135 0 -947 -66 1013 463 809 131 -430 -1631 -1381 -502 36 -320 1749 -710 -1133 -118 598 -295 289 1084 892 145 -695 -984 169 61 923 -1104 643 131 -237 535 281 -107 262 -149 381 -213 -99 0 -135 -65 1172 842 -215 -825 178 160 -333 1304 -294 543 191 383 -660 -539 -749 819 156 652 -263 372 349 -984 -45 -483 149 -421 380 -691 -737 -294 -41 493 -58 2012 -285 64 154 439 -373 400 -813 626 -535 -348 1729 -367 100 864 -193 -516 203 105 -426 1097 -464 -82 143 809 52 -583 19 -351 324 795 532 -750 313 667 -321 285 -48 802 899 804 64 -1286 737 1190 329 23 -991 318 532 623 -480 1736 -59 77 385 378 -768 -1323 833 302 418 617 646 69 -1078 -928 205 -225 -843 548 44 -519 239 1012 603 523 -375 -53 -348 -1934 319 330 256 -195 -698 197 -694 403 44 571 -34 625 -440 -203 488 -619 87 -440 -162 195 -82 -345 -761 296 32 -249 28 -210 118 124 -591 -1196 -1023 1290 23 283 -877 527 425 533 1019 1202 -377 414 405 -377 -87 -265 -688 439 -314 223 -1010 638 140 726 -447 
321 -810 492 -748 1185 789 992 -157 -1389 -563 1129 462 -249 -373 -885 -242 140 -158 1492 126 44 332 -585 -69 16 777 506 903 -724 -553 659 -776 -249 483 825 -1160 -1460 56 871 -316 -751 -447 -114 -804 219 -849 230 -1445 1105 -1052 -861 565 -1270 933 -121 -315 811 1242 223 -184 -598 871 -535 -1097 -562 -619 -669 -457 -375 986 811 -880 111 -308 798 -597 110 -521 1015 546 726 -196 337 -340 -223 -1234 555 857 -217 -1225 619 117 765 1457 489 -198 -456 -668 -69 194 300 -608 -723 -833 62 348 -1019 -409 -133 469 204 -436 662 -1910 303 449 27 199 51 670 170 -24 -1430 -188 543 -832 -184 145 449 1117 -8 709 436 276 -526 1403 81 658 1409 932 -421 -1360 588 497 -456 -904 -844 -153 -258 560 -607 1098 -400 -992 -66 -153 -58 -171 -208 47 -43 153 -355 -3 206 -774 398 -129 -432 899 358 160 -936 182 -230 -536 -216 -16 63 201 -1173 1046 2234 -697 -841 -255 818 -604 193 -233 -506 -1087 -416 221 -243 -27 1087 247 -319 416 -26 -94 -1337 -331 571 -545 -377 -823 108 -428 365 127 -631 653 -1243 626 -112 158 49 -537 -731 265 159 -418 669 1069 -211 321 337 -492 -685 -65 -417 -57 -375 -34 431 -927 -385 89 178 -583 -688 484 -264 339 1094 -737 -1183 -1433 569 6 -126 -345 -720 756 277 616 -69 109 -476 -55 -370 726 65 105 -2221 -372 12 -232 402 -213 988 201 138 93 66 775 -788 -1199 49 928 957 492 190 -166 112 193 430 26 423 -638 -358 -441 205 -508 208 -703 -916 341 
-474 227 -1521 440 272 -261 326 141 222 663 -109 499 -399 -68 858 -39 -174 1033 20 611 -139 563 26 103 439 -963 1091 -93 -67 580 2 220 -488 -356 -1195 -362 79 -588 54 -716 359 721 130 298 -608 585 50 -997 707 892 -125 -501 -1360 144 -550 492 -814 -377 374 431 68 -1125 588 27 336 -242 -115 -1107 220 91 205 78 257 -197 28 -169 1039 -1147 -611 -87 -1396 396 457 362 305 123 -393 437 105 -115 16 -130 -741 144 48 -225 -556 240 -134 220 46 146 199 206 -260 -864 261 1150 -1017 -158 361 312 -917 323 530 -15 576 271 -1839 1563 -865 -743 -886 895 1361 657 -1584 272 3 -514 -989 63 999 552 -567 794 -1579 -36 9 -272 234 -449 1521 515 -292 -24 305 360 -66 -414 264 -379 -291 -345 489 1314 -399 16 -1016 -1213 253 1398 -26 578 -156 389 -184 981 -165 447 271 424 1461 -957 8 -355 -863 844 -44 1048 -176 -462 211 1478 145 -336 738 -207 498 -1110 -117 -1329 468 110 557 431 242 -28 -60 -692 -294 -416 -404 -710 -450 -824 324 1300 1045 -1278 -675 -496 -96 -575 151 -64 494 -291 -81 744 -517 778 130 729 -157 -121 554 -184 295 -277 -596 -780 846 -366 -986 603 849 142 231 -803 -942 185 906 317 1029 -542 375 16 719 775 163 585 27 376 647 322 113 -29 -321 788 -568 -788 -1066 14 -45 -329 18 897 -419 297 616 224 244 -65 -325 518 564 247 -376 205 917 52 -565 791 -829 -213 -368 298 765 102 -77 -289 660 -618 -208 -430 -75 -344 -904 -403 
-188 977 -165 -80 -90 -418 -423 -175 747 610 -384 157 212 859 -337 627 592 -72 -437 852 308 -103 -617 -192 -404 752 -690 -72 174 235 604 1036 -904 -177 -315 672 -49 -265 -341 397 -641 -817 682 -1200 30 -317 772 -379 60 320 306 -853 -416 139 -1241 166 -108 18 721 299 -131 -141 1103 21 -767 -722 19 -558 64 -221 -670 -31 593 614 122 411 -1494 -676 256 130 -42 -222 691 1156 1858 -708 -81 835 67 189 -976 593 -777 -276 891 -784 142 -18 -222 1284 369 -768 -448 536 281 -108 413 1516 286 -487 -551 -191 -456 530 -221 298 647 143 1011 1111 1519 405 -71 1320 -59 1310 -947 841 -138 243 -48 -334 -1045 342 612 -392 -593 242 1144 -456 38 -1172 1379 -157 143 717 -691 -365 -582 125 784 356 466 397 405 25 -157 -677 354 322 -613 46 -681 -710 -16 -713 297 540 -527 371 -970 825 277 -363 459 778 -317 745 -593 -281 -880 695 -173 -646 -418 478 27 -994 -205 155 -222 -696 374 -250 -63 403 636 -1505 -735 442 -7 361 -511 1386 311 786 999 570 -775 26 -757 -306 165 368 -225 -343 -949 539 148 69 -584 875 -497 -1275 -299 -784 -376 742 -1172 -1226 -158 -255 251 -13 613 755 501 780 -759 385 -1107 -1200 -1121 -380 -1266 384 -301 -211 -317 -332 -173 -864 -525 -158 -1154 790 -574 2 270 304 459 -218 -295 -94 623 166 468 -527 -676 -414 -735 -107 563 885 122 -465 189 365 955 253 129 401 -299 357 -538 391 -149 1304 303 -1074 278 -994 1204 970 -394 -1134 444 -5 181 593 
346 -234 485 451 -327 -77 170 157 265 270 -836 726 1094 361 410 297 314 -1035 1183 699 1241 -70 1144 -492 -454 -293 284 126 392 -149 307 -410 789 -807 -236 -536 659 -273 -1220 -558 288 1411 -1526 1106 -1072 1288 570 57 -153 520 -23 1333 713 -283 -450 -71 -392 1017 182 22 -81 -379 131 -65 561 -287 -645 991 506 -213 -287 260 -541 483 57 412 72 -877 124 105 -901 -927 582 -522 -255 127 35 -936 -524 -286 -696 -867 292 727 1175 128 -471 -215 282 1155 -1206 -954 526 -1385 -873 -615 -454 263 104 566 363 -242 290 -949 1347 751 -43 -81 382 261 -931 -293 -616 1120 -142 -1690 -1047 275 -83 452 -286 231 221 740 -457 825 -1089 500 986 381 361 753 65 399 -539 -683 -21 -617 -1079 -347 847 -1606 581 -466 477 -12 -1168 831 -430 423 -338 -28 -884 142 -1094 -156 241 -796 298 -1323 258 74 -231 787 -1341 326 -616 -1098 288 348 -9 102 147 -8 -131 -282 635 1174 1222 765 699 -730 510 -298 -134 936 78 -387 -594 -92 505 -487 -633 333 66 331 286 -556 -588 149 -304 -1304 -449 -34 -774 -1212 -867 -328 131 -15 -173 -1206 -234 140 393 -166 -748 -65 616 -1364 -232 1153 -69 -1108 93 1234 -704 -913 345 -411 1007 425 -652 -78 475 17 -201 -558 320 9 232 420 -307 462 453 160 -58 -471 686 -159 1514 689 -107 1507 -1539 962 -594 442 191 -474 1036 -745 2032 611 306 1019 351 68 313 54 614 113 57 -549 -289 38 87 -34 783 -510 -1291 459 -511 -38 -789 -401 -404 -1035 -1112 405 
-231 1041 -1054 -722 -607 81 -93 -886 629 123 413 -529 170 1321 -697 -239 572 -737 513 528 -1298 631 -739 140 372 465 -651 -880 -328 -190 -504 576 658 -140 -527 -507 -633 1387 -95 1120 1546 -30 302 -1652 551 -385 -277 313 29 -1578 471 973 -879 -345 -496 1089 1293 559 -215 135 589 197 -648 -1155 -1251 579 -338 40 598 -1033 423 -297 -1099 -1295 -268 241 -1207 576 168 915 1031 67 501 -122 1236 -905 -867 658 237 360 273 -345 -433 982 1072 341 509 -714 985 49 1061 -458 -1038 -318 417 -197 163 -189 1159 -72 -179 -1004 434 1127 54 -133 1011 608 832 -311 1113 -59 -1265 207 186 421 448 -668 248 806 -396 -433 458 859 -716 1054 1428 -34 -183 -382 -880 721 128 -160 146 384 -172 734 -72 279 -164 -1120 588 70 774 -29 -98 1735 -914 -156 169 966 109 -175 -303 1046 -453 -159 -97 -235 -290 -514 -918 -1394 17 -1036 642 220 -397 61 372 75 417 -232 877 -426 74 653 358 -378 -466 -383 -227 20 509 -658 924 -857 1362 -568 -51 41 247 324 -422 66 -1510 140 57 601 -166 -1191 9 -416 -589 1164 174 636 -41 945 308 -837 -161 786 156 118 470 -504 -897 521 -759 -448 -197 361 893 -30 -75 568 335 373 -1334 -166 -11 -1086 -277 -922 831 148 -1082 6 449 -186 -629 17 -481 -535 -1782 -406 242 -856 -1149 -1124 84 315 539 -271 848 21 -147 -161 616 553 -1314 1232 -726 -561 -260 -1019 71 -491 -636 617 -906 685 -420 -1368 1276 210 -1306 -11 1035 401 -569 1044 207 418 -163 513 235 -260 
-898 -687 542 -66 -74 -91 -507 -540 -243 -959 792 73 640 460 691 -154 580 -245 -808 96 226 534 -1218 502 163 1030 625 199 177 892 60 -48 -821 -368 -1232 -325 1297 220 101 534 355 -2311 -590 -204 17 144 -1213 -154 311 856 841 320 -300 549 26 -780 -312 -15 253 304 466 -245 -357 -855 -115 -1423 460 5 -861 209 -778 -71 -148 523 1159 -558 -587 1423 515 -91 -26 -684 -751 -76 283 -893 124 -961 672 -214 -606 -706 -838 300 -308 -59 -107 -12 336 -247 -562 -1291 639 -19 -248 -266 -280 478 448 -76 49 -2275 -689 -515 -697 -271 393 -546 145 319 -580 -755 1304 -829 445 -1045 -509 -273 -844 -42 955 -259 412 -75 605 -348 -110 158 -61 -375 55 -967 518 -593 -50 547 -940 -1 -36 54 -775 864 -1207 199 185 -24 -649 714 -299 -154 -1000 -99 -588 118 -116 -641 729 500 4 -347 -349 -359 -700 -663 -1064 1298 1355 282 -382 484 -1150 1157 -1209 -764 -1786 478 279 -440 -294 342 -423 -178 -323 1150 590 321 -371 -652 182 -1038 1273 779 438 1005 -244 -780 -597 -429 -1170 -422 -95 425 1703 163 425 1430 702 -621 81 -382 932 90 153 405 -155 782 -869 624 -29 1151 170 -838 181 -34 -515 72 -487 334 507 -719 -266 73 -1448 -697 1046 -314 487 -563 -274 -868 5 1054 -995 -314 143 325 -182 -667 -88 624 -62 -167 -631 -1088 -1079 786 -438 -463 534 -476 3 298 -889 -1025 -1274 -669 -431 -404 187 -876 -533 -1376 -70 875 -178 -97 454 801 -490 -854 701 98 377 475 76 231 -187 183 -250 -824 
452 -706 -135 636 529 -116 289 326 -505 13 -910 -370 -136 444 404 -292 -368 169 307 -795 867 726 -49 -167 -482 -914 -601 -1 1408 -477 841 -117 307 -1251 -184 -362 229 213 -94 1307 -284 65 569 113 457 -1099 312 -878 -1504 285 812 -831 -881 -566 788 512 47 -505 -472 -874 612 694 584 -926 460 1249 437 148 -364 542 1047 626 -141 -610 -652 57 398 471 251 498 -701 816 -458 -75 643 -956 -153 568 -348 -594 508 -430 502 351 1230 631 -350 -426 1325 9 -443 -396 483 -395 -398 204 -599 65 -653 143 471 270 441 298 -770 231 893 645 -457 263 -410 -357 299 -499 9 194 -994 559 -324 -901 219 405 207 -516 -432 -477 80 -1170 -286 -914 -1488 -332 -522 -676 104 60 782 -598 369 1187 -576 -937 -27 340 -585 664 -326 -430 181 -82 240 -960 -432 271 359 1151 -144 1174 -737 163 343 279 450 -305 720 -810 -623 1110 237 690 1170 -288 -713 -48 166 232 247 -262 -468 -892 557 -848 -565 2 1189 1828 54 495 -892 -1245 946 356 -477 -587 -544 546 450 -245 163 -103 262 442 -1547 85 540 -1128 -360 317 207 588 -215 749 279 670 568 351 -524 -876 830 68 307 -289 20 48 -806 -300 -432 -973 510 -408 810 -221 -1574 1266 -254 92 362 -559 -215 -523 -299 -71 362 265 242 -846 -206 366 688 379 36 -1511 202 604 -1237 -223 -350 -699 -121 -340 -215 -4 -1411 -755 745 -316 -330 1241 626 874 -1078 -471 586 -602 452 884 -445 221 349 -356 927 -267 607 56 471 959 167 -829 -349 -985 
778 -198 -359 654 -54 -333 -992 -551 -510 -1070 -321 831 676 1025 631 984 -649 232 -540 487 -32 -24 372 -393 -474 1249 -241 1072 106 505 705 -66 -746 -290 -64 -544 277 -34 -131 349 91 -911 397 148 743 1215 -228 -830 289 -964 419 -264 737 11 820 -715 459 -619 368 327 -397 697 -142 -181 -499 -840 1325 486 -1600 535 -684 -421 -258 -113 -12 -482 -931 -698 -37 730 -1005 -1761 1152 605 643 150 -853 -750 -1514 1394 291 771 -394 293 -1329 -640 183 -109 76 846 249 542 1083 1403 635 864 284 -305 424 627 374 339 42 -797 -1155 1129 -1411 235 232 -1210 23 1335 131 -187 936 280 385 -655 196 -111 36 -397 -580 352 29 -751 495 -755 1016 -405 421 797 -180 -1035 -715 -1108 33 518 -1131 -337 -157 625 24 1178 378 -745 -173 -547 369 893 -637 -303 540 -173 163 752 60 -303 1226 555 -74 14 -48 660 -623 -924 1100 -907 601 -934 -238 127 -358 -482 -1242 238 -1283 636 -182 301 914 721 -417 362 -529 957 264 -892 -273 60 -122 -534 116 -740 -155 933 206 512 -908 208 201 -221 670 784 480 -993 827 -596 69 -985 -35 1077 -393 219 -70 919 -981 -1032 67 -321 355 504 -455 -560 282 234 1369 -874 -79 372 171 11 -836 231 967 776 541 489 1022 277 -381 -171 -936 -404 -1044 440 444 146 715 -956 1278 -277 -512 474 -1224 226 -672 -9 329 -127 674 439 -338 -177 648 -552 -609 -773 549 259 163 -171 421 578 -804 -120 -926 -367 -1035 879 216 -558 298 254 152 67 -8 -743 783 -86 
559 613 793 576 -257 74 -216 330 534 363 -42 -302 -165 1314 -403 -468 241 1095 -1490 -729 954 -314 -499 -29 965 142 738 -784 846 575 795 -48 -722 -91 -256 -310 378 161 -610 -857 762 316 -11 130 -723 312 -473 -9 -947 1234 195 -52 -1288 -512 362 -76 -613 250 350 -348 273 -380 128 -105 1543 66 332 1001 123 1167 -371 -1380 117 291 383 277 163 51 -368 -1434 -481 -308 419 79 -768 665 602 336 307 485 -86 607 442 255 -394 512 -302 306 443 1321 716 281 201 523 445 786 262 131 752 763 69 -273 313 -858 -1303 -397 -927 -54 -535 -153 -499 143 -331 -1387 -937 -846 -113 340 800 475 -227 562 382 1051 -957 -567 -846 638 -852 -469 197 845 828 -762 354 99 -281 626 -409 -255 118 -634 10 -694 222 404 556 458 -556 418 -373 27 656 -58 146 -708 465 777 -1236 -595 -644 -1230 445 669 674 -351 823 413 -159 194 -186 -373 -94 -439 -342 -771 97 -656 854 1410 -657 -84 108 251 765 165 -1118 443 340 49 153 1050 433 394 -88 -276 -17 135 -363 -812 -1813 151 554 -301 469 611 -376 -618 43 -336 280 -126 -79 -682 503 429 269 -253 109 1489 985 -923 -476 782 582 1109 -174 1098 -271 800 273 -197 -30 -711 -582 346 -278 -273 -381 -684 1789 336 122 -1518 312 186 66 283 -1258 -446 905 602 741 -1050 284 -179 373 -70 -302 536 353 270 297 783 -570 3 -111 -153 777 -1292 553 -957 -303 63 202 -628 930 21 -189 229 721 124 521 -181 -209 -697 -343 -807 -815 512 
-723 99 -648 212 -269 444 32 42 350 -159 -111 21 -475 -499 -745 53 87 228 791 -311 993 464 338 764 -115 -105 71 632 816 981 -500 -2 -236 288 749 -257 -90 188 186 870 531 -277 -193 -171 677 -567 614 840 545 -202 -456 -949 -398 -575 -47 190 757 255 -977 -154 -395 -211 394 678 -851 -939 931 -739 47 -449 326 838 -961 954 -137 322 600 -22 -234 579 184 -20 -803 -19 318 292 943 110 168 943 664 -425 -228 238 -660 707 -738 -1089 771 -1840 -983 -485 -925 -186 493 1182 460 131 -180 -488 -655 1356 271 299 792 -556 -250 -562 162 176 446 118 -21 914 -484 157 476 331 916 367 553 -652 -901 260 58 -751 -896 256 -801 -1132 0 1532 783 -425 -219 615 941 641 670 -565 -676 -381 -494 556 1571 -718 20 56 -461 -406 465 676 389 481 1107 155 -903 10 -96 23 21 -119 244 -1159 666 -72 -412 734 49 -998 122 -950 730 17 782 464 231 -642 -884 -1042 -554 -22 -209 193 1146 486 -598 -1244 67 -1057 -1004 -2 342 -405 -101 396 -639 865 30 300 -337 -1040 1081 -590 -299 1155 321 -290 552 937 518 -234 -52 -287 -572 -802 -294 -1021 190 1160 -80 155 -462 989 234 402 854 -162 -44 -969 610 -343 -624 149 -2082 -139 -409 804 29 -217 -367 -1526 700 209 292 409 676 1118 600 -722 -478 313 171 -106 584 -14 293 -99 -552 164 -463 -954 -384 139 151 -422 -661 -1270 -712 231 -278 -933 744 1030 296 488 -105 -1327 4 -284 -546 607 318 -661 -527 119 -631 485 818 -297 
-590 243 132 817 307 -102 -656 439 -1172 -597 -726 196 302 -1032 541 -677 -370 430 655 1464 220 -117 340 -57 784 -230 -220 -847 -1077 -617 -1297 -694 130 507 -400 280 426 -567 686 240 -317 158 770 -113 192 210 -694 1029 621 119 -739 388 -321 467 834 423 -801 -499 -721 -94 -249 -259 726 248 -1193 87 -548 825 -758 -1041 249 447 454 -151 -793 -322 -848 -529 -77 302 370 814 898 406 -876 290 -561 -419 1581 -230 278 581 -1126 98 -596 574 214 -1951 1813 -280 448 854 -1006 151 -106 -56 -317 -961 439 -659 524 77 -1004 446 111 -123 302 -148 -1107 286 -44 -425 -223 1551 1612 178 -77 -867 -1427 -358 221 -172 180 -1315 1287 255 -1056 -1058 -86 1466 -175 -1309 1472 92 -693 -360 924 874 -835 112 -33 1101 -710 887 440 820 -1137 -563 -534 -394 233 -698 681 846 -642 -3 -63 1692 326 531 -270 607 -322 516 332 -821 -465 -68 -472 178 491 -185 -862 -655 119 467 38 -163 314 -215 -1288 649 489 133 -178 -1679 930 591 -768 -86 -382 -939 650 -188 236 372 135 789 410 -729 346 -414 -305 477 191 -302 -884 -1185 264 -93 -332 357 -697 644 -1493 -1023 -463 404 -21 50 -696 987 312 -44 -1717 1576 -157 41 -756 -66 -190 168 40 801 376 -182 -257 320 328 -152 -398 -48 413 344 -174 -308 738 -834 394 -773 -118 -696 -149 332 291 -952 -772 1033 678 -244 -175 265 24 60 1533 603 544 -32 -545 -932 34 -568 -303 -532 628 -136 573 483 -286 1072 793 679 -516 -38 1221 1391 670 76 -521 126 
555 -373 651 111 121 32 590 997 -171 556 -807 425 -933 24 1198 147 -258 -619 -901 28 966 -269 547 119 -754 -174 -355 363 451 595 -415 -80 1686 899 326 202 210 -608 -290 491 -139 192 -826 -297 412 -216 -543 110 992 1251 -552 421 469 -427 -101 -675 82 -1176 -714 526 -186 -828 410 -278 -794 188 367 1844 -419 -1070 -1130 -311 42 637 441 -415 -345 -545 -513 534 -219 144 472 345 655 520 -21 41 716 184 -243 -414 -70 -75 -225 -83 206 278 -438 -223 -817 275 -461 472 96 372 -1021 7 165 -795 -440 -1201 820 1281 31 -438 -156 1014 -5 -567 -184 -443 -180 1114 -650 -936 456 278 48 476 8 559 -115 198 -528 789 509 425 772 1433 305 593 -333 -51 1164 1615 495 300 -1162 -471 685 5 1084 13 865 20 155 -36 -191 -406 -193 1006 494 -79 -663 1354 -246 -162 -88 -162 -652 -469 -90 -151 -1345 -215 541 -51 16 -322 836 -214 -675 -276 -351 -158 -189 -63 -446 116 -381 -337 255 428 80 134 -37 45 -188 447 964 -565 315 170 453 -30 -743 1107 -1285 -559 -157 -1284 878 -86 -827 115 738 -478 -915 922 -760 -2200 -429 -482 228 -792 496 647 -548 823 516 -430 314 646 139 -196 483 120 -508 -699 -638 -216 -627 455 -847 -620 725 -204 116 1675 1072 -565 -452 116 885 286 387 -250 -876 -327 -455 1149 587 -28 745 -380 -226 493 761 787 -248 -88 -510 370 -1584 1090 -687 680 348 -1103 654 280 -1010 55 -84 -919 770 -512 506 -747 -392 -319 60 818 35 -47 270 12 407 244 
250 270 1211 -417 1351 -462 -1333 410 -42 516 328 -1273 474 1392 193 -388 -353 -444 -646 -385 563 975 -83 -777 -572 -164 937 1017 -528 -577 -328 -29 -240 1514 -392 -64 -360 1060 683 439 10 1249 -280 427 -764 -119 -445 1242 -641 535 -415 1229 -1162 -680 535 511 -860 -185 -333 634 88 710 -991 -279 108 76 338 -449 -563 -853 865 727 -276 -1539 231 183 226 -187 -1235 341 -536 -196 -1040 -910 -204 1269 395 545 421 -60 282 -92 361 418 287 765 1007 -143 -65 -1120 117 -962 -582 -602 461 57 271 -5 -796 -316 685 172 -52 -883 -207 353 722 85 -238 -713 -1244 351 -1116 -916 707 21 -586 -490 847 222 -475 378 272 64 -694 -828 -377 1096 402 1214 489 194 928 432 -1080 839 -35 385 -25 1007 -649 -1145 18 -462 796 417 -374 644 -547 -336 -62 -476 402 -505 -560 368 -88 636 939 -78 694 612 354 66 -118 -397 373 -281 -505 221 4 20 -36 415 174 373 -102 769 -49 -278 -587 -790 1665 1556 607 858 -371 455 645 -439 -704 1226 273 -733 689 -285 -287 -271 1377 -440 518 422 -81 -687 -363 395 -230 -390 -1114 -1115 772 -587 266 -564 -666 -164 374 -31 643 -510 -584 -68 -201 -541 106 748 69 1107 755 -143 28 955 530 559 792 -93 851 -1190 -1065 -573 359 192 -1213 -300 1000 550 101 -1273 227 429 8 817 40 -243 1169 -627 -781 1104 1410 -475 411 405 37 -224 302 1266 459 -454 -32 -726 517 1540 92 -85 -335 -462 621 -65 295 -148 83 1045 41 868 840 779 -615 735 -96 142 
465 147 -508 -479 281 1151 -140 1953 1095 277 -25 961 497 -516 287 -750 -492 548 -637 111 598 -236 -396 -243 168 81 698 553 151 356 23 558 -828 -684 -1012 355 -240 582 596 -659 59 40 -117 1188 -2 160 352 333 468 -106 726 446 130 -163 -6 267 -575 5 -1052 630 959 -877 -58 798 391 -461 -624 678 -540 688 112 -230 -7 343 -594 -202 1409 196 625 -342 258 288 -303 -33 -309 -546 -509 87 -230 -568 -767 -169 968 1047 -340 38 715 -1573 -238 -204 444 457 557 -509 -763 499 501 -952 -1451 681 725 -1036 -248 -121 -139 1363 441 1590 441 -686 799 74 -507 -133 106 43 -1160 -227 1322 264 -75 -523 588 177 450 535 -22 129 609 -28 645 38 610 -725 -610 1299 295 4 -674 399 -1119 -903 -1373 -578 517 1648 1342 -549 644 -52 -1209 442 64 672 101 166 -135 166 357 -867 429 1257 -513 495 1638 -999 86 341 573 -664 454 157 614 868 -1587 -907 59 -297 -847 -892 -435 417 -1169 -513 1083 458 16 457 107 -291 -3 -26 557 1006 406 385 -1007 317 76 1618 124 -574 -271 -942 -394 -265 -315 -406 -611 853 -6 328 901 1040 -229 139 1291 188 270 -255 465 562 -84 85 537 -575 -157 102 -428 -283 -649 -199 -652 155 345 968 -141 -996 360 -306 -68 347 12 77 -70 -634 407 504 31 -538 954 -391 -5 -785 1483 -152 -133 82 -695 -757 112 566 -30 -220 -448 -518 -309 -591 730 -600 -258 218 334 458 294 701 -597 -412 -386 -82 -483 1545 -334 -263 1323 -190 -210 -1224 -796 -820 
-30 702 226 -516 -533 1850 -426 503 598 534 388 -1056 464 887 -78 -378 -822 1342 714 390 190 -699 -1659 438 -1250 242 -189 -10 590 783 529 -76 -998 -283 542 367 280 101 541 -132 -1068 177 -25 627 -108 874 274 -330 -388 684 1988 -301 -310 491 96 -97 395 610 8 -831 -730 642 964 -798 -155 735 1091 688 473 -1217 110 -570 29 -697 -6 927 115 -121 632 526 1176 -804 -348 -1103 -310 -1074 -403 -251 -804 104 -744 442 26 705 -723 106 -1031 -392 387 -167 322 -296 643 549 1004 804 -132 301 436 -184 58 -510 -350 605 -509 328 64 563 1082 625 581 876 -689 -224 1574 140 -595 -680 894 -1658 -462 -249 -43 -20 351 269 881 -362 815 -372 1048 174 -113 -98 -1553 623 -1705 -91 -745 531 244 -19 -996 168 160 1168 -191 383 103 -162 -2282 -220 -340 103 -22 -344 967 -493 79 511 -717 1934 494 398 607 -821 -32 422 551 -1067 -47 970 -826 288 47 -799 -1485 -710 -432 -892 -609 -680 -161 -728 -521 856 311 623 830 388 -1153 554 213 -220 584 217 1256 -58 312 1937 374 276 -437 -917 554 -514 -399 -612 -1085 338 -1848 370 603 370 -548 -448 -266 367 36 139 -951 -569 251 70 -922 1294 606 45 548 -17 78 -187 1049 1308 -806 1070 -264 -156 962 -1487 -290 -1970 702 -1431 1698 -6 -374 -140 258 294 726 -698 -622 90 1053 140 1631 290 -1062 -559 -1253 -1027 240 207 609 -669 -309 -1007 393 -281 89 -326 382 -1476 139 -224 -8 808 -145 -1364 -330 902 1796 69 626 185 -1167 -387 551 469 
-85 639 496 -695 -382 -1107 997 -632 815 201 -594 -406 187 48 -11 35 -1025 665 996 389 134 -783 1122 -1188 -525 -139 406 260 -279 788 -248 648 341 391 -302 926 342 -345 -463 -1151 452 -116 793 1388 -5 315 462 -502 -565 368 -612 -277 1478 -1102 531 -1194 -596 -502 333 -45 180 493 -392 -536 1340 340 84 347 206 -160 462 11 462 781 412 -349 -392 -1069 41 -638 -1902 -678 678 -357 -37 411 490 -185 -1019 -396 1049 1238 -22 -935 -1173 -304 307 391 -182 276 467 -732 472 497 -573 73 841 -152 -875 -296 378 705 495 640 276 74 -1093 22 -410 -105 1237 656 1526 958 371 1187 -2 -908 -364 344 -720 -167 234 -201 -989 361 -1010 273 -123 786 423 -936 -388 349 -210 -1122 -946 327 -1280 -1140 53 200 -268 887 320 49 681 -844 -372 1208 366 -1523 953 869 128 148 -152 102 621 -7 -584 -724 -245 1265 187 -84 369 -435 -562 -523 -526 -753 -549 -1006 -544 158 487 -250 -789 288 -410 -211 -177 -782 282 -400 343 -196 494 24 -453 314 343 -616 335 -43 -637 1062 -279 844 -36 -1071 46 -198 -207 -380 834 1004 -42 476 -697 -363 -420 679 -345 306 -631 -306 692 -562 979 -603 -1011 3 544 -45 -299 -1404 -1062 -388 582 130 661 17 19 617 -124 252 264 156 -755 572 1105 -1208 542 624 65 -513 383 -44 1758 420 106 34 -1306 648 -146 809 469 -397 1500 362 871 -1612 752 476 -257 1753 451 1586 -71 747 103 -216 585 -611 -959 -522 657 -127 -396 -714 541 -84 -1249 -262 315 -1119 -804 1009 
-694 423 130 301 -204 43 -275 -515 390 629 -464 -38 -625 461 -230 83 -108 -721 284 433 -1185 110 22 -1028 -159 122 358 244 45 117 -328 -328 -987 12 511 952 -748 955 -88 561 -36 -433 911 -955 747 -256 1062 620 373 -265 444 346 -219 211 -1034 -297 1121 -2 311 -583 -408 -253 71 133 -2168 -595 -499 812 -30 -287 -794 1271 -898 -402 651 201 288 -290 -1458 1186 23 6 185 349 -508 660 1024 615 1041 -452 2118 -336 -372 -19 -454 -303 -347 663 -383 355 24 -665 -755 -448 -114 -962 935 314 -1 -697 -479 1143 814 589 673 -148 -305 -275 1100 329 394 -335 627 -428 810 -483 490 -1217 60 271 340 -1224 1055 -429 458 -215 -299 -447 22 -1299 -403 -936 83 -1258 -794 -82 -1117 368 785 -177 352 320 -62 552 392 -36 -1030 -1050 -156 600 354 -417 192 309 50 -244 -61 -873 847 212 -1010 -446 294 -611 -157 1133 804 -608 874 -293 189 -981 -76 32 676 -686 804 -131 -385 453 142 -653 830 -130 905 -449 153 -1889 182 249 1051 305 -139 -780 -73 1281 102 -133 -37 -1002 251 -749 311 -147 -379 -794 548 509 227 -532 -125 73 -571 870 430 32 -1109 317 -881 417 211 806 -242 444 1695 1438 648 -208 687 -513 -287 1176 156 -438 42 -22 -381 130 -344 67 -158 190 125 722 269 -443 362 71 -324 618 611 -568 15 1057 -1111 -640 201 253 -243 506 628 -264 -354 -651 782 -383 -39 -175 -107 -170 -599 -1009 382 68 1462 -604 -22 592 239 -576 -341 -792 413 -1441 513 -339 184 859 329 651 
-656 871 450 1378 92 550 52 703 681 492 -151 -604 -1184 -535 -944 -1182 -84 501 363 203 131 -744 -497 398 541 374 -520 -420 -197 -711 -267 -633 -31 -204 316 42 -398 -308 945 -153 137 522 -367 -114 -783 -559 -1292 1453 118 -13 -1450 -567 1 387 -679 118 -1020 426 -376 -632 -646 274 -340 -965 133 332 -621 -234 794 1323 298 -98 -1054 -1403 -921 96 -294 512 11 -1196 378 -416 -479 17 -388 595 555 213 -531 -649 -698 334 -987 -640 428 -530 -535 -162 -59 -33 94 554 -169 -398 -17 -329 316 -1160 275 -311 -176 -205 -509 791 -326 -983 764 15 -92 -328 -38 -58 -99 -384 -128 108 809 252 159 1071 -340 1155 -911 627 1245 -473 -44 212 -51 737 56 -450 -385 1462 -1357 -481 900 142 -1212 -618 -396 489 -40 229 194 474 -102 -71 277 -884 -934 566 -154 932 138 -32 -129 -180 -561 -1107 825 -708 -347 649 180 505 263 152 -17 764 166 -991 -112 949 -485 862 676 446 1136 172 -249 -36 -76 -684 -905 -232 -563 1917 -627 548 -527 722 -371 -642 -1581 -2100 453 121 -122 160 103 799 182 -967 206 617 -421 -38 207 -737 146 -612 446 -328 -962 38 171 -484 -183 -319 -719 -1380 11 -602 175 -616 558 184 -619 398 154 44 -106 -683 326 48 65 555 685 -214 -574 347 -1228 -453 -100 -1375 -454 826 -50 -200 -1370 79 361 259 683 -289 488 1374 -254 -3 1240 -923 722 372 340 -127 -851 -946 -558 -1168 630 1149 1073 -45 1189 -153 -1484 1077 -228 359 103 537 718 461 -479 -242 -337 877 36 368 
-65 192 41 -636 -435 437 110 889 218 329 58 156 -1187 829 -247 -102 406 -166 -764 -829 373 -368 285 -10 -260 702 -606 255 -35 52 22 544 1292 360 -566 718 384 -322 -20 408 328 -314 303 851 402 896 361 -295 -317 -124 -697 404 -159 -300 -488 44 693 -351 -785 -70 13 320 -751 -156 663 -164 -928 996 401 -80 207 683 215 888 -421 22 -239 1154 864 95 -1507 -1020 -330 1027 160 -1496 189 159 379 76 852 1089 431 461 384 904 701 -531 295 -872 -308 -150 807 -1404 -965 -521 1 -733 -1082 303 -728 281 970 450 -678 -63 371 -267 -109 -260 -390 271 -111 -137 -80 -945 -1291 1221 -243 605 -461 -376 623 156 232 636 -601 -605 442 783 -918 525 306 -615 -904 53 -746 -635 -868 -200 904 -354 563 -200 1039 603 0 1104 976 255 157 -1129 -98 1438 19 -105 -1140 626 -231 592 -241 950 54 156 312 690 -571 -222 1190 -58 156 -765 868 -54 1347 -202 376 -1032 -85 -447 -488 -908 591 937 402 -564 -6 -274 -381 -1212 -1064 -260 -86 577 895 298 -1186 332 410 -238 -509 -523 -232 -188 -376 985 -245 -61 936 -153 463 -240 -386 -170 -542 -41 496 964 109 1491 -483 132 -58 -609 345 882 -741 -505 122 -162 -422 1305 -732 610 -116 640 -633 36 380 -247 -655 1113 42 -289 726 -879 -921 -1350 -583 293 250 -1095 907 -727 -558 819 1652 -222 -481 -945 -506 156 679 -282 873 867 524 159 884 1164 350 133 406 3 -1141 -87 860 289 286 442 355 -517 354 622 -1114 -257 -1196 -176 777 -1360 
-126 -229 390 -528 -830 665 679 132 -505 -602 -414 -219 -1302 398 430 -1402 -22 403 288 534 -621 -162 145 251 -132 -63 117 143 717 496 1198 -440 426 -657 537 645 882 545 756 318 -707 -90 515 10 263 634 276 -471 128 -203 312 -1167 435 -563 10 -1210 440 -45 219 489 33 418 203 505 578 618 -262 1314 505 1469 -14 167 320 769 -174 -664 530 596 -189 578 -200 530 -666 -869 950 53 1069 -965 323 -499 410 739 -1668 -652 438 -352 290 -155 390 -529 -824 386 -608 -190 375 778 -482 -80 -268 148 -524 315 1115 869 373 -1834 667 464 542 623 606 168 1020 428 239 484 -849 226 -270 514 -234 992 -808 511 281 399 -680 649 -611 262 -102 -355 -775 -158 382 73 -366 289 474 53 -965 965 655 148 -441 464 -10 747 153 93 57 -735 -1518 -611 -312 102 182 952 1170 197 -149 -9 -646 -702 -431 15 -960 521 479 -123 -842 -666 -723 -222 41 419 -588 -976 694 -1192 953 128 818 -375 -144 -159 180 -186 -286 509 -828 -518 614 -130 -142 1250 -831 -546 -1134 -83 -360 182 -263 1009 -720 -631 -133 98 613 1146 -306 -514 1318 114 -1138 994 -1046 352 2045 16 -115 -672 -151 897 702 -1451 -156 458 -787 93 1224 189 649 539 -690 -126 -1066 -585 -487 356 -761 -185 488 106 -45 299 -224 869 458 -772 702 286 250 929 457 782 -805 395 -175 -59 605 519 -104 -446 -245 698 -1248 -36 -686 1040 -484 -790 108 -684 -812 73 -104 -3 278 109 510 -293 -963 491 -894 -582 88 160 -1426 -589 
-518 -68 366 73 192 254 -260 -969 585 171 -644 -29 -763 987 357 -170 659 381 -112 -268 -177 633 677 537 854 155 554 -822 598 325 59 778 327 -18 1160 1096 231 136 -774 -534 1261 -611 1268 591 339 386 -1728 220 860 -586 143 -291 1076 -1351 352 621 26 390 742 -564 -227 251 -741 642 156 479 472 26 -24 -499 -896 -612 -392 1999 -397 279 -568 477 -255 686 -336 719 1214 975 -191 887 -164 -538 -37 -284 -122 -613 -194 362 40 -17 648 -655 -392 323 799 -1086 198 701 -986 -386 -640 83 177 328 149 -1337 826 1012 583 -389 146 132 -430 529 205 -509 31 -1150 -299 -643 790 -745 -99 293 -586 -21 -786 94 -952 -207 -510 -842 -806 620 1415 1079 15 222 728 -1006 867 68 68 164 -1074 382 629 11 83 365 -399 -85 503 -79 -835 501 -128 473 -209 -147 292 -621 -391 559 -881 645 446 -10 -280 813 935 141 1028 1475 -62 -334 -1174 202 -317 414 -462 -636 73 57 -497 207 151 228 318 -315 77 706 -349 1102 -52 839 987 -104 -73 196 -629 52 -832 167 -39 -2068 160 1237 -1770 -1133 556 -602 -550 579 454 -735 -787 780 -41 293 -1479 -118 88 -102 1138 178 -1417 -357 746 769 -213 1510 -759 -248 -733 586 312 -213 1611 1104 -184 781 368 266 -25 -294 198 503 -263 128 -156 -636 254 762 399 -55 704 -210 83 453 238 291 633 -235 391 -499 -81 -444 609 647 -171 213 201 662 -178 506 -626 -610 -1325 -1206 247 841 339 170 -122 190 -871 146 301 916 -646 -153 -217 -437 
-349 374 -961 1011 1107 -28 121 952 278 -313 792 695 918 -1560 -460 236 119 1395 926 126 -1208 -854 195 739 -452 1095 -910 147 -1501 -467 130 -114 -89 849 720 -640 -1292 -502 1358 277 274 -245 386 47 660 -113 230 -419 -569 -339 -62 -52 577 -245 -289 -456 -195 -501 47 -910 338 -40 -275 -478 -246 -856 138 980 -138 -455 -9 -370 625 -778 621 -565 949 417 -239 -335 900 -215 -191 -430 -592 -250 -147 -656 83 1103 -451 336 -556 -1003 -1044 367 28 485 672 57 761 -455 924 637 618 1715 -209 296 1000 -187 -525 535 1061 -127 -269 -567 355 218 -16 -566 -478 711 -198 -332 -357 -1236 751 165 -118 275 524 -395 -294 1248 126 -61 266 -391 60 -524 391 328 261 -528 1018 -552 1641 194 -118 390 393 534 -865 65 29 181 -6 -876 -355 281 256 856 386 -508 265 -412 1021 -157 474 562 -874 381 -505 588 -293 5 447 -466 -199 -211 866 -76 -596 -1036 699 -429 632 -464 -1396 379 612 1668 255 733 -543 -1144 346 220 699 812 350 656 454 135 -1444 -404 1309 166 -528 -493 1052 4 234 -234 -282 1223 -132 -9 718 -457 833 -54 -79 -23 388 -5 -91 102 501 -174 183 -149 -9 -128 -85 53 -164 -100 628 -236 254 -696 -594 -595 -616 324 196 96 1011 -210 32 -1526 373 -665 -293 -87 874 572 -872 -1001 -190 1074 -672 -319 251 -1053 1017 23 -49 297 -167 506 121 454 -850 698 -426 718 536 -767 239 -703 627 -837 -67 14 -231 -388 -977 1117 920 -33 -415 320 135 -247 -84 320 549 41 
939 -282 -125 720 322 262 113 -360 358 47 285 -6 -502 154 132 398 29 766 105 131 1311 -220 155 38 386 636 320 740 258 102 -39 266 454 -277 480 707 502 -82 -202 433 772 -647 -186 -393 -54 -411 -457 -649 -771 -432 934 -258 -683 -439 662 509 -1367 -1298 24 317 218 631 725 -907 278 847 349 -211 -604 -587 -275 -613 1009 -496 461 -463 123 271 152 -202 958 592 139 -1068 -72 844 552 -390 719 630 54 832 1331 -743 -425 220 -206 785 392 -95 -465 200 634 651 113 299 -27 270 -267 251 745 -377 -1394 -39 394 414 -1068 -91 22 -648 -497 68 -296 -412 -869 -172 28 466 -193 260 1117 833 -345 194 555 -287 880 949 177 113 220 -75 -1111 439 -697 -189 -1125 192 -468 -504 83 -692 141 -79 -1210 1965 -738 844 -398 -115 297 -642 -399 -26 325 -88 468 745 -425 74 -47 -871 329 -54 -431 110 -96 -344 -1112 -289 358 117 -487 -384 518 -140 144 1051 650 263 -112 114 -213 -546 200 1587 -1430 104 443 847 -846 551 942 382 245 -469 -171 -468 -341 -96 -446 116 582 -713 631 777 -73 597 -744 -1129 -1010 -653 -379 -404 653 13 -410 -528 317 604 1287 780 236 604 950 -121 -400 372 -485 629 186 390 -351 618 92 1261 -117 242 525 -278 943 538 259 -1126 45 -261 686 -354 456 613 440 -748 22 901 -455 525 946 -270 232 -884 -440 763 6 562 627 -1243 -1111 -593 -941 -1163 28 -156 -180 -107 192 -1208 442 -95 -449 -133 1511 -313 141 -251 877 803 -403 189 -144 244 
944 670 795 365 272 158 -1916 -937 -271 -158 -689 38 -34 1023 390 571 560 -1479 1692 -560 247 -60 142 -104 486 -618 -170 -1065 -435 -94 -1380 -95 456 452 -525 114 97 511 -12 -238 -761 -633 1416 280 288 651 -670 -115 716 696 281 -207 -645 572 1908 811 226 105 687 299 651 -749 202 -708 -450 886 -581 -918 -258 -721 401 146 229 -53 -174 -852 146 574 694 702 -444 -255 137 324 708 673 -556 -496 10 -84 90 -117 435 523 -1207 668 1419 40 380 59 -521 -1030 -249 467 -954 -616 193 -264 337 -317 167 1026 -1432 634 -150 557 -933 547 -36 635 155 -547 -735 148 854 -321 -967 -851 -789 -64 90 316 -93 114 204 765 39 -196 -876 -807 849 -9 891 -124 -87 -282 822 -949 318 683 -650 457 -539 -242 -324 -318 -1708 414 -815 397 -729 264 -1066 -218 200 478 1062 -653 1192 1004 734 215 -151 -26 525 490 -335 -313 -575 1013 326 -24 1025 -749 -997 451 -482 -323 400 -1001 970 -614 1104 1235 -987 -14 691 -443 142 -587 261 -430 -467 -162 116 19 1152 653 128 -494 -746 227 940 -351 -204 169 41 -772 266 903 597 -45 50 -317 -62 879 -646 -296 -221 -376 -537 -269 -98 232 -750 554 -764 -237 -646 -969 -832 -333 305 372 100 101 557 191 222 -216 174 1446 -375 -966 -484 -156 539 -976 939 92 102 -994 313 117 253 416 -385 -142 596 -338 -160 1072 700 -292 413 -895 -746 -113 -1033 910 -469 955 39 503 -662 -478 975 888 -1190 -531 145 -1134 494 -586 1287 1445 195 601 495 455 
-803 1309 -1083 299 504 -808 34 1082 -366 196 724 361 549 -688 800 -194 1066 301 -110 -704 -409 -292 -550 -791 -94 714 652 -721 739 214 -236 -67 -933 -29 -319 -216 -359 358 313 589 840 -252 -921 -295 -146 -503 -1433 -607 638 -2146 -135 -346 557 357 148 -900 1258 -415 853 1158 -393 -66 969 532 -179 -1015 237 954 -385 408 -772 -690 241 907 -145 538 736 -611 -452 -673 572 -42 -220 -840 -654 206 311 703 -125 -739 214 323 327 620 734 1082 175 -1092 -981 -479 -41 -121 -36 529 107 -30 474 576 509 905 334 81 558 618 687 132 1319 723 -399 -202 902 -1292 34 -966 -725 -160 -343 -20 -313 -555 -530 32 1017 474 277 -98 -666 -444 -1528 899 -1064 -735 -556 168 439 -96 -386 -44 -1015 -654 421 754 54 -553 -397 75 -1692 -528 507 663 -209 -339 -354 768 -215 -871 -298 -93 1241 -841 -915 75 -416 -1298 168 197 -358 199 -229 -199 169 192 -790 200 -116 137 620 -439 138 -374 284 922 -576 -17 633 -1500 405 -971 0 -473 761 119 -124 -42 -354 -115 -239 656 -1371 -947 305 956 -419 240 -471 1094 -322 -857 1289 653 1004 -1894 -5 4 -454 -134 -69 -379 700 -566 435 -206 -29 -673 -440 -173 -543 -679 439 271 198 -1577 -115 -588 -607 -69 847 -238 3 -126 396 -961 -298 -235 84 482 413 167 488 -186 -178 -505 -125 171 162 -806 -1623 -874 -115 444 -777 322 -80 625 427 -839 -239 361 -387 -675 -175 -1135 350 141 -396 224 129 43 372 -266 410 -194 -91 396 164 -410 751 -1547 -337 767 
875 -1039 243 -108 -578 -1421 -217 -21 235 -165 -1237 154 -635 705 641 1087 -702 488 -184 -600 557 -339 -1084 78 1065 -1281 -240 214 -554 -1098 72 -47 1661 377 -480 -457 636 261 -93 27 -166 -445 -407 -247 1571 -514 -474 493 507 636 275 996 -370 -150 -918 -867 451 969 324 -20 -259 -6 -381 -224 301 281 344 166 256 161 477 1424 187 252 -1222 81 -1377 1097 -102 480 44 -280 -526 404 1265 197 163 -552 944 784 528 603 -99 277 1008 -185 449 907 -272 260 38 601 182 -169 -607 -202 -238 43 -843 96 -1050 921 658 914 -871 578 -573 318 847 -258 -265 267 347 293 -1263 -268 -352 -158 1137 -92 1038 242 -1342 141 -939 -25 576 -472 292 -225 -1012 -387 -655 -924 -167 -132 756 -327 464 -330 1107 854 -70 -806 -846 -223 -391 287 809 58 -880 457 1136 -463 286 644 604 -42 52 -1074 1 -738 866 -119 112 284 -774 480 225 157 -110 -354 545 356 -948 -167 -160 33 525 -645 -83 -18 -1461 -101 84 -58 768 207 -965 -1171 18 -60 -847 1159 -1135 -338 -934 1093 1 -346 -888 447 23 823 -127 363 770 -173 1062 -558 831 91 -178 -618 165 -479 475 -92 1277 272 604 -412 -178 707 329 -1311 141 704 70 -428 -660 403 -446 -544 436 880 293 247 -105 70 334 500 -250 12 -822 -71 -114 727 -374 10 -226 -1079 21 794 -1278 -356 1239 -924 145 -794 -239 -1347 455 437 -150 797 -294 -496 1181 977 -101 -760 45 486 -105 -823 -84 407 338 -1282 379 -479 627 -295 -1168 -501 -417 37 237 -1056 
1281 -188 725 -168 -1738 858 -144 -420 195 -416 335 -648 -134 263 -380 -99 -140 -319 -170 -590 -159 -136 -472 339 231 -687 -258 -490 -473 -385 -272 -55 -224 -738 72 -381 407 185 372 640 340 1003 -821 887 -842 65 106 -107 102 265 134 -182 -474 -46 419 -98 26 279 624 -284 -1036 -959 -624 1351 150 -796 -108 -967 -54 -630 319 111 -587 686 -607 521 806 -670 168 402 -284 392 315 -116 347 302 -884 -214 559 349 315 806 1143 -292 698 -389 -635 309 -805 -659 -612 -588 451 322 -159 -1486 -566 -609 615 88 -521 15 336 310 559 -138 -206 -668 417 752 398 -145 127 939 -495 205 985 418 -98 -1214 -1593 319 -1405 1055 -564 733 -670 632 -957 252 -203 60 -194 474 -730 -873 991 -566 -860 -342 -320 527 151 293 1180 -702 768 1285 498 375 76 -70 -542 -190 116 -525 -64 -276 -181 511 457 -383 153 -1072 -1019 -1217 -170 -673 -168 43 -188 -45 807 41 -381 756 -299 -362 18 -828 -836 -902 407 25 -282 -481 -565 163 109 1059 -37 618 370 273 445 -280 -75 -430 -553 -641 -653 58 570 767 830 11 702 -1388 -329 54 -137 -99 651 -26 -638 -405 885 -80 -126 209 273 754 58 -648 -966 558 -1060 -579 -74 -585 787 212 53 466 141 -780 29 47 506 527 -19 1101 -400 -364 225 587 -533 686 704 454 932 158 -565 -483 463 -100 536 66 -1092 274 -207 -368 549 284 -93 -19 417 373 -67 1373 776 1232 -1096 -624 -29 430 -237 -280 153 -367 -629 -1150 136 63 517 1171 490 647 -202 581 
-46 209 764 377 704 548 -340 156 1146 521 -771 -836 -604 -606 -151 -340 -645 -1326 -549 -856 -276 454 153 -672 967 -677 548 914 -107 -137 611 -319 -11 382 533 494 -1045 371 -484 352 -36 -385 410 -496 60 -529 -288 -605 -629 -866 -719 -39 208 433 25 778 734 -835 651 -123 501 400 -349 -40 -570 764 -141 -1076 128 -25 217 -232 1564 419 -71 -1001 -8 -973 360 419 -661 298 -146 319 -333 625 357 502 -795 795 291 1114 -364 -715 -202 406 661 335 -493 -202 0 31 -328 386 947 780 372 714 1027 -569 -265 963 -546 340 719 336 167 -240 -560 271 -126 -343 -788 -1192 216 583 -137 663 266 31 -361 219 565 -434 -241 675 44 743 31 455 647 -362 -549 457 -691 1374 -516 960 1270 177 -180 239 221 1032 -1037 95 -632 -137 1264 224 1189 1141 588 -181 -197 -440 -781 323 -688 1161 -100 -964 243 1267 468 -377 -195 -297 -9 963 -260 -138 347 -534 222 -524 -86 -129 -913 762 -522 602 429 221 -57 -993 -686 -431 -271 -924 -8 648 -1377 -777 -955 -263 827 36 752 627 676 183 575 126 235 -1812 -183 454 -237 11 690 -541 -731 -913 -566 -422 -589 -1083 209 -711 205 -287 -1140 104 678 -595 -276 652 89 -252 228 -48 -428 -55 -1102 -583 -485 -25 -627 -237 508 47 -116 -1046 -1104 162 121 -608 403 -259 1056 534 -304 -548 87 75 229 -402 251 -195 -614 519 -453 142 279 370 -751 -153 -34 909 316 -314 684 1226 -226 247 618 -691 632 -560 394 -1233 -10 -43 315 -640 809 711 320 -18 
-402 1049 604 134 155 548 -91 151 -1081 380 -298 -701 978 138 -500 221 -607 -1244 843 -692 -65 1238 591 1022 -200 -1107 969 30 -64 -231 927 -1508 109 229 -278 512 -126 392 -404 -197 299 -314 155 1052 407 -577 853 -712 1214 -413 1401 -25 -253 -441 1114 -227 -542 -660 585 -1024 291 -236 -301 60 261 -552 -336 45 769 42 -715 572 510 217 -865 -1104 -143 -600 -36 -446 -153 404 125 1146 856 -197 -90 202 174 466 36 197 204 -171 -432 464 -63 -703 -239 578 -756 156 -632 339 199 225 -460 819 -319 -342 -442 1212 -503 -355 609 753 -403 -113 445 303 601 811 403 436 -631 -826 -223 -876 899 -121 -20 -1408 -69 24 300 -67 -22 -408 -894 -45 -201 26 67 -308 -227 -4 912 -612 -755 443 287 -842 -1084 94 -34 281 -1141 507 108 772 154 354 -518 -157 305 973 -907 -1438 651 304 -932 560 -643 -5 -87 987 627 -214 -150 -379 783 291 196 388 154 -1148 -1926 -270 -630 -210 827 -167 396 535 0 -1011 486 -557 102 240 58 -476 -467 -827 1042 940 42 530 13 -408 492 -1421 -530 328 258 -143 -93 -1182 493 557 519 226 11 -488 39 -539 342 88 -491 -655 -841 571 27 382 -171 397 -428 -32 119 -316 -109 190 803 -666 176 -858 179 -134 -276 91 -1023 -449 -1066 -908 -62 766 49 305 -442 -632 -17 -304 -60 -285 749 -290 311 -260 120 779 -572 27 177 -1361 -86 -63 973 425 -398 278 -972 -67 1183 -49 -993 214 948 -127 232 364 -896 702 -680 -816 436 -85 -703 -975 -1112 391 
-1 -446 -1137 -499 31 521 44 -494 241 -50 -616 -476 -128 -669 -179 534 -538 -842 -48 437 297 -151 45 -119 -853 454 575 -177 -707 -587 127 619 1006 933 208 545 722 -33 394 -188 -16 379 -211 -59 -11 -262 266 401 -337 296 -1246 -35 -112 176 -112 756 430 -464 -794 246 933 674 1211 1189 649 -428 -182 -783 -360 76 1544 772 -146 -1169 -1414 -1081 -351 329 -702 215 -213 255 -84 157 -820 -436 -748 -674 192 1094 -917 364 1124 165 285 347 733 435 1232 -354 -635 2309 442 -22 30 265 359 -1481 -1382 264 -671 753 -245 402 -718 326 116 -858 686 -792 -1110 -332 -1293 133 193 568 -740 -87 143 -944 173 -260 476 -414 616 791 236 367 681 -546 -673 319 -1276 -893 -138 -1521 289 1093 -467 25 842 418 641 1303 -312 582 1192 512 35 -1194 -15 -896 -31 -139 -859 -386 -230 732 199 296 -1028 862 487 -300 904 -292 310 -1099 1003 -77 1082 -1059 601 -14 -241 -1147 445 566 530 -421 600 948 98 -309 -28 -491 385 -429 285 -1567 -1343 -506 158 -385 1374 38 433 8 764 735 662 -1065 408 -1046 755 324 -115 497 -270 -702 -445 -996 91 -312 1062 -776 -901 726 282 219 464 -1193 175 -605 -1356 351 -175 610 -582 351 -93 558 -75 287 384 586 380 400 -1169 178 -327 925 -70 -621 393 318 -35 680 925 138 -386 1130 942 966 -725 -234 554 -1101 355 -846 -62 -218 -20 136 62 -121 -164 494 -1118 -855 628 711 1054 1096 57 20 -333 456 50 692 284 -178 -63 -136 1629 502 -438 -637 -574 832 
-1876 -643 232 -188 -86 384 271 155 -295 752 -54 -435 -977 833 1413 716 -356 487 757 1372 -902 704 -6 836 251 606 209 -664 -1637 497 348 -883 163 665 1083 302 -502 326 -871 -1092 -996 -216 57 -955 441 -716 135 920 60 -4 309 -199 -595 66 -157 -216 21 298 7 -158 -126 70 -319 801 -261 -479 1174 151 -276 646 202 52 283 167 858 -376 -87 -248 917 280 203 227 -50 -133 521 -241 144 959 -306 393 -112 -293 -1677 -479 163 -829 -331 184 604 25 337 -1059 -448 408 -625 -449 -675 191 1034 1025 -316 657 272 815 297 743 624 -758 -17 62 1658 -23 486 1075 116 -267 -390 196 620 -266 1184 789 -627 -638 577 552 676 -65 737 222 -437 -833 -1093 -118 1176 -667 -130 -139 507 135 -369 -697 965 369 158 -142 366 -128 -592 -100 549 471 652 -701 51 1224 1325 11 681 22 154 14 351 -280 -1333 811 -386 726 15 -314 35 -470 -736 -101 622 643 -1675 508 -102 318 -108 -1334 935 -927 -743 644 -698 198 901 295 672 -689 -329 454 -490 445 -1227 128 503 267 170 711 -644 307 148 3 -619 -178 800 -822 -1098 -632 1049 753 -502 -18 -201 -198 373 -258 -914 -994 -67 1409 456 -296 470 -647 -1939 127 -344 -113 142 194 164 -1129 20 578 -311 1455 159 -1480 -816 1209 11 425 183 202 -960 276 -1547 850 -643 808 -508 56 477 721 328 292 537 -471 296 -1590 -24 -118 -666 -916 -1137 57 -175 144 -488 1097 466 -760 1208 492 210 -36 779 -613 -133 -761 -1402 238 349 -328 916 317 
-65 -543 -858 453 817 598 -203 562 -361 -304 -231 -39 -158 0 949 -347 23 -278 -750 823 74 676 -15 -654 -972 -694 632 1185 -755 44 1200 -149 602 210 -49 942 8 -59 1206 -1109 -628 -195 342 -648 616 -38 617 -238 133 -1001 77 259 -551 334 -241 341 -1066 321 -476 106 277 -69 -221 -1174 -984 -1121 -236 -247 -1014 736 354 93 58 -252 246 -2276 119 -247 -290 222 -402 -10 -445 665 1074 835 -20 -395 -85 -202 941 -565 197 -475 335 -321 -255 398 626 441 -574 -856 -12 -35 -116 -364 -105 615 407 -383 -631 -796 1096 -1269 -322 908 -194 -144 -387 -533 -609 57 -726 -899 -215 -190 -35 -219 -442 -298 -2 -395 22 -1125 -155 -680 86 -185 1247 -172 -1052 -249 -347 -1096 540 286 357 4 340 304 1339 -376 -601 756 -931 -157 -534 -977 -166 -930 383 217 700 621 207 388 -377 -110 -516 54 -1289 512 262 -373 -1041 17 -551 -921 -518 290 954 -1033 1155 717 -581 274 654 -185 778 173 -371 -497 278 411 840 168 488 -440 687 757 68 889 247 -1617 770 -882 686 -486 364 25 -1701 294 318 235 685 -112 636 -1372 829 -359 -207 190 -174 73 104 385 -738 103 263 -488 -355 191 -446 220 -291 659 1006 -103 -1021 -286 -134 -440 -838 617 166 -763 -111 -289 -654 1010 -245 -1004 -360 629 -5 -183 -428 -86 846 629 -486 614 -761 1379 10 319 -732 -211 33 -268 224 -1048 -485 65 -357 -489 -332 486 -98 -532 -1036 -560 -341 458 -536 -323 1300 27 -13 103 765 -424 -202 249 -110 -1483 -145 -24 -487 -505 
238 975 -357 70 -142 991 389 880 -1161 -307 -165 1221 -967 -810 558 -1805 25 440 -381 638 429 -1452 674 11 86 22 856 -669 -132 48 904 -400 -485 434 -452 187 891 -812 -1375 581 -779 -210 26 161 616 -826 338 -701 -26 -266 -178 -221 -603 -80 -152 -715 -171 -127 546 -507 456 113 1105 527 548 -1211 -468 485 -292 -125 -560 67 -152 873 -586 -124 -18 -891 368 -752 -29 517 -325 640 440 -136 -428 -484 -161 1363 -1440 517 901 -1391 -690 606 -122 -887 1285 -279 -367 1587 -466 612 -340 504 -200 -642 472 -345 34 888 -374 524 -491 -550 141 -557 -264 39 -562 101 1138 357 -1201 -400 -381 -573 -11 -19 492 -291 -411 430 786 -20 114 940 108 -375 -372 405 1021 -526 444 -601 -120 562 -718 366 -453 614 -433 -199 423 -1091 -761 -229 379 -118 388 604 -1660 401 -295 -411 837 317 883 -227 238 476 551 587 1019 -750 609 510 1144 1351 262 -35 617 -651 -159 665 -1129 -401 -147 -761 121 -130 -508 613 560 839 926 -134 -2031 1119 -934 -729 1117 1084 -594 772 651 -680 81 -851 -386 -757 -205 388 -103 600 -1146 -498 -502 -205 823 -843 -382 -260 481 -1213 41 785 231 503 1397 139 515 53 344 107 534 857 604 858 1809 195 590 619 -671 870 -1108 -216 546 325 407 17 940 267 548 -1071 -541 276 -374 -523 168 -1343 591 42 307 1063 -719 -1194 -530 281 52 775 1002 -609 -476 324 130 112 -645 -688 -44 1320 398 -542 -772 289 -942 -135 341 104 1163 -638 -451 188 -355 1552 -234 -936 -422 663 
15 -453 16 53 -278 665 732 -304 540 47 -930 -673 -219 809 137 -500 139 -1037 -432 -5 -499 1124 -772 -33 -784 -978 4 715 362 205 933 360 -11 863 114 1037 1340 -350 -1074 1218 -1058 257 1288 -640 322 -134 -90 981 523 39 192 -387 -395 1009 -206 -65 971 -99 185 -987 0 -84 8 -74 -763 -1151 757 -674 1469 19 742 1001 739 298 1128 -284 -268 -198 430 -1000 -1142 242 -39 749 -15 -11 -743 220 -928 395 537 456 410 362 240 -119 437 45 79 119 -986 1148 -716 -1286 -179 -49 374 -847 364 802 -102 -852 984 -1000 -963 -25 -1002 418 -497 455 -72 -1206 -709 696 -84 -501 -173 -1273 841 375 356 -194 745 -225 -65 465 -21 595 1021 -286 -1131 -1465 707 2 -65 -1078 -487 -86 -1122 1075 -545 24 931 705 806 533 665 -175 -693 -1113 -511 -84 39 84 -314 -240 -78 420 -1006 -365 -684 -520 326 -356 162 989 840 80 860 -51 6 -571 25 -525 -1117 738 -324 -977 672 -679 1214 -914 1161 -1302 296 -432 -131 307 -95 57 632 155 -70 718 539 -116 192 344 541 466 404 -659 554 -476 -608 -967 1265 -989 -764 -362 435 -433 -446 -570 1435 -257 415 107 -1266 -111 810 -583 76 -954 -612 398 -229 898 -430 869 1287 -215 370 29 48 -684 461 -392 -955 -112 1044 -632 53 -632 -847 1524 -49 -91 -341 -205 495 -73 43 478 315 173 -552 -509 -642 -387 466 -1469 -362 -251 -259 316 -673 1003 -127 -402 -607 23 -576 616 1127 -713 534 335 2109 -64 376 -66 399 -476 478 -655 -1648 -599 -1125 -625 
639 795 -943 129 1252 -1310 -235 70 -122 257 -492 1153 -868 -621 322 -455 -202 130 -479 -824 -1231 -313 -912 -422 421 -5 -49 403 167 709 449 808 -267 -31 -206 617 -342 912 -1396 -310 -1505 -454 1062 121 -159 468 -50 -133 -100 1151 58 -485 -9 743 1470 1253 -1855 -758 505 276 -205 192 1188 -139 -536 -449 -260 1107 299 -138 356 -178 438 -918 321 516 -1029 -753 1010 1209 300 -60 672 -334 -314 517 592 -13 1353 704 -2 1003 634 -136 -425 -619 -95 849 529 853 1584 829 -1866 317 -26 -239 43 236 -886 -800 -1383 69 498 -465 -28 1362 42 539 625 988 -1290 -141 312 906 893 622 -937 -1311 154 -555 -74 1999 -494 -89 -498 300 -385 561 -564 109 142 -152 838 -122 -504 -14 -816 554 356 -318 600 165 -201 -811 285 741 -1081 578 -102 563 -136 -443 803 308 221 -288 -1181 -430 -476 -302 -213 384 162 39 860 -660 -215 1126 680 -723 -537 -669 -520 -752 -444 226 27 -580 33 -1044 412 -440 -1372 376 1181 1369 1425 -210 -369 -476 -131 -737 -592 196 339 810 1448 683 135 482 279 664 -570 -1547 109 313 499 387 162 -41 -224 -92 18 998 -6 -495 258 200 384 911 442 -417 395 581 -97 -177 385 -15 -227 1612 121 -227 319 -145 323 344 -134 -154 -662 -222 424 636 608 -823 1322 -213 -939 386 351 505 713 638 -460 233 152 131 181 323 374 -687 -167 511 -538 510 -963 -143 -98 263 817 -421 -1023 -450 229 290 -1202 -1664 -919 -292 -943 -39 1006 -758 327 -673 144 7 780 -355 -91 1043 
-381 -370 -1260 -90 -790 720 550 549 -1084 -860 -302 399 890 -631 191 596 -524 -246 251 210 267 -1045 -1 -446 -149 660 312 -263 1760 -351 281 -218 36 -282 -1330 -1176 617 -337 -2 -27 -404 -569 -1184 457 -285 775 -315 -108 -711 397 1390 423 205 -10 177 -1500 -358 1307 -297 1188 142 -351 35 595 -133 -165 433 606 1125 -222 698 604 589 -947 266 -299 -372 -631 -270 -1098 609 414 -440 -787 205 382 -419 -895 -39 504 149 -377 -803 135 -731 21 572 -418 773 -542 992 72 -81 405 -276 1408 571 -1076 449 -9 985 167 -84 157 -691 -1036 -654 524 -568 -232 -132 528 -8 -19 138 362 -770 -1623 -1533 733 632 -1422 -400 1719 -981 -192 -487 992 -35 -2034 326 331 857 -480 -158 189 207 -14 947 242 -1064 -470 -2101 -310 984 -59 82 962 -314 -799 -315 755 -604 -228 302 423 58 866 969 -907 -475 -654 -509 474 568 383 998 424 1145 -38 -371 -425 490 -79 -1045 -438 -403 105 280 -356 413 -1441 4 484 1090 -209 -192 -84 59 338 -726 -740 163 1 721 -210 -196 -563 331 553 -447 -447 686 -1302 -873 1088 92 -765 -938 615 103 553 -31 742 -2032 1041 -491 -511 939 546 1184 -1554 368 7 718 -441 -1669 819 -527 260 627 -118 -291 -1152 769 504 -177 -764 570 -209 435 347 -170 -1437 65 -349 291 -1347 936 -520 -488 -311 -308 64 196 1086 -155 -388 707 -1197 -370 -25 -26 433 -1258 -79 328 -339 -9 -474 238 906 2080 -593 -939 462 125 399 153 82 805 122 -528 782 1417 -492 -1732 -1 155 -397 
486 -587 273 325 742 -205 1297 -73 512 -636 26 51 -846 123 722 224 -274 13 720 377 -131 -168 208 793 -786 1260 1162 2297 339 -1072 472 451 98 94 -221 1266 428 -145 -271 -61 -387 6 -274 12 766 150 1095 -33 467 3 283 219 -960 618 -428 -135 61 1070 782 -185 54 673 50 18 -39 -1170 -7 -965 45 -872 871 540 -445 -155 -1713 689 -273 -923 1567 -5 815 14 -365 198 360 -240 522 406 104 -1184 282 1015 -348 859 648 80 298 -165 -506 -360 -9 890 -953 -899 652 -121 652 -625 161 -413 198 1336 508 -288 -49 197 421 484 229 140 1172 50 -287 684 48 236 -174 174 13 -839 -65 -1130 -638 -433 530 -307 -115 -125 994 -398 163 407 -14 -239 718 -13 879 132 -975 672 -489 854 318 297 1373 1414 291 790 396 1079 -15 -44 507 232 493 777 -545 377 -359 1638 684 403 264 -679 -405 -226 192 941 239 457 140 812 606 1219 728 269 -443 -958 -325 -1336 -853 820 -373 -332 927 -89 802 -892 -348 477 -1068 -835 -347 -524 969 829 -212 -630 -65 -194 366 -262 -252 -433 631 -746 -278 -85 -65 -359 -956 243 629 10 334 -1109 -1049 166 467 -654 -75 592 399 -382 700 490 93 283 110 -687 -550 -837 -236 -171 -64 280 343 1015 784 -146 -1340 99 -182 -591 -118 -34 -952 -97 152 684 -178 833 -641 1195 -156 -643 727 178 928 -40 -104 -741 147 679 195 -102 841 71 320 -673 -1054 312 -517 42 -907 -1197 286 -28 976 66 628 -169 -488 -159 -475 -285 -1424 -618 791 388 
137 -1549 -783 169 -1288 -600 357 -473 122 156 339 -488 -788 -754 459 13 -291 -139 307 317 -275 153 915 -279 227 413 266 116 -428 -372 -638 486 -720 -51 58 -157 -560 -615 -38 -6 835 146 -559 -582 -334 -825 322 480 -381 -383 -917 256 898 -56 -213 -846 569 -631 -748 -255 474 1906 -373 -38 -2 -228 -691 301 -188 -500 599 -316 -350 -61 -789 -637 -481 -1626 -269 -282 -416 -70 399 271 127 -793 689 -87 -614 -22 657 -655 -888 236 222 -795 -77 -216 558 -676 -1546 -112 -765 409 774 -426 1059 -975 346 497 -940 542 -2 1007 -717 332 1148 -417 -859 -1246 -696 -609 -465 61 412 316 1193 -106 -247 -221 426 -852 473 156 37 -584 -271 -584 -207 -488 441 651 64 572 296 -449 48 622 -240 -74 478 100 967 -263 336 -423 -205 -157 -484 1104 -325 100 -339 52 -141 -527 268 854 1233 403 196 -289 723 -13 399 -248 345 -609 -457 355 132 46 -592 115 74 -413 826 514 223 1045 -556 1186 110 -524 -1190 187 1474 800 -664 -188 459 -769 -559 -92 409 -381 -998 225 132 481 216 -939 -418 794 574 85 298 -295 -77 158 -777 -825 -234 -615 529 -138 1334 -261 1130 -881 333 398 -385 801 -749 893 476 163 -321 303 -31 364 -718 -905 -215 -426 517 1825 -1049 -267 300 159 -102 121 -414 960 508 735 -513 -572 -604 240 1088 -409 -766 -243 -1293 -33 555 -773 1646 -117 154 115 -32 606 97 1064 -740 -653 -411 304 -5 -151 1083 -172 -192 -371 429 511 -584 456 -373 679 -1062 -123 318 -1280 1162 285 
1173 718 -535 1195 -187 -639 -412 97 -3 -641 97 -191 679 -858 -1157 -1276 -165 1100 803 498 -939 163 -443 -784 -183 82 -187 -347 -630 1145 1727 934 212 -403 -411 -345 -930 -258 -829 752 -1383 -1161 -403 369 70 -402 354 -482 -705 -100 1654 677 182 -586 -8 42 -130 -472 233 -355 -354 1132 -899 234 36 -664 465 -631 572 227 308 -611 351 -206 -436 262 776 -1010 1132 -700 -291 -554 -921 -1023 -357 -1186 -159 839 280 276 -102 1354 1480 -9 -1244 -116 -142 823 279 852 1498 540 421 -293 547 -499 1054 485 -913 -224 -727 90 -343 63 374 183 -153 649 -901 -1008 -780 407 1014 350 -277 790 1088 -892 1055 -994 310 -433 891 301 -192 -687 22 -155 -343 -613 -354 -811 586 268 675 -22 341 -253 405 345 1477 23 -1477 56 -94 373 -278 -1014 102 1238 -223 -380 -682 -1069 305 -123 1189 -525 439 1336 -298 351 543 -136 -136 -1077 -602 34 -308 -231 -860 572 -547 87 19 -789 -226 588 -257 0 -169 394 47 -939 1233 -626 391 -1113 -160 -1251 -332 -474 501 1795 156 145 88 727 -248 327 1126 365 -402 -1205 582 890 234 -299 -910 -179 -61 10 -741 78 -842 -430 474 756 -175 -590 1144 -1000 -665 66 -537 -217 1511 -243 -490 -371 -112 -686 567 -332 -341 -1091 277 1680 225 -51 -490 360 1453 -109 800 22 -977 -63 -851 -1027 960 540 -723 738 -847 -372 -802 707 345 347 374 -248 587 243 34 291 804 -191 874 -279 -194 538 594 734 58 -519 -191 697 13 305 619 504 460 -611 178 885 791 -501 1 -343 
248 -733 -152 570 -26 302 -44 -625 -29 -396 569 98 950 503 169 92 1480 304 89 -445 -955 571 406 424 364 -819 -733 584 -1684 696 126 195 215 454 651 208 -111 327 -419 -944 -644 -882 378 184 -317 907 384 269 446 1009 20 -932 922 -198 2278 -1442 472 -258 25 -411 -906 505 -372 -108 -788 642 -707 -380 -212 -208 -667 -323 -253 850 -387 -202 -885 1089 357 114 -454 -1202 570 796 348 903 164 -898 -361 -650 808 -1001 -552 -535 153 -765 454 953 598 159 -1361 1050 79 172 85 -556 -76 -446 16 -641 105 -308 -240 362 351 334 632 1008 187 -976 -630 -413 92 650 235 -215 1066 -1684 900 477 -701 628 625 -92 -394 -387 -885 -1728 -1173 -930 1745 330 773 -111 -528 -796 1076 268 612 129 840 581 -1257 -1275 1494 -293 -764 -357 -1109 1505 129 -69 188 449 443 -1228 -74 -442 219 -198 -826 -697 279 -284 -363 -757 48 601 -687 -1083 929 1085 182 -318 -815 -10 246 979 -485 680 -202 266 -367 837 673 -33 784 -36 -119 -370 -254 227 1098 72 1047 225 -458 -197 -506 322 366 -984 -346 -404 1111 -652 218 557 -210 668 -98 647 251 -38 275 268 40 688 -790 695 -21 393 -302 -700 -1063 -188 -214 -352 -1105 -1099 -52 -242 26 -653 -421 563 1376 -207 -858 310 -873 -630 828 149 279 -1415 -574 609 397 219 777 -105 662 124 -708 241 -1131 -119 -79 -376 467 1146 -253 -625 268 539 833 8 1279 7 141 93 -932 -480 -372 -875 976 -245 -126 269 -292 28 -1100 -60 68 948 1089 614 -843 592 
442 425 485 -513 -23 464 -852 -520 -664 557 -146 249 220 -520 301 -297 166 454 -268 -848 -696 609 166 12 901 -271 824 -327 321 -722 16 -663 -330 -313 -736 -1067 -1004 241 -1902 19 660 -860 1214 -425 641 149 634 517 -245 1176 539 359 -927 901 472 190 591 -61 261 -31 1090 -786 29 590 773 727 -95 -445 96 -211 -139 -706 32 -53 -462 -171 676 634 733 -1421 -1136 -179 1033 -516 1022 1232 -482 82 -1255 -1 10 393 -557 893 144 175 -1017 -1112 -1093 469 -442 -299 710 410 383 386 -111 -164 889 -1751 -112 242 1038 -411 219 -696 -157 -1261 -907 -712 341 -1037 142 293 412 148 371 181 450 -285 -76 -706 866 -159 476 1359 802 -1071 674 -860 1305 -122 158 -1150 163 20 300 547 -932 -376 225 -373 -39 280 -442 1378 321 -888 301 720 -150 85 -78 16 32 -749 647 -28 -255 64 1025 -1164 -125 744 -262 -499 -711 748 -535 714 294 335 -518 -150 -839 -1122 -1132 -728 682 -1748 -61 365 241 -954 200 142 921 1099 883 -110 -328 305 52 786 -758 -439 283 -379 -184 820 413 -279 746 676 440 -1433 192 328 -643 359 109 -1224 388 -861 -478 -898 2 -44 -458 717 1212 -1151 338 473 -94 -7 -450 -9 -180 193 278 -412 -139 217 -1057 -234 -1655 739 200 -1588 716 -232 -216 421 -921 -361 1084 612 216 -595 113 162 337 -1163 -503 1260 475 760 54 -567 513 127 -346 687 -1660 499 -443 960 768 1176 476 -198 -836 -134 -320 367 490 159 201 -640 -880 -145 -190 -40 264 1105 770 -102 406 -345 
-158 -80 -143 215 1519 -906 -334 233 -953 -664 -53 586 -183 76 346 -617 -202 155 332 -295 -42 1091 -1447 -1154 177 328 -1700 461 -416 -153 346 75 1104 421 -238 -113 39 -9 -111 807 59 -478 806 -151 -117 518 -164 18 -197 -179 -33 -50 -1226 -321 -1027 588 381 329 154 -390 999 -1308 -64 -644 -497 -810 -1035 -819 -166 -146 -391 -967 -281 1140 883 1168 -176 1016 -110 410 11 -38 182 -208 972 -115 -911 85 -949 393 585 409 -574 795 -213 -191 523 -336 447 -79 646 -733 -66 -317 -168 554 -1034 -670 47 -307 -603 -483 677 -671 184 -101 -634 -592 84 990 430 -195 -215 887 495 -16 -828 -254 -490 -280 -325 -266 -48 -38 -1273 -197 602 -599 493 741 -122 1132 -507 -807 1173 1141 -54 -224 -546 800 -12 -79 402 -1105 -649 194 -672 -956 525 -148 786 -574 611 -11 -328 512 -162 819 383 64 -169 -309 173 518 112 389 -588 573 -939 -326 399 626 331 300 808 31 141 -402 -693 -561 -329 502 143 -1131 70 -192 1326 256 -160 444 977 842 -335 -1203 -796 294 908 -39 -505 -597 35 -82 -115 -99 114 360 -261 -1708 571 -658 -903 108 724 -165 -494 -1390 -162 -218 -675 -246 -559 493 649 -352 -1116 -920 402 -399 913 -238 492 -445 -662 446 -1286 -145 473 137 416 -449 -50 -1111 -226 283 -767 210 718 -17 -61 -1430 157 -199 -1084 64 923 -351 -377 -440 548 1159 -335 386 -752 973 -1453 368 -305 249 -51 -934 -885 30 835 85 290 11 -614 -104 -70 1602 870 -278 -581 -665 -302 -896 1470 183 -681 -1643 
735 -128 702 1105 -1443 -1238 -240 61 1355 -210 -1001 -420 -273 -1006 -171 -730 -813 -1280 299 156 -786 -105 -1245 -520 322 1440 -1098 566 2 -16 1178 -495 -757 927 1324 896 625 305 1343 10 -345 -846 290 518 932 1 -147 -5 -498 632 314 409 282 322 117 346 1324 639 1285 153 495 -212 -215 455 -679 217 -245 -171 -978 -269 -463 -70 469 438 628 348 -818 -487 -600 168 -59 565 576 871 -61 430 332 -127 26 -850 608 548 294 -66 -690 -477 1108 -147 688 -563 551 -745 28 -1021 -973 3 -937 -576 -22 -1103 -497 -804 1979 140 -401 -10 -395 265 632 -173 875 1398 -139 -528 465 -580 549 349 121 500 -198 -1435 -1109 504 -626 193 -192 1279 -720 565 207 1370 -110 857 825 582 -628 250 98 -1038 -91 747 926 783 390 -693 712 350 491 967 293 -1140 -665 228 -1019 790 1046 349 1432 983 -219 -32 -600 -1094 -754 757 250 -76 -1155 -512 -362 228 -440 170 505 473 131 138 -1277 -698 -616 -92 965 75 -291 -651 1384 -1103 1102 952 461 1935 287 -243 -24 640 983 571 -1619 -1095 707 -626 354 -607 -472 808 -426 -5 955 -695 262 -583 593 -162 751 -249 -1058 -70 -316 78 -1055 -132 -439 -533 711 286 1323 1023 875 -146 -252 -531 -365 297 -881 -181 581 -571 -348 -829 53 -969 462 215 -216 -69 305 -1489 -666 -456 114 321 387 -214 1489 466 1007 207 -668 813 -198 -57 1080 289 -57 360 846 461 674 -943 293 153 -212 566 247 423 345 -512 67 -151 -478 -1301 30 -833 -26 -202 -326 825 -489 -538 
-1204 -457 271 -519 -72 690 124 -591 267 -194 185 -324 -644 592 671 -4 1410 -88 77 -63 -14 -1149 863 -1078 -323 558 -124 410 -17 -62 1377 278 -476 283 629 488 -470 -350 -700 1510 -148 -126 279 1 207 -879 -1382 372 695 -250 85 -282 676 -730 165 501 662 -190 -193 561 -1218 -767 301 -70 13 -481 598 74 -544 302 738 849 893 1040 51 -513 -125 -175 664 927 -542 -224 234 -801 -323 -235 -393 1477 -116 467 355 136 257 -153 264 446 288 317 -711 588 -30 -292 600 67 -225 274 666 882 -862 428 -111 28 -93 -423 -177 -270 -556 -17 448 1008 802 885 137 -633 -1034 -427 1136 69 307 159 85 -613 -245 -266 -1 -49 166 665 95 -1493 645 -52 307 95 -275 434 180 100 -142 1055 -661 227 192 266 409 -996 -449 403 146 -156 -925 1182 -601 -56 -874 -669 290 -893 138 -564 709 -881 -626 880 1086 -181 -195 341 -892 291 -845 376 445 985 337 366 24 -1270 -306 84 407 674 63 844 -608 278 731 467 224 349 728 -674 -455 1248 -258 -120 500 174 490 -428 -28 644 213 440 -255 571 -187 400 906 -427 1351 182 696 -359 225 -384 1558 -785 274 1117 481 -617 1145 1255 239 -618 764 195 521 799 1235 -35 -431 -381 -284 1111 -1615 -259 118 -741 708 360 -914 -492 -47 1077 133 13 213 -974 265 -382 208 721 -469 1447 -1064 606 -714 276 -1058 -310 457 234 -985 -682 -1357 -84 -655 301 445 212 -563 142 260 95 234 1605 -1431 -792 -1075 -9 -277 -457 475 -381 -358 -1724 -1176 -36 
58 -982 -1710 57 159 519 -54 -108 -426 -203 -640 179 832 1270 -108 329 -482 454 500 157 611 225 228 -209 -680 206 462 -353 542 -640 884 323 -1114 -178 72 90 1022 -160 -147 -234 389 -818 -56 -559 65 35 -29 -457 -21 148 -886 -808 111 129 -382 200 314 773 1400 -383 -439 932 312 115 -150 -1338 901 743 1088 471 -390 700 -125 761 369 2147 330 1058 -214 -640 -940 780 -500 -387 1117 343 -710 -1112 -712 1681 -607 -452 569 -393 -165 -643 -284 -3 -185 -723 -673 -323 -141 -430 -263 -190 -70 431 -224 -144 528 511 -496 -546 -561 147 -562 828 -43 -737 -275 -313 -188 489 -120 -487 607 -26 778 502 -679 440 -272 -110 -660 241 320 -313 -521 -1034 590 730 486 -1146 889 113 1285 150 803 570 -306 185 294 -334 -525 -899 403 -745 448 743 696 323 -450 1090 -1299 559 -66 -347 913 -741 871 -514 1204 -454 -857 -792 469 946 130 -348 393 541 580 310 822 613 -847 1079 -34 -242 532 1052 7 189 -468 1303 -1174 529 288 138 395 -25 67 -390 -415 -260 -932 447 -729 173 -842 -145 547 -361 1431 97 194 -502 -298 -437 878 -4 -51 -808 431 -851 948 -635 558 -83 -61 -211 1272 -510 -346 -264 503 -796 1148 -84 647 -288 1453 -485 -33 -882 435 371 406 436 547 -970 -592 287 618 -479 142 -7 -162 1000 739 -497 -126 -120 -370 -198 -150 -714 -1105 57 -611 512 499 -114 -938 192 -171 -125 -1129 53 213 -1192 -353 -53 527 -536 -85 -336 -1176 -450 -143 -593 -31 735 -326 -554 829 -37 -167 -28 
-1424 -67 -382 349 1113 -658 237 230 102 742 -234 -648 -1315 167 47 238 1015 55 895 -484 -233 732 -578 -595 359 -363 -545 -707 426 695 -186 884 530 950 443 880 254 -864 -322 1525 272 242 -442 -668 -656 115 34 50 -122 350 263 814 610 -429 -214 551 429 -80 -424 -110 568 -212 -1253 -820 -2529 218 113 63 -404 -1182 -578 15 -504 984 1020 977 -865 91 -64 -135 1792 113 1489 436 -1004 879 -329 810 1135 -380 86 -697 821 -193 20 -329 57 -314 -566 286 1408 185 -784 176 -357 -121 21 193 264 -229 -571 -903 926 -77 109 790 175 912 -726 601 594 90 -141 673 599 -128 813 155 751 16 841 -87 -63 436 76 -676 294 -577 1389 776 -177 171 697 18 64 520 117 9 -501 111 -732 118 1249 315 -739 -543 -223 -460 560 -70 211 702 76 448 250 706 -110 9 292 513 -761 -616 408 -220 -358 622 -1200 -1242 -643 -518 -165 -136 -1023 -748 -238 964 -401 -524 -88 -706 -1477 673 1292 972 779 -684 -354 -368 22 -337 -33 663 370 -88 -913 -19 310 -1317 300 541 -54 -512 -132 -338 -1547 378 998 627 406 -322 -13 -189 -139 -292 1468 -561 -291 411 -1063 1580 -291 418 -334 -222 84 356 126 -351 -657 884 -230 -254 24 -87 -828 944 28 -528 -240 -315 720 -800 -232 350 475 -655 -528 185 -237 838 -805 189 800 222 1089 651 -1034 863 696 171 -1050 1398 190 -82 -62 -131 387 -466 2 645 56 1198 -467 18 494 -541 673 -519 895 -752 1348 -636 -201 1296 228 979 -696 712 797 52 
635 553 -969 353 23 -50 -268 -448 -316 -138 1135 -688 367 1415 -371 -579 224 294 -1442 -630 437 -1084 359 -232 148 216 -120 482 61 1692 -169 421 82 -737 1032 626 257 303 -121 452 -124 11 589 -50 807 -589 -9 -159 1776 -1440 24 1034 -424 1108 -361 591 -224 -962 -244 -428 325 418 119 -451 -486 -1098 855 -855 -874 -470 -371 -311 -391 72 253 -798 692 228 -217 263 -10 -508 -133 -577 18 472 -216 689 509 471 -382 -196 257 685 -479 818 -307 203 -321 553 184 1481 411 -48 -739 -631 525 -71 -46 -74 -154 998 215 979 632 622 -222 396 -786 15 -568 -219 -211 31 -35 190 640 -602 -1020 -613 214 -173 -604 -1636 1231 157 671 -830 1045 476 -343 -954 -259 92 10 620 -459 -91 -152 610 -144 27 -669 810 672 -403 26 932 372 -666 -105 788 772 -256 -72 175 -440 406 -1097 828 -439 663 -1122 1061 416 136 -115 -334 -199 520 1243 -270 -108 877 1079 159 -909 -38 266 239 -557 1488 -795 33 1209 -613 -79 -721 1608 -323 -143 677 670 -640 307 163 701 -526 928 188 419 541 528 -6 260 -618 1191 -110 113 870 626 -353 -316 -89 400 -697 583 678 -91 1203 635 963 982 -503 -662 558 -134 -1642 -413 -223 -404 391 103 -553 776 -548 511 -114 886 26 319 -103 -193 -321 -891 268 -863 -1210 466 -666 149 -60 -1011 -653 -1135 22 -905 193 -1182 141 -666 63 -202 91 -162 -2238 -903 -376 104 16 515 89 334 534 -841 -245 769 49 -195 -133 -327 1288 842 -527 608 465 -84 -336 397 461 
663 -415 -180 1531 -468 -213 -570 -860 -620 -442 -535 -499 -1487 177 583 302 358 208 588 -713 946 -1608 -1292 333 332 88 -387 -1189 -807 336 -1579 -1364 -575 380 -54 -337 -56 -649 326 -859 276 234 -735 -941 -1643 318 1107 -870 269 499 69 171 -953 505 560 -901 -21 176 636 760 -909 57 571 -306 -907 -278 104 613 -551 1327 -785 -642 -1416 289 -59 -341 -374 -239 -420 327 535 -389 77 -203 725 -604 -97 -256 -326 -600 435 -711 -304 -555 1450 -32 -738 -282 -39 667 -476 392 -454 -671 44 -75 -253 745 -692 620 -189 302 886 326 -1284 -536 -241 -11 406 202 420 409 -376 371 278 843 402 284 -834 -173 193 243 -378 1063 -1129 9 229 -365 111 -172 1200 -99 295 114 -119 1163 -807 1173 -275 875 278 -407 -149 -136 743 -1022 -753 -324 1124 485 -320 -404 -129 218 -676 -163 -497 121 -1007 -475 -448 70 -603 -563 345 579 -487 -114 -400 -244 -621 362 1490 194 466 -378 369 155 950 146 -5 -828 -164 195 -336 740 -60 -600 460 -286 336 -240 657 -147 1151 391 367 -1124 423 -912 -1059 246 106 -436 1149 -408 -539 -647 426 757 -366 -614 704 -707 -814 612 166 -95 -32 -268 -533 681 485 34 -406 692 1000 -340 -178 -927 422 1161 -246 1023 841 131 -1038 -376 511 -161 17 -493 326 586 446 -280 43 -486 -87 644 994 -497 518 145 406 1736 264 -45 -738 446 -183 -453 -642 319 -365 205 320 529 -352 137 541 -701 236 -198 -57 -330 -122 566 408 143 -761 -703 246 -312 645 -238 871 -29 -897 275 
452 -477 -196 -83 84 1222 79 -575 -1105 800 -386 -161 -69 847 689 -566 -409 -514 -98 346 540 1181 -1030 -723 466 401 -389 -387 -540 457 485 469 -390 607 -223 -149 64 558 -81 149 -130 -371 864 609 662 -243 -614 700 436 39 817 -301 44 129 436 222 -522 -797 1041 -832 584 192 394 -313 57 314 936 -36 -290 63 222 -56 -410 -230 -1090 -860 -367 1038 -88 638 190 -85 -387 -620 -776 -214 374 -120 632 -395 -36 409 1550 402 75 -298 1449 88 -714 -762 1270 1167 1089 72 -621 -179 -409 -490 301 -1110 692 -441 -68 333 21 -519 238 45 829 -565 -392 87 -191 75 1104 -219 1396 -1175 -344 74 -586 794 -491 -1183 457 -375 91 -1659 1172 49 192 -84 -887 -1080 1205 -466 597 378 -277 -353 -142 -217 -76 -265 314 668 436 -1018 46 -679 1293 -950 895 -520 600 250 -273 -50 385 850 278 128 -306 -378 -1265 -1104 -48 -546 86 496 -23 1469 -492 308 1131 -452 -6 -548 10 812 938 194 -981 38 1269 157 -352 -1174 40 439 -780 207 1138 -1006 -75 2010 46 1717 12 213 948 940 -544 208 -488 74 -212 872 -629 40 -1458 1464 -721 681 -42 -1444 -707 -542 -782 660 -153 340 513 -287 -987 -322 871 13 -433 144 133 -583 251 940 905 -138 1468 -442 -287 1009 -653 359 725 413 464 -231 673 -74 608 156 607 740 -1024 520 -1676 -827 -932 398 -565 581 304 292 -695 -843 1398 188 -116 -68 18 -78 -570 170 -1053 -237 -777 -1021 350 -46 -1278 431 227 704 -582 204 358 562 675 107 -779 -377 
1315 51 -409 -63 -257 44 483 -143 930 -291 -373 775 834 502 -600 -410 89 -842 307 -303 52 -76 345 272 -1549 748 764 58 -117 1173 553 186 -491 -33 -604 918 708 148 344 -1025 98 830 185 613 399 -594 446 -440 10 -203 -458 459 301 1293 586 844 405 388 1029 -319 -333 1740 381 -313 383 -948 -21 -33 -11 -1185 -573 -594 -27 -402 -426 873 -517 -601 361 -190 997 -532 54 -65 -451 -741 -202 -475 713 575 -35 497 548 464 -215 499 -615 -1278 680 -174 608 -105 858 -710 -566 222 2 -915 184 -464 320 611 866 -1095 276 227 246 -86 -759 137 649 -417 -361 -1343 -348 -932 616 -820 -274 500 -344 259 172 14 629 53 825 -652 -367 558 -817 -289 371 -330 7 -1353 476 168 -82 -348 945 248 -166 324 -770 -520 -303 -180 419 -127 -344 -587 328 -64 104 732 589 -309 49 355 -215 144 189 1015 -428 -227 -749 -617 1165 -389 -609 628 292 391 958 236 -134 436 835 -142 315 -209 -294 469 -377 569 741 -77 -1144 632 -819 938 1205 -767 193 274 198 -298 530 -1052 -328 -644 56 -787 554 852 -904 965 -77 -891 60 -928 -1524 -410 697 102 -1342 905 -4 392 -992 1210 1230 170 -559 1240 243 -938 603 8 210 175 446 202 782 384 673 -892 461 -897 -288 -309 1057 -257 598 -1166 -408 313 -525 774 232 -697 -106 -351 246 1120 519 174 -637 -292 -745 618 1304 40 834 410 232 821 -222 -1414 247 828 -435 -44 -123 209 -246 -17 -449 414 488 624 1173 22 695 388 -290 -814 256 439 
710 -142 172 944 -429 -125 1214 -621 69 -692 -196 -204 -315 140 -942 2 539 -83 -243 798 243 -85 -209 41 -324 288 -1074 105 -133 1447 1609 -153 968 774 861 543 785 -47 658 -725 428 931 -111 411 524 47 -670 292 -941 -241 -257 -832 549 -1216 -463 -4 1473 -1610 1031 -776 61 285 47 1046 61 137 -480 -189 687 -92 -344 959 320 808 -394 -583 -152 -361 -1095 -44 -817 684 278 343 1251 340 -735 -448 -719 -677 738 -691 -439 700 -1125 -344 -336 -19 -682 -939 -1126 552 -125 317 1015 251 -98 193 -458 444 201 892 -548 275 -580 -1104 -525 -902 -680 -65 189 -363 115 1087 -2000 192 456 808 348 -487 157 -878 -860 25 111 -561 -1267 1081 1063 81 -216 1144 -427 483 291 -532 -947 -257 -135 580 327 43 131 886 908 -143 42 627 185 1056 2105 -436 -1332 95 -701 227 986 1109 346 220 -121 75 340 -393 -71 757 -579 130 581 602 73 -792 -120 371 186 113 266 -1277 -542 -598 627 -247 660 -712 261 -469 -170 -578 -731 761 382 429 1416 405 1033 982 -334 465 685 -485 573 -1984 -664 -262 -239 430 483 -769 219 -146 528 -90 1082 405 -719 -143 263 -238 564 -874 594 -420 324 174 1094 -29 697 284 -559 -164 195 326 -242 690 -916 1228 522 -472 -170 1382 -950 -350 -250 -902 -256 227 -759 623 -709 -253 -343 -309 -3 1361 875 1177 821 772 -321 95 1326 -1032 485 -2052 -831 -353 -83 -195 -95 -423 -953 1052 601 1039 -771 -637 -574 -222 734 531 -1356 -513 18 453 -779 239 -975 -295 -56 512 
1075 258 -288 -292 -1026 -349 -166 1010 -771 296 474 -442 -712 17 754 -1013 -1264 263 -686 -134 74 770 807 -561 209 56 216 -301 670 -865 1150 848 -161 -1010 525 -80 403 203 408 186 186 -529 -309 -1167 -418 -504 -462 372 -693 187 805 -152 -159 498 -359 -41 -239 713 466 763 -664 45 181 -527 124 205 -45 57 208 66 616 938 -209 1237 -1149 611 57 -68 -204 -1448 243 65 -423 837 474 1037 -106 934 -828 -687 151 -573 594 326 -125 -247 -1044 1565 -73 467 719 605 575 -523 342 -21 -24 -458 -707 -87 -483 522 741 -619 425 97 207 -177 -658 378 239 -524 525 40 -353 1552 98 -330 -15 -72 147 -512 -1141 246 -463 -45 65 668 -274 -650 -1697 248 -747 763 -187 153 120 447 -1435 184 539 113 -229 -1027 346 712 -516 -319 380 -459 -620 343 1288 -22 -1007 1199 -1022 -592 622 -764 771 1081 1146 291 553 828 95 881 -109 955 6 -877 -797 1284 -435 -804 -993 900 14 -1201 1330 956 1373 -1283 257 153 138 -554 -293 168 -384 -933 -1387 496 -953 784 333 -340 343 -1631 -1378 38 -131 -1022 282 303 305 -369 -4 -491 -853 -615 1179 474 -640 -249 528 -345 429 450 388 -1353 170 -1084 415 10 64 116 216 -1205 278 1042 -355 340 -9 -424 950 552 591 811 293 -705 15 435 832 -872 -76 1446 -1608 -40 -604 -886 519 125 -886 8 -701 -37 492 212 -18 -846 1110 -362 302 -106 711 759 -189 -202 1189 1508 714 763 -1738 530 -266 104 869 1603 364 578 -974 809 -564 170 69 -1208 -258 1201 
-47 54 -289 -274 786 -290 -172 -634 -509 -587 -362 201 299 -73 -720 -211 71 -870 -538 215 836 -698 -110 -538 58 -338 692 248 -121 1335 -196 724 -156 344 -345 -491 -1079 -171 -573 -718 -804 -419 -165 -165 134 -510 -409 -619 30 -350 433 444 -812 -171 -346 367 218 -574 -458 387 -135 6 1107 29 392 -838 297 631 -593 -31 -527 -16 617 651 425 -370 74 314 -593 33 285 -142 62 -188 -228 -440 -332 240 64 -1318 -406 421 -169 -171 43 1123 432 323 -85 655 -880 313 210 114 518 400 -505 1074 -958 1258 92 -1599 -110 -63 -125 1101 -379 427 -363 464 1325 -222 -349 -750 446 402 -1317 205 -1544 -494 373 278 647 -21 -503 39 -959 609 -1060 294 -441 -1444 697 50 72 1006 202 -161 -67 231 825 129 -423 522 -623 85 25 -1054 867 185 -692 -643 -39 206 -253 -1943 -562 -551 -263 -61 -1453 81 378 -62 270 -333 -299 -495 622 26 -547 -786 559 -484 745 -508 -31 -172 -189 884 246 467 415 -805 -386 -168 -606 447 617 -785 596 -429 189 135 1292 1200 689 -1094 224 288 -550 -97 473 946 -348 -546 -1363 162 165 916 -580 26 -467 -989 -112 305 786 86 1009 425 655 108 -398 583 -701 503 -34 360 238 -1510 -282 -995 -700 -332 334 689 351 -73 -650 -380 486 -603 267 -489 -346 65 731 -1505 471 25 675 -550 -29 914 -35 -88 -415 -838 40 116 -1229 -748 -213 -175 362 375 541 59 496 -211 -93 -1157 449 15 -14 -163 1335 -270 -107 -536 -381 645 1059 -38 233 -203 121 -431 388 -728 
-70 816 441 307 835 -530 -426 -209 155 -1051 359 -25 -395 -867 -390 493 -200 578 -572 -544 -77 -793 -1163 320 347 193 -388 252 390 232 -396 -264 418 -282 1075 -400 882 -13 -419 -590 87 78 81 -315 -355 -745 -401 181 -892 -279 112 -707 393 -634 549 134 -133 -459 -574 551 -168 1317 725 701 1070 -283 519 1308 1217 58 198 -1035 -152 361 619 -1187 -763 -473 -1021 -126 -97 -652 262 398 -890 -125 -404 -1424 -164 239 -672 359 916 -79 441 414 -61 -24 -716 172 -191 1198 -745 674 171 -212 -322 308 351 1400 -1029 -1299 826 286 -448 770 -575 -1062 255 9 261 -826 113 515 -115 1289 222 459 769 156 -785 1267 23 349 250 -22 -602 -394 -380 -34 423 -528 -316 -237 -534 -65 176 -444 -74 -278 -192 986 1014 1371 -235 322 -452 -78 279 -509 -1162 -1105 -556 82 13 -1084 292 -241 -426 -31 520 405 940 -686 721 -547 956 -30 -361 -294 -873 363 -1785 -885 -946 716 -431 -1022 -375 -591 813 330 -385 -545 -179 258 990 678 -224 -618 401 604 -309 528 -1076 852 105 -51 -1178 -831 720 218 206 235 -926 -159 -586 947 -462 393 -214 -104 577 -160 -271 -931 -427 168 3 -549 1463 -617 -1200 -528 352 -1319 921 1026 -910 822 769 785 143 668 638 1231 -857 212 -361 -139 -94 1034 -79 -357 -173 1726 482 -79 -809 -999 57 219 -146 1079 870 70 -259 -68 -516 -79 -141 -871 26 609 1023 148 -287 155 1003 -256 618 -347 -604 887 336 84 100 829 -582 -281 -3 203 1057 -334 607 755 -708 -289 -118 495 
-309 484 388 -790 -795 916 1004 -5 -143 80 0 32 -248 597 326 -342 -152 58 -281 93 528 -633 489 -147 -628 124 -113 -1371 1011 -30 -276 -42 -510 -337 536 -598 564 64 47 -363 717 1190 711 455 -49 302 -591 -406 77 -1071 -928 428 -262 404 -412 -466 -121 639 331 -756 292 -1171 6 1268 -26 501 600 32 170 -1356 206 -702 761 971 -329 648 -398 236 -399 -343 48 1304 890 430 714 327 -666 262 6 29 273 -1491 362 642 1250 653 -559 -983 448 564 -198 -288 262 -52 -594 -258 -303 259 -340 -156 48 620 -498 650 428 702 784 649 -858 520 426 278 -890 -904 -1000 -742 503 189 -1777 553 475 657 933 -371 917 -317 92 -808 294 392 -732 43 511 -630 220 -354 546 -696 857 -261 -110 -222 998 -1236 407 -799 1024 -136 -16 320 106 15 637 1323 -463 379 -416 1668 62 -170 1675 132 968 -567 666 713 -799 33 -763 1647 -430 -42 -539 -202 473 759 39 143 1675 -855 -226 -169 934 485 -460 15 -663 589 -381 903 -12 76 910 -1078 -207 -635 1013 424 37 -700 -1416 1147 -721 769 214 333 304 302 -1142 598 814 -598 -344 -453 129 -308 -694 -940 209 -449 170 -250 363 -318 -528 191 78 159 490 572 -687 -1593 451 538 486 688 672 304 414 -1481 -590 -190 -215 -340 -461 -467 265 286 -370 576 -1328 -444 468 -826 -379 81 -732 -1023 -759 -115 -259 528 -1374 212 -38 531 1059 679 834 -111 152 -188 42 -391 -226 978 489 -1273 428 376 -282 1345 -109 -509 -188 -982 435 -130 244 -18 
-924 -792 -1045 -941 703 379 546 -613 -398 765 126 880 -275 -434 144 -88 1401 949 531 1384 -564 -140 -937 -637 1272 395 -602 -338 -42 -723 937 -774 -510 61 -249 -61 330 -122 -811 -544 250 -132 470 -49 -635 82 -38 2 182 254 -783 -731 -458 -258 -507 -450 1015 -368 -389 278 -1520 424 414 -888 865 868 630 863 816 309 -828 -1031 -615 -386 78 753 -942 -170 -562 -106 857 -136 -155 -490 -651 465 -133 -762 567 611 -481 59 88 -877 -1601 -398 -475 967 -387 233 -427 694 -453 476 476 20 560 490 184 545 -191 970 -65 -335 -784 796 -611 -1330 1133 553 -116 147 -10 468 -58 -138 -1022 -400 224 105 -651 -199 -547 -111 -434 -663 -822 -78 -784 -1464 1732 833 773 -1554 -1243 -281 258 232 15 827 -1133 243 -336 -154 -581 909 -1120 -114 7 273 172 -302 421 -350 -247 -1370 -57 -816 -1475 -600 -1414 -751 -1094 698 274 239 52 -204 161 829 176 680 567 -462 -796 -120 142 -780 1030 1052 11 327 197 100 12 345 -622 580 -96 83 -739 -647 345 915 -229 -623 415 -619 419 72 292 -457 -224 51 759 -1041 -140 632 149 158 -321 289 792 107 -717 364 -219 -63 75 893 -765 -1324 210 -32 -114 10 -585 150 81 942 368 -94 -45 -1346 -343 727 -471 -1083 -892 175 -24 -209 -1105 -498 480 -886 -62 942 497 -148 414 -69 70 281 -73 1044 603 -1474 -213 -18 -680 -271 -443 -335 813 -404 -1009 330 439 -348 -345 -1150 1710 52 614 2 -247 -157 -817 155 -177 -1465 91 307 -1473 -733 141 443 900 1176 
241 -660 -284 -275 -283 130 -92 -182 292 827 594 -523 333 151 -472 -907 -128 -587 1122 -522 394 -302 -184 593 -728 -211 -74 -786 -287 -47 -141 4 475 1199 -508 772 410 402 797 -1491 -956 -161 53 158 -100 324 -110 281 -673 -723 -310 438 197 -750 498 98 312 128 424 -733 -20 929 -441 570 1000 -829 -20 575 -163 448 97 -385 315 -294 6 829 376 -321 1124 7 -1299 317 -2006 -1045 -664 221 46 -302 617 119 -957 252 231 647 447 -295 675 -207 1003 -204 -655 1050 -610 588 428 -909 -329 -454 -576 1102 440 -327 -731 -562 -760 27 22 -37 59 -908 -51 -430 388 166 -143 -558 220 -162 -269 318 424 203 -336 88 1018 328 -325 -145 -17 584 -577 134 22 -530 479 -190 787 12 688 855 -258 -23 -1090 978 649 -368 1006 805 -1182 940 318 545 24 -696 -498 619 -20 1568 -469 272 -607 85 357 520 -1196 -744 162 -566 -55 546 112 -473 685 -613 -244 56 -231 1188 -29 1454 222 -762 -577 -397 -692 -314 -608 380 -56 620 30 219 909 -216 1644 -664 -927 -432 107 9 -28 -1097 546 -889 1361 185 170 -765 129 402 -720 174 656 -657 -83 521 29 332 -755 -1170 -401 660 -105 412 -1345 -284 -419 152 -14 941 -183 -150 -684 -585 -331 -963 1052 267 -60 861 -621 -426 -564 -380 32 -332 -701 -161 423 -133 730 -249 -385 587 -600 108 509 -717 -309 1105 -334 1113 173 52 -750 -507 339 -1116 -1399 -630 584 191 988 216 -394 -268 812 120 -821 807 828 702 -33 1783 -43 766 732 276 -652 -512 
382 511 -272 -85 -546 913 -510 1340 -730 -32 639 -1025 118 -154 353 -1070 -1364 -250 -307 5 306 -452 -69 -107 42 -663 7 46 -881 -1037 90 -1224 171 -191 -41 -43 -164 517 1849 -612 -247 -801 -951 422 959 -586 -207 -795 543 -119 -732 909 -880 445 -374 -454 254 1189 -121 -176 -18 -170 -146 211 2242 368 -152 -133 428 -212 561 -323 -337 524 319 777 -106 650 200 157 -42 -372 -377 -1196 54 -1138 209 871 227 -829 -186 300 154 191 8 -459 433 59 -33 -163 873 -217 1002 -837 13 -480 -907 917 530 -1386 238 -538 632 -1030 482 -411 835 -929 -561 -344 12 -546 1084 245 374 -313 -234 221 -506 28 335 -205 -313 -1189 496 912 423 -41 -96 220 -281 336 -777 -752 -394 1225 270 -1007 333 925 -823 -1033 1026 1048 74 -785 860 1658 126 512 -398 218 241 579 -728 487 -1145 153 1 -1395 1015 -795 455 -1789 247 112 926 -453 62 -408 419 -243 49 -568 -321 158 -121 -173 220 -1280 33 -1048 -810 -889 -747 -479 -984 -97 731 -169 710 -443 153 54 -349 -821 -668 -83 -405 567 1206 -261 -92 -423 -727 1085 351 316 69 19 722 -103 -181 920 -880 -254 -429 -131 234 -466 -11 -102 682 279 443 -197 -67 -912 -34 80 -376 -93 -951 102 -683 31 865 597 -221 29 195 108 176 -853 -841 -393 197 200 641 -1303 -474 717 -565 -1127 -26 -232 -634 -119 -767 -447 813 -14 172 132 -145 -215 180 660 397 429 -471 -359 1010 1254 -477 287 -610 848 -574 -984 -9 54 1383 -1111 592 -791 -409 -676 912 -601 
-490 672 -295 954 -955 771 347 1297 -564 170 -170 762 444 31 -437 245 -228 -1380 -723 -141 1085 349 144 -432 318 -517 699 -266 349 658 1 -393 47 325 -1845 -712 -135 -39 -711 66 -1257 785 -311 -327 292 377 964 -967 -345 58 -141 238 283 -205 48 -20 -1048 305 -1170 711 -308 972 733 526 -168 -162 -226 -421 -263 1362 -127 -458 -218 441 1069 452 553 377 -88 106 510 -210 -441 -69 -532 -1069 339 410 589 -754 403 -202 -403 -992 -61 125 -419 -52 218 -211 -669 -298 -861 -374 1091 1111 300 346 118 -1233 -379 178 192 1046 -154 339 144 766 -904 -258 568 -358 99 -294 135 -595 -137 -233 -356 187 118 -342 -304 1102 1526 -488 828 1036 -426 632 -118 -479 -118 -379 610 304 357 -739 428 -104 -260 231 548 77 -1172 -226 422 -1073 453 -553 -104 326 184 -69 1415 483 89 547 -481 513 372 -186 -14 761 -391 1111 -39 70 -290 100 -151 233 -1051 602 1024 206 -8 25 170 -1349 -64 314 1006 978 218 480 -391 479 -224 995 -140 607 193 982 -878 -397 408 315 -750 407 -702 455 388 955 649 422 31 726 -463 -35 -657 -212 -867 -846 -433 447 -913 1533 733 137 223 813 225 -289 -283 335 -974 -557 -842 -110 39 -647 744 480 -61 -741 486 737 -53 -483 719 -344 88 -303 265 504 354 -51 -903 558 460 336 217 -498 -54 -1121 -1325 -622 848 -1024 144 -37 -826 486 129 -16 -9 -477 -24 634 -1396 -334 239 341 -12 272 -1944 -767 1269 -2204 76 285 656 -348 1416 520 -456 191 1081 -1107 
667 -992 758 43 273 -527 624 255 -415 -467 1189 -705 202 296 509 59 792 -319 134 -364 -752 1605 755 195 -161 -62 -946 -385 403 239 -1056 860 -203 -352 -112 -770 317 314 -1904 215 -401 -695 -50 1155 -255 -761 -431 -458 221 300 897 1707 358 345 730 -4 182 156 -130 761 -326 430 393 -128 797 853 846 -1230 57 95 -226 158 29 -1302 590 -151 424 668 555 -431 690 -159 364 179 431 855 305 -52 -147 -1773 265 -205 383 -759 496 -456 777 572 113 -729 1254 222 1151 438 535 125 252 264 741 682 559 -72 388 133 -391 -544 -1210 -151 -1082 399 598 -144 -409 -459 -96 -268 -243 66 -775 -158 -171 920 -477 -468 -336 698 227 1168 -711 449 404 278 438 1298 274 -474 -889 -1284 -10 439 -1784 16 -111 312 784 -250 -529 -448 53 43 1010 -44 -84 -260 47 155 -116 113 -1410 95 -1935 249 -532 -338 441 142 -711 -434 -568 210 -381 -570 798 -926 -981 344 380 705 -192 -463 450 -522 -520 -267 683 55 352 -377 257 167 820 1313 -914 -467 793 -143 -650 -191 1580 -639 -148 -473 -838 857 -454 -300 121 964 159 -101 29 46 895 -176 212 533 -842 -714 52 -357 -101 -729 410 -132 604 -1445 456 248 -807 590 -189 -252 -185 -164 293 -980 796 -685 -533 367 -116 -343 110 -1215 231 -76 1092 -611 1368 -128 598 -993 611 -571 526 -857 -159 348 -887 723 435 -32 -1300 -1267 -402 -213 -42 1105 -619 375 -221 -623 1010 628 -445 82 169 -592 677 110 -553 -510 -50 -342 -211 124 558 -96 -1150 -218 
-825 918 887 271 -154 -640 -1109 -34 750 511 687 -275 -591 488 189 482 -360 184 86 378 -189 -1531 -524 -157 310 -652 -324 -276 924 765 -993 21 733 397 -132 85 -242 403 -123 427 443 151 559 1163 227 257 478 334 -55 1097 -388 359 -273 -392 399 -136 -52 102 -58 729 -502 -930 -40 8 198 2475 545 -234 -232 -244 895 -897 -438 -619 1081 909 -472 -502 148 202 658 -924 626 -243 -641 -531 286 500 -189 -1152 324 636 305 -580 -705 -679 -224 1 556 303 223 -998 116 93 -50 -920 -323 143 816 233 -126 -223 195 290 210 497 -282 652 404 -451 -296 1270 135 60 365 1386 -512 244 -563 999 -470 435 1170 825 998 -116 135 -417 -784 -655 -286 -442 -233 -128 -943 362 -1452 444 -464 -782 -15 1155 690 371 -217 132 -284 173 -1096 -356 1383 258 2191 1117 945 -417 -287 1300 -68 -396 -231 698 -131 -328 452 -1094 -586 135 -1066 -952 -425 -340 606 -131 -564 -235 1552 -619 118 6 -816 -330 -421 478 -172 517 886 -487 286 159 -64 724 -797 1291 -299 -265 -159 275 510 -301 401 437 -614 715 -796 -31 305 298 -956 286 -865 1430 -201 354 288 324 326 -933 -1546 -198 45 -624 -53 69 203 635 359 -500 -87 575 209 -664 -183 664 -732 -266 490 287 -684 -1361 1559 -548 493 0 153 66 -326 -290 64 -674 -738 -1089 1408 42 79 -177 435 514 -400 -1081 89 467 130 -143 496 -1456 -410 -635 1149 -219 -568 -509 354 -162 1054 -542 -706 393 -379 -625 -100 -178 -78 295 90 -670 -364 -48 59 557 
75 -273 401 104 -311 388 907 -1189 1638 -507 485 -716 736 -172 66 -366 645 -259 995 695 1017 -1040 -369 1 587 -225 -733 848 -4 -490 130 -950 1360 374 1040 977 73 252 130 548 39 -452 -740 -138 -693 -639 -35 983 -726 -226 345 8 -29 55 -508 -63 1333 272 -91 168 -72 330 -91 -121 188 -107 -119 296 1284 -923 322 -826 -298 -753 326 -505 -92 -762 1186 -420 -266 -233 937 -355 83 -585 -1186 -650 -203 -793 774 154 437 525 493 654 67 917 80 519 -1000 598 -1239 145 -232 -939 64 323 1417 6 -392 -619 -85 -167 635 700 45 -1333 1305 181 -224 -994 -368 530 944 1073 332 -339 1009 56 418 570 -165 -542 -402 -172 391 82 -38 -133 59 498 325 332 -238 -286 -950 474 -544 146 -191 1168 -290 -168 962 629 127 774 -564 1041 116 80 439 -877 99 -76 150 -663 -247 870 33 51 -1248 -360 -991 -857 257 -245 -54 1284 -584 -237 456 -902 -47 152 -447 -1112 -429 654 -479 85 -441 307 -536 -397 609 -442 633 350 60 431 176 576 -167 849 653 -888 1444 299 1145 561 407 -702 -400 -236 -181 1753 -93 -73 -758 -379 196 387 569 -29 699 -1426 -198 -79 169 325 -72 1439 -781 399 -536 -1053 -846 773 -781 -454 674 290 -223 1279 -377 -527 878 -585 -447 154 156 -1840 -5 677 244 1034 280 -466 417 -251 -39 688 -142 -5 617 -258 -814 510 345 -165 349 112 1159 0 -794 274 304 -812 960 -259 -297 181 607 675 478 -995 -536 110 -864 -750 -1161 -328 -736 -255 347 -111 150 631 
-1018 -223 54 -902 162 20 80 895 -724 -515 -314 315 863 -1248 660 -923 723 -487 996 416 -94 702 -225 -1222 -818 641 559 -713 -678 -441 169 -483 851 -1015 -513 290 396 -88 -465 75 -182 -2141 -256 32 670 -118 652 413 -256 -863 -90 630 -764 -622 -854 -167 1261 -791 427 -595 -345 -332 -226 -807 -111 215 -98 -299 -242 123 -471 427 267 875 403 -1471 -654 -395 445 266 -1329 361 328 -430 -174 -1042 -1061 907 225 -894 -85 -156 344 -711 -980 69 323 -648 -1078 -275 531 -93 -350 503 209 -71 534 -353 -314 -342 -304 460 160 54 -341 154 1064 -501 -486 511 492 4 163 627 -116 950 598 952 -1355 -820 593 -901 1074 -15 -279 -272 -330 -522 -189 218 292 -139 1 -514 -972 -596 477 -25 20 -550 488 -20 951 -108 -185 -329 78 -550 -276 -400 -916 383 313 560 -195 462 -933 864 342 -673 203 -702 1222 927 47 904 -579 -54 -947 164 340 -230 393 1149 -94 -155 618 -59 426 0 -1018 -749 -367 -353 -422 268 661 -199 -669 -732 -1083 740 -144 383 -217 -192 -605 -738 -462 237 -16 -924 103 996 856 906 125 17 666 440 1030 124 456 -622 -400 -396 -249 -362 -1099 -664 474 234 315 1274 -234 254 -482 -199 388 -536 728 -73 208 1016 263 801 152 -737 493 -373 37 -556 340 76 -672 514 -338 1098 586 -117 15 365 1027 485 -10 -128 -336 849 -663 -122 438 -209 491 755 901 505 22 1391 12 292 902 1035 -808 1933 918 1537 4 62 170 375 182 -701 -587 -256 -148 -1223 67 -95 593 -772 
1017 -291 785 92 -277 409 1237 -216 587 680 -739 784 -677 1318 113 -50 347 155 377 493 1101 -113 -1010 33 781 -740 -184 312 935 112 -695 -399 1865 220 754 -488 545 347 816 -911 100 -798 -978 742 1377 458 1127 -1157 -749 476 -165 -825 752 459 123 -1339 -184 249 420 -152 -687 -235 -575 398 459 364 800 148 -881 -796 425 -329 5 1155 703 -718 623 -543 216 -116 -105 -191 516 128 588 82 -167 -513 -626 759 908 161 965 -1487 -74 241 -737 199 -929 -223 -779 230 -402 454 147 -964 67 696 -214 1017 119 508 781 -201 247 490 12 -911 -339 220 -73 -184 -239 456 136 -20 -1317 -225 -262 125 363 267 1311 432 0 -52 -80 442 62 67 1047 -54 -155 -719 -421 -262 370 387 1659 -690 -291 1774 -304 679 983 -210 -1458 855 -155 265 -488 -1176 -266 728 927 1005 459 265 275 1297 976 156 -326 785 1664 -617 619 -89 175 -23 -758 166 -23 -1153 111 -610 -21 -1085 -985 604 264 -499 373 1131 -1434 539 -468 305 -104 -971 508 407 384 -699 -225 1723 958 -454 839 42 -407 -1036 765 621 -426 271 835 -218 -249 604 -1293 937 -436 317 164 392 1355 359 558 1507 -235 431 873 -534 169 -511 -781 -559 826 218 332 -375 -60 -557 -635 -17 -1136 125 67 -1206 730 -462 765 -1171 427 979 160 -115 -381 150 -94 -795 -1387 -102 264 -362 295 -347 107 -606 -521 85 534 997 -620 478 1554 448 87 535 609 -448 423 -383 410 -212 138 -827 -414 58 -377 -164 89 748 1416 -75 608 257 -547 133 
-11 1233 615 398 201 -629 45 168 754 -221 1170 905 280 -239 -167 468 179 -36 -616 -634 -7 211 641 972 1125 -899 -623 -47 281 -382 205 970 -618 889 83 -137 -148 193 -1345 -336 -791 -398 132 715 -704 -825 -215 -138 826 -300 -574 144 -202 383 2159 660 -701 319 1279 932 467 -549 213 -345 -113 97 622 -63 -281 679 -277 -291 -286 -969 261 993 696 438 1326 -652 998 834 -670 -615 368 1020 353 313 1209 -1198 -1070 -63 478 665 1528 56 586 77 192 -763 811 291 581 170 -280 -175 25 261 394 606 891 -669 -1298 -232 -604 -1118 -1842 -96 -1742 -302 99 -149 257 -1221 526 95 821 -305 -90 -119 -763 1806 38 332 -175 -333 -459 -59 107 -474 296 -1423 1054 627 274 -90 1228 252 101 -197 -275 57 -818 232 644 578 1043 -1310 191 605 -519 54 -131 964 1077 -581 428 558 -664 82 1131 -613 -100 -357 166 -878 -226 1308 157 -35 -1915 -164 87 -1376 -132 141 11 -913 -100 340 17 -63 597 -343 -286 -115 230 1116 -927 1045 -47 474 226 149 898 -581 -679 972 399 -566 557 294 -1409 -473 -1063 -143 369 -96 -594 -507 533 -208 -36 148 -390 784 151 324 513 305 -21 -218 -229 -532 -233 -112 -466 63 -745 -110 18 426 -231 483 499 -89 -269 356 249 -290 543 1328 -778 -247 403 -944 593 259 445 -282 -254 -1033 -156 506 -921 -396 -1169 468 784 -82 129 -382 234 -363 -1022 -389 -923 21 -1001 423 -1012 -485 359 -1411 -1497 -347 197 545 324 -623 1110 -70 169 501 -732 1730 1094 -1363 -821 -340 
-534 382 122 305 421 -96 485 -227 1114 53 -463 565 482 -64 1055 233 -129 -405 -1206 146 -910 396 326 730 -686 317 -334 443 424 335 9 279 88 -766 392 561 72 965 -1190 -539 718 167 -11 367 -255 33 388 -295 668 -712 -160 202 594 -27 738 410 -1327 -598 -13 296 128 -194 514 539 -429 -643 174 -510 614 1549 -1152 99 707 -124 139 309 1586 -800 289 -96 1179 1008 714 68 -53 123 513 558 -190 -448 -206 218 306 849 93 258 -355 -1120 -344 -98 737 150 947 105 -805 254 1015 150 -318 11 215 608 -344 622 670 537 -326 -447 13 209 -202 1631 417 112 184 215 -1080 238 -482 -104 -101 549 937 -1333 137 17 382 -219 1 -1262 552 -492 759 256 696 -91 69 799 -103 -551 539 -530 -748 -98 -185 723 -592 -355 -1096 561 837 -315 -719 14 844 -342 952 -393 -1094 -836 -346 -478 -73 507 287 94 -431 269 -662 140 662 -289 -1116 685 -597 -735 -444 -82 618 866 -927 336 -623 395 410 110 634 279 646 257 -50 838 557 267 -167 -700 -456 -332 456 516 -83 -279 -124 -321 -505 512 -646 -329 374 456 411 123 4 -222 -236 -143 -386 -480 -146 144 -150 801 169 844 -171 -502 -411 -712 40 127 -404 441 -423 -586 863 -103 925 -984 215 -180 953 593 -270 -401 -177 -865 -853 124 412 -311 579 -334 -104 -472 -353 289 -378 -847 -522 558 354 732 -858 147 250 -512 388 640 175 61 -1532 -669 15 1 -385 769 -335 -507 -351 -32 -162 14 180 455 -875 1005 1189 -774 -2 1360 
914 -225 -447 921 -819 662 153 459 690 586 667 65 388 275 -905 -500 -364 465 -459 1246 72 -194 146 686 1601 -790 40 -379 -696 100 -695 -1025 378 1173 51 -195 334 -69 -554 595 608 63 950 -164 -137 144 -373 -108 -270 -906 68 -517 -696 245 -38 106 341 -83 899 -494 -370 -139 -808 -648 627 481 -334 -325 -135 21 -332 134 233 469 -265 274 1052 551 -1045 -95 -25 -316 -139 391 -681 -412 -500 -256 -378 1681 -356 335 90 120 -406 329 -308 92 1520 659 -1134 314 -271 792 -500 32 -330 -267 21 871 459 -400 -305 1597 -866 -84 -315 203 -39 -320 -832 1076 -800 835 20 -976 -85 -46 -848 87 565 134 29 589 -352 55 494 370 -906 -252 -914 1148 -525 623 -368 -903 -490 1 -853 -160 286 314 -167 -702 -888 -268 -641 184 728 183 351 -1176 734 693 -601 -1192 -566 -444 -143 454 -3 1542 -147 323 1043 -1119 259 -212 321 283 495 -79 1041 663 -112 -42 -382 -245 646 -341 -609 -324 -231 144 -334 166 -1156 1025 176 -93 462 466 103 431 606 -612 76 991 188 -314 -809 -526 -376 310 995 -496 85 -35 415 160 538 375 43 -213 -322 180 -607 34 -104 -272 -175 -254 5 -720 -626 1393 869 -51 -188 1648 760 -559 689 36 953 589 -505 -208 -110 -259 -185 933 -83 -572 325 32 -1119 -873 -153 297 46 319 -255 -334 1520 -1020 13 -643 -239 -592 -286 268 -978 -101 1257 -326 274 677 360 -151 -784 -672 698 363 151 13 37 -528 253 519 -1009 222 106 543 587 -689 -16 -425 -238 483 
27 221 420 -22 218 -165 171 -1427 230 -112 -823 455 704 126 -960 -434 260 -727 -10 -183 54 -1420 -219 -43 178 532 66 298 -731 142 -454 -81 1514 664 -48 -432 -61 -345 -217 -320 138 63 -151 -323 1061 -676 -37 -189 -467 221 -355 -169 1586 -282 -125 46 67 346 -771 442 28 -32 -549 477 -487 253 -359 64 634 -585 221 -703 391 95 1215 380 -871 1256 165 576 912 486 314 316 5 586 -72 -633 -402 -936 95 -346 47 -470 687 627 -29 313 -1012 629 -441 -757 500 -293 578 -424 -485 893 240 -894 50 -945 459 921 949 -928 204 -912 -188 -251 318 -906 -571 -1281 -290 -1135 902 1469 -1393 -140 -15 -52 -1212 204 930 43 -410 -324 -20 1210 322 -19 -274 -635 634 942 408 -365 1013 -618 246 -1045 -19 1994 -512 -280 606 403 400 506 -609 3 -352 352 871 -477 1005 60 -1251 794 -435 -510 96 -135 606 -350 226 657 187 -752 107 8 -585 753 105 657 -345 -30 -672 -1413 -479 607 -845 -371 329 54 -10 862 -507 736 847 546 740 -86 292 -215 -262 417 -15 -162 -203 -230 -346 1178 -1053 -905 -818 1230 328 -331 553 -8 -273 -298 528 -730 -1234 398 -807 156 -162 409 -967 -1057 626 -1777 31 -1067 543 576 -105 -962 334 -151 -233 682 52 658 157 377 -247 -1445 432 -1054 363 -191 -71 -575 397 532 756 453 639 -298 605 123 518 -54 -199 973 -404 329 69 353 -8 -417 83 -398 271 -38 -1133 -1358 -106 -1486 371 -608 -200 63 94 -838 713 821 1037 649 411 -416 -506 393 -565 70 
-495 -603 -157 665 256 -298 13 455 404 -239 387 -801 -1084 558 -949 -1451 -509 -445 211 -617 366 4 -299 -123 132 454 380 537 -1585 140 834 -797 247 1043 18 240 -662 1343 -577 576 505 -326 347 -861 889 -849 -534 -275 492 110 225 289 -649 628 -638 957 273 771 -328 277 538 635 491 -678 36 268 707 -714 -49 -80 -945 -247 -17 -562 -566 -1318 -695 -442 -317 -74 553 318 -418 309 -475 -1434 628 412 -1328 235 -352 -347 -419 -106 1274 22 -513 -48 48 1226 -367 -264 -42 -401 191 822 133 432 410 -245 1180 -988 1189 -832 -371 125 -304 -569 1299 -408 1017 -855 -622 -525 -436 -601 792 -792 1841 732 -567 169 1018 -1135 131 -430 367 742 -6 508 -86 1364 -289 378 1291 211 -606 1138 -294 293 -166 -65 91 864 -323 723 -971 836 451 -282 -543 493 563 -496 -110 326 -199 -679 285 276 -399 1055 -37 -894 -1581 871 928 -346 -600 -245 -68 132 -5 719 656 275 -310 188 -402 -93 -158 -439 288 -425 -1222 19 440 -611 47 809 6 -13 -940 989 -626 -824 97 -221 -958 387 -815 -781 52 514 -179 159 -471 295 406 614 -442 -1417 -179 -850 485 0 795 -147 564 171 -799 -1088 -509 342 1142 52 -743 555 103 120 674 290 50 32 570 -816 -370 461 -572 510 -701 -242 -569 469 1066 480 509 849 -671 619 -101 -298 314 581 394 349 690 634 1761 233 -984 86 215 -318 844 -530 -922 2 -29 179 276 -673 33 736 76 -211 193 -56 1089 -663 342 285 -312 443 341 -441 -817 -410 783 -553 
-698 -594 263 -1004 -927 329 890 -294 -1200 -443 -419 -222 456 561 -714 515 -588 -289 -537 110 470 424 583 -269 -775 126 -414 -334 328 70 -777 -784 -26 -303 -917 -1111 278 520 -603 -1038 607 -400 -124 60 -1082 342 -1087 -355 819 248 -645 -452 -633 272 -155 116 -1165 729 509 -1094 1059 -183 280 -147 464 1118 -385 894 -246 569 -756 913 544 451 96 -674 -1004 -726 -190 -599 291 -353 832 290 -409 508 683 -57 -716 555 -106 -517 -1022 355 -194 336 44 -569 -1002 -174 50 -276 6 391 -67 791 261 -503 91 -51 438 135 -623 -411 283 -49 605 -224 -40 295 216 484 -412 -698 -1006 589 -339 -442 1407 371 432 575 -490 -1216 -237 581 1003 409 -111 -199 -542 -302 -338 -764 352 -155 -761 -161 -1184 -209 9 435 217 -1033 -390 557 540 -305 -1219 803 371 -779 277 896 -31 -45 -636 592 412 -491 -73 -428 -595 40 251 254 -563 -183 474 -830 58 -802 371 -442 -792 720 23 -1039 969 606 -603 0 275 -1404 -247 -323 -3 53 974 -105 -34 -537 -296 485 -139 -1022 -728 172 263 748 198 1523 -319 1937 -1210 1119 -473 -267 761 129 597 -252 994 612 270 -8 -1285 1094 390 -506 -843 -371 551 179 1093 271 -220 -495 -173 557 -508 135 413 -1487 -329 857 299 -290 60 -539 788 -356 134 1156 -365 674 -1595 7 33 -165 -372 827 -1737 -433 126 -607 -487 43 851 160 15 -560 -297 -476 1047 -16 506 409 622 1584 -23 220 439 308 -469 505 1082 209 979 -785 -141 -504 -442 -568 -24 -7 -784 -195 805 -564 
911 -240 216 -804 -7 135 -135 166 92 561 -272 -581 -432 -579 -1280 -390 -10 -1576 900 357 454 -11 -123 -904 -599 -664 1096 -849 -782 -1049 -1161 -186 327 1080 480 -990 43 894 -31 -1411 -233 898 -577 -127 -696 -652 -104 -222 -553 -643 87 406 142 382 -866 76 -377 622 1026 -517 -21 578 107 -371 383 -119 -928 -482 331 633 -495 264 153 347 126 -762 -249 -150 305 -461 -482 -92 476 422 -758 847 79 -282 -175 772 33 -195 975 583 212 -166 910 -608 652 -356 -441 -484 727 -948 126 219 -987 -1133 890 -644 -818 1021 847 -585 -720 322 155 -619 424 557 -369 -440 -846 115 -1238 -610 -941 190 -469 508 -267 -838 125 -250 -190 631 -336 1217 -401 -441 196 307 -406 246 -448 -166 -8 -272 -629 -953 239 41 -141 -656 -853 -414 -623 249 -883 1211 -1620 496 402 -334 491 -186 -1182 585 1636 35 -1248 599 322 621 551 -55 -311 -258 415 175 218 -215 -26 -478 -377 69 547 826 974 876 -1230 85 162 -593 -539 -305 86 385 -806 497 256 -178 -77 -107 570 -1045 37 -164 66 587 -1476 -187 991 556 -696 770 176 251 -427 810 -136 -430 327 -529 537 -428 427 307 158 -1046 -428 495 -318 1214 189 77 -122 999 354 337 -778 -472 563 4 -1490 -231 674 786 -280 1500 151 -559 391 -254 679 862 787 -101 -844 -96 1243 215 -492 -31 761 -31 679 -506 -238 918 624 -798 -157 939 -391 -117 -503 759 -1084 -277 99 350 -322 205 513 105 78 -538 386 210 -1368 -197 47 88 -104 -235 361 501 -816 1088 
-156 -842 205 -552 -715 803 -555 964 -183 -891 374 45 545 126 204 -903 111 -294 149 103 -843 -596 -76 247 -238 -80 -1346 191 -362 -204 610 -352 -120 -562 794 339 -172 973 566 1 -935 -847 995 -51 311 852 -506 509 74 -580 340 -566 817 -203 186 -321 1737 261 -329 -710 -2062 38 -387 -524 -208 118 -575 31 338 1165 -570 -366 146 -23 786 -1012 -784 148 -460 236 -2082 190 87 -80 690 114 159 -749 -553 -867 -368 -259 -768 136 -1305 451 38 725 43 935 -81 537 -325 1097 1405 -514 627 1202 -393 -404 129 570 -735 594 -777 -670 -229 1189 18 690 210 -329 -589 133 -583 -829 493 194 336 1142 310 -509 -211 -46 -95 -141 -559 -120 -74 959 1109 -339 915 856 -675 159 717 -901 1179 1431 192 376 -589 -234 1059 111 125 -558 -232 -273 -607 1561 -694 -864 -161 -833 623 355 -436 -1061 -761 1151 -495 446 -71 478 635 420 75 407 -78 225 713 1107 1211 144 -431 -110 -883 222 793 -127 24 -282 -715 -507 -218 -413 121 454 -171 32 726 356 -25 933 109 544 -124 349 385 -730 119 414 -415 -1503 233 644 -689 310 -830 835 654 46 -715 287 288 -600 -113 -976 260 -378 338 149 112 -304 -468 -946 -957 -657 -209 -75 724 -1025 -148 -81 -458 -50 233 673 -225 -1070 93 -1028 -17 58 443 145 974 -44 382 568 1410 -292 109 -368 -288 -382 -977 -716 -101 105 -30 -55 -345 -257 -379 702 -488 -1037 -1060 -669 774 235 -314 1125 -550 459 -261 640 -73 -191 -720 333 -368 -482 -758 582 71 29 
543 -89 454 373 -538 -723 174 -392 -251 -999 844 752 366 -540 -517 1044 -194 -1199 693 -442 1224 46 -141 258 -244 828 -1184 -535 290 -126 599 673 269 -38 -488 33 -763 234 -512 -504 1283 978 347 -353 -524 129 -883 1058 -1758 -621 893 215 -125 -345 954 978 -850 -172 436 -1410 236 370 54 -383 159 570 -231 438 -363 93 156 57 259 164 325 314 -425 -659 -786 -667 469 957 -1035 362 402 435 460 1036 1347 -1500 -614 -442 1190 396 178 90 582 169 -1101 -177 439 -666 -203 717 391 1194 -158 155 203 128 -809 219 273 -50 -115 24 -921 -585 -532 299 1019 -219 -347 -111 -641 -5 264 66 -952 676 553 657 -537 230 368 924 -37 -667 306 -60 -112 -247 -571 327 602 -359 639 -626 130 877 1012 -298 -322 -636 -441 1076 324 -2257 -307 124 204 -565 -75 646 56 365 530 3 -1102 174 -421 242 978 385 -349 28 -290 -980 506 264 -79 -854 -865 -495 -707 -335 -73 -154 -24 631 268 -595 1514 -339 -279 -493 552 -22 -213 -150 537 -234 -758 -734 -762 -32 1017 287 175 -55 715 118 -1852 431 -1394 268 -132 -641 170 769 -122 -244 142 -212 299 372 -1445 -208 -142 316 145 -578 337 60 -851 -138 -1324 -172 667 -428 -1080 -640 449 1026 -810 329 204 -569 555 1626 554 -355 308 41 -1231 -209 -434 -163 -877 398 1269 63 -690 851 660 1140 668 1093 -412 1648 299 -532 -422 -498 -407 -29 751 602 -352 397 -454 444 276 -486 209 1001 773 -429 771 -233 -67 -1285 -494 277 -202 -422 -16 644 -245 344 
118 -443 1285 -191 314 -662 -151 598 1092 -202 660 649 -128 -1434 357 -611 -651 850 -1041 357 -744 -497 -296 -107 964 30 75 -980 -696 73 -264 272 432 -43 97 -74 -70 430 -537 -1120 -353 300 806 598 499 803 -899 1000 387 66 -725 664 -315 216 1554 -434 -152 910 224 301 299 -373 395 956 936 -580 194 -65 -476 -446 636 -442 504 -185 583 617 -720 -606 899 -255 726 -939 1146 -63 -115 985 400 -304 -121 839 232 1071 510 -1062 -53 -285 -66 -645 469 385 418 498 521 364 842 -623 138 1121 -753 -56 -413 94 -782 -621 -790 40 -153 -911 -368 -31 807 -241 -835 772 138 -861 42 -163 533 -1508 -409 247 -745 261 -572 234 397 -520 713 1146 253 380 -1102 -451 194 213 -633 837 46 1233 1018 736 148 1325 -1496 792 523 272 498 -23 -32 -919 -421 -344 331 1003 318 191 -168 -208 -802 -707 231 -9 155 59 -368 -1068 829 466 -705 -157 -1189 -269 75 409 -706 -50 744 -718 -503 1032 24 149 652 -653 -490 -1348 206 318 -495 -94 641 -1316 178 612 597 1212 325 -714 -242 -549 -317 268 437 421 -481 -79 74 451 165 -54 -714 -86 -571 -947 -701 -11 -95 411 -669 -368 422 -1025 408 1259 -78 -495 223 715 372 -340 589 -580 -349 -938 -380 261 -2267 -319 -182 -350 -466 206 -565 819 3 1276 660 -776 -20 967 -62 -795 33 343 -875 -798 588 9 -439 -466 490 114 253 685 1524 151 -960 -55 -440 -1935 12 89 -182 -502 -550 -163 -45 38 679 -63 -474 680 -438 734 844 -432 886 1168 
-136 356 -1005 64 261 -1079 -291 -142 -280 -110 -331 559 -926 -762 105 277 -768 -758 -11 -1282 -298 -779 -85 688 -1126 772 562 -84 264 18 662 184 -1175 -366 -344 167 -757 -592 -1401 327 520 768 305 -474 1577 -491 131 174 -679 423 572 -408 -263 0 -193 281 -609 -830 94 -304 566 -207 610 835 703 -1463 282 -330 -1223 -1742 -34 38 194 1037 276 558 -73 -1027 -408 922 362 440 239 241 -651 153 1530 -207 710 919 742 -298 -296 -334 -826 439 -662 419 389 574 403 930 -11 862 261 -292 -379 24 -253 -884 -1253 890 -719 438 66 470 -469 -450 -147 530 141 -845 370 -292 622 -955 -1638 741 -782 -591 -14 127 -1348 -52 -696 -340 336 -749 -503 -130 45 -49 -1007 413 -133 81 331 -329 -674 -410 476 397 -66 370 -295 -159 437 -1365 -169 309 -612 351 99 1272 -8 -174 1648 -172 -961 1445 -679 -298 44 -237 1372 -139 450 795 197 416 -456 29 -725 -1446 126 -288 -1413 -915 -780 185 502 110 -22 -783 -252 -499 309 -470 -256 1494 260 -666 40 729 -597 886 668 591 859 -1054 163 -259 85 653 -341 -247 -188 -370 494 352 314 183 125 -582 174 46 -248 -514 -705 890 734 755 -506 207 447 647 26 431 -335 -104 403 -92 -386 -983 529 451 212 147 852 -871 -589 1907 -827 760 -685 192 -94 -673 -573 229 451 -142 -217 -1744 -72 1279 1339 -1471 418 1344 -334 -296 144 212 -678 437 -259 -69 -29 50 -451 -134 -511 167 -898 729 57 -244 -44 16 -424 -884 867 -2001 826 740 -60 -730 251 242 
-350 129 416 232 -749 841 530 -42 47 -153 -130 -594 -314 -309 0 721 598 -303 2014 454 464 -522 -173 -681 18 -785 93 -67 -17 -925 1 -1111 72 1203 673 662 -351 187 -245 229 840 -263 452 333 -109 -560 -318 -610 -356 -315 -1016 -539 1392 -588 1801 -821 9 482 -183 633 -534 -794 236 5 -74 517 154 270 129 -148 132 315 -599 -364 -586 -95 98 -127 -356 -212 662 737 -32 128 -147 -1153 205 -91 -769 -440 1682 289 692 -1366 -341 667 527 -1491 -310 -324 -167 -1329 458 -431 -809 -1234 -339 986 -34 -850 1143 738 -183 537 -417 -1368 -945 -607 -628 317 910 909 -377 -288 236 461 707 -675 -828 821 16 -1 -340 75 -323 295 -283 -855 -26 176 302 420 -56 -1212 869 516 -27 -852 -79 -8 -471 777 -1181 544 528 -1234 -671 -982 66 -811 -633 -108 -129 107 -283 -357 -678 -153 -159 1588 -227 702 -1538 -510 -109 -652 342 580 -1427 833 -304 -663 1097 1024 188 -401 363 -565 128 351 -6 816 895 -380 -496 -589 -143 -935 -251 -171 1030 -183 -295 878 -628 -292 871 -112 151 -1248 125 334 108 1737 321 676 427 1177 448 1284 376 -84 737 -291 253 230 -25 -1719 -476 7 609 -620 791 849 -103 -127 662 -845 -659 -728 516 529 109 -78 -289 -165 -1029 1810 1024 1366 857 -410 -693 -802 848 2060 2524 -499 176 417 -1042 -1439 1401 -317 -257 -710 163 283 -411 -105 239 164 -220 -495 119 271 -324 964 -1241 506 -629 184 -388 439 373 13 -923 -428 -243 -1252 -739 -1495 -674 485 -538 -767 -409 -591 724 145 
-450 40 977 688 -281 -232 -173 892 471 -493 22 -489 663 680 279 -1043 -31 305 -874 -1336 -82 235 -113 -758 -405 -1031 -6 949 332 125 743 -473 -9 -218 -436 364 1212 1054 468 496 -93 -104 706 343 -513 -306 156 -1077 1181 230 10 377 -791 -979 469 39 -1056 1101 814 -26 231 509 83 1122 -620 1182 -355 -781 -3 370 -193 -142 -1749 -391 146 -165 188 369 495 -207 487 -1006 -254 236 304 467 641 -558 -160 -243 -462 152 540 -884 1115 -343 -426 -576 -166 977 1207 -309 267 -328 -70 -48 248 21 258 754 -659 410 188 295 -13 211 -335 290 699 233 190 95 -6 750 283 993 -601 -521 968 -237 -1309 308 -558 -518 -271 -361 308 -270 166 -351 -334 -656 261 -303 23 516 -204 103 -332 335 -47 863 -44 -99 973 -1171 -497 -83 1014 -634 -377 521 829 -895 1190 592 133 -568 -42 -672 287 400 1168 1509 406 565 -205 785 697 -399 386 -110 222 963 323 -632 -589 67 428 387 -296 -131 -759 1225 545 563 556 781 274 -914 -197 950 307 -1164 311 572 575 -687 597 111 802 1028 -697 -189 2085 -1028 203 -647 -914 1107 345 945 263 466 -201 -1482 -199 144 46 317 -421 -133 472 66 334 -304 389 320 -419 170 353 323 461 1145 954 -179 1044 -381 -316 418 352 510 -1256 91 749 -111 -10 284 152 263 379 -745 -101 535 235 -472 -432 405 1478 214 -227 243 -629 -1028 960 -676 606 -702 -491 345 -98 -242 586 176 -476 -293 -350 531 -667 170 -318 -807 460 -391 -775 195 1045 -590 -1095 1231 
121 183 550 -287 1230 334 -277 136 89 41 425 -446 -1187 -1184 -160 -267 -169 137 660 -186 393 -199 746 667 98 438 958 679 294 180 636 82 -449 -1476 528 472 -557 466 -1046 -1438 -1107 258 209 -525 -138 651 110 736 -58 -1236 169 -743 -514 521 622 -901 226 -987 445 -1287 266 569 459 -547 -629 613 276 465 433 98 238 -1161 291 685 1202 -283 -889 -583 402 847 126 -85 1834 18 -257 236 252 656 397 574 -902 8 -429 503 -113 -263 -435 907 778 -5 -828 -578 -434 -266 397 131 350 466 -616 714 -995 622 -708 860 -40 839 -105 477 505 626 9 68 335 -874 -148 -623 284 1330 296 255 -85 477 567 -914 -110 -668 -695 -1288 -181 572 272 911 109 -353 369 113 568 756 351 866 -183 377 376 -751 540 -109 -965 -57 310 1128 -581 280 1693 573 242 -383 -1457 -370 37 1722 203 923 585 59 360 -103 0 537 1184 194 -616 384 -949 231 -11 -703 76 -722 367 913 -807 444 -338 -279 -658 494 -274 304 -296 -75 -685 -481 -326 -193 591 270 -107 319 525 -751 -443 270 -1153 263 -409 -523 -713 756 -406 -607 -14 -656 -42 -130 1136 300 -185 508 407 502 383 932 -729 -74 504 511 307 690 604 724 731 -23 215 551 -7 1134 732 258 300 -626 -52 270 131 -111 486 102 1015 423 -1304 366 -781 -43 638 -454 881 -392 -503 -395 -532 775 577 -88 -623 652 -61 -70 856 -146 820 439 878 84 361 -40 -2029 38 573 585 348 -351 425 1262 203 -1252 -878 -265 476 -235 469 254 
-842 486 268 1049 -535 1064 128 -132 375 -397 -470 -406 -1291 106 576 716 142 356 827 -109 428 -332 408 -295 -78 151 -47 449 435 374 -480 297 -936 -256 356 554 752 -484 456 366 259 -470 536 787 -877 -251 -1500 -829 488 -1138 143 -851 -634 -660 -428 -42 48 -861 1257 -914 380 -39 -378 594 453 -930 -1015 440 -846 -128 740 -368 -719 481 -1232 497 83 -270 714 -820 -950 898 -214 -33 290 -337 -559 -154 24 485 -661 -72 1017 531 -563 452 -158 226 1239 -560 -653 1414 -360 -94 -137 1307 129 -284 624 -657 1118 -133 1437 245 -406 -1152 28 85 711 186 392 -149 950 448 -1211 280 1065 468 -1237 1561 -231 180 -453 -96 560 127 -396 677 763 190 -719 -244 1197 -465 -462 -263 1096 935 -932 514 1079 -702 644 34 -53 -497 474 506 -61 -544 -523 1088 -478 1502 -1015 619 66 485 -68 1093 230 349 615 -388 1456 692 1049 -336 676 991 -14 -444 89 -756 201 1690 -736 111 -879 -907 16 -268 368 -551 519 -461 128 1031 -725 -147 64 -462 -1002 -479 -85 -182 13 -330 -794 -91 -399 -1057 740 -1421 455 -239 1074 -1137 -972 -563 -349 -571 165 -583 503 -271 -1387 41 687 -97 234 -283 1357 -949 336 170 -962 703 -111 42 1575 147 518 428 -79 440 51 195 1911 -271 -499 374 -379 -761 -16 100 -260 110 723 273 817 184 -792 918 346 566 -220 495 -1265 -46 48 -209 581 211 -48 -561 -554 -386 -948 278 -5 945 95 -863 -213 -715 -509 -539 -7 713 6 -12 -706 180 163 332 -296 -527 -1032 599 
-904 -683 -72 -12 433 -440 483 189 -528 478 299 74 477 216 -26 -315 -232 -164 -584 -190 -971 561 -529 86 736 1350 492 -300 446 -382 -618 -172 -936 440 191 961 -11 570 -412 -330 553 -956 -1135 417 481 265 1211 99 -377 -285 -114 860 -456 1082 319 471 493 -1373 -565 880 1009 -123 49 749 444 -147 522 81 1415 -214 -1141 403 1017 103 147 45 1271 -169 901 -475 -533 -272 440 -275 -937 263 -240 -95 -67 -430 83 255 -110 413 -556 137 1015 -775 270 52 1532 197 168 -100 -259 -373 214 -181 -451 -359 -284 577 316 319 -1412 -104 368 -1022 104 -66 44 942 925 957 727 1048 79 888 -816 -32 466 -1078 -321 627 -84 1110 44 187 518 -434 944 654 284 76 693 60 722 491 81 -183 -818 -574 1054 294 207 -17 903 -750 -550 1231 -113 688 -328 -361 405 153 -22 921 -611 681 882 -1011 -385 1228 258 497 -400 -611 -922 -110 -260 -598 -677 361 117 412 -833 407 592 -801 268 1691 1155 348 -1155 -483 -424 242 -93 -668 -674 661 464 611 601 1739 -242 170 669 1213 819 -184 -623 -904 -437 62 -522 -212 464 321 656 691 -167 -516 -138 93 793 -338 -17 32 144 16 773 -686 94 -514 1000 429 -255 -899 -339 478 -144 -279 406 899 505 1897 339 736 -154 -401 307 5 292 1009 1262 -696 -352 -289 37 73 683 -550 42 -479 461 543 -246 544 97 431 256 293 -473 -57 577 181 -444 -566 -1070 -3 93 -509 449 226 -713 -1383 -1281 252 -89 442 -343 -461 -440 -403 -635 -1007 521 -889 
1209 -303 468 -250 -105 926 769 -420 224 550 -344 -45 -883 -1376 124 -435 -18 971 280 -917 -539 -670 -1147 807 -339 -440 -369 -87 -94 -391 -776 -558 416 -1009 715 -538 349 -136 215 -1189 -264 510 773 -242 -175 174 -33 -409 176 -946 50 406 1043 463 -245 -44 300 1101 142 232 226 -858 -344 117 -1276 84 -823 -399 59 980 418 970 745 1210 -388 -638 157 -231 100 -741 939 -1029 -771 225 -233 -112 -528 -640 -405 337 -108 -172 329 -895 -958 -1112 238 -1045 134 -440 -621 732 -976 -10 -1017 131 183 -851 -883 794 -102 471 350 55 -361 430 44 101 1139 -332 139 418 343 492 514 748 326 -841 212 273 -186 379 745 -237 248 1081 1317 683 -651 792 -739 -190 85 -78 -663 -398 -634 381 -677 4 218 1237 563 -945 -342 -803 771 -495 556 -500 481 -479 -335 -115 -1204 -628 413 -695 362 -788 256 905 187 747 -671 65 -739 1186 182 -987 138 477 134 456 125 -14 226 337 -1610 204 -1678 -1501 -728 405 -427 -415 -564 405 261 -767 553 -143 -1904 -14 -537 -277 -453 -156 -94 623 -538 991 51 151 1300 748 -1062 339 830 -16 -216 950 0 -31 -251 -445 913 326 -590 -677 -1143 -105 -161 -632 -32 -502 -711 -1156 -447 418 -788 -628 379 -507 -96 -724 1148 -114 -179 205 -520 430 786 61 392 -621 -856 -8 -1239 -333 -312 -1348 427 -349 204 -210 462 -65 238 -264 -1365 325 123 -279 1137 240 -418 427 375 -1 475 -294 -635 904 1219 -263 334 -658 -564 -32 -631 -665 459 150 -1034 -795 -714 841 41 12 
-449 431 -358 -1088 -39 -843 -8 429 -95 -1946 1377 1148 159 -98 298 -1082 -1032 367 388 -5 1314 271 70 -853 295 -523 -536 -153 351 -501 244 -154 -958 77 -1000 -412 696 1136 -44 855 13 690 -7 336 -166 765 -535 -18 -229 263 1394 172 -323 -430 -390 -266 -142 415 -74 555 -1903 -23 -729 465 201 229 292 215 783 531 602 -548 -317 572 671 11 737 676 -236 -199 -501 -659 -952 -129 365 259 -1636 501 -635 69 -286 368 663 -373 281 650 706 690 -578 -417 210 -155 763 -195 56 -120 -362 514 -416 -252 697 399 135 -91 -371 -103 570 -106 999 359 531 -344 1073 -172 172 -780 -117 -605 -659 -608 -422 -183 -11 -553 -90 -104 -926 147 -1480 123 623 174 -425 38 1227 936 -165 218 191 -425 500 57 -218 512 705 -135 911 -304 896 952 -633 -456 356 -482 -421 81 -539 -1241 123 -518 424 -40 -1473 -1080 62 65 967 601 -997 -381 -216 -358 774 1124 28 582 11 940 -686 -411 -463 1190 -166 449 771 -98 -281 74 830 689 -438 -1266 -55 307 -91 582 -1628 745 -302 470 -1411 1011 -828 625 167 90 -495 -512 175 693 -264 -159 130 502 -859 333 -725 -1132 681 279 1090 -20 942 -179 441 -408 -1074 -160 -244 -36 132 -1355 361 21 163 -529 377 734 605 -663 -1144 -29 1045 130 850 548 1051 -1300 190 -478 842 -325 181 -649 281 -451 -174 -6 246 102 1319 -130 -202 201 -1175 927 426 -19 -197 1602 -970 -830 6 847 -86 560 55 -902 -272 -15 -282 -208 -608 313 -515 -933 1245 188 -603 -90 
-772 -205 1217 -702 -276 -311 519 -1252 -635 876 -847 108 -340 133 276 285 -542 1007 385 370 -415 229 479 -614 -572 228 -417 66 340 158 -156 -323 -1015 529 123 726 65 635 192 441 -567 -1143 -472 -43 -746 693 -280 368 260 466 604 68 335 -320 -20 -378 402 -505 1079 -262 278 323 250 56 -501 -842 -1226 405 700 -24 -1278 1371 -953 -478 -454 116 -37 569 -150 -590 253 390 -96 -321 460 306 -766 245 841 583 -436 -530 -530 37 351 -157 421 786 -383 -1205 151 -483 76 332 1103 -509 -560 268 58 -182 337 347 -664 787 649 -687 -59 600 388 226 156 1359 681 -826 -73 985 -198 -671 26 481 110 -374 319 -286 268 237 370 661 353 92 143 -408 443 -460 -375 610 -971 -181 345 182 -4 -373 -984 297 -159 300 -136 -330 372 766 -68 -97 822 -145 -164 -483 -394 266 542 1019 -206 422 -357 -829 126 1250 -1002 65 -628 -532 454 426 -636 -373 646 -7 -399 788 -422 944 362 -469 -419 -190 -74 224 1770 162 421 -702 -339 229 -259 -654 414 -546 -200 -907 -395 686 206 719 -235 -480 -350 54 -933 726 -327 131 -333 -212 981 434 -1250 50 615 1367 327 -251 -745 812 1113 524 361 -1606 -202 278 676 -214 -163 -892 1021 -1497 -1062 628 304 724 388 -706 -1438 -948 620 -213 96 -674 -312 -539 277 -15 57 -742 -558 556 -186 122 215 667 -729 30 -1441 212 -857 -591 -267 319 0 -370 403 -1106 180 1075 -542 314 -348 -682 -1340 -608 247 -631 -562 626 601 -739 -1030 764 164 323 -674 268 
127 -421 -187 796 1138 -755 520 -836 -686 305 -160 123 46 98 -323 -324 253 844 -367 94 39 -252 -278 10 355 -669 -19 216 312 -49 282 939 572 1072 -403 209 260 10 463 549 -36 368 -263 -440 -354 -23 830 13 11 -388 -509 -81 -851 -68 224 1147 -457 -725 -283 -808 -797 858 1246 1499 -353 -181 484 -330 111 -40 -526 -218 394 -417 -474 629 787 -652 -636 678 4 812 -377 920 -474 719 299 268 -534 -334 -993 -98 1253 -129 753 483 -1081 373 686 -488 733 280 -877 -102 1731 -270 591 -503 -729 -330 257 -724 -961 -671 -277 -248 -898 462 -742 36 -1102 -1314 -703 514 1173 -151 7 -58 398 -765 -660 182 400 29 -225 -295 -439 215 37 729 475 435 -877 774 1046 -369 282 618 -1149 157 64 -514 60 653 578 668 795 455 -47 244 1403 752 -571 508 -503 45 269 1042 -1728 -233 -372 279 7 895 51 522 -49 984 170 -605 382 -812 -754 -936 156 66 -3 349 -1195 81 -887 -361 -401 -930 -286 495 1273 -990 -554 53 -1675 -1687 595 242 -807 374 -353 -82 -159 328 737 -904 -650 -413 206 666 -665 -98 -208 343 -903 771 -666 -508 -490 -2 506 167 230 -1262 -721 -9 -984 -295 -219 252 -278 -506 708 844 503 -62 -319 -181 428 -1173 1090 1402 -371 763 195 453 511 188 290 40 81 310 735 735 732 33 -953 1235 -152 373 -1152 -212 571 418 -617 702 461 493 -134 71 83 -246 741 10 -390 -237 365 -415 212 -606 368 -246 153 730 180 -612 152 754 83 414 -126 97 35 163 
-435 55 265 67 233 -984 193 611 690 587 491 29 -479 -114 746 447 961 994 -745 -652 182 -352 -457 -43 57 -312 -789 -96 -28 314 -1019 498 -173 632 -1175 -537 -392 567 690 641 528 -426 -211 349 -242 -414 304 -182 -659 -491 275 -220 1249 -188 -288 -1455 335 -286 -841 -12 520 -541 -624 790 -154 -1260 1068 -68 414 -214 305 1252 375 -633 547 917 -263 691 -66 -909 525 -408 -539 -917 332 139 -409 -272 77 -576 626 263 401 143 446 -320 169 1150 -687 -182 -535 -360 779 -975 -9 54 545 -701 -504 427 -559 -190 400 258 66 -968 81 659 -61 -198 -374 -120 313 663 71 454 389 -1166 -390 -206 -775 -470 10 498 969 367 -102 509 4 -679 -229 96 -274 -221 -81 -321 -938 -768 24 -1190 -384 -392 -940 -140 7 76 337 -555 -189 266 -1198 -347 412 -282 2325 259 626 666 -123 1063 -257 -57 -682 354 1212 372 195 1149 -777 -1084 428 -405 758 -141 -418 -286 349 264 -1594 -251 567 905 96 1480 680 583 -487 1371 71 -1177 1298 844 -146 1110 1199 119 -29 410 597 -568 159 653 -228 236 -54 754 138 1827 -160 -315 535 -392 119 -644 52 -509 57 -395 554 -124 -460 -223 -665 -1228 -384 -489 172 -840 -949 467 428 445 45 -150 -66 347 544 319 1660 340 -1211 -470 203 109 1056 581 255 -516 649 1269 1071 -472 201 758 -660 -124 852 778 434 67 196 -431 -295 -462 -219 -165 485 -760 889 -231 -476 -836 235 -159 1053 -46 -1158 -1053 -730 -128 81 602 -159 -225 550 183 266 -750 -551 -472 
-660 249 213 -162 863 -553 267 -104 -141 -512 -131 -210 -558 982 810 -149 -472 -420 -57 1403 -1023 518 -284 -1074 76 151 675 -53 -206 -325 -187 82 -873 -57 -668 1206 -532 169 1164 1377 547 211 442 -383 74 140 -324 67 298 -22 149 -1016 -660 81 758 198 507 186 -854 1312 607 -233 266 234 21 -989 -894 1424 -31 506 -161 783 -386 -1994 -1530 -1139 348 373 311 -404 -647 278 -722 -340 -349 -469 -687 359 -146 -85 -223 644 358 181 118 -44 1598 73 -604 -779 -227 687 -1317 -491 288 -1396 167 378 269 -70 128 -276 -677 -247 763 -932 -767 -194 -401 -284 -855 213 -303 -681 -507 -456 449 -355 -228 -480 -57 -701 -331 -362 861 401 -269 288 374 -322 -875 -808 1108 454 586 642 -232 54 -695 814 -556 89 -309 -441 425 699 -355 1040 -1304 -8 488 1026 -34 -123 -627 -161 114 172 717 1625 -93 -103 -1197 -946 793 223 1693 -535 918 1117 1138 290 781 640 451 492 206 -715 -1020 -718 664 -168 274 1318 629 -70 409 607 35 185 -204 -305 -901 41 577 352 -453 -594 765 -241 -95 -415 615 -471 -1 -934 -212 -80 -300 -49 -512 -516 415 -360 862 -183 320 678 752 213 -121 247 372 -754 -845 780 992 717 767 -802 100 -482 -740 571 -59 330 -356 524 -30 85 417 -947 -589 -1054 1184 90 1075 -1369 662 -128 326 -551 -14 949 -754 -78 -1466 -83 -283 657 357 92 -118 -182 267 -1051 -340 61 -1126 -573 -697 72 129 -570 -124 -276 -427 -327 40 440 -848 488 -988 1040 437 -6 -1074 -215 -631 480 
-279 39 547 -213 440 110 -9 340 378 -2 -529 -318 415 576 -323 65 461 255 -267 -825 239 -193 520 -359 -280 -2249 -235 898 522 517 -213 -165 885 -167 600 -389 623 -168 -37 825 -1331 -67 51 533 365 -960 504 -1231 1067 -971 -97 656 -620 -227 -145 401 -616 -222 -395 52 -1150 503 -830 1128 -454 621 -879 112 90 -109 -270 -260 -1331 30 147 -26 296 -246 -464 -614 591 335 1050 439 1052 537 -1050 -712 -924 1492 547 -122 1074 314 -175 -119 -861 136 319 138 -1029 405 -771 -259 -753 -311 -1324 -36 794 341 -62 272 1014 -868 196 1272 -340 -66 -172 86 -933 -214 -596 481 -1095 -36 80 -436 604 950 666 415 -436 -47 235 147 1002 395 331 151 -252 -470 368 352 182 -142 719 67 -230 -1084 -824 747 342 -65 -737 -565 -688 -171 -313 -225 -703 376 218 -628 -2 728 -160 -1192 391 -397 1390 407 540 576 525 -291 1118 -215 -163 -413 508 -1511 46 -813 -831 672 -878 1022 -1385 251 -853 488 207 1359 979 214 184 360 432 180 632 -160 -52 220 -664 659 1103 461 42 -652 205 662 -153 690 -315 -659 374 529 122 -200 276 343 -452 -791 1741 -17 -489 613 287 -245 1191 254 801 41 679 555 777 -1003 119 1226 806 169 1558 547 994 458 -1195 -89 -321 -229 943 -366 397 980 -400 239 -395 1445 -1151 -395 -596 -1197 -189 -397 703 436 -1233 -211 348 -493 63 -837 -109 -1207 1565 27 -437 -512 535 1189 1209 684 711 1408 -570 561 378 -212 195 -78 -781 -176 -41 -681 812 -260 -332 -933 398 508 
1070 623 90 190 292 398 1458 111 600 1114 -1212 1435 106 1317 62 -755 -769 -157 -9 -1044 -646 -748 139 597 -550 -1653 297 573 -129 -191 300 -1161 826 -314 1159 53 -166 413 181 -734 999 177 283 -459 230 -26 886 -1304 105 352 -178 528 -1973 106 -376 -225 -22 -829 668 -348 334 274 -598 -1012 441 -988 -587 -692 -292 -662 111 697 55 414 250 -1566 104 -306 -332 202 -43 790 473 206 310 581 50 -3 -168 581 -330 93 512 -1077 -875 597 148 -997 -511 1125 -566 793 -177 14 -917 829 780 101 -614 -1055 -650 447 1028 -12 -283 1069 209 -507 530 -1607 -770 133 -1039 927 147 48 -1502 295 -803 974 -43 410 -156 727 374 510 756 -157 148 129 456 -440 597 319 472 630 357 28 -1032 -880 -111 -191 1890 525 -625 -695 309 325 263 -328 593 577 513 226 -399 743 -128 309 -503 714 -23 -241 -235 106 412 1216 -197 -1070 -735 822 221 -1246 370 665 655 226 -716 143 417 -627 -650 -124 1007 1359 -1438 -398 -53 538 -386 -389 -122 1099 454 -762 -288 -1000 -22 -366 1001 80 440 -613 696 -321 13 -214 1052 -846 -80 -831 84 -76 -1274 -504 172 -1222 51 -666 -387 201 -338 -6 87 165 -410 -702 721 949 -34 74 -776 -219 660 282 1181 -490 526 608 560 341 -632 1094 737 -107 -432 -383 120 513 -674 -97 56 -14 521 979 88 -1137 794 193 316 430 756 48 1652 -273 -417 960 -141 -88 260 843 -172 151 -820 1718 390 -550 733 -1109 130 141 670 -541 -167 164 269 -329 162 -525 -1104 -616 
-267 -675 442 -294 354 81 229 -1333 606 496 459 90 -209 -462 1057 664 877 -275 1325 439 1 394 208 259 -345 119 618 -1065 -556 1159 -1479 858 -1334 -476 -770 830 -319 -412 -7 -857 865 180 369 -1467 -410 781 496 -1049 765 -700 -1146 342 -43 1509 438 204 104 250 778 356 39 -93 552 404 -485 -1151 -1868 -549 -575 185 -91 -824 -481 1059 -220 1686 -1102 -183 333 -657 560 223 -205 270 -447 675 840 -514 -503 110 -862 -1442 158 173 501 -529 -761 104 -17 932 770 -1368 -732 -140 -278 53 976 -550 -561 -810 213 -466 -1052 -1376 -189 -1063 573 -481 211 -372 191 330 1290 241 71 196 634 423 -255 293 -148 -579 342 702 -1214 28 -110 913 -372 457 -748 359 478 -703 -1108 -925 -272 -507 -216 -42 -457 796 303 -657 32 78 -313 -193 -1223 -587 -1382 249 -985 963 -542 -1076 825 368 -748 -61 -389 390 1 -145 733 -409 264 144 214 -438 -142 1134 251 223 187 -223 850 768 245 -244 151 266 90 -626 -853 427 -175 1314 -225 -798 -6 154 179 179 70 158 -1308 943 -401 -550 -737 -985 -50 106 719 -502 -34 81 -174 -265 -454 899 -175 -887 -182 110 309 1186 1928 -273 -517 1219 115 -216 -69 601 -697 -71 1002 480 -109 775 684 -75 -272 233 -602 447 301 440 -206 119 -1041 15 238 379 -1403 -14 302 140 888 669 49 812 -90 549 -131 -2 -462 114 152 783 128 70 -746 -472 1132 1154 -454 -1074 15 169 -184 -314 339 -186 -776 21 -289 1141 890 -85 -409 -547 -448 265 -501 -629 -1413 91 
-193 1173 -505 963 182 -741 -240 1574 -256 -413 619 366 -288 -925 -250 853 -426 932 -544 -34 600 338 -383 53 -461 -122 -550 551 -304 -105 -78 -705 -199 -84 -499 197 914 -1064 1068 -229 -436 554 -61 638 -709 903 -926 36 388 -950 -500 -547 248 1441 -79 837 849 -112 -760 440 -1380 -767 511 413 62 226 -489 -396 589 495 -818 461 -206 139 -516 160 -18 419 341 -366 -66 -803 650 -177 -130 -52 -498 932 133 -1 52 171 112 350 -262 -461 -179 352 479 -5 -1717 1550 -418 -640 -651 -529 850 3 -646 620 -618 324 677 -674 -428 1131 -586 172 765 -46 -1047 -39 -396 648 57 -3 -25 3 321 -992 -414 -101 -210 584 212 536 -645 151 -359 1060 -33 -577 -274 -271 538 -402 242 -282 -725 637 -1158 -101 -490 -509 1127 1044 413 83 266 566 -392 311 -124 -752 -392 1092 -1431 -616 240 -649 242 808 586 1451 739 819 -284 -572 -615 -208 909 -1267 1140 857 -1415 183 970 745 344 -981 -805 101 143 479 -203 858 384 -758 -391 -450 -1064 329 -1263 173 178 -453 60 668 -919 -873 -108 776 -1213 148 -77 -20 58 -1400 -133 -227 761 944 -446 455 67 -91 -135 1263 -1121 -165 -345 -538 1123 -1097 -999 -584 138 -246 -901 202 646 -173 101 137 1165 208 151 1011 -411 -484 -320 224 834 347 -465 -86 -659 440 214 834 819 -1115 220 -186 443 -443 -158 -326 -559 -361 267 -851 -358 957 -631 -417 -17 -881 -833 1017 790 439 1347 248 86 821 -584 230 570 246 342 484 -738 -656 391 -1250 142 -724 -275 -415 
44 429 -1079 489 547 599 53 -311 -170 -6 -469 -716 -15 -558 -435 -292 -1254 17 918 31 248 1211 657 1331 -706 69 250 -778 807 -292 651 -251 -643 -425 -103 823 73 -669 349 68 221 -137 -642 646 857 359 -976 698 631 -768 -403 -136 -508 848 -751 288 -75 -340 509 442 -171 -20 -373 -814 -579 -522 450 469 -896 -1020 -474 1589 -102 -1168 42 637 1007 665 644 -528 550 139 241 -333 536 267 -664 -440 -1246 -295 66 64 -146 -706 -749 443 -129 296 228 -151 -143 -44 162 -157 408 349 -387 -399 -286 645 542 1507 -42 -1654 121 -792 -613 1317 878 -809 -934 303 552 -309 -515 251 328 -509 112 -1082 304 -689 -627 -723 -56 -296 483 900 99 -583 -599 -1194 457 -1027 643 -241 -242 58 -160 210 -473 -382 -978 702 819 79 968 -291 543 -286 117 261 -293 -392 977 886 -404 364 880 542 -11 579 142 -52 -297 -268 -560 -772 975 79 -240 334 89 -854 -242 503 -117 269 121 198 33 998 116 -131 -350 -140 -1082 200 -637 364 601 638 28 -675 857 -119 394 -880 1170 -133 47 -232 -344 49 215 224 661 -401 -1169 -315 325 604 -1223 1045 1185 -1051 -638 -806 279 -517 151 -214 168 -834 4 -86 -326 -266 -564 1069 295 -6 -82 -61 76 1390 -142 1198 720 273 -718 -330 222 -251 1242 -120 -187 723 948 141 -614 689 -573 1098 -521 123 -275 1178 -168 140 -887 -682 1125 -1197 213 -517 -746 -367 -518 46 242 637 220 408 -84 -502 -997 814 -131 -362 728 975 -688 -702 192 528 -1055 -107 -206 -1132 
-353 -320 -343 1062 -635 -307 -1065 -1003 -759 -1206 555 -578 -5 -478 -784 263 55 205 -246 1076 400 -169 161 -344 695 411 -199 -239 440 183 -711 -456 1159 743 -505 -510 -457 301 -1390 1265 2046 300 143 -729 228 -361 -579 1562 -883 1887 64 105 252 -773 -76 -124 689 241 -925 -608 293 -527 754 -217 438 64 -571 832 694 -887 -672 -501 -588 -619 -1358 462 -937 1392 -148 -1089 363 -795 358 -362 -1021 251 -1180 1073 -232 -283 -790 -157 970 -299 553 250 -1329 975 96 416 -37 79 -254 193 40 -550 909 980 43 1105 100 -466 -466 -548 2 340 -471 229 -93 179 -1355 97 708 992 -65 -86 156 -335 557 343 1780 -194 -167 1303 -351 -443 -42 -768 -255 -869 -122 597 1067 -301 722 -129 -190 285 706 -86 810 25 -715 519 1172 352 -1298 831 -818 -334 1582 -96 635 -188 785 -194 -834 -587 512 -681 337 172 -505 483 166 164 150 -1006 -382 1135 185 525 225 -217 -266 -57 672 87 -938 955 -454 115 470 -354 204 311 37 -538 847 -137 66 145 -1865 547 -254 1111 1050 110 281 -289 115 -139 -50 -23 491 779 64 385 752 -221 1254 -503 630 -537 1404 675 666 -628 -1907 1894 667 -1589 731 -683 -715 254 527 -407 832 70 922 -739 -158 -169 -425 -360 -985 -149 168 0 183 556 -552 -452 757 0 -292 -64 -1087 158 -999 -1226 62 -22 -1020 403 -714 238 -197 826 -135 289 -233 -328 461 -241 -559 -816 -324 94 997 -497 579 508 1672 217 -112 364 -1200 63 1073 -166 518 766 -460 -488 -411 -416 25 226 
1147 531 -60 47 -439 -20 -181 40 -185 -1123 533 -83 -887 821 -1400 -1016 -54 1097 337 -1096 323 -731 -80 309 -42 524 -15 -510 623 348 1102 -535 -260 381 99 -1058 -1143 770 -889 -539 554 -375 -236 320 -313 -81 -436 2 257 806 -441 -180 -624 518 363 -562 -254 -344 992 370 -115 -421 -330 -569 832 -774 274 -66 656 -647 901 -789 132 592 -597 68 509 602 -596 -329 -309 835 96 -340 -424 -354 -439 -76 -419 1476 -634 196 -796 -120 -144 165 -680 334 1040 550 1161 -102 122 407 -64 -671 21 1056 42 -1314 99 479 -806 -601 -565 915 -581 -710 -614 619 205 -98 -888 -1599 970 -623 -170 551 -992 494 -220 678 1736 -361 541 388 -735 252 -86 -1380 990 867 1076 -38 1286 667 -49 968 -882 -134 677 1 582 -462 356 612 -336 -734 -992 -982 721 -1115 -22 -125 -72 -664 467 372 -821 283 252 506 1616 -124 223 729 680 -338 -93 929 -560 849 199 -751 -447 38 686 -315 -781 -407 -345 -1229 836 -436 378 -279 -110 -1106 -296 222 -459 -664 -338 -745 259 239 527 -534 -795 -710 -1601 873 -213 424 76 594 -301 424 -846 -131 -243 -236 -437 -584 38 421 -495 -114 -94 -388 238 152 -62 -1557 -804 275 -61 -49 356 231 238 47 -176 1223 332 140 1185 -112 441 -1720 36 1050 643 -61 -636 179 82 300 -795 851 -583 522 -1569 -311 -368 129 644 -1172 52 326 -277 -287 1850 -641 -640 -89 299 -177 -12 173 138 113 -58 269 -1122 -1191 330 185 -207 -552 1362 289 -167 680 450 584 224 -777 821 123 
-171 487 845 -107 -732 -1180 -700 720 997 126 795 -5 -462 -1574 497 511 -344 1075 598 -254 735 -530 -89 396 470 -71 -315 -609 18 -213 -932 651 -479 -960 310 23 587 602 387 132 725 -24 -85 -42 -666 527 -1123 536 -376 -603 -177 376 2139 -509 -54 -649 403 1428 1142 -463 1292 -432 -379 469 -207 478 -583 252 -177 157 -364 89 -73 346 479 -806 -234 -1191 46 -385 608 -998 66 -233 -613 1244 1200 89 30 -93 157 -635 -311 -451 252 209 1019 -433 -648 -928 -894 224 82 361 488 -959 885 413 834 -319 -1319 685 -960 1231 -133 -1091 503 -532 -624 -626 218 501 646 378 -798 -97 15 -628 -614 -1035 -627 -544 -1021 1486 417 755 -144 585 260 597 171 911 -1490 1259 -958 -817 -375 410 567 -152 -615 1066 -761 238 -361 -564 265 432 -319 344 7 1405 -632 -457 910 536 867 377 -1 189 215 138 -1051 1127 48 86 685 616 -292 -201 885 -203 21 -1372 -891 -174 593 -233 -597 256 -456 -688 -827 -50 -376 -411 336 -47 -466 943 -158 269 917 -512 -180 465 -62 113 198 141 273 -413 291 -862 151 343 -326 914 257 272 457 -882 1607 -253 869 -466 -239 315 -866 -553 -1285 455 263 801 1151 722 -891 524 -598 388 -18 -618 348 -1032 -714 485 -158 -618 -55 -359 -451 166 257 682 -728 -503 -542 152 864 -17 104 1152 958 -630 41 -188 -470 1601 126 518 -476 166 214 573 266 182 447 -989 -748 -306 226 1225 -10 279 856 930 -86 -717 -835 257 -1426 -277 383 -27 -1136 -799 100 122 -972 1950 
-24 1374 457 511 117 -893 474 1214 525 34 -394 -636 227 846 407 198 1673 497 333 -310 -895 -267 -372 592 -938 -418 -620 694 616 654 59 454 -579 235 -80 481 -298 -369 621 866 -1194 -1189 -711 453 167 -80 -110 -253 450 -45 266 -1677 525 -439 -776 -567 501 -1013 262 726 -821 -975 589 305 288 123 899 667 -50 -116 -235 940 -551 94 281 448 769 -40 153 153 621 672 107 29 -1092 159 759 -744 -1187 -339 183 618 -583 512 312 23 -1265 487 -1189 101 804 -464 154 463 202 -248 1439 951 935 -4 494 -430 -103 291 -1474 -333 434 663 1160 -372 1333 79 -16 -800 727 1153 117 123 475 -380 149 52 657 -1791 -25 192 668 -224 250 24 1114 -1903 -687 -1010 -1212 429 -527 385 -378 -214 -35 1883 -1558 -293 435 1016 128 252 -195 -128 15 115 108 558 1205 271 -380 184 -125 296 -53 -619 -359 747 330 -188 262 803 -514 -11 -169 -532 -473 86 -534 -955 -136 -1144 -762 98 -619 -604 -563 29 454 438 569 680 -260 37 -68 1587 -52 -1026 371 606 309 61 -462 538 -406 1239 -883 618 -432 -761 921 305 -339 -1600 -1443 543 394 328 -597 945 410 271 -680 476 -238 -948 56 -25 -625 -1085 -722 654 -103 869 152 137 -438 542 320 408 -406 -20 671 -434 -662 -1226 -372 -1190 -73 814 229 185 644 961 580 -449 -223 358 604 -989 1102 -509 -509 921 -469 -740 -329 -868 -132 159 -189 -666 -1075 -190 803 138 -1220 -1475 1274 -267 -933 678 1550 194 -807 294 41 42 -98 40 497 1381 333 1077 
230 1482 366 -1128 71 -394 -238 306 42 561 -168 85 537 882 1316 -704 -233 -318 -433 47 -6 -826 -81 773 -374 -529 -1371 -134 -224 -264 -487 27 183 -9 11 -98 -486 -34 -335 200 -260 709 548 -305 -806 419 -260 1143 369 -379 960 240 -988 129 -315 51 784 1009 58 -499 -653 -93 -142 401 -442 -312 -371 190 480 -752 -37 -1109 -1111 593 -296 756 531 -662 -306 332 303 293 249 767 974 708 713 76 653 375 -1817 1182 230 871 439 844 359 28 -530 390 135 -701 456 1000 -459 -645 299 -1107 632 -933 779 -199 -565 87 -113 -750 899 327 41 858 182 910 623 57 -315 9 780 -181 -706 -55 768 554 -654 -705 1316 -1308 -33 76 -135 326 424 -73 59 315 80 -271 -23 -501 -78 1152 -494 -391 191 -1236 171 94 666 -638 859 1784 -747 1081 -239 -182 -229 325 840 -559 -323 -144 32 533 55 -471 -117 101 83 525 -21 388 -577 -834 -409 122 423 638 -254 160 -1176 488 -1355 197 -75 -269 704 -561 170 7 322 390 1071 -745 -836 -790 547 265 -379 614 -573 202 -567 407 149 -870 590 330 -953 -512 -389 366 860 -308 -1500 194 -308 -267 203 -88 909 -287 -637 -106 757 -130 -178 1370 -576 -103 -601 419 -1119 -81 614 -72 205 -836 993 1637 -467 -754 -1148 -307 1 475 -419 -1361 691 1489 509 -766 469 897 171 -154 -805 -578 -471 782 1299 1144 332 -182 161 -681 -189 -1001 245 141 -329 -80 20 -91 -649 -742 -505 490 494 269 -259 519 304 651 -539 865 -1256 73 210 17 1135 604 
36 -662 -78 262 -688 263 88 694 724 -333 -413 -556 -884 -732 199 125 1037 413 -518 -897 17 892 472 1110 559 -668 992 -603 1306 553 315 158 -835 -783 812 -366 -681 -404 85 -262 1129 0 -289 -223 981 87 -827 437 -603 1072 719 -325 814 -337 -56 -930 84 1164 297 -8 -369 125 -12 714 565 -329 658 -665 678 443 -398 700 -179 471 -980 190 929 -344 -238 -699 151 518 197 280 279 1158 855 -562 -541 142 1113 -29 -629 -1230 -822 401 -279 -883 -1038 -285 -575 -259 -107 1250 460 -307 883 -936 69 1054 -147 1510 377 -667 -99 145 986 -1374 -224 -909 261 -36 405 -168 -280 -588 -109 520 -58 -665 74 -484 -1023 -47 -298 -185 292 1325 -869 393 -270 1074 46 -334 -706 -699 -212 359 428 -1275 -186 -287 -1000 470 1101 -711 98 95 359 199 -353 -770 -1069 -775 1004 -565 352 -295 -748 -215 -1453 466 767 -221 237 -73 387 -1135 369 258 -822 -250 -158 -37 -832 -499 -542 -200 259 -105 -398 -246 838 990 -341 -80 -1178 55 -194 -53 474 -212 144 -432 463 -109 902 -309 10 -423 -40 -91 -207 140 -145 -542 240 -572 237 -115 -222 849 107 -317 -46 783 -374 -930 -565 1188 586 -1237 -635 -103 -186 -630 642 140 -64 589 -47 -61 -343 -332 -3 -416 -722 -677 -392 -268 89 -388 -372 -87 -186 809 -504 -739 264 181 174 1088 493 -1233 696 -405 702 -607 -456 557 -189 -98 -542 -257 -521 1504 146 -332 78 649 122 -607 400 -254 706 872 -259 -138 -654 -602 -129 -351 954 195 -518 -1207 -704 -454 -37 -194 
1360 82 424 653 302 507 251 -390 2 147 -332 -248 427 -108 -112 597 1339 864 508 903 -257 -234 -563 -901 -319 -904 651 -584 -428 -501 733 -565 126 88 -1295 671 -34 421 -355 1436 -693 -597 -3 -340 1025 -783 392 -693 1260 -133 252 -1005 872 -392 -585 -427 764 349 569 -657 -1878 -428 1518 -360 -1252 426 -367 567 208 -72 191 111 66 823 1275 -578 -40 1229 -244 302 265 -557 806 -251 88 -735 734 -850 -439 -476 735 83 80 458 -1059 -928 -539 -599 -389 642 463 -406 -146 -426 571 263 -761 435 61 804 146 808 -1384 444 -89 -1258 -316 846 -532 1599 562 38 -827 146 342 -688 -101 -29 872 -530 351 51 844 -583 430 575 473 -842 973 -832 659 -94 -1095 -1082 222 198 437 423 -579 58 -767 1600 -1070 -1160 -164 -708 -370 48 1014 279 -897 603 -441 71 -406 -626 617 989 901 -406 -113 291 -802 -369 -86 -353 75 1782 100 -782 -1228 -49 14 -1071 -221 63 1276 -1037 97 -84 -387 -1474 -521 -27 302 -992 -169 27 -308 873 912 1150 179 378 422 930 -686 -434 -1305 81 2037 -140 801 925 -129 482 -199 1037 123 1179 -599 -352 -870 -301 356 1799 -400 -460 269 164 -520 -695 210 631 887 23 113 -162 -289 -101 -182 -830 -709 -278 229 201 -33 261 -5 -465 281 -27 1256 751 -1448 -235 44 39 267 196 1147 -438 -111 552 768 -203 -749 476 -467 288 -744 -1009 -833 -394 -1043 -793 -139 163 -232 -343 -18 -459 -415 600 293 913 528 358 1015 -723 139 46 210 580 975 -1625 -301 128 105 -8 
-136 685 650 -1367 100 446 -1362 -450 313 -336 -131 756 -721 344 -661 -365 -1407 469 -173 617 -142 -992 -724 691 222 -1905 502 -231 208 -192 -817 688 277 -35 217 -30 1218 -20 -98 398 658 -619 1213 -267 494 -852 -1422 -260 668 13 -493 1466 23 360 388 -249 100 -266 935 134 -1 499 313 123 1077 44 -296 178 -456 454 56 408 583 69 -228 270 147 -787 471 -1334 -1252 123 -450 312 565 150 483 -296 -710 -450 -1413 -34 -24 -206 -466 -67 1261 -328 -142 -289 -225 -439 120 521 -450 230 547 9 -260 431 -548 -454 -954 -100 -319 823 672 185 -56 -245 -586 -834 274 -1407 -1159 591 -358 -1061 338 303 865 -240 -312 -58 336 -1015 1249 818 352 694 -772 -226 175 -28 94 -996 -632 943 401 787 588 194 -43 -96 -1087 856 -13 -83 -710 450 -902 240 719 20 -146 -174 324 -67 1363 -432 -531 745 -243 873 -52 -784 680 -916 579 -249 -534 728 -348 -721 -864 -1036 -815 698 -126 -363 389 1076 861 -444 -1136 58 751 622 -696 -580 -350 -567 123 568 660 -72 94 -30 280 304 -277 134 827 -546 883 153 1593 24 -669 -314 -362 301 -143 -147 -470 -444 930 -1214 -39 -1066 193 163 -165 568 74 -715 273 619 -728 1133 359 120 -163 -14 494 166 -36 -247 -657 -261 249 -863 -475 -256 768 -44 199 864 58 -463 -509 -874 965 528 110 508 -515 -1539 -50 -392 -634 -658 363 36 38 230 -766 -947 -85 -615 -3 344 -206 423 580 -565 -891 -66 -404 -425 -281 -378 232 531 -28 -298 338 371 -1002 485 
1467 -26 -1070 795 -40 -88 825 -744 326 -533 215 26 -245 -510 622 1020 130 89 714 216 -670 -955 51 -377 379 395 -621 -856 399 81 -365 404 -428 -247 -482 335 -596 -226 -1780 202 592 1336 -1229 958 -327 -213 -771 -589 -1149 -337 -6 708 -550 174 -10 819 246 514 -1122 -279 219 -505 -125 598 34 127 1885 -442 942 181 689 -180 1140 -473 195 1113 -988 294 21 -766 1927 407 -398 -391 -1017 -1725 -67 -434 -798 -263 -1461 -305 665 799 271 -728 -633 -449 182 1190 730 -283 78 92 -612 647 -529 92 709 580 898 -493 -509 -1122 582 114 -525 948 -599 730 -1168 -157 -193 -1275 -1155 -309 782 -283 -56 -304 466 806 1170 377 -766 -185 537 870 -220 -408 265 271 728 -34 -709 -385 -189 -407 -1549 -1301 10 88 -346 -102 226 -647 -161 718 768 -1170 -87 -745 152 -495 -408 58 -610 -504 12 -144 1031 242 -213 -300 77 303 616 -699 1 -428 -641 939 33 -101 653 -92 1027 -58 292 799 406 -134 1694 165 -9 -488 -690 333 -319 741 1239 -343 -469 838 282 -461 548 -1183 390 -155 -426 -97 -313 -476 45 544 -628 -40 -211 -629 -305 -490 21 168 1410 211 -682 -317 643 -26 217 835 -987 -1471 185 847 -713 355 1247 -302 3 121 -983 378 872 -237 -468 -983 -29 -645 -96 -29 259 -294 95 1238 -388 -942 59 387 -51 588 467 667 313 -534 -111 1237 443 173 -338 -820 1006 26 218 -494 -175 709 -499 205 1272 469 330 -167 81 225 79 629 189 -617 561 439 -185 153 233 1491 -123 -149 835 -594 
182 -851 168 -399 776 -319 68 111 -97 -181 -307 228 47 82 8 16 798 967 -1034 -703 101 -454 119 776 287 -737 498 149 524 1011 -579 100 476 -1280 133 -208 -573 245 -1070 -290 339 1147 -502 -558 223 -337 514 602 -29 -1073 312 205 -2182 181 591 1272 61 -373 -1001 -500 -120 1027 337 -686 -58 220 -316 484 738 95 -549 -197 154 -435 -587 -170 -189 -476 481 -293 -1158 -355 2020 461 176 -421 871 -119 -79 -471 -550 451 -518 46 -123 14 -482 -607 -417 650 -1234 522 -189 973 -414 265 720 -853 -191 -264 372 -177 171 -98 368 1591 991 1489 78 699 -480 42 204 513 -1768 1279 682 918 1206 -54 52 382 -1432 -390 240 -292 1003 799 -272 791 -721 378 286 -22 1542 -713 518 601 -713 191 736 -45 -39 -397 -810 604 1551 -222 -187 992 916 -36 -46 -113 1258 362 -111 -310 -743 192 654 -624 953 479 -172 -988 -943 -1076 625 444 -317 -877 -203 530 17 314 -1432 1287 336 -1492 -1947 334 618 -78 1447 173 263 1208 690 -1109 -1074 -207 424 445 923 -227 117 -107 -854 116 -894 209 865 -548 1593 175 -760 -544 703 -454 481 -607 309 168 792 144 -409 209 621 -293 75 -1 -187 -486 670 269 469 245 -813 286 398 575 809 -144 1219 1056 -561 1006 696 -728 -1056 -681 -91 1077 89 724 -1192 1146 -970 576 1103 1046 -899 647 883 268 -836 307 1490 -798 900 -226 -736 416 1249 -437 -676 -383 768 1319 969 -9 -794 608 -312 -559 784 84 -84 -383 795 352 -880 338 804 973 -57 -346 1098 574 
-565 1304 -153 -152 -636 -121 -93 -15 20 -124 401 -1039 714 476 816 -27 -1002 94 337 655 -906 -340 480 -223 700 1269 -935 -1255 643 -261 -388 732 65 -173 -1100 207 -912 1006 -630 1382 447 -228 -21 -337 525 769 422 -209 320 -726 705 563 -496 -883 -114 1112 640 233 -147 -504 433 -1313 -353 -502 871 1089 647 -247 70 -351 552 -34 468 -500 327 1494 362 -16 -639 1147 192 606 -149 775 -486 -513 -528 1391 -87 -489 -564 186 -158 2031 -271 -215 238 416 -60 746 1080 252 1239 -673 -668 500 -167 -144 85 -1277 -21 293 -113 -375 9 80 -753 186 -118 -773 880 287 952 1301 662 -144 -450 31 -297 -537 277 -423 1944 -311 -54 1042 725 304 270 -776 -219 405 576 -966 -621 -290 793 562 310 -129 898 490 248 -75 188 -123 -72 172 -1177 -891 138 1142 -311 -1595 -556 819 74 1112 266 180 62 -216 -954 -182 651 -801 -496 -143 -379 -500 1178 -882 -899 -1734 187 394 220 555 362 -870 -222 57 82 -717 -172 -162 248 100 1260 -584 -550 159 364 457 43 352 75 -431 -166 -549 315 -179 -162 -232 -576 -16 -322 209 -555 614 -322 -290 -568 573 806 -502 -438 632 362 -47 -162 -201 1366 -1344 96 315 327 201 831 19 -323 282 -410 485 -249 135 225 -17 1013 1288 1530 -400 587 -375 -977 583 -401 -347 -196 10 475 -326 -30 281 -521 113 595 2 -426 -114 -171 1007 -33 -389 -471 -97 77 -193 -399 -243 262 581 -521 17 904 387 -176 1034 332 37 1019 -274 613 395 332 1313 -575 967 542 -100 
-609 -1016 172 -851 -143 -645 798 59 144 263 -687 943 -521 -643 593 -201 -81 649 -507 -173 -254 297 142 -1104 166 -412 -1154 365 -279 -1012 529 -1378 -405 -465 739 -643 428 -728 -46 -420 -309 -189 219 290 -94 -123 189 233 541 124 1715 -254 944 -1006 716 314 -16 72 -200 371 642 429 -708 -1274 355 -470 30 1071 643 -921 -1079 -786 -798 378 -742 -759 369 271 -90 364 127 -656 1206 -741 -266 312 -994 634 878 893 -631 375 381 -120 180 909 -91 -64 934 498 357 -21 -198 1387 -737 386 -629 666 419 -794 -596 358 517 -493 -676 901 749 -585 1160 1129 328 1557 -201 -35 521 -145 -636 -754 276 442 617 -1231 647 170 -485 287 314 -860 -356 -97 -411 1537 1194 102 -623 -383 -427 -218 640 292 309 -1084 761 -431 -1054 -323 -807 -441 -408 103 -53 -13 283 -290 1404 480 -1057 -1577 -1347 -483 -380 -529 939 -202 -238 733 -635 -311 -1319 617 -191 200 -1535 -565 139 -28 -218 -568 -450 1320 -677 1395 -114 -62 -775 385 666 307 200 61 -105 -636 -1296 -954 -741 -286 740 -713 -572 539 198 990 293 -778 337 -349 429 -758 -323 -293 -703 251 259 829 829 -1580 61 155 -1021 1082 -118 149 687 1594 -746 -770 713 -448 702 -307 -942 -861 -249 907 -963 -298 -1588 282 -510 -761 -377 764 548 -685 137 358 -128 -813 -101 -1047 -35 -56 -790 -74 -147 -519 1019 334 645 107 -493 815 -135 1752 1090 263 469 347 162 -233 -790 -822 -645 145 671 1003 821 -402 -507 1018 634 263 -1335 -383 359 590 840 306 827 550 
-17 -150 -471 -496 357 734 446 124 -1293 -1173 -129 226 274 -462 -1013 334 -615 -165 785 -50 545 132 -68 -53 -480 1567 962 -129 18 144 -387 456 -104 -595 987 -168 521 -303 1674 441 273 240 790 45 -523 404 375 492 -418 -275 -94 -686 -1003 709 -1020 470 914 -171 38 -1677 -865 926 -239 37 -317 162 -549 602 -835 220 243 228 361 1355 1009 -1299 468 842 -16 916 -100 -387 502 945 -165 1342 -604 -1564 69 -422 202 -220 795 742 -446 -344 -858 -633 -157 -385 -676 220 -636 -707 -215 385 -11 153 -470 606 -668 851 113 -272 -217 1415 -636 317 491 433 -3 200 -642 468 -889 -300 -159 783 889 -351 -168 -186 -532 -1003 447 26 -810 -144 372 -618 -72 -545 -20 -462 154 -734 615 168 660 643 317 1069 -517 472 710 -152 -75 10 981 613 969 701 -30 473 695 -481 433 234 383 -293 -37 -68 16 306 701 769 -1335 293 -84 -721 465 242 1060 1241 -57 987 -218 387 -1079 82 -830 500 -810 558 -225 -933 -507 81 424 -1225 -644 771 -1102 -280 365 973 -483 -113 312 1019 -763 240 -80 1469 -839 -286 216 777 -210 -152 -304 -336 256 -520 82 -548 -987 897 703 -287 -576 760 177 -792 -206 1199 -171 -744 -1296 -262 -180 -1044 96 1092 -1018 929 1185 -154 552 26 -231 -380 826 -546 -171 -394 917 -866 -808 938 -52 -489 141 1209 -242 323 -256 132 -403 -561 -545 -230 -443 -1307 38 -235 90 863 80 236 -34 -404 379 4 22 693 745 -227 62 -257 598 105 383 -1090 245 -1003 -570 -116 337 12 
394 229 566 -25 185 -689 7 -337 141 968 497 -1317 543 -327 -405 -59 -494 324 1123 1284 -469 405 578 -25 -665 1025 225 -588 -655 108 826 303 -814 482 -32 -374 -531 -258 -100 479 588 737 -430 48 223 275 322 807 -690 -548 -565 230 -90 450 35 -69 -171 1304 1371 -513 94 92 635 -451 -101 -765 456 532 -426 211 -154 184 40 238 632 252 376 -1600 389 207 645 -645 175 -825 339 -110 342 344 -152 -1174 -137 221 231 -15 -170 248 783 -416 -664 -1227 -826 -1013 777 -384 645 -448 351 -849 795 706 -708 1624 -160 878 240 657 -551 625 86 116 684 470 472 1010 476 -197 -596 -76 -76 -1710 -493 -1221 -46 -617 833 99 713 488 1608 -836 849 101 -832 -73 1021 59 -969 -585 482 1543 -1782 601 -894 -27 737 -1385 -666 1342 640 845 -724 158 -432 256 76 -434 -1103 -862 2269 -286 698 147 -317 -750 728 682 -350 358 -49 84 -465 1769 -179 -60 -115 262 474 -250 688 -557 835 1437 -18 17 585 975 -197 -439 140 -732 568 345 1389 -809 -86 -475 -518 495 -202 584 1121 -397 -672 -345 124 905 766 -58 -612 1283 209 -716 835 469 706 -236 618 -95 421 -484 -1119 783 1176 -454 -680 -250 127 284 650 135 -181 -423 381 -186 -1259 -293 -414 253 -674 485 -608 -536 -374 -1474 -219 -266 1075 266 414 120 -23 -270 -205 -153 531 562 -514 67 -189 -250 248 574 -206 732 -221 605 605 -605 -717 797 -885 1195 -335 -197 -91 931 -718 1144 231 -501 -418 83 510 -84 -613 -85 398 -1180 115 1393 
-293 1201 989 712 194 -397 1263 617 176 473 381 922 -73 -368 -72 414 -328 -286 -1398 -378 -697 -682 -282 -224 -531 749 -22 -20 -344 27 -1420 -696 958 203 1086 -823 -647 191 -576 -649 485 626 -1606 -627 525 -50 -852 741 -1175 -394 -395 923 346 -61 605 929 606 363 144 -176 1119 -388 1044 -281 1081 -453 -691 661 382 85 -124 -120 803 770 402 148 -287 49 671 -836 1012 -1005 1235 -47 -1084 74 1022 555 -402 -407 -125 -56 379 -250 -132 -398 -892 -518 1 -817 -727 723 -326 62 660 77 297 321 211 -7 -614 -1202 -539 -847 277 -188 -270 727 -468 -1353 311 -1403 -1050 -137 -395 -112 -464 611 31 1067 847 495 696 1425 -312 -346 -388 968 -393 -277 651 651 -410 986 993 1106 -1594 -450 -7 -661 179 257 306 141 -787 139 730 -352 -681 237 920 -54 36 830 749 453 -362 453 600 -1111 1077 -799 -338 -329 181 160 -34 -687 -815 -1282 304 23 -353 -385 -364 -67 1013 137 1053 229 -462 -44 849 -631 -873 -656 920 -701 -591 216 908 410 -508 -715 14 -1135 207 -523 -741 247 373 937 -557 -65 -2222 1782 -372 209 15 33 261 -568 -246 192 513 -530 568 636 -335 -29 -65 1509 -1069 574 1348 -600 434 1074 466 380 -595 76 183 -845 -654 466 -602 439 112 317 -111 12 969 1108 841 -583 -369 345 249 -359 -455 324 -10 -869 776 -723 206 -977 -10 -71 1157 36 939 835 -876 853 9 -66 -349 -1161 676 -729 -1192 423 548 -418 -736 -353 6 182 465 642 230 1360 -258 230 583 634 -664 350 
-508 -537 80 -473 215 -1234 1092 872 261 -838 245 211 -512 -745 865 104 -236 691 899 -471 226 -233 -718 -270 -237 -488 -320 571 -1482 285 576 -659 1247 -1251 138 -318 220 -750 -5 -375 -712 668 -439 786 745 378 -179 62 471 392 -262 -1089 -721 -378 313 -239 -1000 468 -622 -173 279 -167 93 -132 1588 782 521 -355 70 887 491 41 -1006 566 -525 -661 68 426 1065 -1548 -43 293 176 273 -376 9 -141 150 -2059 -519 -490 -580 -576 740 -558 -78 -467 -125 204 -181 -543 719 457 212 -61 -508 345 1233 127 957 -909 -839 -1316 -420 344 253 -308 305 594 -180 221 -475 1030 338 -214 285 -444 289 -147 -289 -76 500 1023 139 -392 -228 -822 -47 -287 -325 258 554 251 -451 1197 348 -118 -952 -593 209 733 298 147 -1739 241 -368 -911 -228 -85 543 600 -503 73 359 1517 1118 1022 -860 201 -102 232 458 1239 185 174 474 351 -177 -493 -1553 1341 143 761 429 -1248 -543 1174 287 308 894 183 200 -1600 155 -843 376 -648 -499 798 -1401 -357 -681 809 194 285 -268 -275 -1195 -101 -137 473 154 -717 -422 744 1935 -27 342 -370 640 85 330 1763 551 -58 652 -342 984 231 933 -775 194 996 -1230 489 -107 -503 770 -377 -881 -257 -1285 -244 98 -211 -527 -659 -586 -82 -113 -375 821 510 826 666 -1079 395 400 601 -36 -508 -520 811 -26 220 20 -526 139 271 -510 -57 844 79 -371 445 52 -322 -669 -394 -319 1086 -1048 -244 376 454 282 -583 -245 -1303 -104 -812 -1278 -413 -314 252 103 5 -471 -14 1129 
254 -11 207 562 492 -35 634 -12 642 1211 -72 678 328 -303 -75 315 -178 649 334 1534 -616 238 -191 -981 -910 -972 -514 131 -500 467 536 639 52 -11 41 105 1588 -223 -118 -1007 -853 318 8 -98 -103 -345 778 533 377 -950 827 -383 -703 262 -622 -158 265 -902 -99 -1401 -139 53 1306 -1009 -484 -576 586 611 -440 -593 514 22 -192 -540 368 -614 153 -352 767 214 -160 -592 910 29 541 -312 -784 -530 940 -516 -302 -371 1277 286 -563 -1158 -678 409 473 323 -117 -145 360 914 614 -1160 581 -137 -705 1092 -635 276 -974 744 -1159 490 -151 1122 -694 998 132 703 -671 109 888 421 -841 -609 725 -740 1325 -607 566 171 315 -496 -628 213 1041 -1209 -876 -673 -124 -1678 395 472 291 -326 393 -61 -194 1146 -721 -374 -131 -130 255 -945 1415 378 178 -104 319 866 -79 -414 -162 -648 2184 -1015 428 -1307 -434 -7 -235 537 -1590 6 -576 468 166 -556 435 -324 61 -924 1073 -116 106 383 -1301 -716 1235 -811 -112 -597 1028 1598 -26 -300 987 290 1018 327 738 399 -822 -464 321 883 1260 -647 6 -156 1097 665 -188 -460 -687 490 694 -713 -367 186 145 65 833 694 993 -517 111 527 1405 497 175 346 -210 963 -103 -511 -211 53 -1408 -299 81 592 847 795 864 -399 -245 -1148 341 18 -170 -514 -150 642 -445 649 -23 -517 -166 619 -148 -449 126 -71 -391 -948 128 -889 -602 -1300 -775 -832 193 596 -147 -556 221 1018 312 869 -181 -566 677 22 742 730 1049 -26 185 930 649 -1208 606 98 887 -36 
-150 520 1397 57 54 660 -212 532 1800 -327 53 -1383 -956 32 -372 -236 -749 578 -992 -108 194 862 -36 768 489 840 1216 117 532 -895 -413 -141 -1023 477 -268 -282 350 191 240 -388 769 -64 212 -28 641 252 -777 432 100 -481 493 12 -516 1011 35 6 215 1221 397 -281 301 -55 971 71 531 -555 -55 -216 -497 494 -950 1280 721 -123 -180 -1556 255 383 74 -877 -311 -152 -662 -279 260 870 316 886 693 -162 -445 14 28 -258 1021 778 -1179 -122 814 -1315 -447 -504 881 -1170 -51 452 265 177 584 1478 248 -87 -253 809 934 639 -792 1405 -30 -600 -257 385 978 -296 -739 -331 -132 271 393 -705 -831 -399 619 -523 403 376 259 -339 -25 -1356 145 447 -779 1555 -498 648 -807 787 347 1123 -78 706 -531 1325 2134 654 -88 -94 126 -991 117 839 -83 -11 460 -616 -1886 534 -163 -514 1026 916 690 260 1519 -674 -159 229 -400 -774 1475 -105 41 -13 -1956 -268 858 -799 754 -998 -1148 206 55 -744 -75 1360 580 -858 404 -316 -556 -408 -99 269 556 -95 189 -303 -1100 -1462 -1490 -169 -926 541 -281 1822 -1748 -854 -258 413 411 571 649 297 -29 -338 -270 672 -339 -430 -775 298 142 387 1730 -674 1596 -9 -172 198 750 -51 -523 858 -1288 -188 110 -249 -324 -766 47 -905 1481 -121 546 -283 -862 -145 -191 -18 -789 -387 -500 278 57 -137 512 -514 -720 -695 -884 -1206 -509 827 141 -162 99 -804 -187 416 971 -324 -117 -1126 521 243 1220 1446 738 -1008 -374 764 1404 162 1289 -810 442 28 -1371 479 
54 -1207 -92 -116 556 5 158 406 -595 194 -804 663 419 -500 -397 -127 -707 -20 78 -758 1189 324 559 -586 -238 -233 584 1126 -415 529 322 -136 -544 1139 864 455 -50 368 -86 671 -818 303 194 -318 301 -340 92 -179 -351 385 402 -1178 -43 -33 -339 547 603 295 -308 -464 173 413 400 -954 350 -62 -116 713 457 -215 -650 771 -355 -379 551 -129 1410 596 -1357 -133 -199 -365 594 274 637 554 -206 1133 357 -18 681 -485 1066 808 -104 63 -320 -8 -297 -153 -876 -398 -310 456 136 -122 636 358 507 -372 -763 736 -340 -419 442 -348 -300 1718 -131 46 -57 1375 -737 -559 947 -779 228 -307 -575 376 553 -835 242 -1115 -240 58 103 60 -548 -778 -679 455 -529 -546 531 649 273 270 -718 240 -87 -572 918 -612 -718 371 475 -302 -648 789 316 785 -949 -78 -99 -540 469 -100 -201 -489 105 789 13 -570 -306 -375 81 -637 -422 145 348 526 1116 -528 -328 -321 -694 -741 -951 -279 -763 931 -275 54 352 -222 273 -372 222 1080 -178 68 534 -885 619 -173 298 -522 -649 1433 331 219 202 -685 -7 -227 -405 -58 344 53 496 -310 485 -60 817 944 1215 -685 94 -1492 215 478 -298 231 504 -203 1712 -378 205 -796 546 -122 629 668 -456 100 -57 -884 -399 -53 216 -789 774 -721 -68 -783 -807 402 435 -196 1318 451 -207 1037 670 321 -1201 5 -255 452 -1334 65 -374 -224 -480 -1479 -447 1620 -373 21 -910 -301 443 -624 -197 153 564 -301 230 -327 -104 -589 293 -120 -862 -343 -451 -851 -22 549 
1224 717 312 -52 -697 -476 255 417 114 -1446 -742 -54 465 163 476 -858 248 -423 -1304 -502 15 316 367 377 -508 -804 -1272 229 907 -959 466 -582 244 -81 -456 -236 1078 255 -569 133 673 378 635 -743 603 -733 -747 66 -274 -117 720 1301 -583 -1213 1478 505 -770 -209 145 -88 243 -220 755 241 1779 145 -857 -593 -313 -425 842 76 -13 884 886 595 893 -738 982 -132 -210 -591 -1124 332 -275 -625 -498 965 -500 -931 -619 664 228 163 86 -160 226 761 -499 1036 454 490 264 495 -596 -443 -491 -785 -532 146 570 -242 -24 -39 -877 -729 -103 -550 -1134 -66 554 437 113 454 -640 753 166 -416 17 -1249 -250 -40 -897 -397 -210 115 185 -155 -413 -218 -1528 690 -70 -206 214 1003 616 -715 32 -394 625 -520 516 418 -226 246 550 -448 -32 57 -152 -884 -140 -180 -582 997 384 307 -1104 -188 319 548 -249 831 -450 58 -858 -476 -717 75 637 202 -222 718 1264 364 -242 214 -29 1018 -1528 -532 -428 -20 -647 216 216 726 -419 -157 1047 -28 -346 297 -44 432 -195 -671 20 106 597 1145 -1844 371 528 -115 61 295 -328 133 -462 70 565 -540 -330 -933 29 39 -113 805 543 996 564 1008 -427 122 -806 -65 -990 276 56 157 -154 576 -801 -611 521 483 333 359 61 587 580 1216 -196 -60 -1032 -1223 -895 -390 -43 679 451 -1025 628 39 -475 518 65 -58 -133 549 -864 -858 -916 4 -241 404 411 -636 -947 597 -92 -79 368 -664 361 59 -706 -86 -106 -189 69 174 566 -386 -758 848 979 301 
80 516 -351 -463 120 -402 165 1447 -575 130 127 -65 -365 -290 -489 -725 -1138 180 -971 1129 786 -382 -21 86 439 -312 -1003 382 -52 652 696 -440 -427 -325 -226 281 140 979 815 1272 470 -209 503 110 -1779 -624 -1395 -264 -1044 -124 -387 -1285 -408 -1071 -1423 489 -986 148 752 66 -695 90 -27 -311 629 1007 63 16 -393 170 -24 545 -47 45 -709 -392 -662 1024 -515 -75 228 -16 230 -261 -57 -414 -745 -439 -587 534 -572 -931 -337 78 608 -1428 -402 -118 311 882 577 -165 204 469 -457 222 -518 708 -178 -155 -379 -596 -436 123 -275 55 102 1138 338 322 87 626 -89 -1540 -1021 -361 34 -421 594 656 958 570 563 -444 366 -380 1123 -403 -319 434 320 312 -616 -730 -156 243 -135 560 -316 -360 16 1373 -703 -356 8 -311 -667 -596 705 -459 -694 -663 1524 -292 -481 414 -523 551 -425 -188 1688 -46 27 134 -298 -1475 1389 6 355 514 -570 671 97 -414 1166 -40 894 -421 -38 -233 -1013 862 -310 -305 1253 465 -685 227 -220 -33 -678 728 -177 -428 -1418 675 227 356 -7 454 -145 -633 -279 78 75 40 -83 442 -418 470 -564 24 -394 1401 351 667 211 -461 -665 -512 545 -395 596 -411 -821 -73 980 1006 1339 -110 -473 -560 -1165 400 -798 -344 -1294 355 842 -1250 465 -289 1404 -62 291 -955 -456 -554 -601 -108 -1084 -1274 424 436 -52 -746 215 1005 -282 -31 596 -1373 32 961 714 -1233 -160 246 -173 66 403 -476 -976 1203 -141 -97 -41 68 -193 514 -562 864 -228 -1843 467 -648 917 31 151 -595 
-1514 -235 -210 -700 460 1133 -653 252 -138 371 434 742 514 209 -681 -291 553 -95 -700 -206 490 1029 123 -621 -1162 132 754 -142 -222 726 -679 362 -366 -11 -458 -586 -431 319 1506 -770 -711 -560 235 479 1121 -232 -859 475 272 -471 863 471 340 589 465 102 298 823 -36 250 -164 575 733 510 -502 -36 -537 -10 -244 -658 144 -18 -245 -17 438 -411 1153 182 -202 632 257 -752 -937 170 972 -234 796 -77 -1011 -675 814 95 907 -155 -523 -79 998 935 14 -1531 462 -785 -163 -8 267 -677 616 223 737 956 218 -279 -19 -846 422 -175 370 -195 -153 -908 1172 -476 -909 -46 347 -62 64 -30 137 -557 -1634 -916 191 -428 439 41 -341 -230 -57 590 -807 -200 -738 -651 442 252 594 579 1062 -1154 -781 -90 228 -571 391 22 381 -828 576 77 613 -74 -249 -294 192 35 682 289 567 -458 470 -45 147 -245 244 361 -119 161 577 153 248 -745 210 -613 -599 52 443 -940 -1150 88 268 -461 311 1265 -665 -306 -821 408 767 457 425 845 497 271 160 -151 661 514 -138 -39 729 914 -686 522 985 6 326 523 -377 -160 -256 245 489 -154 -673 -551 -358 -771 154 -892 259 -862 -211 817 -437 -927 766 607 -627 1055 39 -214 925 193 571 397 -26 -555 -863 44 -245 -908 359 -176 -72 -726 1239 -261 541 -144 -371 406 -1430 130 1201 -214 -837 252 -523 28 -184 -217 -797 -1 -80 -267 190 -568 1299 -985 -6 -34 1123 825 -171 -37 576 685 -485 582 -387 197 -196 58 1009 -977 33 834 -172 -1451 
782 -135 618 198 -138 754 -754 -415 795 563 -151 497 99 138 519 -211 552 -1478 -368 -138 -370 434 -130 -133 -538 -13 -1335 774 -285 154 -881 -797 -348 352 -103 -1114 2004 -424 449 487 1335 -65 86 845 -562 511 183 -575 840 -506 847 209 393 422 -625 -249 182 201 -356 83 33 -1878 988 -181 354 346 -655 -261 -1138 -88 -135 1446 369 -84 866 -426 -451 458 785 552 -192 87 -818 -1496 -417 160 -317 -508 -174 -216 332 1289 -470 -215 -507 -1226 611 -94 -91 119 284 209 2 -928 -180 -1381 160 605 89 254 752 415 -267 398 -296 -141 -262 266 435 466 179 -6 257 117 263 662 447 924 -804 150 98 -389 930 168 213 -26 341 -791 238 -615 1230 -209 -21 405 -873 804 -247 84 -259 -1353 1067 -660 -975 -641 154 1391 556 460 553 -334 -742 -860 683 26 -942 254 -1414 644 -394 -912 -267 -1473 -74 83 -229 263 -1081 -317 -905 -628 -522 -190 -213 599 -887 -53 1236 100 -409 588 -902 -572 -779 269 19 -720 -1501 -525 28 -576 347 355 -403 746 935 -686 -660 660 -648 225 -31 152 501 489 -461 -212 -148 135 241 -949 452 201 151 -276 -505 108 16 -294 -542 277 -352 -168 357 -978 -627 -42 -410 -507 -331 -533 -278 527 40 552 117 261 -380 -1375 1248 -108 -594 816 227 -843 -1061 -703 -365 173 93 554 487 -79 36 94 -1155 816 593 1052 -1321 -1102 -82 -326 -95 360 -374 -349 -265 694 854 -395 -166 -638 824 -532 1380 238 166 -444 761 302 187 -630 117 -1337 976 -1123 285 -237 -527 -1473 
554 471 -694 -777 -313 393 552 -109 -415 314 673 -244 -77 80 413 -486 84 793 708 1258 428 -338 53 -161 708 -502 115 -10 -606 259 -791 -661 194 996 967 -367 -196 766 98 2 96 -60 56 141 -27 -357 383 -260 -42 940 273 253 -326 -285 -418 -242 -555 -390 -94 -909 628 -893 1619 -152 2017 580 1570 -237 33 -232 -1066 400 -281 -103 -996 74 754 75 -211 168 -506 -144 102 -452 83 843 -86 -439 -757 1268 15 57 692 -495 -174 443 -774 -15 -177 1045 -491 146 826 145 -788 765 -68 88 305 152 1149 1409 80 206 178 747 253 -402 -229 593 -612 -873 -900 466 -700 -20 -412 -1492 232 242 250 1101 -991 -1332 -437 928 223 447 -1223 117 1174 85 -201 -149 -245 -945 -247 658 -1032 -1110 -897 682 -738 363 -566 -66 -290 -439 -646 1017 115 637 37 -894 -160 392 -242 125 242 214 1213 -187 -778 141 -747 -571 -845 -333 -50 845 -281 -830 -107 -78 387 -137 -1012 -1111 419 -532 -430 1185 -363 72 -1526 -136 1375 198 834 659 -1132 -357 286 -56 -891 -846 340 807 917 321 -369 418 218 514 -805 -71 729 -387 -284 335 445 -1206 -1054 983 19 -419 -587 -902 143 137 -30 -378 -167 31 -771 360 97 -162 1011 -846 -650 -1094 73 83 -120 59 -1467 1161 463 -261 -526 -947 -137 340 414 434 945 326 1187 375 261 -1 -1160 286 -241 -10 -42 -701 690 -621 483 -801 25 -64 -510 -460 -217 190 -250 286 -138 726 -15 -769 -651 176 -413 -1008 1273 38 -389 -69 458 141 -189 901 34 -764 1398 941 
-170 412 -158 708 -565 -589 -193 95 -461 -137 376 734 1413 100 -387 276 -703 1184 506 -843 -284 -242 -175 -64 -468 -709 -265 1143 1200 -912 -423 236 680 -743 1128 213 749 420 106 -983 -109 -358 -118 746 -302 1106 695 260 316 -246 122 207 771 -139 602 -146 -1692 -71 -82 -134 -587 548 670 -912 109 -186 162 135 -595 716 -188 -70 -317 456 -93 532 -462 -647 414 -29 54 657 325 -218 -409 541 -2 -1109 791 489 197 660 520 1173 -592 916 208 -803 285 755 535 440 -191 721 -1244 345 -123 657 303 553 -166 -8 1111 -499 625 1419 -825 729 145 749 34 -846 -403 -302 888 -757 -488 811 1220 800 1215 676 -190 737 -298 286 245 188 150 900 -709 263 574 260 233 1023 368 86 118 -989 405 958 478 -771 -723 840 -364 -740 79 -64 -1409 -98 718 950 -313 313 1032 -260 955 -1100 21 900 59 -871 -323 468 -316 419 -437 -118 257 -570 -419 1002 -808 244 37 212 469 -473 1110 922 -575 242 -885 223 63 699 949 -107 578 606 151 67 110 -891 -94 284 -1046 81 230 241 -353 329 -148 -406 761 -1296 -778 -764 -242 275 244 949 528 62 -396 1392 910 44 192 301 145 626 -256 263 -1094 334 -205 -13 -126 -632 857 -1192 457 -279 -274 1040 -1418 -1590 370 -361 -178 448 292 318 1102 188 77 -665 -332 1291 -849 -1131 188 -1495 0 -286 -361 -229 -661 -793 -6 737 375 38 762 -650 -88 986 -1212 -311 28 -249 -389 -949 -866 -540 -679 423 284 -817 -169 215 16 -240 -461 -30 121 431 
-300 657 -203 1010 -356 258 807 293 -647 -277 314 -320 746 1338 -603 -194 -618 680 -331 -795 -178 497 113 -752 98 -415 -895 -837 -246 235 164 -36 -921 28 -296 35 -195 435 433 77 759 -1581 -293 -466 270 -265 182 -812 -354 102 1164 590 699 -273 182 315 -828 -784 1017 -1492 -805 501 -462 302 461 475 211 -143 1126 -557 42 196 639 -12 -308 418 639 280 -256 99 -91 277 415 -166 -87 151 1260 14 -271 202 568 41 -118 -166 271 584 682 41 -1278 858 62 -238 828 954 -346 256 4 -478 -306 -153 359 -432 534 -849 -182 824 890 900 -78 408 191 431 766 81 -517 33 -154 -269 871 -91 105 -207 663 -856 629 806 -187 650 -569 -1000 -158 -752 -148 2155 -782 199 -801 -668 -427 -732 238 421 -811 8 -261 1526 -545 -360 -841 160 -922 101 31 -53 758 -567 363 626 -327 -80 362 382 268 -263 -682 169 164 -32 -1817 -981 645 -1232 -1307 -268 -293 -97 290 -46 -103 -646 453 735 40 212 400 -290 781 1154 -527 258 759 1382 -349 346 79 -323 -522 -14 -149 246 539 -467 -322 1082 -261 -403 -473 -562 -985 1166 500 1961 -78 115 -235 -279 204 221 268 255 18 -559 172 -54 1113 -863 -37 -241 105 681 -963 -423 -440 132 271 471 1313 1015 -664 -713 547 -823 323 640 -322 -533 -584 -191 335 514 785 -432 -131 193 -78 -1318 376 743 1267 -709 434 -541 1519 -994 -611 -978 552 -252 623 146 159 -315 4 863 -152 1078 -250 -214 -287 -162 227 564 -458 695 1194 1491 -635 -80 -231 1025 
722 -203 541 1 544 -60 322 538 -522 1131 -107 -441 -353 448 -737 -895 717 -932 135 -285 -23 -550 -431 -458 139 -862 -1439 -197 -55 222 -491 205 779 -188 -164 -31 -885 -386 -102 -1004 228 288 25 -1031 493 -1111 -873 700 1154 -128 195 325 -102 833 -508 -798 -559 425 -827 74 -1085 -510 -765 -884 339 97 -268 -471 -859 -433 -767 39 -101 -872 1542 227 281 340 768 -156 1136 318 255 -504 -216 1361 -604 265 -821 -87 -288 -672 1226 -559 1443 297 -635 223 -711 140 -189 -818 -1353 538 -307 -942 691 -632 -163 -661 30 -726 -472 149 -1335 -347 -73 -164 -391 149 -370 -1232 -189 -571 -371 -200 703 -887 -1067 -117 422 478 -344 -461 747 -141 251 -623 -980 557 4 1413 346 881 -188 490 522 -546 72 -79 -1826 103 526 333 1053 77 -453 290 -356 571 -1190 1035 599 252 598 749 -400 -185 -1427 -298 777 -784 441 1173 -694 -470 -124 243 -773 354 648 -951 512 252 -392 634 906 -874 -886 633 -1010 47 -144 1059 -1669 1446 -111 2132 -566 1074 902 -631 403 203 -1010 -1322 -241 166 1373 -1296 -115 -700 723 510 284 -154 371 -310 -281 724 -105 692 -533 -507 933 34 -185 -624 258 305 -379 1202 -474 246 -896 186 -257 -364 219 870 -549 -212 -506 -961 541 -393 -604 892 -345 -229 1027 57 -454 -365 4 -634 -807 -389 758 381 192 -620 -435 -1474 472 -196 -16 1694 534 -89 -878 255 11 639 -590 -79 466 410 -407 34 -841 -917 887 -323 788 -725 704 -258 -772 -247 -3 -520 88 -216 901 -330 457 583 568 -816 
9 1472 6 758 1574 -352 291 1630 406 -604 1127 457 1726 -1110 -1252 428 192 473 562 67 960 -769 500 241 -203 -330 749 858 -674 -48 -205 -289 86 -276 765 -801 -690 -1041 227 -606 272 586 -711 1833 434 133 98 139 705 -1081 113 440 -5 -763 807 523 -1068 468 -268 506 340 -1020 510 -649 459 1515 211 -265 -300 -618 172 -588 -733 -872 574 -164 -195 -293 -594 -300 203 -261 -109 -167 -1027 -607 539 670 1600 39 -854 -575 925 447 -801 583 -64 311 1501 87 -425 -950 -48 896 717 -534 -432 996 1426 -167 359 -64 -617 -142 750 228 368 1082 -621 -14 -64 912 -132 611 -166 -104 -508 978 -776 207 -742 990 326 -209 88 380 -968 -561 396 705 -44 -213 -150 724 -795 294 809 -402 -546 -174 966 -94 -1037 315 432 -566 -1112 759 810 738 -1938 95 -508 1044 178 728 -1462 -634 1083 -855 1028 326 -314 554 1618 1098 -58 313 -565 351 42 -1495 694 532 -687 -378 -48 136 24 320 -380 147 -1111 612 -260 -769 -512 -433 -292 22 -64 -289 -529 492 -187 -337 884 48 -461 -428 115 551 -966 -439 -90 465 -133 242 114 -9 1413 -1275 972 919 -942 -33 338 714 -7 1370 160 -138 451 -15 1266 441 720 -457 -867 -320 -695 -59 -17 295 -198 1161 -555 178 307 712 -234 669 -141 -50 50 -359 555 297 -937 26 48 370 -12 -258 439 -955 -1092 64 128 -863 -207 -464 -197 365 -1381 -282 44 981 640 171 334 -435 524 -52 -823 1070 -403 -392 -195 455 47 1909 -227 -1175 1322 -1199 339 925 -520 426 
1106 -694 -1844 -356 -728 -641 -118 84 362 443 -342 476 -135 -95 -1226 806 108 1062 572 659 -1111 229 -331 246 -375 196 -158 899 -483 20 274 540 -271 -525 337 597 -1093 -344 208 290 -1157 -771 537 -609 85 -331 1028 -755 485 -343 477 725 913 -247 314 181 -824 -217 62 361 1162 -65 287 -448 -738 -286 749 507 -821 -500 -421 1049 -344 -1215 -1398 487 -157 -701 361 -42 462 952 -213 101 453 255 1035 113 -327 -437 -186 -221 54 -930 -415 -1034 496 -281 706 -1371 634 96 -70 277 710 605 60 509 -974 -1329 1213 -107 385 1574 -73 -1015 868 1371 228 -762 323 1853 -397 799 -120 -796 -214 783 -1166 506 703 -356 -1227 -175 -618 33 -385 59 734 -226 -515 -734 -352 -803 -934 390 283 100 -41 1063 865 -416 515 44 450 -429 -606 271 1505 1335 -1449 -152 -2137 532 -604 -349 128 1062 -18 -258 -79 -687 -192 -226 565 -210 225 101 -599 -199 1643 -268 -141 452 598 -316 -646 47 -1025 -77 19 -485 -293 -450 125 742 684 4 -1160 693 -574 375 377 620 -417 1749 217 -43 -439 459 -104 -525 -640 -769 1081 -64 1535 -676 -343 -409 291 166 145 -14 -680 -425 -751 1133 -435 184 -760 -32 230 393 -879 -197 636 -271 169 -918 -163 -481 -288 -649 -718 -1360 -682 220 -356 1044 310 -372 164 -173 -606 -1086 -192 198 -47 -1177 925 476 -1053 684 -27 204 605 186 -402 -492 -598 349 72 346 -658 -394 488 395 343 -838 -218 33 -412 775 186 -545 275 516 213 -81 -563 -322 169 -595 -197 184 631 688 77 293 
966 -572 326 304 207 946 749 794 -257 -480 332 840 -709 512 -420 -463 -1027 -1035 238 -409 1531 993 618 185 -174 -398 487 10 -254 -2047 -462 -1400 -549 -1 188 -613 -48 -1029 -1194 -47 -892 0 -1672 243 664 253 -67 447 -817 -181 -309 -601 -54 252 1 414 28 757 -953 740 -200 640 -99 -879 829 -259 324 1340 343 -669 -268 654 -155 108 571 126 445 712 1022 569 -1030 -1459 -107 278 -159 -931 117 -365 -480 108 -158 47 339 -508 569 -87 301 226 -704 367 -373 467 580 -641 202 1238 -734 165 311 542 451 -1027 545 -792 -1530 484 285 -177 392 -304 -468 -706 -29 -179 471 36 -335 -1337 -640 433 190 -152 -97 1652 -648 -199 -437 -398 -309 -902 -173 923 -62 981 -969 -841 587 -730 -677 238 0 -1204 171 516 321 -724 230 788 402 385 -38 126 -787 166 380 418 -704 -1002 -79 97 1265 -9 -939 -340 -1417 700 650 -270 -585 -1060 865 1259 381 546 346 -317 665 524 130 -245 -125 0 361 982 -294 -175 129 909 -322 311 -333 -876 -1400 -451 434 436 -498 -674 -184 74 -234 39 50 229 -6 559 -583 325 520 -543 460 203 -103 -633 884 -815 748 331 204 -723 400 1444 515 494 394 -1377 -1012 -791 595 -390 42 529 -51 -699 -457 -268 -171 202 -725 -319 -1098 718 938 -904 341 271 -230 1128 -11 -240 -36 -356 1191 -382 954 -821 -358 -18 338 -850 -579 -392 410 511 86 836 -216 277 -324 -254 50 828 45 -739 -626 -206 -164 40 18 -496 -757 1 191 707 -415 -545 -350 942 -18 -77 
-614 -289 696 1167 507 566 748 51 -414 -740 737 -230 -177 -245 278 879 -913 -738 359 -291 157 -1291 319 920 -451 -361 118 925 -238 455 262 -470 -421 -1246 1374 264 1386 1010 380 -82 794 -986 331 92 419 -484 -1312 -771 -37 -294 -174 905 115 -162 154 375 795 652 1006 -664 279 82 18 -77 872 -1079 244 381 -402 1012 -577 1154 -547 416 -464 -144 -401 720 99 172 307 404 582 483 -1308 -449 1148 223 -775 -501 895 -997 737 -126 625 851 -774 470 759 -39 -20 661 -645 317 -1681 -167 -189 286 611 534 168 -744 657 170 -926 136 209 1128 332 358 -380 -985 -461 -65 -671 -352 -592 102 -108 -41 887 -693 199 890 -1022 676 352 -515 -497 -1036 323 415 -116 266 417 141 77 278 840 -528 191 1322 -165 732 635 -208 375 230 274 352 -810 -157 375 365 -326 -351 -532 81 517 -869 526 -590 466 -339 756 -750 761 64 -123 276 -329 -1437 513 514 623 251 -37 -495 -406 876 -554 659 -457 -579 -1007 -682 46 -559 -264 -593 -594 16 41 1017 -167 -900 -1456 304 -130 201 1360 -1786 -365 -307 -261 1132 404 -340 -70 714 581 871 81 606 914 138 -459 151 154 429 1558 -149 -400 672 -444 712 354 965 980 -1428 56 309 355 304 640 218 430 105 416 -42 539 -397 397 -403 -459 463 -565 -258 -184 316 -350 -995 145 616 -537 -970 469 53 -144 -876 872 -136 193 854 1456 -1400 -520 155 -271 469 -310 -1153 -750 -13 -353 -458 409 677 243 660 1566 280 -1239 -636 623 244 -1208 276 89 -49 
-744 -1036 -750 685 748 -400 335 81 288 -626 47 -278 -45 497 186 1 532 1506 423 452 469 286 -500 393 171 871 491 -27 1052 -805 -148 -1276 939 -436 -69 151 52 444 82 -340 -621 -291 -721 518 -140 439 37 -383 -274 33 -367 -638 -656 -195 40 285 190 -533 -73 600 623 781 -148 65 723 -172 0 488 470 -165 -102 -579 96 -721 456 -1006 314 1686 383 708 -989 -646 -113 -41 767 -306 255 -605 -583 125 1460 1326 -1014 -630 1123 543 -766 -581 97 -1087 192 -603 -728 248 -557 803 -507 9 36 174 958 -30 10 -95 -197 258 -1234 186 -31 -577 -545 -539 -128 -226 -459 517 -627 81 -623 1674 -163 589 597 472 423 690 1111 -571 -892 273 -500 -750 94 -356 -352 62 -1334 -259 0 -27 -1139 -889 623 -295 916 1805 371 -503 -1136 -485 1050 362 -254 790 835 -1152 569 805 -101 311 952 25 44 -184 -188 -399 -1179 1056 -532 391 -524 55 984 -325 347 171 343 53 -505 -309 895 427 -1425 -178 685 61 681 819 -530 22 437 251 -1109 -908 -1362 196 -929 -281 196 294 -572 1102 -47 -1015 -1252 -84 -766 537 41 -255 76 680 814 981 58 -300 0 -283 -304 -759 833 -337 -104 478 522 -1348 746 -253 -445 116 166 -253 -375 -54 295 1592 -927 293 -9 156 641 -470 -147 -256 -507 -83 -518 664 635 568 -273 -271 -295 -192 -230 244 -664 176 -383 -216 356 -344 -729 59 748 -403 -947 -607 -812 -438 163 69 445 271 137 -594 -1307 -82 683 -841 -756 975 244 1099 249 -1062 210 -154 -454 -230 
-115 778 -426 556 -731 -623 -460 568 838 -1176 215 -495 -449 549 849 831 257 -14 -307 -754 141 1277 759 544 -816 -741 -1549 164 -145 30 954 482 -94 206 226 482 418 -1085 -413 83 -954 -56 -261 272 232 -784 -1214 -486 1116 1247 534 110 640 -621 111 -400 276 -71 692 462 -895 663 175 -390 -580 409 -86 -1108 -450 -661 457 55 -104 7 493 849 623 -668 235 619 -169 -193 -350 -232 741 -499 -193 -289 -127 311 -269 -121 587 -353 -131 -455 262 994 281 -105 1010 -371 1366 731 -150 957 574 529 725 -175 -68 -25 1086 -481 -219 -854 133 -121 -212 1018 532 -266 525 -549 -443 -51 1324 -93 1324 429 -726 181 -469 -228 -1195 -1088 509 25 -211 440 452 94 151 200 152 -265 15 -782 1233 -1136 -96 640 -956 480 233 -31 -480 555 0 1077 535 216 1757 -53 105 686 -173 -654 174 -775 -800 346 814 70 50 281 550 286 -334 -626 -527 958 -293 -371 -959 512 1359 762 130 1094 201 -1704 -1096 1452 -389 620 107 160 -519 696 186 1325 -719 232 -985 -526 -735 -543 -597 1012 -217 1407 -337 262 275 -209 1320 -572 -107 347 340 -82 -420 615 -266 1023 255 -502 -106 -186 -171 -382 -341 -37 224 599 -1202 170 -125 -57 -3 987 556 218 -457 320 975 -916 1373 -454 -853 453 -371 339 269 -760 -694 -466 -1162 -120 829 -1010 -572 -283 -290 -953 140 25 499 420 -200 620 -70 -855 397 -223 -1119 -1210 687 1505 -44 -59 148 -416 -478 -995 -391 443 -77 -520 -202 -853 68 -977 -25 371 -678 -442 401 -713 
-168 -332 354 -572 -445 608 803 289 -470 1085 494 647 -122 708 -313 -96 613 -93 -46 -1319 256 275 -1114 -93 -669 718 -214 -780 429 1025 -27 303 -129 187 378 329 113 744 -138 -554 -939 138 -863 -591 291 -773 1004 -1053 -61 1066 -1148 732 -209 815 1059 152 -555 -758 -762 617 -842 849 -214 -779 687 -825 280 113 -325 -1677 -59 1006 -37 38 414 -808 878 242 460 360 644 -201 -1404 1088 401 618 -909 -1010 311 -437 589 -938 -1 53 522 -979 -188 -156 -88 -411 -475 -448 371 -298 -684 108 -33 335 233 -892 -97 184 -233 -21 335 1596 227 -684 -260 -484 -322 -1005 444 321 95 127 -418 -334 -623 691 334 158 -176 -1308 96 761 -786 -329 645 -712 -408 182 -35 -1464 -169 1238 1127 72 602 282 -145 -97 290 1130 1061 390 -1073 59 984 -328 -332 838 -198 835 -30 -729 396 601 262 -78 365 218 -2013 -641 -248 480 -214 -898 -104 130 79 373 -362 -746 835 734 1016 -702 825 795 -419 543 -160 -90 -723 -905 -286 20 475 357 1765 -799 1260 -486 446 274 277 -128 787 -249 770 -575 97 20 -343 588 -556 602 -429 -109 -212 -876 -1257 -388 -296 512 237 337 -182 -215 591 737 548 -486 -342 122 -1051 207 272 362 -66 -804 344 -214 191 -316 120 595 -465 264 71 -108 283 -585 525 15 330 353 257 -72 -503 -902 -415 553 -416 1427 543 249 -303 -112 17 483 304 -934 -1467 183 -74 409 -348 -177 -913 682 -474 250 -312 -2037 100 -522 -329 -46 -618 -522 533 -177 670 1167 312 551 -274 122 
-1477 -569 705 1382 52 -79 16 763 -162 428 733 800 1020 -177 136 -841 531 108 264 -585 -357 -168 -535 -855 -347 -489 893 717 -1485 -644 -850 957 1043 -200 -362 -212 323 -195 476 287 -115 -263 598 -252 478 1070 31 694 -301 -692 -5 -135 347 -182 565 -527 -28 823 -512 3 100 739 -56 -1080 -55 15 -725 221 -613 -409 -569 279 -1096 -1137 197 471 -1132 130 1544 177 479 -482 -1710 -160 -149 -298 1479 -168 792 209 -17 554 -174 -1060 458 -473 117 1015 -469 -244 814 1431 544 922 819 -279 113 305 151 36 -641 -678 -643 -753 814 -299 -616 -335 -151 -681 -87 348 142 -437 609 -130 -97 94 -300 160 -300 236 -1121 797 798 737 -348 -454 838 -746 -242 -380 -1 -531 -937 186 1054 -342 942 405 81 -207 930 201 -256 714 380 -121 322 -1049 -917 327 -1550 372 1228 -400 1462 -970 -133 -354 -370 -66 -720 841 -869 1081 -9 167 352 -354 -352 216 823 250 27 337 -814 623 -170 -40 1317 -36 -569 -589 -167 -570 -689 -87 697 -14 1478 40 -29 -49 -20 -536 582 -598 -851 -3 1605 -580 -643 -245 -204 -467 45 -334 448 -382 580 396 -308 -18 -83 213 -864 324 -919 -532 270 706 1039 -398 777 222 -275 -551 -147 -999 355 45 490 -635 -755 211 832 -362 -583 898 -78 514 -1161 -156 -512 290 1088 462 61 -66 770 922 120 301 -1074 -370 -256 -530 -166 -276 -110 -188 -15 -882 211 -185 -565 327 -1186 1352 -1003 258 727 -758 -1025 -1425 -533 838 -184 -305 344 -1237 -544 510 -204 -483 -750 1028 78 16 
-592 -1314 -1283 -733 371 -215 -85 708 486 -874 152 972 164 894 998 -291 998 -601 -419 773 39 -356 813 447 715 471 115 1551 183 -1389 -102 -19 978 -532 285 404 1222 -118 420 80 -1722 -411 909 467 -651 -583 -360 84 1250 290 -4 -528 -739 -671 76 190 1095 -79 219 660 121 882 -287 -430 605 178 -47 -345 -13 1054 608 324 -435 121 244 -531 894 639 -288 1398 -630 -658 -1139 -336 453 -291 75 -83 634 796 198 134 -30 -360 -293 -214 196 -481 745 -666 57 -509 -1122 -1022 -1215 24 -447 -126 -438 -1337 694 1007 -2 967 608 -572 114 142 1121 637 349 239 377 1121 -404 -137 327 -74 -310 851 -66 267 -881 38 -323 1291 17 90 -751 -1009 346 301 -222 -935 264 189 19 -7 648 60 -271 -524 328 -976 -804 -503 812 289 125 133 865 370 391 -182 -248 -1081 -186 -326 -593 -382 -220 -422 53 -776 252 60 1369 765 226 172 183 -976 1070 1364 -143 1026 -1889 846 15 772 -582 -186 -661 940 1211 1158 -245 399 -848 1627 -15 -808 224 1327 -1060 -889 -1072 623 -183 891 -563 146 -133 -5 49 -514 569 979 802 -30 -270 448 -164 -224 -834 -61 -947 -492 346 455 868 -301 -1046 1323 654 338 366 -453 -880 -791 -874 246 -281 217 -33 1125 864 -893 541 -312 -659 456 -100 1005 256 62 -474 -260 -588 -784 -47 -569 1098 -119 -571 -78 -192 -768 -171 669 834 -639 274 188 612 -394 -891 671 96 412 -370 -639 483 5 -315 46 -1629 -920 189 116 -19 294 251 -315 -2069 127 273 309 231 102 
54 97 83 584 705 -927 77 124 -50 -42 987 921 -197 1236 -91 -343 748 -587 -636 -421 -225 331 311 -371 -52 -546 429 -622 -432 655 -170 -17 697 -1408 -82 847 -504 699 811 1253 37 958 651 207 -250 298 178 447 383 826 -84 600 1361 1291 403 251 329 -906 -994 475 -27 1081 1672 -2 10 -371 640 658 -774 186 -186 -726 -700 -767 -1225 922 590 340 1753 -304 271 751 -32 831 -289 -127 -381 -134 151 -985 121 857 -464 231 -755 -53 853 555 -669 -637 -379 170 -1146 479 382 -914 1152 1324 528 -615 393 -239 -923 -814 -117 63 -210 869 -409 538 -409 -374 -273 345 692 -825 -71 69 303 -198 424 -164 84 534 -220 123 -610 422 -370 -24 42 -992 912 426 841 1126 -38 909 844 -1026 -529 -102 -575 269 296 571 -657 511 606 105 867 -886 11 -960 234 214 1127 -652 -341 409 -861 -945 -1146 581 -352 353 1111 -678 -263 524 124 238 -38 193 -113 932 -199 795 123 105 826 1258 258 237 -209 -230 -1150 -821 -117 1002 303 454 678 426 -585 290 -476 -274 -276 -230 1174 -351 485 118 -638 -424 383 -1310 648 -206 42 527 -262 -415 -98 795 475 -82 -609 978 -71 220 168 -624 -1533 931 -443 1506 -540 -522 -308 -366 -836 -866 472 -358 602 -1381 154 500 35 -1105 85 -770 -119 -100 1912 -320 -211 6 346 988 -246 71 -1026 -742 -1693 -1102 -76 730 970 257 -219 -1270 418 -108 209 -1182 -1060 -887 -104 -1053 -348 115 -585 202 426 -47 -777 631 421 -1568 -781 832 313 177 779 -280 -403 -710 
-431 531 390 -64 1250 -594 533 -1294 831 -283 -1017 196 425 1036 -232 659 409 422 1782 -11 531 -661 93 -290 415 37 193 38 210 53 -1172 293 365 -751 -531 -708 913 623 -1004 773 -594 -23 590 -355 -916 269 -610 0 89 811 25 1040 256 -245 -504 282 1075 -409 342 7 -233 118 71 -834 -631 637 348 -1135 -160 641 1442 -1165 245 551 -768 -680 -1023 -882 768 -607 685 -329 -1333 -394 1751 -369 198 -990 460 590 36 412 317 1364 285 -1104 205 534 -261 1085 -929 -745 -867 -157 -520 -30 652 449 124 332 -1255 923 601 1047 -252 19 -705 -322 323 970 1033 -65 952 1328 -133 146 -122 -105 1280 -610 197 108 620 405 -877 -712 -727 811 -741 -281 -542 -455 251 259 -128 605 509 -235 -510 -14 95 354 -238 -1330 -928 188 -1175 548 -101 -20 -1201 -926 140 -755 -258 538 -246 -1582 -319 1221 191 -507 -1299 -719 915 17 354 392 -553 -620 -354 1259 113 145 476 -392 583 -656 -283 911 -724 887 -131 -282 193 -1217 -981 287 1064 -394 -540 -507 -1218 498 -115 -766 -731 767 -417 -33 -444 766 -550 -634 -293 -835 -48 -325 185 234 279 -436 -416 -877 229 -1255 -268 49 743 -628 586 -1183 -744 63 152 -107 480 989 -1091 -857 -137 -1389 -279 -844 -1276 -133 -148 -790 -846 -575 -499 1554 -96 -375 -394 459 -18 1350 13 -409 -212 388 194 112 -744 -246 -141 -873 578 -571 1808 -638 -641 266 -954 -458 40 222 101 762 1 461 176 143 -765 -91 235 -173 870 18 1040 546 -260 155 -1439 1304 -581 63 -607 -278 
-1101 435 -1231 416 -687 584 438 355 -298 13 1269 -189 -595 447 50 -371 48 214 349 -200 821 835 -251 -43 -281 586 -124 -525 432 -354 -161 -757 -792 960 18 -921 583 -318 -259 460 87 579 753 231 -716 35 -639 -950 876 -996 -220 138 362 496 293 -325 -653 381 -309 1252 315 -339 -408 -648 -614 782 -76 -775 316 1242 -225 -621 -1035 644 586 47 225 -635 -598 -1101 1146 -268 -119 860 176 -287 -284 -367 -383 -25 206 334 28 -734 41 665 291 -924 -397 -689 -451 -1592 -9 -573 -357 -228 696 -902 697 -430 460 -991 390 187 -343 -842 -181 -1 658 355 104 652 -1659 -33 -1233 472 31 -1216 -827 885 -506 196 639 223 -915 -306 -116 972 -139 340 -727 -463 -193 -392 -641 -26 -1382 -781 -1525 550 456 -200 791 -595 -791 -695 -1007 -189 -113 533 -489 711 836 -68 -427 -1137 227 -159 -1124 -88 -323 94 -318 -22 36 532 264 -257 -910 211 -204 -616 -151 804 -852 1040 63 -634 436 -573 -640 469 -212 379 -1150 612 760 269 -1380 167 234 -414 -111 642 -1050 -1098 -792 99 -467 -606 -199 670 725 985 -795 425 656 -662 -361 893 -182 680 -392 -536 996 -1332 -72 -464 -461 13 -414 -670 -268 -379 -172 313 142 -505 -457 -328 -567 -204 149 -576 754 370 80 817 -81 16 855 -1268 -304 593 494 331 556 -205 -550 907 -523 -208 -1081 1390 392 42 -683 436 1100 -94 -275 80 182 215 -462 -390 648 566 -735 -666 -978 99 -663 -54 678 559 -525 -272 -154 -333 -1131 -151 556 724 -1593 45 -448 -426 -442 -777 
-565 442 556 -115 140 -509 -201 -505 619 460 -1235 -1344 181 959 -280 220 -899 584 327 -398 668 252 -15 826 910 105 260 40 269 102 -244 -664 -716 -596 -3 -1162 -629 -230 -291 1355 1207 535 651 130 -1291 -806 -344 136 642 1039 309 -38 354 -490 -1199 158 -151 -337 -377 -496 -11 -144 829 -510 1136 765 418 1117 1521 708 22 -64 -444 -174 -699 958 871 -486 676 -668 2 687 -123 -357 279 531 -410 -165 -597 -7 -180 54 796 -563 59 656 532 852 -129 209 506 -622 -1038 1144 -200 1156 635 808 420 222 -754 206 1355 205 1208 -540 -345 403 882 -685 -529 182 -744 225 -797 468 986 358 821 508 246 -106 -1334 -465 -1523 -504 -430 426 228 676 53 407 765 -357 1057 506 -270 409 -313 -373 -23 -832 153 -544 -272 637 281 423 -495 184 626 -507 1534 -217 8 4 103 -376 -643 237 283 -794 448 -1458 -37 11 822 -345 238 -345 1048 -425 -427 471 539 453 55 -747 304 -228 447 47 -87 -221 137 230 405 546 -340 241 -960 1690 -697 -556 29 -1014 -105 144 -539 159 -978 379 388 59 -605 -1030 454 -1334 615 247 -18 982 -195 -18 -490 -1317 -839 -833 -1072 -22 287 690 -836 -1185 514 756 -109 626 -263 740 1027 -1013 1433 -544 -670 327 -632 101 776 -321 -76 -1243 574 44 1032 -73 -119 543 -24 552 1340 595 -245 392 648 -438 1127 -236 62 828 -371 75 260 833 81 1059 826 -274 864 -54 238 -328 -1622 -1257 26 -939 -211 -313 257 403 -843 696 478 123 -497 786 -600 614 334 310 
1043 -629 -69 -1064 -150 -298 403 626 185 93 -1317 -158 318 1157 86 -526 -152 453 -301 -1007 739 43 -178 101 -207 -732 -1044 -357 436 106 513 -775 443 487 91 -136 825 633 -401 -806 246 -183 60 231 -416 -819 -808 535 -309 1727 392 268 583 -68 338 525 -398 652 -94 -1230 844 144 -311 289 994 1066 -444 112 894 -364 -1373 -460 151 165 1260 401 505 -127 -939 -453 204 583 -6 -480 -403 1249 -11 -302 -587 88 -284 86 -884 63 378 513 641 -1170 -341 -298 -809 -796 -8 -49 361 -270 -843 -1112 98 166 -494 155 514 827 -229 -495 497 -642 -1210 -279 283 -896 -576 167 604 -341 -713 -1010 -22 -278 386 823 -642 -368 -338 235 1323 807 26 1141 -70 665 -1021 253 326 239 -204 -583 470 -526 -469 114 919 460 -604 253 -1026 -115 -229 859 156 -211 -1266 225 -16 119 1234 306 373 -369 -781 -706 750 620 -843 -451 382 423 1117 -331 -210 -523 -110 -1335 -334 -289 -1374 -116 -983 -490 -201 -547 -552 -58 -437 723 713 466 -500 739 619 -422 535 624 -1510 1009 613 -599 789 137 -200 -558 477 477 -377 -604 -1141 650 -554 -163 -535 -654 583 344 222 474 462 -1 -704 -153 -697 -1623 -53 174 -1 -1542 158 -514 -333 -194 -354 90 -636 206 -240 -1301 365 -360 -1143 -441 996 -1176 -315 808 180 -264 398 -171 1786 -93 144 -260 712 825 658 854 -1100 267 545 -692 -459 710 832 179 -88 -584 17 76 -209 -593 -127 570 638 -337 -144 118 712 -135 65 322 -1318 -1236 413 367 -80 -288 816 -83 -159 419 
119 348 -235 -998 376 -22 158 -109 491 271 96 -84 230 -917 86 -241 723 262 309 -179 -493 -198 -1163 -408 733 -151 -508 -145 661 212 470 643 -417 504 160 425 -160 -457 1764 494 -423 -232 1378 -509 -95 -247 -806 -840 -1094 -343 -31 -1644 146 -131 127 695 757 365 -974 -102 47 550 -416 743 -1220 1087 -29 348 -168 152 737 57 -399 -653 407 -170 1220 -529 -228 442 1191 -864 1318 -500 -181 81 -1228 481 -1328 -164 359 393 -479 94 727 380 -202 -398 -439 -17 -641 -89 653 670 -207 21 -913 -238 -1432 594 507 -381 541 -169 336 -450 -73 619 1168 -246 -496 1633 -827 -101 7 -565 727 -479 371 -1532 -580 229 109 -552 -684 716 196 -563 -976 1142 -880 252 -637 -92 -26 -76 424 380 -83 -152 30 1515 -1226 71 -557 -140 826 1136 1153 -2 287 -359 257 -425 -1159 673 327 200 -696 -12 -401 266 150 -154 -465 -445 -112 1466 -1408 -59 477 -1233 360 603 -856 -628 244 381 -716 -111 -741 -45 -709 1602 115 994 416 -462 -727 -662 -660 771 -811 642 -460 201 -113 972 518 -493 -607 1276 -1047 596 -534 -375 -233 235 248 -150 -575 367 534 158 -55 -123 -1246 -610 -336 1273 -1379 -885 -672 -582 -666 377 -37 -1268 23 -134 -601 -1106 -74 291 -29 -1652 -228 787 -331 -1381 662 177 611 -224 1081 -360 -274 -1042 -43 307 -119 -990 -31 -145 -163 -338 -200 -901 -183 154 -1174 260 636 -112 -1395 -257 -10 1010 989 724 -117 -917 441 345 927 -200 385 -414 -1127 -184 520 -146 -459 161 -536 -244 554 193 528 510 
-1466 386 -793 368 638 915 1410 265 -844 -599 272 695 238 776 414 -962 -175 48 106 1124 -433 937 -151 -58 -307 -574 1680 681 225 -478 180 253 -1247 -46 543 443 -422 -17 51 -808 -534 -487 -408 -1025 -184 1523 692 -717 -198 105 344 275 -1574 -854 952 -63 270 303 -568 397 171 990 -436 -697 -180 -713 -950 385 -611 346 -1379 -310 -704 -375 -522 -404 302 1166 594 273 648 52 -316 -867 -408 -606 1441 -280 -89 666 452 -164 152 899 -1031 -548 -432 -787 -248 -397 75 24 32 -194 -542 -673 -2146 -1121 -58 -419 -661 479 -510 -285 54 46 224 -334 -687 568 -568 -585 639 -31 362 227 -1137 335 1105 -237 -257 141 761 813 -413 688 1051 -287 1561 -405 633 -591 -385 -573 695 577 -1048 -859 446 -340 -701 232 -305 576 288 854 -577 -130 -290 219 -630 -291 -898 650 612 -156 503 203 953 1106 287 -1041 -325 -1268 769 34 -69 -445 863 -548 224 -206 -25 521 755 -33 -889 -115 512 110 151 607 689 211 50 -1509 192 333 -108 -255 482 -414 -1483 -135 191 1595 153 -186 168 314 874 -577 -274 -786 -573 -441 -977 -735 -259 218 -423 141 -199 231 -231 -327 229 933 -734 1148 344 233 681 -891 286 438 176 -628 -669 46 -746 865 726 86 205 -584 466 2030 -904 -58 -302 498 -489 1421 264 510 -9 -12 -265 -941 -522 -188 -621 1145 -1241 -26 -775 -270 997 444 1986 -712 83 -397 -113 -531 29 -1169 -1208 225 172 117 1090 193 316 -842 -994 100 -129 79 481 144 -368 481 719 30 83 -426 -464 -24 
1127 90 -197 -566 365 997 -124 177 -1191 1286 236 -209 11 566 -326 -200 103 260 -1182 217 389 -466 563 -671 -664 16 -117 946 -81 366 603 -114 -759 295 -658 296 -1002 328 252 408 537 151 865 -111 -655 589 -6 968 638 194 572 -272 958 -502 -507 -249 398 443 -120 447 -1691 -367 -459 -1011 -936 769 -192 -815 652 483 -1 97 -280 -314 10 920 115 -774 -292 592 -23 172 -297 -26 -242 -1060 175 648 -328 -246 -769 216 274 1062 -939 -65 -1288 -588 433 292 401 352 918 -190 304 -1237 474 -548 99 -1270 -101 -134 193 524 -687 132 888 718 227 572 -257 130 -648 619 449 769 718 204 906 908 341 626 -55 -236 1401 -27 1731 -31 -215 1026 988 -53 -448 -129 505 332 -84 -96 -26 -376 -62 -195 -303 -641 -613 -400 475 79 20 -519 175 -394 640 -390 858 969 432 -1117 -351 272 1480 458 -227 692 587 -905 -915 807 -386 858 -376 32 469 670 1095 299 315 -89 -687 -499 175 973 285 151 165 1284 -80 -878 -374 -182 380 533 807 1596 -143 -925 612 -818 -152 630 583 -12 1091 -899 560 551 802 602 -627 -406 224 -219 719 704 -610 719 428 -1265 -691 160 137 -161 1087 169 -43 -701 145 -445 -1503 -537 -171 641 1255 -718 304 -356 398 -588 3 148 -1070 891 225 -354 135 82 -514 1094 -346 478 287 954 -948 -1089 316 -466 -54 374 718 -464 -24 682 29 -89 486 -1138 -583 313 -343 -69 -94 426 -1086 483 -1242 1135 226 -170 -444 15 433 397 -509 -847 23 1671 815 -253 723 676 
850 -718 -1039 -120 -382 -133 -523 -520 573 -127 779 513 -374 86 5 -26 -531 2512 -641 1338 -423 413 -26 -148 355 -296 -53 -260 -920 -241 352 793 291 1370 -922 746 -67 499 194 -624 268 -396 787 -790 -57 673 729 571 -647 -576 725 -4 -615 884 1013 -373 -772 754 1022 -664 707 861 -263 310 -559 173 243 331 -1164 -235 -649 -285 112 807 287 -180 -189 -583 -114 -595 195 61 -524 1025 -747 58 674 306 -429 -754 -591 280 182 -46 1133 -311 965 40 -236 -741 411 403 364 1120 193 -430 -1873 -651 -65 353 443 46 -844 289 -369 -230 -280 -110 -1741 442 -121 -278 -250 1146 229 475 613 -400 -7 -769 -958 1415 -617 -162 1164 53 884 -141 271 185 -757 1475 -836 -646 571 -352 744 776 41 128 356 -373 173 -500 449 308 525 -447 59 469 261 836 -1025 594 581 -185 733 763 1138 -857 435 254 1145 -741 -1064 -466 -278 179 637 376 84 -425 92 -643 370 44 -204 989 -555 -70 -489 -284 -576 -269 352 536 -389 -412 213 251 -172 346 1199 -313 830 534 -1355 -635 -998 -98 -776 -549 305 -681 397 1036 -522 783 -197 1033 -138 176 1996 -403 146 479 284 347 370 251 -611 152 936 130 368 570 419 -107 -789 -1602 -252 177 -3 370 -829 -177 959 91 -2146 391 115 31 1376 428 -85 -1001 -737 832 -606 -617 214 1882 -1158 -128 523 -447 -1000 552 54 -518 332 1133 -869 -421 -141 50 -445 -235 176 835 -441 562 218 732 -1262 -32 55 34 -308 -21 1180 -293 -1660 662 403 704 -34 749 587 322 
866 468 -487 330 -50 -385 19 -239 610 -624 -500 1122 -628 -236 -241 413 333 -72 -882 -130 -53 -662 -449 -16 624 -609 -678 -109 994 922 362 -28 710 -45 -748 -1420 299 947 939 -15 -690 497 225 95 -1 -223 -747 -246 423 -997 33 751 -90 -817 -66 976 -282 282 -355 -199 685 -867 162 -508 671 -762 -197 634 -123 -58 118 908 -262 -316 -291 665 -288 575 -113 528 -153 -822 -494 -1236 417 479 618 -752 -267 32 201 -419 311 -794 -658 -162 -642 -831 136 -664 -440 324 -390 340 345 1019 -132 1111 388 239 -785 -388 594 -171 -1775 -626 -1677 -575 614 -510 791 349 -140 -163 -601 -302 -962 626 -1002 -285 -73 -34 -323 381 -193 786 6 283 234 200 26 308 400 -1125 -487 -814 205 -318 -569 530 -721 -1177 -148 -72 163 -957 624 850 611 911 237 -727 -432 587 107 -330 -587 -339 -1084 -755 84 -432 -1079 -121 1287 -962 -261 -353 441 -730 -1175 -176 -375 -310 154 205 -268 -870 -230 411 -734 394 442 -112 -96 -360 -664 554 94 -682 210 1095 696 137 1139 -296 94 31 883 1256 -260 547 705 375 364 433 760 503 -1042 -251 343 636 -16 572 206 -347 -1233 1064 697 859 593 -519 613 -542 471 -115 1374 1246 902 270 -14 -284 -190 1252 -445 1413 -548 -760 -599 -120 1523 751 687 -577 -506 283 -711 -99 1050 265 582 -681 883 -394 781 715 66 -376 -877 -521 419 -1210 479 -108 -1052 -1090 -1069 -32 649 124 -1393 -277 -244 -850 -266 -804 -120 227 -444 -716 -399 408 47 362 500 902 -620 -159 445 -704 
95 -813 440 -284 -15 1030 -576 -1446 -1284 -112 120 -611 30 990 0 -502 -490 -79 100 289 -29 -15 -417 -786 -276 -801 -1097 611 -655 -395 -128 -532 -369 220 -461 4 569 671 317 1589 592 256 275 1117 254 -316 -296 -761 -490 -480 -56 77 118 302 -465 -267 517 553 -806 -764 -121 518 -141 -187 1071 283 -115 1033 -289 -113 475 -148 -663 -235 -573 801 -598 -219 700 -436 -391 -792 -43 -661 -215 -867 -526 1220 -1067 -554 526 -231 -19 -445 947 -905 194 523 286 -1123 420 1058 38 -167 1598 -478 317 -390 1134 -206 317 -57 -129 61 -676 181 -89 393 397 -455 -423 1201 479 396 231 754 122 -410 -100 440 -191 -405 73 477 -251 35 -286 857 599 -63 -28 -978 730 82 -45 335 -273 23 -945 633 237 637 134 169 -30 399 237 -750 -214 -531 597 -1034 810 -210 374 -26 -908 1340 -149 -148 574 -62 -1392 1351 -172 693 717 -9 -335 1091 424 -361 71 -707 -381 -274 403 821 -823 -755 3 -405 346 -86 833 -355 -456 -374 -21 37 -673 815 -440 536 777 41 -38 -816 -1049 563 370 -543 -143 227 810 -1037 329 -478 -153 387 265 936 326 597 -51 -79 -353 -17 -1132 -285 707 -144 211 -248 220 -470 -442 -76 88 85 109 -410 -329 -245 477 832 -453 -106 433 75 -116 -338 247 -1410 351 571 572 707 -375 -296 -2 -286 109 -335 -263 -9 -245 394 69 -1211 188 -763 -530 -613 352 -74 367 476 790 903 692 623 508 612 390 -589 -355 604 744 -582 509 -176 -107 -578 396 -643 -468 286 -852 -154 
1003 -554 -145 257 117 412 -351 793 598 -1032 -421 280 -53 -1256 -1400 -871 -681 1375 -372 -774 859 -899 -366 868 207 332 -1002 -532 529 999 -173 282 134 290 -511 434 -733 80 -532 120 951 -107 518 317 -117 -104 -221 -589 -381 217 166 872 -35 83 -892 8 990 1009 -729 -275 -990 -572 -612 -715 1399 164 224 273 2006 -690 -98 119 655 -441 331 777 267 -523 -471 -593 707 -933 -581 461 -41 291 181 343 -175 -606 246 -124 442 1 1307 137 500 -341 562 -857 -1068 -1123 338 -1169 300 -58 710 711 1506 445 -581 373 -424 -259 -424 -57 469 951 -205 427 -762 -512 -1158 523 -80 -348 -228 -510 15 641 601 -216 457 771 -524 -13 -1566 235 -693 -692 -140 293 -325 -202 -134 -1480 -332 132 45 -655 437 -643 -576 662 -266 599 -492 221 -510 351 539 -252 258 -32 990 247 -1856 -26 -202 -659 690 -163 -262 639 149 80 973 -502 825 48 574 -565 709 -453 -169 -334 1182 1049 -360 197 -354 -362 509 98 379 836 -185 -261 -1071 762 -495 406 -246 313 -561 100 -437 373 -504 -1035 -771 -808 -72 94 -691 352 -289 186 127 198 1320 72 169 -303 1389 638 -462 583 -778 -265 -648 -190 -318 -137 154 536 264 324 518 -121 47 -294 -1221 -341 195 181 97 -830 -1056 -122 -591 495 -846 46 -764 -49 -310 888 387 1036 -112 -310 -629 609 -283 83 303 -354 -71 -1076 -194 -406 952 -94 751 474 731 -458 23 -875 -89 -50 22 -424 197 51 742 -123 477 -539 360 -909 752 -606 -518 -787 -139 92 -239 -1188 
18 1225 363 -385 -448 -140 -1169 -139 -350 1531 875 -618 283 -62 119 164 24 95 211 368 -616 214 -320 -475 -858 -476 654 -556 -1239 62 277 948 -1036 -1057 -988 861 426 -879 484 940 926 -315 1888 -857 -332 472 497 427 540 -975 -311 -394 -615 228 -675 255 2 -284 -248 -175 627 -839 -534 698 -71 -781 -197 511 -49 592 -381 -560 301 676 202 884 298 -296 500 -396 160 -213 491 -547 467 444 503 -207 126 1357 -1093 360 401 347 536 -543 -981 -624 25 -32 428 -1054 297 30 672 -1037 238 -1625 734 820 -907 -38 30 654 334 -225 274 104 131 555 -125 444 -367 -143 826 11 85 84 -556 -180 136 -338 -1136 131 -111 685 203 -603 -288 629 -851 -691 -1039 324 -315 -94 -976 218 -1478 1428 -916 896 156 -408 -140 -356 232 1677 -51 -376 -173 100 866 31 26 47 -292 83 -454 200 566 -509 -1559 227 658 436 -703 -241 468 -924 257 925 -424 670 193 -173 -204 326 110 -345 943 -36 283 -294 410 -24 630 901 -330 -711 17 13 437 660 -341 536 -557 -282 -861 -372 -3 -351 400 294 372 85 77 -358 70 -144 -877 -1171 270 1115 -5 -445 -18 410 515 -634 -801 1210 659 -287 -649 256 130 -72 118 365 150 -29 -1088 -1159 -419 -513 -556 440 -88 514 -94 -285 112 545 -641 -1410 -374 -375 535 -724 157 302 -173 114 622 668 -205 -288 -1233 -732 -525 255 -17 170 -1126 -1200 946 1189 -130 109 89 781 -529 32 -1130 614 445 829 819 1115 -189 189 -387 -663 -381 357 1112 -29 -175 1063 
454 4 -406 867 -390 -541 556 -151 708 73 -154 811 -469 784 508 429 -630 6 76 -483 209 27 -355 -617 -137 974 730 73 46 -200 -275 -755 42 -603 453 748 -862 -346 906 -149 -686 -585 619 -265 -192 -739 -132 -98 -441 176 -409 110 -134 -123 447 -236 292 546 484 19 603 1062 -249 -729 -283 -698 86 421 834 -106 1170 583 -86 -788 -727 -34 828 380 -227 -246 55 -640 -733 -928 1516 108 1256 -637 667 -139 464 48 452 -381 -387 -640 279 -794 -89 1069 1201 438 -263 -557 -1364 542 81 -347 -394 159 138 -484 -661 -171 38 1456 -1148 303 347 -982 84 27 -672 -525 318 -492 -915 -701 472 294 9 387 -230 785 -927 19 -446 -159 -385 -349 -450 -750 41 914 -1219 -291 -499 148 -757 1548 -28 678 836 17 -411 115 9 -623 727 -332 -886 -780 -1000 -137 -327 442 646 -379 306 -977 295 -381 295 97 -356 829 120 -194 -10 -491 365 -355 -181 -986 90 448 -739 -83 713 -528 898 -665 1395 -449 -398 -834 -25 -765 742 959 -104 -114 -499 -532 -758 1451 -606 678 -1332 -506 -46 723 -889 -994 -142 225 -285 462 25 629 -459 685 526 -327 369 -47 -133 -359 16 -1344 697 343 -42 -87 368 1463 741 560 388 -28 -62 556 -419 232 927 -582 -333 -151 -888 -784 -452 712 715 -471 337 -586 -431 218 892 -418 802 250 310 1085 -285 -497 -162 738 -4 -508 1696 -163 -862 -149 -459 620 -81 -164 -1201 -364 135 645 -837 229 606 -519 -1528 745 494 238 259 531 -136 -61 -36 22 -291 -136 -690 88 
150 765 -464 -308 325 -180 50 241 -512 -169 -655 -670 131 -141 -1549 -677 508 -80 1300 -202 -32 1391 -212 -1149 -424 -958 36 -84 97 -1267 10 710 -426 116 -484 537 -260 91 503 589 -607 -837 142 292 -281 -187 213 347 242 1313 677 317 791 -179 233 565 -428 568 -1052 -343 -479 -810 -437 -36 36 724 -1403 163 -666 50 15 -144 233 -938 1424 -112 -91 89 69 1404 59 234 227 -908 -279 -232 524 69 527 -643 -346 -310 273 1090 79 252 -405 87 50 -1625 -151 -745 394 -234 795 114 50 -788 -1176 526 -731 538 340 860 517 -646 1521 -186 812 196 382 -1419 500 -988 374 604 55 -665 696 245 44 1036 1024 -1491 -367 852 -223 689 -491 707 410 -1032 674 958 -708 176 -584 275 242 518 85 148 -1609 89 -656 28 -1349 88 293 -127 -439 -590 240 -9 550 -190 -275 252 772 22 -105 -564 259 11 -111 373 -241 -57 562 -296 -167 472 -1311 -315 -70 -477 402 4 298 -187 286 -668 172 -616 667 520 1420 853 -1019 -1258 536 121 -362 -75 650 -534 630 -1053 -537 972 596 -416 -344 -76 -988 -1139 764 178 -889 -451 -1452 -264 746 543 -367 -628 -1358 314 -656 222 -45 -360 343 24 540 -1400 -739 -869 -438 224 -265 -982 -864 -48 -1528 646 489 -379 -308 -819 140 365 760 493 -462 -729 622 112 526 -233 141 356 -204 -202 -68 193 -629 599 -75 -1406 -111 -193 583 -1188 215 435 -42 -353 773 571 581 1159 -432 616 1725 492 -862 332 1269 -415 -640 -279 367 -934 773 -364 676 1259 -458 1040 
-590 -1174 952 -12 198 1318 -355 171 371 913 149 187 -292 1048 -249 -263 648 -393 487 -257 193 -427 368 1084 26 283 33 -195 -421 -717 1058 -625 145 632 -139 -106 -421 -149 881 -925 721 -644 -28 1678 775 1116 -705 35 516 1173 -230 570 -1406 12 209 -378 -724 1301 877 -434 769 -910 -116 829 -838 645 -899 -318 -114 66 -426 -791 -72 -234 32 1315 394 841 -110 401 117 364 80 -640 73 -895 185 13 385 -106 -743 1811 343 92 -510 904 752 -193 -913 171 378 -718 121 -484 -198 -1341 -1487 -125 -636 188 -250 430 194 -91 -380 -1650 -729 -469 -567 1012 1015 1150 839 -207 -471 -86 -302 -21 -368 29 -364 -735 90 230 1041 1909 469 6 -21 -612 1109 349 101 485 582 257 1156 -277 578 -591 -640 173 319 267 126 -140 758 1159 -208 384 -1377 -46 -1298 -179 -191 237 511 -134 -153 1555 203 -1585 2 -77 19 -1150 -307 -1213 931 54 -778 -205 206 321 350 176 1079 -1298 710 332 730 124 193 397 -139 -539 248 663 126 -743 -55 244 107 -378 -103 271 2122 -965 86 -893 -688 141 -103 325 347 408 -1487 -613 553 21 -554 1249 86 1647 21 328 1048 -881 -273 -287 -1552 -435 399 -21 -584 -90 986 310 230 491 118 -3 -330 -928 -641 -837 761 721 29 523 630 -770 -803 590 -91 -713 278 952 399 -391 -241 -312 705 -350 473 -1109 -540 510 86 228 -627 1275 577 148 676 -447 422 -682 27 -185 261 -442 640 -1036 388 684 -833 745 -339 -512 -477 -819 -529 -234 -501 -1209 777 1002 -13 -878 
109 123 651 -550 -340 94 960 -13 -290 -293 649 529 929 -13 -969 626 -1066 23 -1415 -810 -539 -37 -954 -47 590 -139 -1003 706 1030 -772 1248 -36 -520 -571 587 -162 -432 1382 -858 390 -494 -741 96 -718 -183 4 -298 226 -229 517 337 -609 -932 -376 419 204 426 593 -102 -624 79 -442 382 -357 1091 284 511 279 -667 153 350 -533 -759 -610 79 -491 -255 -557 330 -765 -136 3 299 -404 -216 -559 359 -258 -155 -252 -547 440 14 -474 -91 79 -555 -23 -151 162 -348 976 246 721 564 -712 -554 992 -76 454 610 -900 -571 -1211 -252 169 -678 -492 -131 174 -262 227 14 512 -99 640 -406 540 1006 759 205 524 663 -389 409 732 740 1430 520 330 -196 608 254 1401 47 -426 -555 -755 -243 435 674 904 320 -130 -331 -404 535 461 -1208 -249 -453 -374 287 68 1462 160 82 84 -38 555 684 113 561 788 243 -810 207 597 118 -1184 -400 749 -610 -832 170 -262 -296 -371 -823 589 89 592 261 -290 -601 231 1006 590 246 672 -880 -484 -442 -516 1338 366 43 -572 1 348 561 -416 -396 1472 -627 346 334 -744 -2611 369 -959 1014 243 458 -155 -37 577 810 559 102 89 239 -89 290 197 391 176 1080 -660 -132 398 512 -458 -509 238 -693 -6 1004 45 -340 583 1060 823 -339 1006 152 883 -979 -454 -354 -439 -219 530 518 -91 107 716 1055 930 -1012 -152 -593 -332 121 -600 496 37 -523 -68 -406 -293 -502 -773 -396 -864 400 364 -964 -251 -135 -521 195 -144 83 830 1105 -565 51 209 56 
-472 882 -361 -141 25 328 -33 789 273 759 346 389 -600 -204 25 151 1511 -25 -850 -861 -641 -200 -16 571 -398 107 -489 231 1132 -879 123 -595 -499 -681 1088 -197 -130 658 -186 743 -274 -1261 -509 905 42 -73 478 -293 -444 94 305 -178 639 -450 644 -388 -261 292 314 655 1004 -826 -1180 -814 -440 -1173 643 -571 885 364 -815 810 -165 -1448 -1271 10 -366 280 -82 -231 -672 263 -212 -826 619 125 161 634 692 -441 -832 62 -1011 1182 -288 244 -311 30 -147 -359 239 402 1110 1312 -680 1095 477 774 228 -671 1184 444 -57 732 -207 194 619 287 -131 418 436 1176 1196 -513 429 -223 416 -102 -809 427 503 650 -5 -231 -358 -96 -646 182 -556 -1477 -704 -284 699 373 -1790 -308 561 -51 847 -954 280 407 -433 -873 301 443 -1131 -279 553 1171 -1285 -73 -1048 320 362 -508 963 -324 -170 -236 266 -298 -654 357 863 -703 299 -155 -349 136 359 322 -259 -487 682 -1000 673 -872 354 186 22 -704 -599 935 -416 785 -614 444 52 -632 190 207 791 693 324 -957 -454 -235 277 786 52 436 -592 -323 -36 211 14 1740 -576 199 401 -799 -366 -19 280 663 -377 -373 -514 -33 278 1 -393 546 -21 -1059 1518 567 284 -295 211 -950 -72 630 614 388 -775 -110 -257 -161 159 814 889 276 505 -593 -700 877 670 123 179 -985 185 35 61 -176 207 1140 -1457 -317 299 626 -1044 -340 -671 235 -783 545 51 -6 -78 308 322 -554 408 705 327 422 94 -296 -492 -88 681 -791 1598 1033 1037 394 714 623 
-909 304 70 1039 516 -310 392 88 306 914 204 -149 -512 -42 -383 25 74 -340 77 -1294 329 -1196 -504 731 139 192 -200 719 -16 541 433 -157 -10 396 1050 -56 -744 67 906 -492 271 343 -166 419 344 -423 -26 -125 64 -403 -693 405 -576 -705 -154 997 280 -1271 -898 109 -18 -605 -787 256 -634 731 616 -780 -372 737 -287 -739 301 -973 489 124 726 -45 -610 -104 64 -44 126 -373 -40 73 401 -770 474 -1073 550 367 121 -466 -905 1060 -467 -274 560 -438 -427 -27 -172 778 -645 795 -437 -257 -628 34 340 -210 894 -713 802 671 -221 -694 518 -9 -133 500 0 -722 315 580 -442 181 -93 940 432 130 672 -501 82 179 -393 132 210 1158 -14 30 278 512 412 399 -404 618 -110 -199 -20 333 -425 593 -445 123 1488 357 872 643 263 120 -406 465 473 -267 578 408 -652 -192 322 -108 458 -866 -526 155 -2051 -377 -1249 -803 -67 -1159 151 -380 407 471 111 -225 186 -1089 -1305 883 919 613 -334 126 -82 247 -852 -443 -641 14 -262 192 -690 -255 -169 749 174 -716 798 -81 -189 101 -502 37 -612 -703 -147 -100 89 883 -995 239 -500 -928 -537 -1369 356 129 233 -106 -135 113 4 -640 -563 -1046 -427 366 408 -26 51 -274 1057 876 -92 469 568 -131 -645 -615 -139 817 -80 -604 369 41 672 261 339 -442 378 -1539 349 714 95 -436 882 128 -597 383 1225 -602 405 484 -523 81 791 -455 -232 -1393 396 -136 210 423 -293 -880 -762 614 432 323 -156 727 -317 349 -492 395 756 53 
662 -588 895 1234 -663 -241 106 820 -683 -157 -1187 -925 -1155 452 40 25 -306 -714 1130 814 995 1108 858 -412 498 -509 127 -294 984 406 44 -304 -47 -290 557 242 473 -802 -11 -480 -344 -824 732 -159 25 -454 -281 313 36 1312 1069 -357 84 -170 41 -1463 874 -1002 1193 -397 -899 1143 -541 711 -841 483 -147 352 32 613 221 -1267 -91 567 444 -974 -787 -163 99 -20 -867 -327 341 44 -132 410 -386 -463 862 704 766 360 333 -319 -334 684 30 1164 374 -54 -404 -388 -606 401 -301 -1433 -449 881 -447 477 -650 325 -51 161 18 246 387 -403 -253 465 774 -225 1497 -472 -542 -485 73 -314 -1181 685 116 -796 501 -342 486 -80 -328 -68 136 528 -634 16 -92 837 -1024 -831 -466 -899 615 371 -521 973 376 -610 342 -526 -978 547 -770 -155 -381 -73 -199 501 -242 489 -535 -128 -518 1046 -705 559 -4 -958 -126 1521 -657 -62 499 56 -288 27 105 -763 57 623 -444 -391 435 439 874 473 512 143 535 150 -605 114 -49 329 231 -811 -916 220 538 1455 274 386 1351 -907 -1457 518 680 -56 382 -227 633 450 -1 -103 -140 -213 851 -145 538 -513 -572 227 1127 721 519 1160 176 891 -139 356 765 -236 -367 -113 -526 136 615 177 -695 525 -343 -160 1051 323 705 305 -31 58 -658 546 168 -732 -348 127 -32 -157 51 -849 -59 -260 46 601 -1118 436 293 -374 -5 -317 1230 -878 736 476 -950 -222 114 -967 177 618 -392 16 -887 69 -176 -307 -743 698 -254 -671 205 -1095 -471 -189 -3 -439 
-477 -94 653 -629 -1 -1588 404 1235 414 -286 1075 309 983 -1462 -862 -341 -284 -82 -30 -87 1319 1539 498 49 625 489 1035 426 91 865 557 348 -516 -93 237 462 137 -2 505 596 -233 -81 -575 766 -404 97 791 1056 424 198 -691 206 -1361 -166 1169 -550 -751 105 -556 640 956 -336 454 439 -321 -786 -1203 955 -316 992 -925 -54 -663 -628 -927 -288 493 -567 149 163 -142 697 134 1261 294 -547 1242 683 -566 -579 -586 -472 232 -459 -358 750 -315 -33 626 -757 -148 -759 -845 130 338 -638 175 866 -1078 350 304 -247 -921 -632 -876 876 20 1518 -1087 -670 -929 -850 465 389 -506 140 443 24 775 147 764 -640 515 -575 715 -174 -744 426 729 571 -14 -44 1209 -90 379 837 73 141 790 160 500 -1092 -1182 -544 528 369 -98 -928 -349 310 -316 -190 -799 -402 625 696 121 -85 177 -24 447 161 988 -241 -530 -371 693 1040 -1304 293 554 102 -58 513 -379 -442 375 -129 354 5 439 721 125 325 1179 -50 -325 -1124 -290 -1585 -200 -157 1064 -543 974 -569 -1338 496 -593 419 732 673 -1085 -345 576 1032 468 559 -854 677 -286 101 -58 -387 -227 -724 1251 438 -619 -141 852 967 636 -115 -327 521 -371 -313 -477 -270 323 38 1477 -128 -954 -877 591 1015 -719 1338 -697 -563 866 452 306 -3 114 1599 -629 -46 -544 -263 461 -442 503 345 -511 714 977 295 1377 637 -649 -790 -242 -444 1035 -137 -229 -192 -823 -250 -1254 -128 423 436 720 460 230 198 -280 -88 -377 -702 -2 185 934 -495 203 220 
-413 1115 -402 -1 1566 -209 594 38 1617 357 33 -561 306 -208 -1372 229 -160 1748 199 -152 51 -472 -210 560 318 -2 95 920 221 742 547 139 343 256 388 294 111 -139 -461 -1383 607 132 1159 436 739 -897 -588 -258 1407 -935 -245 -964 -287 79 249 -1009 1268 -343 819 -311 -375 256 192 -353 1547 -157 7 -125 -585 107 -360 -1467 521 224 148 -415 309 -630 55 536 1214 357 1036 340 625 754 32 1517 -559 -377 203 210 -458 -105 374 505 -464 -846 515 -1681 -884 -808 402 1340 -283 -690 -154 1072 -874 -531 122 235 37 872 -394 -129 -909 420 94 -240 413 1133 272 708 198 821 -664 481 -137 -884 -436 442 248 24 -291 -47 -78 -441 -270 239 -346 2017 338 -141 92 1256 -287 320 593 213 -719 940 443 642 -1084 322 -952 733 862 -870 1221 -182 -745 378 -94 -591 -371 544 70 512 -275 -918 -68 -1043 737 -1 -41 1122 -1525 1073 1132 676 -534 -596 52 377 -287 -411 -981 -1556 -999 -310 77 -1182 707 -400 1282 411 -1139 630 473 322 -94 -1260 -286 -1524 -459 378 -747 167 -81 -989 176 725 -146 328 297 -488 758 1461 -371 -297 -336 -1754 350 -554 -192 22 129 -389 612 -924 129 698 296 -182 719 1260 -612 -402 724 -803 143 -444 -587 671 194 111 -1566 -153 -223 -829 918 -584 -711 654 -702 -709 -908 329 -5 -792 -738 -887 371 58 -33 82 241 254 330 -723 -205 -228 -213 359 -407 434 -176 739 -1025 188 -401 -769 948 -1922 155 150 -130 -1091 958 134 -393 265 -83 -927 506 -284 -860 462 
401 1871 -35 94 118 -684 -700 716 -1202 -846 -155 -1353 -584 -1525 -329 -1140 -724 -567 -468 114 379 28 504 -423 455 -201 686 973 -501 -922 122 -1251 403 1138 -472 -149 -655 -1717 239 863 593 359 -796 541 -1238 -643 -241 -577 -160 -74 -658 -160 699 -816 -892 565 -623 -55 514 100 -157 -541 394 -4 -485 1656 -1613 -556 73 524 739 -856 531 532 -496 -271 -699 -559 -1531 -138 -675 -878 976 -275 -588 -541 587 839 -792 282 123 612 -365 -1006 66 106 -364 -667 321 -343 56 184 206 -741 560 1165 -192 544 367 -610 1141 583 559 606 386 -94 618 -149 917 -549 287 522 -220 435 -1280 -1001 -19 191 -6 1464 -757 168 837 -192 -491 -992 -1034 -310 427 515 415 218 85 618 371 32 -975 501 -617 295 232 -718 674 -187 -1094 -827 -1053 -829 526 -376 904 -878 776 691 -389 269 -1496 -251 639 -523 494 403 -420 116 962 -732 -630 476 -212 -150 740 1066 -190 605 191 1164 912 886 -152 -682 -707 116 -400 -481 244 1166 -258 -415 -1082 465 -891 293 -229 -43 -934 434 784 -1325 -430 -207 -87 937 539 -797 -265 215 -14 -306 28 -9 -493 -369 -471 161 362 -722 -202 -766 -805 828 -161 -99 -215 -307 819 -1057 -16 -97 272 408 1239 555 -89 1010 -1762 826 -660 -172 141 138 703 270 -697 332 503 538 1081 838 -24 -270 -131 240 -276 -413 126 -110 -499 -771 -123 54 -833 -363 371 -132 -673 -370 -25 544 -737 -1462 57 1000 -134 366 1047 894 -222 -436 1447 59 -354 109 67 -132 -1399 -411 1215 -1096 -1128 537 
339 155 135 438 -513 -341 50 346 1263 490 -349 535 622 520 -789 -1123 -151 -58 -135 1060 122 188 -306 242 39 372 -544 467 -291 15 620 -115 -69 625 689 -125 1442 1074 -536 535 -14 -636 -488 415 315 1500 -260 -758 -637 -352 -244 853 43 -484 262 671 -909 336 657 -750 -486 -252 -237 766 258 34 165 -117 535 -523 269 -335 172 219 831 358 -266 -106 406 1275 733 288 -614 163 -1051 -83 649 -219 683 180 -8 563 -276 -624 -323 221 158 -710 618 -120 -705 -456 284 -1013 164 -295 -183 -207 62 -333 -350 -250 79 221 -182 -638 -845 -767 -842 25 1395 294 -257 -511 -23 -412 315 628 -18 -305 135 -379 -602 323 308 -662 -150 -147 -268 -311 1330 1682 -231 167 -986 629 -187 156 63 -98 -168 -104 1356 461 -184 -1164 32 637 -348 1360 -1239 488 -846 -121 -634 -193 550 160 -562 -1120 156 -921 6 -550 -90 281 263 243 651 -500 -298 -559 -813 -721 1300 775 210 -409 392 -12 364 -989 438 -205 303 86 1302 -564 -831 111 585 -345 542 387 -61 -1274 845 -217 -1234 -673 -210 -28 280 265 -939 1311 -405 595 -449 813 595 410 -655 -393 -338 446 172 161 649 -84 216 1083 -1 756 1650 -31 102 791 -20 842 68 453 -49 -216 -740 395 -1030 -54 -136 713 69 747 911 82 -16 -761 -643 327 -283 -69 275 684 356 -477 944 264 581 -480 182 77 498 189 453 110 -589 128 -182 285 643 342 -13 -897 -285 -399 -1065 -282 167 379 399 618 -542 -562 212 400 80 356 -477 336 368 782 
-787 149 1165 622 959 818 952 136 972 -122 1718 -234 773 -771 -307 828 -91 -220 259 -534 1231 176 474 -744 176 597 169 -399 -170 -612 -1058 77 -181 -110 -300 -380 278 -451 1064 -1461 1245 11 631 186 -890 503 67 73 -516 -736 145 238 949 -358 1296 274 186 -369 -49 465 711 -449 -93 -64 -194 -101 564 117 -229 -27 -509 -194 480 141 1020 -862 306 -316 76 -63 57 353 -194 114 -528 -245 1200 805 2019 -919 673 -314 265 1194 430 -182 616 -748 -552 -118 -960 -1166 -128 693 -885 617 195 -384 -276 -177 -573 -85 101 361 -1093 659 -658 -189 -837 -553 1689 194 -303 32 581 444 263 373 575 -473 8 -846 491 -165 -34 316 -853 -457 316 -603 -979 638 -1441 594 414 1676 -462 -207 -461 568 -934 -891 -131 -116 194 -335 -120 -875 -679 -106 -298 895 -930 285 428 70 481 -17 -990 -627 641 576 -73 -658 -430 278 -272 306 -1077 773 893 -412 738 242 -393 -26 973 -393 -1114 -117 -840 -1025 -1016 843 -76 -720 261 -364 206 -933 175 1156 -103 -1322 -394 -157 -670 -729 83 -966 -257 1281 -605 -1196 572 542 384 1908 -187 823 516 -673 1370 -52 -1001 -977 1332 845 -430 -237 1 -265 -239 448 69 -601 984 -1038 -210 -551 -363 635 -80 283 -314 324 693 -680 -820 -375 -182 -12 853 -1247 -634 452 -279 47 407 -410 -793 1128 -844 8 103 -258 -2513 -28 889 -367 -565 240 -922 1039 -628 -72 1839 1097 -906 -462 -951 707 458 1463 -88 933 87 -257 238 -388 320 250 372 396 995 848 432 508 733 -494 
-191 -270 -344 -901 716 -1069 198 -846 476 -364 -3 -441 -537 1200 -122 510 676 -336 21 -755 741 -90 1497 -111 -742 -150 -388 761 377 504 -624 458 -617 -157 629 -380 -554 -720 -938 147 -224 -516 -217 -394 1134 378 1300 -592 1399 451 486 7 446 605 -252 278 347 641 -419 875 -373 218 -708 -540 455 -632 0 -653 0 -674 -1267 1248 -506 -1312 -218 96 903 766 -591 348 -556 180 674 -105 119 -184 -632 222 637 -84 281 744 388 1653 397 962 -794 72 748 855 -1536 995 385 41 -78 -976 372 -299 106 -768 766 241 613 -563 -378 153 -255 400 -732 189 -177 160 509 343 374 -924 382 1041 475 542 -192 -517 -365 -1061 -76 -147 -339 -257 -1415 13 140 574 96 395 -289 164 502 1077 1018 -880 218 -438 433 520 234 880 48 97 -110 446 -723 -520 -357 -1293 1151 810 -598 -627 220 -59 56 -801 -126 -949 378 -640 -296 -537 166 759 1538 -7 83 -548 1108 46 -641 262 -81 -1422 -569 -42 -616 -554 -360 388 553 341 551 162 199 -31 -557 220 2135 -131 290 -1194 1316 -36 -212 -496 -457 -4 -411 -1194 36 -258 -900 -505 -336 285 -1129 -38 822 -357 168 -551 174 1365 477 1181 539 -662 1144 -529 345 -413 312 514 169 -323 143 42 86 -1362 -397 -196 95 -964 9 -995 393 -813 -1341 -300 613 -1108 1289 -507 1042 421 -24 -627 -198 547 -860 -1461 -486 -363 398 -980 -125 -485 -364 -254 -317 274 212 -381 402 -1356 -509 -883 640 -148 748 -711 53 -457 669 -669 201 -186 1442 235 -645 -1125 327 -338 
-238 634 551 269 1089 699 -487 243 435 -627 369 1705 -511 67 -146 815 -594 622 -602 -86 -866 332 -276 709 120 64 -73 22 -163 -827 465 -320 -1486 116 -374 -650 -860 490 -388 -353 16 -751 -770 416 -135 250 -1320 796 36 -131 78 -1417 -507 -407 77 -6 -417 1430 -158 376 -517 -852 -219 603 468 -713 303 8 322 474 293 486 1630 685 671 873 968 74 -106 -715 445 -502 -2073 -88 -439 -555 63 -413 -652 258 -378 778 -1205 -544 -911 1 595 360 -1184 926 -282 1629 -1278 998 11 270 -195 -29 372 -703 479 -714 -77 -279 63 536 -676 -490 44 448 -210 -392 60 256 463 318 452 -658 -611 -846 -220 563 -493 435 13 235 798 -248 -771 -589 -462 -223 -278 289 105 1264 970 100 -1889 183 -427 425 -135 359 621 204 -603 -1106 209 -368 -1305 472 707 -332 -495 -135 30 -304 -567 -1 -117 346 -80 1114 12 495 1176 390 -923 525 -530 634 -585 261 -764 840 -711 -658 -850 317 -549 1764 902 -312 -908 -1019 777 40 694 669 -112 -311 -74 770 -1538 -233 -133 86 -411 -230 -260 1439 623 -669 639 -121 -475 424 -666 -278 -539 1331 -18 -64 -1252 -620 -40 47 -139 -1286 1064 302 -744 -80 -408 559 440 2125 45 159 220 -44 31 -1576 638 586 -23 -127 -638 -1309 -923 78 843 680 768 600 128 -166 -986 -422 -880 -105 -392 -1016 491 -996 802 458 371 -219 -1425 -374 -98 472 -883 904 -227 -1088 969 -732 -1371 -105 -114 1082 451 53 -227 330 -549 -177 100 601 -139 131 -905 -573 593 356 1001 -676 
-158 -15 37 261 -1086 35 1092 -337 -359 -1271 -392 -628 809 140 -74 1466 -714 -649 -368 679 443 446 -101 597 108 5 636 225 962 -169 -87 402 -469 -1194 1 -907 -1305 489 -1134 -244 766 303 -178 -401 -426 492 -259 709 128 -1232 293 36 -705 196 -415 341 735 361 190 148 -88 840 -292 -189 99 31 -694 -883 -151 -1034 351 134 -428 -373 -795 -1014 -591 -292 -224 -781 -680 438 29 -639 363 -255 20 -341 -256 83 707 230 -641 262 -1037 129 -99 -164 779 283 -385 -584 268 -230 237 -471 326 -582 -27 32 -98 535 227 -424 -106 86 286 343 -420 -810 226 -175 106 -185 -193 661 649 989 676 449 -191 -664 82 -326 504 46 -118 4 366 -7 -29 145 212 -330 -102 -464 851 -171 -365 426 -62 -300 159 965 2023 650 -65 367 -14 1044 -69 245 1023 555 -89 561 -346 116 48 -582 112 361 62 -335 78 -189 -445 204 -195 188 890 -766 632 231 -965 -315 -578 505 -775 -592 320 -203 1129 -201 -175 -108 35 -1236 598 335 360 -610 -251 1097 450 972 -746 344 -383 -221 227 -627 829 -15 -558 -532 264 -47 67 -127 -600 48 -33 -1410 -29 861 -552 -1371 1517 283 335 224 -163 -106 641 471 -346 -751 -1143 -858 816 379 -467 240 516 -698 282 839 -944 511 -653 504 218 -46 3 204 356 -488 133 327 219 901 -573 423 -363 511 -1182 742 -1005 490 533 -336 -218 -354 -223 -387 265 -161 -731 592 252 -696 267 339 -390 -447 2124 -367 243 -373 -308 369 -1230 251 -737 91 -482 -1034 499 -305 
-979 -56 396 -260 -430 195 43 113 -351 46 1456 -296 114 874 590 751 819 525 1396 -487 -603 -22 24 -575 -621 258 -274 119 -850 -1475 -1707 7 596 205 -810 -98 -846 -59 1783 416 184 -987 70 630 19 466 905 -996 -464 690 251 457 -59 -1091 247 -718 849 1858 373 -622 1237 878 -221 589 269 -485 -305 697 -470 -770 602 184 -596 421 229 -73 660 185 714 -352 -477 -710 75 -801 44 7 74 371 87 -140 367 1754 498 -669 -247 289 655 1118 -1094 -628 105 -1007 -445 1373 371 -548 -582 1218 -260 -1034 1119 753 823 -320 831 -231 628 -733 11 -72 -293 132 1346 1531 379 1163 -202 424 -690 -47 -68 -850 116 592 -226 613 -954 -880 733 130 -244 146 67 570 398 162 -369 -518 372 638 1091 -622 -1098 208 33 -500 -326 -202 56 716 -1629 -484 -247 -317 1375 608 446 122 1717 446 -235 379 -207 -303 -662 667 -1260 -186 36 -229 1895 -1061 -245 -379 -882 105 -505 -472 -531 -495 181 -866 764 395 285 -692 666 -681 -297 -320 -234 105 -1016 -1039 633 642 663 -1211 -6 656 -711 25 -1071 102 -754 -458 252 -294 938 -308 -913 287 1194 -143 -671 -296 -151 265 -32 1305 -250 1088 -894 818 644 209 -1410 -484 188 320 -347 -1296 35 73 -1350 84 -550 -789 166 866 -279 -746 835 -178 46 456 882 466 -268 -91 535 -78 477 62 98 -370 -92 652 -148 -23 -817 551 420 104 -929 1107 1001 1038 696 -191 150 -222 -730 432 1210 863 -816 -505 -157 932 90 -1413 98 -383 -998 48 1170 225 -194 345 
-686 597 -931 -292 -399 -577 475 247 84 8 1024 -1026 -617 -372 167 30 415 230 1343 -116 653 249 1007 203 -464 17 61 365 112 827 -946 438 -412 -372 -287 501 -777 -559 666 -699 522 792 -235 34 -426 -428 670 343 -260 -52 565 -122 162 -379 104 -134 -1318 535 918 464 125 395 -391 206 890 -216 -617 330 250 -349 -1053 -960 -57 -10 672 -273 -260 13 -1119 -573 304 201 556 -393 -178 635 941 -130 1056 -95 -304 -291 -18 776 2049 -237 -55 246 -322 -52 -1019 -860 -1012 -294 755 -108 257 -128 -78 -468 -508 562 374 172 1672 199 -372 -1227 137 -361 970 -784 500 -274 -1078 -548 -568 1041 -477 -220 -784 149 110 -1077 499 -6 750 1006 -766 397 -87 480 -58 -195 5 -256 -212 -382 -1225 -473 8 222 -3 -1123 45 -254 -158 -477 195 -162 -684 -545 372 546 453 -586 -156 198 -1458 745 -680 478 -729 -130 596 607 445 314 743 250 -10 1374 -98 -311 123 73 120 752 -19 -344 479 -390 -355 311 -243 -170 338 213 290 1122 106 -144 125 -252 -540 -341 -51 -45 110 80 -81 -64 274 300 -770 -616 87 785 -1202 581 -1061 -848 997 -346 132 -984 384 1243 -37 -800 -12 517 139 270 465 -499 -241 839 104 1528 -636 234 -730 261 -1479 513 189 -595 -43 -123 -367 -347 -1233 289 -193 316 405 -1893 510 807 -109 249 -324 233 1000 93 840 -298 -131 362 83 -297 36 1169 198 1297 905 233 930 -51 600 296 534 -231 -50 747 98 475 484 -683 -229 -569 -218 -493 -78 -37 702 253 -109 810 
-253 570 -800 209 -353 81 689 -474 -1072 975 -596 -252 -974 367 578 -152 109 734 -114 -324 271 -433 356 -692 460 -1044 -845 -1365 704 210 170 235 -249 -351 -1119 681 -483 393 -1226 -325 -299 945 -789 225 53 -467 -414 751 -734 -267 27 347 -1120 -467 -272 376 -258 -194 250 -797 98 80 -405 1125 55 226 1080 343 515 -171 80 -809 476 64 501 -189 78 376 -815 -337 -253 578 -290 -654 31 -528 108 -473 154 1143 -1291 1210 53 -605 916 511 565 117 -248 690 432 101 -81 732 -643 -544 82 98 -670 847 -475 -1096 134 567 365 654 624 183 -1299 -31 620 767 1225 -499 -876 365 -56 -330 545 46 -171 -442 1496 428 608 -77 198 318 25 301 -359 -588 -415 -108 139 -284 -266 -502 -359 -109 -303 -225 173 824 -1031 244 315 -103 248 -521 -525 -1082 99 1384 277 -607 -779 640 240 14 992 -467 -12 660 -235 -223 -459 -800 1043 -780 -454 332 -868 14 -81 -539 -290 435 -756 -191 348 -123 501 -1003 475 -421 100 -370 -1057 875 653 -1069 64 -39 -291 -296 504 -375 -355 1047 -433 -341 409 -34 -837 322 -414 -230 -928 966 -1279 -450 -6 87 -126 -1014 764 -7 1211 -925 941 496 -858 496 97 -1147 426 -111 673 654 -14 350 -567 -329 -139 -118 535 163 -251 337 60 131 -540 308 -489 1767 258 -913 265 -275 -178 737 -712 1168 534 556 -392 785 918 386 -524 -456 -207 -430 67 -1276 -388 -158 -257 652 -41 121 727 1070 -1130 -43 -482 163 260 -1066 255 546 -362 1137 420 2255 642 501 -39 -174 
-381 -687 953 -97 -347 714 1598 329 1141 -114 1114 173 656 1055 -930 177 -1000 -29 126 273 602 -411 171 -868 -431 -163 -426 -163 186 1361 -914 -453 -241 526 -282 20 126 295 215 683 121 -1253 227 662 16 327 889 -1200 613 109 -1088 215 -631 -930 -164 -673 -7 34 495 -109 -677 -443 -67 156 43 -752 -633 -174 154 -997 -713 1582 -683 1180 137 1085 -375 161 -548 -445 750 614 -621 528 -121 -534 111 806 -126 866 623 22 9 -252 -113 -650 -819 15 294 -408 285 441 383 416 -397 -1140 -528 108 -978 -883 709 596 -51 629 -119 123 355 -908 -91 180 301 -213 -383 15 678 287 -740 1286 17 523 627 -124 -564 -183 1152 -279 -15 -256 -260 154 823 1055 59 -178 -1030 267 -515 -165 -719 109 814 634 246 314 394 909 -273 -644 -165 441 -1042 -838 -105 847 -997 -100 -629 669 567 365 688 -1163 812 -481 811 463 622 76 -10 782 822 -395 -753 747 297 1054 -705 -486 -61 -580 -626 -43 557 396 -75 -342 874 192 26 800 -406 1050 157 -593 583 415 -680 638 -164 -1213 -192 -1040 -506 290 -360 -1008 -467 -542 130 -415 -43 -4 -306 314 75 513 -1141 659 308 883 144 688 -273 -875 -177 1252 -347 -1056 1588 -163 301 60 173 162 -226 183 116 -409 -225 -288 597 238 681 188 34 -892 -281 941 -553 326 -32 -96 -80 -814 -316 752 -583 -1747 -202 104 746 -389 515 -171 -875 -10 775 351 -321 467 35 777 -758 -587 -103 684 -720 -195 838 -16 -252 -220 -500 733 -352 1445 -220 596 -203 -37 
-168 215 334 934 744 -894 -602 -134 -610 -214 116 -672 113 -97 -536 -206 392 -81 717 -658 -624 470 554 -293 -359 -391 95 158 -927 91 295 -639 -13 -610 605 -433 695 973 -895 302 387 -314 -208 666 -406 -1458 -418 498 147 853 -289 310 1172 -196 -807 353 -117 -376 -352 465 195 542 599 830 934 438 -110 316 495 74 -272 75 -114 646 173 -983 -804 105 773 50 912 835 1058 126 -807 1096 265 -78 280 233 941 955 556 -270 287 650 -108 215 -326 -185 743 -62 -515 233 -259 -646 -430 125 49 -209 -664 -235 526 373 181 -826 302 308 792 -574 483 -166 69 525 -433 -532 235 200 58 -488 -694 -1353 -613 -98 -162 240 605 155 801 113 339 492 -321 -38 81 -344 646 -157 -432 -251 518 793 668 -887 -375 -132 -233 670 708 1674 1090 -779 113 -418 916 -324 211 -318 -504 -110 -894 -1469 -1399 309 -757 655 -137 497 -383 -454 1172 513 8 -1043 -503 784 -125 -837 -208 1211 619 -929 142 179 814 -342 206 733 -1286 1446 -524 523 278 986 11 -78 -1186 -208 581 612 151 36 76 363 206 187 -246 -597 851 -526 119 -40 176 122 208 287 -329 317 -686 102 -964 177 -404 697 -29 -125 209 562 304 66 -41 -532 -245 -339 -802 -826 89 -916 -385 148 -440 -17 -666 588 -17 -65 548 -485 -518 -143 -167 -351 711 -300 1205 -477 -136 291 899 1069 -334 283 970 219 886 87 208 -631 -250 -594 789 593 -7 -690 -870 573 247 380 -74 -504 -421 537 -1162 348 -539 750 869 1094 -71 721 
-30 -22 167 59 119 -80 -711 313 -420 -67 204 816 -377 45 1039 560 1600 -68 -547 -465 -107 -984 106 472 -146 -760 -1520 -772 5 -467 -1426 118 667 -1400 244 -282 315 -166 -631 218 77 48 429 152 745 -145 -99 1083 493 -365 1779 -56 -544 165 50 -103 565 427 -781 -377 551 -1050 805 -131 -143 -926 -680 409 -682 248 996 460 -1155 -1425 1268 274 710 -1060 -180 1145 583 -745 -163 664 645 158 853 708 1043 -722 -852 -149 604 -19 565 -232 155 331 -156 -417 -568 1172 -737 145 -277 -1709 -267 316 -1107 538 -25 -449 -450 415 -651 -1214 -133 -99 -293 975 90 -374 -532 1718 321 718 231 -284 -326 560 31 500 -701 -144 -41 804 198 -227 -288 330 -760 -471 349 -344 -997 142 -33 -176 780 302 28 -341 -566 5 41 48 1399 222 367 -1164 400 -226 -547 1311 214 1516 445 -462 -426 -22 20 427 -377 -732 617 -530 -1472 227 -88 -434 93 -953 880 -544 -636 -1245 374 122 -930 265 70 -1388 -1055 -145 274 468 882 -878 59 -541 733 -503 -849 446 1147 555 921 -893 24 -357 389 -885 58 -325 14 -295 450 -1312 -855 -145 -288 -983 -33 94 -461 -335 389 73 -858 -27 -1058 550 -653 69 -208 36 -52 70 -1099 -194 -195 274 -546 29 293 -74 -1062 -460 69 146 -62 393 -1049 955 -893 23 1169 -381 1318 -458 1503 685 222 393 482 57 -113 253 -348 -438 -413 264 -543 -46 -384 -1205 -773 76 239 -1204 -142 -493 643 -244 -94 808 240 5 -376 626 520 327 272 -98 1339 163 -422 -347 -11 988 
556 592 -238 740 -284 -1006 -399 860 -824 -242 -865 1039 -696 -745 -305 -403 -1214 -312 -153 -1365 669 64 961 231 -254 -84 100 586 -270 429 -1403 820 77 -1647 -1143 222 572 -332 -124 469 1446 326 1126 -34 -1069 -79 528 414 85 1085 1005 -197 1396 -3 92 -412 -210 -596 -70 -63 314 -578 277 -233 829 -334 -214 213 -101 -212 -1031 542 547 -561 37 285 -152 62 96 -29 -224 -255 -4 -48 966 861 -1143 600 832 -206 -546 -330 -228 272 759 51 1434 -125 -73 -641 1359 -922 -728 474 -947 541 791 -469 -1026 165 -1118 -158 162 447 370 -397 -85 930 -38 -175 54 102 -522 764 -340 -406 104 -636 -1001 491 169 1025 421 -129 -812 -27 192 632 -544 -66 705 -772 1592 -529 -917 401 24 -149 799 -816 79 -1080 167 -460 482 -336 596 -1018 669 -688 361 264 180 -169 170 1197 -706 39 -613 133 -75 892 -146 1578 443 317 -869 478 -810 -1380 -278 898 182 -828 367 347 202 249 -817 467 -367 148 -1528 501 -582 1685 -542 -681 131 295 358 334 -155 93 -24 -304 -630 757 24 374 -781 -154 -94 -1750 114 458 712 -458 664 484 -204 -1113 517 -50 -367 -1450 172 183 -1764 -579 -96 -490 497 531 -384 -495 -824 270 78 -936 -1112 -1393 -1051 716 -493 -777 40 166 323 144 -170 1105 -608 -338 -232 -132 640 -1126 351 559 392 559 -213 -973 -62 155 95 479 -724 -136 -125 1660 -839 -628 115 -542 418 297 -620 54 527 897 -486 -530 265 193 -594 -442 73 -304 -450 -500 933 147 -1234 -631 -903 262 157 29 
1322 712 413 -24 -687 427 -380 -757 -1063 85 -412 -661 -497 132 1061 -557 340 -507 -1151 -1053 742 612 144 -612 115 246 -263 451 709 -793 -1166 -119 71 -567 12 845 837 -21 -995 -443 -720 645 -863 287 -640 550 280 573 119 149 233 790 1208 1368 -432 -151 -481 0 -941 -356 -2 -226 32 562 -562 -260 -563 47 130 242 -355 392 690 1122 -310 -329 -784 893 271 728 33 -556 166 6 -153 1359 -620 210 -234 -1494 37 -38 295 888 704 -64 84 -241 -1562 57 4 -576 1233 -458 -661 1043 1004 -473 -258 353 1124 -584 167 709 475 -128 -513 -141 -23 170 354 48 1166 694 -307 -389 81 -548 -1125 -142 -451 -253 -377 -355 -31 199 -661 576 -813 -462 590 -1371 -1190 819 -153 -457 -266 -1892 290 -772 -831 58 178 -29 -667 502 -348 -125 828 545 632 -51 -930 881 967 559 -1184 -1032 39 -872 -345 -257 -1208 794 4 -26 -773 -50 -961 -1340 696 284 -872 -61 235 515 350 491 498 -279 -119 499 -270 -716 58 438 -168 1284 1164 28 537 1164 733 -234 197 6 61 -375 516 510 -425 169 -463 931 -739 -568 -130 -733 179 863 -253 635 -360 488 288 437 417 923 -78 826 -670 -81 963 -38 -579 -895 -829 -546 -653 454 -275 -998 131 16 1 404 312 -850 71 796 -456 -666 -172 -279 382 -1281 401 -804 1374 -298 522 -40 -151 152 -18 -88 -1366 312 -1262 -302 1003 726 -882 -1352 -518 -779 201 -456 -416 -619 223 451 162 -955 87 836 233 108 783 -840 -893 757 594 583 -971 944 546 -224 -298 -27 
758 1127 -268 -1428 -330 -456 -149 -265 -1373 -324 79 -1068 -660 -198 1239 82 -1374 -503 -1172 -703 -791 128 -328 -473 -183 -377 -683 -750 778 -54 -203 -339 123 -524 -93 150 651 109 -758 470 94 285 1010 -238 -391 562 -1734 301 -192 -1066 532 511 61 -704 486 683 961 -769 -531 419 -520 -1183 -249 -732 -11 281 -1006 77 -223 431 739 -197 1029 56 1286 -1290 -1074 -747 -12 -259 -148 -817 -111 -1029 1113 -39 -913 -215 418 -74 -245 352 -386 1006 34 57 11 -1103 150 -523 -29 340 -565 -199 -436 609 -78 321 -395 -80 6 33 -8 324 -303 -666 -487 744 -794 40 -147 783 -561 -471 -1296 -516 786 -935 -258 606 346 38 -639 194 -896 120 158 623 234 968 30 404 -940 186 -230 -958 -646 -238 52 265 816 -51 467 -706 -1407 900 -674 -504 1688 -226 -475 450 1007 -248 -476 -8 -908 -260 -195 -281 -83 760 -1469 390 1075 606 -148 1926 875 72 870 158 213 -1108 35 1186 726 233 -531 -816 220 -356 -886 -537 -23 1794 446 601 -600 -301 1023 873 -99 421 -220 591 902 -859 -1386 -519 -183 -52 541 1279 -639 -322 459 -1106 -1239 686 -166 -945 -1242 116 38 -873 -2058 138 64 -625 -308 1239 88 1030 -444 -621 -1206 -318 -1039 645 1023 -345 437 339 314 269 -148 -638 235 55 77 114 742 236 -762 -1254 269 -162 1038 -1124 -719 476 -149 391 588 280 -1027 810 -32 -417 -267 -249 -601 239 -1101 758 802 482 702 269 -1501 939 108 406 -834 341 754 217 1037 -101 -935 -331 207 -1069 93 115 -267 -29 -122 -633 
-438 875 -1239 225 514 232 1834 1319 1688 -800 1968 1089 393 881 -304 848 397 1446 -2042 277 161 -1090 292 -584 -410 -650 -1363 876 303 990 -538 508 67 427 -368 -622 -38 471 331 599 322 33 241 1288 -638 -181 -405 -780 -419 -1559 440 176 79 -888 -72 -378 -159 -229 -1074 700 -1093 137 206 -414 681 -800 512 128 181 489 445 170 -121 238 870 -171 -477 91 -987 -927 -119 341 -720 -293 -98 -433 -356 -637 35 -197 743 42 372 955 -679 627 -774 -123 -551 -1308 -937 -7 -165 45 353 785 382 976 1132 127 133 1096 -284 -58 -1212 331 -1306 -125 -723 47 827 54 -147 17 -910 443 -1049 472 126 1049 1200 211 600 663 1307 -156 1021 1396 696 -654 -580 -400 876 -571 -57 -158 52 -700 -991 -934 -52 679 -1306 -186 366 341 231 -312 123 -485 244 51 -102 -756 992 -625 805 -555 152 -530 805 -279 -181 484 722 495 712 122 517 659 71 -917 256 -269 268 451 -49 742 -325 -596 -297 -62 652 807 353 -619 931 -46 -542 -184 -135 392 -144 -514 81 -934 -417 -679 -751 377 376 1015 692 229 -97 -238 388 209 794 67 -136 509 -405 -263 -75 -204 208 596 -723 702 160 -731 664 -87 -338 -1432 -18 -1010 -258 -785 -41 965 -1454 1309 203 904 365 -417 731 422 173 -270 540 -304 -100 872 -15 413 -1179 1044 -357 -465 27 -629 -739 -183 -443 -1352 629 82 -779 -735 -780 -626 601 -69 496 -835 -4 211 979 202 1036 424 -218 1191 533 -509 683 -68 -500 -85 -575 -420 -449 225 -179 383 1092 -81 
-611 -371 -872 339 -450 345 -814 -1883 -209 666 118 250 -112 651 673 -29 767 -398 400 311 -9 678 -1347 706 394 -192 8 -877 443 1167 137 -275 -103 922 -439 986 -28 -50 -392 197 1212 1161 -628 670 239 -474 -1078 -123 -1368 153 -608 -1084 -963 -1400 -200 757 527 55 518 133 -652 -492 -159 -236 222 723 118 -564 328 -939 -1584 610 -1007 198 601 298 -381 1205 -1920 126 -863 -288 -907 676 82 397 1350 -460 -644 351 17 -128 -747 -625 -341 185 11 -520 140 -204 -394 -274 -45 798 276 -557 211 140 763 -57 -527 170 -977 -35 -562 -927 815 -705 -132 940 -1162 -663 238 7 -1031 303 66 -214 178 652 -208 -208 -83 416 -514 -1100 -462 -949 -1043 798 620 848 -773 -673 814 52 -793 419 -403 -483 547 -267 23 273 193 -528 -133 -478 966 -128 884 369 421 -79 493 324 222 1029 -574 320 -195 359 64 -406 -503 -8 166 -1204 531 439 -109 -251 -633 1178 441 72 -214 -386 601 440 1001 133 1332 172 150 872 -1289 279 77 14 -786 249 286 -272 161 551 -9 793 439 341 -190 -660 508 79 -1007 -87 561 209 -70 906 20 333 -220 608 -108 286 -926 -1705 -369 545 -460 -473 89 -648 -176 -236 455 775 47 199 -282 -307 361 248 293 -72 -31 -405 -772 1221 243 -759 374 -330 895 826 -116 -333 118 938 -472 656 532 691 -464 312 29 560 -783 -9 142 -593 125 -339 -245 11 -371 -238 -481 81 -425 -424 -385 -82 -312 -595 -975 -602 776 -323 -168 3 -989 589 40 -238 514 777 -246 473 
-776 1463 -79 59 -8 -560 -19 -379 698 102 -814 676 711 339 360 674 310 271 -358 181 1053 -815 -767 -29 -1281 -473 -1452 -65 -830 132 272 -419 860 -217 -453 -1033 1085 -540 -561 425 -349 1012 -112 -66 -785 -685 1267 -643 -130 -54 552 -1224 439 -92 -1432 -189 -801 -34 819 -1036 25 -413 916 -353 -250 -111 110 -315 -804 -294 -567 -767 -1393 711 1371 332 -606 -1120 117 -181 616 -450 -393 875 -11 494 -284 -716 -763 726 -1101 -849 40 -418 1032 282 -433 -479 -203 1469 192 556 -635 580 203 116 -448 525 1545 530 330 721 -566 -205 -699 24 -305 553 -681 308 208 1030 535 374 -1090 231 944 -611 325 168 -686 -216 -1045 181 26 -502 668 -885 243 338 -1907 404 601 -691 310 61 1354 345 223 -368 404 9 -445 248 362 -1137 473 128 -169 400 -403 1031 -308 -275 1010 900 880 72 4 93 -86 -63 -521 -786 -1504 -823 -458 442 -288 400 422 1621 1037 -343 488 -698 -723 -653 3 819 685 -798 -1473 620 -118 855 -1032 -272 559 1111 194 -6 408 -731 -269 543 223 1380 27 -7 -454 201 -392 -132 -519 -1270 -63 -445 -1249 -500 387 345 -460 -432 334 -519 74 979 -1237 567 -175 680 639 -1483 66 -249 1223 -503 199 -110 -577 -2180 256 -3 -339 -307 1041 -1198 -358 -231 712 -342 143 1123 -862 -360 48 -254 -1115 -1167 440 -337 -134 -1090 -447 82 -767 -346 -779 1331 -350 119 -86 54 684 -389 -144 188 -563 -255 -708 256 455 -127 -748 -552 -890 -357 -238 915 1063 122 935 -1236 -228 -597 846 -343 -463 1766 
136 344 1299 72 -547 -928 709 198 -438 -4 -557 224 104 578 1572 392 -650 48 -1952 1270 53 403 -387 -362 323 1148 456 -256 -62 71 227 63 -916 -1320 -691 -1053 479 -593 -983 776 375 -14 -134 483 353 749 -156 595 116 -913 347 317 -98 860 -238 -1062 15 304 -546 -199 -734 -908 357 -88 662 -265 575 9 534 -49 901 270 507 -903 -1223 986 136 -2040 1 467 -375 -939 -1301 -454 478 -566 -69 141 -288 1056 -285 236 -606 1042 425 969 453 -312 1066 -393 -158 1562 -719 293 -138 240 1660 254 496 537 -28 162 1131 112 -140 -112 -21 -93 -973 104 425 776 71 -635 566 500 938 -82 -504 -986 1004 446 -627 -577 475 -529 -578 236 624 385 -178 -376 -356 649 -163 -1217 -411 -655 149 -555 -55 -567 42 -202 95 512 368 285 -153 -1318 -273 -187 -706 -686 -423 1759 -594 -1120 881 -190 72 -172 -1020 -112 -299 -3 -164 -123 -481 87 -405 93 -328 -402 222 53 1420 -366 992 -424 1102 584 75 965 -19 1070 -12 -996 485 922 407 -197 1008 -668 1130 -193 22 358 -1140 -1095 640 -453 -321 -159 710 130 -379 -1691 443 889 1058 155 -1777 451 89 -7 -1108 733 -453 -34 670 1289 1043 -227 -172 735 -657 739 29 784 422 -622 444 10 1423 54 -293 1097 -154 376 -946 406 916 190 -409 1242 -774 274 598 831 -93 535 -589 -453 354 -699 334 290 434 -101 -143 274 -864 180 -544 490 635 162 -1018 -318 -441 -1484 -667 -1039 -94 601 445 -255 -170 775 -422 350 243 71 62 712 -724 -466 583 276 
171 233 301 -69 -695 -1049 -267 -154 -534 -69 -84 -1229 282 551 -22 573 -1169 595 -661 33 -477 1169 -110 -891 -579 407 1077 -143 346 1955 48 43 -312 -1390 -1020 -928 -226 136 -139 354 178 1167 -893 -424 269 -313 -61 801 351 405 620 326 -1010 -512 -578 332 241 -747 678 -189 -453 -466 -123 423 917 9 699 216 -793 328 -713 -640 313 -320 -91 536 1021 -608 69 -1231 -186 -394 417 -402 1408 1595 720 783 24 -381 489 609 982 249 -250 195 -182 65 -505 -207 901 -1205 -911 956 278 -133 809 -779 491 -317 -546 626 116 -810 10 620 -662 742 -8 -645 -671 1161 524 457 -1286 104 272 478 -65 88 430 -122 618 -141 -280 125 194 1101 108 409 -625 -655 339 -600 147 396 360 433 483 -92 -956 -162 1072 -1512 354 568 -393 100 -840 193 -3 -212 880 652 107 1 75 631 843 -449 654 -796 7 19 455 -429 -694 -171 -444 362 155 503 109 -867 -292 1183 884 -291 35 -166 -720 -298 -118 576 409 -14 -482 230 1451 -112 1187 1480 209 -480 543 343 93 643 -1308 -458 -292 299 692 88 -812 871 769 -1227 -493 216 -163 740 321 -240 618 527 -97 -1276 96 -86 325 -219 521 -50 580 -491 -376 501 -468 -650 918 -764 656 -671 -898 -303 -520 58 -686 -186 352 180 -325 869 -542 -267 -1117 -235 443 406 465 878 -78 -317 -540 1104 -229 816 182 -123 35 161 -871 -437 -1162 -1115 1201 278 -235 -74 681 1424 -1305 723 350 707 926 -795 -303 -586 539 483 -457 -60 1165 -711 -428 -650 -27 610 
312 -1209 450 562 493 -716 256 -638 15 -228 -466 -634 -612 326 -1177 14 -583 436 75 43 -206 -293 -104 112 326 -241 -145 232 -353 -1256 480 -839 173 564 1391 -538 -146 -32 -902 1051 1166 -61 35 -272 369 -30 -431 143 1008 570 437 388 -510 401 99 -1109 -435 35 -559 -306 87 1711 1462 -135 -593 68 -501 296 1516 -350 -44 -26 230 862 177 1559 14 275 -14 -558 1206 274 532 -410 457 -392 181 -664 -65 505 -546 570 -217 3 -193 -448 -1069 618 571 844 -679 -705 86 126 281 135 -365 768 -1221 186 175 1031 968 284 239 -145 -1016 -243 -746 734 464 -1148 -655 -388 -918 -202 872 256 651 153 -36 295 -352 -333 -87 -123 1058 -17 -428 -1 -56 358 -542 788 1269 497 -1163 500 726 -87 -138 351 -591 -506 -602 764 1017 -26 725 62 -582 -228 176 -1273 460 824 -595 -880 1149 629 394 -99 544 585 -21 766 -743 136 241 -414 -370 167 -80 -363 512 246 -81 589 -734 -632 390 789 -303 -287 -466 -79 213 -177 -165 -323 -317 750 -1871 1418 -774 -635 -29 -705 -58 -854 -504 290 -1652 133 -11 111 -301 372 213 24 35 -1046 535 1143 583 -843 70 213 467 -433 -115 1049 182 -1241 484 -172 31 -1535 777 281 -222 -219 113 825 347 -1246 413 483 638 512 -382 65 214 712 1023 764 506 1079 -832 12 -667 -92 127 -753 853 34 -1320 -944 -41 238 -439 285 -484 -830 614 -610 387 -405 -600 1637 681 -1328 -12 -933 -310 1208 -487 481 202 -521 746 -129 602 743 -468 -24 68 564 826 -250 
201 1029 1149 1224 -295 619 -1292 712 -1328 -563 18 -876 1363 -671 -1016 -898 -263 296 -25 -298 219 731 -441 30 -1100 -246 -364 14 -573 -156 464 289 944 468 292 -234 374 359 800 513 1042 -235 317 1030 -540 90 124 92 -1022 576 398 17 985 -999 882 -306 -1218 -43 487 -1082 -493 -53 1198 971 -106 210 -386 1329 -782 -440 -1359 -1025 -978 -748 -319 -517 249 1111 628 1119 -671 301 509 758 -614 -458 132 -1238 -476 -507 539 203 1033 -112 897 137 -81 -285 1751 -731 -188 139 1624 -291 191 -882 -960 -607 660 487 -120 -511 524 -93 152 -401 -435 1113 -1003 724 -217 29 -962 -190 -913 -1188 312 391 -286 -94 -1170 98 319 132 950 812 -1354 16 654 -254 711 1779 -654 196 1310 1112 -163 561 376 -619 -637 88 -217 1099 653 -99 508 -131 -656 199 720 -127 106 -19 302 1274 -1197 734 -905 -425 908 202 -412 692 -955 -615 634 -206 707 -1061 205 82 220 21 -323 -601 476 397 -1208 -555 185 587 -613 853 150 725 -627 -903 -1107 56 -301 31 -300 -1282 -34 1442 343 -1030 -562 262 732 -59 -747 -288 532 78 -24 60 -1130 1423 -1327 21 251 662 -543 650 57 -543 19 153 -1115 -393 765 624 -54 -660 -868 -822 -804 259 -874 -452 -1162 1655 -599 -1216 575 -128 -677 -243 631 -1712 -415 -68 868 -454 717 -530 323 62 735 361 -469 -663 -470 -508 -710 -397 -677 -72 -349 3 -303 -75 501 -345 94 -394 -272 583 -93 -760 164 -120 -708 441 807 -485 151 852 -848 183 -514 424 559 -679 -592 885 -476 -392 
311 -569 -299 -211 38 -170 -324 207 -236 469 464 1041 -787 393 621 -659 -214 -725 493 -851 319 -715 -673 -306 99 -503 262 -422 -50 64 -367 -264 5 -727 -350 1117 603 195 888 -442 -1134 -69 -603 651 16 -1450 532 -665 283 1127 631 83 -778 456 -257 389 -1514 298 242 -538 1279 -291 678 -588 450 741 796 -208 -589 0 -162 265 142 -1499 -649 -689 -329 55 619 -545 -158 -141 299 235 -217 -59 385 1251 -10 -433 -106 159 1132 -589 1565 -236 326 -392 -358 -17 83 1137 -535 -815 -232 -1215 36 -313 -535 -39 53 689 -741 575 -689 82 325 29 83 -165 -935 -1384 -606 433 -5 273 -164 450 -565 62 1095 618 442 339 972 -67 -607 -339 41 1570 -767 -61 -344 290 -117 659 -89 72 60 -253 173 -983 536 421 -1712 252 354 416 525 74 -607 81 1076 -388 893 970 -693 1272 395 82 946 -458 1209 -731 -50 468 -840 -166 -181 232 -680 -725 766 70 147 275 -143 605 559 -619 1202 90 127 -220 -326 -87 -837 -1021 -1361 502 523 -1109 1226 -426 141 559 122 540 1012 -7 706 -305 815 -1306 -308 -900 517 733 -620 -786 -137 -163 439 -923 36 -759 576 -699 -609 452 782 378 -296 -117 -172 224 541 974 623 -534 71 357 257 412 1276 -83 -1392 -225 153 414 358 603 -716 1351 -534 285 673 737 1154 868 -183 443 336 1128 -645 96 -382 1449 -535 463 223 18 -123 556 891 -739 339 330 277 -394 320 197 -1072 1424 318 299 50 -341 1417 313 1527 -1219 603 -760 1650 266 527 -633 -91 -570 
-508 60 975 -116 44 -865 -124 1042 -960 -564 313 -261 -867 558 237 4 685 -206 -707 -188 -226 685 -38 -684 899 -795 344 -205 594 290 -195 -536 201 547 -318 -208 -119 244 -763 418 3 -712 -485 -422 -362 1752 -343 1139 -425 696 -289 -42 97 351 39 535 478 1386 -215 294 -52 -411 -338 263 -38 -400 -342 194 -294 45 390 224 -1039 870 461 683 -1238 586 -759 321 -300 -1049 801 -522 279 -599 431 -209 90 805 727 473 -537 -416 180 154 -285 -268 681 -11 881 -1431 265 -579 257 82 -426 1316 -1573 72 202 -151 -305 -705 133 -1153 116 108 -291 934 -1033 1258 -309 -147 1424 -471 -920 -790 -205 840 695 56 -887 703 303 -92 -1050 562 734 -757 873 -203 748 -153 -1014 -1183 -250 -616 363 356 752 542 590 760 695 -183 -670 -695 -5 -578 -224 -443 -286 771 438 -311 650 0 -49 689 -1439 -576 -152 -523 85 -196 102 -183 653 -383 -1834 -324 59 -654 507 747 268 -836 -44 11 -1204 -2091 245 556 358 169 325 -251 -295 319 -41 632 -686 -428 325 424 -77 -166 518 -81 772 -218 -213 847 -1114 408 441 358 237 -48 -483 -9 -1065 817 -352 484 -186 447 641 907 787 -235 -425 -256 246 1000 -302 -502 446 -84 -229 986 -315 483 -1145 -92 324 892 447 -438 804 -180 36 -533 908 520 790 -1594 -418 11 203 -446 172 915 -311 420 -598 -279 315 -796 -8 -384 522 -459 -906 402 -198 -201 -204 -59 744 -873 1074 -1206 -453 546 -476 761 -183 -175 -1570 431 243 1069 -810 85 -712 1549 288 -512 
567 -170 121 -255 -226 434 294 -375 -1012 154 -440 420 36 -1094 21 -1707 -267 -68 258 -388 -1 -449 -1257 45 -901 482 -1309 -28 -248 1397 1294 -846 1421 268 -43 36 374 238 -1038 -1251 524 -1237 -624 347 204 306 708 -204 -135 1163 -1113 128 -1017 -47 154 -862 -190 431 -896 -514 380 -1051 -408 531 560 -89 -151 -331 1091 -775 123 -552 -657 1263 364 227 68 -609 -118 572 79 -164 463 -123 -732 1603 -1220 678 -74 458 412 -813 -319 -280 -104 1352 -120 -515 -499 998 213 240 204 164 214 598 240 874 -1594 -830 610 -420 125 81 -284 -124 1343 -463 -139 779 1057 864 -54 -608 542 727 -462 208 148 489 11 1902 611 -49 -7 -1323 -607 -1081 -529 895 -107 -72 636 -14 -497 752 720 181 -1028 -339 239 21 1504 332 839 -100 443 -1180 -1141 629 245 -148 -337 404 -500 249 177 74 -756 243 106 -622 417 -602 -817 310 -506 773 -152 743 -812 -149 -651 -628 -222 -324 -78 -1755 -931 -447 -567 291 -8 -848 357 -529 407 248 889 -292 -752 234 1185 289 -1173 548 -89 473 -76 1035 -246 394 242 27 -590 665 513 308 454 -547 243 -461 -539 173 31 -271 175 -166 31 -339 51 -632 440 -718 -1803 -373 -311 -463 484 -1325 34 -522 332 458 -646 -64 314 -435 -424 -1166 964 477 -250 -178 -403 254 287 1232 -367 -505 -446 1191 -46 -238 1156 -110 -853 256 801 857 -273 407 355 472 -1300 535 1255 1055 745 -24 -736 895 694 -286 3 492 275 202 721 -540 939 226 309 -924 -841 -506 165 -442 477 -112 
250 -108 329 173 -1233 284 366 479 -532 -900 1096 177 891 -489 268 -203 32 -26 -354 227 -482 45 647 27 100 -1586 24 310 178 -637 -101 -306 29 1225 629 -562 -148 -188 532 735 -797 224 1278 316 172 48 -268 110 -268 -1281 -373 -219 112 856 239 -234 486 -379 -492 1603 -1612 -486 -157 -47 -639 724 1123 -474 2020 -356 288 -25 729 394 694 772 -758 -8 -69 13 -310 1620 547 151 40 -833 272 340 -568 -987 -104 7 545 154 528 -554 -396 -193 142 316 9 367 -1439 -40 673 661 -236 214 533 121 515 510 293 493 177 -712 400 -270 175 -326 654 -623 -547 -592 163 -277 -802 90 -18 958 689 47 614 -721 183 -502 273 96 -429 104 1116 -622 -356 -324 -127 -1232 531 212 200 -27 -727 1039 714 -164 -347 -971 133 -232 143 -472 -617 -253 174 -427 -245 61 30 652 -17 -1741 693 -397 707 -234 -486 373 606 1198 90 1068 -280 -35 451 668 325 595 -393 204 225 -600 484 227 1314 704 -331 -1111 1989 618 215 1053 -307 394 632 -491 -1259 462 434 -28 1204 -1217 288 -513 649 820 336 531 -323 264 40 209 253 -63 -728 -490 -1136 -328 879 -1004 138 -148 -352 101 -60 876 -1013 284 17 -736 -1204 605 1091 1645 1716 252 -197 311 -113 293 -131 -285 172 248 63 -913 -379 -315 343 -607 -309 -57 -367 -209 834 443 1658 -674 167 140 110 -668 -666 186 -3 1380 1035 -163 610 568 399 463 563 -10 496 578 -304 424 867 -74 -553 -366 -410 -203 -236 366 -225 -338 830 441 555 -187 
-1039 760 -539 227 -726 1043 -796 1603 -610 -796 -674 -166 446 -1080 153 49 -501 -644 -481 310 1097 519 207 -51 -813 216 195 -850 2 -607 152 -1262 300 -644 2107 -752 -134 -109 57 213 -110 973 -279 -655 128 -635 -790 1466 129 837 772 -66 1 748 -256 -44 -159 520 839 236 -1052 1164 1326 718 -389 -585 -1123 -965 7 -1298 -118 162 -108 782 -637 -1146 1149 335 -74 281 -1545 -572 173 894 -98 565 -72 -126 341 -30 592 305 -299 41 -204 665 -127 -307 -122 685 825 -312 -54 164 -634 871 507 -270 747 -425 935 527 -18 -466 -363 1134 -45 495 -178 302 -12 -548 -104 365 -247 532 -68 -659 529 -803 -402 -976 -213 -579 -292 51 105 334 -261 -621 -1092 439 435 320 -1014 33 -222 -166 775 -549 488 -754 502 -262 1052 -1315 520 -141 -1090 -54 387 923 -128 -271 1587 1483 -667 -638 -916 139 -57 2243 -566 1002 348 562 686 -564 76 -743 -1337 405 358 473 938 -1192 -271 554 -1875 311 -664 -5 277 806 171 -863 -1607 -1479 9 -543 -251 -172 -871 17 396 1242 -143 -304 397 1142 221 387 151 -968 225 223 458 361 -289 55 -27 171 -113 873 -864 -797 642 110 -1121 -634 1120 -926 458 1326 447 -189 -563 394 -1251 -476 -2249 315 143 609 112 -532 529 -38 361 736 -595 -687 147 -142 -186 748 733 -146 -958 -611 -182 -564 306 28 233 -713 -70 349 -848 -305 -577 -409 -167 680 594 -613 -1102 534 -641 749 197 -140 16 1304 240 1158 562 564 -44 99 -13 -227 -90 -1067 2020 -867 -235 992 533 631 
-28 -163 471 481 -221 -938 -342 -101 557 -976 1228 95 259 -455 -777 -772 20 -1308 569 628 -149 349 553 246 -1029 -372 757 560 203 499 -515 1368 -28 -487 -482 670 1270 -301 598 -7 -89 266 775 46 148 367 124 173 -145 533 -270 240 965 -81 -364 1010 125 -334 974 -491 553 1677 210 -299 108 -265 219 58 -783 -158 -330 189 -700 -888 -296 86 -271 -274 1353 594 -14 -901 -935 777 -880 749 -76 -517 1100 517 -739 -540 -360 71 -952 -633 594 -407 660 -806 -637 -215 926 -15 -54 225 -1096 -427 -656 -194 -282 -238 -905 456 -377 772 -15 699 158 289 -118 394 290 -1349 -581 630 -214 237 311 -337 507 -658 -297 -275 678 363 797 662 -242 420 -20 -57 81 33 -467 -306 -1032 401 71 941 -1492 2107 -257 570 92 56 653 866 285 384 -281 -631 602 -233 318 -940 -435 -522 1023 144 -412 100 -881 -52 -328 -59 150 -776 409 190 -647 -218 586 -126 -819 -116 284 98 147 -222 -819 -879 54 -686 733 -180 923 1049 -472 -552 270 443 -1059 -482 476 -492 -253 463 401 716 412 -302 -430 497 131 502 604 -96 -193 -619 -203 -435 -990 -805 356 1663 -523 929 768 367 328 553 198 -760 -430 -69 -392 -35 -70 480 -627 -995 -1123 -26 219 -1211 1493 -678 423 -788 -625 259 -298 -267 -635 406 -930 -1198 -544 -838 1131 -105 1209 102 485 -523 732 -25 -123 -347 450 -840 380 -750 -216 -595 -825 734 -884 1375 -459 184 -194 157 -172 333 -320 186 1094 764 483 223 -306 824 818 114 -475 1069 170 785 
203 -129 -259 -91 166 251 -197 -94 280 247 -582 1381 385 460 -377 -362 -94 -1324 1458 -674 -249 432 678 -358 215 -366 437 -314 626 739 -528 72 -1062 -252 -218 170 106 -1203 -34 -1174 -264 347 554 1047 -89 418 292 -600 -526 449 1670 -616 127 1287 502 -632 883 -571 112 187 -629 -323 204 431 296 90 -768 1072 -447 429 -17 73 787 -756 387 44 140 493 -385 -20 205 -708 1597 509 -270 1104 -1173 1119 -33 -401 1148 -67 72 199 293 -166 80 86 190 -278 130 53 -48 -4 75 79 -390 -1029 -976 1341 -278 563 -214 179 -765 663 393 983 443 92 -300 890 -1499 -220 899 -522 -849 -526 11 -225 965 200 966 400 -692 478 49 -218 -509 -629 418 386 -766 248 -1447 117 -52 -304 -200 -682 -206 -411 272 -544 438 567 -318 -884 1029 516 -935 908 -157 -255 -206 -1372 -128 -300 4 -989 387 418 686 262 340 -141 -168 62 115 107 -276 -1048 -19 -7 -248 -1171 163 1126 141 459 944 -233 -347 -196 -1613 49 1522 267 -382 -151 1043 -1622 -977 -362 179 1570 -31 869 1108 1162 -333 -638 89 385 -40 -189 -1189 355 -238 -339 -547 633 -95 -397 -1413 -274 1338 374 -244 -1099 2 301 -866 499 -84 19 -98 31 772 29 -585 138 215 -188 -172 1111 -193 679 -157 -974 -491 -251 -601 -437 -179 -596 1078 630 914 -445 -713 -1222 1397 1441 -638 649 138 42 1273 125 -37 -35 -160 900 269 181 638 652 939 -884 1013 99 1206 422 789 742 -123 -303 -364 470 -554 -483 -243 -1832 -133 952 257 -567 -407 -589 
-316 59 983 -634 -1230 -277 -580 -291 -920 -160 614 343 -474 -269 707 230 -595 -1372 73 -752 349 14 586 249 37 -380 269 914 488 -1283 -1312 274 -658 -252 15 -307 124 -416 12 869 195 -413 -839 -420 -1128 -448 259 482 -779 -511 -342 -784 -84 491 -1178 -788 -72 774 32 -1355 2238 -327 -901 -806 -731 604 113 -341 91 -345 -421 316 204 -312 1574 618 733 332 -404 764 61 -524 -976 -230 483 379 738 -308 157 684 -364 444 -191 -152 1138 1384 518 -802 155 -599 -525 -210 -476 -109 -623 1096 606 -456 164 -235 -71 -263 -907 705 954 281 566 -112 303 210 -126 -170 -726 -85 -48 -453 -184 518 783 1682 -832 574 191 510 854 68 -26 -49 498 -204 -944 -855 -980 1219 -202 -14 -314 -384 935 204 -215 -114 -128 355 -741 655 28 203 -232 -271 673 988 921 696 2063 103 1460 -405 888 -752 -66 -419 27 -559 -1090 -612 -170 -199 -904 -707 233 38 1064 -547 35 -124 -391 -50 -173 998 201 -869 -681 -204 46 603 -343 -261 690 670 -326 -455 -61 211 -634 128 735 -116 1703 -4 -101 1063 -102 146 -2486 -45 368 508 -382 513 -445 -728 871 438 -15 -638 -111 -113 -585 -197 115 1492 -1599 458 1012 311 -1299 -500 293 -598 839 566 -222 -214 -652 -67 214 -1202 -365 -520 345 1188 223 -111 -785 -26 -397 -555 580 -461 -187 -344 617 250 277 538 -127 769 -1366 765 -85 707 27 -806 723 544 -389 -615 -386 975 -99 -113 156 -549 312 930 -107 -1359 1008 -979 -531 -2 983 -436 -644 6 28 737 -859 691 
-111 419 -7 -292 -665 524 146 -241 79 -387 -250 248 123 819 -282 -1310 176 510 481 -288 -390 -155 -509 -165 -534 -372 357 -653 685 -643 -1055 614 435 -686 -1175 -430 1554 -345 -483 -668 217 -1454 281 662 1131 894 609 553 299 -87 325 969 -1313 50 -1008 760 -119 470 487 -1699 176 443 -477 -868 83 1041 -200 255 1268 -1243 -14 643 -1181 -402 -666 -527 -1224 119 472 -380 -1013 804 189 -14 917 -1115 -193 -845 639 -581 358 150 -231 429 188 -75 -551 -1123 394 -133 -936 1331 -149 757 289 186 -256 -199 212 -259 334 104 -47 343 -264 -54 437 26 403 -95 757 -220 -318 953 24 335 -11 -1340 80 370 356 566 94 -296 42 440 35 133 1090 -521 -697 -498 -817 -52 297 -465 544 527 -4 -572 775 -229 24 731 74 1169 -651 -124 -864 -569 483 -595 -522 568 -491 233 149 353 -108 -900 383 -1290 325 217 77 -334 1284 234 -397 1057 1047 -1437 300 888 -612 93 -117 949 83 -23 405 -701 -972 -558 717 -85 -482 -302 88 -353 35 103 614 13 -342 176 281 72 -153 950 -834 -639 1253 -22 344 97 -468 132 -214 1512 -461 -74 -202 407 -357 -154 -134 134 -267 67 5 -199 1002 186 671 819 -111 -255 41 -1513 -281 -401 585 -349 698 -120 858 -555 347 -928 -145 -139 -32 -146 777 -1166 101 1421 659 -133 147 -916 107 594 -733 -1137 243 -1565 -39 -1504 -187 -392 -924 -370 725 159 -869 -448 709 130 -388 517 784 1135 55 -223 120 50 986 -206 -61 -321 -82 1029 24 -730 52 426 -406 -582 
1209 620 435 -509 133 381 -707 -276 -721 205 -551 780 -650 -652 -17 -460 -1088 -72 -32 -1009 202 -17 -80 -801 -292 -909 -59 147 -1175 -43 288 -99 -625 309 158 -619 -952 464 -627 -1190 -251 640 270 -134 -821 -859 693 -547 -124 334 488 -466 -251 -854 405 867 -90 -409 -39 -1373 1319 802 302 813 824 -1058 776 -324 -419 793 -22 -1474 261 -269 -1314 507 -678 980 -18 -124 754 689 217 178 47 -1225 2 -377 164 191 -282 -513 215 1275 382 -1211 -615 577 602 213 -844 -10 -268 -184 -1046 402 -341 -441 183 -626 -493 -266 445 -150 1098 703 -745 624 582 111 643 65 -103 -390 1368 401 -190 564 -925 93 -716 1069 391 574 340 -931 -238 -211 -458 -462 -286 900 478 -98 -890 177 281 -478 -656 -867 382 671 247 -3 -389 -420 -370 -850 -819 -485 -218 113 1336 735 748 -159 -609 -536 -864 1048 8 1401 978 -86 94 -461 149 504 -697 -614 -223 326 -299 300 691 -504 20 -530 221 -270 -201 1575 -515 -258 -772 -584 1011 494 502 -154 301 -263 399 593 -113 -1413 861 -207 -143 -24 882 -169 1026 -931 706 712 -208 -100 -458 -10 347 -1199 493 -1106 -307 -120 1363 1048 716 -1064 205 -407 172 357 -1256 350 -114 831 -830 -771 -51 358 142 637 -115 -407 772 -401 93 209 -403 772 -640 -269 501 -299 -334 -711 127 -1269 -317 767 -496 25 -166 -98 -396 -7 -797 463 537 -524 -934 916 43 521 -776 187 744 -387 397 -842 1228 539 475 480 -10 -720 -794 -211 -78 -524 219 572 -178 -187 699 -734 -776 -17 
1141 497 1211 -53 802 569 -747 498 -374 6 -295 1483 1158 -696 863 1503 -667 -1367 -535 -733 620 804 -797 -1121 88 -1487 1192 227 353 -767 -1223 -120 -547 -604 -255 556 393 444 314 -1316 -953 -607 -390 -727 -366 -821 1062 43 -1110 495 184 -661 -378 1060 545 1372 121 614 87 1238 195 195 186 192 -88 -771 -920 100 -1047 -647 370 15 -147 -707 -1387 -352 208 -40 328 270 -933 84 -233 -784 915 -63 -1460 -871 -178 717 227 -279 179 921 280 419 -100 -1301 -386 597 -327 -466 -1135 357 -498 1073 -605 388 36 -445 780 250 614 -1559 325 559 333 448 1369 180 -472 -291 -356 -1027 1626 613 -675 1343 1068 245 1276 797 -17 248 -997 -774 -67 748 1332 1133 436 -717 313 652 -702 415 661 -298 396 -605 415 519 152 398 -1415 -356 -318 -516 429 -1290 -1668 -37 -487 187 254 1370 880 -857 1382 -577 140 255 829 109 -166 -167 -284 806 -438 -42 -900 714 963 -792 406 269 -713 519 -337 42 1108 -106 1056 339 -553 886 530 -71 -257 535 1398 536 -486 -143 -914 271 947 688 488 14 289 459 -64 997 69 -1418 -107 242 -692 -154 41 -199 -637 -1403 318 -213 -170 346 248 -57 -87 829 29 139 -1193 113 -910 169 519 -1001 427 -215 -271 1516 416 -455 -1254 374 -483 -95 -283 692 -9 20 -455 1679 1289 -856 750 -152 -41 -861 -225 561 72 -103 -95 -828 -309 192 553 -14 493 294 16 575 770 586 -430 407 659 364 -1287 209 -809 583 776 -89 -221 283 -731 132 -301 -622 43 236 612 205 502 -236 
1610 347 440 92 154 -404 -410 -846 85 -945 -262 170 575 328 -437 588 -404 -2019 3 291 -620 1150 -101 839 -985 -708 212 625 -364 -354 1744 197 -631 278 311 -16 166 145 36 -421 743 -116 822 -172 -178 -705 339 -481 -384 571 604 -414 -22 -1414 -168 101 -261 379 919 156 -509 -103 -980 598 391 -126 333 -317 -129 373 -17 -327 646 -542 132 -1253 197 740 -1607 -186 -48 1008 456 -287 785 952 -466 159 -37 317 -1057 409 728 223 108 127 -280 -254 -157 345 365 -672 249 -527 -630 -269 651 764 -605 4 -708 6 -317 381 290 236 -118 -257 1754 473 -397 607 507 1170 -48 43 -1125 -381 -64 -260 -549 285 252 1133 -1091 177 -252 328 440 -867 929 644 -18 259 -48 -755 17 -638 -448 541 731 -1013 168 692 57 -610 -174 -180 -394 -1127 -231 456 -979 -610 102 748 70 -1936 -1235 540 -787 -478 624 134 935 -281 1098 -143 474 -875 -79 875 -284 -1042 196 -1094 -1110 432 -364 1090 40 329 693 -796 -216 816 -379 347 390 -621 -692 -1001 1519 245 239 1567 166 -664 182 49 1218 -1084 -48 -682 -529 439 686 431 -119 1092 -1353 197 250 -659 854 -82 -641 -1573 -485 -483 422 -278 49 -172 -226 33 1219 1367 -472 40 -86 909 -1553 -6 -458 572 -794 -532 212 191 230 929 -55 -680 227 31 -629 -975 801 401 72 -148 -528 472 1063 275 1669 -133 -709 -141 727 284 75 991 -58 496 363 956 219 -779 -803 677 -963 413 36 1602 518 390 922 -249 -706 -476 102 -665 -110 -273 -99 -728 -814 -1056 
447 -6 -380 92 -499 254 -59 2213 -1430 634 -265 -532 -618 837 -578 118 -324 606 -318 31 877 656 725 706 363 270 -71 -562 -35 228 975 -392 -11 785 302 -124 -426 325 53 139 -618 -292 92 2 -164 -1067 -299 -754 195 777 -617 422 38 -2034 -169 -239 -906 -54 737 560 109 -1224 -1203 -234 135 555 741 966 -993 1026 -937 151 224 -273 -1646 -876 122 393 1 -220 317 797 -610 519 -951 1 -723 982 -606 -687 -1352 -43 1044 239 248 -488 -225 374 -189 207 1024 843 1869 46 -531 289 -1985 856 -363 957 -580 -103 1130 -19 489 -1007 -686 459 -233 199 -82 12 682 -437 -647 204 -181 269 218 -7 595 1867 41 -195 -444 1337 -216 77 314 1366 -637 -68 99 -28 -974 -1 274 -1294 55 -1145 690 348 -200 -405 418 -680 -309 764 361 -1295 -874 -165 106 -601 -1130 547 49 777 235 -403 -595 29 1030 -1047 783 117 656 -1113 331 424 540 732 -934 695 64 260 -623 145 61 1074 2 559 -1304 278 -315 -777 5 446 -190 -31 -158 960 150 -536 -282 255 267 -137 880 171 -489 -223 -428 132 -1166 238 1153 -84 497 -229 -131 -1777 -164 -226 576 -340 323 74 203 212 279 -608 -61 -397 -1101 404 813 482 111 -474 955 -456 836 919 -1111 -333 -144 -433 340 1605 1352 193 162 309 143 -1059 -326 469 -22 58 268 -91 38 458 -165 78 -661 373 -500 1283 -251 937 198 -369 -942 187 -1423 -159 -807 531 28 109 -1215 -273 -192 438 -260 563 432 -241 279 974 266 17 -414 980 393 -278 -872 -300 
485 471 -378 -371 360 -144 -835 1180 -286 -76 373 -1039 -486 -396 -339 98 1339 586 18 -1493 383 438 -503 -780 -1407 571 -302 -218 -255 231 -580 1048 -82 -1726 1319 -14 -873 -612 843 104 34 -902 321 -239 364 -756 -307 -119 -631 -81 -1293 -1253 -127 836 -714 45 936 -1138 -653 138 602 -714 -696 1163 -580 -1066 -3 -774 -820 311 -409 20 -383 -363 -705 413 158 775 16 371 -862 -303 776 259 382 309 -183 -57 -2034 1060 434 295 -409 56 410 1111 175 79 -6 -760 1381 354 679 95 270 438 1604 -965 -522 25 254 970 907 129 -627 -236 1160 115 1 654 335 -506 -1071 248 -701 198 65 1184 43 45 -356 -98 -88 239 -234 -193 -1382 -374 -246 427 1254 232 419 385 -1115 -909 -1129 270 135 506 41 690 -499 -322 1552 -243 604 694 1246 1080 -836 297 -1186 -482 518 77 -616 180 177 -1367 78 376 498 1288 257 -200 -216 446 202 -470 599 -124 874 70 737 118 944 456 -989 630 403 161 -172 801 -699 926 -44 -1029 -581 -357 -146 -8 596 -73 471 1681 -926 -464 -209 -241 -709 -470 206 -293 10 1099 247 470 329 142 619 350 668 -140 197 -977 -54 934 201 790 451 -1431 -694 691 -71 -104 -646 -552 -29 -303 -430 -208 -142 -142 -1378 568 -368 168 -677 838 -275 327 -211 57 187 -559 -292 21 271 294 -511 61 401 -926 76 -294 510 -35 -926 -432 831 1721 -8 -8 1152 421 -641 416 -169 67 1217 -624 28 -86 675 260 -341 54 -1439 843 -209 539 -391 -194 144 1478 -208 1129 452 -291 
142 -1085 -446 -856 -150 698 612 146 -467 412 -822 695 876 -781 426 -1061 59 -626 -337 1152 1262 332 140 233 933 -800 -165 461 -16 1141 204 742 1041 162 -722 -631 -215 -247 -459 -545 826 -46 13 -344 435 1476 -486 932 -676 -274 -291 714 -215 -974 -915 620 524 -667 -475 468 -2 802 202 -550 -168 1024 -295 -395 957 16 -439 312 -37 -90 898 -1222 475 53 -352 512 -606 -1504 794 -541 -532 1097 477 -937 -1391 506 -663 -518 -1018 -607 -1481 -872 355 -1210 -831 140 144 -897 1503 -657 136 -380 -686 -1310 -675 931 484 748 264 608 22 508 342 1169 -240 814 134 -258 -891 159 308 -600 -657 475 447 -438 336 -599 913 -328 378 486 1245 -660 -112 789 663 1629 -651 -1111 564 -206 -631 91 469 788 -1136 -184 -193 173 1006 -1307 534 227 902 -1211 469 -128 235 -301 -61 295 -616 -113 276 -24 -90 1285 -390 641 -1069 144 -308 -584 683 79 -966 -742 -147 421 -440 -324 -942 468 -294 -493 -634 -666 -129 1156 53 82 -344 -129 1035 97 -868 204 -414 -90 32 454 -904 392 612 969 95 -1281 84 453 -324 -599 292 670 801 -53 -99 -829 -203 158 -244 810 274 -742 981 284 323 -545 -83 -747 1318 -1766 -1165 -1252 255 784 -134 204 564 356 -170 -892 663 -210 388 58 642 32 -553 -40 -8 1282 -103 -871 171 -900 -352 216 141 -480 302 714 -624 51 -418 -777 213 4 452 -397 -505 -1000 350 578 -897 1256 -336 -244 934 524 -561 -16 966 -333 113 718 460 319 -106 -213 -1189 503 -216 570 173 479 
47 -417 1066 -165 -282 -913 -531 221 358 -286 -611 -300 -1082 -37 -283 -155 -19 -644 598 -30 534 -369 -126 -750 1204 -493 -192 -68 264 -745 -154 -281 205 849 880 -101 -357 -691 997 -236 -1591 -178 180 -758 -316 -617 -196 -251 769 1022 983 321 713 596 24 -394 -484 674 -396 543 -788 -522 136 267 -1225 -396 -629 1100 -141 1349 -519 -238 -471 -634 421 -1519 -1128 -363 -436 -212 439 -113 1593 570 -472 -141 177 1225 1762 -42 720 -210 -197 797 694 -17 822 131 792 -512 -401 -814 148 -263 -387 -1271 -661 370 37 129 -369 -612 164 662 -47 -1166 -751 -1089 -14 297 336 -142 48 -621 -128 34 -19 -226 218 1000 51 -66 65 -616 130 -223 -470 -662 475 214 498 598 -301 -382 73 33 -478 -419 177 527 -99 43 652 -156 -789 165 -1547 -342 295 570 -654 682 50 358 -232 418 -651 -134 224 183 -179 4 -208 -1614 850 -283 243 588 -526 292 766 -215 -1 -680 -143 -164 695 -126 -455 -379 147 -972 -107 -253 19 68 1595 -1195 -428 -556 -1056 -549 104 407 291 210 50 67 157 -336 -159 675 825 577 -527 271 -111 -27 -43 209 -344 -506 315 146 534 220 10 667 -196 517 690 -165 127 1399 895 64 1009 -257 230 153 -475 680 -253 -24 -285 -708 -362 1148 470 -91 1361 -312 277 752 -554 24 914 -115 915 -1331 -549 -794 -156 1388 -508 143 -226 44 -534 -365 707 223 633 242 117 -718 -29 389 494 -233 1222 -12 474 15 1124 -456 -856 -284 48 -790 183 -1138 562 151 848 597 875 -131 872 -70 
-153 423 -611 -375 506 -170 19 -57 554 -317 108 -210 -618 443 323 -648 775 198 270 -305 345 -1019 518 -129 -800 153 -345 1008 902 665 235 -35 1011 -357 -1241 636 480 1246 370 -373 258 -20 12 979 241 208 363 1115 432 -12 313 -82 286 -1768 -450 237 482 -1277 -36 809 212 -216 -625 -53 474 342 -527 -533 1214 -814 -58 874 569 1094 1154 -819 1455 1036 -871 615 -221 -113 -1180 -1261 -13 24 126 -1293 -226 -762 -519 -241 174 -675 -209 754 -185 -235 -1167 -1413 -582 -253 -336 629 -590 342 1358 -879 -956 -49 -368 734 465 -139 333 -868 138 -172 516 -715 43 457 -86 -655 -189 188 -116 -484 -327 -325 -145 -634 1054 59 25 1458 620 8 -879 -137 13 1077 -778 -567 602 -171 -1564 750 667 -614 443 930 -890 136 -514 -452 681 1477 1119 829 520 -1139 102 143 796 -33 -471 -771 229 1132 -232 300 582 -362 1062 -473 -905 -226 657 -702 187 -459 102 -66 162 373 -2112 -385 -631 -160 547 1261 162 129 961 -519 1184 250 345 201 -427 1041 -180 669 -460 614 -24 712 558 259 -147 -312 148 -990 -1068 585 560 -817 591 363 350 -367 859 1132 -1434 -821 547 -319 -132 900 1011 141 47 467 200 -191 489 1560 -407 -57 853 52 170 929 75 355 -290 -1067 462 -124 -1096 610 518 -380 -900 274 -182 -574 -538 326 331 -199 -681 -1058 373 1396 -234 338 -414 777 454 -1019 523 9 45 480 -491 -545 434 -558 -710 292 -698 1017 -946 -459 -283 -487 -55 -219 -36 277 -873 -204 -272 -248 -240 -9 58 -148 
-149 86 279 -196 -524 643 146 163 839 -113 464 -725 343 -220 310 -159 799 -565 -313 534 -935 1052 242 546 788 130 164 198 742 1192 -299 31 -117 -135 462 51 -211 590 77 500 -201 -581 -448 187 -168 727 931 -912 902 260 -474 548 -89 -59 -289 -202 1023 16 -1268 215 628 -938 334 113 849 -326 -623 -344 -367 409 -5 -1083 -555 313 382 -380 -60 122 622 607 154 -1046 592 -449 -217 223 -160 -188 -261 -188 613 1224 -1212 -697 -52 612 -642 -302 -984 -52 -625 -778 362 -144 474 441 67 -159 -216 338 427 -269 365 -83 -846 38 -1103 220 -546 346 172 243 299 239 112 893 89 -24 279 470 -1073 -399 68 251 1114 273 -549 -470 321 -123 1365 -457 705 21 -807 145 -754 189 25 242 -817 909 -802 219 673 214 952 -48 628 -43 -1135 586 237 81 670 -502 -1316 -409 -245 -4 -212 971 -416 130 -411 -606 -839 475 802 -655 -1525 -355 1242 350 -791 244 468 -627 219 -753 -620 921 -162 -1176 351 82 548 590 -1060 -911 346 -281 -1423 -317 1665 -618 -40 767 -303 74 372 -372 441 1239 -1197 -104 181 21 73 -19 604 845 27 -458 -525 206 -180 1000 -462 1380 -133 -653 -337 698 213 -455 -151 -1339 162 -1414 -1113 1466 629 780 398 -86 -720 -166 1193 475 -384 454 -267 -574 -39 945 -8 494 85 445 -196 156 430 -798 490 701 168 1120 174 -34 -200 -604 650 -595 -563 469 524 -490 197 444 412 -1151 614 -622 232 1666 -97 -71 -421 -135 -1380 844 79 549 26 -103 -1001 -29 -379 -248 
-717 106 213 -216 -729 658 -305 37 327 46 -318 639 -60 -72 -20 -300 186 -2083 416 401 142 -356 289 665 -68 1145 1682 923 -401 -635 -1435 -32 626 -445 493 1007 -216 392 143 -272 -503 -1052 268 244 -184 -321 1103 146 -876 -312 -951 1742 297 -269 -142 -398 -805 243 -1007 119 -230 817 -218 104 -549 -382 -48 583 -1068 372 -86 595 -938 -748 -416 -366 -448 -739 -710 1056 640 15 -911 -875 -564 384 1026 -859 603 -580 52 54 997 -454 722 1124 -444 -428 -527 -687 1048 -253 -459 -1143 -528 251 1243 82 560 806 -797 -1008 122 708 278 55 154 320 715 -710 -179 -215 -247 -138 149 -328 172 281 765 466 503 465 17 314 -874 -445 1025 79 -263 813 5 -871 137 -25 -902 -341 542 -76 705 -392 215 -17 1069 582 -6 -619 391 446 36 -588 -68 426 -304 115 398 1116 -188 -1052 -181 -196 43 320 118 -1259 660 -194 -1 -1163 -1164 -1977 -188 848 419 290 484 -694 -203 689 227 919 1033 -114 609 517 -401 310 -718 -768 742 300 -946 -74 703 314 -213 777 -546 -144 -50 -110 332 -685 243 171 -636 -49 407 754 103 -788 -454 -412 953 -221 490 -332 -1088 240 -468 -1187 -139 805 -462 210 723 26 571 -422 -101 -667 -76 125 -1090 345 271 -1789 -1386 -670 -1147 676 286 1331 -394 144 564 169 187 495 790 -499 -1156 701 1662 -208 -5 -1000 -729 -476 -699 -892 951 917 -255 -17 578 -205 -614 378 -414 -312 -410 16 668 -698 -944 -80 539 783 -186 -480 -215 -230 588 -639 -341 793 341 -291 403 618 
-1205 -1020 57 -1015 -160 -847 1067 -4 677 609 -170 -691 839 -1373 618 341 -107 163 339 1132 -334 -221 -686 -836 -36 -285 88 -912 -112 -74 -39 -48 -326 467 424 -778 91 -49 471 476 -41 35 -1024 4 -319 304 -704 347 990 520 -1431 -496 372 -570 -969 225 899 1257 -88 773 -175 -1040 -572 -147 317 1005 -480 661 1658 -57 872 -467 -1406 720 114 242 -851 810 -1121 -804 -292 -134 951 -471 -338 -542 -1502 710 621 508 -978 -122 -656 764 -393 -843 -1703 80 37 432 -878 -722 -119 202 -109 519 -33 651 546 -663 -796 -513 9 -98 -943 634 517 -399 -482 967 -95 616 -461 -911 641 675 712 197 219 -300 595 -79 687 489 -865 -48 -950 -525 139 953 144 935 238 103 582 -395 635 1024 605 421 388 189 662 -313 -1259 252 625 527 -431 434 -885 542 1252 -967 -155 -210 -120 470 734 -1180 -85 -493 569 -740 164 -2 -504 -228 67 1485 -872 -907 -376 -219 102 287 1097 -879 -500 -549 113 -164 386 -707 171 -290 599 873 342 -629 2 272 -742 -269 8 -208 592 1061 -702 441 -78 -96 807 557 177 -556 -347 179 803 648 -454 -1338 -466 569 1120 -422 -366 -447 542 -175 313 10 -636 -776 -76 121 778 -170 203 -212 757 -723 326 531 140 -323 -1171 1473 -1045 -714 566 -651 177 593 -96 729 579 1633 -39 816 -931 36 586 1048 181 593 -1229 582 -47 27 -923 -663 -985 -196 167 -1329 484 1191 675 70 -232 -585 -520 -331 564 163 24 -351 310 651 166 782 -602 -175 -1100 94 834 203 796 -370 
-592 210 -653 -87 -435 723 489 310 42 -54 351 -70 -667 201 -475 -70 -1056 355 -584 503 1056 -51 -996 512 389 620 -1436 525 1427 -80 158 -417 -1131 119 -346 384 133 426 -230 -681 385 683 248 187 -49 451 -31 30 443 -68 638 471 -606 -5 495 346 564 -1332 -386 -330 -1208 426 326 433 1182 1467 109 -36 826 934 -1134 -1145 -240 354 927 628 269 350 -341 -833 -285 160 -64 -1074 -1152 -529 293 -179 -292 -198 -1921 -19 655 -442 -600 1397 176 599 168 -27 -993 -1243 -144 -133 574 319 360 -963 -246 218 1127 -273 -458 -432 -639 264 1080 1034 -830 -541 -201 -586 190 -43 -1064 248 -258 552 1224 -27 667 -191 514 -310 597 -657 1913 1166 -720 646 -533 458 531 843 -395 -577 -887 -596 -558 554 -351 166 890 444 862 328 -297 -858 -699 38 140 981 -452 -803 121 264 577 755 -356 270 582 683 760 -414 -713 -452 -156 -451 -335 -204 749 -548 -456 -440 328 743 -522 378 -482 -782 199 756 -470 674 -73 660 97 483 530 556 -1424 -418 -1532 1380 664 233 -123 657 -277 -238 -382 31 -349 -448 207 526 -508 -76 -922 1364 317 933 162 -290 573 -641 -494 22 -715 -320 298 -114 -76 -620 840 140 303 -657 -300 909 460 -138 -602 599 -739 104 766 836 -712 -1193 355 -244 636 -122 -135 699 -647 -1148 439 352 86 297 -114 75 -606 -392 -785 504 535 -693 172 -717 -339 982 845 -1585 812 -735 174 -383 353 746 -330 533 -91 668 1037 -377 -1102 -728 924 103 -605 596 1829 755 -829 -1352 307 -38 
-7 -1461 14 -386 -26 426 1342 -204 46 784 -1436 -1162 -1170 1503 288 15 -221 -730 205 -449 740 -189 -126 -608 -721 -690 -1017 -439 24 699 -660 599 -328 -1128 546 -103 238 21 -1263 646 670 1086 -708 -268 24 -300 -882 741 14 -1168 1235 -11 -485 -441 -463 506 906 -400 -900 -1360 1 97 1020 243 -55 -54 -766 -6 422 -110 118 765 -350 -220 -838 -379 -533 -560 412 -196 -25 895 604 525 -1229 156 -164 412 -747 880 407 -758 237 477 -289 -679 1167 -363 129 60 -126 1059 -185 990 760 -757 877 -984 -1141 896 -129 240 -906 52 -536 -134 195 1154 -320 1145 -320 948 -102 105 -379 863 291 300 -279 516 1116 443 -163 170 -597 -709 -272 -48 711 -657 -322 386 830 -286 -360 317 235 -902 -1049 -1004 660 -840 301 -416 1153 -633 -282 219 149 1020 -36 596 -395 -714 -240 -860 -1010 -128 315 109 -275 535 -58 -174 384 604 89 -613 -152 684 850 -1230 -148 -222 13 -254 80 244 684 -702 -1444 -1157 -483 -875 -1588 273 129 -1141 -310 -240 415 -382 -572 -207 1805 -108 -563 -422 52 1174 337 136 -129 -498 -75 -258 130 -721 118 -10 -1 -54 -13 -922 -99 -699 902 -372 372 86 1306 534 -23 -149 216 -517 -330 222 -109 328 374 -1026 470 85 735 1251 935 -13 1001 -675 -985 -194 546 97 -1335 435 106 1318 -320 142 -656 484 50 295 -1062 457 -1726 203 367 318 -271 -588 55 116 52 -165 -184 459 -303 528 425 793 1117 361 345 -791 -195 -17 -280 532 134 -555 106 -398 14 143 -655 -554 725 830 
98 -190 -262 -273 -486 -44 1396 -54 373 -910 436 387 403 -628 -657 -791 -378 -821 -62 1058 770 455 328 -147 -352 360 1004 816 -393 -408 42 -491 -664 208 -455 196 -97 582 -145 1038 295 517 46 -364 37 -449 -578 -550 -930 342 -37 -86 186 180 -189 562 1077 263 -20 1066 -1 -360 -519 32 468 -605 385 -609 -727 164 1505 -184 1060 -118 691 1148 33 -277 548 -359 300 -721 -391 -53 -245 -1061 766 1474 9 -383 191 -189 -483 968 -1527 -196 -185 537 -208 -123 904 246 661 -89 -8 426 210 617 -543 -238 1146 -1578 -224 -230 -973 -446 -993 331 -203 -372 693 520 137 136 397 83 211 -816 -190 -139 647 -904 200 -550 207 -465 -883 -324 -520 -161 -442 -531 601 366 -1141 -818 -743 536 -655 38 -64 -679 207 -158 -909 -272 113 -311 -206 -136 854 -1165 996 466 -340 250 -608 210 475 804 701 -34 -464 -276 -1731 -239 224 -95 170 435 -168 992 403 -842 1386 448 945 -272 -895 -1294 -683 -78 -547 -100 -304 -476 -236 -1072 -541 -516 -160 646 -1041 163 990 -119 532 -1046 780 -237 -58 517 1426 -368 -340 299 730 431 226 -750 88 -222 -563 184 673 -242 -329 -1376 115 -76 -70 -36 212 -228 111 420 -542 -423 23 252 156 -407 -230 11 -1277 78 316 -15 581 174 -104 743 -633 -86 -117 -169 -409 -350 -787 1587 -648 16 445 660 -674 969 -249 -957 782 -253 -588 -33 647 -736 -336 -844 601 -145 -748 -828 -823 818 -510 -673 583 -395 -525 -948 261 -86 -381 438 275 -996 -156 -222 -1084 -714 -98 -123 
950 -420 -180 -822 166 -967 -523 54 897 509 -142 73 174 -169 654 373 -655 993 290 -404 -741 703 -64 1281 -16 430 -731 14 -30 437 508 189 -793 598 -962 930 839 -1011 -326 -549 1242 352 450 -608 -370 -118 -272 494 1363 -248 -970 634 -98 752 62 832 -219 128 770 -693 291 176 405 509 876 -176 673 -1236 531 -716 -593 -307 71 1162 181 1459 -27 213 1091 -1188 652 -225 400 179 268 463 -689 259 68 -409 -204 1161 -59 306 423 -113 694 568 -994 760 367 -20 1037 -86 395 -135 -180 -1739 -420 -343 -843 987 -89 279 -78 321 -679 182 -665 -1269 683 744 -156 1224 835 289 809 -204 -342 -29 -331 171 -730 181 45 835 1332 -38 295 1150 462 -796 -811 -401 603 -637 240 -616 -2004 -421 -974 -508 297 -490 372 631 1199 -476 290 737 -704 -101 1255 17 268 244 524 -357 -845 -900 -158 -191 140 -55 -424 -205 247 520 286 -127 -1090 506 19 520 -415 -100 247 611 1176 -331 459 -100 -1217 -523 100 375 -606 -174 713 -288 -94 194 75 275 -548 -1435 -58 1115 -298 653 -517 788 2024 -275 -523 470 105 65 534 -474 -211 -326 559 490 -362 -1183 997 251 -509 396 -126 -410 145 -534 341 333 192 283 688 -1274 -838 678 963 -342 673 -796 -270 -176 2111 2 361 362 -434 -792 -1039 -152 -178 -151 -161 282 1420 1042 -624 15 -332 655 45 542 200 221 91 315 -50 1158 -474 300 153 468 -415 37 441 91 -391 -43 174 -24 -1338 530 309 -255 188 -408 235 -1097 243 -608 1151 -646 -199 -714 
-286 -351 -158 499 121 -245 195 206 -54 764 14 -591 666 -433 -609 714 846 696 708 385 -443 820 -573 -582 379 154 -1020 16 -225 -824 16 740 -537 550 4 -10 -182 -68 -813 216 -536 1241 -648 -38 -1284 -801 -65 104 265 1060 529 -124 -51 269 1 -1142 -1139 -504 -88 -592 -515 108 429 101 -313 606 834 1364 533 241 -527 -719 230 -736 388 481 -15 -722 1063 -1110 1124 286 6 -1074 863 -447 -26 1343 53 -943 281 -270 -137 -892 -346 -1331 -345 533 -464 1051 814 -661 -366 484 -740 -961 -94 570 -1362 573 349 -197 -585 787 616 115 432 351 1122 474 -432 201 -331 146 -764 1247 1051 -421 428 -937 -1113 866 651 -332 -652 547 634 -578 893 406 634 815 318 353 985 1077 -430 -354 158 1125 -203 -54 -1215 -1369 1069 696 -103 -1304 251 -1233 470 -313 -446 -57 -1161 -637 -1245 -423 339 -173 1402 22 520 453 -803 -324 -76 1220 -447 -215 -81 -22 472 -151 -133 -705 665 -217 198 605 388 881 412 249 242 -190 -2 -22 135 -229 1341 -18 142 983 786 187 814 -174 -503 69 878 613 -1057 117 695 -408 -491 680 549 -19 -914 684 1390 542 44 858 720 -1514 -1082 -464 1166 -465 1027 465 1400 -222 -629 61 675 -49 27 102 -162 -1219 1584 -50 -897 -551 -259 -568 759 -1027 -246 1880 1461 632 -771 -152 457 1063 -1088 386 -785 -185 1628 427 -225 1262 -647 1482 40 -140 -984 -633 -899 -308 1537 115 99 428 762 2125 371 -398 234 59 345 -421 -16 -376 -393 -146 -629 -100 -345 439 523 1112 497 1049 
-281 713 -803 -998 -158 455 -188 -1201 -210 85 44 -1270 -622 844 68 -287 -464 -100 1069 -437 -1018 74 -180 -240 159 237 -342 -804 -462 -1863 -405 -453 -454 1044 -85 -370 54 461 698 -393 724 283 -178 -285 -61 -661 -183 941 -151 560 -366 1050 -117 507 1228 308 582 646 1030 1339 93 345 99 -356 730 325 983 -462 -286 -766 1235 -544 -992 568 606 372 -349 -349 -5 495 592 1037 -1115 -239 -700 -976 -6 -58 -118 -1339 301 259 247 135 862 -377 -126 244 -448 -266 1276 -618 255 338 38 -565 -155 -271 546 -299 478 517 -675 -749 578 -163 193 -1671 462 -710 662 275 494 -161 368 472 1063 -704 -736 -919 -891 -1002 -837 -431 -2284 475 524 406 -173 -1739 246 -186 483 310 -964 -119 -558 458 593 263 668 -327 -394 -552 -1432 -1048 737 -991 -357 -617 212 -533 76 483 234 -384 1224 52 -1656 606 -87 -907 251 -478 237 -517 281 936 -792 36 -530 1276 24 538 1440 749 441 -178 -776 311 -858 -755 -384 -766 -432 -1451 368 697 -281 967 290 -1209 124 -981 -424 -276 168 -645 486 635 158 134 -961 287 -503 -443 229 -386 -25 90 -576 231 813 509 -504 -1044 997 -863 -1115 -695 -390 -31 -853 -45 -1309 -511 -1086 -493 373 62 -341 -59 373 -205 -705 -101 1299 838 223 -93 -1419 -247 -111 -1276 625 -169 336 -210 562 -649 -637 28 -19 533 -174 -344 1034 840 7 383 -743 492 427 518 1394 111 424 -275 1004 58 -86 500 142 47 202 421 -531 -304 299 -751 293 563 660 -325 435 331 -289 1655 731 16 
-80 -43 61 713 -635 507 989 377 215 11 76 364 245 34 915 225 430 -442 -665 39 704 -643 954 -63 432 393 -510 97 -433 -651 183 -3 764 -298 368 -605 388 181 -215 1206 -224 943 432 268 -1379 380 -189 317 -379 -738 1088 405 574 -501 -323 -13 -19 -756 372 78 -882 487 358 188 516 102 -518 -189 -420 467 986 -1386 -38 -232 227 -739 -142 196 84 58 117 16 438 -160 744 369 -347 962 316 121 808 801 -741 1390 -773 559 -427 -582 73 -258 -397 -618 160 -11 -200 -530 1125 597 369 -126 33 186 -694 -471 413 -173 -593 -109 67 154 76 571 94 -470 -132 456 -174 -676 -117 520 376 -439 474 168 -545 -971 -504 -109 -643 -570 356 241 447 536 -508 173 127 98 -1075 -511 194 -304 128 -487 314 -603 -665 -295 358 -1577 -231 718 -949 82 -144 147 144 -599 -351 1154 -3 647 -1242 492 232 199 225 924 638 -296 -675 -255 -710 502 286 101 -122 -601 -617 -1423 -730 -132 -1029 147 -706 1017 -4 -901 -1382 316 -631 -313 -461 955 945 -83 -622 372 -573 -139 787 -18 -559 -785 381 216 811 -1299 429 423 -190 -186 -281 290 459 379 305 -141 -376 106 914 166 939 892 241 -87 -1296 725 -959 879 -298 -205 -520 205 516 1408 -319 -440 381 94 -62 170 -28 -649 289 274 687 1344 220 1502 -276 284 109 -69 -11 14 -654 493 5 -866 -478 7 328 -796 1 299 231 90 26 -793 420 515 450 643 387 1417 -688 -378 904 354 -552 -153 -718 -505 -145 -294 -1350 -831 -73 605 
-332 -815 -223 345 286 -1611 -76 127 -149 -310 -1120 287 -327 -997 109 893 332 -182 404 -727 -8 204 -205 -494 -1347 -914 -660 290 -546 -281 -972 72 -85 227 -150 1160 143 -1049 651 12 122 -1374 105 -906 594 -1315 -403 480 -973 330 -475 -264 -271 -668 123 745 81 400 131 11 997 40 163 894 595 -1031 -1220 926 -461 94 -309 968 -289 -1091 158 457 -875 -361 797 -312 -738 321 13 -325 -23 294 1304 -524 12 -98 716 -946 -1034 367 -124 74 1061 82 508 -922 796 368 -502 1336 463 -639 405 -292 -361 -327 449 -1336 105 -949 -487 -547 973 -326 -295 261 -670 123 -62 34 -206 -157 -292 840 -266 435 785 390 -348 -270 -587 -748 -153 -987 -392 -195 -322 -755 -301 -18 -146 -641 380 470 -1414 -208 458 780 250 -992 -256 766 898 -184 -899 737 -853 -347 -499 1134 -459 75 -779 986 405 -151 -81 -153 -343 28 -498 380 940 -929 -1129 -253 428 961 748 -448 -27 -112 -448 42 -874 -97 -96 -23 -650 174 530 161 813 635 -890 -322 124 221 -742 591 236 413 262 448 94 1199 870 -1311 -67 -280 -374 -887 657 234 219 160 -540 1030 -919 269 373 111 71 196 1118 392 -584 -28 -722 1352 -855 -346 901 -470 -1692 -613 -1459 -247 -765 667 -123 869 406 -992 -226 816 134 -355 -556 381 200 -767 638 -562 558 57 461 518 693 -21 -139 180 -637 -856 -948 -966 236 -389 145 -583 610 -316 -358 1336 -623 -997 -100 38 171 -266 960 52 -281 -288 -688 -27 174 -6 -886 -291 -142 -978 -7 -256 463 -240 
-496 -56 123 -386 -1425 -300 -1148 236 -325 -830 398 0 807 -979 206 -1001 148 372 649 -208 125 -970 -46 -344 87 244 -693 -19 727 -403 364 -813 -785 119 -307 65 1197 1336 -682 1007 379 355 -36 689 -250 414 710 -905 -1042 673 -514 2 594 -100 1165 310 -264 1609 -123 488 -23 97 523 1134 1728 320 -113 -57 -168 208 772 249 -815 679 448 616 176 -211 532 623 875 -607 -861 -99 -402 -40 25 -343 591 151 228 -558 198 150 1919 263 341 -628 528 35 860 -469 729 123 -674 -101 1173 275 367 415 42 -609 -667 718 -769 388 310 177 270 160 -1164 -191 -152 -169 170 -101 -263 -1041 219 -516 -957 312 -612 340 -471 101 616 -1029 17 -1390 -24 -163 641 -990 188 345 884 402 324 960 247 -436 -328 175 -731 0 -992 50 -663 -628 -1418 -898 830 -391 -59 -369 -973 104 260 -397 -271 108 -160 1178 950 320 466 343 826 1034 -982 -527 288 83 50 -237 85 -755 282 41 1399 739 -1084 -207 108 -9 -707 -769 -629 -61 409 -726 -675 1041 -540 1391 758 -42 1443 838 340 652 -893 -259 -1087 -1150 550 227 627 674 664 429 801 157 -848 215 205 -561 -1413 1565 629 51 -308 -147 -118 229 -795 -307 257 -1 -146 126 -1414 -44 -38 538 -236 -510 -778 335 959 -139 -911 -183 -698 317 344 -559 -509 952 -165 -921 923 531 -581 205 -804 -546 1 615 -352 161 -791 1342 16 -88 153 -240 -67 880 -1194 -503 163 -58 -443 486 -609 -281 -167 -1426 -236 -443 -53 -129 -703 0 124 -86 -892 945 
-1342 -854 475 -810 -13 -138 489 74 1133 1373 747 678 430 -1183 760 -22 58 -428 -843 -368 -535 762 -47 -638 40 356 381 -738 278 297 -64 926 -612 803 710 194 -569 -898 948 -450 -795 864 361 -583 442 -894 -40 681 23 136 -166 -1782 254 -281 122 -563 1025 240 -288 1431 -23 -1625 320 157 -2 95 457 -173 -1016 -120 -1485 -298 328 -111 101 -350 -878 684 -1470 -117 379 35 744 280 -316 722 15 -575 389 -260 774 -1068 636 -50 -284 -424 -55 -357 -119 127 -266 -77 1426 14 -431 -441 720 -745 -1192 875 -430 -1344 -403 -1427 598 -121 123 373 597 -1086 -759 314 306 -656 11 92 481 580 394 -401 -599 -664 705 -169 -383 -133 -338 1345 -145 -213 -71 367 -563 -769 -447 138 -1204 -438 558 -1566 99 827 -456 369 330 -610 194 7 -354 278 -899 480 -370 -1102 344 -190 275 52 -187 -805 534 -663 -488 537 1203 -1047 427 330 -1242 -413 -682 1551 426 -347 -1228 -543 162 111 -158 -503 -558 480 -153 1753 -184 92 -142 143 652 -96 239 -137 945 538 -32 109 -225 135 9 222 725 433 -71 825 -57 -147 41 1624 -714 136 -937 95 671 317 920 664 750 -198 288 403 841 -205 259 -870 1285 -652 855 892 -867 60 -861 713 -376 -725 276 985 630 -35 -390 -37 66 222 395 660 37 287 473 -185 524 472 109 -416 123 500 255 1548 502 357 -649 -299 476 1401 70 162 -281 -127 -268 1037 186 951 253 697 -533 337 -209 653 -1110 525 -198 24 524 -894 -254 -234 259 5 -85 1395 -298 -592 
-653 -128 59 531 -480 793 558 -609 -37 898 102 462 -633 -236 -97 -701 -660 565 310 31 -412 -938 -840 -381 -924 99 221 -804 -95 1129 803 -298 -186 413 438 -617 -16 121 395 -1211 1009 -589 -409 -511 492 -16 360 -851 -1266 228 -80 -853 799 578 -371 -903 -993 239 -258 541 -702 1286 961 920 1010 -152 -1070 -541 1070 -577 -19 715 578 -157 300 122 284 1123 483 -296 -545 -380 391 857 -645 308 -601 321 -192 -395 238 -187 12 -1143 590 -336 13 1171 176 354 -124 554 308 964 13 -1185 -792 665 -994 556 -36 -816 -352 -70 351 -342 104 821 -602 -725 -528 1469 708 272 285 27 -981 296 -580 -1455 505 -481 235 -621 259 -614 -587 -377 183 -184 -859 89 407 -198 414 297 -137 614 890 -821 86 825 7 54 528 -473 -294 552 -458 -734 -97 -426 -259 -101 -420 -917 -389 803 480 369 -357 207 1093 -530 -58 470 -135 -571 284 1032 872 -77 -583 -171 1092 99 116 106 375 -208 218 86 -983 -592 169 -188 66 1236 -982 -174 30 991 133 248 711 -59 -378 -208 241 1234 -382 464 703 -331 743 814 -41 129 179 168 76 1517 478 -463 79 -367 338 104 -724 392 -47 -130 214 -895 -764 -152 774 720 -166 134 50 -1141 774 229 -620 -1398 31 1398 -560 763 1112 -1302 329 -228 214 -1043 171 1216 -372 356 8 217 -949 45 371 -245 -301 -598 -741 -411 -24 250 -125 -134 -506 -767 453 654 347 37 -590 321 -154 339 223 -657 -97 980 -215 1103 33 -125 -772 322 295 -440 232 432 88 546 
283 -420 358 -728 -220 440 -739 -311 -721 -962 251 -1540 197 -1074 -120 -71 -168 465 302 327 -708 74 511 -627 -759 -1385 -914 -720 -798 83 113 151 258 -473 574 -544 -665 370 -833 -463 -385 307 424 -411 -269 -953 -381 879 252 -124 900 73 168 93 -1074 -629 343 -410 -533 -675 -169 1015 596 60 406 490 1091 684 950 1467 -505 -344 106 -383 403 863 1047 158 -558 -474 -404 -318 698 -1086 -968 -406 -95 731 -652 -185 57 -47 587 116 -402 -236 251 627 -430 -129 926 1183 424 451 1148 -167 -280 659 947 171 832 -51 -706 165 408 -376 -3 284 262 926 -94 -743 -758 377 -676 678 91 -959 -19 -146 -386 940 -222 -1922 122 -751 609 -70 -337 163 43 -696 -1223 -291 66 -608 -1506 -525 -1028 834 -183 -128 -200 546 -1015 -146 369 67 -959 132 787 546 -15 -260 79 -275 -11 -552 -320 80 -223 -660 162 -110 -1048 -84 -569 -607 1122 -248 1161 -98 -493 -889 -143 -1278 -693 291 176 287 -1102 408 -395 -1757 487 -322 153 291 -373 175 166 -427 -872 773 -402 -1135 -566 -395 631 -149 514 -278 74 789 30 490 140 117 -901 1027 -1085 -69 191 601 187 -217 -675 -184 -256 -1146 -211 -696 -291 922 -633 940 194 -1264 -815 -3 427 4 349 142 -969 -405 1022 294 9 -682 372 -236 -151 -16 1140 95 768 -73 -295 -845 369 -93 292 -136 -367 -686 -301 -370 749 -685 1217 -1514 -1490 -518 597 799 -1070 725 105 -205 276 -402 -575 796 -19 746 -260 533 660 -850 68 142 249 145 384 598 220 -802 1379 240 
1074 -844 105 713 532 -246 -513 667 -118 -177 -859 -1108 -993 15 736 -1208 -102 -44 -203 -284 439 -69 -548 -620 -415 -541 176 -379 -139 -22 -43 747 103 264 59 1079 8 -542 -10 -221 -298 249 -564 434 759 92 260 177 -55 496 -405 490 -1771 33 899 -121 877 263 -88 297 18 952 -1318 559 87 354 -785 258 192 -1061 593 -54 -88 665 434 -43 510 -454 -258 572 -631 -656 -117 -286 1699 642 571 -536 -302 379 -13 -1211 -307 968 350 -336 441 -583 77 525 618 -379 -4 70 -654 -572 -583 311 -1206 -349 -366 -252 -30 -773 -84 55 311 290 -245 48 562 16 160 -1178 985 -99 1346 336 25 252 953 -471 -269 -692 121 371 -87 -208 -262 44 -161 113 393 -101 421 194 -26 -77 385 609 39 -110 594 216 -404 455 -1649 -571 1088 1029 -531 -397 -503 484 -367 373 192 636 1194 485 112 -31 546 83 -1079 -626 141 -428 -450 -321 -367 341 494 447 1433 -620 625 -257 596 -60 352 590 259 65 -121 -743 -3 -944 -282 -287 123 254 -439 -759 610 1322 -482 1324 120 -52 510 -307 40 -593 -463 -742 -491 -341 206 -936 705 -759 -1966 61 -1042 704 239 409 -83 -136 238 543 259 -127 -913 -165 373 -638 -860 -520 -143 432 -373 172 338 -864 782 519 -304 445 -1598 414 -569 247 -161 892 -165 -866 578 -41 45 -927 94 638 586 1066 -236 1538 37 137 -833 599 1176 63 780 -624 487 -868 -175 -378 154 230 38 56 -440 -529 -456 -552 -642 -621 -155 267 -350 -234 378 37 -1 -399 -657 169 
-353 100 465 267 -41 102 -403 -614 438 -26 -534 -674 -304 -391 266 370 -439 -287 382 -165 1196 -1408 167 -95 260 116 801 -1438 570 171 -1600 -983 505 -115 -264 -880 287 399 36 620 400 -429 163 -684 498 -90 -265 448 16 -323 101 24 855 -1073 108 -510 365 33 -315 -1009 663 -701 254 279 -24 -413 -283 -538 -67 -495 -267 216 239 829 1058 -264 -71 -935 -185 898 481 395 -1182 -80 -48 170 1056 -353 578 736 874 415 447 849 948 1535 818 -770 34 637 -677 -659 -1041 163 -204 907 1191 662 -49 -462 -1357 687 -726 101 -151 -442 586 -821 454 -613 466 -803 -62 -948 308 52 -838 -384 266 -556 860 -1149 320 -145 244 -905 1665 -187 210 -743 -485 47 653 -1608 -235 718 -123 699 706 -1014 40 -344 -63 -1945 -627 -573 33 561 -1564 -749 -127 1426 -753 -294 1544 243 756 180 816 867 -842 126 -1033 -1266 211 386 626 118 103 649 836 717 778 -32 -357 53 -65 -253 153 431 -600 214 -675 1334 585 -471 -1 638 279 -769 399 -126 184 -690 402 -519 -410 699 937 678 -511 1102 70 503 -315 -1092 295 727 -221 -165 646 -948 -98 -689 630 -602 153 274 -702 -204 131 480 -301 -265 -926 -328 398 145 -278 -529 -602 597 175 92 287 103 -409 -549 651 78 95 59 683 481 -906 -519 110 -255 322 438 -126 -26 449 -424 778 -872 223 -839 -436 158 -733 -676 350 1308 -11 1369 938 507 -469 -672 195 -277 -1218 76 -384 32 607 41 -201 -605 1317 394 -75 494 998 115 -610 665 -178 -466 
-801 607 416 833 125 -440 366 1090 697 181 662 1000 -132 -516 727 -1019 103 289 -536 -466 6 -26 -882 8 454 234 451 966 12 -41 970 -349 296 642 -837 573 341 517 538 1064 -431 -291 75 1118 -1376 523 842 -867 76 1453 1030 -469 816 -697 -602 -822 41 328 332 334 276 -2104 -1498 576 551 -382 414 846 -1583 292 -89 412 -562 723 301 -10 -549 1180 198 -37 197 247 -187 360 -277 256 6 -54 1165 139 1007 308 479 544 656 -639 -350 -5 376 -216 430 -424 250 -1590 -1681 246 -674 721 -826 10 -1462 -311 570 969 -272 -54 -246 -850 -64 -336 82 33 661 53 772 691 -895 -1000 647 -56 261 1041 -664 -406 429 185 678 -433 737 734 -91 1391 205 -511 379 -768 911 -419 -116 197 -909 -192 465 -1069 -86 5 -486 -551 -427 385 179 747 812 441 669 410 -652 -988 472 637 -297 -510 436 -912 -1111 -1340 479 -106 1039 291 -378 -1341 -215 -458 -602 -126 -903 -390 444 -1369 -627 66 -932 1467 1431 -162 206 -630 -505 -83 30 -898 -609 -381 -394 900 -498 1212 782 -676 680 571 335 -670 -466 -555 -67 -547 411 -306 521 203 -465 429 -603 224 -25 -895 -435 599 54 -848 423 -729 -11 292 150 -478 -4 -1376 -733 2101 -1820 696 582 465 219 -930 735 -139 570 508 -88 303 377 -1401 586 -388 557 661 -28 -1114 -96 813 -918 909 12 106 843 1150 656 -804 -691 -1261 527 1210 500 -396 -755 -635 527 -297 -252 -240 -401 169 -331 -1706 62 -530 -422 -764 -907 623 -586 585 -242 -678 -769 -1078 
-8 199 -1317 177 -748 672 375 1185 -724 -122 -529 -953 -149 219 10 115 -505 137 30 469 181 -326 667 -686 23 317 -777 -535 392 883 -303 435 38 -502 -1291 -73 -438 -257 848 -15 43 -840 -1442 -1429 174 698 672 -369 -825 -118 -237 123 451 -275 -173 670 -64 57 283 -486 -758 987 36 -463 878 777 40 839 11 179 -1301 1080 859 472 439 669 -332 144 531 539 -665 -140 596 472 -729 492 712 -476 -1148 383 -550 -897 750 -142 1067 468 -93 601 166 -480 139 -815 674 -404 1211 1068 692 -574 46 -467 442 -79 -365 59 167 -105 1229 1061 -573 -243 -865 277 -97 -53 68 -639 -385 133 -250 17 1247 -354 -345 104 -763 -677 401 -133 532 -1132 -260 349 559 -1098 365 -532 423 -746 -96 -175 -99 -181 -342 -190 357 -466 80 -21 -82 277 -719 -506 -546 772 633 54 -1088 180 1359 785 133 131 -609 53 953 -721 419 -1196 625 -850 205 -196 -145 -184 120 805 -143 563 -110 -427 -1215 -674 -1019 386 7 -284 1405 415 -277 -279 -56 960 107 -1602 -348 193 734 -794 328 629 -533 -724 47 -181 605 1155 596 164 1325 611 -106 1184 -1030 479 627 702 -863 142 408 253 96 856 -124 -547 -1069 -530 -648 -1177 929 450 -1159 345 -665 619 -224 311 688 -77 29 -712 23 -1218 -493 -434 -865 -126 -423 -83 1104 772 592 -247 -423 -285 -615 16 -765 -803 -693 -1058 -936 -652 1470 684 179 -663 1003 682 396 162 -380 1059 471 -23 281 -370 529 101 -521 -395 216 -411 -177 584 901 -43 -328 544 79 -429 
-554 -960 140 152 923 -1162 -618 1002 776 191 -266 -467 792 252 471 310 236 461 -1668 753 44 600 486 -294 529 353 -545 38 -1548 249 667 736 -236 -199 38 -356 277 -224 392 52 -678 535 343 -532 -850 383 -455 875 222 234 522 261 609 247 -569 1034 -533 106 -366 -130 256 415 -90 -528 -87 -218 871 834 -1264 -474 -330 -462 -910 -249 10 50 -932 -1543 1096 -238 791 -863 1608 248 -630 -59 -666 460 -554 -1883 402 -630 -198 -672 202 615 585 -1116 -36 -1117 145 434 550 -349 -1000 171 -827 -191 855 24 131 -1566 728 -721 246 1241 -1390 1027 -74 138 394 1108 -1051 682 359 354 466 -1048 -468 -551 505 204 -529 -864 413 823 -313 -941 1531 -271 633 -578 1091 934 -553 -129 -50 -649 359 719 -160 130 106 293 -695 450 -343 -210 343 -606 -918 446 -28 272 367 597 700 -459 -159 -737 -1277 -130 584 1051 -883 17 -402 375 -1294 483 -693 -1038 -427 -63 -68 362 682 -341 396 13 709 -482 -571 -48 409 298 809 -880 370 -840 926 41 348 -190 -431 -388 -438 574 169 169 1052 -342 20 1403 474 -148 330 -658 262 499 -311 1194 -356 -673 375 1720 1129 755 -877 -63 -536 584 1254 469 -311 772 389 -494 -647 -2169 -1348 34 751 -321 936 -538 -64 389 -994 -117 -236 -848 214 511 -913 -501 994 -186 347 -322 1014 -1071 -69 22 671 378 179 2077 -399 -382 -52 519 1077 -504 1397 741 -1413 161 56 -89 -244 82 -23 -81 1206 317 1090 -13 -938 725 -918 -209 -801 -466 -30 191 20 -318 -241 379 
-1159 683 322 -298 818 304 -333 1587 -177 -238 1842 220 -546 -938 -174 -379 639 995 867 727 1137 -955 -390 -267 -500 -227 82 -858 -310 826 -154 751 -66 -773 448 -944 1200 -569 -103 113 -576 -699 736 328 593 -111 -914 -45 -101 440 -193 -129 201 -177 -130 -295 -714 540 8 176 -754 -492 573 -103 -44 160 879 1193 81 363 191 708 -318 -429 -93 288 -124 -679 1569 499 445 -624 -497 97 -199 254 190 -465 756 530 73 -169 178 174 285 335 66 1 1246 -425 -234 113 279 -233 -988 48 578 553 -30 251 -979 702 274 749 -1274 309 -606 -437 943 -456 154 1000 577 86 -1110 523 -804 1041 -1100 -638 -134 -230 -161 -650 492 -361 -393 -231 1030 -669 310 -493 604 -1815 -401 70 776 817 925 1364 -203 1677 -64 92 868 -355 -309 -148 404 -197 -703 478 -81 488 -94 -146 -1332 -427 -110 -353 45 641 -204 716 -594 283 1219 1175 722 -740 -445 -422 437 -877 -801 -366 721 -1011 -40 -148 -1672 -138 -1091 231 582 -190 568 -27 -53 152 15 -564 793 -96 626 57 298 -223 -510 85 811 -9 -5 -229 1071 257 -98 -145 -493 552 -879 916 45 314 -312 -208 -337 20 -142 -166 591 -532 674 1291 -190 89 -421 335 -752 734 30 -1070 -287 716 -552 -691 -594 -425 -1044 -193 1042 -906 1028 678 1123 97 -277 209 203 -576 -387 132 385 -309 -7 -149 335 -407 705 -503 -347 -1006 -619 745 -241 -916 -919 308 -1033 385 -710 -580 582 -382 -429 -714 470 985 337 -274 64 -952 294 -194 633 -662 -489 769 -329 1491 
